step,query,infer_s,eef_x,eef_y,eef_z,eef_qx,eef_qy,eef_qz,eef_qw,gripper_q0,gripper_q1,joint_0,joint_1,joint_2,joint_3,joint_4,joint_5,joint_6,act_raw_0,act_raw_1,act_raw_2,act_raw_3,act_raw_4,act_raw_5,act_raw_6,act_env_0,act_env_1,act_env_2,act_env_3,act_env_4,act_env_5,act_env_6,akita_black_bowl_1_x,akita_black_bowl_1_y,akita_black_bowl_1_z,plate_1_x,plate_1_y,plate_1_z,force_akita_black_bowl_1,force_plate_1,force_other,n_contacts,sim_s
0,1,0.0548,-0.20050134145529477,-0.003268494054250284,1.1872418322491893,0.9996222395588719,-0.00141767725665648,-0.02744178391246544,-0.0005629086975221624,0.03872606780519049,-0.03871957080565241,-0.003234382083715955,-0.1599400766290704,-0.004054164886631906,-2.4036917940013143,0.00017596973581686184,2.188804341282759,0.7813601675326393,-0.08749763667583466,-0.04321952164173126,-0.006475970149040222,0.031718943268060684,0.0018124766647815704,-0.0007638353854417801,1.0025867223739624,-0.08749763667583466,-0.04321952164173126,-0.006475970149040222,0.031718943268060684,0.0018124766647815704,-0.0007638353854417801,-1.0,-0.09867590992312077,0.19747202062262859,0.8990061539017438,0.06941647781643744,0.20846336064982637,0.902499725696811,0.0,0.0,0.0,0,0.0344
1,0,0.0,-0.2007682828953107,-0.003258175059701168,1.1873733769474184,0.9995939464220936,-0.0012478030122808348,-0.028440190943298537,-0.001241290882479082,0.03884663157486137,-0.0388435387901844,-0.0031438936307004108,-0.15997923214631504,-0.0045696547205882395,-2.4029070741663086,0.0018348178173209994,2.1859394615484486,0.7796595995745705,-0.035234078764915466,0.06432771682739258,-0.0048328787088394165,0.0435650497674942,-0.008612795732915401,-0.00513424351811409,0.9608057737350464,-0.035234078764915466,0.06432771682739258,-0.0048328787088394165,0.0435650497674942,-0.008612795732915401,-0.00513424351811409,-1.0,-0.0986720652746349,0.1974721093335987,0.899003287780892,0.06941647662316854,0.20846336080360478,0.9024998049650371,0.0,0.0,0.0,0,0.0335
2,0,0.0,-0.20105107820993817,-0.002794979161471611,1.187618739222928,0.9995752372930418,-0.0013494164053717839,-0.02891755644963787,-0.003361397760629891,0.03893008161876609,-0.03890099650272629,-0.0029221162940263404,-0.16067918013062152,-0.00503619310434949,-2.4027751549731606,0.0070202140961557625,2.1841942384410693,0.7765258669053596,0.1555572748184204,0.3058393597602844,-0.05270981043577194,0.0358586460351944,-0.009828945621848106,-0.0043883975595235825,0.9847090840339661,0.1555572748184204,0.3058393597602844,-0.05270981043577194,0.0358586460351944,-0.009828945621848106,-0.0043883975595235825,-1.0,-0.09866820538692163,0.19747222158960565,0.8990014572539329,0.0694164763018408,0.20846336084527142,0.9024998265709903,0.0,0.0,0.0,0,0.034
3,0,0.0,-0.20028003404953487,-0.000672978717553281,1.1874195875699558,0.999590374535017,-0.0011522326586257403,-0.02791497365408045,-0.006205621865333613,0.039007053464755165,-0.038943640526960935,-0.0019225539776617532,-0.15898276061180897,-0.003042290373248647,-2.4020681588259487,0.014629037432584122,2.187264796697865,0.7744704983655069,0.41017916798591614,0.48666948080062866,-0.01745675504207611,-0.0032515893690288067,0.003117945045232773,-0.016131076961755753,1.00080144405365,0.41017916798591614,0.48666948080062866,-0.01745675504207611,-0.0032515893690288067,0.003117945045232773,-0.016131076961755753,-1.0,-0.09866433543951127,0.19747234161828683,0.8989999057512126,0.0694164762153128,0.20846336085656156,0.9024998324601058,0.0,0.0,0.0,0,0.0334
4,1,0.054,-0.19768912588180132,0.003431132848973859,1.1865144158739216,0.9996458611940313,-0.000932417233607985,-0.025318578544640823,-0.008139556266990804,0.03906287457194691,-0.03898380757639444,5.1356184629614576e-05,-0.15243877522453453,0.002738090586910095,-2.3987524991660227,0.020911858890881596,2.1958476539639027,0.7778419597170511,0.011081933975219727,0.27049532532691956,0.1226845532655716,0.03733048960566521,-0.0068784449249506,-0.008363446220755577,0.9911776185035706,0.011081933975219727,0.27049532532691956,0.1226845532655716,0.03733048960566521,-0.0068784449249506,-0.008363446220755577,-1.0,-0.09866045686554833,0.1974724651976708,0.8989984288617839,0.06941647619201219,0.2084633608596209,0.902499834065305,0.0,0.0,0.0,0,0.0346
5,0,0.0,-0.19586490651542554,0.007996535653724835,1.1864062347850457,0.999655568412189,-0.0012881599568739799,-0.024369711404356745,-0.009654136548454555,0.03910472550935884,-0.039025838750936494,0.0021693428193193813,-0.14810912952832564,0.009227998905430454,-2.39448272297347,0.026452675316554576,2.197697279509364,0.7837392194674265,0.22120463848114014,0.39730358123779297,0.13911543786525726,0.005578191950917244,0.001729111187160015,-0.024694375693798065,0.9791808724403381,0.22120463848114014,0.39730358123779297,0.13911543786525726,0.005578191950917244,0.001729111187160015,-0.024694375693798065,-1.0,-0.09865657005307447,0.1974725912003716,0.8989969713934404,0.06941647618573768,0.20846336086044998,0.9024998345028372,0.0,0.0,0.0,0,0.0336
6,0,0.0,-0.1943442520739532,0.0123561526453465,1.187637291103841,0.9996604451300111,-0.0021002234751756332,-0.023490412793175226,-0.011080794674922234,0.039145830273143355,-0.03906487088975529,0.004192490298997103,-0.146100655070129,0.015504926718294917,-2.3891981813733154,0.031455993078903725,2.196478470110306,0.7906393850247363,0.45218583941459656,0.5436567664146423,0.1454876810312271,0.0005812877789139748,-0.007459813263267279,-0.040530674159526825,0.9951971173286438,0.45218583941459656,0.5436567664146423,0.1454876810312271,0.0005812877789139748,-0.007459813263267279,-0.040530674159526825,-1.0,-0.0986526751097294,0.1974727193284072,0.8989955184464758,0.06941647618404799,0.20846336086067463,0.9024998346220967,0.0,0.0,0.0,0,0.0336
7,0,0.0,-0.19102012743531885,0.017875345308393423,1.1888942910211848,0.9997064731235359,-0.003477390451791351,-0.02074335941798959,-0.012024491282472165,0.039188202529128593,-0.039099189334248545,0.006732263273664808,-0.14038027333307673,0.023938627065585888,-2.380667417055137,0.03566064993689631,2.1996122842774675,0.8017932272927852,0.6264961361885071,0.672325074672699,0.11975951492786407,-0.00355801940895617,-0.011608501896262169,-0.036530524492263794,0.9879958033561707,0.6264961361885071,0.672325074672699,0.11975951492786407,-0.00355801940895617,-0.011608501896262169,-0.036530524492263794,-1.0,-0.09864877206845146,0.19747284950695315,0.8989940659997134,0.06941647618359299,0.20846336086073555,0.9024998346546038,0.0,0.0,0.0,0,0.0336
8,1,0.0532,-0.1857332655082998,0.0251187660283197,1.189638157203722,0.9997664153097272,-0.005155024981487122,-0.01662307991997948,-0.012814591298640297,0.03923070381307348,-0.03913007550487568,0.00997525550721365,-0.1291511103416236,0.03511981616430839,-2.368117504887433,0.03954869846600283,2.2070584918871035,0.8170654144766165,0.4090331792831421,0.6911844611167908,0.08085638284683228,0.062113042920827866,-0.0016353847458958626,-0.017173413187265396,1.0079917907714844,0.4090331792831421,0.6911844611167908,0.08085638284683228,0.062113042920827866,-0.0016353847458958626,-0.017173413187265396,-1.0,-0.09864486094230887,0.197472981721257,0.8989926129690304,0.06941647618347047,0.208463360860752,0.9024998346634644,0.0,0.0,0.0,0,0.0344
9,0,0.0,-0.18056188231118173,0.03411575658188958,1.1898788227706634,0.9997662496916142,-0.006476944636721438,-0.014046582285921509,-0.015105915788901511,0.03927439202279846,-0.039157875530141016,0.013842023841471544,-0.11582703930924466,0.04804345091750965,-2.353781652868598,0.047233714807499244,2.211684921224236,0.8316896005243495,0.4660305082798004,0.684971272945404,0.0752411037683487,0.058694738894701004,0.0007170801982283592,-0.007932288572192192,1.0025180578231812,0.4660305082798004,0.684971272945404,0.0752411037683487,0.058694738894701004,0.0007170801982283592,-0.007932288572192192,-1.0,-0.09864094173908862,0.19747311597273193,0.8989911590632775,0.06941647618343749,0.20846336086075648,0.9024998346658797,0.0,0.0,0.0,0,0.0331
10,0,0.0,-0.17564268886825696,0.04356120185181941,1.1901945397107558,0.9997183896831273,-0.007340007410731764,-0.012475369307470662,-0.018805073284255583,0.039313155708222754,-0.03918628818211357,0.017728416600035334,-0.10194090222911788,0.0606668131995595,-2.3381174123031507,0.05756556648622654,2.214028985017972,0.8436010024090527,0.49898001551628113,0.6297391653060913,0.06089377403259277,0.027729570865631104,-0.029953740537166595,-0.011837461031973362,1.0029518604278564,0.49898001551628113,0.6297391653060913,0.06089377403259277,0.027729570865631104,-0.029953740537166595,-0.011837461031973362,-1.0,-0.09863701446517639,0.19747325226713464,0.8989897042054027,0.06941647618342862,0.20846336086075767,0.9024998346665382,0.0,0.0,0.0,0,0.0328
11,0,0.0,-0.16998340195383224,0.052251235270748236,1.1906401333919479,0.9996782420094934,-0.0080791865693558,-0.010158755988845792,-0.021793092344674178,0.039348086502366535,-0.03921564536424088,0.021200698370464115,-0.08663776736991335,0.07219168561401781,-2.320672337433737,0.06494881983336813,2.217631807612566,0.8556098104211768,0.5325599908828735,0.5453473925590515,0.00828222930431366,-0.005685633514076471,-0.023753512650728226,-0.019389472901821136,1.0112850666046143,0.5325599908828735,0.5453473925590515,0.00828222930431366,-0.005685633514076471,-0.023753512650728226,-0.019389472901821136,-1.0,-0.09863307912658763,0.1974733906113828,0.8989882483761586,0.06941647618342625,0.20846336086075795,0.9024998346667176,0.0,0.0,0.0,0,0.0335
12,1,0.0535,-0.16382377511133295,0.05974744576563787,1.190688448265873,0.9996664465932519,-0.00910022188968368,-0.0074452834712071874,-0.02299454872814918,0.039379852424449746,-0.03924541863098845,0.0241561813060976,-0.06963684452624155,0.08250692349350199,-2.3023690187208645,0.06686132140447915,2.22258505853291,0.8697867366128406,0.46121305227279663,0.7513725757598877,0.03129710257053375,-0.006154147908091545,-0.05734856799244881,-0.029529890045523643,1.0085190534591675,0.46121305227279663,0.7513725757598877,0.03129710257053375,-0.006154147908091545,-0.05734856799244881,-0.029529890045523643,-1.0,-0.09862913572924203,0.197473531012698,0.8989867915719046,0.06941647618342563,0.20846336086075795,0.9024998346667663,0.0,0.0,0.0,0,0.0344
13,0,0.0,-0.15751555660961566,0.06786358030123904,1.1907741549522108,0.9996631132735734,-0.0101504251216602,-0.004324221493105158,-0.023493189194179025,0.03941578847928477,-0.03926838294654871,0.027398016035235694,-0.05227684316122337,0.09406038534235783,-2.2833665319898255,0.06649097510392762,2.228088242632529,0.8868978182457586,0.545111894607544,0.7307688593864441,0.013017699122428894,-0.02614675834774971,-0.05116092041134834,-0.00850223284214735,1.0137624740600586,0.545111894607544,0.7307688593864441,0.013017699122428894,-0.02614675834774971,-0.05116092041134834,-0.00850223284214735,-1.0,-0.0986251842790362,0.19747367347837502,0.8989853337932127,0.06941647618342547,0.20846336086075795,0.9024998346667797,0.0,0.0,0.0,0,0.0331
14,0,0.0,-0.15103705676031873,0.0769262721649317,1.1908857436685332,0.9996685577832172,-0.01088655189072596,-0.0004868695970760145,-0.023324247588019115,0.03944929116261405,-0.03929124795504756,0.031012061579788988,-0.03430693789994728,0.10703531122883565,-2.2637702299279203,0.06330541230444978,2.234935202421082,0.9068111836188052,0.5816314220428467,0.678901731967926,0.009383976459503174,-0.041614457964897156,-0.05298438295722008,-0.0029647983610630035,1.0102651119232178,0.5816314220428467,0.678901731967926,0.009383976459503174,-0.041614457964897156,-0.05298438295722008,-0.0029647983610630035,-1.0,-0.09862122478186319,0.19747381801572028,0.8989838750417917,0.06941647618342547,0.20846336086075795,0.9024998346667835,0.0,0.0,0.0,0,0.0326
15,0,0.0,-0.1441973150714867,0.08580758366578237,1.1906544484823547,0.9996888146811853,-0.011186649743361199,0.0038461298962125454,-0.021962239268029492,0.039479794399529325,-0.03931469855650061,0.03457872569611292,-0.014841262788765668,0.11989860572865826,-2.2432276316500612,0.05576050404057028,2.2428762031983185,0.9283579556740178,0.5989640951156616,0.6170384287834167,-0.005435332655906677,-0.05717267468571663,-0.05647553876042366,-0.014846406877040863,1.0162076950073242,0.5989640951156616,0.6170384287834167,-0.005435332655906677,-0.05717267468571663,-0.05647553876042366,-0.014846406877040863,-1.0,-0.09861725761965287,0.19747396534773423,0.8989824151053638,0.06941647618342547,0.20846336086075795,0.9024998346667837,0.0,0.0,0.0,0,0.0329
16,1,0.0537,-0.1370614576077473,0.09402720932645259,1.1901865991714355,0.9997056526028526,-0.0117085254708158,0.008476081767557436,-0.019485241160216535,0.03950740087995831,-0.03933874114259126,0.03792939229850393,0.005748220008539004,0.13186750419983928,-2.2217382061011,0.044017058600448994,2.250982110694654,0.9518800399881175,0.589971661567688,0.5154704451560974,0.037694305181503296,-0.009169555269181728,-0.06528601795434952,-0.0008041039109230042,0.9889590740203857,0.589971661567688,0.5154704451560974,0.037694305181503296,-0.009169555269181728,-0.06528601795434952,-0.0008041039109230042,-1.0,-0.09861328263082758,0.1974741155883809,0.8989809538853484,0.06941647618342547,0.20846336086075795,0.9024998346667837,0.0,0.0,0.0,0,0.0344
17,0,0.0,-0.12974480199977984,0.10195307237096495,1.189976705305368,0.9996810458021522,-0.012345949995420047,0.013285146460011528,-0.017575240145187052,0.03953436051325163,-0.03936122029739143,0.04108130148392007,0.026413610707142307,0.14282861822733312,-2.1991920246583097,0.032830912320209404,2.2583232143257503,0.9740159424659237,0.6671445369720459,0.45719778537750244,-0.05433684587478638,-0.0117973443120718,-0.0811074748635292,-0.005431771278381348,0.9978367686271667,0.6671445369720459,0.45719778537750244,-0.05433684587478638,-0.0117973443120718,-0.0811074748635292,-0.005431771278381348,-1.0,-0.09860929954257869,0.19747426835763468,0.8989794912004385,0.06941647618342547,0.20846336086075795,0.9024998346667837,0.0,0.0,0.0,0,0.0338
18,0,0.0,-0.12182216977642299,0.10909641844413588,1.1896415317082338,0.9996025644160149,-0.013010074155752505,0.018651984380257138,-0.016659971850697116,0.03955777965389557,-0.03938512317410127,0.043803396729084974,0.048311024894136356,0.1518683552333109,-2.1757118326936973,0.02270178445617155,2.267137197259877,0.9931337648011592,0.7915770411491394,0.39599066972732544,-0.2168394923210144,-0.017074234783649445,-0.07109901309013367,-0.007473970763385296,1.0122236013412476,0.7915770411491394,0.39599066972732544,-0.2168394923210144,-0.017074234783649445,-0.07109901309013367,-0.007473970763385296,-1.0,-0.09860530833090801,0.19747442363822557,0.8989780269203583,0.06941647618342547,0.20846336086075795,0.9024998346667837,0.0,0.0,0.0,0,0.0333
19,0,0.0,-0.11288116692787241,0.11513164986378933,1.1876700383336667,0.9994789324006342,-0.013793378586147376,0.024458953866767524,-0.015917473738313197,0.03957891512129258,-0.03940928860501362,0.04611505967743522,0.07452705602705076,0.15880417994121016,-2.1513763430539994,0.01128184126136264,2.2800019639428024,1.010603535254427,0.8276016712188721,0.2928307056427002,-0.35381245613098145,-0.02486511319875717,-0.04821881651878357,-0.02219271846115589,1.0091572999954224,0.8276016712188721,0.2928307056427002,-0.35381245613098145,-0.02486511319875717,-0.04821881651878357,-0.02219271846115589,-1.0,-0.0986013089889664,0.19747458144004168,0.8989765610034768,0.06941647618342547,0.20846336086075795,0.9024998346667837,0.0,0.0,0.0,0,0.0332
20,1,0.0538,-0.10327261537992116,0.11982970950813876,1.1834158612677292,0.9993365168047283,-0.015046588371785408,0.029635568467910614,-0.014894946812461165,0.039597384163228784,-0.03943418746434453,0.04805170854367466,0.10551180353820222,0.16345830050714827,-2.126304888242996,-0.0020309397214648113,2.295180762520055,1.027481106984122,0.9221435785293579,0.36313578486442566,0.0225985050201416,-0.005444216541945934,-0.0010809116065502167,-0.0009609796106815338,1.0066543817520142,0.9221435785293579,0.36313578486442566,0.0225985050201416,-0.005444216541945934,-0.0010809116065502167,-0.0009609796106815338,-1.0,-0.09859730151113705,0.19747474177507163,0.8989750934371975,0.06941647618342547,0.20846336086075795,0.9024998346667837,0.0,0.0,0.0,0,0.0348
21,0,0.0,-0.09339307564891274,0.12446782609394276,1.1796799691206343,0.9991807472466605,-0.015991153330929486,0.03422883950914838,-0.014508752276021945,0.03961876349461123,-0.03945431929228221,0.050041208714579496,0.13668671173199765,0.16753526033449528,-2.0980310740170873,-0.013817708005951133,2.3063943101184274,1.0420426184638698,0.9228053092956543,0.30981963872909546,-0.020807698369026184,-0.014985493384301662,0.001953226514160633,-0.003387611359357834,1.005502700805664,0.9228053092956543,0.30981963872909546,-0.020807698369026184,-0.014985493384301662,0.001953226514160633,-0.003387611359357834,-1.0,-0.09859328825831175,0.19747490168167334,0.8989736361330555,0.06941647618342547,0.20846336086075795,0.9024998346667837,0.0,0.0,0.0,0,0.0337
22,0,0.0,-0.08328958908227796,0.12889154694581492,1.177308628056914,0.9990372435223038,-0.01655942454096626,0.037971658385230686,-0.0144403834333665,0.039636799154420144,-0.0394760141930904,0.052067370078689,0.16728928441442592,0.17078366567428954,-2.0656975263073565,-0.024477961589794078,2.311302971142218,1.0542347332340727,0.916700005531311,0.2698635458946228,-0.06942229717969894,-0.021105967462062836,-0.003295416943728924,-0.006017105653882027,1.0170412063598633,0.916700005531311,0.2698635458946228,-0.06942229717969894,-0.021105967462062836,-0.003295416943728924,-0.006017105653882027,-1.0,-0.09858928212660817,0.19747507219910457,0.898972202802897,0.06941647618342547,0.20846336086075795,0.9024998346667837,0.0,0.0,0.0,0,0.0337
23,0,0.0,-0.07281527035324696,0.13254516319252238,1.175013007473622,0.9989142446914625,-0.01713113415308065,0.04101890123952366,-0.01393935924696773,0.03965354896015121,-0.03949729585643558,0.05413809416576132,0.19900896475304145,0.17271885956973634,-2.0304195182100306,-0.035887499535933245,2.3127718295985993,1.0653846093018309,0.9297971725463867,0.175541952252388,-0.18140608072280884,-0.0035431866999715567,-0.0068092020228505135,-0.0006115101277828217,1.005690336227417,0.9297971725463867,0.175541952252388,-0.18140608072280884,-0.0035431866999715567,-0.0068092020228505135,-0.0006115101277828217,-1.0,-0.0985852739533117,0.19747524090253818,0.8989707612608314,0.06941647618342547,0.20846336086075795,0.9024998346667837,0.0,0.0,0.0,0,0.0334
24,1,0.0547,-0.06192619212710139,0.13561241370982596,1.1721290308229546,0.9988016472249079,-0.01767889590634414,0.0435904032978623,-0.013513063334084603,0.03966941319593259,-0.039517835771995476,0.056258098416070795,0.23271505908470644,0.17348098804306641,-1.99297888315296,-0.04676431225506117,2.3131324751464755,1.0747102721388737,0.9090231657028198,0.41390669345855713,-0.16014926135540009,-0.01402943767607212,-0.00018935464322566986,-0.000679386779665947,1.005381464958191,0.9090231657028198,0.41390669345855713,-0.16014926135540009,-0.01402943767607212,-0.00018935464322566986,-0.000679386779665947,-1.0,-0.09858126281775663,0.1974754092033111,0.8989693174828643,0.06941647618342547,0.20846336086075795,0.9024998346667837,0.0,0.0,0.0,0,0.0338
25,0,0.0,-0.050908742718243666,0.13931612410312572,1.1687705340381644,0.9986995513389798,-0.01768186926702664,0.04583388668785682,-0.013631305353036033,0.0396883282981785,-0.0395337625558824,0.05895429866248718,0.26800128798727646,0.17470411936849511,-1.9535387569651983,-0.05654377495206391,2.3126534410278015,1.082842312223536,0.9189497232437134,0.265163779258728,-0.2288287878036499,-0.00823303684592247,0.004092046990990639,0.00492866151034832,1.0132898092269897,0.9189497232437134,0.265163779258728,-0.2288287878036499,-0.00823303684592247,0.004092046990990639,0.00492866151034832,-1.0,-0.09857724880161678,0.19747557835085103,0.8989678739283095,0.06941647618342547,0.20846336086075795,0.9024998346667837,0.0,0.0,0.0,0,0.033
26,0,0.0,-0.03990227192810776,0.14323455032471785,1.164991907177693,0.9986157484692424,-0.0175474174845357,0.04767659329199151,-0.013624151383010792,0.03970323174163783,-0.039552204923073764,0.062169442531244,0.3044387151921967,0.17573534015375478,-1.9124132188519756,-0.0666008069614728,2.3107111937219025,1.090892619475607,0.8479511141777039,0.0766211599111557,-0.26150044798851013,-0.005398062523454428,0.005695114843547344,0.0019554588943719864,1.0258762836456299,0.8479511141777039,0.0766211599111557,-0.26150044798851013,-0.005398062523454428,0.005695114843547344,0.0019554588943719864,-1.0,-0.09857323194127034,0.19747574869937803,0.8989664312611494,0.06941647618342547,0.20846336086075795,0.9024998346667837,0.0,0.0,0.0,0,0.0329
27,0,0.0,-0.029117590773627598,0.1457754755818609,1.1607890283304108,0.9985734075092945,-0.017761619150765573,0.04863741306873901,-0.013041347721720796,0.039714842169977824,-0.0395725161836172,0.06521470121698056,0.34076534064167624,0.174944794010042,-1.870812014824394,-0.07633704155859336,2.306217917779234,1.0972505318920784,0.6757895946502686,-0.0019979923963546753,-0.34362348914146423,0.002177320420742035,-0.009007973596453667,0.00017483346164226532,1.0161049365997314,0.6757895946502686,-0.0019979923963546753,-0.34362348914146423,0.002177320420742035,-0.009007973596453667,0.00017483346164226532,-1.0,-0.09856921225162672,0.1974759203464657,0.8989649896640646,0.06941647618342547,0.20846336086075795,0.9024998346667837,0.0,0.0,0.0,0,0.0326
28,1,0.0533,-0.019176398344767816,0.14705929641043206,1.1564377085669724,0.9985871664570966,-0.018140283413286495,0.048445192705040406,-0.01215172451310536,0.03972655453830096,-0.039591363051761835,0.06797149806613073,0.37519305588113183,0.17280020332582297,-1.8306639503902504,-0.08436203562144709,2.299050396974789,1.1011308105924575,0.951604425907135,0.11379484832286835,-0.5497635006904602,0.0046692583709955215,-0.01544418465346098,0.0031139422208070755,1.0515271425247192,0.951604425907135,0.11379484832286835,-0.5497635006904602,0.0046692583709955215,-0.01544418465346098,0.0031139422208070755,-1.0,-0.09856518974119359,0.19747609331975957,0.8989635491877053,0.06941647618342547,0.20846336086075795,0.9024998346667837,0.0,0.0,0.0,0,0.0335
29,0,0.0,-0.008430328982209754,0.1483246570336722,1.1507199672331079,0.9985314276605571,-0.018267436250462565,0.0495180385602485,-0.012216898303162207,0.039740388785314607,-0.039606778431499665,0.07089912277521099,0.4130301208135666,0.17004226003532205,-1.7893636847552272,-0.09097402582722094,2.297448028951312,1.1029259718945434,0.8585437536239624,0.06619451195001602,-0.7197249531745911,0.010884839110076427,-0.022486289963126183,-0.007426843978464603,0.9849152565002441,0.8585437536239624,0.06619451195001602,-0.7197249531745911,0.010884839110076427,-0.022486289963126183,-0.007426843978464603,-1.0,-0.09856116441670237,0.19747626762804144,0.8989621098463241,0.06941647618342547,0.20846336086075795,0.9024998346667837,0.0,0.0,0.0,0,0.0333
30,0,0.0,0.002933409678356289,0.14950722410378592,1.1423672042668054,0.9984394759524229,-0.01849335983522926,0.051121492556132124,-0.01277503427347301,0.03975208451343112,-0.03962307789976821,0.07415509498682903,0.45556201478928504,0.16650369348517985,-1.7471285593795807,-0.09709612424687077,2.300666770798893,1.1040756407857486,0.5710692405700684,-0.05553796887397766,-0.9240766167640686,0.025225896388292313,-0.040491051971912384,-0.02546796388924122,1.0232850313186646,0.5710692405700684,-0.05553796887397766,-0.9240766167640686,0.025225896388292313,-0.040491051971912384,-0.02546796388924122,-1.0,-0.09855713628439297,0.19747644327501362,0.8989606716441297,0.06941647618342547,0.20846336086075795,0.9024998346667837,0.0,0.0,0.0,0,0.0333
31,0,0.0,0.01291883245758721,0.1499365972693739,1.1320880374522049,0.9984179108722363,-0.019552365409013728,0.051087454001403854,-0.013017384533169807,0.03976217101784452,-0.03963978922056192,0.07740994185828758,0.4978292407448897,0.1620631346535656,-1.7081562060208506,-0.10184794772354111,2.3036095533136574,1.105443059336867,0.3085783123970032,-0.0003411620855331421,-0.9463772773742676,0.026733189821243286,-0.10368213057518005,-0.030743349343538284,1.0043784379959106,0.3085783123970032,-0.0003411620855331421,-0.9463772773742676,0.026733189821243286,-0.10368213057518005,-0.030743349343538284,-1.0,-0.09855310535036299,0.19747662026300858,0.8989592345825574,0.06941647618342547,0.20846336086075795,0.9024998346667837,0.0,0.0,0.0,0,0.0327
32,1,0.0545,0.021190070476364856,0.15012931642923122,1.1217263470158476,0.9984009042936919,-0.021103410359421593,0.050767786211841796,-0.01314961063638458,0.039773840548221646,-0.0396537707302474,0.08074780144501206,0.5357081731711273,0.15750646402255733,-1.6749407385174713,-0.10548646836468739,2.307668135703881,1.1074677266829926,-0.0738789439201355,0.14789383113384247,-0.9934430718421936,-0.0041437274776399136,-0.09711942821741104,-0.0037284381687641144,1.0012677907943726,-0.0738789439201355,0.14789383113384247,-0.9934430718421936,-0.0041437274776399136,-0.09711942821741104,-0.0037284381687641144,-1.0,-0.09854907162066207,0.19747679859398656,0.8989577986622741,0.06941647618342547,0.20846336086075795,0.9024998346667837,0.0,0.0,0.0,0,0.0346
33,0,0.0,0.026421079217910724,0.1511042359650489,1.1116640484509943,0.9984734415398667,-0.021583414346474206,0.049306488579333674,-0.012402134842736718,0.039786569428181276,-0.03966559054192064,0.08479423015079587,0.5663903165310202,0.15422942482264304,-1.6511855431993265,-0.11007388781310018,2.3110390121160744,1.1103997234191911,-0.16741296648979187,0.04004728049039841,-0.989101767539978,0.002097730990499258,-0.08725885301828384,-0.008341443724930286,0.9995831847190857,-0.16741296648979187,0.04004728049039841,-0.989101767539978,0.002097730990499258,-0.08725885301828384,-0.008341443724930286,-1.0,-0.09854503510131729,0.19747697826980326,0.8989563638837321,0.06941647618342547,0.20846336086075795,0.9024998346667837,0.0,0.0,0.0,0,0.0334
34,0,0.0,0.02899934491519123,0.15244405743493578,1.1017897573911575,0.9985975854299866,-0.021499755302965107,0.04717261053237538,-0.010740936219550063,0.03979664846459295,-0.0396790066001602,0.08930308829324304,0.5905355638007188,0.15147593862498035,-1.6368416075588934,-0.11586436194169042,2.3156746739661074,1.1149078747867054,-0.3281972408294678,-0.05904027819633484,-0.9824390411376953,0.005120903253555298,-0.0775650218129158,-0.02280687727034092,1.0064594745635986,-0.3281972408294678,-0.05904027819633484,-0.9824390411376953,0.005120903253555298,-0.0775650218129158,-0.02280687727034092,-1.0,-0.0985409957983402,0.19747715929228213,0.8989549302473198,0.06941647618342547,0.20846336086075795,0.9024998346667837,0.0,0.0,0.0,0,0.0332
35,0,0.0,0.029573997840568765,0.15315663741344912,1.091978174797102,0.9987184443049069,-0.022172994853731698,0.04465716603307597,-0.008692803132269836,0.039804819341209975,-0.03969332611461567,0.09355432611630701,0.6090051210375159,0.1481847392209193,-1.6312574820264913,-0.12120968132307791,2.3224866712268746,1.1208772773961455,-0.4656069278717041,-0.09777544438838959,-0.9818894863128662,0.004016153514385223,-0.08172132074832916,-0.028118278831243515,1.039125680923462,-0.4656069278717041,-0.09777544438838959,-0.9818894863128662,0.004016153514385223,-0.08172132074832916,-0.028118278831243515,-1.0,-0.09853695371772864,0.19747734166323394,0.8989534977534059,0.06941647618342547,0.20846336086075795,0.9024998346667837,0.0,0.0,0.0,0,0.0335
36,1,0.0529,0.028311047539516902,0.15321144199732412,1.0823431989471295,0.9988205489055055,-0.023547288487669904,0.041959319469772924,-0.006515504478966332,0.03981282030999428,-0.03970685345743007,0.09738553411923297,0.6219770664358318,0.14442794730893307,-1.6342756548819084,-0.125786148897932,2.3321256592164636,1.1278069343027581,-0.0031383633613586426,0.09073930978775024,-1.0141499042510986,0.019486308097839355,-0.09780707210302353,-0.016095418483018875,1.0018945932388306,-0.0031383633613586426,0.09073930978775024,-1.0141499042510986,0.019486308097839355,-0.09780707210302353,-0.016095418483018875,-1.0,-0.09853290886546723,0.1974775253844619,0.8989520664023494,0.06941647618342547,0.20846336086075795,0.9024998346667837,0.0,0.0,0.0,0,0.034
37,0,0.0,0.02813914735319418,0.15404568589675463,1.0723266590822014,0.9987490956511722,-0.024778841046034172,0.04300446598088528,-0.006071974808827586,0.03982436272581185,-0.03971591305958894,0.1012640566329639,0.6367719495294705,0.14097949950100727,-1.6381175231184704,-0.1298263432453136,2.353021475809765,1.1345839412979664,-0.31850454211235046,0.057810358703136444,-0.9890729188919067,0.03079259768128395,-0.08765105903148651,0.0006249323487281799,1.005464792251587,-0.31850454211235046,0.057810358703136444,-0.9890729188919067,0.03079259768128395,-0.08765105903148651,0.0006249323487281799,-1.0,-0.09852886124752751,0.19747771045776286,0.8989506361945028,0.06941647618342547,0.20846336086075795,0.9024998346667837,0.0,0.0,0.0,0,0.0339
38,0,0.0,0.027546955592103198,0.15561959703619435,1.0611595788016663,0.9986510845967901,-0.025253845348835235,0.04487585820003735,-0.006664223852856501,0.039833075788034744,-0.039726914850629874,0.10516325056231648,0.6520442705644963,0.13823829999056497,-1.6449716247086523,-0.1330450210977833,2.3788212198504315,1.140250939842167,-0.45238548517227173,0.052095361053943634,-0.9928012490272522,0.021974053233861923,-0.08174550533294678,0.005228657275438309,1.0184866189956665,-0.45238548517227173,0.052095361053943634,-0.9928012490272522,0.021974053233861923,-0.08174550533294678,0.005228657275438309,-1.0,-0.09852481086986808,0.19747789688492812,0.898949207130214,0.06941647618342547,0.20846336086075795,0.9024998346667837,0.0,0.0,0.0,0,0.0333
39,0,0.0,0.024880337313370825,0.15705132129940824,1.0500261922216656,0.9986290818584214,-0.025101284337532337,0.04539801390959783,-0.006993048282086193,0.03984040764907125,-0.0397384523851358,0.1088236488107591,0.6632288368168686,0.1358492521466539,-1.658233156195598,-0.1359263746790551,2.404343097379633,1.1451299049821595,-0.6068468689918518,0.005894094705581665,-0.9901598691940308,0.02371370792388916,-0.0701792761683464,0.0016192402690649033,0.9952981472015381,-0.6068468689918518,0.005894094705581665,-0.9901598691940308,0.02371370792388916,-0.0701792761683464,0.0016192402690649033,-1.0,-0.09852075773843462,0.19747808466774303,0.8989477792098252,0.06941647618342547,0.20846336086075795,0.9024998346667837,0.0,0.0,0.0,0,0.0333
40,1,0.0538,0.02039773755852757,0.15810694832575314,1.0390211450421452,0.9986489957663421,-0.024822220790338967,0.04510322523944539,-0.007052636592821487,0.039847095873312165,-0.03974982537522026,0.11219725681569821,0.6704691110489408,0.1335061400973963,-1.677858358239679,-0.1387021046048459,2.430559489231316,1.1500968449741835,0.6653363108634949,-0.04633377492427826,0.3427075147628784,0.0005398313514888287,0.07007807493209839,-0.020509494468569756,-0.011507419869303703,0.6653363108634949,-0.04633377492427826,0.3427075147628784,0.0005398313514888287,0.07007807493209839,-0.020509494468569756,1.0,-0.09851670185915978,0.19747827380798735,0.8989463524336746,0.06941647618342547,0.20846336086075795,0.9024998346667837,0.0,0.0,0.0,0,0.0344
41,0,0.0,0.01938111052028771,0.1582610999082549,1.033378032414412,0.9983955091286594,-0.02588438083094713,0.04968044822818714,-0.008261915308733565,0.03944512750942824,-0.039379193084036035,0.114574598291728,0.674245360862883,0.1299851354157968,-1.690021403414758,-0.13998516385003135,2.4567303755667473,1.1543326252736108,0.6541153192520142,-0.09534935653209686,0.28165102005004883,0.009553849697113037,0.044876426458358765,-0.016771672293543816,0.016149548813700676,0.6541153192520142,-0.09534935653209686,0.28165102005004883,0.009553849697113037,0.044876426458358765,-0.016771672293543816,1.0,-0.09851264323796338,0.1974784643074355,0.8989449268020948,0.06941647618342547,0.20846336086075795,0.9024998346667837,0.0,0.0,0.0,0,0.0332
42,0,0.0,0.022111800390075997,0.15749622546324316,1.032208671926415,0.9979945740779774,-0.027753370130660093,0.055968807490268634,-0.010201624646255989,0.03732740230394777,-0.03729456462836507,0.1158100504007942,0.6785812666409966,0.12587634235245884,-1.6895390918638638,-0.13809325590941138,2.4740912638498975,1.1549621205902711,0.46287092566490173,-0.18938620388507843,0.06675127148628235,0.025008883327245712,0.06672315299510956,-0.01190132088959217,0.0058846380561590195,0.46287092566490173,-0.18938620388507843,0.06675127148628235,0.025008883327245712,0.06672315299510956,-0.01190132088959217,1.0,-0.09850858188075222,0.1974786561678559,0.8989435023154142,0.06941647618342547,0.20846336086075795,0.9024998346667837,0.0,0.0,0.0,0,0.0332
43,0,0.0,0.024985840171451806,0.15615111743298637,1.0308576887425582,0.997748636579548,-0.029512834918910713,0.05900222528563487,-0.012057702519293428,0.03395014525820224,-0.03394123950319567,0.11610717426295025,0.6854462989650538,0.12214685524168091,-1.6833167125412751,-0.1327186511288607,2.4817821931660453,1.1515270201819583,0.17959710955619812,-0.2879446744918823,-0.28565824031829834,0.08149765431880951,-0.018792210146784782,-0.007851247675716877,-0.005642190109938383,0.17959710955619812,-0.2879446744918823,-0.28565824031829834,0.08149765431880951,-0.018792210146784782,-0.007851247675716877,1.0,-0.09850451779342044,0.19747884939101168,0.8989420789739557,0.06941647618342547,0.20846336086075795,0.9024998346667837,0.0,0.0,0.0,0,0.0336
44,1,0.0547,0.027473110774891528,0.15459193044729855,1.028324677005236,0.9976139231297623,-0.031120624033130095,0.05981799735833116,-0.014824787670346267,0.029869066823389117,-0.02985896517997376,0.11528484734694878,0.6945938701171431,0.11918459084240839,-1.675553083067454,-0.12296983974822007,2.486772155403304,1.1437867981333385,0.8417108654975891,-0.04122340679168701,0.6783190965652466,-0.008880979381501675,0.042111556977033615,-0.04273401200771332,-0.02469688281416893,0.8417108654975891,-0.04122340679168701,0.6783190965652466,-0.008880979381501675,0.042111556977033615,-0.04273401200771332,1.0,-0.09850045098184913,0.19747904397866006,0.898940656778038,0.06941647618342547,0.20846336086075795,0.9024998346667837,0.0,0.0,0.0,0,0.0334
45,0,0.0,0.032470649696616595,0.15223776699363284,1.0292760453321812,0.9972671459521268,-0.033253639214477604,0.0635523917339518,-0.01770673850221013,0.025381904070030967,-0.025379922729702246,0.11394633612744981,0.7016354365682989,0.11525159895091742,-1.6618621272244996,-0.11357469898774578,2.489788475591327,1.13581670411411,0.9328382611274719,-0.05974377691745758,0.6019144058227539,0.004003066569566727,0.04103381931781769,-0.051657214760780334,-0.004500903654843569,0.9328382611274719,-0.05974377691745758,0.6019144058227539,0.004003066569566727,0.04103381931781769,-0.051657214760780334,1.0,-0.09849639166384418,0.1974792409657833,0.8989392635664192,0.06941647618342547,0.20846336086075795,0.9024998346667837,0.0,0.0,0.0,0,0.033
46,0,0.0,0.039955443935304424,0.14997544923060194,1.033525759878056,0.9967805828128835,-0.03610016223611756,0.06872717800325438,-0.020045523626046953,0.020690754449083124,-0.020651259640876014,0.11302119856111012,0.7093039949972264,0.11115950847722225,-1.6385853649503506,-0.10566873620763981,2.4859395577434262,1.13009266840493,0.8132519721984863,-0.2200707644224167,0.3331812024116516,0.025975633412599564,0.056822989135980606,-0.03915359452366829,0.0020115459337830544,0.8132519721984863,-0.2200707644224167,0.3331812024116516,0.025975633412599564,0.056822989135980606,-0.03915359452366829,1.0,-0.09849233343140726,0.19747943705902435,0.8989378649307472,0.06941647618342547,0.20846336086075795,0.9024998346667837,0.0,0.0,0.0,0,0.0334
47,0,0.0,0.04767241788012002,0.1477068566131688,1.0366407612976332,0.996405781997304,-0.0392360949591824,0.07171511179626189,-0.022203359987700504,0.01584969998703405,-0.015817620303457708,0.1119774903498619,0.7215906318831621,0.10731631207129097,-1.6093176195851353,-0.09678225090669854,2.4761273970739324,1.1239252958150772,0.496871680021286,-0.3419078588485718,-0.027271419763565063,0.06048174574971199,-0.013715476728975773,-0.050452228635549545,-0.034384578466415405,0.496871680021286,-0.3419078588485718,-0.027271419763565063,0.06048174574971199,-0.013715476728975773,-0.050452228635549545,1.0,-0.09848827554497289,0.19747962988621987,0.8989364654063275,0.06941647618342547,0.20846336086075795,0.9024998346667837,0.0,0.0,0.0,0,0.0332
48,1,0.0559,0.05475474639760257,0.14482090864640373,1.0377801476494044,0.9961553908643115,-0.04267984845217909,0.07246571189899177,-0.024527298812578882,0.010930179126760338,-0.010922944477093044,0.11017751419362123,0.7370269216971684,0.10339227327472195,-1.5788648888247416,-0.08575718668643109,2.464139202451479,1.1161415171927216,0.9547345042228699,0.12286891788244247,0.36205118894577026,-0.016346991062164307,0.005401954986155033,-0.04899729788303375,-0.03252597525715828,0.9547345042228699,0.12286891788244247,0.36205118894577026,-0.016346991062164307,0.005401954986155033,-0.04899729788303375,1.0,-0.09848421876183432,0.1974798213827504,0.8989350669290983,0.06941647618342547,0.20846336086075795,0.9024998346667837,0.0,0.0,0.0,0,0.0348
49,0,0.0,0.06340639057841413,0.14249133310425668,1.039320724478507,0.9957056427163518,-0.0456420241718537,0.07583794541361372,-0.027123508765519045,0.006756831576137004,-0.006661748474022679,0.10895197090595472,0.7555074596684418,0.09964941248488411,-1.5432915594307433,-0.0769661550416108,2.455616512472171,1.1094840911371608,0.9622320532798767,0.011401772499084473,0.271900475025177,0.002534058876335621,0.020555302500724792,-0.0476590059697628,-0.013268749229609966,0.9622320532798767,0.011401772499084473,0.271900475025177,0.002534058876335621,0.020555302500724792,-0.0476590059697628,1.0,-0.09848016320593495,0.19748001193263143,0.8989336702265639,0.06941647618342547,0.20846336086075795,0.9024998346667837,0.0,0.0,0.0,0,0.0336
50,0,0.0,0.07323101651226482,0.14122282044664206,1.0409160006856275,0.9951740600391674,-0.04827979393523224,0.08031174445344334,-0.029114866057993745,0.0042676306226202545,-0.004134577441373818,0.10895824988513451,0.778135370698036,0.0963394879861237,-1.5008984222519883,-0.07162701041488444,2.4457192279057276,1.106072162403092,0.7600826621055603,-0.18431590497493744,0.04563029110431671,0.012954759411513805,0.030806679278612137,-0.04693503677845001,-0.017277836799621582,0.7600826621055603,-0.18431590497493744,0.04563029110431671,0.012954759411513805,0.030806679278612137,-0.04693503677845001,1.0,-0.09847610891608073,0.19748020161768592,0.8989322755256276,0.06941647618342547,0.20846336086075795,0.9024998346667837,0.0,0.0,0.0,0,0.0346
51,0,0.0,0.08223326989061819,0.13950926524315446,1.0409917107355455,0.9948249208440144,-0.051358480693517894,0.08229613876897442,-0.030216367622049736,0.002839414762622666,-0.0027434734605143838,0.10894749064446098,0.8033798036571007,0.09271941820630299,-1.4562643207945336,-0.06676772552262844,2.430745256877169,1.1037178099178857,0.293462336063385,-0.39801162481307983,-0.13361838459968567,0.08005206286907196,-0.03958532586693764,-0.04139150679111481,-0.03228696435689926,0.293462336063385,-0.39801162481307983,-0.13361838459968567,0.08005206286907196,-0.03958532586693764,-0.04139150679111481,1.0,-0.09847205591870387,0.19748039045380258,0.898930882895031,0.06941647618342547,0.20846336086075795,0.9024998346667837,0.0,0.0,0.0,0,0.0351
52,1,0.053,0.0892445317762803,0.13717882022054223,1.040640753137188,0.9947041846181405,-0.054733648605603036,0.08107305345293545,-0.03154318971340213,0.0020465578611161537,-0.001959372051248496,0.10783285087867928,0.8257174395920753,0.0895625594524741,-1.4157146726543135,-0.05873028934627351,2.4108583631919953,1.0994410398669365,0.27818459272384644,-0.07375337183475494,-0.38331303000450134,0.05091821402311325,-0.1120588630437851,-0.0021525155752897263,0.00013537898485083133,0.27818459272384644,-0.07375337183475494,-0.38331303000450134,0.05091821402311325,-0.1120588630437851,-0.0021525155752897263,1.0,-0.09846800423813108,0.19748057844107564,0.8989294923576964,0.06941647618342547,0.20846336086075795,0.9024998346667837,0.0,0.0,0.0,0,0.0339
53,0,0.0,0.09564626048703849,0.13548102975949972,1.0399003186477576,0.9945208186587848,-0.05651329980468661,0.08103069231337698,-0.034185012836907405,0.0016405340731708677,-0.001482388401453444,0.10629372717666617,0.8470785840339746,0.08767459544435709,-1.3795352103295029,-0.04940667690554993,2.397646532431172,1.091641533378037,-0.3157086968421936,-0.17867021262645721,-0.6683944463729858,0.08433106541633606,-0.15332473814487457,0.001222897320985794,-0.01348795834928751,-0.3157086968421936,-0.17867021262645721,-0.6683944463729858,0.08433106541633606,-0.15332473814487457,0.001222897320985794,1.0,-0.09846395385139195,0.19748076549942545,0.898928103945182,0.06941647618342547,0.20846336086075795,0.9024998346667837,0.0,0.0,0.0,0,0.0336
54,0,0.0,0.09953112916535964,0.134489050373379,1.0371884690794273,0.9945394667229642,-0.056689420329045115,0.07951804043532243,-0.036802717270382354,0.0013906452267625018,-0.0012374670540089,0.10479434869150347,0.8649981457985514,0.08693217849101265,-1.3539586839833664,-0.040362481421878045,2.387953677955421,1.082423589288432,-0.6103470921516418,-0.32321327924728394,-0.8188778162002563,0.11718674004077911,-0.15647199749946594,0.0012752879410982132,-0.029702797532081604,-0.6103470921516418,-0.32321327924728394,-0.8188778162002563,0.11718674004077911,-0.15647199749946594,0.0012752879410982132,1.0,-0.09845990374677546,0.19748094935492463,0.8989267177451491,0.06941647618342547,0.20846336086075795,0.9024998346667837,0.0,0.0,0.0,0,0.0331
55,0,0.0,0.09993684094142422,0.13314525654967763,1.0334571631750675,0.9947503548708428,-0.056817622268101386,0.07525732905939592,-0.039746996200675885,0.0012384329010952618,-0.0011131473978879063,0.10222119238257779,0.8748726714786216,0.08678802664737251,-1.3441573846731516,-0.028923505967820107,2.3808613229830833,1.071810957547832,-0.789257824420929,-0.3341343402862549,-0.8755965828895569,0.11224069446325302,-0.12901780009269714,-0.0018607396632432938,-0.04391005262732506,-0.789257824420929,-0.3341343402862549,-0.8755965828895569,0.11224069446325302,-0.12901780009269714,-0.0018607396632432938,1.0,-0.09845585471376657,0.1974811303682127,0.8989253328007651,0.06941647618342547,0.20846336086075795,0.9024998346667837,0.0,0.0,0.0,0,0.0334
56,1,0.0536,0.09761209654063206,0.13100941418216816,1.028834661325479,0.9949951660043651,-0.057130356649404135,0.0696537772184204,-0.043233011649236354,0.0011503227530060935,-0.0010467452771107146,0.09831994860987306,0.8774371594240468,0.08673308659172271,-1.3495056460038648,-0.014941510893506866,2.3791155057604567,1.0593224526141416,0.44547128677368164,0.12117381393909454,0.06261298060417175,-0.01757332682609558,-0.06407894194126129,-0.0729999840259552,-0.020035551860928535,0.44547128677368164,0.12117381393909454,0.06261298060417175,-0.01757332682609558,-0.06407894194126129,-0.0729999840259552,1.0,-0.09845180859681842,0.19748131226765164,0.8989239706783863,0.06941647618342547,0.20846336086075795,0.9024998346667837,0.0,0.0,0.0,0,0.0351
57,0,0.0,0.09851222575387311,0.12824297421740832,1.0268849488030967,0.9946622476448096,-0.05893698810763354,0.07093184310830934,-0.04628302254858349,0.001104501362106156,-0.0009703401280847799,0.09512995693905603,0.8807885298987075,0.08491045706847865,-1.3498251221644317,-0.005168709239615962,2.3874343394358992,1.0520259912138519,0.09764562547206879,0.04260127991437912,-0.12447139620780945,0.029233098030090332,-0.0718279480934143,-0.06959983706474304,0.007244449574500322,0.09764562547206879,0.04260127991437912,-0.12447139620780945,0.029233098030090332,-0.0718279480934143,-0.06959983706474304,1.0,-0.09844776421333544,0.19748148916307773,0.8989226354152878,0.06941647618342572,0.20846336086075706,0.9024998346667996,0.0,0.0,0.0,0,0.0337
58,0,0.0,0.10133143966345648,0.12682330190743007,1.0258662015659379,0.9939952172082274,-0.06214292370090174,0.07569017876763887,-0.04881354360415021,0.0010644323109868182,-0.0009070810537452658,0.0938196294111425,0.8867316792081346,0.08340252326575516,-1.3452682779908864,0.0004289080162910499,2.3990628162011087,1.0518793739900991,-0.18355333805084229,-0.3389374613761902,-0.48937368392944336,0.1178869903087616,-0.10361932963132858,-0.01759910210967064,-0.005020359065383673,-0.18355333805084229,-0.3389374613761902,-0.48937368392944336,0.1178869903087616,-0.10361932963132858,-0.01759910210967064,1.0,-0.09844372022847561,0.1974816671076801,0.8989212946002577,0.06941647618342572,0.20846336086075706,0.9024998346667888,0.0,0.0,0.0,0,0.0343
59,0,0.0,0.10218087099533768,0.1260219532840852,1.0233201290864955,0.9934996438222443,-0.06507053211490887,0.0774939423470702,-0.0521437673635511,0.0010227681710532753,-0.0008639559736186943,0.09193491315683121,0.8913838139381667,0.08330736102577728,-1.3458934725927925,0.008914566812710157,2.4091295899099783,1.0494978847795653,-0.41182518005371094,-0.3518829345703125,-0.7917748689651489,0.1081429272890091,-0.1005781814455986,0.019221343100070953,-0.027459025382995605,-0.41182518005371094,-0.3518829345703125,-0.7917748689651489,0.1081429272890091,-0.1005781814455986,0.019221343100070953,1.0,-0.09843967725141264,0.19748184541297914,0.8989199540604293,0.06941647618342572,0.20846336086075706,0.9024998346667857,0.0,0.0,0.0,0,0.0337
60,1,0.055,0.10104208970885448,0.12436156232625341,1.0181844754774287,0.9932299252600438,-0.06628193531385984,0.07703208518631474,-0.056276802244120766,0.0009811989629884216,-0.0008246227565748757,0.08828986453520038,0.895228126695141,0.0837263417451039,-1.3541125493226311,0.02149275604666509,2.4215515053053105,1.0392762356815286,-0.1879991590976715,-0.098215252161026,-0.13659852743148804,0.0898078978061676,-0.06284324079751968,0.027674585580825806,0.030895868316292763,-0.1879991590976715,-0.098215252161026,-0.13659852743148804,0.0898078978061676,-0.06284324079751968,0.027674585580825806,1.0,-0.09843563543540401,0.19748202374929547,0.8989186155624164,0.06941647618342572,0.20846336086075706,0.9024998346667857,0.0,0.0,0.0,0,0.0347
61,0,0.0,0.09949675885491856,0.12293599017691885,1.0144880789686148,0.992953666482843,-0.06561474760949199,0.0773323238453271,-0.06129790211012105,0.0009471216031037643,-0.0007799453756243447,0.08386683157541845,0.8945804791594043,0.08539395961997556,-1.3665814901972977,0.0360452583479919,2.4355684264100557,1.0238928908446192,-0.4137067198753357,-0.009936138987541199,-0.47712069749832153,0.08100824803113937,-0.12575705349445343,0.04627019912004471,0.07063401490449905,-0.4137067198753357,-0.009936138987541199,-0.47712069749832153,0.08100824803113937,-0.12575705349445343,0.04627019912004471,1.0,-0.09843159483839219,0.19748220200687877,0.8989172796192385,0.06941647618342572,0.20846336086075706,0.9024998346667857,0.0,0.0,0.0,0,0.0334
62,0,0.0,0.09762761940196095,0.12234653949370311,1.0120374686298104,0.9926628726606516,-0.06337970410875171,0.07857582812087247,-0.06655278794541716,0.0009136598426531483,-0.0007393288720641951,0.07962657203506726,0.8908595106747955,0.0882350750787563,-1.3826296291933313,0.05025512852400102,2.451628997005946,1.0062856986864883,-0.5336961150169373,-0.08979563415050507,-0.6927240490913391,0.1055910661816597,-0.09855712950229645,0.07354602962732315,0.03380370885133743,-0.5336961150169373,-0.08979563415050507,-0.6927240490913391,0.1055910661816597,-0.09855712950229645,0.07354602962732315,1.0,-0.09842755550219243,0.19748238014790664,0.8989159463796261,0.06941647618342572,0.20846336086075706,0.9024998346667857,0.0,0.0,0.0,0,0.033
63,0,0.0,0.09415562753980278,0.1223393871451078,1.0073152489780335,0.9924741978855305,-0.05978443481928836,0.0790862399033086,-0.07187596637796603,0.0008808593485125184,-0.000701241421906921,0.07533827478687137,0.8873195388195422,0.09220161909665267,-1.4046934365840766,0.06509177197489978,2.472008624330783,0.9856456761275761,-0.5537509322166443,-0.07410426437854767,-0.9650909304618835,0.10184800624847412,-0.13047441840171814,0.08076707273721695,0.05488269031047821,-0.5537509322166443,-0.07410426437854767,-0.9650909304618835,0.10184800624847412,-0.13047441840171814,0.08076707273721695,1.0,-0.09842351746576951,0.19748255815605936,0.8989146158896586,0.06941647618342572,0.20846336086075706,0.9024998346667857,0.0,0.0,0.0,0,0.0332
64,1,0.0532,0.08981795125894154,0.12234456514124975,0.9997702087159548,0.9921984624655062,-0.05536728946052094,0.08039397492409989,-0.07754665134474166,0.0008490127360846163,-0.000665244515393015,0.07063314051808851,0.8865252461864919,0.09686282137799057,-1.4308752956499688,0.08142983199532725,2.5008033604094924,0.9611826458853123,0.20566222071647644,0.030415073037147522,0.7686558365821838,0.0019629732705652714,0.14287522435188293,-0.04475436359643936,0.00963632669299841,0.20566222071647644,0.030415073037147522,0.7686558365821838,0.0019629732705652714,0.14287522435188293,-0.04475436359643936,1.0,-0.09841948076744354,0.19748273602117922,0.8989132881669762,0.06941647618342572,0.20846336086075706,0.9024998346667857,0.0,0.0,0.0,0,0.0353
65,0,0.0,0.08642311779561823,0.1204804750299179,0.9956722301553762,0.9918052065183794,-0.05422097439362783,0.08193491044014614,-0.0816651009305936,0.0008180443170065286,-0.0006312883685468513,0.06572265265729384,0.8811697189488586,0.09893798047288624,-1.4536539782906863,0.09563494232057645,2.5214393910304294,0.9441303850356629,0.11715587973594666,0.0014602243900299072,0.6189296245574951,-0.002181840827688575,0.07960058003664017,-0.03976978361606598,0.002564387395977974,0.11715587973594666,0.0014602243900299072,0.6189296245574951,-0.002181840827688575,0.07960058003664017,-0.03976978361606598,1.0,-0.09841544537705954,0.1974829138671419,0.898911963180183,0.06941647618342572,0.20846336086075706,0.9024998346667857,0.0,0.0,0.0,0,0.0343
66,0,0.0,0.0845855522067317,0.11796244150129404,0.9987427549999728,0.9914399053069082,-0.05620084427371519,0.082627792169298,-0.08402991865506174,0.0007926879577517276,-0.0005945012072749421,0.06179485126325447,0.8677332599324334,0.09901703643146466,-1.4700932003628235,0.10539567244617024,2.526097151581312,0.9376700367207605,-0.2454565465450287,-0.11028623580932617,0.08953414857387543,0.019229833036661148,0.0011089732870459557,-0.0355202741920948,0.012681369669735432,-0.2454565465450287,-0.11028623580932617,0.08953414857387543,0.019229833036661148,0.0011089732870459557,-0.0355202741920948,1.0,-0.09841141528864827,0.1974830932128912,0.8989106848310218,0.06941647618342572,0.20846336086075706,0.9024998346667857,0.0,0.0,0.0,0,0.0337
67,0,0.0,0.08247656787671762,0.1159086704449112,1.0018679956630787,0.9912331072310849,-0.05845871476872794,0.08203149302329368,-0.08550052601571988,0.0007666320144085822,-0.0005610730634712794,0.058815130148137974,0.8547677014025438,0.09884707326055321,-1.4849948103472763,0.11246928790445843,2.5269461197402694,0.9347415474555842,-0.5083873867988586,-0.23390473425388336,-0.3903338313102722,0.07161176949739456,-0.01765715889632702,-0.024279214441776276,0.018957771360874176,-0.5083873867988586,-0.23390473425388336,-0.3903338313102722,0.07161176949739456,-0.01765715889632702,-0.024279214441776276,1.0,-0.09840738680174126,0.1974832717584393,0.8989094052945124,0.06941647618342572,0.20846336086075706,0.9024998346667857,0.0,0.0,0.0,0,0.0348
68,1,0.0534,0.07874102881842492,0.11438908956365922,1.0016189797751969,0.9911378734720756,-0.06067612791932303,0.07949826298512051,-0.08743082667067274,0.0007412068385638778,-0.0005295663155042506,0.05572414042109787,0.8449870009175137,0.09967102106606152,-1.503012149423687,0.12132023780346375,2.530319548128561,0.9303702240969605,0.6077672839164734,0.054016418755054474,0.7502053380012512,-0.03989965841174126,0.07006631791591644,-0.05601608008146286,-0.0011489803437143564,0.6077672839164734,0.054016418755054474,0.7502053380012512,-0.03989965841174126,0.07006631791591644,-0.05601608008146286,1.0,-0.09840336033538134,0.1974834521786064,0.8989081261398413,0.06941647618342572,0.20846336086075706,0.9024998346667857,0.0,0.0,0.0,0,0.0344
69,0,0.0,0.07842460700505881,0.11220873239140249,1.0033348664210096,0.9906008489752685,-0.06353374181651184,0.08214438590321194,-0.08902652146890029,0.0007189551230981962,-0.0004973280731203939,0.05313606817086564,0.8381213785485727,0.09904129641017079,-1.512234362828272,0.12775173282555935,2.5388823906336784,0.9281885789414128,0.7003416419029236,0.03829924017190933,0.7020331025123596,-0.02089753746986389,0.08738256245851517,-0.043527282774448395,-0.0006115355645306408,0.7003416419029236,0.03829924017190933,0.7020331025123596,-0.02089753746986389,0.08738256245851517,-0.043527282774448395,1.0,-0.09839933687468493,0.19748363552722747,0.8989068497036993,0.06941647618342572,0.20846336086075706,0.9024998346667857,0.0,0.0,0.0,0,0.034
70,0,0.0,0.08161144349347481,0.11064337635720102,1.0075841051467833,0.9898886332696221,-0.06661089297731232,0.08743165724948726,-0.08966151889730264,0.0006995906881371593,-0.0004645302424414752,0.05228889752954375,0.8356225863081946,0.09760516475678714,-1.507919880748172,0.1290297851034519,2.542888559901472,0.931629739221657,0.7354593276977539,0.053701967000961304,0.5799445509910583,-0.006582874339073896,0.0689418762922287,-0.029211144894361496,-0.0014077021041885018,0.7354593276977539,0.053701967000961304,0.5799445509910583,-0.006582874339073896,0.0689418762922287,-0.029211144894361496,1.0,-0.0983953173876861,0.19748382472959455,0.8989055767246444,0.06941647618342572,0.20846336086075706,0.9024998346667857,0.0,0.0,0.0,0,0.0333
71,0,0.0,0.08620934485147061,0.11031821315217216,1.0116513978847281,0.9892320297865576,-0.06934914372310225,0.09189971065051518,-0.09036111271774966,0.0006806709616308379,-0.0004335255911793522,0.05253783295480653,0.8389286687216135,0.09669414988955173,-1.4930990069123877,0.12830321655170118,2.5408231748527634,0.9373678402508798,0.6524137258529663,0.07338844984769821,0.3843348026275635,-0.009535493329167366,0.0681144967675209,0.00011113099753856659,-0.005361172370612621,0.6524137258529663,0.07338844984769821,0.3843348026275635,-0.009535493329167366,0.0681144967675209,0.00011113099753856659,1.0,-0.09839131666467403,0.19748401386990344,0.8989043801192749,0.06941647618342572,0.20846336086075706,0.9024998346667857,0.0,0.0,0.0,0,0.0334
72,1,0.0535,0.09135104327976737,0.11079992878985476,1.014545672253746,0.988795424156883,-0.07097191288076327,0.09480531535702115,-0.09087655874046516,0.0006612738086341865,-0.0004051443641949772,0.05346961595225403,0.847698567818632,0.09616116146281682,-1.4706593184672223,0.12597288697336625,2.5332911386756565,0.9429079877070405,0.6376520991325378,0.20449182391166687,0.8884651064872742,-0.028725847601890564,0.06193463131785393,-0.055371951311826706,-0.03613346070051193,0.6376520991325378,0.20449182391166687,0.8884651064872742,-0.028725847601890564,0.06193463131785393,-0.055371951311826706,1.0,-0.09838733369660425,0.1974842053507798,0.8989031869586788,0.06941647618342572,0.20846336086075706,0.9024998346667857,0.0,0.0,0.0,0,0.0345
73,0,0.0,0.09690983123308572,0.11146052234469116,1.0197440713435864,0.9884880047904773,-0.07284795688467466,0.09659120835365984,-0.09085580901543083,0.0006440232652595602,-0.00037666887622641356,0.054941253516691164,0.8542842815239089,0.09513680842768299,-1.443972771643991,0.12161151647607994,2.517249811385544,0.9518422007238514,0.689253568649292,0.2096872329711914,0.683590292930603,-0.0013206766452640295,0.03389296308159828,-0.0747678279876709,-0.0075735109858214855,0.689253568649292,0.2096872329711914,0.683590292930603,-0.0013206766452640295,0.03389296308159828,-0.0747678279876709,1.0,-0.09838336580724835,0.1974843965494584,0.8989019963848942,0.06941647618342572,0.20846336086075706,0.9024998346667857,0.0,0.0,0.0,0,0.0355
74,0,0.0,0.1033730174397763,0.11281635230850798,1.0272688630236109,0.9879770448817653,-0.07647713012111151,0.09882972920674962,-0.09102357925313506,0.0006394728044200749,-0.000359730083271341,0.057261448413640205,0.8606195780451913,0.0942458824918948,-1.4124598501050023,0.11620645141824143,2.497664366963355,0.9662650826287966,0.6069953441619873,0.01867535710334778,0.6047419905662537,-0.010487936437129974,0.040271028876304626,-0.056679900735616684,-0.07687946408987045,0.6069953441619873,0.01867535710334778,0.6047419905662537,-0.010487936437129974,0.040271028876304626,-0.056679900735616684,1.0,-0.09837942708529958,0.197484590925485,0.8989009074043635,0.06941647618342572,0.20846336086075706,0.9024998346667857,0.0,0.0,0.0,0,0.0347
75,0,0.0,0.10988770065448805,0.1138426210148048,1.034061456826504,0.9875138911945922,-0.08073716729774588,0.10040407064507126,-0.0906468262673828,0.0006412829935771497,-0.0003582899691156241,0.059802360237379844,0.8696398213104138,0.09260497976317462,-1.377716611372621,0.10984195463792988,2.4758637807653536,0.9821422143928208,0.6086692810058594,-0.16652150452136993,0.23150445520877838,0.016560081392526627,0.07919226586818695,0.012640558183193207,-0.0073936861008405685,0.6086692810058594,-0.16652150452136993,0.23150445520877838,0.016560081392526627,0.07919226586818695,0.012640558183193207,1.0,-0.09837553953793249,0.19748478340695574,0.8988999455392532,0.06941647618342572,0.20846336086075706,0.9024998346667857,0.0,0.0,0.0,0,0.0351
76,1,0.0532,0.11580598761551876,0.11432527984376979,1.0382488450610716,0.9873719820642255,-0.08343096593594906,0.10021780442235989,-0.08995684873491995,0.0006425534419143955,-0.0003570990757236449,0.061745706935808005,0.8836706377465773,0.09095163438159803,-1.3403309852180239,0.10452672950384764,2.4523954988949677,0.9928965727881954,0.3795040249824524,0.06363934278488159,-0.10533379018306732,0.019603408873081207,0.0044546304270625114,-0.02635393850505352,-0.025928104296326637,0.3795040249824524,0.06363934278488159,-0.10533379018306732,0.019603408873081207,0.0044546304270625114,-0.02635393850505352,1.0,-0.09837168903610374,0.19748497584778765,0.8988989713637162,0.06941647618342572,0.20846336086075706,0.9024998346667857,0.0,0.0,0.0,0,0.036
77,0,0.0,0.12132472637727695,0.11505338543206428,1.0391772840184788,0.9873152786144326,-0.08507165401147687,0.09921605057896199,-0.0901528125227861,0.0006456053184231978,-0.0003540275941591794,0.06321089220832787,0.9034719022892349,0.0903140247810488,-1.3011521180411718,0.10184858647424865,2.431480221181254,0.9992561647772802,-0.10429707169532776,-0.01720668375492096,-0.533272922039032,0.0792689174413681,-0.01587618887424469,-0.008615882135927677,-0.00560177443549037,-0.10429707169532776,-0.01720668375492096,-0.533272922039032,0.0792689174413681,-0.01587618887424469,-0.008615882135927677,1.0,-0.0983678751305199,0.197485167488643,0.8988980031282796,0.06941647618342572,0.20846336086075706,0.9024998346667857,0.0,0.0,0.0,0,0.0351
78,0,0.0,0.12452058358755777,0.11660118422060492,1.0370652313474014,0.9874828210105095,-0.08646345731858235,0.09493883295715688,-0.09158802735278998,0.0006478218548845097,-0.0003517814227576296,0.06409504914475578,0.9235650482590563,0.09139548199812167,-1.26791333090345,0.10303986459567945,2.4102618587294566,1.0026787868752198,-0.35431432723999023,-0.10427309572696686,-0.7789809107780457,0.09284127503633499,-0.02131986990571022,0.0369747169315815,-0.0306265726685524,-0.35431432723999023,-0.10427309572696686,-0.7789809107780457,0.09284127503633499,-0.02131986990571022,0.0369747169315815,1.0,-0.09836410580990232,0.19748535652885268,0.898897102088003,0.06941647618342572,0.20846336086075706,0.9024998346667857,0.0,0.0,0.0,0,0.0355
79,0,0.0,0.1250262513422658,0.11798652372494799,1.0325667099325804,0.9879422617914164,-0.08638894688616217,0.08751361480766004,-0.09406595795321099,0.0006483063910103422,-0.0003513034846978255,0.06349855496433077,0.9408327222742644,0.09354146658450864,-1.2444760744968595,0.10869554061118722,2.389876714410468,0.9992617822171724,-0.4234688878059387,-0.05853515863418579,-0.9238305687904358,0.09095116704702377,-0.01715841516852379,0.08286123722791672,-0.014172173105180264,-0.4234688878059387,-0.05853515863418579,-0.9238305687904358,0.09095116704702377,-0.01715841516852379,0.08286123722791672,1.0,-0.09836038374036456,0.19748554254250325,0.8988962323849906,0.06941647618342572,0.20846336086075706,0.9024998346667857,0.0,0.0,0.0,0,0.0351
80,1,0.054,0.12394423991805861,0.11905532348308426,1.0260629853374093,0.9885331264647853,-0.08367089028506569,0.07950588659653932,-0.09736659590002253,0.0006499122932613012,-0.0003496662259536835,0.06164262097597049,0.9563782376555697,0.0964921286428276,-1.2295447559232817,0.11752343960092938,2.3748612734924084,0.9872711662332678,-0.3489530682563782,-0.18719716370105743,-0.920652449131012,0.10181009024381638,-0.045803677290678024,0.07383033633232117,0.0037178334314376116,-0.3489530682563782,-0.18719716370105743,-0.920652449131012,0.10181009024381638,-0.045803677290678024,0.07383033633232117,1.0,-0.09835674676469061,0.19748572327741126,0.8988955599281357,0.06941647618342572,0.20846336086075706,0.9024998346667857,0.0,0.0,0.0,0,0.0355
81,0,0.0,0.12268521774688179,0.11912486238394895,1.0183525179295552,0.9889258809313629,-0.07965878375761143,0.07343952602840821,-0.10142345000593904,0.0006501201531337535,-0.00034945443874330006,0.058475738955272645,0.9712576054194509,0.0992005246824253,-1.2203688899873062,0.1290704704666886,2.3685350286170213,0.9690149008046783,-0.4904087781906128,-0.0029449462890625,-1.0021566152572632,0.06217889115214348,-0.03701239824295044,0.13723066449165344,0.046330031007528305,-0.4904087781906128,-0.0029449462890625,-1.0021566152572632,0.06217889115214348,-0.03701239824295044,0.13723066449165344,1.0,-0.09835322002327528,0.1974858970639082,0.8988950519423583,0.06941647618342572,0.20846336086075706,0.9024998346667857,0.0,0.0,0.0,0,0.0358
82,0,0.0,0.12045690527337073,0.11890491065346108,1.0093130901095304,0.9893810344747878,-0.07337239283559666,0.0677607231430224,-0.10559424695650534,0.0006529240024577831,-0.00034666577627823827,0.054762229135624944,0.9847066522505111,0.10222903174294098,-1.2176799866478807,0.14140005171286332,2.3669906222806905,0.9445516872629789,-0.7658537030220032,-0.020425766706466675,-0.9712726473808289,0.049548495560884476,-0.05997491627931595,0.17696309089660645,0.010555927641689777,-0.7658537030220032,-0.020425766706466675,-0.9712726473808289,0.049548495560884476,-0.05997491627931595,0.17696309089660645,1.0,-0.09834985287324578,0.1974860618409273,0.8988948412093247,0.06941647618342572,0.20846336086075706,0.9024998346667857,0.0,0.0,0.0,0,0.0368
83,0,0.0,0.1162367361677462,0.11883856760043236,1.0000812496939342,0.9901327510022431,-0.06377220113005844,0.06069273546310435,-0.10902583922062717,0.000655651339354902,-0.00034393871859156935,0.05090770620353338,0.9929009775127796,0.1055746556118977,-1.2239425581549694,0.1526121760482543,2.3652825674716427,0.914554941289792,-0.8917402029037476,-0.04274351894855499,-0.9259449243545532,0.04971339553594589,-0.10519705712795258,0.15981292724609375,0.04768798500299454,-0.8917402029037476,-0.04274351894855499,-0.9259449243545532,0.04971339553594589,-0.10519705712795258,0.15981292724609375,1.0,-0.09834684419176201,0.19748648144371853,0.8988948057067776,0.06941647618342572,0.20846336086075706,0.9024998346667857,0.0,0.0,0.0,0,0.0355
84,1,0.0538,0.11077754324560637,0.11829809218259803,0.9921928546291989,0.9908132253334988,-0.05301089067108178,0.053924336551559704,-0.11212120183961757,0.0006582626736116333,-0.00034128788075558355,0.046526329289320614,0.9940268090776427,0.1086266606388947,-1.2398253040544644,0.16384520568995012,2.3662861772896395,0.8820171225750598,-0.624767541885376,-0.1403781622648239,-0.6761358976364136,0.1124657616019249,-0.09509007632732391,0.0830145999789238,0.019561614841222763,-0.624767541885376,-0.1403781622648239,-0.6761358976364136,0.1124657616019249,-0.09509007632732391,0.0830145999789238,1.0,-0.09834421260415838,0.197487335286612,0.8988952236626859,0.06941647618342572,0.20846336086075706,0.9024998346667857,0.0,0.0,0.0,0,0.0366
85,0,0.0,0.10581159963681193,0.11743607520950985,0.9860552762925144,0.9908665669107439,-0.04476784107042381,0.05035638973225976,-0.11680548359362915,0.0006621657540977098,-0.00033738556461373163,0.0411918093655411,0.9908108710911702,0.1120073578804059,-1.261476741520338,0.17918445311129075,2.375591611901731,0.8506809767390616,-0.39905399084091187,-0.1383737176656723,-0.5065066814422607,0.06068747863173485,-0.07094806432723999,0.0852840393781662,-0.004126143641769886,-0.39905399084091187,-0.1383737176656723,-0.5065066814422607,0.06068747863173485,-0.07094806432723999,0.0852840393781662,1.0,-0.09834176233404157,0.1974881330052873,0.8988959834463824,0.06941647618342572,0.20846336086075706,0.9024998346667857,0.0,0.0,0.0,0,0.0372
86,0,0.0,0.1017723927613183,0.11560047954575504,0.9807020281777008,0.9905313867586898,-0.038766842096533916,0.05006348747587719,-0.1218127703548387,0.0006637592736735969,-0.0003358141489633539,0.035260125131120146,0.9864195423896832,0.11466150867747983,-1.2852911099805053,0.19619438050004928,2.39215233919081,0.8204208391247686,-0.26964664459228516,-0.05567432940006256,-0.18438440561294556,0.020393680781126022,-0.06668765097856522,0.05738881975412369,0.055097345262765884,-0.26964664459228516,-0.05567432940006256,-0.18438440561294556,0.020393680781126022,-0.06668765097856522,0.05738881975412369,1.0,-0.09833953059346325,0.1974888105979888,0.8988971301914703,0.06941647618342572,0.20846336086075706,0.9024998346667857,0.0,0.0,0.0,0,0.0374
87,0,0.0,0.09847723293130867,0.11311850412163074,0.9767978665504287,0.990170769954613,-0.03357461835143616,0.05198595598322246,-0.12542747589963288,0.0006678655020111082,-0.0003317471502060495,0.02981689290261469,0.9799738931989592,0.1162871885448458,-1.3096180627284697,0.2108308093879756,2.4113333739067,0.7929822255427622,-0.023424550890922546,-0.06412339210510254,0.06817646324634552,0.010611279867589474,-0.012068210169672966,0.009666258469223976,-0.06065131351351738,-0.023424550890922546,-0.06412339210510254,0.06817646324634552,0.010611279867589474,-0.012068210169672966,0.009666258469223976,1.0,-0.09833753295187732,0.19748938163669283,0.8988984544853332,0.06941647618342572,0.20846336086075706,0.9024998346667857,0.0,0.0,0.0,0,0.0356
88,1,0.0536,0.09611736446529935,0.11056065138080745,0.9749823817352774,0.9897653269128677,-0.03060134107784579,0.0553493535553679,-0.12792421438611004,0.0006726457692362202,-0.0003269274157556691,0.02530168930266459,0.9717430006426682,0.11711798480225306,-1.3321962550430255,0.22296166481972576,2.4303540623364173,0.7724748676869753,-0.616434633731842,-0.1917259842157364,-0.8231380581855774,0.14466829597949982,-0.158867746591568,0.04426462948322296,-0.037068139761686325,-0.616434633731842,-0.1917259842157364,-0.8231380581855774,0.14466829597949982,-0.158867746591568,0.04426462948322296,1.0,-0.09833573032373608,0.19748986489212517,0.8988996196319421,0.06941647618342572,0.20846336086075706,0.9024998346667857,0.0,0.0,0.0,0,0.038
89,0,0.0,0.09287775950369787,0.10989656626733592,0.9713928950353568,0.9890863917733892,-0.028235503653969207,0.057991537979950304,-0.13246828852530634,0.0006795032556698684,-0.00032012067779015914,0.020728566004288733,0.966222799150575,0.12099111593804586,-1.3560288368535183,0.23943961167002717,2.4519810240453905,0.7501852117820523,-0.5358450412750244,-0.08363060653209686,-0.7789240479469299,0.11320071667432785,-0.18310612440109253,0.03702960163354874,-0.00013868912355974317,-0.5358450412750244,-0.08363060653209686,-0.7789240479469299,0.11320071667432785,-0.18310612440109253,0.03702960163354874,1.0,-0.09833410432529666,0.19749027383963386,0.8989006623156708,0.06941647618342572,0.20846336086075706,0.9024998346667857,0.0,0.0,0.0,0,0.0362
90,0,0.0,0.08889072366728658,0.1097684347085729,0.9651232197012481,0.9880519808679148,-0.02521037216083527,0.06219382623504231,-0.13874310151047756,0.0006828140755090543,-0.00031675621384393015,0.015013191664699879,0.9635514109956462,0.12718984807521405,-1.3836506386124374,0.2615892110624191,2.482939699930366,0.7201861648444785,-0.4889410138130188,0.0004804879426956177,-0.7024440765380859,0.05689413845539093,-0.20113226771354675,0.03156678378582001,-0.01666075363755226,-0.4889410138130188,0.0004804879426956177,-0.7024440765380859,0.05689413845539093,-0.20113226771354675,0.03156678378582001,1.0,-0.09833263733398767,0.19749061998856093,0.8989015954763312,0.06941647618342572,0.20846336086075706,0.9024998346667857,0.0,0.0,0.0,0,0.036
91,0,0.0,0.084903696246767,0.10898929449797745,0.9581205780636425,0.9869503205726352,-0.021786724187188244,0.0690386681633818,-0.14383346505243141,0.0006861229864940258,-0.0003134455060847243,0.009155659833417368,0.9613630168238495,0.13352840648259123,-1.4141188597530603,0.28396964868937025,2.5218712401259262,0.6870270614250319,-0.2728707194328308,0.08336218446493149,-0.4566778540611267,0.029992595314979553,-0.1721564084291458,0.02278505265712738,-0.021564394235610962,-0.2728707194328308,0.08336218446493149,-0.4566778540611267,0.029992595314979553,-0.1721564084291458,0.02278505265712738,1.0,-0.09833131345600685,0.19749091305365188,0.8989024304392034,0.06941647618342572,0.20846336086075706,0.9024998346667857,0.0,0.0,0.0,0,0.0357
92,1,0.0534,0.08120581430773378,0.10830948321306394,0.9515892931885878,0.9858168187992414,-0.01837967295131987,0.07814324129068657,-0.14738053207710272,0.0006922791114436596,-0.00030729862216403244,0.004005145735966962,0.9589851007193698,0.1403338345783342,-1.4452221441372892,0.3048136756882177,2.5658919636432382,0.6545529291041833,0.22373506426811218,0.18213044106960297,0.21968944370746613,-0.00978410616517067,-0.004104571882635355,-0.03695382922887802,-0.0034951604902744293,0.22373506426811218,0.18213044106960297,0.21968944370746613,-0.00978410616517067,-0.004104571882635355,-0.03695382922887802,1.0,-0.09833011838211284,0.19749116124376395,0.8989031774735539,0.06941647618342572,0.20846336086075706,0.9024998346667857,0.0,0.0,0.0,0,0.0372
93,0,0.0,0.07841953975767496,0.107709652828718,0.9472479219594553,0.984732317296868,-0.01745292773518925,0.08755691520510142,-0.1494370944055597,0.0006988720707871071,-0.00030068596133940237,0.00016004790142863353,0.9553117946126902,0.14620770138208344,-1.4724524915917063,0.3220001845571012,2.606426138994874,0.6314076660244262,0.17389777302742004,0.1255732923746109,0.25976496934890747,-0.005819443613290787,-0.0021798061206936836,-0.05072760209441185,-0.00012188222899567336,0.17389777302742004,0.1255732923746109,0.25976496934890747,-0.005819443613290787,-0.0021798061206936836,-0.05072760209441185,1.0,-0.09832903923135536,0.19749137149712045,0.8989038457903934,0.06941647618342572,0.20846336086075706,0.9024998346667857,0.0,0.0,0.0,0,0.036
94,0,0.0,0.0765594481087752,0.10737925322282477,0.9455223815166897,0.9838343923130828,-0.0192463479242862,0.0952192565511949,-0.15044188171968703,0.0007059931084940722,-0.00029366637629767286,-0.002143865309298487,0.9500733851460739,0.15054059209512355,-1.4939016494673296,0.33413641017955437,2.6375739419734883,0.6201078998553871,0.16468551754951477,0.10214419662952423,0.3410964608192444,-0.0013741315342485905,0.006462792865931988,-0.06264159083366394,0.0029196979012340307,0.16468551754951477,0.10214419662952423,0.3410964608192444,-0.0013741315342485905,0.006462792865931988,-0.06264159083366394,1.0,-0.09832806440926897,0.19749154967850835,0.8989044436266355,0.06941647618342572,0.20846336086075706,0.9024998346667857,0.0,0.0,0.0,0,0.0356
95,0,0.0,0.07530776854671908,0.10739109552319351,0.9457276087230377,0.9830829495728723,-0.022378663798485243,0.10117458060368945,-0.15103249287938858,0.0007125999177281119,-0.00028699562832423044,-0.0034573936495037086,0.9434561194452236,0.15383685551121093,-1.5110432206598121,0.3424742320758037,2.660589783159289,0.6166611968725034,0.19956469535827637,0.10836878418922424,0.46023595333099365,-0.0016577865462750196,0.015847165137529373,-0.0725504606962204,-0.04295814037322998,0.19956469535827637,0.10836878418922424,0.46023595333099365,-0.0016577865462750196,0.015847165137529373,-0.0725504606962204,1.0,-0.09832718347981363,0.19749170074552094,0.898904978343266,0.06941647618342572,0.20846336086075706,0.9024998346667857,0.0,0.0,0.0,0,0.0358
96,1,0.0536,0.0747742721920632,0.107617503671626,0.9478006131978767,0.9824209221124921,-0.02632156122946744,0.10596130933229082,-0.15142162373541587,0.0007188954053463613,-0.0002807112471421095,-0.004038893609703954,0.9353680148626766,0.15615771725386443,-1.5244181630954634,0.34764319185272724,2.67671124881398,0.6191837536257762,0.43862828612327576,0.12736165523529053,0.26075613498687744,-0.01757897436618805,0.08262695372104645,-0.018367499113082886,-0.014153707772493362,0.43862828612327576,0.12736165523529053,0.26075613498687744,-0.01757897436618805,0.08262695372104645,-0.018367499113082886,1.0,-0.09832638704992289,0.19749182888895994,0.8989054565187867,0.06941647618342572,0.20846336086075706,0.9024998346667857,0.0,0.0,0.0,0,0.0374
97,0,0.0,0.07520419422061066,0.10826788443105585,0.9490109169527647,0.9819443627260416,-0.029706940881502053,0.1097398406970663,-0.15119501823073506,0.0007233222355811365,-0.00027624168289574645,-0.003210236433008381,0.9328247864655157,0.15740519180967977,-1.5294338089674924,0.34816975258424654,2.6882466387343347,0.625310589299215,0.2757776379585266,0.10805283486843109,0.22938679158687592,-0.021376430988311768,0.0409996323287487,-0.025861233472824097,-0.005974153522402048,0.2757776379585266,0.10805283486843109,0.22938679158687592,-0.021376430988311768,0.0409996323287487,-0.025861233472824097,1.0,-0.0983256666654813,0.19749193765148113,0.8989058840338633,0.06941647618342572,0.20846336086075706,0.9024998346667857,0.0,0.0,0.0,0,0.0366
98,0,0.0,0.07630472256156749,0.1091805511812233,0.9492034136067322,0.981739666231205,-0.032008542386022854,0.11202763511534496,-0.1503744989452205,0.0007279590162082751,-0.00027159119102070556,-0.0013134702009945651,0.9345690280520843,0.15742554634660266,-1.527509424416135,0.3444699631906379,2.6940968584162532,0.6338154253012711,0.26022931933403015,0.081130251288414,0.23193170130252838,-0.01352566946297884,0.010209375061094761,-0.03139602765440941,9.667843551142141e-05,0.26022931933403015,0.081130251288414,0.23193170130252838,-0.01352566946297884,0.010209375061094761,-0.03139602765440941,1.0,-0.09832501471762696,0.1974920300278737,0.8989062661469498,0.06941647618342572,0.20846336086075706,0.9024998346667857,0.0,0.0,0.0,0,0.0367
99,0,0.0,0.07803905206015911,0.11010325424171061,0.9503891266118727,0.9815895275748958,-0.034037658740789956,0.11395245679082892,-0.1494599435771073,0.0007329901892636267,-0.0002666260046011834,0.0008194040830710297,0.9359739897845847,0.15686928262084093,-1.5227439015538589,0.3389855198610228,2.69618380054305,0.6440359798280489,0.3001951277256012,0.09269436448812485,0.2964255213737488,-0.018002642318606377,0.00944776926189661,-0.03389865532517433,-0.00687823910266161,0.3001951277256012,0.09269436448812485,0.2964255213737488,-0.018002642318606377,0.00944776926189661,-0.03389865532517433,1.0,-0.09832442435836687,0.1974921085498203,0.8989066075615942,0.06941647618342572,0.20846336086075706,0.9024998346667857,0.0,0.0,0.0,0,0.0363
100,1,0.0538,0.08043253476070827,0.11097124557761451,0.9525149371463042,0.9814169091696856,-0.036097724393912844,0.11602010199048389,-0.1485164658329805,0.0007374373874990313,-0.0002621644104465636,0.003084093599453592,0.9370602891778611,0.15589188211614186,-1.5157405706354177,0.33239978247971963,2.6960315241357966,0.6556420687258581,0.059157297015190125,-0.04142795503139496,0.023064851760864258,0.0030378708615899086,0.0486605204641819,-0.055956754833459854,-0.025615252554416656,0.059157297015190125,-0.04142795503139496,0.023064851760864258,0.0030378708615899086,0.0486605204641819,-0.055956754833459854,1.0,-0.09832387708502627,0.19749217618304835,0.8989068169794064,0.06941647618342572,0.20846336086075706,0.9024998346667857,0.0,0.0,0.0,0,0.038
101,0,0.0,0.08176676912131695,0.11134369423744941,0.9536153060279308,0.9815095746008677,-0.039140595661123045,0.1155410723928174,-0.1475033197200432,0.0007387521223020758,-0.00026084537047817234,0.005100435344704458,0.9382287594759192,0.1539397036923085,-1.5098930696217576,0.32576044364900403,2.691683697586296,0.6693410082761276,0.07618347555398941,-0.0011560767889022827,0.13345690071582794,-0.006393328309059143,0.03987341746687889,-0.0657770112156868,-0.00301419198513031,0.07618347555398941,-0.0011560767889022827,0.13345690071582794,-0.006393328309059143,0.03987341746687889,-0.0657770112156868,1.0,-0.09832333454794823,0.19749223691607176,0.898906750602503,0.06941647618342572,0.20846336086075706,0.9024998346667857,0.0,0.0,0.0,0,0.0365
102,0,0.0,0.0825055390292544,0.11124210920566391,0.9544896606765991,0.9816826680058179,-0.043161041183613025,0.1137927113567966,-0.14658609314322246,0.0007421480815291315,-0.0002574146147279207,0.006705346022352271,0.938447437340133,0.15154690056050657,-1.5052829792508489,0.319840412306092,2.685420040230262,0.6840937339805743,0.11180925369262695,0.008576586842536926,0.27091383934020996,-0.005783401429653168,0.028916697949171066,-0.07353755831718445,-0.01274614967405796,0.11180925369262695,0.008576586842536926,0.27091383934020996,-0.005783401429653168,0.028916697949171066,-0.07353755831718445,1.0,-0.09832279122342012,0.1974922913961939,0.8989065724326554,0.06941647618342572,0.20846336086075706,0.9024998346667857,0.0,0.0,0.0,0,0.0361
103,0,0.0,0.08364092277198881,0.1110479694727002,0.9567860408593639,0.9817357082657311,-0.047533613789180196,0.11266583687400382,-0.1457462310922777,0.0007464107673995023,-0.00025316667749884905,0.008182550184416819,0.9363922122558056,0.1491226608501813,-1.5010985279872346,0.31406396038108986,2.6786841242232438,0.6996551443181391,0.09510983526706696,-0.00642724335193634,0.4158925414085388,-0.002346106804907322,0.029714222997426987,-0.0760139748454094,-0.012942795641720295,0.09510983526706696,-0.00642724335193634,0.4158925414085388,-0.002346106804907322,0.029714222997426987,-0.0760139748454094,1.0,-0.0983222472151412,0.19749234029145288,0.8989063574262782,0.06941647618342572,0.20846336086075706,0.9024998346667857,0.0,0.0,0.0,0,0.0393
104,1,0.0545,0.08488265686465521,0.11080077892077318,0.9608336719263535,0.9817226037665026,-0.05213373084803763,0.11166539454315995,-0.14502980046632638,0.0007505061206961676,-0.0002491155327524454,0.009457109579491285,0.9307950426957192,0.14663804715830012,-1.4984143314756833,0.30843166970488184,2.670146952794464,0.7160420348947328,0.07930289953947067,0.09611271321773529,0.4371006488800049,-0.007452273741364479,0.01814785972237587,-0.03920043259859085,-0.031564775854349136,0.07930289953947067,0.09611271321773529,0.4371006488800049,-0.007452273741364479,0.01814785972237587,-0.03920043259859085,1.0,-0.09831888590784107,0.19749102484840758,0.8988918812231909,0.06941647618342572,0.20846336086075706,0.9024998346667857,0.0,0.0,0.0,0,0.0361
105,0,0.0,0.08601322737286536,0.1112084483512655,0.9661508933820803,0.9817122334502004,-0.05570151087446418,0.11067970613713231,-0.1445283191278347,0.0007559623258067853,-0.00024363418894013736,0.010870109375315226,0.9227755777030263,0.14492406354650078,-1.4968369560600683,0.3024683703566095,2.660285515386047,0.7314390448749496,0.11008863896131516,0.0715956836938858,0.5982756614685059,-0.0007435628212988377,0.01899021863937378,-0.0405321940779686,-0.017350174486637115,0.11008863896131516,0.0715956836938858,0.5982756614685059,-0.0007435628212988377,0.01899021863937378,-0.0405321940779686,1.0,-0.0983165594409871,0.19749122885202597,0.8988883880574775,0.06941647618342572,0.20846336086075706,0.9024998346667857,0.0,0.0,0.0,0,0.0366
106,0,0.0,0.08720045231269744,0.11208715234659897,0.9727440896630966,0.9816870930418549,-0.058374131452832934,0.11000793061481962,-0.14415674571106113,0.0007603205864012201,-0.00023923257546898583,0.012346759664111669,0.9124829004034097,0.14370299116113605,-1.4959511734292352,0.2962960129082257,2.6494202285483492,0.7460408368984985,0.165376678109169,0.077961765229702,0.7134292125701904,0.0011727423407137394,0.03386808559298515,-0.037441082298755646,-0.008820625022053719,0.165376678109169,0.077961765229702,0.7134292125701904,0.0011727423407137394,0.03386808559298515,-0.037441082298755646,1.0,-0.09831459255866294,0.19749157249345062,0.898889007843655,0.06941647618342572,0.20846336086075706,0.9024998346667857,0.0,0.0,0.0,0,0.0347
107,0,0.0,0.0885519875502882,0.11300891474815658,0.9807481939068445,0.9816161070380762,-0.061014281658197556,0.10949474552935647,-0.14393740493216745,0.0007644112226237242,-0.00023518162875512975,0.013726821344116348,0.9000234469190791,0.1425261757398975,-1.4951371626185552,0.29027172717570265,2.6367800779396733,0.7608909587836089,0.20218528807163239,0.1216382160782814,0.8347554802894592,-0.006823619827628136,0.030732478946447372,-0.04724070429801941,0.013501289300620556,0.20218528807163239,0.1216382160782814,0.8347554802894592,-0.006823619827628136,0.030732478946447372,-0.04724070429801941,1.0,-0.09831282103428222,0.1974918615867901,0.8988900058643725,0.06941647618342572,0.20846336086075706,0.9024998346667857,0.0,0.0,0.0,0,0.0348
108,1,0.053,0.0902228310788921,0.11395212541507525,0.990043958514024,0.9814969896840179,-0.06383309386839109,0.10926995793831519,-0.14369784848966244,0.0007685498590399411,-0.00023106975968973102,0.015255504306587685,0.8860913554535486,0.14114529675921106,-1.4934569863632947,0.2838253227925202,2.6225336871987914,0.7768911925417166,0.3303065299987793,-0.0019782334566116333,0.8430392146110535,-0.00186710967682302,0.10329578816890717,-0.08090020716190338,-0.007070040795952082,0.3303065299987793,-0.0019782334566116333,0.8430392146110535,-0.00186710967682302,0.10329578816890717,-0.08090020716190338,1.0,-0.09831122236486008,0.19749210620425173,0.8988909720560864,0.06941647618342572,0.20846336086075706,0.9024998346667857,0.0,0.0,0.0,0,0.0367
109,0,0.0,0.09208721668630007,0.11420563893175481,0.9993903805930405,0.9813816236447549,-0.06833271558066722,0.10845540555724144,-0.14303207248435337,0.0007693910557903545,-0.00023018936920500912,0.016976167919949527,0.8730966133615219,0.13837743440778474,-1.4894696482163812,0.27667064068318686,2.605849057799572,0.7966598285822645,0.3688097298145294,0.0025782734155654907,0.9486224055290222,-0.01016189530491829,0.11234267055988312,-0.07402103394269943,0.0004431581182871014,0.3688097298145294,0.0025782734155654907,0.9486224055290222,-0.01016189530491829,0.11234267055988312,-0.07402103394269943,1.0,-0.09830977983265067,0.19749231339187598,0.8988918567849175,0.06941647618342572,0.20846336086075706,0.9024998346667857,0.0,0.0,0.0,0,0.0361
110,0,0.0,0.09430813848380595,0.11401437472789876,1.0089521313923144,0.9813059994708722,-0.07394613418416196,0.1067424545165371,-0.14204419398720391,0.0007722830328878809,-0.00022732303146587692,0.01893030195392808,0.8613834687619975,0.13458132577008675,-1.481547346147026,0.2685015736214514,2.5849058873597595,0.8193189882668599,0.40119469165802,-0.0009206682443618774,0.9101290106773376,-0.000598532147705555,0.11270853132009506,-0.07238410413265228,0.011274931952357292,0.40119469165802,-0.0009206682443618774,0.9101290106773376,-0.000598532147705555,0.11270853132009506,-0.07238410413265228,1.0,-0.09830847796015714,0.19749248897766197,0.8988926545670346,0.06941647618342572,0.20846336086075706,0.9024998346667857,0.0,0.0,0.0,0,0.0356
111,0,0.0,0.09704239392021269,0.11404210124622152,1.0190176123366634,0.9812308255631237,-0.07961330854001081,0.10465919590165154,-0.14104694530985945,0.0007756845003345106,-0.00022389596036354804,0.02118942137785108,0.8513552872541154,0.13072498946789993,-1.4690783420597355,0.25963024128415385,2.5604594009576576,0.8430779556731756,0.42701098322868347,-0.009698763489723206,0.863786518573761,-0.005831883288919926,0.10997823625802994,-0.06361623108386993,-0.0026601532008498907,0.42701098322868347,-0.009698763489723206,0.863786518573761,-0.005831883288919926,0.10997823625802994,-0.06361623108386993,1.0,-0.09830730271482949,0.197492637857796,0.8988933706475897,0.06941647618342572,0.20846336086075706,0.9024998346667857,0.0,0.0,0.0,0,0.0354
112,1,0.0536,0.10027693031997897,0.11419457685954726,1.0288783912112833,0.9811630016925762,-0.08511084777579653,0.10240045513476098,-0.13996233239229564,0.0007781909575388333,-0.0002214381267592606,0.02366870052436867,0.8443039392403925,0.12685313180837474,-1.4518686852827536,0.25025980484012716,2.5338343259132325,0.8668331375545452,0.8929275274276733,0.044263146817684174,0.5352720618247986,-0.02957576885819435,0.09264843910932541,-0.0519128181040287,0.001889145583845675,0.8929275274276733,0.044263146817684174,0.5352720618247986,-0.02957576885819435,0.09264843910932541,-0.0519128181040287,1.0,-0.09830624143943759,0.19749276416301878,0.8988940124440523,0.06941647618342572,0.20846336086075706,0.9024998346667857,0.0,0.0,0.0,0,0.0368
113,0,0.0,0.10607330603657733,0.11448488599469357,1.0362540354882803,0.9808169693746978,-0.09029933419786623,0.1032538115735287,-0.13850181668697445,0.0007798062125168153,-0.0002197876226767806,0.027211925705200053,0.8494307061219166,0.12288749428596353,-1.4225253431154983,0.23918135897017087,2.5137688903512574,0.8898754274515966,0.9129140973091125,0.04200270026922226,0.39614182710647583,-0.02548196166753769,0.07948179543018341,-0.040755148977041245,-0.026274975389242172,0.9129140973091125,0.04200270026922226,0.39614182710647583,-0.02548196166753769,0.07948179543018341,-0.040755148977041245,1.0,-0.09830528273436331,0.19749287138288493,0.8988945873318593,0.06941647618342572,0.20846336086075706,0.9024998346667857,0.0,0.0,0.0,0,0.0359
114,0,0.0,0.11397313382938791,0.11536228831577312,1.039913588003216,0.980327294117042,-0.09479718755717409,0.10613409806519286,-0.13677515442614338,0.0007815921170707201,-0.00021802032272883663,0.03188489532406046,0.8675367309899147,0.11925514363299146,-1.3813275097651903,0.22637548903002933,2.4983291956373885,0.9119204989327359,0.8418022990226746,-0.017501726746559143,0.23980911076068878,0.0020335675217211246,0.031181134283542633,-0.03325271233916283,-0.0028297367971390486,0.8418022990226746,-0.017501726746559143,0.23980911076068878,0.0020335675217211246,0.031181134283542633,-0.03325271233916283,1.0,-0.09830441633738263,0.1974929624665483,0.8988951021151894,0.06941647618342572,0.20846336086075706,0.9024998346667857,0.0,0.0,0.0,0,0.0358
115,0,0.0,0.12250283769079025,0.11665325946369626,1.0419459850170734,0.979820273023297,-0.09852930113598934,0.10900410248023377,-0.1355076198325498,0.0007834726169577018,-0.0002160904544203811,0.0365850604206904,0.8919594277655412,0.11633783222132771,-1.3331800763741435,0.21436544924499407,2.4820656435002095,0.9315833078919821,0.7286092042922974,-0.013677537441253662,0.03794187307357788,0.011050081811845303,0.011788611300289631,-0.01820252276957035,0.007401136681437492,0.7286092042922974,-0.013677537441253662,0.03794187307357788,0.011050081811845303,0.011788611300289631,-0.01820252276957035,1.0,-0.0983036330116118,0.19749303990682082,0.8988955629437009,0.06941647618342572,0.20846336086075706,0.9024998346667857,0.0,0.0,0.0,0,0.0361
116,1,0.0533,0.13088882703895302,0.11802365753534191,1.0425835923368485,0.9793513889735257,-0.10135262042697502,0.1113234968140801,-0.1349280634460301,0.0007842620559776414,-0.00021536663642757504,0.0407305775490107,0.9202987001604458,0.11420971387854173,-1.2815077249700435,0.20449712422637142,2.464720491181942,0.9472572513226346,0.8359929919242859,0.2517942190170288,0.5749027132987976,-0.012961989268660545,0.07183969765901566,-0.023528536781668663,0.1059776246547699,0.8359929919242859,0.2517942190170288,0.5749027132987976,-0.012961989268660545,0.07183969765901566,-0.023528536781668663,1.0,-0.09830292444357597,0.19749310581091778,0.8988959753429491,0.06941647618342572,0.20846336086075706,0.9024998346667857,0.0,0.0,0.0,0,0.0362
117,0,0.0,0.1390410083252419,0.12004285731663707,1.0444887228155921,0.9789338378991396,-0.1034146401499011,0.11302877682556672,-0.13497573421931194,0.0007895815505557876,-0.00021008263894590148,0.04488186480081339,0.9480485441832615,0.11307593731441308,-1.2266397272901488,0.19531807914314137,2.4424946864517545,0.9620246277106145,0.6577113270759583,0.1450275480747223,0.2625492215156555,0.01008096057921648,0.035791244357824326,-0.012156312353909016,0.018898505717515945,0.6577113270759583,0.1450275480747223,0.2625492215156555,0.01008096057921648,0.035791244357824326,-0.012156312353909016,1.0,-0.09830228315113863,0.19749316196016922,0.8988963442697316,0.06941647618342572,0.20846336086075706,0.9024998346667857,0.0,0.0,0.0,0,0.0362
118,0,0.0,0.1466938821704101,0.1225860322668011,1.0474675417729875,0.9786372318921559,-0.10522894362359769,0.11375080538344393,-0.13511769703831106,0.0007916629669520507,-0.0002079381053066133,0.04929492975671099,0.9756134699180816,0.11244828075818174,-1.1690985445694222,0.18597259535651423,2.4154984252646603,0.9772939652861139,0.16008791327476501,-0.03536875545978546,-0.16365180909633636,0.028603658080101013,0.010458213277161121,0.023296643048524857,0.11813566833734512,0.16008791327476501,-0.03536875545978546,-0.16365180909633636,0.028603658080101013,0.010458213277161121,0.023296643048524857,1.0,-0.09830170240051739,0.19749320986046534,0.8988966741690915,0.06941647618342572,0.20846336086075706,0.9024998346667857,0.0,0.0,0.0,0,0.0364
119,0,0.0,0.15187198534526994,0.12455103188060625,1.0485123715845712,0.9790165292962751,-0.10574235951801064,0.11038555436836792,-0.13475985364724305,0.0007894133338620422,-0.00021016286357874607,0.05270013889869107,1.0020251034198735,0.11184023323047312,-1.1157601373428545,0.17838146277042327,2.382269694967003,0.9880622107549119,-0.4661870002746582,-0.3365670442581177,-0.8308717608451843,0.14333584904670715,-0.03695734217762947,0.059275560081005096,-0.10128025710582733,-0.4661870002746582,-0.3365670442581177,-0.8308717608451843,0.14333584904670715,-0.03695734217762947,0.059275560081005096,1.0,-0.09830115751170543,0.19749325210185012,0.8988968287307989,0.06941647618342572,0.20846336086075706,0.9024998346667857,0.0,0.0,0.0,0,0.0362
120,1,0.0534,0.1531890309818185,0.12563629739323023,1.0468248302369445,0.980066258660517,-0.1043404582732676,0.10071524689833586,-0.13579262293919842,0.0007857371953027709,-0.00021384552255573815,0.05303747060147703,1.0238854107856659,0.11251770504026609,-1.0741072987359688,0.17880423296810505,2.342811443195904,0.9882614005939996,-0.5189207792282104,-0.25561362504959106,-0.7692190408706665,0.1439308077096939,-0.04088923707604408,0.08918451517820358,-0.046225011348724365,-0.5189207792282104,-0.25561362504959106,-0.7692190408706665,0.1439308077096939,-0.04088923707604408,0.08918451517820358,1.0,-0.09830061493212018,0.197493291513238,0.8988967310898064,0.06941647618342572,0.20846336086075706,0.9024998346667857,0.0,0.0,0.0,0,0.0371
121,0,0.0,0.15248951432508176,0.12551949690005526,1.0439919877750201,0.981000154582888,-0.10081012191986144,0.08916895669668004,-0.13973157548842324,0.000784311253650277,-0.00021525594982858799,0.049824661881199446,1.0409222388348416,0.11455502497970535,-1.0437110170194261,0.18859829413953233,2.305943853631283,0.9757202743147039,-0.557624876499176,-0.16162671148777008,-0.8914838433265686,0.14015059173107147,-0.03536799177527428,0.12024407833814621,-0.0006963892374187708,-0.557624876499176,-0.16162671148777008,-0.8914838433265686,0.14015059173107147,-0.03536799177527428,0.12024407833814621,1.0,-0.09830007149354396,0.19749332800468788,0.8988965408376366,0.06941647618342572,0.20846336086075706,0.9024998346667857,0.0,0.0,0.0,0,0.0366
122,0,0.0,0.15087170898991087,0.12479102903235609,1.0399103158906933,0.9816774044482565,-0.09483286904909588,0.078232296630877,-0.14558814617786828,0.0007835679399992428,-0.00021601953759387826,0.044646083767192014,1.0555462822146602,0.11744164141566465,-1.022186967799266,0.20361588872287467,2.2758047958424923,0.9532597282881502,-0.6780038475990295,-0.16197915375232697,-0.9173686504364014,0.11724436283111572,-0.069637730717659,0.15315479040145874,0.026630675420165062,-0.6780038475990295,-0.16197915375232697,-0.9173686504364014,0.11724436283111572,-0.069637730717659,0.15315479040145874,1.0,-0.09829952747244906,0.19749336177240523,0.8988963206486305,0.06941647618342572,0.20846336086075706,0.9024998346667857,0.0,0.0,0.0,0,0.0392
123,0,0.0,0.1483059334154378,0.12336324942953897,1.0344848015915047,0.9822801084468713,-0.0862456891740565,0.067860036450381,-0.15192921082348343,0.0007825011153780753,-0.00021707341105259208,0.0382490356879498,1.0674481426917424,0.12022169575081178,-1.0094203543427014,0.22054185922460856,2.2512991285049186,0.9228908691937305,-0.6375945210456848,-0.109987273812294,-0.978371798992157,0.10943092405796051,-0.07954339683055878,0.1809593141078949,0.07922712713479996,-0.6375945210456848,-0.109987273812294,-0.978371798992157,0.10943092405796051,-0.07954339683055878,0.1809593141078949,1.0,-0.09829666293918554,0.19749300942323117,0.8988811471741984,0.06941647618342572,0.20846336086075706,0.9024998346667857,0.0,0.0,0.0,0,0.0357
124,1,0.0536,0.1452472663406198,0.12157408524403526,1.0280351066803226,0.9826969243921324,-0.07543252242958284,0.05909262553726516,-0.15850788925875806,0.0007829345738955641,-0.00021670472626398818,0.03128297946219857,1.0772031983732604,0.12300173650596177,-1.0043720666689055,0.23829051244779506,2.234203548080606,0.8862824566252283,-0.8533588647842407,-0.39345675706863403,-0.8992679715156555,0.13686706125736237,-0.08728281408548355,0.07474475353956223,-0.0266609787940979,-0.8533588647842407,-0.39345675706863403,-0.8992679715156555,0.13686706125736237,-0.08728281408548355,0.07474475353956223,1.0,-0.09829430043980958,0.1974931695573663,0.8988780449557053,0.06941647618342572,0.20846336086075706,0.9024998346667857,0.0,0.0,0.0,0,0.0373
125,0,0.0,0.1412719833559753,0.11792255383797498,1.021473786845477,0.9827627520901886,-0.06630701854531351,0.049982012900138664,-0.16517430424312196,0.0007790322495310075,-0.00022055479942047088,0.022507388455478772,1.081886649810927,0.12388863542624454,-1.008231903766598,0.25817130123697124,2.2190118315423892,0.8500664420660691,-0.8997675180435181,-0.37560492753982544,-0.9040185809135437,0.13979724049568176,-0.08942914009094238,0.12256718426942825,0.022863740101456642,-0.8997675180435181,-0.37560492753982544,-0.9040185809135437,0.13979724049568176,-0.08942914009094238,0.12256718426942825,1.0,-0.09829225544154949,0.1974933947094574,0.8988786745084029,0.06941647618342572,0.20846336086075706,0.9024998346667857,0.0,0.0,0.0,0,0.0356
126,0,0.0,0.13628158607187282,0.11288472861036973,1.0156830636958392,0.982429745532475,-0.058038279439970086,0.04054998826037734,-0.17268193786475478,0.0007784089708584405,-0.00022117069119519895,0.011893348923057465,1.0805647301026597,0.1238927820460274,-1.0212844471840559,0.2810367561596828,2.2052581898571053,0.8115976635717234,-0.8430386781692505,-0.2476492077112198,-0.9293045401573181,0.11212671548128128,-0.06910941004753113,0.13963449001312256,-0.04125687852501869,-0.8430386781692505,-0.2476492077112198,-0.9293045401573181,0.11212671548128128,-0.06910941004753113,0.13963449001312256,1.0,-0.0982904181389024,0.19749358394632274,0.8988797123343594,0.06941647618342572,0.20846336086075706,0.9024998346667857,0.0,0.0,0.0,0,0.0348
127,0,0.0,0.13056295459482203,0.10794745884399468,1.0090021506708284,0.9818328665965208,-0.04851764602120223,0.032363573181479775,-0.18056261857412595,0.0007786302482186474,-0.0002209752047843909,0.0010651778797710265,1.0769992885753052,0.12414529211572363,-1.0418316526138167,0.30459139330886426,2.197807079289022,0.7688425658394948,-0.6939442753791809,-0.08386221528053284,-0.8710988759994507,0.07531500607728958,-0.06760867685079575,0.1357385814189911,-0.0019408098887652159,-0.6939442753791809,-0.08386221528053284,-0.8710988759994507,0.07531500607728958,-0.06760867685079575,0.1357385814189911,1.0,-0.09828876034467592,0.19749374431375571,0.8988807039584882,0.06941647618342572,0.20846336086075706,0.9024998346667857,0.0,0.0,0.0,0,0.035
128,1,0.0538,0.12480479322235687,0.10380972738083298,1.0010279802481212,0.9810749041003233,-0.03867096773972756,0.02683308869223322,-0.18782059032451118,0.0007810672808675348,-0.00021851101583177232,-0.00851165944223599,1.0735083858592354,0.12488826223831424,-1.0670767406215091,0.3265109470081194,2.199892576880256,0.7254150826401918,-0.9127211570739746,-0.07820254564285278,-1.0252070426940918,0.06713148206472397,-0.1416490375995636,0.0774010717868805,1.0261551141738892,-0.9127211570739746,-0.07820254564285278,-1.0252070426940918,0.06713148206472397,-0.1416490375995636,0.0774010717868805,-1.0,-0.0982872646753798,0.19749388032977297,0.8988816097932165,0.06941647618342572,0.20846336086075706,0.9024998346667857,0.0,0.0,0.0,0,0.0362
129,0,0.0,0.11869485965255114,0.1002417313725042,0.9922803724236844,0.9802743501954815,-0.02977253824614723,0.023017917527382928,-0.19402569362821465,0.001111032270536844,-0.000523028763643434,-0.016941944128643485,1.068581205947129,0.12568477079495355,-1.0977949202675301,0.3467651684483965,2.2092745102429765,0.6840696741360391,-0.727505624294281,0.004418075084686279,-0.9749893546104431,0.022169701755046844,-0.1439095288515091,0.06568913906812668,1.0422351360321045,-0.727505624294281,0.004418075084686279,-0.9749893546104431,0.022169701755046844,-0.1439095288515091,0.06568913906812668,-1.0,-0.0982859150346458,0.19749399577129761,0.898882426561237,0.06941647618342572,0.20846336086075706,0.9024998346667857,0.0,0.0,0.0,0,0.036
130,0,0.0,0.11271447425956466,0.09695685937338801,0.9829076634409227,0.9795588200711818,-0.022274622095106,0.022191792013895366,-0.19868538848764228,0.0031227648191888453,-0.0024917917059933343,-0.024047107918321885,1.062691435858681,0.12652753361409425,-1.1334606327842613,0.3652730712356891,2.2292746555499643,0.6449464786834361,-0.5145937204360962,0.016234010457992554,-0.9489521980285645,0.018985077738761902,-0.134205162525177,0.05370023846626282,0.9750046730041504,-0.5145937204360962,0.016234010457992554,-0.9489521980285645,0.018985077738761902,-0.134205162525177,0.05370023846626282,-1.0,-0.09828469684517176,0.19749409382105726,0.8988831601213607,0.06941647618342572,0.20846336086075706,0.9024998346667857,0.0,0.0,0.0,0,0.0349
131,0,0.0,0.10741635417159177,0.09463118841786293,0.9725529864195069,0.9789685595478648,-0.016094137440223588,0.025169048723509592,-0.20181193508607595,0.006441262148578109,-0.005761653861586791,-0.02928160096186631,1.0584750761685588,0.12836502651400392,-1.170743789589332,0.38227696523732635,2.2611721578530246,0.6082254967431103,-0.17992565035820007,0.02287687361240387,-0.8039888739585876,0.010875607840716839,-0.09988515079021454,0.03990577906370163,0.004534808918833733,-0.17992565035820007,0.02287687361240387,-0.8039888739585876,0.010875607840716839,-0.09988515079021454,0.03990577906370163,1.0,-0.09828359696270447,0.19749417716672235,0.898883818087383,0.06941647618342572,0.20846336086075706,0.9024998346667857,0.0,0.0,0.0,0,0.0348
132,1,0.0534,0.1032510135485603,0.09332353968694121,0.9615690967227363,0.978430968255554,-0.011636949431937715,0.03181262361397089,-0.20377776803472084,0.009046397184579818,-0.00831919328316218,-0.032789854423679266,1.0576676090622796,0.13149465294390358,-1.205658261511073,0.398560468661855,2.302830895756226,0.5747051270779714,0.01021181046962738,0.0011287182569503784,0.49395012855529785,-0.00676736980676651,-0.009392455220222473,-0.04229748994112015,-0.009664492681622505,0.01021181046962738,0.0011287182569503784,0.49395012855529785,-0.00676736980676651,-0.009392455220222473,-0.04229748994112015,1.0,-0.09828260355027714,0.19749424807939145,0.8988844079253592,0.06941647618342572,0.20846336086075706,0.9024998346667857,0.0,0.0,0.0,0,0.0364
133,0,0.0,0.10016415040990921,0.09195405119353424,0.9552630928864632,0.9778747169318935,-0.010038809111276636,0.037559782921137985,-0.20554688760453727,0.009101139402495963,-0.008287545010616093,-0.0363593941967541,1.052800912927319,0.1341151099735138,-1.234102690445729,0.41286506589597216,2.3333946777808605,0.551497265648205,0.025326937437057495,-0.007680237293243408,0.5786755681037903,-0.008225309662520885,-0.010270469821989536,-0.04872460290789604,0.0032037636265158653,0.025326937437057495,-0.007680237293243408,0.5786755681037903,-0.008225309662520885,-0.010270469821989536,-0.04872460290789604,1.0,-0.0982817059524339,0.19749430847859883,0.8988849365061041,0.06941647618342572,0.20846336086075706,0.9024998346667857,0.0,0.0,0.0,0,0.0354
134,0,0.0,0.09842377495293453,0.09005304752941251,0.9574207852923027,0.9773730581463577,-0.011045923595235874,0.04154873560358346,-0.20710769022734943,0.007367007213983295,-0.0064394838847588246,-0.040137649117662974,1.0371259075652577,0.1350905632425166,-1.2589957728526928,0.42373251414260377,2.3482609722237595,0.5405692446614119,0.060616232454776764,-0.0008870363235473633,0.5381657481193542,-0.0010898662731051445,-0.010756832547485828,-0.04773247241973877,-0.001890032086521387,0.060616232454776764,-0.0008870363235473633,0.5381657481193542,-0.0010898662731051445,-0.010756832547485828,-0.04773247241973877,1.0,-0.09828089457861539,0.19749435998689943,0.8988854100422216,0.06941647618342572,0.20846336086075706,0.9024998346667857,0.0,0.0,0.0,0,0.0354
135,0,0.0,0.09744885469282571,0.08866739019566683,0.9625371941298685,0.9769738662794858,-0.013300599963153747,0.04544946251627864,-0.20803726830669997,0.004928887869479941,-0.003968047176678372,-0.042864919644402394,1.0185257968865495,0.13576893091958178,-1.2816070248742104,0.43179919274100426,2.359395257190146,0.5365523769008904,0.11717246472835541,0.03265298157930374,0.5498262047767639,-0.0009345356374979019,0.02192642167210579,-0.046716757118701935,-0.03242369368672371,0.11717246472835541,0.03265298157930374,0.5498262047767639,-0.0009345356374979019,0.02192642167210579,-0.046716757118701935,1.0,-0.09828016079723571,0.19749440397590098,0.8988858341226191,0.06941647618342572,0.20846336086075706,0.9024998346667857,0.0,0.0,0.0,0,0.0353
136,1,0.0555,0.09674008608916344,0.08813533200544268,0.9679545849681557,0.9766539166385227,-0.016223828236334503,0.048898633189790895,-0.20854936630006873,0.0034166523791333988,-0.0024536311492984833,-0.04436257102289623,1.0010349195941604,0.13658746851795758,-1.301264396300038,0.4375496954730772,2.3689338310607253,0.5371731033043535,0.29037877917289734,0.06495273113250732,0.43478548526763916,-0.039623647928237915,-0.013385800644755363,-0.021340712904930115,-0.013344313018023968,0.29037877917289734,0.06495273113250732,0.43478548526763916,-0.039623647928237915,-0.013385800644755363,-0.021340712904930115,1.0,-0.09827949684004697,0.19749444160513624,0.8988862137678993,0.06941647618342572,0.20846336086075706,0.9024998346667857,0.0,0.0,0.0,0,0.0356
137,0,0.0,0.09721186107719984,0.08809477764443016,0.972676595174337,0.9765446192900835,-0.018750276568534063,0.053851731541515464,-0.20762712894554286,0.0025502032059466426,-0.001618138400078619,-0.04417670016900684,0.988067232465601,0.13732333838265143,-1.3151625078022828,0.4395049530508975,2.38157198115233,0.5400863658901938,0.30333247780799866,0.016909770667552948,0.5179592967033386,-0.029379267245531082,0.00953241903334856,-0.030918769538402557,-0.007048583123832941,0.30333247780799866,0.016909770667552948,0.5179592967033386,-0.029379267245531082,0.00953241903334856,-0.030918769538402557,1.0,-0.09827889571595029,0.1974944738549036,0.8988865534865585,0.06941647618342572,0.20846336086075706,0.9024998346667857,0.0,0.0,0.0,0,0.0358
138,0,0.0,0.09840845358146985,0.08843177712914421,0.9769131000797178,0.9765980280625401,-0.02083170445273791,0.05902394730389442,-0.20576322635159391,0.0020692221507633535,-0.0011455585238359298,-0.04282932632591211,0.9783722083184797,0.13771725760950032,-1.3240525080819012,0.43827699413298615,2.3933033717998478,0.5454816042592564,0.3492557108402252,0.0002300739288330078,0.5660139322280884,-0.017934393137693405,0.04523604363203049,-0.03595893830060959,-0.012512332759797573,0.3492557108402252,0.0002300739288330078,0.5660139322280884,-0.017934393137693405,0.04523604363203049,-0.03595893830060959,1.0,-0.0982783441553978,0.19749450202460617,0.8988868024405682,0.06941647618342572,0.20846336086075706,0.9024998346667857,0.0,0.0,0.0,0,0.0364
139,0,0.0,0.09983935655365535,0.08891591465742946,0.9815889273323606,0.9766532167751284,-0.023577553539061435,0.06283379043066134,-0.20406986037144534,0.0018000275764531528,-0.0008807713000355255,-0.04114818890820107,0.9698935041580733,0.13757265751796424,-1.3288203799444251,0.4355625131426403,2.399888338448596,0.5546729791673235,0.37167292833328247,0.020488537847995758,0.6351037621498108,-0.01578097604215145,0.05519154295325279,-0.042837001383304596,-0.01424011867493391,0.37167292833328247,0.020488537847995758,0.6351037621498108,-0.01578097604215145,0.05519154295325279,-0.042837001383304596,1.0,-0.09827780162688,0.197494529375025,0.898886766411439,0.06941647618342572,0.20846336086075706,0.9024998346667857,0.0,0.0,0.0,0,0.0354
140,1,0.0535,0.10168507436085876,0.08952281469280951,0.9869845915539915,0.9766776884452165,-0.027014291647224686,0.06553456004405021,-0.2026725003051451,0.0016521354913029058,-0.0007295820069451563,-0.039253787369050656,0.96244778150946,0.1369903494121164,-1.3291398995944832,0.4315335354568367,2.401327903004801,0.5674961627367964,0.1772475391626358,0.01836036890745163,0.16338907182216644,-0.005596671253442764,0.00871360395103693,-0.01159137487411499,-0.011100426316261292,0.1772475391626358,0.01836036890745163,0.16338907182216644,-0.005596671253442764,0.00871360395103693,-0.01159137487411499,1.0,-0.09827725859176765,0.19749455591052484,0.8988865960299488,0.06941647618342572,0.20846336086075706,0.9024998346667857,0.0,0.0,0.0,0,0.0367
141,0,0.0,0.10338362832792376,0.09054686965935468,0.9909481840069381,0.9767481513109325,-0.02977125065623426,0.06723523023285018,-0.20138556393290513,0.0015486364026485496,-0.0006640088419955387,-0.037017068851831446,0.9587547856754831,0.13665227146506273,-1.3264831643972805,0.42665014129723206,2.401317417847379,0.579610014756013,0.2802290916442871,0.009991660714149475,0.285841166973114,-0.005137154832482338,0.024277444928884506,-0.017725205048918724,-0.01946192979812622,0.2802290916442871,0.009991660714149475,0.285841166973114,-0.005137154832482338,0.024277444928884506,-0.017725205048918724,1.0,-0.09827671483184401,0.19749458138946746,0.8988863813425613,0.06941647618342572,0.20846336086075706,0.9024998346667857,0.0,0.0,0.0,0,0.0376
142,0,0.0,0.10521392133935527,0.09163968411725043,0.993530447457827,0.9767955331241106,-0.03175595906343853,0.0688844915682336,-0.20029221740779413,0.001491844219635191,-0.0006169814588212006,-0.034829609425683125,0.9584137562264567,0.13651381427229073,-1.3211106538512478,0.4220226821328271,2.4014516334454616,0.5896451278904764,0.355918824672699,-0.002155110239982605,0.3540489077568054,-0.008478933945298195,0.03847229480743408,-0.026806142181158066,0.0018958818400278687,0.355918824672699,-0.002155110239982605,0.3540489077568054,-0.008478933945298195,0.03847229480743408,-0.026806142181158066,1.0,-0.09827495464699569,0.19749461922562428,0.8988744562231944,0.06941647618342572,0.20846336086075706,0.9024998346667857,0.0,0.0,0.0,0,0.0353
143,0,0.0,0.1076483512857296,0.09236280520410414,0.9963714938593936,0.9767920657309617,-0.03408885128096911,0.07074213151870419,-0.199275591509783,0.0014459165925924734,-0.0005723945578143655,-0.03279924031117278,0.9594646705757389,0.1359454978108125,-1.3124952654154816,0.41721256695550785,2.400100242282453,0.6004846271948351,0.3846401870250702,0.0044607967138290405,0.41321808099746704,-0.010135498829185963,0.041182227432727814,-0.033787891268730164,-0.015340087004005909,0.3846401870250702,0.0044607967138290405,0.41321808099746704,-0.010135498829185963,0.041182227432727814,-0.033787891268730164,1.0,-0.09827256671647623,0.19749472031265417,0.8988683499935406,0.06941647618342572,0.20846336086075706,0.9024998346667857,0.0,0.0,0.0,0,0.0355
144,1,0.0532,0.1105820963607404,0.09285633879933447,0.9997387529843673,0.9767658352680085,-0.03687018435128664,0.07247028341643783,-0.1982855279152569,0.0014025945997747742,-0.0005291708877412786,-0.0307851117817705,0.9613823801048911,0.13494921970385113,-1.3007229352431406,0.41176228715476554,2.3963379640040756,0.613030358881623,0.45706045627593994,-0.054043203592300415,0.588895857334137,-0.007055690512061119,0.06503648310899734,-0.01729821227490902,0.00826000701636076,0.45706045627593994,-0.054043203592300415,0.588895857334137,-0.007055690512061119,0.06503648310899734,-0.01729821227490902,1.0,-0.09827032805602147,0.19749480658492718,0.8988678492209322,0.06941647618342572,0.20846336086075706,0.9024998346667857,0.0,0.0,0.0,0,0.0374
145,0,0.0,0.11390052010653304,0.09311476330281579,1.0042895254748938,0.9767579442481047,-0.03958660337787279,0.07372096261405955,-0.19733737317719255,0.0013614628190139807,-0.00048747151704804935,-0.02892288248216329,0.9630177723589506,0.1334368609803265,-1.2858023360850488,0.405359833690124,2.38813125471852,0.6268717356649727,0.47132426500320435,-0.05433538556098938,0.5734678506851196,-0.010111860930919647,0.07610952109098434,-0.009443040937185287,-0.011240708641707897,0.47132426500320435,-0.05433538556098938,0.5734678506851196,-0.010111860930919647,0.07610952109098434,-0.009443040937185287,1.0,-0.09826833782178193,0.1974948939851134,0.8988688833163494,0.06941647618342572,0.20846336086075706,0.9024998346667857,0.0,0.0,0.0,0,0.0353
146,0,0.0,0.11748682517322083,0.09313298852590224,1.0096378811682045,0.9768248155498638,-0.041988071298838525,0.0742746617665405,-0.1962996592305844,0.0013215221492650078,-0.0004481344921983554,-0.027139313711366124,0.9652516555360701,0.1314089440613609,-1.2673109405974932,0.39778945157305323,2.37545878834279,0.6416074356989792,0.4153255224227905,-0.0662459284067154,0.5366288423538208,-0.0047002993524074554,0.10192836821079254,-0.001906534656882286,-0.016568981111049652,0.4153255224227905,-0.0662459284067154,0.5366288423538208,-0.0047002993524074554,0.10192836821079254,-0.001906534656882286,1.0,-0.09826654143143695,0.19749497913967956,0.898869929267484,0.06941647618342572,0.20846336086075706,0.9024998346667857,0.0,0.0,0.0,0,0.0346
147,0,0.0,0.12079363509236964,0.09313024590474839,1.0148148016207927,0.9770189754318304,-0.04414395092469131,0.07324666149732026,-0.19524384707946874,0.0012829289367894767,-0.00041084855067541294,-0.02538291654129468,0.9688168596048996,0.12905701233931072,-1.2460008640387303,0.3893255905517448,2.3579339680190246,0.657152469500525,0.3178855776786804,-0.05107793211936951,0.4808698296546936,0.001418333500623703,0.13266080617904663,-0.003462551161646843,-0.0015785126015543938,0.3178855776786804,-0.05107793211936951,0.4808698296546936,0.001418333500623703,0.13266080617904663,-0.003462551161646843,1.0,-0.09826492047651157,0.19749506183049165,0.8988708971281807,0.06941647618342572,0.20846336086075706,0.9024998346667857,0.0,0.0,0.0,0,0.0347
148,1,0.0541,0.1233263700019856,0.09317252319932023,1.0195784622551751,0.977342861985481,-0.04634738767995156,0.06977810501307627,-0.19438072394673334,0.0012458310208003874,-0.0003753194109513462,-0.02380240336682884,0.9732288613750371,0.1264765646097373,-1.2229991629885404,0.3805978610444504,2.334572350331614,0.6737550176999367,0.326183557510376,0.028555378317832947,0.422796368598938,0.00038113677874207497,0.05908874794840813,-0.0306685883551836,-0.016326462849974632,0.326183557510376,0.028555378317832947,0.422796368598938,0.00038113677874207497,0.05908874794840813,-0.0306685883551836,1.0,-0.09826345782421786,0.19749514232429138,0.8988717756235672,0.06941647618342572,0.20846336086075706,0.9024998346667857,0.0,0.0,0.0,0,0.0359
149,0,0.0,0.12637101953073965,0.0934255481193835,1.0246449332159653,0.9775150393066837,-0.0489920933910441,0.06702170540740575,-0.19383553265254938,0.0012116798888458327,-0.00033995981214136526,-0.022116422341400845,0.9791910102633459,0.12438681081814876,-1.1970901201474968,0.3725851890311761,2.311901067088243,0.6908134790463593,0.3091038167476654,-0.007224336266517639,0.4752093553543091,-0.0007318025454878807,0.0880148708820343,-0.036341872066259384,-0.015211653895676136,0.3091038167476654,-0.007224336266517639,0.4752093553543091,-0.0007318025454878807,0.0880148708820343,-0.036341872066259384,1.0,-0.09826213789137479,0.19749522086388874,0.8988725684484915,0.06941647618342572,0.20846336086075706,0.9024998346667857,0.0,0.0,0.0,0,0.037
150,0,0.0,0.1295390692799428,0.09369823058558777,1.0298080951758701,0.9776264291544123,-0.05215321688508001,0.06448771278215025,-0.19330789401226442,0.0011776247765514834,-0.00030748664780468445,-0.020389503111973715,0.9858772342554749,0.12236193091824794,-1.1698638108872297,0.36480019162626454,2.2889820771917666,0.708740892165728,0.2537946105003357,-0.03336368501186371,0.4354943037033081,0.0010145981796085835,0.07490146160125732,-0.03899698704481125,-0.009376843459904194,0.2537946105003357,-0.03336368501186371,0.4354943037033081,0.0010145981796085835,0.07490146160125732,-0.03899698704481125,1.0,-0.09826094659460193,0.1974952976619816,0.8988732826737539,0.06941647618342572,0.20846336086075706,0.9024998346667857,0.0,0.0,0.0,0,0.0351
151,0,0.0,0.13241122315338205,0.09370889083090012,1.0351195880078856,0.977764602286361,-0.05563733619611971,0.06135971446850033,-0.19265475539715465,0.0011448937525763837,-0.000276540360906599,-0.01886204017982031,0.9925069250315474,0.12009732864160393,-1.1420973064892557,0.35716857634880567,2.2643329184077503,0.7271314015162726,0.2954631447792053,-0.03620433807373047,0.39802664518356323,-0.0009395070374011993,0.07145079970359802,-0.04184305667877197,-0.02220882661640644,0.2954631447792053,-0.03620433807373047,0.39802664518356323,-0.0009395070374011993,0.07145079970359802,-0.04184305667877197,1.0,-0.09825987122958052,0.1974953729032686,0.8988739256808231,0.06941647618342572,0.20846336086075706,0.9024998346667857,0.0,0.0,0.0,0,0.0351
152,1,0.0564,0.13538366166795998,0.09355084232332495,1.040252366003989,0.9778505710030354,-0.05932194547060282,0.058718066349557216,-0.19194102286584827,0.0011134124924594361,-0.00024707304685680186,-0.0174037812528521,1.0002084231235941,0.1178830146375825,-1.1133081273661287,0.34999985087812807,2.2407382889806504,0.7451397498628899,0.4721147119998932,0.11829111725091934,0.9082675576210022,-0.004246963653713465,0.03959500044584274,-0.08305582404136658,0.005801783408969641,0.4721147119998932,0.11829111725091934,0.9082675576210022,-0.004246963653713465,0.03959500044584274,-0.08305582404136658,1.0,-0.09825890034256167,0.19749544674816286,0.8988745043962312,0.06941647618342572,0.20846336086075706,0.9024998346667857,0.0,0.0,0.0,0,0.0365
153,0,0.0,0.1396064293024255,0.09387712573307876,1.0480087533107616,0.9775864920431235,-0.06376878651547357,0.0586722940317574,-0.19187431916286576,0.0010887804846443012,-0.0002133785899564527,-0.015656359819483268,1.0068496599696546,0.11651865302361981,-1.0810343794789883,0.34362354828082453,2.218678082992948,0.765132785316802,0.43729910254478455,0.14134271442890167,0.6819176077842712,-0.0029685720801353455,0.03776216506958008,-0.07285944372415543,0.006113635841757059,0.43729910254478455,0.14134271442890167,0.6819176077842712,-0.0029685720801353455,0.03776216506958008,-0.07285944372415543,1.0,-0.09825802360926159,0.1974955193363623,0.8988750251380683,0.06941647618342572,0.20846336086075706,0.9024998346667857,0.0,0.0,0.0,0,0.0359
154,0,0.0,0.14428467004561696,0.09504165805319495,1.0569780422988349,0.9771574741337701,-0.06889073693534004,0.05978907169594061,-0.19194427320124008,0.001062279990733927,-0.0001840660364784253,-0.013085647280969857,1.0139059526276453,0.11591810862592206,-1.0465053182998887,0.3365869083016724,2.1976006880649424,0.7877685313890299,0.3080519139766693,0.15080919861793518,0.35340726375579834,-0.0018395287916064262,0.015410888008773327,-0.03438088297843933,0.0024720027577131987,0.3080519139766693,0.15080919861793518,0.35340726375579834,-0.0018395287916064262,0.015410888008773327,-0.03438088297843933,1.0,-0.09825723172339017,0.19749559078487522,0.8988754936187372,0.06941647618342572,0.20846336086075706,0.9024998346667857,0.0,0.0,0.0,0,0.0363
155,0,0.0,0.14827806658616047,0.0969880941367312,1.0635035568242348,0.9768988266950099,-0.0729557726684193,0.06028905757877119,-0.1916021063885506,0.0010350286910908377,-0.00015789599650505015,-0.009694623336959756,1.0243196249858555,0.11601665727823443,-1.0121210894277377,0.32861361268479944,2.178512923060045,0.8084668206652693,0.35035037994384766,0.08015786111354828,0.04576243460178375,0.004629758186638355,0.018284063786268234,0.011883936822414398,0.02570573054254055,0.35035037994384766,0.08015786111354828,0.04576243460178375,0.004629758186638355,0.018284063786268234,0.011883936822414398,1.0,-0.09825651611192726,0.19749565805892547,0.8988759137851143,0.06941647618342572,0.20846336086075706,0.9024998346667857,0.0,0.0,0.0,0,0.0362
156,1,0.0534,0.15186659154345797,0.09926349888311388,1.0664420497904832,0.9768213961376138,-0.07505200882206597,0.06096843132799721,-0.19097121877638534,0.0010067871761356823,-0.00013499920249413999,-0.0058967182149957265,1.0397916780078054,0.11668593394703732,-0.9779065034205144,0.32070561620028626,2.1641721565365906,0.8236044148497647,0.12686093151569366,-0.1349322348833084,-0.08826014399528503,0.0708870217204094,0.010661608539521694,-0.024510197341442108,0.0008124759187921882,0.12686093151569366,-0.1349322348833084,-0.08826014399528503,0.0708870217204094,0.010661608539521694,-0.024510197341442108,1.0,-0.09825586855456213,0.19749571119906387,0.8988762873104379,0.06941647618342572,0.20846336086075706,0.9024998346667857,0.0,0.0,0.0,0,0.0377
157,0,0.0,0.15456644883790824,0.10075268197879034,1.0669043585852371,0.9766562535313779,-0.076821494958697,0.06007088566111289,-0.19139620959217624,0.0009780744362757783,-0.0001147548676230181,-0.00360157701625176,1.0573752739748297,0.11720616939469831,-0.9450803263976019,0.31660625150691507,2.1489162075506187,0.834321214257707,-0.2665117383003235,-0.1859786957502365,-0.5455893874168396,0.0928465947508812,-0.031502511352300644,0.022910982370376587,0.002383257495239377,-0.2665117383003235,-0.1859786957502365,-0.5455893874168396,0.0928465947508812,-0.031502511352300644,0.022910982370376587,1.0,-0.09825528216559042,0.19749575308053938,0.8988766204450843,0.06941647618342572,0.20846336086075706,0.9024998346667857,0.0,0.0,0.0,0,0.0368
158,0,0.0,0.15523296054843896,0.10095960391234483,1.065276859377789,0.9764911892091144,-0.07731449629384418,0.055259666465025115,-0.19347815205333035,0.000949514151911669,-9.64476187104869e-05,-0.004000149867946845,1.0740371870900638,0.1174903827241678,-0.9173943707406772,0.31790580019172887,2.128197463669639,0.837414619573166,-0.5465351343154907,-0.1284247785806656,-0.7693929076194763,0.06294258683919907,-0.05329282581806183,0.05585738271474838,-0.020010510459542274,-0.5465351343154907,-0.1284247785806656,-0.7693929076194763,0.06294258683919907,-0.05329282581806183,0.05585738271474838,1.0,-0.09825473608551437,0.19749574747593565,0.898876799440033,0.06941647618342572,0.20846336086075706,0.9024998346667857,0.0,0.0,0.0,0,0.0365
159,0,0.0,0.1537914824345594,0.09999914664878787,1.0613312790731584,0.9766339000823318,-0.07452809325183507,0.047238990722689986,-0.19595985885308362,0.0009225550355907372,-7.855792477004811e-05,-0.006521220395966472,1.0887199567774106,0.11742878845871374,-0.8971124340644251,0.32185551378725397,2.1042931565541485,0.8306869515270919,-0.809186577796936,0.10720928758382797,-0.942111074924469,0.018000438809394836,-0.13823053240776062,0.06773298233747482,0.008561601862311363,-0.809186577796936,0.10720928758382797,-0.942111074924469,0.018000438809394836,-0.13823053240776062,0.06773298233747482,1.0,-0.09825419315699775,0.19749571862153484,0.8988767082293205,0.06941647618342572,0.20846336086075706,0.9024998346667857,0.0,0.0,0.0,0,0.0366
160,1,0.0543,0.1510448513018886,0.09881828284687663,1.0562714875481762,0.9770615294151705,-0.06833131629047412,0.03838986519340491,-0.19800963916266792,0.0009206724122795307,-7.894982362849388e-05,-0.009591628537597003,1.1001251865059394,0.11751508059327566,-0.8848155976147364,0.3256483448218227,2.0819685720432637,0.8162950761659027,-0.4694523811340332,0.00820264220237732,-0.8628621697425842,0.03032838925719261,-0.12015179544687271,0.03406805172562599,1.0600905418395996,-0.4694523811340332,0.00820264220237732,-0.8628621697425842,0.03032838925719261,-0.12015179544687271,0.03406805172562599,-1.0,-0.09825364957959822,0.19749569780570933,0.8988765146987366,0.06941647618342572,0.20846336086075706,0.9024998346667857,0.0,0.0,0.0,0,0.0373
161,0,0.0,0.14908345019084862,0.09755085949854,1.0505715604103447,0.9772834809433755,-0.06214308105211935,0.03306753654428874,-0.19990441060526887,0.0012303222242783963,-0.00040531325847294723,-0.012433050108679611,1.1104597643440821,0.11775270208022438,-0.8780027003405544,0.329877040722052,2.071298534192396,0.7998792126033657,-0.6519381403923035,-0.010816872119903564,-0.9502828121185303,0.02453579008579254,-0.11462646722793579,0.08564969152212143,1.0612620115280151,-0.6519381403923035,-0.010816872119903564,-0.9502828121185303,0.02453579008579254,-0.11462646722793579,0.08564969152212143,-1.0,-0.09825310570884936,0.19749570877240308,0.8988762927098715,0.06941647618342572,0.20846336086075706,0.9024998346667857,0.0,0.0,0.0,0,0.0375
162,0,0.0,0.14658644777350488,0.09628461225845063,1.043430938231634,0.9774775741382549,-0.055420132281109535,0.027916540680821687,-0.2017098603220772,0.00320740134720691,-0.0024194322857668616,-0.01539293045030678,1.1194050158991375,0.11806164240009277,-0.8772895718411209,0.3343968389389139,2.064520359633037,0.7806846469899618,-0.6992665529251099,0.0014226287603378296,-0.9514428377151489,0.027803830802440643,-0.12123020738363266,0.10451056063175201,1.0618517398834229,-0.6992665529251099,0.0014226287603378296,-0.9514428377151489,0.027803830802440643,-0.12123020738363266,0.10451056063175201,-1.0,-0.09825039986198582,0.1974958419644196,0.8988600369718796,0.06941647618342572,0.20846336086075706,0.9024998346667857,0.0,0.0,0.0,0,0.0355
163,0,0.0,0.14311506038091676,0.09504790527479953,1.0358138106015524,0.9776870251359073,-0.046840825780682716,0.02206583065973093,-0.2035856503744254,0.006500783633611656,-0.0057254028661622445,-0.018743837483737282,1.1254382341370361,0.11852301371899993,-0.8826492655004273,0.3393017981131427,2.058679833436093,0.7570767614421056,-0.7500466704368591,-0.004333287477493286,-0.9514829516410828,0.02067885547876358,-0.13221631944179535,0.10336056351661682,0.9873254895210266,-0.7500466704368591,-0.004333287477493286,-0.9514829516410828,0.02067885547876358,-0.13221631944179535,0.10336056351661682,-1.0,-0.09824805502723281,0.1974959179710835,0.8988576582744218,0.06941647618342572,0.20846336086075706,0.9024998346667857,0.0,0.0,0.0,0,0.0368
164,1,0.0548,0.13916003720301062,0.0935962912991477,1.0281208802864026,0.9777932615329434,-0.03748629024769612,0.016530350558081927,-0.20552825415173562,0.01053240778588216,-0.009780102222582826,-0.022497092082496253,1.1285562130750528,0.11885528133657658,-0.893656165670852,0.3447238533458926,2.0555303681971178,0.7307169553939581,-0.5218174457550049,-0.028444230556488037,-0.877802848815918,0.04943149536848068,-0.1585139036178589,0.01910443976521492,1.0003552436828613,-0.5218174457550049,-0.028444230556488037,-0.877802848815918,0.04943149536848068,-0.1585139036178589,0.01910443976521492,-1.0,-0.0982459363844202,0.19749599492226239,0.898858334414387,0.06941647618342572,0.20846336086075706,0.9024998346667857,0.0,0.0,0.0,0,0.0365
165,0,0.0,0.13630920139793815,0.09186235567467967,1.0208067700321077,0.9774974279042665,-0.03044009044177498,0.014443956702836061,-0.20823916886408655,0.01499421800253284,-0.014241761342489107,-0.026565364399308223,1.130366487551315,0.11932920669691151,-0.9081102401194727,0.35287236669513555,2.0621353263082076,0.7056821925074473,-0.6267593502998352,-0.015665650367736816,-0.9185634255409241,0.04673955589532852,-0.13945020735263824,0.03401758894324303,1.0236855745315552,-0.6267593502998352,-0.015665650367736816,-0.9185634255409241,0.04673955589532852,-0.13945020735263824,0.03401758894324303,-1.0,-0.09824403654765748,0.19749607134915836,0.8988594166753676,0.06941647618342572,0.20846336086075706,0.9024998346667857,0.0,0.0,0.0,0,0.0355
166,0,0.0,0.13329208454256292,0.09024867941215658,1.0129021746738787,0.976943600240273,-0.025054197439798476,0.013085498920604177,-0.21161819122707384,0.01968584754948017,-0.01894409394992508,-0.03084395500957507,1.1307621133800556,0.12005515384660755,-0.9273646059007729,0.3630293238451039,2.0731551341860737,0.6812995553908023,-0.7703153491020203,-0.008200392127037048,-0.9778221249580383,0.04398978874087334,-0.13796266913414001,0.044383324682712555,1.005160927772522,-0.7703153491020203,-0.008200392127037048,-0.9778221249580383,0.04398978874087334,-0.13796266913414001,0.044383324682712555,-1.0,-0.09824232204835112,0.1974961466511879,0.8988604339132539,0.06941647618342572,0.20846336086075706,0.9024998346667857,0.0,0.0,0.0,0,0.0348
167,0,0.0,0.12893018649493637,0.08870204887715408,1.0043158538135621,0.9763613655544225,-0.019214008697834906,0.010335359287830054,-0.2150406614360481,0.024509602680610035,-0.02377606338882216,-0.03540671536820317,1.1284378955085306,0.1207407224083729,-0.9527685073418045,0.37372623254754334,2.0842012535190855,0.6550235097393211,-0.6469546556472778,-0.019550010561943054,-0.9235365390777588,0.03550245240330696,-0.12443208694458008,0.04331646114587784,0.9992470741271973,-0.6469546556472778,-0.019550010561943054,-0.9235365390777588,0.03550245240330696,-0.12443208694458008,0.04331646114587784,-1.0,-0.09824077512909904,0.19749622082811233,0.8988613622543977,0.06941647618342572,0.20846336086075706,0.9024998346667857,0.0,0.0,0.0,0,0.0349
168,1,0.0549,0.12423926673579701,0.08701229840550795,0.9954683497361039,0.9757650040255713,-0.013447339261812852,0.008577972192248429,-0.21823896164255946,0.02941024462440965,-0.02867821084480047,-0.040023967469181354,1.124282958538912,0.12138152077361891,-0.9826969439818649,0.3850371504348226,2.099797255822527,0.6271899413395795,-0.6540799736976624,0.13475686311721802,-0.6554407477378845,0.01967906579375267,-0.17794136703014374,0.02514132484793663,0.9968794584274292,-0.6540799736976624,0.13475686311721802,-0.6554407477378845,0.01967906579375267,-0.17794136703014374,0.02514132484793663,-1.0,-0.09823937931895775,0.19749629387653617,0.898862201404602,0.06941647618342572,0.20846336086075706,0.9024998346667857,0.0,0.0,0.0,0,0.0355
169,0,0.0,0.11994196339517718,0.08585693693434102,0.9881387626463737,0.9751047187978511,-0.0077085089209861235,0.009067515056644326,-0.22142526151971814,0.033675107936642544,-0.032849463654068926,-0.04422144138918846,1.116816876809607,0.12279595679485732,-1.0156756813058416,0.3969497441853267,2.1197226133324354,0.5988596248461596,-0.5534102916717529,0.1075233668088913,-0.8210195899009705,0.033002592623233795,-0.16007071733474731,0.029614143073558807,1.0157281160354614,-0.5534102916717529,0.1075233668088913,-0.8210195899009705,0.033002592623233795,-0.16007071733474731,0.029614143073558807,-1.0,-0.09823811970739615,0.197496365819307,0.8988629577281814,0.06941647618342572,0.20846336086075706,0.9024998346667857,0.0,0.0,0.0,0,0.0347
170,0,0.0,0.1158488977299794,0.08549181904102654,0.9810770653790781,0.9744331396192238,-0.0024614340069979423,0.011670028505806881,-0.22436088827851447,0.03620197386054145,-0.03534891114090445,-0.047633650227727906,1.1080966776740675,0.12516294240116765,-1.0519402759029775,0.40949516485700693,2.1462676776201914,0.5705060339409763,-0.32239866256713867,0.11169224977493286,-0.8184499740600586,0.02889207750558853,-0.14816351234912872,0.032745055854320526,1.0217164754867554,-0.32239866256713867,0.11169224977493286,-0.8184499740600586,0.02889207750558853,-0.14816351234912872,0.032745055854320526,-1.0,-0.09823698283822685,0.1974964366942108,0.8988636387432803,0.06941647618342572,0.20846336086075706,0.9024998346667857,0.0,0.0,0.0,0,0.0351
171,0,0.0,0.11225147960276197,0.08579308252708182,0.9724023250125617,0.9738042760398937,0.0019099630333188622,0.017252039236169844,-0.2267243946950172,0.037625928183537494,-0.0367541476291115,-0.050035265063519,1.1020595811695788,0.12864405938218745,-1.0891034219420728,0.42303859551189527,2.1829388212963687,0.541393337624953,-0.18476217985153198,0.06233837455511093,-0.7670076489448547,0.030687890946865082,-0.10053964704275131,0.022895246744155884,1.0629916191101074,-0.18476217985153198,0.06233837455511093,-0.7670076489448547,0.030687890946865082,-0.10053964704275131,0.022895246744155884,-1.0,-0.09823595657898955,0.19749650654791936,0.8988642517074106,0.06941647618342572,0.20846336086075706,0.9024998346667857,0.0,0.0,0.0,0,0.0346
172,1,0.0553,0.10887478970770666,0.08652798398963632,0.9624603094382982,0.9732385378765622,0.005114470622136658,0.024510413855201085,-0.22842904849163287,0.03842456587099368,-0.03754337528624562,-0.0516468599123297,1.0990131368361642,0.1328737021753564,-1.1251612489055889,0.43722110246645945,2.2253445045447893,0.5130709259854309,0.22838148474693298,0.05089835822582245,0.451127827167511,-0.014847317710518837,0.0004268903285264969,-0.026867950335144997,-0.027289172634482384,0.22838148474693298,0.05089835822582245,0.451127827167511,-0.014847317710518837,0.0004268903285264969,-0.026867950335144997,1.0,-0.09823502999395177,0.19749657543214216,0.8988648032926534,0.06941647618342572,0.20846336086075706,0.9024998346667857,0.0,0.0,0.0,0,0.0362
173,0,0.0,0.10672415878217009,0.08662394054638575,0.9570608920861492,0.9727566689260531,0.006080998760597034,0.03175924337619506,-0.22956226818476333,0.0385406113224535,-0.03759212476745938,-0.0534488994433008,1.0922084829383012,0.13616441824354084,-1.1550684482792393,0.44974372236914434,2.259422875181555,0.49302734118316893,0.130722314119339,0.01654192805290222,0.488558828830719,-0.00024073664098978043,0.004903084598481655,-0.05146733671426773,-0.029443178325891495,0.130722314119339,0.01654192805290222,0.488558828830719,-0.00024073664098978043,0.004903084598481655,-0.05146733671426773,1.0,-0.09823419322711381,0.19749664340096781,0.8988652995486445,0.06941647618342572,0.20846336086075706,0.9024998346667857,0.0,0.0,0.0,0,0.0362
174,0,0.0,0.10574052049858366,0.0862246940270997,0.9585744631598794,0.9723997509954785,0.00450720124533327,0.037331079206928526,-0.23027114436270615,0.03705215404299249,-0.03602334293023948,-0.05524876060578018,1.077701838244925,0.13792484801560081,-1.1804822548837546,0.45907377345135847,2.280166955442866,0.4848395166967006,0.1295546591281891,0.034546077251434326,0.5772905945777893,-0.0006731557659804821,0.0013387668877840042,-0.0629107728600502,0.010854690335690975,0.1295546591281891,0.034546077251434326,0.5772905945777893,-0.0006731557659804821,0.0013387668877840042,-0.0629107728600502,1.0,-0.09823343739603443,0.19749671050898246,0.8988657459381655,0.06941647618342572,0.20846336086075706,0.9024998346667857,0.0,0.0,0.0,0,0.0364
175,0,0.0,0.10523537657294636,0.08601270733013225,0.963020311017738,0.9721059966611819,0.0013031894816977196,0.04177766300366614,-0.23078747762063478,0.03404478714160979,-0.032980234808977535,-0.05654853376760967,1.0603145968180594,0.13912301293510512,-1.2030698065414271,0.46633621433657396,2.2946991421329788,0.48393574227148506,0.18030831217765808,0.00402773916721344,0.6341559886932373,-0.003258247161284089,0.006133091636002064,-0.06813366711139679,-0.013698951341211796,0.18030831217765808,0.00402773916721344,0.6341559886932373,-0.003258247161284089,0.006133091636002064,-0.06813366711139679,1.0,-0.09823275441094687,0.1974967754632149,0.8988661468052174,0.06941647618342572,0.20846336086075706,0.9024998346667857,0.0,0.0,0.0,0,0.0362
176,1,0.0536,0.10531484702269543,0.0859083747138151,0.9690279519263305,0.9718950939617494,-0.0027282920348953854,0.04605193524335175,-0.23084995563351396,0.0301582780199915,-0.029089050966161278,-0.05722878408559274,1.0422976704898863,0.13984976373454258,-1.2225339211364896,0.4716145046710879,2.306336340886372,0.4876167169376145,-0.004916787147521973,0.09033951908349991,-0.24293772876262665,-0.0009017358534038067,-0.020721737295389175,0.007184326648712158,-0.018566833809018135,-0.004916787147521973,0.09033951908349991,-0.24293772876262665,-0.0009017358534038067,-0.020721737295389175,0.007184326648712158,1.0,-0.0982321363191046,0.19749682625477652,0.8988665026369786,0.06941647618342572,0.20846336086075706,0.9024998346667857,0.0,0.0,0.0,0,0.0377
177,0,0.0,0.10479028176122672,0.08694389930235066,0.9709363993406325,0.9718675916673132,-0.005432559493836586,0.04976208880812115,-0.23014692281578325,0.025743257675966826,-0.024750070429212297,-0.05629554560998508,1.0321725751440192,0.1415340832078795,-1.239230441967225,0.47475426392227404,2.322108179310116,0.48921913890145,0.09756922721862793,0.06699572503566742,0.15863917768001556,-0.014651386067271233,-0.016866281628608704,-0.00022722221910953522,-0.013288138434290886,0.09756922721862793,0.06699572503566742,0.15863917768001556,-0.014651386067271233,-0.016866281628608704,-0.00022722221910953522,1.0,-0.09823157498347407,0.19749686429411153,0.8988668075272007,0.06941647618342572,0.20846336086075706,0.9024998346667857,0.0,0.0,0.0,0,0.037
178,0,0.0,0.10411027606312018,0.08861682727398434,0.9703885940876021,0.9719293461377971,-0.006150140418532901,0.05350870020013918,-0.2290247604340583,0.021095639363640117,-0.020093782410210592,-0.054693203705150725,1.0266658368206547,0.14379896028496977,-1.2529742380105822,0.4765571515376055,2.3392612982363423,0.48768237189798297,0.13706298172473907,-0.02137809991836548,0.29070842266082764,-0.020313933491706848,0.019449524581432343,-0.015451282262802124,0.008971615694463253,0.13706298172473907,-0.02137809991836548,0.29070842266082764,-0.020313933491706848,0.019449524581432343,-0.015451282262802124,1.0,-0.09823103161095986,0.19749679886404722,0.8988668298398401,0.06941647618342572,0.20846336086075706,0.9024998346667857,0.0,0.0,0.0,0,0.0393
179,0,0.0,0.10381529648756328,0.08937117436207392,0.9715491987399261,0.9720946573029967,-0.006990585473765298,0.05664117756493929,-0.2275409544714078,0.016284156530620767,-0.015296435047354562,-0.05351306520750703,1.0195628750577155,0.1446594377310897,-1.2643917803268678,0.47684946450601773,2.3512285496281016,0.48843306982513307,0.2477182298898697,0.008453503251075745,0.46269702911376953,-0.028690893203020096,0.026165571063756943,-0.01433153823018074,-0.008217128925025463,0.2477182298898697,0.008453503251075745,0.46269702911376953,-0.028690893203020096,0.026165571063756943,-0.01433153823018074,1.0,-0.09823048804940666,0.19749676395625954,0.8988666775172384,0.06941647618342572,0.20846336086075706,0.9024998346667857,0.0,0.0,0.0,0,0.0375
180,1,0.0547,0.10423063839891239,0.08961120090191876,0.9744567177295986,0.9722990753429477,-0.008378233600908114,0.059542313438744526,-0.22587391659804051,0.011408022994859785,-0.010392945959032939,-0.052363791410594884,1.011579480664163,0.1445916979694324,-1.2723534445211333,0.47570018898407207,2.358964339255424,0.4924083339184902,0.1750832200050354,0.006941124796867371,0.28013843297958374,-0.016493938863277435,0.0012496253475546837,-0.01764010824263096,-0.017499849200248718,0.1750832200050354,0.006941124796867371,0.28013843297958374,-0.016493938863277435,0.0012496253475546837,-0.01764010824263096,1.0,-0.09822994475130041,0.19749677757627634,0.8988664686110812,0.06941647618342572,0.20846336086075706,0.9024998346667857,0.0,0.0,0.0,0,0.0415
181,0,0.0,0.10516442158085011,0.09005735300697158,0.9777815117701906,0.9724811188895993,-0.009887713411046828,0.06235100522050023,-0.22426559850927955,0.007200130954782104,-0.006188683225534131,-0.050898214136065593,1.0049655435940512,0.144507643419103,-1.2769406851657956,0.47355599822248223,2.3648026476021204,0.49813810609394654,0.17056939005851746,-0.014675065875053406,0.22643275558948517,-0.01532655581831932,0.011482364498078823,-0.018078142777085304,-0.019227728247642517,0.17056939005851746,-0.014675065875053406,0.22643275558948517,-0.01532655581831932,0.011482364498078823,-0.018078142777085304,1.0,-0.09822739912721826,0.19749691448823894,0.8988506856395191,0.06941647618342572,0.20846336086075706,0.9024998346667857,0.0,0.0,0.0,0,0.0352
182,0,0.0,0.10612603867025432,0.0905289430071615,0.9803048740358326,0.9726596111241931,-0.011506904132047802,0.0646459527664609,-0.22275945060972083,0.004683201130462727,-0.0037053003799850204,-0.049337575604236246,1.0006174708716158,0.14429502358401558,-1.2792896681811126,0.4710705320684579,2.3695885011672164,0.5043384551665109,0.13178732991218567,-0.0002180933952331543,0.2280539721250534,-0.02600061148405075,0.017536263912916183,-0.023814547806978226,0.008642202243208885,0.13178732991218567,-0.0002180933952331543,0.2280539721250534,-0.02600061148405075,0.017536263912916183,-0.023814547806978226,1.0,-0.09822504605525018,0.19749698821288933,0.8988478534786337,0.06941647618342572,0.20846336086075706,0.9024998346667857,0.0,0.0,0.0,0,0.0368
183,0,0.0,0.10695848882848843,0.0907631274368085,0.9824245071944836,0.9729118641550901,-0.013235052106332412,0.06607628316279815,-0.22113629911300947,0.003264827037671153,-0.002311519091542517,-0.04780203021594284,0.9972864564946841,0.14355926006594377,-1.280230010789262,0.4677336118437559,2.372230186019343,0.5115046697778527,0.1846270114183426,0.025056280195713043,0.33965373039245605,-0.03646361082792282,0.06326495856046677,-0.023382291197776794,-0.003204033011570573,0.1846270114183426,0.025056280195713043,0.33965373039245605,-0.03646361082792282,0.06326495856046677,-0.023382291197776794,1.0,-0.09822290236093469,0.19749706288235666,0.8988483941853244,0.06941647618342572,0.20846336086075706,0.9024998346667857,0.0,0.0,0.0,0,0.0357
184,1,0.0543,0.1076267914648818,0.09087071625400307,0.9847461966114339,0.9733002396335085,-0.015253551916251329,0.06633521872181612,-0.21921133967114947,0.0024759019290305968,-0.00152540791699401,-0.046083125495918816,0.9938789047285891,0.14217830155327865,-1.2799729122469088,0.46265878996864174,2.371601076027199,0.5213062722867359,-0.06972591578960419,0.20835331082344055,-0.37500470876693726,-0.0014611044898629189,-0.04357685148715973,0.007871977984905243,0.9985909461975098,-0.06972591578960419,0.20835331082344055,-0.37500470876693726,-0.0014611044898629189,-0.04357685148715973,0.007871977984905243,-1.0,-0.0982209847140104,0.19749713689024712,0.8988494840719295,0.06941647618342572,0.20846336086075706,0.9024998346667857,0.0,0.0,0.0,0,0.0372
185,0,0.0,0.10807157198872439,0.0927428819241439,0.9847293517933299,0.9735537261583317,-0.016170999010526432,0.06660564932154388,-0.2179342298783833,0.0024006596284041767,-0.0014427219164351874,-0.04334277693641867,0.9954617639937483,0.14299487124588153,-1.2781416561912728,0.45815559221983926,2.3745067900638563,0.5284994189739939,0.12575393915176392,0.22247061133384705,-0.2199268937110901,0.002992517314851284,-0.00039280205965042114,-0.002206234261393547,1.0620173215866089,0.12575393915176392,0.22247061133384705,-0.2199268937110901,0.002992517314851284,-0.00039280205965042114,-0.002206234261393547,-1.0,-0.09821925411591252,0.19749720969866383,0.8988505101609862,0.06941647618342572,0.20846336086075706,0.9024998346667857,0.0,0.0,0.0,0,0.0354
186,0,0.0,0.10863313312778579,0.09596188090194092,0.9819758000068801,0.9735556895163553,-0.016332888950346625,0.06802657300504864,-0.21747400192679844,0.003926474758753992,-0.002981084040822082,-0.04001104404546457,1.0024094119712492,0.14571828060530176,-1.2746092854293938,0.45562060081208106,2.383057966615266,0.5321370483303407,0.19880002737045288,0.19462314248085022,-0.1041543036699295,-0.001208670437335968,-0.0010195113718509674,-0.0029839687049388885,-0.042693089693784714,0.19880002737045288,0.19462314248085022,-0.1041543036699295,-0.001208670437335968,-0.0010195113718509674,-0.0029839687049388885,1.0,-0.09821769275182676,0.19749728131719488,0.8988514472521602,0.06941647618342572,0.20846336086075706,0.9024998346667857,0.0,0.0,0.0,0,0.0347
187,0,0.0,0.10978563857479627,0.09910509970599662,0.9792325776100258,0.9734587128052388,-0.016811094598609688,0.07018145799479038,-0.21718675032259385,0.005495763756622704,-0.004554479029778192,-0.03667403121245834,1.0108114659256708,0.14844480470153448,-1.2686055624360502,0.4533898491695428,2.3920535426182785,0.5359493853926466,0.234541654586792,0.15215739607810974,0.07027184963226318,-0.007350911386311054,-0.0019674450159072876,-0.0017911847680807114,-0.01771298050880432,0.234541654586792,0.15215739607810974,0.07027184963226318,-0.007350911386311054,-0.0019674450159072876,-0.0017911847680807114,1.0,-0.09821628398525772,0.19749735175246463,0.8988522944698895,0.06941647618342572,0.20846336086075706,0.9024998346667857,0.0,0.0,0.0,0,0.0348
188,1,0.0531,0.11144772748723107,0.10171775857307477,0.9778417428727806,0.9733671955055255,-0.01716585803749965,0.07253578150889907,-0.21679528692394645,0.005101354101055385,-0.004160669074504474,-0.033638055387202916,1.0180642017888442,0.15047461661772188,-1.2607751849043423,0.450477720516979,2.398298581724218,0.5403779751945973,0.020954295992851257,0.030277177691459656,0.36351561546325684,-0.0019671402405947447,0.016994960606098175,-0.03436382859945297,-0.022543596103787422,0.020954295992851257,0.030277177691459656,0.36351561546325684,-0.0019671402405947447,0.016994960606098175,-0.03436382859945297,1.0,-0.09821501275383816,0.19749742103813553,0.8988530580897086,0.06941647618342572,0.20846336086075706,0.9024998346667857,0.0,0.0,0.0,0,0.0363
189,0,0.0,0.11247564643282758,0.10303949736962739,0.9794258570258871,0.9734162597550824,-0.01795695464839636,0.07248094297233115,-0.21652908795361286,0.003640998128707444,-0.002700689245834905,-0.03196338582728562,1.0184083525873124,0.15057823024573797,-1.2555538312363184,0.4470226266206577,2.3948184786381144,0.5475166853185451,0.1170063316822052,0.028213560581207275,0.5529904365539551,-0.006453225389122963,0.046968523412942886,-0.04728353023529053,-0.019316552206873894,0.1170063316822052,0.028213560581207275,0.5529904365539551,-0.006453225389122963,0.046968523412942886,-0.04728353023529053,1.0,-0.09821386546421128,0.19749748922139088,0.8988537456659165,0.06941647618342572,0.20846336086075706,0.9024998346667857,0.0,0.0,0.0,0,0.0357
190,0,0.0,0.11332835155455491,0.10316478307048746,0.9843755033603571,0.9735057467826522,-0.02017417875315275,0.0710816467719408,-0.21639538577560913,0.002697658535483126,-0.0017427536618229154,-0.03138752056384378,1.0122181318499506,0.14920538393759117,-1.2525206675085403,0.4435011853836884,2.384827671131884,0.5586410956238127,0.1502261757850647,0.04112551361322403,0.649794340133667,-0.007983770221471786,0.050344452261924744,-0.05643502250313759,0.006412299815565348,0.1502261757850647,0.04112551361322403,0.649794340133667,-0.007983770221471786,0.050344452261924744,-0.05643502250313759,1.0,-0.09821282986055306,0.19749755635661406,0.8988543645197793,0.06941647618342572,0.20846336086075706,0.9024998346667857,0.0,0.0,0.0,0,0.0354
191,0,0.0,0.11455312200620929,0.1030890933487301,0.9912646369718942,0.973573080517811,-0.02353023287719669,0.06976719318853847,-0.21618122903341205,0.0021713555576693164,-0.0011972603650446602,-0.030836278404477342,1.0034654752677794,0.1474377257267138,-1.2491543875256184,0.43934879026479035,2.3728182012397174,0.5733125372652207,0.10750792175531387,-0.005510151386260986,0.6894468069076538,0.0011593089438974857,0.04590245708823204,-0.06612786650657654,-0.008697109296917915,0.10750792175531387,-0.005510151386260986,0.6894468069076538,0.0011593089438974857,0.04590245708823204,-0.06612786650657654,1.0,-0.0982118948963382,0.19749762250174313,0.8988549213891092,0.06941647618342572,0.20846336086075706,0.9024998346667857,0.0,0.0,0.0,0,0.0355
192,1,0.0547,0.11582563911954641,0.10296286438925334,0.9993919538079907,0.9736250547290448,-0.02760820158342553,0.06823091007347014,-0.215955048377524,0.0018723281398427291,-0.0008956554982454992,-0.030320611421798583,0.9928742831905827,0.14544129539614187,-1.245805664692382,0.4348511732428001,2.3589301042325674,0.5903208169425971,0.11538194119930267,0.13566076755523682,0.14830704033374786,-0.001548144267871976,0.03428126126527786,-0.03684346377849579,0.09537079930305481,0.11538194119930267,0.13566076755523682,0.14830704033374786,-0.001548144267871976,0.03428126126527786,-0.03684346377849579,1.0,-0.09821105061611202,0.19749768771587986,0.8988554223848687,0.06941647618342572,0.20846336086075706,0.9024998346667857,0.0,0.0,0.0,0,0.0358
193,0,0.0,0.11701985888695514,0.1037661971431503,1.0050385192735818,0.9736507546605722,-0.03157201862122755,0.06720979755773632,-0.2156159982499588,0.0016884352825911118,-0.0007425381911866497,-0.02879588044662627,0.9873039314511314,0.1446027893406224,-1.241248765330242,0.4302492192346553,2.350277498200587,0.6063408899439752,0.31148698925971985,0.012056559324264526,0.1973872035741806,-0.00011496152728796005,0.08330134302377701,-0.042871445417404175,-0.016591515392065048,0.31148698925971985,0.012056559324264526,0.1973872035741806,-0.00011496152728796005,0.08330134302377701,-0.042871445417404175,1.0,-0.0982102880481756,0.1974977520576492,0.8988558730255373,0.06941647618342572,0.20846336086075706,0.9024998346667857,0.0,0.0,0.0,0,0.0355
194,0,0.0,0.11854762561784461,0.10503532719357365,1.0071535477927374,0.9736910610807128,-0.03575034323696358,0.06707224992373807,-0.21482305234802268,0.001568329145814254,-0.0006732773125855501,-0.02634296507143245,0.9887915067735638,0.144195972949831,-1.2334373676474626,0.4252425437425,2.3473817148593747,0.6217393152710269,0.34073710441589355,-0.00021441280841827393,0.15648813545703888,-0.00035644834861159325,0.09345681220293045,-0.044416144490242004,-0.04620331525802612,0.34073710441589355,-0.00021441280841827393,0.15648813545703888,-0.00035644834861159325,0.09345681220293045,-0.044416144490242004,1.0,-0.09820959907139133,0.1974978150581998,0.8988562780395566,0.06941647618342572,0.20846336086075706,0.9024998346667857,0.0,0.0,0.0,0,0.0355
195,0,0.0,0.1204917231216207,0.10603921166508717,1.007902502048502,0.9737307149781651,-0.040491425571841655,0.06689488671887454,-0.21385512220692562,0.0015068613275947805,-0.0006236956375399292,-0.02370426929107,0.994315762081019,0.1434096257498541,-1.2216940954755047,0.41981119949511336,2.344496370513137,0.6379606976557739,0.3900681138038635,0.023246802389621735,0.21044375002384186,0.002438388764858246,0.09856223315000534,-0.04098556190729141,-0.03476578742265701,0.3900681138038635,0.023246802389621735,0.21044375002384186,0.002438388764858246,0.09856223315000534,-0.04098556190729141,1.0,-0.0982089757015391,0.19749786512862522,0.8988566378589709,0.06941647618342572,0.20846336086075706,0.9024998346667857,0.0,0.0,0.0,0,0.0361
196,1,0.054,0.12283901139501956,0.10713334410257991,1.008405852493341,0.9737140396150654,-0.045228188373533096,0.06650171330059544,-0.21310303179692996,0.0014621092113525026,-0.0005763765340498401,-0.020952141662666793,1.002310253181384,0.14264301610254457,-1.2059073277696244,0.4140635072816407,2.339625180808188,0.6547269576661566,-0.27170678973197937,-0.008055880665779114,-0.3079564869403839,0.044370103627443314,-0.024488503113389015,-0.030023835599422455,0.8117692470550537,-0.27170678973197937,-0.008055880665779114,-0.3079564869403839,0.044370103627443314,-0.024488503113389015,-0.030023835599422455,-1.0,-0.0982084104926869,0.19749790385127444,0.8988569534705781,0.06941647618342572,0.20846336086075706,0.9024998346667857,0.0,0.0,0.0,0,0.0373
197,0,0.0,0.12363466578594193,0.10849813652692983,1.0081982327100343,0.9737297452080999,-0.04823385641365108,0.06321712990409076,-0.2133716777811054,0.0016611226050494334,-0.0007844347550630792,-0.019179259399318166,1.0090896206149509,0.1423848749457088,-1.192896427949905,0.41020400686119773,2.328941406855514,0.6670190687666666,-0.11558035016059875,-0.03390832245349884,-0.011185213923454285,0.010437248274683952,0.006645572371780872,-0.01611046865582466,0.9525797367095947,-0.11558035016059875,-0.03390832245349884,-0.011185213923454285,0.010437248274683952,0.006645572371780872,-0.01611046865582466,-1.0,-0.09820786730181412,0.19749784272915674,0.8988570027757363,0.06941647618342572,0.20846336086075706,0.9024998346667857,0.0,0.0,0.0,0,0.0364
198,0,0.0,0.12351786870788539,0.10879652511265636,1.0084160466846033,0.9737691185659977,-0.04960014465195128,0.059391819498684516,-0.21397696407403413,0.0034846983885179956,-0.002619335028755151,-0.018981004486037654,1.0121840487961524,0.14163545414385773,-1.184679912829336,0.40859093527772433,2.3170888881741325,0.6734109679204152,0.06933556497097015,0.03342507779598236,0.15976525843143463,-0.007182715926319361,0.011977999471127987,-0.013455444015562534,-0.05038207024335861,0.06933556497097015,0.03342507779598236,0.15976525843143463,-0.007182715926319361,0.011977999471127987,-0.013455444015562534,1.0,-0.09820732396485435,0.19749780738471448,0.8988568600609005,0.06941647618342572,0.20846336086075706,0.9024998346667857,0.0,0.0,0.0,0,0.0377
199,0,0.0,0.12416907432450965,0.10852011162931963,1.0100233790342596,0.9737818334796301,-0.05050248951980074,0.05765957531137795,-0.21418172824090964,0.0052494530316515,-0.004344728917014127,-0.018958114355852367,1.0136130849304306,0.14064259503093318,-1.1767764802631726,0.4069734533588584,2.307924712633278,0.6783450211876724,0.24531573057174683,0.06307975202798843,0.2141435295343399,-0.0022598535288125277,0.0737120509147644,0.002649392932653427,-0.04576712101697922,0.24531573057174683,0.06307975202798843,0.2141435295343399,-0.0022598535288125277,0.0737120509147644,0.002649392932653427,1.0,-0.09820781779215444,0.19749777778100303,0.898845369136295,0.06941647618342572,0.20846336086075706,0.9024998346667857,0.0,0.0,0.0,0,0.0365
200,1,0.0536,0.12536193402637544,0.10884839665541718,1.0116360464572287,0.9737522245991118,-0.051533431930664175,0.05692117619891969,-0.21426826685689837,0.004934178070891798,-0.004013055318866693,-0.018193886961248223,1.0165213343070074,0.1402143558886655,-1.1670044979001881,0.40456886156849264,2.300715964931579,0.6845122221570913,-0.4265041947364807,-0.05600765347480774,-0.619731068611145,0.041138045489788055,-0.1732025444507599,0.019841894507408142,0.9827941060066223,-0.4265041947364807,-0.05600765347480774,-0.619731068611145,0.041138045489788055,-0.1732025444507599,0.019841894507408142,-1.0,-0.09820388059919986,0.19749795449223725,0.8988397888443932,0.06941647618342572,0.20846336086075706,0.9024998346667857,0.0,0.0,0.0,0,0.0395
201,0,0.0,0.12585121980771236,0.10953714794576261,1.01120926298062,0.9737403609151571,-0.050432444336556914,0.05613788837546585,-0.21479016637593648,0.004166029764936602,-0.0032817715629953697,-0.01779071973638109,1.0209751910104294,0.1407281900039433,-1.1600971480730011,0.4039692021753515,2.2964908367830565,0.6835819747971091,-0.2756330668926239,0.013142339885234833,-0.5828397274017334,0.02847222611308098,-0.09651277959346771,0.01903480291366577,1.0247360467910767,-0.2756330668926239,0.013142339885234833,-0.5828397274017334,0.02847222611308098,-0.09651277959346771,0.01903480291366577,-1.0,-0.09820154793329133,0.19749802591191248,0.8988380135192701,0.06941647618342572,0.20846336086075706,0.9024998346667857,0.0,0.0,0.0,0,0.0364
202,0,0.0,0.12534195257180322,0.10981952338624806,1.007926020926769,0.973634619212715,-0.0475686347290179,0.055981452053464296,-0.21596048315956698,0.004966793338536728,-0.0041153789746210655,-0.018441257305231367,1.0262218574951845,0.14189755169892726,-1.1595368140915532,0.40716691649938963,2.2988965017800798,0.6739111967529855,-0.01443973183631897,0.08678223192691803,-0.24875006079673767,-0.008451376110315323,-0.05323276296257973,0.01318041980266571,0.9962843060493469,-0.01443973183631897,0.08678223192691803,-0.24875006079673767,-0.008451376110315323,-0.05323276296257973,0.01318041980266571,-1.0,-0.09819945331742622,0.19749809805599017,0.8988388298175134,0.06941647618342572,0.20846336086075706,0.9024998346667857,0.0,0.0,0.0,0,0.0358
203,0,0.0,0.125196492298457,0.10988196801010465,1.0041773461832766,0.9734525889137179,-0.045177096719173415,0.05750863411939788,-0.2168913185697559,0.007533137628766812,-0.006655906304440336,-0.01898243498502806,1.031676858040108,0.14310979798682846,-1.1603250008861705,0.41087190438450577,2.3064316439793346,0.6636849204694353,0.12072216719388962,0.18907888233661652,-0.04085775464773178,-0.009090101346373558,0.004073908552527428,0.00658341683447361,1.004842758178711,0.12072216719388962,0.18907888233661652,-0.04085775464773178,-0.009090101346373558,0.004073908552527428,0.00658341683447361,-1.0,-0.09819757183721982,0.19749816932008363,0.89883991335882,0.06941647618342572,0.20846336086075706,0.9024998346667857,0.0,0.0,0.0,0,0.0349
204,1,0.0548,0.12551904702832734,0.11067471744484766,1.0014545852813652,0.973244948516991,-0.043709891343736984,0.05964852644020635,-0.21754486635724068,0.011193385511329063,-0.010248245277240314,-0.01858410826197296,1.0365017707237072,0.14475295470046573,-1.1600436236946117,0.41307274824859086,2.3144590582655815,0.6576001158744231,-0.21356788277626038,-0.0015479624271392822,0.523499608039856,0.0032000020146369934,0.013545925728976727,-0.04126075282692909,1.0153790712356567,-0.21356788277626038,-0.0015479624271392822,0.523499608039856,0.0032000020146369934,0.013545925728976727,-0.04126075282692909,-1.0,-0.09819587420613018,0.19749823935439617,0.8988409242564802,0.06941647618342572,0.20846336086075706,0.9024998346667857,0.0,0.0,0.0,0,0.0356
205,0,0.0,0.12486423615533118,0.11089041682812442,1.0024920518068625,0.9731865937784401,-0.04349266627958881,0.05792883150867215,-0.21831283093269882,0.015439714465994943,-0.014459919348706236,-0.019272483907889004,1.0334217368125915,0.1449214063329079,-1.16140113338296,0.4137431677692258,2.3086907494599496,0.6581106793276937,-0.2968093454837799,-0.007880523800849915,0.475600004196167,-0.008130684494972229,0.007796254940330982,-0.018571650609374046,1.0432854890823364,-0.2968093454837799,-0.007880523800849915,0.475600004196167,-0.008130684494972229,0.007796254940330982,-0.018571650609374046,-1.0,-0.09819434264810915,0.1974983081654042,0.8988418445081199,0.06941647618342572,0.20846336086075706,0.9024998346667857,0.0,0.0,0.0,0,0.0349
206,0,0.0,0.12329680606073412,0.10977604592316151,1.0086267832613418,0.9733004495308446,-0.043726729673402624,0.05355266238698233,-0.21887512514306198,0.020016013068389155,-0.019014929812866857,-0.0213531389978725,1.0197347057565513,0.14323397122475479,-1.1674297851825726,0.413585801558897,2.292050504986905,0.662124744163978,-0.2942122220993042,-0.02740590274333954,0.3733416199684143,0.020247407257556915,0.006463623605668545,-0.016741082072257996,1.0384668111801147,-0.2942122220993042,-0.02740590274333954,0.3733416199684143,0.020247407257556915,0.006463623605668545,-0.016741082072257996,-1.0,-0.09819296081033616,0.1974983757742538,0.8988426756771738,0.06941647618342572,0.20846336086075706,0.9024998346667857,0.0,0.0,0.0,0,0.0348
207,0,0.0,0.12139068422004641,0.10878134576516647,1.015617299453576,0.9733498904176123,-0.04406073176848663,0.049394415061446414,-0.21956510310334848,0.024774418477392268,-0.023765879275093413,-0.023502771490006503,1.0034159840522465,0.14178231979596312,-1.1765301299978004,0.414264257436694,2.2764547230783663,0.665918486098699,-0.40273141860961914,-0.05643129348754883,0.17752514779567719,0.062020156532526016,0.022912073880434036,-0.01693115383386612,0.9632037878036499,-0.40273141860961914,-0.05643129348754883,0.17752514779567719,0.062020156532526016,0.022912073880434036,-0.01693115383386612,-1.0,-0.09819171390263463,0.19749844222440757,0.898843424574223,0.06941647618342572,0.20846336086075706,0.9024998346667857,0.0,0.0,0.0,0,0.0351
208,1,0.0535,0.1186192893968491,0.10835975405401813,1.0212827631002945,0.9731106230004186,-0.04486130128393667,0.04457367004043374,-0.2214867196695415,0.029626640146806,-0.028637491139516184,-0.025998687391668274,0.9873303560317739,0.14130247972091606,-1.189018433939306,0.4181819104226864,2.262763781482615,0.6679368010219358,-0.47443127632141113,0.20405973494052887,-0.8183345198631287,0.026000313460826874,-0.15014389157295227,0.03290002793073654,1.0427651405334473,-0.47443127632141113,0.20405973494052887,-0.8183345198631287,0.026000313460826874,-0.15014389157295227,0.03290002793073654,-1.0,-0.09819058858182031,0.19749850757001666,0.8988440987903901,0.06941647618342572,0.20846336086075706,0.9024998346667857,0.0,0.0,0.0,0,0.0444
209,0,0.0,0.11598859156068847,0.10922116812309188,1.0213531274893928,0.9727448531207974,-0.043717955819301824,0.042608413817253304,-0.22369781880464543,0.03378302571884125,-0.0328671477240297,-0.027240027286549742,0.980086112436674,0.14295726999301242,-1.2027763049377644,0.4243079978386609,2.264398326269827,0.6608653143790921,-0.26557397842407227,0.2477988600730896,-0.6613326668739319,-0.010512949898838997,-0.13804341852664948,0.032518792897462845,1.0008519887924194,-0.26557397842407227,0.2477988600730896,-0.6613326668739319,-0.010512949898838997,-0.13804341852664948,0.032518792897462845,-1.0,-0.09818957281925586,0.1974985718705021,0.8988447055599831,0.06941647618342572,0.20846336086075706,0.9024998346667857,0.0,0.0,0.0,0,0.0372
210,0,0.0,0.11424614942753607,0.11112286120157351,1.0159769473578866,0.9725431540293019,-0.04016569954599736,0.045576152738317575,-0.22465383244514228,0.03626344442227154,-0.03537283020259214,-0.026710570364705647,0.9809753118375257,0.14632095019693658,-1.2177246354317248,0.43006273755702884,2.2843300271529308,0.6456386302490211,0.134107306599617,0.20893435180187225,-0.48731428384780884,-0.006322778295725584,-0.06207777559757233,0.029078662395477295,0.96766597032547,0.134107306599617,0.20893435180187225,-0.48731428384780884,-0.006322778295725584,-0.06207777559757233,0.029078662395477295,-1.0,-0.09818865577400383,0.19749863518742647,0.8988452515097942,0.06941647618342572,0.20846336086075706,0.9024998346667857,0.0,0.0,0.0,0,0.0354
211,0,0.0,0.11363511745191962,0.1134665776495847,1.0090825952668612,0.9723254270461916,-0.03716309433161902,0.05162809718881817,-0.2248037097554256,0.03767507737023624,-0.03676323069846868,-0.025014217554081737,0.9861812680339395,0.1504126687811046,-1.230413549322237,0.43527535283654056,2.3131568593507086,0.6306812125249484,0.22533048689365387,0.1262611597776413,-0.34846174716949463,0.0007710824720561504,-0.0049064876511693,0.037265997380018234,0.0036209530662745237,0.22533048689365387,0.1262611597776413,-0.34846174716949463,0.0007710824720561504,-0.0049064876511693,0.037265997380018234,1.0,-0.0981878276764533,0.19749869758245645,0.8988457426416812,0.06941647618342572,0.20846336086075706,0.9024998346667857,0.0,0.0,0.0,0,0.035
212,1,0.0535,0.11350385118758104,0.11603355518154496,1.0017493571577496,0.9720733563701662,-0.035249209094372236,0.057692412489664766,-0.22472754311517443,0.03800366708330121,-0.03708050783248617,-0.022764084240918844,0.9944273744496054,0.15449824320918273,-1.238784899699897,0.439557747530135,2.3412246465943465,0.6188348600399008,-0.25932541489601135,-0.06408070027828217,-0.7160648703575134,0.0801057368516922,-0.08747701346874237,0.03181379660964012,1.0488237142562866,-0.25932541489601135,-0.06408070027828217,-0.7160648703575134,0.0801057368516922,-0.08747701346874237,0.03181379660964012,-1.0,-0.09818707972284141,0.19749875911598255,0.8988461843731321,0.06941647618342572,0.20846336086075706,0.9024998346667857,0.0,0.0,0.0,0,0.0371
213,0,0.0,0.1122480837374161,0.11836612418161715,0.9944261371124363,0.9716339823680797,-0.03318955055699768,0.06090760643823606,-0.2260887469984616,0.03786930354232282,-0.03694854435244559,-0.021955671760681052,1.0019661182144377,0.15868071955453786,-1.2473604471402993,0.4467706381848575,2.3619366175238508,0.6049220506299037,0.04361575096845627,0.08778958767652512,-0.3544691205024719,0.011519853956997395,-0.07102665305137634,0.015339042991399765,-0.029856598004698753,0.04361575096845627,0.08778958767652512,-0.3544691205024719,0.011519853956997395,-0.07102665305137634,0.015339042991399765,1.0,-0.0981864039041307,0.19749881868224556,0.8988465810603266,0.06941647618342572,0.20846336086075706,0.9024998346667857,0.0,0.0,0.0,0,0.0359
214,0,0.0,0.11141294980907046,0.1195198581518277,0.9881465616688038,0.9709849065622032,-0.031202701762162555,0.0651365803026599,-0.2279735259577415,0.03801800197614025,-0.0370977827574559,-0.022413328559803065,1.0084086016244551,0.1624285780985882,-1.2554576636326769,0.4563770716073965,2.3827091379732446,0.5881774926440506,0.04313244670629501,0.0929572582244873,-0.2842572331428528,0.003105340525507927,-0.048932332545518875,0.009533889591693878,-0.09323850274085999,0.04313244670629501,0.0929572582244873,-0.2842572331428528,0.003105340525507927,-0.048932332545518875,0.009533889591693878,1.0,-0.09818579232359517,0.19749886407119732,0.8988469330635789,0.06941647618342572,0.20846336086075706,0.9024998346667857,0.0,0.0,0.0,0,0.036
215,0,0.0,0.11111975859807752,0.1203343120671201,0.982893738647478,0.9704553030355997,-0.02961401145152759,0.0699688263267645,-0.22900628480084387,0.03671074100447844,-0.03576815574524389,-0.022556212369453647,1.014302546196077,0.16561869576743513,-1.2619510828747758,0.4641899378914637,2.4027635535968113,0.5738127799522325,0.128164142370224,0.0761847048997879,-0.24096988141536713,0.0036149490624666214,0.0026691649109125137,0.0007700733840465546,-0.06011328101158142,0.128164142370224,0.0761847048997879,-0.24096988141536713,0.0036149490624666214,0.0026691649109125137,0.0007700733840465546,1.0,-0.09818523553668981,0.19749890006389131,0.8988472244384877,0.06941647618342572,0.20846336086075706,0.9024998346667857,0.0,0.0,0.0,0,0.0364
216,1,0.0535,0.11080436668315023,0.12116831037722764,0.9778786286628267,0.9700458509590224,-0.029043767546817312,0.07385466125279537,-0.2295931088144982,0.033817606903860764,-0.0328716298188005,-0.022282845551223635,1.0205914079118488,0.16834864919757417,-1.2666686655243222,0.4702553879891464,2.4204036267500504,0.5636062947470479,0.0618496835231781,0.09595140814781189,-0.028534919023513794,-0.004363918676972389,0.008266814984381199,-0.02509431354701519,-0.015435527078807354,0.0618496835231781,0.09595140814781189,-0.028534919023513794,-0.004363918676972389,0.008266814984381199,-0.02509431354701519,1.0,-0.09818469250544244,0.1974988267348063,0.8988472190349408,0.06941647618342572,0.20846336086075706,0.9024998346667857,0.0,0.0,0.0,0,0.0374
217,0,0.0,0.11046828382283978,0.12192094557473501,0.9742371941699881,0.9697404769704018,-0.029651536227405073,0.07628151137410534,-0.23001157524579816,0.03001441955714859,-0.029037753086144754,-0.021902530409056625,1.0249144377724724,0.17033208842121902,-1.2702074612437801,0.47444900898680953,2.432854298585673,0.5587106826068665,0.10177327692508698,0.05431830883026123,0.04457263648509979,0.0018310816958546638,0.009426259435713291,-0.021227702498435974,-0.01206715777516365,0.10177327692508698,0.05431830883026123,0.04457263648509979,0.0018310816958546638,0.009426259435713291,-0.021227702498435974,1.0,-0.09818414955779559,0.19749879321539635,0.8988470562984018,0.06941647618342572,0.20846336086075706,0.9024998346667857,0.0,0.0,0.0,0,0.0376
218,0,0.0,0.11045932867987854,0.12253296814391125,0.9727117578330589,0.9694807277511297,-0.030977910725689783,0.07807135249198865,-0.23033096076359696,0.025688558383573153,-0.024689048424385723,-0.02152750901669738,1.0265358897704724,0.17171622075443957,-1.2727175169165688,0.47705885700306927,2.4411034544273,0.5578756639726503,0.28665482997894287,0.06100486218929291,0.18648608028888702,-0.01229657232761383,0.03372817859053612,-0.015901684761047363,-0.009337703697383404,0.28665482997894287,0.06100486218929291,0.18648608028888702,-0.01229657232761383,0.03372817859053612,-0.015901684761047363,1.0,-0.09818217014455721,0.19749888820165343,0.8988337084648164,0.06941647618342572,0.20846336086075706,0.9024998346667857,0.0,0.0,0.0,0,0.0361
219,0,0.0,0.11134622821621787,0.12305778236147535,0.9724053168814826,0.969261123357509,-0.0326071818825725,0.08042005804619778,-0.23022219854145592,0.02106561840530564,-0.020056671066674435,-0.020696257996108615,1.0283330125932322,0.17260468258263795,-1.2718314946857174,0.47762542843362793,2.4479610637598945,0.5599991789790199,0.2609342932701111,0.0517638623714447,0.31549400091171265,-0.013379947282373905,0.0476953461766243,-0.023667069151997566,-0.007395971566438675,0.2609342932701111,0.0517638623714447,0.31549400091171265,-0.013379947282373905,0.0476953461766243,-0.023667069151997566,1.0,-0.09817983453589985,0.19749896510513848,0.8988286683617187,0.06941647618342572,0.20846336086075706,0.9024998346667857,0.0,0.0,0.0,0,0.0364
