step,query,infer_s,eef_x,eef_y,eef_z,eef_qx,eef_qy,eef_qz,eef_qw,gripper_q0,gripper_q1,joint_0,joint_1,joint_2,joint_3,joint_4,joint_5,joint_6,act_raw_0,act_raw_1,act_raw_2,act_raw_3,act_raw_4,act_raw_5,act_raw_6,act_env_0,act_env_1,act_env_2,act_env_3,act_env_4,act_env_5,act_env_6,akita_black_bowl_1_x,akita_black_bowl_1_y,akita_black_bowl_1_z,plate_1_x,plate_1_y,plate_1_z,force_akita_black_bowl_1,force_plate_1,force_other,n_contacts,sim_s
0,1,0.0557,-0.21685505431285804,0.015391179060597282,1.1579039212279285,0.9995691659472659,0.0016433266335206254,-0.029304386922470005,0.00018674088970121842,0.03872267029365369,-0.0387228762783906,0.01913147784751401,-0.1580355413075661,0.01510068460828058,-2.486114363699981,0.005093063573053508,2.2695293049606637,0.8132239801488217,-0.13518550992012024,0.3841157555580139,-0.0577196329832077,-0.0003592614084482193,-0.0592929944396019,-0.004683303646743298,0.983995795249939,-0.13518550992012024,0.3841157555580139,-0.0577196329832077,-0.0003592614084482193,-0.0592929944396019,-0.004683303646743298,-1.0,-0.2621437137261871,-0.1314392604514453,0.928903128726386,0.06008221565350905,0.20497376773132744,0.9024995673059236,0.0,0.0,0.0,0,0.0397
1,0,0.0,-0.21704707076685748,0.017482190675078897,1.1580075329095543,0.9995968935760733,0.0019599458454199747,-0.028321732444621734,-0.0002973830561379398,0.03890607627525811,-0.038795103689732754,0.01938687420563421,-0.15957471728233327,0.01954791620969147,-2.487923791175883,0.007609459915548303,2.271886122932742,0.8154471453020726,-0.13037079572677612,0.24915331602096558,-0.12739518284797668,-0.0003352770581841469,-0.05166439339518547,-0.00705079548060894,0.9823373556137085,-0.13037079572677612,0.24915331602096558,-0.12739518284797668,-0.0003352770581841469,-0.05166439339518547,-0.00705079548060894,-1.0,-0.2621437082340198,-0.13143926021633262,0.9289038714465396,0.06008221566268314,0.2049737677613356,0.9024997617621902,0.0,0.0,0.0,0,0.0371
2,0,0.0,-0.2176166215091432,0.020917560459999526,1.1576631413563525,0.9996363831598214,0.002142311537705943,-0.026873500539548466,-0.0005717807064611544,0.038969046742530905,-0.03887403401709367,0.020249759684324083,-0.16157077638741701,0.026222626462175828,-2.4918821069932897,0.010134734743500844,2.2768117551084,0.8208558478267658,-0.15718352794647217,0.07693126797676086,-0.20523908734321594,0.00013288157060742378,-0.0446007177233696,-0.018983718007802963,0.9932542443275452,-0.15718352794647217,0.07693126797676086,-0.20523908734321594,0.00013288157060742378,-0.0446007177233696,-0.018983718007802963,-1.0,-0.2621437067856433,-0.13143926015665622,0.928904074123869,0.06008221566483261,0.204973767770279,0.9024998147869767,0.0,0.0,0.0,0,0.0382
3,0,0.0,-0.21861641738756762,0.02316439245874549,1.1562853464542844,0.999672866863769,0.0012763884272550818,-0.0255422766617524,-0.0003495595640157379,0.0390109890306946,-0.038952546871703374,0.020523455545207115,-0.16292862497296667,0.03109712465512188,-2.498187870147375,0.010920276823892322,2.2844171721438307,0.8271608862931494,-0.18258100748062134,-0.07256132364273071,-0.2894713282585144,0.0013803564943373203,-0.03799835592508316,-0.036077648401260376,1.0144810676574707,-0.18258100748062134,-0.07256132364273071,-0.2894713282585144,0.0013803564943373203,-0.03799835592508316,-0.036077648401260376,-1.0,-0.2621437064036325,-0.1314392601415492,0.9289041294317077,0.06008221566532394,0.2049737677729219,0.9024998292459088,0.0,0.0,0.0,0,0.0378
4,1,0.0541,-0.22005116805399388,0.0236426713605268,1.153788393937907,0.9996994708369555,-0.000764268796716483,-0.024502731039147727,8.55217793549988e-06,0.039050142730530604,-0.03901042647868064,0.01997232711401833,-0.16342517067610488,0.03298673113228263,-2.5068135475623174,0.010583211091587138,2.2945858140464654,0.8327998669147579,0.3291563391685486,0.5592278242111206,-0.15812814235687256,-0.003065051743760705,-0.0062481737695634365,-0.01235057134181261,1.0065144300460815,0.3291563391685486,0.5592278242111206,-0.15812814235687256,-0.003065051743760705,-0.0062481737695634365,-0.01235057134181261,-1.0,-0.2621437063028701,-0.13143926013773682,0.9289041445244876,0.060082215665432405,0.20497376777369736,0.9024998331886069,0.0,0.0,0.0,0,0.0392
5,0,0.0,-0.21961477609704663,0.026569854193525956,1.1508082173075223,0.9997736212743161,-0.0015163481780448573,-0.02121373873352206,-0.0006198235139086884,0.0391396981996214,-0.039043715883354896,0.02081369623452376,-0.15893796330264895,0.03892220971550957,-2.5125323066031062,0.013580501109091725,2.3117275608347296,0.8386532861951942,0.3791206479072571,0.42365092039108276,-0.2784492075443268,-0.004767691250890493,-0.031852830201387405,-0.04543059319257736,0.995971143245697,0.3791206479072571,0.42365092039108276,-0.2784492075443268,-0.004767691250890493,-0.031852830201387405,-0.04543059319257736,-1.0,-0.2621437062762909,-0.1314392601367782,0.9289041486431161,0.060082215665455116,0.20497376777392357,0.9024998342637116,0.0,0.0,0.0,0,0.0374
6,0,0.0,-0.21698613920375454,0.03177912896559057,1.1469835050826653,0.9998600492367447,-0.0026242091105799226,-0.016475139329726777,-0.0012510998775276108,0.039180615820456774,-0.03908195186989078,0.022587974143976727,-0.1472653547426463,0.048323858843350206,-2.513732181826927,0.016585685319390073,2.3342501566891887,0.8499224565571613,0.328701376914978,0.13081933557987213,-0.4546965956687927,0.0009638736955821514,-0.06304944306612015,-0.05334201082587242,1.0026124715805054,0.328701376914978,0.13081933557987213,-0.4546965956687927,0.0009638736955821514,-0.06304944306612015,-0.05334201082587242,-1.0,-0.2621437062692792,-0.13143926013653812,0.9289041497670397,0.06008221566545945,0.20497376777398923,0.9024998345568738,0.0,0.0,0.0,0,0.0377
7,0,0.0,-0.21347189803481242,0.03540840188657532,1.1417467387918399,0.9999139023907209,-0.005760733066092427,-0.011718569200974983,-0.0012949502622707975,0.039212763099267,-0.03912429895992315,0.023412402768879775,-0.1303644946311953,0.05504643578035837,-2.513497891564224,0.016558840895949875,2.360480273529809,0.8637222282366901,0.27165842056274414,0.07557085156440735,-0.6108526587486267,0.0012953747063875198,-0.0656973347067833,-0.058109939098358154,1.013482689857483,0.27165842056274414,0.07557085156440735,-0.6108526587486267,0.0012953747063875198,-0.0656973347067833,-0.058109939098358154,-1.0,-0.2621437062674296,-0.13143926013647833,0.9289041500737456,0.06008221566546014,0.20497376777400816,0.9024998346368139,0.0,0.0,0.0,0,0.0374
8,1,0.0537,-0.20986067093761224,0.037299628693754465,1.134841907090675,0.9999253891156346,-0.009626876712766352,-0.007412005034221645,-0.001265554453638721,0.039244578136229,-0.03916379619132821,0.023386279108787322,-0.10954331901366567,0.058823904300124616,-2.513751053517741,0.015051007998153348,2.39012148037519,0.8761928846308841,-0.10630276799201965,0.22270765900611877,-0.9266830086708069,-0.025931186974048615,-0.05838097259402275,-0.012055394239723682,0.9600076079368591,-0.10630276799201965,0.22270765900611877,-0.9266830086708069,-0.025931186974048615,-0.05838097259402275,-0.012055394239723682,-1.0,-0.2621437062669416,-0.13143926013646343,0.9289041501574421,0.06008221566546019,0.20497376777401358,0.9024998346586124,0.0,0.0,0.0,0,0.0382
9,0,0.0,-0.20821704434855554,0.03930697375237851,1.125412211595989,0.9999142529004115,-0.011828748937584954,-0.0055845030589227514,-0.0006171472814593959,0.03927860107977626,-0.03919802672456984,0.023621821570339863,-0.08658359975097697,0.06330567241982689,-2.5181814515648586,0.011663136073912853,2.4208013325052664,0.8874848258779916,-0.16613581776618958,0.141013041138649,-0.9792190790176392,-0.03687112778425217,-0.05186959728598595,-0.005181789398193359,1.0010861158370972,-0.16613581776618958,0.141013041138649,-0.9792190790176392,-0.03687112778425217,-0.05186959728598595,-0.005181789398193359,-1.0,-0.26214370626681277,-0.13143926013645976,0.928904150180282,0.06008221566546019,0.2049737677740151,0.9024998346645562,0.0,0.0,0.0,0,0.0378
10,0,0.0,-0.20849018643828274,0.041440950231625334,1.1142010886745262,0.9999093196144141,-0.012487588104306058,-0.004909897081358801,0.0011426295229622807,0.0393090635614917,-0.03923288564258402,0.024023402683362175,-0.0632377773563499,0.06844532880076855,-2.5271322180743785,0.004572555993582193,2.454087691198867,0.8996621038099379,-0.23748615384101868,0.060367994010448456,-0.998649001121521,-0.042761750519275665,-0.027380749583244324,-0.008071502670645714,1.0268452167510986,-0.23748615384101868,0.060367994010448456,-0.998649001121521,-0.042761750519275665,-0.027380749583244324,-0.008071502670645714,-1.0,-0.2621437062667788,-0.13143926013645885,0.9289041501865147,0.06008221566546019,0.20497376777401555,0.9024998346661771,0.0,0.0,0.0,0,0.0379
11,0,0.0,-0.21009857522108769,0.04280649270059193,1.1021366038778166,0.9998984203805044,-0.012980695743612825,-0.004641890931826879,0.003619849052110882,0.03933699732478914,-0.03926747958888589,0.024136820281250734,-0.04016433729551653,0.07249247432601935,-2.539245042340993,-0.005735214846781442,2.4891555400904344,0.9130260214613944,-0.33281388878822327,-0.00609530508518219,-0.9599260091781616,-0.042156632989645004,-0.011804175563156605,-0.014692870900034904,1.021331548690796,-0.33281388878822327,-0.00609530508518219,-0.9599260091781616,-0.042156632989645004,-0.011804175563156605,-0.014692870900034904,-1.0,-0.26214370626676986,-0.13143926013645876,0.9289041501882156,0.06008221566546019,0.20497376777401555,0.9024998346666192,0.0,0.0,0.0,0,0.0374
12,1,0.0549,-0.21312515921831315,0.043346894897519715,1.0898798919939061,0.9998723040027262,-0.013745728225268428,-0.005072010993510329,0.006380074319105108,0.0393634844439111,-0.039300846748159264,0.02399312683258642,-0.01864189700424029,0.07509112634678904,-2.5539557528765706,-0.017865507629119034,2.52371878383594,0.9271416009148815,0.32114654779434204,0.5382385849952698,-0.4170239567756653,-0.01957070827484131,0.0005024168640375137,-0.00528899859637022,1.0678067207336426,0.32114654779434204,0.5382385849952698,-0.4170239567756653,-0.01957070827484131,0.0005024168640375137,-0.00528899859637022,-1.0,-0.2621437062667675,-0.13143926013645876,0.9289041501886798,0.06008221566546019,0.20497376777401555,0.9024998346667397,0.0,0.0,0.0,0,0.0385
13,0,0.0,-0.21396568644810002,0.046610304654362764,1.080286713909331,0.99987935906585,-0.013467592827018648,-0.0019330189245264583,0.007493643662922429,0.03939934544349133,-0.039322315973450636,0.025227407229620764,0.0018092126194235217,0.08157685925295274,-2.563080081114871,-0.02660045846397366,2.5594641881990245,0.9418360470030379,0.2898174524307251,0.48862606287002563,-0.4194888472557068,-0.016582675278186798,0.002910473383963108,-0.007255086675286293,1.015094518661499,0.2898174524307251,0.48862606287002563,-0.4194888472557068,-0.016582675278186798,0.002910473383963108,-0.007255086675286293,-1.0,-0.262143706266767,-0.13143926013645876,0.9289041501888065,0.06008221566546019,0.20497376777401555,0.9024998346667725,0.0,0.0,0.0,0,0.0375
14,0,0.0,-0.21286269219768988,0.05229107707742393,1.0727420525649405,0.9998827891083867,-0.013084202921215704,0.0023365783286401977,0.007599478959989085,0.039428375747980374,-0.03934807367056973,0.02752376865822259,0.022910947611470743,0.09099163817581753,-2.565356807460268,-0.034045132099935455,2.5908334359982583,0.9595407215498982,0.34068018198013306,0.33687782287597656,-0.4216700792312622,-0.014424536377191544,0.0003417693078517914,-0.011680318042635918,1.0762300491333008,0.34068018198013306,0.33687782287597656,-0.4216700792312622,-0.014424536377191544,0.0003417693078517914,-0.011680318042635918,-1.0,-0.262143706266767,-0.13143926013645876,0.9289041501888412,0.06008221566546019,0.20497376777401555,0.9024998346667815,0.0,0.0,0.0,0,0.0383
15,0,0.0,-0.2110178005066459,0.057392088845522174,1.0656840929043698,0.999859416402251,-0.013655303155994558,0.005779049555943694,0.00782832764369202,0.039452201759519946,-0.039376688090561024,0.029554573132073884,0.04555525602268162,0.09872008804525219,-2.563348293974285,-0.043357506823672495,2.617742291078608,0.9788772805644935,0.3977010250091553,0.1364753395318985,-0.4258103370666504,-0.012263995595276356,-0.005090299993753433,-0.015691066160798073,1.0345640182495117,0.3977010250091553,0.1364753395318985,-0.4258103370666504,-0.012263995595276356,-0.005090299993753433,-0.015691066160798073,-1.0,-0.262143706266767,-0.13143926013645876,0.9289041501888506,0.06008221566546019,0.20497376777401555,0.9024998346667837,0.0,0.0,0.0,0,0.0389
16,1,0.054,-0.20812102504023983,0.060718943395433635,1.058860567308956,0.9998127419027916,-0.01510124468671803,0.008864588793791133,0.008237269162148127,0.039472271556067626,-0.03940682275559522,0.030763971051421812,0.07010367274061531,0.10271612372281028,-2.5574525517769726,-0.05463322479950585,2.641877585770367,0.9971650857753889,0.5833541750907898,0.2343846559524536,-0.38197949528694153,-0.007428744807839394,0.01558124553412199,0.0012720003724098206,1.0133100748062134,0.5833541750907898,0.2343846559524536,-0.38197949528694153,-0.007428744807839394,0.01558124553412199,0.0012720003724098206,-1.0,-0.262143706266767,-0.13143926013645876,0.9289041501888531,0.06008221566546019,0.20497376777401555,0.9024998346667837,0.0,0.0,0.0,0,0.039
17,0,0.0,-0.20383688906553651,0.06348491493103095,1.0521452050415798,0.9997671232569074,-0.015995257677260066,0.01191029164879964,0.00824596503053133,0.03949525822791113,-0.03943189407477015,0.031759386814815126,0.0976123597475594,0.10511234719928128,-2.5466435886511065,-0.06566388992204897,2.664108000373846,1.0121977687204204,0.5681895613670349,0.040746234357357025,-0.25760772824287415,-0.0022739616688340902,0.03697660565376282,-0.0019620470702648163,0.9935150146484375,0.5681895613670349,0.040746234357357025,-0.25760772824287415,-0.0022739616688340902,0.03697660565376282,-0.0019620470702648163,-1.0,-0.262143706266767,-0.13143926013645876,0.9289041501888531,0.06008221566546019,0.20497376777401555,0.9024998346667837,0.0,0.0,0.0,0,0.0376
18,0,0.0,-0.1988388599960361,0.06546688594782112,1.0460812233823946,0.9997307211064009,-0.016691953075439192,0.013881757477884607,0.008195168572226911,0.039513887626124115,-0.039459264511160067,0.03246034622105534,0.12486500949931169,0.10571787819987156,-2.5320569145604814,-0.07554946479239417,2.680113034591993,1.0237938932393327,0.5755402445793152,-0.046855390071868896,-0.1645834743976593,0.001275456976145506,0.06973229348659515,-0.00020535476505756378,0.9939917922019958,0.5755402445793152,-0.046855390071868896,-0.1645834743976593,0.001275456976145506,0.06973229348659515,-0.00020535476505756378,-1.0,-0.262143706266767,-0.13143926013645876,0.9289041501888531,0.06008221566546019,0.20497376777401555,0.9024998346667837,0.0,0.0,0.0,0,0.0378
19,0,0.0,-0.19382132831775686,0.06612142856794584,1.041176355834067,0.9997136175788796,-0.017553660875765764,0.014027446952700855,0.008233015802014907,0.03953192676479013,-0.03948526131387102,0.03261845191254485,0.14912384469126283,0.10445418865222927,-2.5152846247026464,-0.0822256413441339,2.6874345069677625,1.0302612437689622,0.5548394322395325,-0.022373542189598083,0.0043015629053115845,-0.01099390909075737,0.10117620974779129,-0.003430284559726715,1.0030688047409058,0.5548394322395325,-0.022373542189598083,0.0043015629053115845,-0.01099390909075737,0.10117620974779129,-0.003430284559726715,-1.0,-0.262143706266767,-0.13143926013645876,0.9289041501888531,0.06008221566546019,0.20497376777401555,0.9024998346667837,0.0,0.0,0.0,0,0.038
20,1,0.0533,-0.18895235274393243,0.06605833879487158,1.0378983850469627,0.9997222166252262,-0.018187349358014082,0.012334733036859552,0.008518466421998813,0.03955027088726356,-0.03950906951087043,0.03260210457707567,0.16885607783744938,0.10254826716055261,-2.496762497325107,-0.08576131583726478,2.6849082917763187,1.0324256015424322,0.519717812538147,0.2987974286079407,-0.3541397452354431,-0.00045354245230555534,-0.0038633490912616253,0.0015943311154842377,1.01774263381958,0.519717812538147,0.2987974286079407,-0.3541397452354431,-0.00045354245230555534,-0.0038633490912616253,0.0015943311154842377,-1.0,-0.262143706266767,-0.13143926013645876,0.9289041501888531,0.06008221566546019,0.20497376777401555,0.9024998346667837,0.0,0.0,0.0,0,0.0388
21,0,0.0,-0.182883186751683,0.06751268671140839,1.034763674917155,0.9997434016071006,-0.017795697787213904,0.011402788458960696,0.008149877219233154,0.03957365186489016,-0.039526027478747755,0.03343122304359032,0.191283147129228,0.10265500970094008,-2.4744062306505383,-0.08821194449113166,2.6832478183757402,1.0342089786147022,0.6140151619911194,0.22881710529327393,-0.22066247463226318,0.004867422394454479,0.016464877873659134,0.005472712218761444,0.9325067400932312,0.6140151619911194,0.22881710529327393,-0.22066247463226318,0.004867422394454479,0.016464877873659134,0.005472712218761444,-1.0,-0.262143706266767,-0.13143926013645876,0.9289041501888531,0.06008221566546019,0.20497376777401555,0.9024998346667837,0.0,0.0,0.0,0,0.0376
22,0,0.0,-0.1758016300084543,0.07017066023014952,1.0309771713692077,0.9997592175802678,-0.01709892823044351,0.011570784243334577,0.007433065898647076,0.03959259975523109,-0.03954568053582879,0.035059458305842325,0.2169600606537711,0.10369516568732677,-2.4494103882264424,-0.09172459207550578,2.6841980428892316,1.0380852346295477,0.5766098499298096,0.19110342860221863,-0.16525879502296448,-0.00593800563365221,0.043270282447338104,0.0029619168490171432,1.0198988914489746,0.5766098499298096,0.19110342860221863,-0.16525879502296448,-0.00593800563365221,0.043270282447338104,0.0029619168490171432,-1.0,-0.262143706266767,-0.13143926013645876,0.9289041501888531,0.06008221566546019,0.20497376777401555,0.9024998346667837,0.0,0.0,0.0,0,0.0376
23,0,0.0,-0.1689365129706326,0.07257567088081453,1.0275568317420933,0.9997746520775856,-0.016689684446334452,0.010968868938061746,0.007196069096587874,0.039609144667788476,-0.03956608175637813,0.036918246287536344,0.2411242098704252,0.10423942262779258,-2.42392788436359,-0.0956683325522597,2.6813416008871416,1.0425265854547807,0.49947139620780945,0.1139349415898323,-0.15796880424022675,-0.020682089030742645,0.08723669499158859,-0.004017740488052368,1.0049654245376587,0.49947139620780945,0.1139349415898323,-0.15796880424022675,-0.020682089030742645,0.08723669499158859,-0.004017740488052368,-1.0,-0.262143706266767,-0.13143926013645876,0.9289041501888531,0.06008221566546019,0.20497376777401555,0.9024998346667837,0.0,0.0,0.0,0,0.0375
24,1,0.0548,-0.16307660475360058,0.07426973841504991,1.024308436276915,0.9997958372880494,-0.016667916376705616,0.00826242305363778,0.007886486570674738,0.03962390156368999,-0.03958669026634513,0.03884373478357649,0.2631689146857689,0.10394602100552626,-2.398935723096785,-0.10003942187996198,2.672310851897357,1.0472733804614751,-0.06283539533615112,0.16766580939292908,-0.7126593589782715,0.003212324343621731,0.03772271052002907,-0.0032588504254817963,1.0143578052520752,-0.06283539533615112,0.16766580939292908,-0.7126593589782715,0.003212324343621731,0.03772271052002907,-0.0032588504254817963,-1.0,-0.262143706266767,-0.13143926013645876,0.9289041501888531,0.06008221566546019,0.20497376777401555,0.9024998346667837,0.0,0.0,0.0,0,0.0382
25,0,0.0,-0.15967926316220535,0.07625701205738293,1.018831558143446,0.9998217959470097,-0.016588679918141114,0.0025239835159696364,0.008649945380143275,0.03964095884060366,-0.03960348248237547,0.04111045254837254,0.2871484885200693,0.10449894962478615,-2.377659811055264,-0.1030216029930237,2.662912150183943,1.0518643912605592,0.2077178806066513,0.08357419073581696,-0.4262205958366394,0.002472515217959881,0.08586156368255615,-0.00788407027721405,0.988472580909729,0.2077178806066513,0.08357419073581696,-0.4262205958366394,0.002472515217959881,0.08586156368255615,-0.00788407027721405,-1.0,-0.262143706266767,-0.13143926013645876,0.9289041501888531,0.06008221566546019,0.20497376777401555,0.9024998346667837,0.0,0.0,0.0,0,0.038
26,0,0.0,-0.15729428790031835,0.0782118712884066,1.0123120556762941,0.9998113665878258,-0.01690223589498835,-0.003219002911269422,0.009010198876301004,0.03965491881465898,-0.03962191939696409,0.04340387688918295,0.3112947687164645,0.10484691656006824,-2.359145673080208,-0.10484085574631276,2.656916808826759,1.0562222095677056,0.3017009496688843,0.07118170708417892,-0.26693108677864075,-0.003485548309981823,0.0514192096889019,0.0007292181253433228,1.0000340938568115,0.3017009496688843,0.07118170708417892,-0.26693108677864075,-0.003485548309981823,0.0514192096889019,0.0007292181253433228,-1.0,-0.262143706266767,-0.13143926013645876,0.9289041501888531,0.06008221566546019,0.20497376777401555,0.9024998346667837,0.0,0.0,0.0,0,0.037
27,0,0.0,-0.15392471989714546,0.07958440654774099,1.0074540882248317,0.9997815780037896,-0.017312163168641204,-0.00710161445927872,0.009308725086967916,0.039668125327738196,-0.039639723000378956,0.045436568151866134,0.3321579666976842,0.10427983425952116,-2.34015167931943,-0.10633853887678887,2.651003360373127,1.0591898227779064,0.41311249136924744,0.15244832634925842,-0.052382707595825195,-0.012497496791183949,0.03744608536362648,-0.003455542027950287,0.9981882572174072,0.41311249136924744,0.15244832634925842,-0.052382707595825195,-0.012497496791183949,0.03744608536362648,-0.003455542027950287,-1.0,-0.262143706266767,-0.13143926013645876,0.9289041501888531,0.06008221566546019,0.20497376777401555,0.9024998346667837,0.0,0.0,0.0,0,0.0403
28,1,0.0537,-0.14946918560933029,0.0809658020021606,1.0048175280978942,0.9997606587737805,-0.017384801579951592,-0.00905575607170387,0.009715303608780038,0.0396821260227822,-0.03965540314756527,0.04756874991352945,0.3487489042447969,0.10368550406510113,-2.320363357068594,-0.10829395384144473,2.6437587354509713,1.0618738962066385,-0.2831362187862396,0.1509881466627121,-0.7516402006149292,-0.005533202085644007,0.021228309720754623,-0.0006075240671634674,1.0094372034072876,-0.2831362187862396,0.1509881466627121,-0.7516402006149292,-0.005533202085644007,0.021228309720754623,-0.0006075240671634674,-1.0,-0.262143706266767,-0.13143926013645876,0.9289041501888531,0.06008221566546019,0.20497376777401555,0.9024998346667837,0.0,0.0,0.0,0,0.0399
29,0,0.0,-0.14769935478750781,0.082732001394454,0.9999919283006617,0.99970322232493,-0.017106999788898458,-0.013813007380938654,0.01048897795148877,0.039695557244706615,-0.03967037906795899,0.050201565537697564,0.36709870804906264,0.10387468665262259,-2.305276126863342,-0.11052548669441645,2.6367606628503117,1.0655252213491506,-0.10937991738319397,0.2243051528930664,-0.619299054145813,-0.004933132324367762,0.023249845951795578,0.0007209107279777527,0.981515109539032,-0.10937991738319397,0.2243051528930664,-0.619299054145813,-0.004933132324367762,0.023249845951795578,0.0007209107279777527,-1.0,-0.262143706266767,-0.13143926013645876,0.9289041501888531,0.06008221566546019,0.20497376777401555,0.9024998346667837,0.0,0.0,0.0,0,0.0373
30,0,0.0,-0.1475974301526687,0.08503906930958176,0.9928919910007264,0.9996253092631159,-0.01662550141604291,-0.018698282229403826,0.011099911033601162,0.03970922221436496,-0.039683901524992335,0.053426513594032915,0.38783953905441204,0.10446403874256785,-2.294207023949947,-0.11400892071369709,2.63644791393886,1.071103011069238,0.07056418806314468,0.317889928817749,-0.49005448818206787,-0.01361831184476614,0.04976066201925278,0.009281875565648079,0.9827179908752441,0.07056418806314468,0.317889928817749,-0.49005448818206787,-0.01361831184476614,0.04976066201925278,0.009281875565648079,-1.0,-0.262143706266767,-0.13143926013645876,0.9289041501888531,0.06008221566546019,0.20497376777401555,0.9024998346667837,0.0,0.0,0.0,0,0.0369
31,0,0.0,-0.14709136588961425,0.08812715284249248,0.9860228065469565,0.9995672290947307,-0.01584995220902069,-0.02195552005387795,0.011492983686448549,0.03972282881955396,-0.03969631386089186,0.05725315927364199,0.4084534389363238,0.10565916262827088,-2.283121899842074,-0.11870924394655416,2.639087426371517,1.0783042608445272,0.18015775084495544,0.1999579668045044,-0.3320114016532898,-0.008021513931453228,0.07596730440855026,-0.008835967630147934,0.9822890162467957,0.18015775084495544,0.1999579668045044,-0.3320114016532898,-0.008021513931453228,0.07596730440855026,-0.008835967630147934,-1.0,-0.262143706266767,-0.13143926013645876,0.9289041501888531,0.06008221566546019,0.20497376777401555,0.9024998346667837,0.0,0.0,0.0,0,0.0371
32,1,0.0536,-0.1461798554426813,0.09120956329247006,0.980018477138455,0.9994943458484874,-0.015687423182484617,-0.024921973848374794,0.011993856356386605,0.03973347758324565,-0.039710567648456936,0.06116499178134414,0.4275305606838233,0.10668516464987099,-2.2709761630733185,-0.12304207844991467,2.639575172642349,1.08637664898715,-0.22765034437179565,0.02323123812675476,-0.5780957937240601,0.00010030250996351242,-0.015496665611863136,0.016313180327415466,0.9977108240127563,-0.22765034437179565,0.02323123812675476,-0.5780957937240601,0.00010030250996351242,-0.015496665611863136,0.016313180327415466,-1.0,-0.262143706266767,-0.13143926013645876,0.9289041501888531,0.06008221566546019,0.20497376777401555,0.9024998346667837,0.0,0.0,0.0,0,0.0398
33,0,0.0,-0.14586953507675954,0.09317779966199467,0.9741959666781578,0.999397291262822,-0.015637892013607935,-0.028167523069451438,0.01292676270519415,0.03974153234407538,-0.039726351090591444,0.06467826577990106,0.4447823853529675,0.1063236403040028,-2.2611706238804516,-0.12754621171769784,2.63996153950756,1.0930654653939407,-0.11170050501823425,0.047286637127399445,-0.45166486501693726,0.0014865044504404068,0.0011100834235548973,0.01503947377204895,1.0043514966964722,-0.11170050501823425,0.047286637127399445,-0.45166486501693726,0.0014865044504404068,0.0011100834235548973,0.01503947377204895,-1.0,-0.262143706266767,-0.13143926013645876,0.9289041501888531,0.06008221566546019,0.20497376777401555,0.9024998346667837,0.0,0.0,0.0,0,0.0396
34,0,0.0,-0.14619489261823895,0.0944989851595323,0.9684259107731529,0.9993270794420002,-0.014944551960412333,-0.030530747396660507,0.01378122360406198,0.03975100324406082,-0.039739699242797855,0.067846880172836,0.460118102211127,0.10527508844459874,-2.254897060214893,-0.13218784553473434,2.6438908117267568,1.0978592937279072,0.0032141655683517456,0.1295439749956131,-0.3334724009037018,0.0005742879584431648,0.025401629507541656,0.019421186298131943,1.0107393264770508,0.0032141655683517456,0.1295439749956131,-0.3334724009037018,0.0005742879584431648,0.025401629507541656,0.019421186298131943,-1.0,-0.262143706266767,-0.13143926013645876,0.9289041501888531,0.06008221566546019,0.20497376777401555,0.9024998346667837,0.0,0.0,0.0,0,0.0389
35,0,0.0,-0.14646757731713042,0.09610978755638867,0.9633589412454651,0.9992892340832735,-0.01386676639074469,-0.032099108187382146,0.01408498096212388,0.03976140573390963,-0.03975113678965802,0.07083908623465889,0.4736157022343644,0.10485714193423065,-2.249603288116267,-0.13554333578842293,2.6487219815468546,1.1011693145110628,0.047916628420352936,0.1947452276945114,-0.26364997029304504,6.21238723397255e-05,0.05058268830180168,0.015091683715581894,0.9979034662246704,0.047916628420352936,0.1947452276945114,-0.26364997029304504,6.21238723397255e-05,0.05058268830180168,0.015091683715581894,-1.0,-0.262143706266767,-0.13143926013645876,0.9289041501888531,0.06008221566546019,0.20497376777401555,0.9024998346667837,0.0,0.0,0.0,0,0.0389
36,1,0.0537,-0.14674750433739564,0.09826327473110613,0.9589348144815,0.9992488691631024,-0.012645591634069808,-0.0338460073129515,0.014008364553215776,0.039771591436171115,-0.039761853287017555,0.0738165402013279,0.4858080166791705,0.10544416348771628,-2.24402775990346,-0.13731130812649794,2.6516984449391496,1.1036619397282417,0.1310666799545288,0.08431856334209442,-0.4338115453720093,-0.009818529710173607,0.0464753694832325,0.006529226899147034,1.0369385480880737,0.1310666799545288,0.08431856334209442,-0.4338115453720093,-0.009818529710173607,0.0464753694832325,0.006529226899147034,-1.0,-0.262143706266767,-0.13143926013645876,0.9289041501888531,0.06008221566546019,0.20497376777401555,0.9024998346667837,0.0,0.0,0.0,0,0.0398
37,0,0.0,-0.1464446627327345,0.09987553939863511,0.9539285856598627,0.9991915533974883,-0.011973638898459371,-0.03569615218014671,0.014094548952493648,0.03977842780546526,-0.03977502300066212,0.07669745058390842,0.5006307321177156,0.10487346936721911,-2.2359197644856525,-0.13926629519148764,2.654604346993254,1.1062119399839936,0.12763559818267822,0.042787276208400726,-0.34511587023735046,-0.008215568959712982,0.05562792345881462,0.003997350111603737,0.9875240921974182,0.12763559818267822,0.042787276208400726,-0.34511587023735046,-0.008215568959712982,0.05562792345881462,0.003997350111603737,-1.0,-0.262143706266767,-0.13143926013645876,0.9289041501888531,0.06008221566546019,0.20497376777401555,0.9024998346667837,0.0,0.0,0.0,0,0.0376
38,0,0.0,-0.14572303648116317,0.10073041261858462,0.9484600814366457,0.9991096342944925,-0.011691215633312935,-0.03784796872141289,0.014518450351301938,0.03978572950212717,-0.039786871392082486,0.07935807112812183,0.5169711736413461,0.10322624042120404,-2.2259515800319347,-0.14131533187049117,2.656441862451931,1.1083091486971883,0.07192603498697281,0.0168524831533432,-0.3099913001060486,-0.005327688064426184,0.04685162007808685,0.0037202462553977966,0.9243583679199219,0.07192603498697281,0.0168524831533432,-0.3099913001060486,-0.005327688064426184,0.04685162007808685,0.0037202462553977966,-1.0,-0.262143706266767,-0.13143926013645876,0.9289041501888531,0.06008221566546019,0.20497376777401555,0.9024998346667837,0.0,0.0,0.0,0,0.0383
39,0,0.0,-0.14503982204590274,0.10130624095628167,0.9436364250700063,0.9990047365238182,-0.011495024424264422,-0.040389863454439796,0.015035283389169995,0.0397930730492139,-0.03979785758338093,0.08171120150599437,0.5316052603849821,0.10157487021384168,-2.216066666748754,-0.14236645200229572,2.6559399977209504,1.109342919629807,-0.013092458248138428,-0.013178661465644836,-0.29955756664276123,0.0006182072684168816,0.04031999409198761,-0.004848587326705456,0.4285176992416382,-0.013092458248138428,-0.013178661465644836,-0.29955756664276123,0.0006182072684168816,0.04031999409198761,-0.004848587326705456,1.0,-0.262143706266767,-0.13143926013645876,0.9289041501888531,0.06008221566546019,0.20497376777401555,0.9024998346667837,0.0,0.0,0.0,0,0.0384
40,1,0.0542,-0.14473421918919618,0.10165942378077183,0.9393789032166953,0.9988761517641324,-0.01152427170082898,-0.043284063252630116,0.0154956273504724,0.039396897710258824,-0.039423031960332186,0.0836895002763394,0.5441828708448165,0.10008681205506957,-2.2075306348902966,-0.14217433833144139,2.6541112921544165,1.1095657651012696,-0.04976704716682434,-0.0019456744194030762,-0.2820630967617035,-5.587330088019371e-05,0.04009426757693291,0.013486478477716446,-0.0019115161849185824,-0.04976704716682434,-0.0019456744194030762,-0.2820630967617035,-5.587330088019371e-05,0.04009426757693291,0.013486478477716446,1.0,-0.262143706266767,-0.13143926013645876,0.9289041501888531,0.06008221566546019,0.20497376777401555,0.9024998346667837,0.0,0.0,0.0,0,0.0397
41,0,0.0,-0.14490034477796515,0.10194764960445837,0.9355164974428847,0.9987349001592716,-0.01129503628880224,-0.04635758472268348,0.015874372358046104,0.037287918468050824,-0.03733136528547443,0.08537320438983613,0.5550181162837053,0.09893682042699982,-2.200661979980412,-0.14144819836628533,2.651929959686863,1.1087771626489307,-0.014839217066764832,0.01740822196006775,-0.12355601787567139,0.0003983466885983944,0.03126455843448639,-0.010890919715166092,0.001750295632518828,-0.014839217066764832,0.01740822196006775,-0.12355601787567139,0.0003983466885983944,0.03126455843448639,-0.010890919715166092,1.0,-0.262143706266767,-0.13143926013645876,0.9289041501888531,0.06008221566546019,0.20497376777401555,0.9024998346667837,0.0,0.0,0.0,0,0.0383
42,0,0.0,-0.14503466216646418,0.10226379727250512,0.9327821864649216,0.998608416266243,-0.011266653516567193,-0.04892322551114125,0.01614965901645725,0.033918061876922416,-0.03397043492115878,0.08682658837645074,0.5627377169076476,0.09812840773928543,-2.195192861969215,-0.1402138701817393,2.6491512483620663,1.1081932011801199,0.0477416068315506,0.019971691071987152,-0.030155599117279053,0.0005201157182455063,0.04981488361954689,-0.028564296662807465,0.014442863874137402,0.0477416068315506,0.019971691071987152,-0.030155599117279053,0.0005201157182455063,0.04981488361954689,-0.028564296662807465,1.0,-0.262143706266767,-0.13143926013645876,0.9289041501888531,0.06008221566546019,0.20497376777401555,0.9024998346667837,0.0,0.0,0.0,0,0.0384
43,0,0.0,-0.14504065110343006,0.10263160033391153,0.9313654278692605,0.9984777536753102,-0.012293938626042777,-0.05126369545692507,0.016219371648250314,0.029833677667748196,-0.02989026232130783,0.08796824500629397,0.5672918370533778,0.09777938736099225,-2.190602787541868,-0.13745334557118127,2.6445833376603813,1.1084530995879192,0.053759850561618805,0.03784668445587158,-0.02676093578338623,-2.6056542992591858e-05,0.058738429099321365,-0.02227000892162323,0.0037767651956528425,0.053759850561618805,0.03784668445587158,-0.02676093578338623,-2.6056542992591858e-05,0.058738429099321365,-0.02227000892162323,1.0,-0.262143706266767,-0.13143926013645876,0.9289041501888531,0.06008221566546019,0.20497376777401555,0.9024998346667837,0.0,0.0,0.0,0,0.0401
44,1,0.0549,-0.14503035278974383,0.10308256835163274,0.9305170251197522,0.9983193770201522,-0.01375552931773788,-0.05393876356301451,0.01611882950391514,0.025350313309948323,-0.025404782967161234,0.08886377173384767,0.5706678613159821,0.09785939992763565,-2.1859139360375104,-0.13344374633104272,2.6381637656425503,1.108489370997626,-0.07333062589168549,-0.004950985312461853,-0.22494351863861084,-0.00013569649308919907,0.07099920511245728,0.0009649340063333511,0.006612374447286129,-0.07333062589168549,-0.004950985312461853,-0.22494351863861084,-0.00013569649308919907,0.07099920511245728,0.0009649340063333511,1.0,-0.262143706266767,-0.13143926013645876,0.9289041501888531,0.06008221566546019,0.20497376777401555,0.9024998346667837,0.0,0.0,0.0,0,0.0397
45,0,0.0,-0.1457028930416237,0.10341813611216502,0.9286774024301059,0.9980904840033684,-0.014608374923026357,-0.05780621486992488,0.01613761588465087,0.02063476904058299,-0.020699823057034987,0.08964398088999635,0.5760503109233138,0.0979468538069243,-2.1812219371969506,-0.12948221251506872,2.6312639419497805,1.1071888736546984,-0.051341742277145386,0.002817705273628235,-0.1319558173418045,-0.00039418088272213936,0.07644837349653244,-0.0010211896151304245,-0.0005882393452338874,-0.051341742277145386,0.002817705273628235,-0.1319558173418045,-0.00039418088272213936,0.07644837349653244,-0.0010211896151304245,1.0,-0.262143706266767,-0.13143926013645876,0.9289041501888531,0.06008221566546019,0.20497376777401555,0.9024998346667837,0.0,0.0,0.0,0,0.039
46,0,0.0,-0.14674953360783075,0.10358750896050742,0.9263501752057038,0.9978185970253428,-0.01484155817628735,-0.062237637779068766,0.01625583049114523,0.01579532078586369,-0.015864888728661188,0.0902703037971238,0.5820771694028826,0.09797368575493941,-2.176701104745078,-0.12574441812956774,2.624144225376937,1.1047438970633088,-0.03644326329231262,0.01822763681411743,-0.06807153671979904,-0.0008007809519767761,0.07876013219356537,-0.009358840063214302,0.010513413697481155,-0.03644326329231262,0.01822763681411743,-0.06807153671979904,-0.0008007809519767761,0.07876013219356537,-0.009358840063214302,1.0,-0.262143706266767,-0.13143926013645876,0.9289041501888531,0.06008221566546019,0.20497376777401555,0.9024998346667837,0.0,0.0,0.0,0,0.0381
47,0,0.0,-0.14770469711814743,0.1037812743762159,0.9247223460294823,0.997525202152783,-0.015188202860665134,-0.06667834344901438,0.01633364866791444,0.010887982982592762,-0.010955291603828353,0.09073045030723816,0.5865147006781708,0.09824374984995052,-2.1723670391426437,-0.12153965044497006,2.6156300834843207,1.1022067304341798,-0.037055596709251404,0.03537482023239136,-0.0387783944606781,-0.00023872964084148407,0.06289376318454742,-0.016904672607779503,0.006034757476300001,-0.037055596709251404,0.03537482023239136,-0.0387783944606781,-0.00023872964084148407,0.06289376318454742,-0.016904672607779503,1.0,-0.262143706266767,-0.13143926013645876,0.9289041501888531,0.06008221566546019,0.20497376777401555,0.9024998346667837,0.0,0.0,0.0,0,0.038
48,1,0.0536,-0.14839182516623017,0.10408302863040875,0.923799106043552,0.9972295621097157,-0.015929840083982016,-0.07080461420831254,0.016314020233368136,0.006672670785048155,-0.006735687392436505,0.0911111790305523,0.5895694392860628,0.09872696994768262,-2.168026068524739,-0.11702133780533533,2.606429233297856,1.1002991832573221,-0.05717748403549194,-0.0898115336894989,-0.11643562465906143,-0.003352966858074069,0.11469440907239914,-0.0331600084900856,0.0014915588544681668,-0.05717748403549194,-0.0898115336894989,-0.11643562465906143,-0.003352966858074069,0.11469440907239914,-0.0331600084900856,1.0,-0.262143706266767,-0.13143926013645876,0.9289041501888531,0.06008221566546019,0.20497376777401555,0.9024998346667837,0.0,0.0,0.0,0,0.0398
49,0,0.0,-0.1496650425427925,0.10383345141670715,0.9224746764961635,0.9968084451741169,-0.01755802964225417,-0.07610480953549183,0.016513545658225628,0.0041476793798809935,-0.004248474259065001,0.09114714453141431,0.5931349075726828,0.0986811616537722,-2.1640665243693893,-0.11169528145625376,2.5955692118148854,1.0987604992328144,-0.12782254815101624,-0.06649063527584076,-0.08293164521455765,-0.003469755407422781,0.11353325098752975,-0.030934009701013565,0.005058248061686754,-0.12782254815101624,-0.06649063527584076,-0.08293164521455765,-0.003469755407422781,0.11353325098752975,-0.030934009701013565,1.0,-0.262143706266767,-0.13143926013645876,0.9289041501888531,0.06008221566546019,0.20497376777401555,0.9024998346667837,0.0,0.0,0.0,0,0.0388
50,0,0.0,-0.15152187883218585,0.10316108163127431,0.9209303715946697,0.996243903671364,-0.01961419021314781,-0.08265409540220953,0.01678298105719841,0.0027398954408462775,-0.0028393892157270745,0.09079043639947944,0.5966561675309828,0.09847205351624844,-2.160462952546456,-0.1053311962583708,2.582706687107866,1.0965868376831516,-0.14465764164924622,-0.03507980704307556,-0.047049544751644135,-0.005047684535384178,0.11106092482805252,-0.031098883599042892,-0.008320442400872707,-0.14465764164924622,-0.03507980704307556,-0.047049544751644135,-0.005047684535384178,0.11106092482805252,-0.031098883599042892,1.0,-0.262143706266767,-0.13143926013645876,0.9289041501888531,0.06008221566546019,0.20497376777401555,0.9024998346667837,0.0,0.0,0.0,0,0.0386
51,0,0.0,-0.1535404148659342,0.10258481223101042,0.9198921676004469,0.9956120254201422,-0.021568565533512163,-0.08945554296000426,0.017005812340464985,0.001956943426755301,-0.0020451619678984426,0.09034499393034463,0.5988793053088153,0.0985505393676846,-2.1573628951351926,-0.09869835874419067,2.568608736947872,1.0942046758113009,-0.05733020603656769,-0.04676750302314758,0.005720511078834534,0.00012382352724671364,0.07529594004154205,-0.04776077717542648,-0.01820881851017475,-0.05733020603656769,-0.04676750302314758,0.005720511078834534,0.00012382352724671364,0.07529594004154205,-0.04776077717542648,1.0,-0.262143706266767,-0.13143926013645876,0.9289041501888531,0.06008221566546019,0.20497376777401555,0.9024998346667837,0.0,0.0,0.0,0,0.0388
52,1,0.0536,-0.15475636827565292,0.1020681238100002,0.9196093771549448,0.9950375960165767,-0.024004308898869953,-0.09505282194222972,0.01699813838798929,0.0015172425039435638,-0.001602443419617712,0.08983417465175018,0.6000599717532444,0.09849211335383792,-2.153702163496072,-0.09208193319838205,2.555528794683232,1.0926886940096834,-0.07592666149139404,-0.035529688000679016,-0.08147379010915756,-0.00546819344162941,0.14146508276462555,-0.003692997619509697,0.02243391051888466,-0.07592666149139404,-0.035529688000679016,-0.08147379010915756,-0.00546819344162941,0.14146508276462555,-0.003692997619509697,1.0,-0.262143706266767,-0.13143926013645876,0.9289041501888531,0.06008221566546019,0.20497376777401555,0.9024998346667837,0.0,0.0,0.0,0,0.0398
53,0,0.0,-0.1564048444314828,0.10159510701039738,0.9188497589567102,0.9943635107899983,-0.02566699055941607,-0.1014475125550198,0.017053334026228897,0.0012715923718050097,-0.0013545658611303147,0.08930226038070627,0.6023830340296354,0.09861437312247148,-2.149910307366086,-0.08578396974394045,2.541488160926756,1.0898722778395635,-0.0866524875164032,0.07839572429656982,0.027307868003845215,-0.022293150424957275,0.07954699546098709,-0.002860225737094879,0.014007524587213993,-0.0866524875164032,0.07839572429656982,0.027307868003845215,-0.022293150424957275,0.07954699546098709,-0.002860225737094879,1.0,-0.262143706266767,-0.13143926013645876,0.9289041501888531,0.06008221566546019,0.20497376777401555,0.9024998346667837,0.0,0.0,0.0,0,0.0419
54,0,0.0,-0.15772139488931128,0.10139672653388085,0.918432748766915,0.9937115664704371,-0.026008055661388307,-0.10748168215550256,0.01756677843561342,0.0011413193519200478,-0.001208774070687664,0.08924521099694796,0.6042926194581381,0.09886500827440407,-2.1452708989864013,-0.08193524399044955,2.526917220371635,1.0872478323452264,-0.05614824593067169,0.13469594717025757,0.12328900396823883,-0.023964855819940567,0.028376787900924683,-0.0047490159049630165,0.01042458601295948,-0.05614824593067169,0.13469594717025757,0.12328900396823883,-0.023964855819940567,0.028376787900924683,-0.0047490159049630165,1.0,-0.262143706266767,-0.13143926013645876,0.9289041501888531,0.06008221566546019,0.20497376777401555,0.9024998346667837,0.0,0.0,0.0,0,0.0413
55,0,0.0,-0.15793531639391653,0.10193018829282018,0.9195074589016035,0.9932728600892425,-0.0259650077231825,-0.1113165683275957,0.018532819532855405,0.001074425385117903,-0.0011213005879592652,0.08999461971183613,0.6035338714845202,0.09962727119598279,-2.1404749731418735,-0.08110807953899368,2.51356546595072,1.0877845162861222,-0.05469121038913727,0.13392947614192963,0.17832128703594208,-0.014014088548719883,6.11012801527977e-05,-0.014311847276985645,-0.0011789024574682117,-0.05469121038913727,0.13392947614192963,0.17832128703594208,-0.014014088548719883,6.11012801527977e-05,-0.014311847276985645,1.0,-0.262143706266767,-0.13143926013645876,0.9289041501888531,0.06008221566546019,0.20497376777401555,0.9024998346667837,0.0,0.0,0.0,0,0.0407
56,1,0.0539,-0.15758769839084813,0.10318102685759864,0.9217303795113712,0.9930058105456109,-0.026230342952068386,-0.11345055241092336,0.019503883944658004,0.0010266187902472532,-0.0010699745182410753,0.09124374473871616,0.6002830542393914,0.10108860471738505,-2.1366325934684767,-0.08129578227819936,2.501907005392351,1.091017442045766,0.021041065454483032,0.1348273903131485,0.15815414488315582,-0.018989702686667442,0.06075243279337883,-0.007630885578691959,0.03017549216747284,0.021041065454483032,0.1348273903131485,0.15815414488315582,-0.018989702686667442,0.06075243279337883,-0.007630885578691959,1.0,-0.262143706266767,-0.13143926013645876,0.9289041501888531,0.06008221566546019,0.20497376777401555,0.9024998346667837,0.0,0.0,0.0,0,0.0396
57,0,0.0,-0.15769071948200347,0.10472634918519882,0.9239328367682744,0.9926969779758821,-0.02673252760767303,-0.11583961409812499,0.020475978385721003,0.000980875990055601,-0.0010257605480849205,0.09261063919313388,0.596790268894957,0.10302096156340362,-2.13366894306039,-0.08131709103786537,2.490154207233946,1.0951130868199317,0.009905204176902771,0.2005917876958847,0.16893289983272552,-0.02560834214091301,0.022666528820991516,-0.012498444877564907,-0.0070436568930745125,0.009905204176902771,0.2005917876958847,0.16893289983272552,-0.02560834214091301,0.022666528820991516,-0.012498444877564907,1.0,-0.262143706266767,-0.13143926013645876,0.9289041501888531,0.06008221566546019,0.20497376777401555,0.9024998346667837,0.0,0.0,0.0,0,0.0382
58,0,0.0,-0.1576120115253183,0.10655038339003184,0.9260825739584476,0.9924084303206601,-0.027274297727667096,-0.1179717927305314,0.02154707014630617,0.0009375777102372205,-0.0009830112951019886,0.09421657113016735,0.5937583123456321,0.10520885279451364,-2.130032884868145,-0.08197317585038937,2.4788066950716097,1.1002891365938234,0.013989433646202087,0.21632260084152222,0.15428327023983002,-0.027088824659585953,-0.0016526300460100174,-0.03315652906894684,0.004592397715896368,0.013989433646202087,0.21632260084152222,0.15428327023983002,-0.027088824659585953,-0.0016526300460100174,-0.03315652906894684,1.0,-0.262143706266767,-0.13143926013645876,0.9289041501888531,0.06008221566546019,0.20497376777401555,0.9024998346667837,0.0,0.0,0.0,0,0.0379
59,0,0.0,-0.15703713208093256,0.10875349141843559,0.9283781875456352,0.9922310562186768,-0.02853871823181997,-0.11894016349238876,0.022722459049500855,0.0008959876030821017,-0.0009422486024623588,0.09622813400183752,0.5908114443257695,0.10755886455860533,-2.126087931913978,-0.08353947035914762,2.4694249446330145,1.108278710799078,0.04375997185707092,0.1882229745388031,0.16359902918338776,-0.01885364018380642,-0.010200265794992447,-0.058169614523649216,-0.015997622162103653,0.04375997185707092,0.1882229745388031,0.16359902918338776,-0.01885364018380642,-0.010200265794992447,-0.058169614523649216,1.0,-0.262143706266767,-0.13143926013645876,0.9289041501888531,0.06008221566546019,0.20497376777401555,0.9024998346667837,0.0,0.0,0.0,0,0.0382
60,1,0.0554,-0.15618066109121848,0.11115956759197698,0.9306842204976649,0.9921127152113123,-0.031211368409190088,-0.11905947636271896,0.023728714383579007,0.0008557356478281663,-0.0009036818309920554,0.0983471873465281,0.5879487149787035,0.10995288259731417,-2.1222620469057913,-0.08470017227531915,2.461979107047413,1.1189105913686714,0.01559700071811676,0.1715552806854248,0.10087649524211884,-0.0028957261238247156,0.04583362117409706,-0.0063595641404390335,0.010695341974496841,0.01559700071811676,0.1715552806854248,0.10087649524211884,-0.0028957261238247156,0.04583362117409706,-0.0063595641404390335,1.0,-0.262143706266767,-0.13143926013645876,0.9289041501888531,0.06008221566546019,0.20497376777401555,0.9024998346667837,0.0,0.0,0.0,0,0.0398
61,0,0.0,-0.1561420957763607,0.11379882376778176,0.9323512880001634,0.9918857971947503,-0.03325704284862818,-0.12026330335814006,0.024357181480750625,0.0008173459619835291,-0.0008666344290662041,0.1002496475713336,0.5860645079896567,0.11301671446259368,-2.119172420330569,-0.08460317487955395,2.454079539568514,1.1273514404168257,-0.0036342889070510864,0.1382104903459549,0.14743174612522125,-0.006683030631393194,0.04952700808644295,-0.010805308818817139,-0.004519028589129448,-0.0036342889070510864,0.1382104903459549,0.14743174612522125,-0.006683030631393194,0.04952700808644295,-0.010805308818817139,1.0,-0.262143706266767,-0.13143926013645876,0.9289041501888531,0.06008221566546019,0.20497376777401555,0.9024998346667837,0.0,0.0,0.0,0,0.0387
62,0,0.0,-0.1566551316965642,0.11615211790911432,0.9337978415941833,0.9915496511498332,-0.03416600665822306,-0.12264021254009086,0.024926924435129845,0.0007790467307367766,-0.0008327292784424184,0.10173508472633461,0.5842920601550473,0.11605656123629708,-2.116275618683088,-0.08386395273032284,2.4443363171589185,1.1327357313550972,-0.029521644115447998,0.1557433307170868,0.15332020819187164,-0.013495895080268383,0.016741730272769928,-0.024446671828627586,0.010360226966440678,-0.029521644115447998,0.1557433307170868,0.15332020819187164,-0.013495895080268383,0.016741730272769928,-0.024446671828627586,1.0,-0.262143706266767,-0.13143926013645876,0.9289041501888531,0.06008221566546019,0.20497376777401555,0.9024998346667837,0.0,0.0,0.0,0,0.038
63,0,0.0,-0.15684621802679466,0.11814117981124092,0.9357151925705545,0.9912440392170252,-0.03528230367243945,-0.12463770143831408,0.025609708011905374,0.0007427582470281535,-0.0007999053089467834,0.10303157972866907,0.5816189649162489,0.11865142159552432,-2.113310991283667,-0.08331371331102207,2.4344485128631597,1.138169066190915,-0.03152871131896973,0.18808522820472717,0.18071399629116058,-0.02335299178957939,-0.005622145254164934,-0.03572499752044678,-0.0011699856258928776,-0.03152871131896973,0.18808522820472717,0.18071399629116058,-0.02335299178957939,-0.005622145254164934,-0.03572499752044678,1.0,-0.262143706266767,-0.13143926013645876,0.9289041501888531,0.06008221566546019,0.20497376777401555,0.9024998346667837,0.0,0.0,0.0,0,0.0383
64,1,0.0537,-0.15666481626698223,0.1201312017918,0.938084247938793,0.9910320635451344,-0.037023452095025944,-0.12562701499718387,0.026505963920150137,0.0007085120967749071,-0.0007680019367789198,0.10452368183859245,0.5779586105018684,0.121086078958649,-2.1107126225092947,-0.08367215199123615,2.425788312258105,1.1456879070965156,0.035749636590480804,0.0750260278582573,0.08025448024272919,-0.000656456220895052,0.03713317960500717,0.00018990971148014069,0.0004559087101370096,0.035749636590480804,0.0750260278582573,0.08025448024272919,-0.000656456220895052,0.03713317960500717,0.00018990971148014069,1.0,-0.262143706266767,-0.13143926013645876,0.9289041501888531,0.06008221566546019,0.20497376777401555,0.9024998346667837,0.0,0.0,0.0,0,0.039
65,0,0.0,-0.15671644362174753,0.12203807412060907,0.9398407749626874,0.990820540336769,-0.03828181883170595,-0.12675426668100814,0.027249129744794362,0.0006749737357362444,-0.0007382272190092291,0.10588921086052057,0.5755920589563013,0.1234191650010126,-2.1083556579772935,-0.08382433542896058,2.418331827959643,1.151684591498122,0.0346200093626976,0.06735805422067642,0.10541193187236786,-0.0010240315459668636,0.031903427094221115,-0.0018327627331018448,0.009351059794425964,0.0346200093626976,0.06735805422067642,0.10541193187236786,-0.0010240315459668636,0.031903427094221115,-0.0018327627331018448,1.0,-0.262143706266767,-0.13143926013645876,0.9289041501888531,0.06008221566546019,0.20497376777401555,0.9024998346667837,0.0,0.0,0.0,0,0.0375
66,0,0.0,-0.1567676034157777,0.12344700670698885,0.9410275034486613,0.9905975850468941,-0.03868574052979923,-0.12827639474724517,0.027658715255233092,0.0006423556681904645,-0.0007102436227619293,0.10675064999786361,0.574480686618754,0.1252252737513526,-2.1055215020105016,-0.08324769853467408,2.4111519203676854,1.1544370216244615,0.023331880569458008,0.04753139615058899,0.08963626623153687,-0.0018927769269794226,0.041248440742492676,-0.011435020714998245,0.009999323636293411,0.023331880569458008,0.04753139615058899,0.08963626623153687,-0.0018927769269794226,0.041248440742492676,-0.011435020714998245,1.0,-0.262143706266767,-0.13143926013645876,0.9289041501888531,0.06008221566546019,0.20497376777401555,0.9024998346667837,0.0,0.0,0.0,0,0.0381
67,0,0.0,-0.15682274213277558,0.12443015756998482,0.942142760197749,0.9903254742346763,-0.03914928801239237,-0.13016064259804014,0.02794629579123175,0.0006111115669396705,-0.0006834814490971983,0.10723832880000518,0.5735727649795364,0.1265867737150987,-2.102504898792419,-0.08190402740675971,2.403362310204842,1.1559595029228842,-0.010636314749717712,0.01806991547346115,0.10701362788677216,1.7085112631320953e-06,0.05893084034323692,-0.02155010960996151,0.01316910795867443,-0.010636314749717712,0.01806991547346115,0.10701362788677216,1.7085112631320953e-06,0.05893084034323692,-0.02155010960996151,1.0,-0.262143706266767,-0.13143926013645876,0.9289041501888531,0.06008221566546019,0.20497376777401555,0.9024998346667837,0.0,0.0,0.0,0,0.0377
68,1,0.0532,-0.15723166780103762,0.12504391593704983,0.9432272015304048,0.9899107986648199,-0.04008077192888143,-0.13295808358042166,0.028147653880635615,0.0005811566233468516,-0.0006579147712953087,0.1073531014827023,0.5724844101873722,0.12767685188859823,-2.099713563001447,-0.07923930041883341,2.3939157513357516,1.1567899948756246,-0.07780475914478302,0.09469898045063019,0.07191196084022522,0.00555767584592104,0.04204985126852989,-0.007548794150352478,0.02017621509730816,-0.07780475914478302,0.09469898045063019,0.07191196084022522,0.00555767584592104,0.04204985126852989,-0.007548794150352478,1.0,-0.262143706266767,-0.13143926013645876,0.9289041501888531,0.06008221566546019,0.20497376777401555,0.9024998346667837,0.0,0.0,0.0,0,0.0393
69,0,0.0,-0.15789085309465606,0.12591498124483969,0.944339452796731,0.9894556960594985,-0.04081918958270553,-0.13611182654747855,0.028014103075641762,0.0005542150336676519,-0.0006317163872395064,0.10739044023406381,0.5712564088269192,0.12928516158000747,-2.0972061901400965,-0.07568894786415734,2.3842070801352486,1.1568483148680877,-0.02644960582256317,0.1177443191409111,0.08870328962802887,0.002120932564139366,0.05053249001502991,-0.00938775297254324,0.0011288576060906053,-0.02644960582256317,0.1177443191409111,0.08870328962802887,0.002120932564139366,0.05053249001502991,-0.00938775297254324,1.0,-0.262143706266767,-0.13143926013645876,0.9289041501888531,0.06008221566546019,0.20497376777401555,0.9024998346667837,0.0,0.0,0.0,0,0.0373
70,0,0.0,-0.15855399968225425,0.1271798533141649,0.9454089434500402,0.989039064066352,-0.04121203341566543,-0.13905376180084417,0.027701071848095053,0.0005279283826967203,-0.0006071451400397236,0.1075422655351354,0.5702113113049443,0.13137625791729857,-2.0946785720742325,-0.07224365438930425,2.375136275531852,1.1569149920214417,-0.010540992021560669,0.1883310228586197,0.09284606575965881,-0.001195372547954321,0.038511503487825394,-0.009378423914313316,0.007308886852115393,-0.010540992021560669,0.1883310228586197,0.09284606575965881,-0.001195372547954321,0.038511503487825394,-0.009378423914313316,1.0,-0.262143706266767,-0.13143926013645876,0.9289041501888531,0.06008221566546019,0.20497376777401555,0.9024998346667837,0.0,0.0,0.0,0,0.0384
71,0,0.0,-0.1589424665900812,0.1288743120763945,0.9465410787470039,0.9886869855489746,-0.04149193226586001,-0.1415273828375493,0.027321494653105967,0.0005034677510195295,-0.0005829314367950743,0.10794801390237642,0.5694744113478314,0.13391025856568287,-2.0915079793852724,-0.06924082176709154,2.366681901590968,1.157750944834312,0.07530182600021362,0.24372607469558716,0.14020128548145294,0.0008761822246015072,0.06987620145082474,-0.01001361571252346,0.0044907149858772755,0.07530182600021362,0.24372607469558716,0.14020128548145294,0.0008761822246015072,0.06987620145082474,-0.01001361571252346,1.0,-0.262143706266767,-0.13143926013645876,0.9289041501888531,0.06008221566546019,0.20497376777401555,0.9024998346667837,0.0,0.0,0.0,0,0.0382
72,1,0.0546,-0.1592040681102866,0.1312727192946642,0.9477879601431272,0.9883294491664305,-0.041746010367566755,-0.14403083457161459,0.02678225571855382,0.00048050700090066786,-0.0005593093829594913,0.10864036484049054,0.5691573158891503,0.13729095267312388,-2.087235425772813,-0.06597673664648282,2.3574772016827956,1.1593796237027525,-0.20759344100952148,0.2000005543231964,0.22705630958080292,-0.004487368743866682,0.08837385475635529,-0.008197869174182415,-0.008916065096855164,-0.20759344100952148,0.2000005543231964,0.22705630958080292,-0.004487368743866682,0.08837385475635529,-0.008197869174182415,1.0,-0.262143706266767,-0.13143926013645876,0.9289041501888531,0.06008221566546019,0.20497376777401555,0.9024998346667837,0.0,0.0,0.0,0,0.0394
73,0,0.0,-0.16081343605715015,0.13383362758849635,0.9497442676199922,0.9876023319288454,-0.04193262110111412,-0.1488632143599255,0.026889266756958262,0.00045758390423144245,-0.0005394240353925134,0.1094186103032836,0.5664425738604412,0.14145711391301474,-2.0843231625102896,-0.062084637343016995,2.3421365006151076,1.1614472129498068,-0.1745559275150299,0.1898479461669922,0.29986488819122314,-0.001995853381231427,0.10098771005868912,-0.013220037333667278,-0.014753528870642185,-0.1745559275150299,0.1898479461669922,0.29986488819122314,-0.001995853381231427,0.10098771005868912,-0.013220037333667278,1.0,-0.262143706266767,-0.13143926013645876,0.9289041501888531,0.06008221566546019,0.20497376777401555,0.9024998346667837,0.0,0.0,0.0,0,0.0394
74,0,0.0,-0.16326373479783765,0.13639024265923402,0.9529303609876691,0.9866373642193222,-0.042247188540833536,-0.15496465940359885,0.027346680286090067,0.0004577867110448215,-0.0005418324749602948,0.11008674377849034,0.5605046892427042,0.14609489076628085,-2.0827988852134096,-0.05729400338587492,2.322591522002833,1.1636910074369824,-0.031907856464385986,0.13141445815563202,0.3889669179916382,-0.0018282379023730755,0.10461193323135376,-0.028248649090528488,-0.017925173044204712,-0.031907856464385986,0.13141445815563202,0.3889669179916382,-0.0018282379023730755,0.10461193323135376,-0.028248649090528488,1.0,-0.262143706266767,-0.13143926013645876,0.9289041501888531,0.06008221566546019,0.20497376777401555,0.9024998346667837,0.0,0.0,0.0,0,0.0391
75,0,0.0,-0.16504893781568297,0.13860912544097212,0.9571875034415636,0.9856775061699027,-0.04331113046842516,-0.16063448417179602,0.02757829405688294,0.0004557083455236681,-0.0005438862772559078,0.11037803413153445,0.5530004399761959,0.15016378625702279,-2.0802799448091327,-0.051500029749460705,2.3016269404136795,1.16588546091192,0.06715868413448334,0.0789271667599678,0.5367674827575684,-0.0018298046197742224,0.09675642848014832,-0.045426130294799805,-0.015035995282232761,0.06715868413448334,0.0789271667599678,0.5367674827575684,-0.0018298046197742224,0.09675642848014832,-0.045426130294799805,1.0,-0.262143706266767,-0.13143926013645876,0.9289041501888531,0.06008221566546019,0.20497376777401555,0.9024998346667837,0.0,0.0,0.0,0,0.0392
76,1,0.0534,-0.16569549445769385,0.1401649489514551,0.9628607340312663,0.9847495314291443,-0.045441733575818544,-0.16565917623838164,0.027576194946452214,0.0004532255289322414,-0.0005463332945648081,0.11014014571252413,0.5436388920727899,0.1531265178268133,-2.075836551177339,-0.04464283577087577,2.278384889600203,1.167924257004823,-0.021153628826141357,0.21760869026184082,0.13856859505176544,-0.00376500329002738,0.04493459314107895,-0.03370954841375351,-0.0021249656565487385,-0.021153628826141357,0.21760869026184082,0.13856859505176544,-0.00376500329002738,0.04493459314107895,-0.03370954841375351,1.0,-0.262143706266767,-0.13143926013645876,0.9289041501888531,0.06008221566546019,0.20497376777401555,0.9024998346667837,0.0,0.0,0.0,0,0.0402
77,0,0.0,-0.16565553993148785,0.14199917398776304,0.9674020881398201,0.9840126728018015,-0.0476094199412288,-0.16947292040096287,0.02704315346039135,0.0004540076306767463,-0.0005455798265014081,0.11015720922544339,0.5378924992721148,0.1559344223050539,-2.0700630779089217,-0.03829736760468069,2.260163255353274,1.170314727770965,0.026560068130493164,0.26180076599121094,0.28014326095581055,-0.0069929203018546104,0.04339459165930748,-0.042588427662849426,-0.0008552458602935076,0.026560068130493164,0.26180076599121094,0.28014326095581055,-0.0069929203018546104,0.04339459165930748,-0.042588427662849426,1.0,-0.262143706266767,-0.13143926013645876,0.9289041501888531,0.06008221566546019,0.20497376777401555,0.9024998346667837,0.0,0.0,0.0,0,0.0387
78,0,0.0,-0.1654758124117194,0.14457889288636996,0.9706390823074212,0.9834325548813506,-0.04968108032840246,-0.17230902280362714,0.026491525388324236,0.0004543726255508267,-0.0005452795725622051,0.11077834925624734,0.5348663572402299,0.1593559239238556,-2.0638931148794986,-0.03334719317976336,2.246038984598957,1.174795971782637,0.11249472200870514,0.2804689407348633,0.38171106576919556,-0.015351923182606697,0.0702691525220871,-0.04678373038768768,-0.014837252907454967,0.11249472200870514,0.2804689407348633,0.38171106576919556,-0.015351923182606697,0.0702691525220871,-0.04678373038768768,1.0,-0.262143706266767,-0.13143926013645876,0.9289041501888531,0.06008221566546019,0.20497376777401555,0.9024998346667837,0.0,0.0,0.0,0,0.0383
79,0,0.0,-0.1651512354958997,0.1475850520636847,0.9746571596194418,0.9828107291950554,-0.052185221356248646,-0.17512823400778427,0.026265469811066228,0.000454074044355217,-0.0005454981049056627,0.11166858436084204,0.5308758147352769,0.16330755179578668,-2.0567450475821283,-0.02874160732145769,2.2297971822481473,1.1813119194222785,0.2151304930448532,0.2628557085990906,0.5242778062820435,-0.009138563647866249,0.13591933250427246,-0.05213189125061035,0.009093922562897205,0.2151304930448532,0.2628557085990906,0.5242778062820435,-0.009138563647866249,0.13591933250427246,-0.05213189125061035,1.0,-0.262143706266767,-0.13143926013645876,0.9289041501888531,0.06008221566546019,0.20497376777401555,0.9024998346667837,0.0,0.0,0.0,0,0.038
80,1,0.0533,-0.1648841601425295,0.15079044559558039,0.9797897254933505,0.9818978758444977,-0.055131513180342484,-0.17932507393307048,0.026069053020908388,0.00045340335509342917,-0.000546225243813703,0.11241941501905292,0.5258803433516199,0.16758188310146793,-2.047460197125979,-0.02257233657960699,2.2077103561734455,1.1879746989149746,0.040297187864780426,0.3773025870323181,0.07131294906139374,-0.002040974795818329,0.007492317818105221,-0.05126185715198517,0.008687448687851429,0.040297187864780426,0.3773025870323181,0.07131294906139374,-0.002040974795818329,0.007492317818105221,-0.05126185715198517,1.0,-0.262143706266767,-0.13143926013645876,0.9289041501888531,0.06008221566546019,0.20497376777401555,0.9024998346667837,0.0,0.0,0.0,0,0.0401
81,0,0.0,-0.1637641400833914,0.15465049850732887,0.9837132298111092,0.9811993874481071,-0.05810200272493665,-0.182309158890802,0.025204958546633092,0.00045528503934240546,-0.0005443221866390488,0.11355651345138146,0.5250644356991135,0.17206936118564772,-2.036081515451976,-0.01683955037851312,2.190904212172254,1.195344396946581,0.14059479534626007,0.3866574168205261,0.08930298686027527,-0.0007764874026179314,0.02145342156291008,-0.044517211616039276,0.18256875872612,0.14059479534626007,0.3866574168205261,0.08930298686027527,-0.0007764874026179314,0.02145342156291008,-0.044517211616039276,1.0,-0.262143706266767,-0.13143926013645876,0.9289041501888531,0.06008221566546019,0.20497376777401555,0.9024998346667837,0.0,0.0,0.0,0,0.0381
82,0,0.0,-0.16223838095152945,0.15918685213324046,0.9854755364593457,0.9808312633718872,-0.06084125518364614,-0.1835286670924122,0.024199231708204073,0.0004563388773465977,-0.0005432656309743761,0.11539451083868235,0.5285830721943808,0.17685930649771728,-2.0245937795620663,-0.013114900635227595,2.1815901120407473,1.2044205952479048,0.24267806112766266,0.30866739153862,0.09076525270938873,-0.0015693907625973225,0.07206246256828308,-0.0450647696852684,-0.0008950161281973124,0.24267806112766266,0.30866739153862,0.09076525270938873,-0.0015693907625973225,0.07206246256828308,-0.0450647696852684,1.0,-0.262143706266767,-0.13143926013645876,0.9289041501888531,0.06008221566546019,0.20497376777401555,0.9024998346667837,0.0,0.0,0.0,0,0.0383
83,0,0.0,-0.1607527615048305,0.16350900923614017,0.9864714168484678,0.9803585805613872,-0.06364919488921716,-0.18519858917073692,0.023394787427628558,0.00045544287248953263,-0.0005441764791464926,0.11727831717572525,0.5340697102037124,0.18113071166672598,-2.0122057810770153,-0.009725537777502192,2.172235978490974,1.2134505977765213,0.39248019456863403,0.12123925238847733,0.11892135441303253,0.00012525497004389763,0.08771500736474991,-0.048798106610774994,-0.032504647970199585,0.39248019456863403,0.12123925238847733,0.11892135441303253,0.00012525497004389763,0.08771500736474991,-0.048798106610774994,1.0,-0.262143706266767,-0.13143926013645876,0.9289041501888531,0.06008221566546019,0.20497376777401555,0.9024998346667837,0.0,0.0,0.0,0,0.0385
84,1,0.0537,-0.1585025428154207,0.1664468120394359,0.9872873798583945,0.979737690493893,-0.0669177611227515,-0.1873958424471188,0.022778702894255293,0.00045191467711055186,-0.0005476902955339511,0.11853917491960003,0.5411229291938063,0.18318782882524123,-1.9971908744268954,-0.006329902372948177,2.160780929212438,1.2206854476754292,0.24696168303489685,0.35802385210990906,0.12211750447750092,-0.0010745581239461899,0.018613889813423157,-0.060123857110738754,-0.011015849187970161,0.24696168303489685,0.35802385210990906,0.12211750447750092,-0.0010745581239461899,0.018613889813423157,-0.060123857110738754,1.0,-0.262143706266767,-0.13143926013645876,0.9289041501888531,0.06008221566546019,0.20497376777401555,0.9024998346667837,0.0,0.0,0.0,0,0.0403
85,0,0.0,-0.15534655268877418,0.16952970482324023,0.988513404851,0.9792147239897583,-0.07022240028673155,-0.18904611679180916,0.02165420387748415,0.0004538522092345959,-0.0005457262917561727,0.1198202436828376,0.5487361496129186,0.1852298351550548,-1.9798114892380323,-0.0024176976048208643,2.149076436406641,1.2274936542310038,0.31088730692863464,0.3967939615249634,0.014065787196159363,0.0013579195365309715,0.022004038095474243,-0.058787357062101364,-0.017185691744089127,0.31088730692863464,0.3967939615249634,0.014065787196159363,0.0013579195365309715,0.022004038095474243,-0.058787357062101364,1.0,-0.262143706266767,-0.13143926013645876,0.9289041501888531,0.06008221566546019,0.20497376777401555,0.9024998346667837,0.0,0.0,0.0,0,0.0398
86,0,0.0,-0.1519035782111009,0.17381890361296717,0.9893425629580036,0.9788558267527163,-0.07357095676926745,-0.18979795641963237,0.020132572891721517,0.00045585616871420285,-0.0005437410247681373,0.12178415669817569,0.5579997308119202,0.18839182574650865,-1.9614420101873085,0.001201921067731615,2.1400574117841127,1.2361690594601684,0.385721892118454,0.3695504665374756,0.006446763873100281,0.001989563461393118,0.05268603935837746,-0.06740637868642807,0.0015291710151359439,0.385721892118454,0.3695504665374756,0.006446763873100281,0.001989563461393118,0.05268603935837746,-0.06740637868642807,1.0,-0.262143706266767,-0.13143926013645876,0.9289041501888531,0.06008221566546019,0.20497376777401555,0.9024998346667837,0.0,0.0,0.0,0,0.0395
87,0,0.0,-0.14837238438065684,0.17838496989074662,0.9892767696491571,0.9784235978343565,-0.07734835008494528,-0.19068325803152403,0.0185577759036938,0.00045654624484374045,-0.0005431120659054884,0.12405030744744973,0.5696917970922464,0.19149789586770688,-1.941769182501797,0.004781369936398768,2.131934319089951,1.2458947100548818,0.3942873775959015,0.34399276971817017,0.052835509181022644,0.0018406002782285213,0.09780683368444443,-0.07335647195577621,-0.002364223124459386,0.3942873775959015,0.34399276971817017,0.052835509181022644,0.0018406002782285213,0.09780683368444443,-0.07335647195577621,1.0,-0.262143706266767,-0.13143926013645876,0.9289041501888531,0.06008221566546019,0.20497376777401555,0.9024998346667837,0.0,0.0,0.0,0,0.0397
88,1,0.0541,-0.14511458165237126,0.18278106793636273,0.9890225277002939,0.9776247478838314,-0.08163903784600329,-0.1931146311700938,0.017078028360781553,0.00045648140161160525,-0.0005431636687079702,0.12624442271644637,0.5825805742886472,0.19423421024253382,-1.9204038024754615,0.009489131197495046,2.120306240604818,1.255601636939736,0.2796284258365631,0.5056192278862,0.036209240555763245,-0.019483476877212524,0.01964147388935089,-0.03691304475069046,0.01851157285273075,0.2796284258365631,0.5056192278862,0.036209240555763245,-0.019483476877212524,0.01964147388935089,-0.03691304475069046,1.0,-0.262143706266767,-0.13143926013645876,0.9289041501888531,0.06008221566546019,0.20497376777401555,0.9024998346667837,0.0,0.0,0.0,0,0.04
89,0,0.0,-0.14154485798794675,0.18767609403331673,0.9891650144130069,0.9769420771228527,-0.08499060643716538,-0.19519895618563468,0.016066806414686483,0.0004589794859022568,-0.0005406164888174988,0.12907480124515133,0.5957581064936482,0.19756743903186966,-1.8972153140308772,0.012204303940532315,2.1077412251927936,1.2657191222481576,0.2493952512741089,0.4014623761177063,0.02939373254776001,0.005689259618520737,0.015987008810043335,-0.06757120788097382,0.06380067765712738,0.2493952512741089,0.4014623761177063,0.02939373254776001,0.005689259618520737,0.015987008810043335,-0.06757120788097382,1.0,-0.262143706266767,-0.13143926013645876,0.9289041501888531,0.06008221566546019,0.20497376777401555,0.9024998346667837,0.0,0.0,0.0,0,0.0382
90,0,0.0,-0.13793309362478803,0.1931257677027353,0.9895415755632834,0.9763973543657615,-0.08817962222483,-0.19655922275416693,0.015395861850018802,0.00046035570371084336,-0.0005392882905899479,0.1324532484525449,0.60861659599843,0.20142735244578172,-1.8739660421261106,0.013803313143476232,2.0959129757369346,1.277471830238456,0.3783988356590271,0.23370063304901123,0.03924877941608429,0.0025831805542111397,0.024547025561332703,-0.08516129851341248,-0.011766944080591202,0.3783988356590271,0.23370063304901123,0.03924877941608429,0.0025831805542111397,0.024547025561332703,-0.08516129851341248,1.0,-0.262143706266767,-0.13143926013645876,0.9289041501888531,0.06008221566546019,0.20497376777401555,0.9024998346667837,0.0,0.0,0.0,0,0.0387
91,0,0.0,-0.133872658393492,0.1975714548855093,0.9899800834238904,0.9757684523480042,-0.09279528225643369,-0.19761185312213383,0.014646450046489637,0.0004584118647704123,-0.0005411556879485215,0.13537385164830837,0.6212782441323513,0.20361722259005163,-1.850568915666209,0.01604565734229171,2.084572377790043,1.2896599908115474,0.41234225034713745,0.22984951734542847,0.0645102709531784,-0.0016949810087680817,0.04082547873258591,-0.09333612024784088,-0.05143532156944275,0.41234225034713745,0.22984951734542847,0.0645102709531784,-0.0016949810087680817,0.04082547873258591,-0.09333612024784088,1.0,-0.262143706266767,-0.13143926013645876,0.9289041501888531,0.06008221566546019,0.20497376777401555,0.9024998346667837,0.0,0.0,0.0,0,0.0381
92,1,0.0536,-0.12937731652114864,0.2009853589593946,0.9904653006454618,0.9750077629620976,-0.09829008384055737,-0.19877037349602747,0.013757187303788998,0.00045721913097508036,-0.0005423401445543225,0.13780184338991833,0.6340918795353773,0.2043148136022966,-1.8264362997766468,0.019201568268541976,2.072572704251028,1.301115471502169,0.16758237779140472,0.38815492391586304,0.036570265889167786,6.490247324109077e-05,0.08674443513154984,-0.042985014617443085,0.015254830941557884,0.16758237779140472,0.38815492391586304,0.036570265889167786,6.490247324109077e-05,0.08674443513154984,-0.042985014617443085,1.0,-0.262143706266767,-0.13143926013645876,0.9289041501888531,0.06008221566546019,0.20497376777401555,0.9024998346667837,0.0,0.0,0.0,0,0.0399
93,0,0.0,-0.12648117886971982,0.20496686530227334,0.9907663004322199,0.973860157327983,-0.10229615844535389,-0.20239380873724916,0.01298599712260895,0.00045853875523595427,-0.0005410864187876599,0.14048836786459254,0.6469080681207138,0.20625548479157185,-1.803249257941843,0.02354527000228397,2.056491108195838,1.3103846614233938,0.3062438368797302,0.31420454382896423,0.019822776317596436,0.0010970523580908775,0.04218267276883125,-0.05041685700416565,0.9827821254730225,0.3062438368797302,0.31420454382896423,0.019822776317596436,0.0010970523580908775,0.04218267276883125,-0.05041685700416565,-1.0,-0.262143706266767,-0.13143926013645876,0.9289041501888531,0.06008221566546019,0.20497376777401555,0.9024998346667837,0.0,0.0,0.0,0,0.0385
94,0,0.0,-0.12347383148126101,0.2092623368141452,0.9910487109060088,0.9728788952412497,-0.10533664937172255,-0.20557613176199288,0.012218819217880025,0.0007739593612678585,-0.0008606816421421932,0.14350093610141904,0.6601605830430909,0.2083573650910599,-1.779336163855092,0.02689698106330582,2.0413713808265994,1.3189298745167368,0.40008682012557983,0.2460809350013733,0.004606530070304871,-0.0020519269164651632,0.03971044719219208,-0.05404103174805641,0.9663309454917908,0.40008682012557983,0.2460809350013733,0.004606530070304871,-0.0020519269164651632,0.03971044719219208,-0.05404103174805641,-1.0,-0.262143706266767,-0.13143926013645876,0.9289041501888531,0.06008221566546019,0.20497376777401555,0.9024998346667837,0.0,0.0,0.0,0,0.0387
95,0,0.0,-0.11933863318252069,0.21288355176898432,0.991116827529132,0.9721707635751374,-0.1087091255621443,-0.20720672174330593,0.011476364129770447,0.0027620638574426012,-0.0028630389707594316,0.14647453382519865,0.6744210238056589,0.20919421259895896,-1.7539823603574514,0.02901668858476007,2.0285906868693213,1.3274015169514906,0.4750325381755829,0.2165604531764984,0.09221494197845459,-0.0024319076910614967,0.09553423523902893,-0.0653311014175415,1.0129077434539795,0.4750325381755829,0.2165604531764984,0.09221494197845459,-0.0024319076910614967,0.09553423523902893,-0.0653311014175415,-1.0,-0.262143706266767,-0.13143926013645876,0.9289041501888531,0.06008221566546019,0.20497376777401555,0.9024998346667837,0.0,0.0,0.0,0,0.0383
96,1,0.0534,-0.11506881912309042,0.21592797393701985,0.9912607813532687,0.9712356374219016,-0.11257671090691534,-0.2095541504107406,0.010718153231097385,0.006061643388862487,-0.006167318294716681,0.14912552105708282,0.6892063514097628,0.209215725710656,-1.7271650345425678,0.03217237729492033,2.013415264420044,1.3353626071475144,0.3939529359340668,0.2761274576187134,0.10544990003108978,-0.00039577949792146683,0.07039231061935425,-0.05398046597838402,0.9827617406845093,0.3939529359340668,0.2761274576187134,0.10544990003108978,-0.00039577949792146683,0.07039231061935425,-0.05398046597838402,-1.0,-0.262143706266767,-0.13143926013645876,0.9289041501888531,0.06008221566546019,0.20497376777401555,0.9024998346667837,0.0,0.0,0.0,0,0.0389
97,0,0.0,-0.11077446156102079,0.21899680466187987,0.9919528456191111,0.9701272207575148,-0.11630294469171315,-0.21267776371716615,0.009745225579789352,0.01012337071134729,-0.010198533728561542,0.15168039630429556,0.7040605758067743,0.2092805266583781,-1.6985618726047644,0.03625901542530761,1.9953773909954193,1.3425409566635054,0.4804096221923828,0.28447195887565613,0.1251935511827469,-0.0011453847400844097,0.07298185676336288,-0.05744052305817604,0.9889107346534729,0.4804096221923828,0.28447195887565613,0.1251935511827469,-0.0011453847400844097,0.07298185676336288,-0.05744052305817604,-1.0,-0.262143706266767,-0.13143926013645876,0.9289041501888531,0.06008221566546019,0.20497376777401555,0.9024998346667837,0.0,0.0,0.0,0,0.0376
98,0,0.0,-0.10606183083021548,0.22228138673032535,0.9930163591821588,0.9690992497201119,-0.11983783330741088,-0.21543457976421215,0.008572032542938202,0.014599403800986564,-0.01464801075061144,0.1544137776073893,0.7193671477775222,0.20940451440637772,-1.668072717615932,0.04024060202098994,1.9768459098332183,1.349682771686374,0.5224061012268066,0.24262797832489014,0.13919703662395477,-0.004121256992220879,0.05385974422097206,-0.0683126375079155,0.9941324591636658,0.5224061012268066,0.24262797832489014,0.13919703662395477,-0.004121256992220879,0.05385974422097206,-0.0683126375079155,-1.0,-0.262143706266767,-0.13143926013645876,0.9289041501888531,0.06008221566546019,0.20497376777401555,0.9024998346667837,0.0,0.0,0.0,0,0.0382
99,0,0.0,-0.10061475866970282,0.2253684090024924,0.9943235294766208,0.9681554722111794,-0.12381611586172914,-0.21746368612010478,0.007355018662023441,0.019299172007361354,-0.019343454135179874,0.15717703935034258,0.7353902226623819,0.20903124818678104,-1.6354143913289516,0.04377924007603523,1.9583510531219233,1.3575133719185155,0.5439753532409668,0.21610167622566223,0.13680599629878998,-0.003218078287318349,0.045913152396678925,-0.07761490345001221,0.9855404496192932,0.5439753532409668,0.21610167622566223,0.13680599629878998,-0.003218078287318349,0.045913152396678925,-0.07761490345001221,-1.0,-0.262143706266767,-0.13143926013645876,0.9289041501888531,0.06008221566546019,0.20497376777401555,0.9024998346667837,0.0,0.0,0.0,0,0.038
100,1,0.0549,-0.09461914852288356,0.22813450442452235,0.9957737757551944,0.9672354651219168,-0.12835842431269656,-0.21895650814916032,0.006141454019713055,0.024130818165913042,-0.02417334403708366,0.1598896604850034,0.7520452786334927,0.2081199298008924,-1.6010829156369004,0.04710397199321074,1.9398743129041924,1.3660315027081,0.46726757287979126,0.18839706480503082,-0.062271848320961,-0.00033906660974025726,0.023376986384391785,-0.07338126003742218,0.9983027577400208,0.46726757287979126,0.18839706480503082,-0.062271848320961,-0.00033906660974025726,0.023376986384391785,-0.07338126003742218,-1.0,-0.262143706266767,-0.13143926013645876,0.9289041501888531,0.06008221566546019,0.20497376777401555,0.9024998346667837,0.0,0.0,0.0,0,0.0394
101,0,0.0,-0.08857782054827114,0.23063879585472785,0.9961941622041166,0.9663391909622207,-0.1330108207602143,-0.2201630000884356,0.004994293066446415,0.029036600835488462,-0.029078642666745428,0.16272280085895513,0.7706510072016025,0.20677655005210974,-1.566421068621076,0.04992145479696786,1.9234952649699213,1.3744739378904978,0.49268803000450134,0.207550510764122,-0.06369159370660782,0.0008877720683813095,0.011337642557919025,-0.0761280208826065,0.993908166885376,0.49268803000450134,0.207550510764122,-0.06369159370660782,0.0008877720683813095,0.011337642557919025,-0.0761280208826065,-1.0,-0.262143706266767,-0.13143926013645876,0.9289041501888531,0.06008221566546019,0.20497376777401555,0.9024998346667837,0.0,0.0,0.0,0,0.0383
102,0,0.0,-0.08246232301025991,0.23312480946769415,0.9955282728819195,0.9655742777293033,-0.13758403669831215,-0.22073345196126903,0.003700029539427871,0.03325690008314549,-0.03328943027863997,0.16575909222207325,0.7909385685284116,0.20529334921532458,-1.5316551392682687,0.05227629097646943,1.9100589438151978,1.3827209412541166,0.44649872183799744,0.2109973430633545,-0.06817612797021866,-0.0039362735114991665,-0.0022388137876987457,-0.0784362182021141,0.9999725818634033,0.44649872183799744,0.2109973430633545,-0.06817612797021866,-0.0039362735114991665,-0.0022388137876987457,-0.0784362182021141,-1.0,-0.262143706266767,-0.13143926013645876,0.9289041501888531,0.06008221566546019,0.20497376777401555,0.9024998346667837,0.0,0.0,0.0,0,0.0383
103,0,0.0,-0.07637492412299354,0.2356549301022268,0.994618910018399,0.9648814731623993,-0.14219485678159532,-0.22085814222622685,0.0024589561196749626,0.03575506344389829,-0.03580256605082797,0.1689927586807725,0.811528394256835,0.2038662860806022,-1.496882390801933,0.05417217744293736,1.8977112513230778,1.3914018826794958,0.43165314197540283,0.1774156242609024,-0.060572199523448944,-0.007812895812094212,-0.0030533261597156525,-0.08410415053367615,1.007417917251587,0.43165314197540283,0.1774156242609024,-0.060572199523448944,-0.007812895812094212,-0.0030533261597156525,-0.08410415053367615,-1.0,-0.262143706266767,-0.13143926013645876,0.9289041501888531,0.06008221566546019,0.20497376777401555,0.9024998346667837,0.0,0.0,0.0,0,0.038
104,1,0.054,-0.07049354454511131,0.23803399675150716,0.9937195726582948,0.9641671310220695,-0.1470345429708348,-0.22081702445082424,0.0015583140607793589,0.03715294787857042,-0.03722797425719248,0.17233022188098146,0.8317617349203468,0.2023447740355852,-1.4625222441833077,0.05561412809683412,1.8855160193315506,1.400868569496181,0.4528493583202362,0.2821045517921448,-0.011938691139221191,-0.03347606211900711,0.01573268696665764,-0.10254689306020737,1.0075819492340088,0.4528493583202362,0.2821045517921448,-0.011938691139221191,-0.03347606211900711,0.01573268696665764,-0.10254689306020737,-1.0,-0.262143706266767,-0.13143926013645876,0.9289041501888531,0.06008221566546019,0.20497376777401555,0.9024998346667837,0.0,0.0,0.0,0,0.038
105,0,0.0,-0.06485826328516328,0.2406181510350268,0.9930009409427869,0.9633155657982744,-0.15264099773633816,-0.22073274363582746,0.0009499409479316878,0.03794864880193927,-0.03801852514633515,0.17597506994906584,0.8517151244950366,0.20109858820541962,-1.4280877761380575,0.05694179261665386,1.8730533101643365,1.41262968974019,0.48751914501190186,0.2743309736251831,0.010706484317779541,-0.02257551997900009,0.01115300040692091,-0.10320844501256943,0.9908515810966492,0.48751914501190186,0.2743309736251831,0.010706484317779541,-0.02257551997900009,0.01115300040692091,-0.10320844501256943,-1.0,-0.262143706266767,-0.13143926013645876,0.9289041501888531,0.06008221566546019,0.20497376777401555,0.9024998346667837,0.0,0.0,0.0,0,0.0371
106,0,0.0,-0.05920912931055841,0.24371634037545933,0.9926126570632288,0.9623999437623858,-0.1589204609471807,-0.22029650869289352,0.0002891300973418137,0.038398626525208805,-0.038459011486075376,0.18000910835293865,0.871709735538205,0.20033758928558054,-1.3926730961153042,0.058282143319045195,1.8606663412388047,1.4264168081064232,0.47686487436294556,0.2670992612838745,0.03541406989097595,-0.01017686352133751,0.006002570502460003,-0.09870526194572449,0.9932774305343628,0.47686487436294556,0.2670992612838745,0.03541406989097595,-0.01017686352133751,0.006002570502460003,-0.09870526194572449,-1.0,-0.262143706266767,-0.13143926013645876,0.9289041501888531,0.06008221566546019,0.20497376777401555,0.9024998346667837,0.0,0.0,0.0,0,0.0374
107,0,0.0,-0.05350956513672506,0.247072706783901,0.9925914805740312,0.9614957272851858,-0.16516279702183978,-0.21965126300215382,-0.0007345432676448826,0.038648161430711966,-0.038709693725420574,0.1841465512408681,0.8916612870743271,0.19986200393034453,-1.3563399103997817,0.059987725836987575,1.8480594213421822,1.4402033099192686,0.45197975635528564,0.25974351167678833,0.04508917033672333,-0.00782860815525055,-0.0011778119951486588,-0.09715066850185394,1.011303186416626,0.45197975635528564,0.25974351167678833,0.04508917033672333,-0.00782860815525055,-0.0011778119951486588,-0.09715066850185394,-1.0,-0.262143706266767,-0.13143926013645876,0.9289041501888531,0.06008221566546019,0.20497376777401555,0.9024998346667837,0.0,0.0,0.0,0,0.0373
108,1,0.0534,-0.047883861891333646,0.2504438938095727,0.9928725215233638,0.9605969084720839,-0.17118801566212238,-0.2189621447208886,-0.0019549697612206013,0.03878407192331771,-0.03885501377681486,0.1882945239016435,0.9114214126801087,0.1994612427209034,-1.3195177978427326,0.061888960065288164,1.8350350737315744,1.4535596580705974,0.4828493893146515,0.12605689465999603,-0.0007794946432113647,-0.005134440492838621,0.017491620033979416,-0.06020663306117058,1.0162562131881714,0.4828493893146515,0.12605689465999603,-0.0007794946432113647,-0.005134440492838621,0.017491620033979416,-0.06020663306117058,-1.0,-0.262143706266767,-0.13143926013645876,0.9289041501888531,0.06008221566546019,0.20497376777401555,0.9024998346667837,0.0,0.0,0.0,0,0.04
109,0,0.0,-0.04245257977637499,0.25307174366272706,0.9929348256179452,0.9597883082654418,-0.17631549589172807,-0.21843034726591595,-0.002726282946720865,0.038842817098365935,-0.038958088246254116,0.19223647891109535,0.9314366130654608,0.19839612647233262,-1.282614244955443,0.06297821015807158,1.821182865101432,1.4646689056484914,0.49691906571388245,0.11428600549697876,0.03431884944438934,-0.006508491933345795,0.028092533349990845,-0.06036502495408058,1.0158249139785767,0.49691906571388245,0.11428600549697876,0.03431884944438934,-0.006508491933345795,0.028092533349990845,-0.06036502495408058,-1.0,-0.262143706266767,-0.13143926013645876,0.9289041501888531,0.06008221566546019,0.20497376777401555,0.9024998346667837,0.0,0.0,0.0,0,0.0385
110,0,0.0,-0.03709554810221743,0.25490319934037575,0.9928540282953537,0.959055386801676,-0.18058663739655734,-0.21815139080118373,-0.0033469586193660417,0.038889433560274,-0.03901316218991656,0.1957979944686067,0.951840660194612,0.19665749032918087,-1.2450636976399974,0.06401105332192132,1.8062327316912785,1.473311217432011,0.503193736076355,0.13135206699371338,0.02959349751472473,-0.01364030223339796,0.030644260346889496,-0.06139099970459938,1.0200600624084473,0.503193736076355,0.13135206699371338,0.02959349751472473,-0.01364030223339796,0.030644260346889496,-0.06139099970459938,-1.0,-0.262143706266767,-0.13143926013645876,0.9289041501888531,0.06008221566546019,0.20497376777401555,0.9024998346667837,0.0,0.0,0.0,0,0.0375
111,0,0.0,-0.031732060688346025,0.25644006785521817,0.9928025788157735,0.958313572963747,-0.184736721969413,-0.2179235764753796,-0.0040931950395161065,0.03893414262929926,-0.03905844435115076,0.19921406703813754,0.9727647990962974,0.19465547277337125,-1.2064162028966994,0.06535459897156712,1.7906917891902767,1.4812621039851055,0.45398882031440735,0.2156309187412262,0.04690691828727722,-0.013355011120438576,0.025116514414548874,-0.061272405087947845,1.021966814994812,0.45398882031440735,0.2156309187412262,0.04690691828727722,-0.013355011120438576,0.025116514414548874,-0.061272405087947845,-1.0,-0.262143706266767,-0.13143926013645876,0.9289041501888531,0.06008221566546019,0.20497376777401555,0.9024998346667837,0.0,0.0,0.0,0,0.0381
112,1,0.0549,-0.026579803345615986,0.25834145491150096,0.9928066835854791,0.9575671453033681,-0.1887541178105126,-0.21774155604647094,-0.005065571595995633,0.03897819275836193,-0.039100463229650474,0.2029093637378849,0.9942225624167,0.19313707579913425,-1.1667351954316947,0.06695552427947338,1.7748485677728683,1.489432754114501,0.43515080213546753,0.3292153775691986,-0.18531911075115204,-0.009586570784449577,0.025847218930721283,-0.0530494824051857,0.9960930943489075,0.43515080213546753,0.3292153775691986,-0.18531911075115204,-0.009586570784449577,0.025847218930721283,-0.0530494824051857,-1.0,-0.262143706266767,-0.13143926013645876,0.9289041501888531,0.06008221566546019,0.20497376777401555,0.9024998346667837,0.0,0.0,0.0,0,0.0394
113,0,0.0,-0.021837685155237714,0.2612725381823055,0.9915170364058536,0.9569098137373304,-0.19250629127903046,-0.2173064603909386,-0.0065451098952854225,0.03902240809709913,-0.03913904295832942,0.20744854825629572,1.0181739688853202,0.1926220059763223,-1.1265548693721243,0.06851007953539089,1.762127528159797,1.498004044685589,0.48209521174430847,0.2721154987812042,-0.12861540913581848,-0.0028932804707437754,0.009790861047804356,-0.0522577203810215,1.0077977180480957,0.48209521174430847,0.2721154987812042,-0.12861540913581848,-0.0028932804707437754,0.009790861047804356,-0.0522577203810215,-1.0,-0.262143706266767,-0.13143926013645876,0.9289041501888531,0.06008221566546019,0.20497376777401555,0.9024998346667837,0.0,0.0,0.0,0,0.0381
114,0,0.0,-0.01706129754107339,0.26461438562725365,0.9891361661789398,0.9564458899569935,-0.1961359629933943,-0.21603868998346837,-0.008320338650235334,0.039063005437205915,-0.039177263121173526,0.21253120082582924,1.044155366037958,0.19235231858418667,-1.085272361347864,0.0694184819892762,1.7522044043405764,1.5066166704318416,0.448864609003067,0.22827103734016418,-0.07726360857486725,-0.005510297138243914,0.007412404753267765,-0.049144282937049866,1.0113641023635864,0.448864609003067,0.22827103734016418,-0.07726360857486725,-0.005510297138243914,0.007412404753267765,-0.049144282937049866,-1.0,-0.262143706266767,-0.13143926013645876,0.9289041501888531,0.06008221566546019,0.20497376777401555,0.9024998346667837,0.0,0.0,0.0,0,0.0377
115,0,0.0,-0.012283477048873448,0.26758765796023926,0.9871077640419906,0.956055305073134,-0.1996133724459675,-0.2145130143492652,-0.009844889895528133,0.03910065721918938,-0.039215047748527965,0.21762398580231918,1.070103042040929,0.19180675985681017,-1.0427892686279923,0.069797939402719,1.7411321200134298,1.5149064111748234,0.33225736021995544,0.1476423293352127,-0.019810914993286133,-0.0010125995613634586,0.01307902205735445,-0.0529848150908947,0.9991118907928467,0.33225736021995544,0.1476423293352127,-0.019810914993286133,-0.0010125995613634586,0.01307902205735445,-0.0529848150908947,-1.0,-0.262143706266767,-0.13143926013645876,0.9289041501888531,0.06008221566546019,0.20497376777401555,0.9024998346667837,0.0,0.0,0.0,0,0.0379
116,1,0.0535,-0.008141511416751332,0.2699776937660639,0.9858582058501882,0.9554640907585505,-0.20292433284859968,-0.2139997630800446,-0.010685869668468156,0.03913544380410875,-0.03925246935529001,0.2224327651685047,1.0949096913788137,0.19098707014666547,-1.0000676986234331,0.07036899766740996,1.7260645623081192,1.522960756915158,0.21421553194522858,0.362137109041214,-0.4258496165275574,0.0006178021430969238,0.0022432301193475723,-0.03431724011898041,-0.09135571122169495,0.21421553194522858,0.362137109041214,-0.4258496165275574,0.0006178021430969238,0.0022432301193475723,-0.03431724011898041,1.0,-0.262143706266767,-0.13143926013645876,0.9289041501888531,0.06008221566546019,0.20497376777401555,0.9024998346667837,0.0,0.0,0.0,0,0.0389
117,0,0.0,-0.004919642826584351,0.2731173122540318,0.9828733594788833,0.9549007757014845,-0.20561026024837487,-0.21388770605682975,-0.011873442762940181,0.038902142524236814,-0.03899403024402366,0.22798527634679838,1.1219600350818753,0.19098992489910932,-0.9585660502504191,0.0712668128102904,1.7142896436206434,1.5302155113842788,0.27657070755958557,0.2255721390247345,-0.37516409158706665,0.0001249760389328003,0.007008845917880535,-0.03199531510472298,-0.08218855410814285,0.27657070755958557,0.2255721390247345,-0.37516409158706665,0.0001249760389328003,0.007008845917880535,-0.03199531510472298,1.0,-0.262143706266767,-0.13143926013645876,0.9289041501888531,0.06008221566546019,0.20497376777401555,0.9024998346667837,0.0,0.0,0.0,0,0.039
118,0,0.0,-0.00216671033362701,0.27650577682456007,0.9777922475363247,0.9545293935198258,-0.2079198989403616,-0.21324562636648173,-0.013009818095166326,0.03700429756210821,-0.037102223979115646,0.2341527538519684,1.1513095671061016,0.19093752903936562,-0.9178314786636691,0.07135086555924301,1.7064402228693718,1.5368022787729423,0.3826899528503418,0.06924222409725189,-0.34433513879776,-0.000768768135458231,0.0050059473142027855,-0.04130228981375694,0.8622044920921326,0.3826899528503418,0.06924222409725189,-0.34433513879776,-0.000768768135458231,0.0050059473142027855,-0.04130228981375694,-1.0,-0.262143706266767,-0.13143926013645876,0.9289041501888531,0.06008221566546019,0.20497376777401555,0.9024998346667837,0.0,0.0,0.0,0,0.0378
119,0,0.0,0.0011075546315558599,0.2785953017708967,0.9726551019054661,0.9542623265751329,-0.2107086384166229,-0.2116379422009414,-0.013952175349300405,0.035205777791160645,-0.03533510509415645,0.2396233760951807,1.1809166094066306,0.18942112736712682,-0.8761524259763934,0.07115557984980314,1.6993328266358645,1.5426588713461606,0.3910389840602875,0.06524790078401566,-0.2875880002975464,-0.0014806613326072693,0.011721043847501278,-0.05471188202500343,0.8688371181488037,0.3910389840602875,0.06524790078401566,-0.2875880002975464,-0.0014806613326072693,0.011721043847501278,-0.05471188202500343,-1.0,-0.262143706266767,-0.13143926013645876,0.9289041501888531,0.06008221566546019,0.20497376777401555,0.9024998346667837,0.0,0.0,0.0,0,0.038
120,1,0.0535,0.004696911628996256,0.27973461478555584,0.9678764209406262,0.9539167930213319,-0.21410520857267534,-0.20969270008633253,-0.015188258111160653,0.035503985371323744,-0.0356428291014706,0.24426715104096494,1.2105051059767344,0.18707627283941947,-0.8333214741691788,0.0719005248793335,1.6917936733737708,1.5481868686758693,0.037066906690597534,-0.034983038902282715,0.11901508271694183,0.004849735647439957,-0.01868034154176712,-0.023311717435717583,0.9904794096946716,0.037066906690597534,-0.034983038902282715,0.11901508271694183,0.004849735647439957,-0.01868034154176712,-0.023311717435717583,-1.0,-0.262143706266767,-0.13143926013645876,0.9289041501888531,0.06008221566546019,0.20497376777401555,0.9024998346667837,0.0,0.0,0.0,0,0.0382
121,0,0.0,0.007106541436677868,0.2801049704589957,0.9661224474415889,0.9533329474218146,-0.21617634434442978,-0.21022765158175333,-0.015113372103364053,0.03684837881920752,-0.03704243873275662,0.24821454320965167,1.2355691011750227,0.18488716339227299,-0.7902326492936697,0.07291548662941667,1.6731324719081386,1.552156150516436,0.02141040563583374,-0.046614035964012146,0.09912990033626556,0.009836656041443348,-0.031638581305742264,-0.02288525365293026,1.002914309501648,0.02141040563583374,-0.046614035964012146,0.09912990033626556,0.009836656041443348,-0.031638581305742264,-0.02288525365293026,-1.0,-0.262143706266767,-0.13143926013645876,0.9289041501888531,0.06008221566546019,0.20497376777401555,0.9024998346667837,0.0,0.0,0.0,0,0.0374
122,0,0.0,0.009037065171549646,0.2799748631479927,0.9675394675452561,0.9528454846294215,-0.2169768568312116,-0.2116620925346538,-0.014341708573979595,0.03775518021827761,-0.03793842186722189,0.25168811636053473,1.256344079742918,0.1828578983193987,-0.747135299904011,0.07366454351063464,1.648023714916394,1.5547567301788532,-0.007096573710441589,-0.07032904028892517,0.025844603776931763,0.011583461426198483,-0.057812415063381195,-0.021968675777316093,1.0052120685577393,-0.007096573710441589,-0.07032904028892517,0.025844603776931763,0.011583461426198483,-0.057812415063381195,-0.021968675777316093,-1.0,-0.262143706266767,-0.13143926013645876,0.9289041501888531,0.06008221566546019,0.20497376777401555,0.9024998346667837,0.0,0.0,0.0,0,0.0368
123,0,0.0,0.01104430169913178,0.279599530955413,0.9692803224933324,0.9525885442318878,-0.21755895328646452,-0.21226106901750166,-0.013726100051279222,0.038269253519642506,-0.038440852079678754,0.25497485782003027,1.276288862654852,0.18067728946248532,-0.7049267577727516,0.0739706753132498,1.6245223716335697,1.5566949352934232,-0.015627294778823853,-0.09447568655014038,0.032052114605903625,0.012798151932656765,-0.06685060262680054,-0.02096925489604473,1.002640724182129,-0.015627294778823853,-0.09447568655014038,0.032052114605903625,0.012798151932656765,-0.06685060262680054,-0.02096925489604473,-1.0,-0.262143706266767,-0.13143926013645876,0.9289041501888531,0.06008221566546019,0.20497376777401555,0.9024998346667837,0.0,0.0,0.0,0,0.0374
124,1,0.0536,0.012995806817052695,0.2789798373972464,0.9708398659073154,0.952507001553998,-0.21799205101259295,-0.21221669995179265,-0.013189008586882489,0.03855513378905643,-0.038723786171808765,0.2580807524558361,1.2958348139969829,0.17830185875677973,-0.663914907603291,0.0739674283425897,1.6029057686124386,1.5579965018204402,0.06345055997371674,0.06555435061454773,-0.18653763830661774,0.003963666036725044,-0.02741081640124321,-0.014277255162596703,1.0338515043258667,0.06345055997371674,0.06555435061454773,-0.18653763830661774,0.003963666036725044,-0.02741081640124321,-0.014277255162596703,-1.0,-0.262143706266767,-0.13143926013645876,0.9289041501888531,0.06008221566546019,0.20497376777401555,0.9024998346667837,0.0,0.0,0.0,0,0.0384
125,0,0.0,0.014644335360171366,0.2789779975872931,0.9707774948787369,0.9525408290467219,-0.21844130952601865,-0.21158831557215077,-0.013407013272182619,0.03873663137877385,-0.038860162994973545,0.261599879678047,1.3170029931683007,0.17650737040152664,-0.6247200694644867,0.07430685889680326,1.5866417863806153,1.5592002113123875,0.20133085548877716,-0.03031674027442932,0.028269335627555847,0.010007785633206367,-0.032484833151102066,-0.011467029340565205,1.013421654701233,0.20133085548877716,-0.03031674027442932,0.028269335627555847,0.010007785633206367,-0.032484833151102066,-0.011467029340565205,-1.0,-0.262143706266767,-0.13143926013645876,0.9289041501888531,0.06008221566546019,0.20497376777401555,0.9024998346667837,0.0,0.0,0.0,0,0.0366
126,0,0.0,0.016575262244254783,0.27913613734057197,0.9701582544405406,0.9527982274028574,-0.21906008994322085,-0.20971890737608276,-0.014359482616796725,0.0388199123190765,-0.03895447960055683,0.2650768963766813,1.3387327836005745,0.17485863615155212,-0.5856326387286773,0.07445338146199065,1.5740061725137786,1.5602299682848533,0.17068614065647125,-0.09010142087936401,0.11831657588481903,0.02219480276107788,-0.011092279106378555,-0.012536370195448399,1.0040557384490967,0.17068614065647125,-0.09010142087936401,0.11831657588481903,0.02219480276107788,-0.011092279106378555,-0.012536370195448399,-1.0,-0.262143706266767,-0.13143926013645876,0.9289041501888531,0.06008221566546019,0.20497376777401555,0.9024998346667837,0.0,0.0,0.0,0,0.0369
127,0,0.0,0.018500756418932653,0.2786790482894785,0.970803003927493,0.9530065036651276,-0.21963097082313027,-0.20808507871476872,-0.015538360387281451,0.038867390238543784,-0.03901916118684915,0.2676316443934975,1.3591261224208788,0.17326057146802584,-0.5458859882951099,0.07520742799472978,1.5588087961641814,1.5606602043343163,0.14674155414104462,-0.17659689486026764,0.12347890436649323,0.03201281279325485,-0.004421322140842676,-0.020133931189775467,1.0017365217208862,0.14674155414104462,-0.17659689486026764,0.12347890436649323,0.03201281279325485,-0.004421322140842676,-0.020133931189775467,-1.0,-0.262143706266767,-0.13143926013645876,0.9289041501888531,0.06008221566546019,0.20497376777401555,0.9024998346667837,0.0,0.0,0.0,0,0.0374
128,1,0.0534,0.020138814180834484,0.27743473923690076,0.972214636005257,0.9529644598174355,-0.22038653916910583,-0.2073718537649346,-0.016894553679230796,0.03891141866425273,-0.03906687515920818,0.2688721945489106,1.3786727825575327,0.17187405270036232,-0.5059724465865721,0.07689920599751857,1.54099698126648,1.5607248048571232,0.016540199518203735,-0.052984774112701416,-0.028979897499084473,0.028167735785245895,-0.054738741368055344,-0.013736390508711338,1.012900710105896,0.016540199518203735,-0.052984774112701416,-0.028979897499084473,0.028167735785245895,-0.054738741368055344,-0.013736390508711338,-1.0,-0.262143706266767,-0.13143926013645876,0.9289041501888531,0.06008221566546019,0.20497376777401555,0.9024998346667837,0.0,0.0,0.0,0,0.0383
129,0,0.0,0.021569985759442925,0.2761735615032293,0.9732002647975276,0.95296797895785,-0.22096563345251163,-0.20658179444435049,-0.018713153611083146,0.038956105174517815,-0.03910890806775941,0.269507104581418,1.398626369051105,0.17238485216792235,-0.46689672071486205,0.0773935653028864,1.5249832147167337,1.560382498319965,0.006886959075927734,-0.025226324796676636,-0.02685299515724182,0.026541374623775482,-0.05834987014532089,-0.02204931154847145,0.9921760559082031,0.006886959075927734,-0.025226324796676636,-0.02685299515724182,0.026541374623775482,-0.05834987014532089,-0.02204931154847145,-1.0,-0.262143706266767,-0.13143926013645876,0.9289041501888531,0.06008221566546019,0.20497376777401555,0.9024998346667837,0.0,0.0,0.0,0,0.0372
130,0,0.0,0.02274828802815497,0.27546470027614367,0.973445537506048,0.9531030308285069,-0.2213795324318148,-0.2053159553641326,-0.020762314868467552,0.038999050480522574,-0.039148956942746914,0.2706330679251714,1.4154258712455816,0.1717447938299175,-0.43548454650493923,0.07919689042117736,1.5146123409716652,1.5596942407325016,-0.0076243579387664795,-0.005550876259803772,0.007716506719589233,0.019473638385534286,-0.06635531038045883,-0.022891009226441383,0.999956488609314,-0.0076243579387664795,-0.005550876259803772,0.007716506719589233,0.019473638385534286,-0.06635531038045883,-0.022891009226441383,-1.0,-0.262143706266767,-0.13143926013645876,0.9289041501888531,0.06008221566546019,0.20497376777401555,0.9024998346667837,0.0,0.0,0.0,0,0.0364
131,0,0.0,0.023765419977249062,0.2751172244917412,0.9738000169491674,0.9532925846377688,-0.2219216246319055,-0.20364507280316552,-0.02264342991620996,0.03904004265194092,-0.03918739988112588,0.27311880554043766,1.4316115692486875,0.16793044829045575,-0.4046341213885668,0.08368600684838967,1.5049856113138906,1.5593903346840856,-0.00537283718585968,-0.009057983756065369,0.05128517746925354,0.011588319204747677,-0.06663090735673904,-0.018801402300596237,1.0102039575576782,-0.00537283718585968,-0.009057983756065369,0.05128517746925354,0.011588319204747677,-0.06663090735673904,-0.018801402300596237,-1.0,-0.262143706266767,-0.13143926013645876,0.9289041501888531,0.06008221566546019,0.20497376777401555,0.9024998346667837,0.0,0.0,0.0,0,0.0371
132,1,0.0542,0.024644182250478826,0.27491050247137305,0.9745761954927368,0.9535942675719279,-0.22236964929856373,-0.20156646753468188,-0.024097117885357816,0.03907904853549688,-0.03922442058817965,0.27620238264518104,1.4472167266805178,0.16317116507888624,-0.3736683021939701,0.08818445940642192,1.495045757490303,1.5594945525903068,0.07934480160474777,-0.022816523909568787,0.026097655296325684,0.013360836543142796,-0.057657770812511444,-0.027310669422149658,1.015518307685852,0.07934480160474777,-0.022816523909568787,0.026097655296325684,0.013360836543142796,-0.057657770812511444,-0.027310669422149658,-1.0,-0.262143706266767,-0.13143926013645876,0.9289041501888531,0.06008221566546019,0.20497376777401555,0.9024998346667837,0.0,0.0,0.0,0,0.0379
133,0,0.0,0.025695917235890847,0.2747327032515394,0.9753974922970468,0.9539690881466844,-0.22318625738946407,-0.19867997884639343,-0.02563472993153744,0.039116864311554776,-0.039259370344414776,0.27932390151321607,1.462850530683506,0.15807745393714143,-0.34271444406139695,0.09256431867945629,1.4868173877675472,1.5603767882055746,0.03731630742549896,-0.0036260634660720825,0.05995197594165802,0.01120851282030344,-0.047584518790245056,-0.020969245582818985,1.016527533531189,0.03731630742549896,-0.0036260634660720825,0.05995197594165802,0.01120851282030344,-0.047584518790245056,-0.020969245582818985,-1.0,-0.262143706266767,-0.13143926013645876,0.9289041501888531,0.06008221566546019,0.20497376777401555,0.9024998346667837,0.0,0.0,0.0,0,0.037
134,0,0.0,0.02651640081416367,0.2746260729232487,0.9761063637948189,0.9542767384152948,-0.22413764809568515,-0.1959034828525416,-0.027203798114318715,0.03915278849623223,-0.03929309122742187,0.2823407000917194,1.478489421699118,0.15320870206657186,-0.3121407090723601,0.09705750029477432,1.4787016225969203,1.5617088639712133,0.0014631450176239014,-0.016129106283187866,0.07507641613483429,0.015476125292479992,-0.035342954099178314,-0.013850008137524128,1.009171724319458,0.0014631450176239014,-0.016129106283187866,0.07507641613483429,0.015476125292479992,-0.035342954099178314,-0.013850008137524128,-1.0,-0.262143706266767,-0.13143926013645876,0.9289041501888531,0.06008221566546019,0.20497376777401555,0.9024998346667837,0.0,0.0,0.0,0,0.0369
135,0,0.0,0.026812340859298713,0.27457212610161696,0.9770154331922718,0.9545113806304271,-0.2247515050766717,-0.1938528655137642,-0.028563118612437217,0.03918707414571806,-0.03932546402675567,0.28523769171534163,1.4937668323106557,0.1488063603460632,-0.2818169934782441,0.1015546864894208,1.46892923721867,1.5629228193932572,-0.030927926301956177,-0.08121797442436218,0.0935872495174408,0.02005096524953842,-0.02268296293914318,-0.009610434994101524,1.0090107917785645,-0.030927926301956177,-0.08121797442436218,0.0935872495174408,0.02005096524953842,-0.02268296293914318,-0.009610434994101524,-1.0,-0.262143706266767,-0.13143926013645876,0.9289041501888531,0.06008221566546019,0.20497376777401555,0.9024998346667837,0.0,0.0,0.0,0,0.0372
136,1,0.0534,0.026647594696283167,0.27417967169958035,0.9781804024050422,0.9546534079425415,-0.22506949141015847,-0.19262548558383985,-0.029597585098334815,0.03921924005272387,-0.03935709490219831,0.2875731813941938,1.5086509530172407,0.1447275274453453,-0.2515726142178346,0.10596679638924698,1.4569076465721986,1.5637154418493302,-0.12904086709022522,-0.03450821340084076,0.03996901214122772,-0.00064042117446661,0.017676018178462982,-0.005548520945012569,1.0101128816604614,-0.12904086709022522,-0.03450821340084076,0.03996901214122772,-0.00064042117446661,0.017676018178462982,-0.005548520945012569,-1.0,-0.262143706266767,-0.13143926013645876,0.9289041501888531,0.06008221566546019,0.20497376777401555,0.9024998346667837,0.0,0.0,0.0,0,0.0389
137,0,0.0,0.025502607126165325,0.2735624302137329,0.9790416008703718,0.9545219794395448,-0.22516634578831846,-0.1931323586808243,-0.02979596485313,0.03925024091968106,-0.03938714828845139,0.28963655619630957,1.5235102279436703,0.1411155823357906,-0.22217295681283525,0.11036320385709733,1.441661740723499,1.5647133221956875,-0.01541118323802948,0.0099257230758667,0.057767853140830994,-0.0010985271073877811,0.007711864076554775,-0.007420608773827553,1.0024933815002441,-0.01541118323802948,0.0099257230758667,0.057767853140830994,-0.0010985271073877811,0.007711864076554775,-0.007420608773827553,-1.0,-0.262143706266767,-0.13143926013645876,0.9289041501888531,0.06008221566546019,0.20497376777401555,0.9024998346667837,0.0,0.0,0.0,0,0.0381
138,0,0.0,0.024390398278762673,0.2732426723635574,0.979652437987459,0.9544240267850198,-0.2255077277201093,-0.19314303947185346,-0.030278839765643002,0.039282098512107386,-0.03941372713237869,0.29185112591924744,1.5384716599457875,0.1379397048808018,-0.19335074192424215,0.11447520066137168,1.4287236098388933,1.5663757914747385,0.04436875879764557,0.036265142261981964,0.06717632710933685,-0.0013963333331048489,0.004845374263823032,-0.008024945855140686,1.0108649730682373,0.04436875879764557,0.036265142261981964,0.06717632710933685,-0.0013963333331048489,0.004845374263823032,-0.008024945855140686,-1.0,-0.262143706266767,-0.13143926013645876,0.9289041501888531,0.06008221566546019,0.20497376777401555,0.9024998346667837,0.0,0.0,0.0,0,0.0379
139,0,0.0,0.023778782957373117,0.27326622769038894,0.9801076442493132,0.9545133550374686,-0.22613873044037286,-0.19176528995595893,-0.031489731946103786,0.03931242001394469,-0.03943934151175396,0.2942069186926322,1.5533726383822506,0.13508731216751318,-0.16528784367203758,0.11820526641757635,1.4196646380083227,1.5684229086613979,0.02728116512298584,0.053871579468250275,0.06160926818847656,-0.0014938025269657373,-0.005927557125687599,-0.0118483267724514,1.0150030851364136,0.02728116512298584,0.053871579468250275,0.06160926818847656,-0.0014938025269657373,-0.005927557125687599,-0.0118483267724514,-1.0,-0.262143706266767,-0.13143926013645876,0.9289041501888531,0.06008221566546019,0.20497376777401555,0.9024998346667837,0.0,0.0,0.0,0,0.0381
140,1,0.0534,0.02327380845143044,0.27354178701024556,0.9804205989237254,0.9546691379100042,-0.22691143324903262,-0.18982633401088425,-0.03292417803115008,0.03934114219588146,-0.0394641588953494,0.2967226486353593,1.5679746084489476,0.1325110881040826,-0.13825562155487098,0.12159032502881571,1.4125620624768962,1.5708778181208325,0.022151455283164978,0.036079488694667816,0.010763779282569885,0.0015005585737526417,-0.03774441033601761,-0.017931848764419556,1.0154879093170166,0.022151455283164978,0.036079488694667816,0.010763779282569885,0.0015005585737526417,-0.03774441033601761,-0.017931848764419556,-1.0,-0.262143706266767,-0.13143926013645876,0.9289041501888531,0.06008221566546019,0.20497376777401555,0.9024998346667837,0.0,0.0,0.0,0,0.0397
141,0,0.0,0.02299773884297448,0.27388184847825586,0.9805618220500231,0.9549271924141732,-0.22788146368708406,-0.18707980693319198,-0.034427337010798156,0.039368645757193156,-0.039487898468465885,0.2993066307169936,1.5824106139138983,0.12994295326924923,-0.11206190430760499,0.12429034407997464,1.4077235697450465,1.5736155070418612,0.02238181233406067,0.05730938911437988,0.06100471317768097,0.000380505807697773,-0.045880209654569626,-0.014587340876460075,0.9917090535163879,0.02238181233406067,0.05730938911437988,0.06100471317768097,0.000380505807697773,-0.045880209654569626,-0.014587340876460075,-1.0,-0.262143706266767,-0.13143926013645876,0.9289041501888531,0.06008221566546019,0.20497376777401555,0.9024998346667837,0.0,0.0,0.0,0,0.0385
142,0,0.0,0.02288026238749858,0.27431690230814226,0.9808042892522214,0.9553145272414681,-0.22878528500902734,-0.18366678282527515,-0.036027215981264536,0.039395226853331355,-0.03951036237792539,0.3020254927688071,1.5964758357299351,0.1274071908604056,-0.0863057767132339,0.1264815390719666,1.4041825174704308,1.576262400693884,0.014120340347290039,0.07159977406263351,0.09475190937519073,-0.0021083231549710035,-0.04774815961718559,-0.013875092379748821,1.0085170269012451,0.014120340347290039,0.07159977406263351,0.09475190937519073,-0.0021083231549710035,-0.04774815961718559,-0.013875092379748821,-1.0,-0.262143706266767,-0.13143926013645876,0.9289041501888531,0.06008221566546019,0.20497376777401555,0.9024998346667837,0.0,0.0,0.0,0,0.0383
143,0,0.0,0.022537258175776245,0.27500369998905577,0.9807180004583288,0.9556532953239303,-0.22949497204548686,-0.18077840074050092,-0.037121513547528115,0.039420727040192886,-0.039531802499087706,0.3048275419975378,1.6081288439240204,0.12492666854596998,-0.066069071744807,0.12835296562996834,1.4019536714584075,1.5788921777863127,0.029316335916519165,0.06772802770137787,0.1453201025724411,6.0945283621549606e-05,-0.04282327741384506,-0.011449845507740974,0.9938339591026306,0.029316335916519165,0.06772802770137787,0.1453201025724411,6.0945283621549606e-05,-0.04282327741384506,-0.011449845507740974,-1.0,-0.262143706266767,-0.13143926013645876,0.9289041501888531,0.06008221566546019,0.20497376777401555,0.9024998346667837,0.0,0.0,0.0,0,0.0382
144,1,0.0535,0.022481910501821585,0.2761470208791018,0.9794443238623289,0.9556899814932871,-0.22996182122288011,-0.18006016346740414,-0.036777134000717436,0.03944629383371793,-0.03955115765866447,0.30654467032633553,1.6082757093287,0.1224181760634944,-0.06867033816228704,0.12995805564384275,1.4062477810913947,1.5807164017030946,0.16479967534542084,0.09503605216741562,-0.13409805297851562,0.0280100516974926,-0.02122119627892971,-0.007191302254796028,0.9959215521812439,0.16479967534542084,0.09503605216741562,-0.13409805297851562,0.0280100516974926,-0.02122119627892971,-0.007191302254796028,-1.0,-0.262143706266767,-0.13143926013645876,0.9289041501888531,0.06008221566546019,0.20497376777401555,0.9024998346667837,0.0,0.0,0.0,0,0.0393
145,0,0.0,0.023580465687427294,0.2774882343952193,0.9790980249597241,0.9559570381370168,-0.23048151078326,-0.17764672674786772,-0.038289096347857335,0.03947103487617847,-0.03956940951679233,0.30772524172535537,1.6073796374269242,0.12041793608028159,-0.07189543132483338,0.1323366895734794,1.4148046535358363,1.5816741263809801,0.0862673744559288,0.06669346243143082,-0.09788224846124649,0.003996988758444786,-0.012033773586153984,-0.009645403362810612,1.0541950464248657,0.0862673744559288,0.06669346243143082,-0.09788224846124649,0.003996988758444786,-0.012033773586153984,-0.009645403362810612,-1.0,-0.262143706266767,-0.13143926013645876,0.9289041501888531,0.06008221566546019,0.20497376777401555,0.9024998346667837,0.0,0.0,0.0,0,0.0379
146,0,0.0,0.024542183289571372,0.27858768945001944,0.9775235307051398,0.9561122018797119,-0.2310166217910003,-0.17578446072086862,-0.03975677605232602,0.03949228456658872,-0.039589309842219124,0.30846829193470554,1.6072771645992223,0.11861042202437334,-0.07659084846783831,0.13475042841353582,1.4242267527140609,1.5820481799076678,0.048977598547935486,0.03056240826845169,-0.01695568859577179,0.000990761909633875,-0.009142959490418434,-0.010926410555839539,1.0117216110229492,0.048977598547935486,0.03056240826845169,-0.01695568859577179,0.000990761909633875,-0.009142959490418434,-0.010926410555839539,-1.0,-0.262143706266767,-0.13143926013645876,0.9289041501888531,0.06008221566546019,0.20497376777401555,0.9024998346667837,0.0,0.0,0.0,0,0.039
147,0,0.0,0.025137117774264098,0.27919845132047055,0.9764364092482996,0.9561470834962635,-0.23154612226978888,-0.17475368164150876,-0.040376957985340765,0.03951292734702552,-0.03960805390834051,0.30887677725780827,1.6065631970009109,0.11677840398237695,-0.08076576872149865,0.13664919303134274,1.430227280197281,1.5826236900813988,-0.05966031551361084,0.030048049986362457,0.03350445628166199,-0.003681287169456482,-0.01983792334794998,-0.006847747601568699,0.980258584022522,-0.05966031551361084,0.030048049986362457,0.03350445628166199,-0.003681287169456482,-0.01983792334794998,-0.006847747601568699,-1.0,-0.262143706266767,-0.13143926013645876,0.9289041501888531,0.06008221566546019,0.20497376777401555,0.9024998346667837,0.0,0.0,0.0,0,0.04
148,1,0.0537,0.025280495988303398,0.2795636239639139,0.9763901436103003,0.9561288708261649,-0.23177138484264748,-0.17457470057026717,-0.04028996725742871,0.039532937992540707,-0.039625742785823904,0.30927758423179175,1.6050252792789885,0.11504446303322811,-0.08353295174255544,0.13816580936917247,1.4317380181571702,1.5832659872732164,0.20672199130058289,0.1719905436038971,0.015570849180221558,0.007038610056042671,-0.03657534345984459,-0.01232468243688345,1.025577425956726,0.20672199130058289,0.1719905436038971,0.015570849180221558,0.007038610056042671,-0.03657534345984459,-0.01232468243688345,-1.0,-0.262143706266767,-0.13143926013645876,0.9289041501888531,0.06008221566546019,0.20497376777401555,0.9024998346667837,0.0,0.0,0.0,0,0.0395
149,0,0.0,0.02642599541326625,0.28068771823932576,0.976794335162037,0.9563873626656352,-0.23223370617646938,-0.17216504612696729,-0.04183198705667876,0.03955639694304292,-0.03963836519538546,0.31024428593253434,1.6035826340200414,0.11370743902861408,-0.08571473667961668,0.13983764642463575,1.4389289282055655,1.584184678388376,0.1986568421125412,0.11715701222419739,0.08090847730636597,0.005565269850194454,-0.03431487828493118,-0.014737922698259354,1.0157808065414429,0.1986568421125412,0.11715701222419739,0.08090847730636597,0.005565269850194454,-0.03431487828493118,-0.014737922698259354,-1.0,-0.262143706266767,-0.13143926013645876,0.9289041501888531,0.06008221566546019,0.20497376777401555,0.9024998346667837,0.0,0.0,0.0,0,0.0382
150,0,0.0,0.028211815106680173,0.28219336814887797,0.9770122622759609,0.9567564612852938,-0.23304746690355232,-0.16839286750112636,-0.04415647329018205,0.03957576554535612,-0.039653529817708935,0.31143083740053207,1.6020996862086523,0.11251525093348784,-0.08863574478517826,0.14124450084171164,1.449672055789074,1.5854737263834373,0.13595551252365112,0.003860756754875183,0.10741986334323883,0.008386194705963135,-0.029230955988168716,-0.01663578674197197,1.0130181312561035,0.13595551252365112,0.003860756754875183,0.10741986334323883,0.008386194705963135,-0.029230955988168716,-0.01663578674197197,-1.0,-0.262143706266767,-0.13143926013645876,0.9289041501888531,0.06008221566546019,0.20497376777401555,0.9024998346667837,0.0,0.0,0.0,0,0.0377
151,0,0.0,0.029723283209629987,0.2829864458567114,0.9777006965279066,0.9569799604227558,-0.23395660220458775,-0.16545493789835053,-0.04558867358453399,0.039592662147997046,-0.03966968570852836,0.3119395651467627,1.5998966741897682,0.11120489531951727,-0.09133255008242999,0.1420743558957932,1.4569169720608928,1.586865766830843,0.08764871209859848,-0.028888627886772156,0.12881143391132355,0.01054141204804182,-0.03938201442360878,-0.02043641172349453,1.0116046667099,0.08764871209859848,-0.028888627886772156,0.12881143391132355,0.01054141204804182,-0.03938201442360878,-0.02043641172349453,-1.0,-0.262143706266767,-0.13143926013645876,0.9289041501888531,0.06008221566546019,0.20497376777401555,0.9024998346667837,0.0,0.0,0.0,0,0.038
152,1,0.0535,0.03106563992800546,0.2830796312673097,0.97908680098026,0.9570873568723908,-0.23488477464462826,-0.16323685502327515,-0.046547428685927594,0.03960970489006078,-0.03968427961739463,0.31167967048486905,1.5971304397055075,0.1099377464577368,-0.09309300044405697,0.14273598169171614,1.4608656330791792,1.5880858455627551,-0.031717196106910706,0.044229768216609955,-0.11976315081119537,0.009196916595101357,-0.019590627402067184,-0.017898162826895714,1.0015159845352173,-0.031717196106910706,0.044229768216609955,-0.11976315081119537,0.009196916595101357,-0.019590627402067184,-0.017898162826895714,-1.0,-0.262143706266767,-0.13143926013645876,0.9289041501888531,0.06008221566546019,0.20497376777401555,0.9024998346667837,0.0,0.0,0.0,0,0.0393
153,0,0.0,0.031674739836796806,0.28331109815182604,0.9794195242843823,0.957002501603929,-0.23565434233162075,-0.16245628630731784,-0.04712958628405978,0.039626872197603955,-0.03969739258309259,0.3116119602499002,1.5954814744155208,0.10913058678304845,-0.09568949386998274,0.14388817363229064,1.463792869081273,1.589275138358842,-0.03772707283496857,0.10583201795816422,-0.07926063984632492,0.003757842816412449,-0.026121612638235092,-0.01883501186966896,0.9943134188652039,-0.03772707283496857,0.10583201795816422,-0.07926063984632492,0.003757842816412449,-0.026121612638235092,-0.01883501186966896,-1.0,-0.262143706266767,-0.13143926013645876,0.9289041501888531,0.06008221566546019,0.20497376777401555,0.9024998346667837,0.0,0.0,0.0,0,0.0381
154,0,0.0,0.03183606720985652,0.28414625498237245,0.9787086112689661,0.956853697886749,-0.23631494993795582,-0.16220044986434606,-0.047720638512892405,0.0396444050561781,-0.03970884013350464,0.31227478149578863,1.5949206806973575,0.10872854043289654,-0.09879179400244796,0.14527282259361757,1.4677304226480197,1.590770221439007,-0.013592317700386047,0.15396109223365784,-0.03355219215154648,0.0037518488243222237,-0.042013198137283325,-0.006042345426976681,1.0091372728347778,-0.013592317700386047,0.15396109223365784,-0.03355219215154648,0.0037518488243222237,-0.042013198137283325,-0.006042345426976681,-1.0,-0.262143706266767,-0.13143926013645876,0.9289041501888531,0.06008221566546019,0.20497376777401555,0.9024998346667837,0.0,0.0,0.0,0,0.0383
155,0,0.0,0.032119168167741435,0.28557941857540664,0.9782667124658221,0.9569183185363522,-0.23659523077289124,-0.16114433567186667,-0.04860587933526454,0.03966164661388645,-0.039719334264180985,0.31379758240224387,1.5944672470123349,0.10844149617248972,-0.10110286880901034,0.14623027104397412,1.4728171305626672,1.5920793924644594,0.0717635229229927,0.21232861280441284,0.031094536185264587,-0.004800938535481691,-0.041343946009874344,-0.011139524169266224,1.0017250776290894,0.0717635229229927,0.21232861280441284,0.031094536185264587,-0.004800938535481691,-0.041343946009874344,-0.011139524169266224,-1.0,-0.262143706266767,-0.13143926013645876,0.9289041501888531,0.06008221566546019,0.20497376777401555,0.9024998346667837,0.0,0.0,0.0,0,0.0383
156,1,0.0534,0.03278177237036148,0.28759750905405546,0.9782689214694971,0.9572004380054635,-0.23678242379929648,-0.15878254919063908,-0.049894963016330514,0.03967863711133889,-0.039728888597663284,0.3161495968840559,1.5938728539639073,0.10815642980002496,-0.1027524958441715,0.14658390494345533,1.4799626559066552,1.593779455981996,0.11316803097724915,0.05528983473777771,-0.032424263656139374,0.01537101436406374,-0.03603827580809593,-0.011315974406898022,1.0282801389694214,0.11316803097724915,0.05528983473777771,-0.032424263656139374,0.01537101436406374,-0.03603827580809593,-0.011315974406898022,-1.0,-0.262143706266767,-0.13143926013645876,0.9289041501888531,0.06008221566546019,0.20497376777401555,0.9024998346667837,0.0,0.0,0.0,0,0.0387
157,0,0.0,0.03374212690230381,0.28932313593281006,0.9781393152578821,0.9574710436659319,-0.23734221087893875,-0.15589184997566907,-0.051143001354344964,0.039692643687581,-0.039740288755086985,0.31813275781121786,1.5934601281766636,0.10762640641077298,-0.104505405251523,0.14652700413898664,1.4881199294472514,1.5956825142600806,0.0711277425289154,0.041148267686367035,-0.008244544267654419,0.007473199628293514,-0.024974577128887177,-0.01037208829075098,1.0165340900421143,0.0711277425289154,0.041148267686367035,-0.008244544267654419,0.007473199628293514,-0.024974577128887177,-0.01037208829075098,-1.0,-0.262143706266767,-0.13143926013645876,0.9289041501888531,0.06008221566546019,0.20497376777401555,0.9024998346667837,0.0,0.0,0.0,0,0.0371
158,0,0.0,0.034605692942599985,0.2902996769310873,0.9778130484960135,0.957634497226803,-0.23792182516360427,-0.1536784760839557,-0.05207975442049378,0.03970590927633673,-0.0397513420911273,0.3191952974353224,1.5931765328941871,0.10706805820221392,-0.10630155495179058,0.14653526843147247,1.4946671837523007,1.5969112955880367,0.0486348494887352,0.037834517657756805,0.019269868731498718,-0.00037583569064736366,-0.022426854819059372,-0.019645020365715027,1.0164802074432373,0.0486348494887352,0.037834517657756805,0.019269868731498718,-0.00037583569064736366,-0.022426854819059372,-0.019645020365715027,-1.0,-0.262143706266767,-0.13143926013645876,0.9289041501888531,0.06008221566546019,0.20497376777401555,0.9024998346667837,0.0,0.0,0.0,0,0.0376
159,0,0.0,0.03528710272307292,0.2909111128328499,0.9777633018828578,0.9576720382767141,-0.23866791817190597,-0.15207032751825422,-0.05269257468469656,0.03971927351585463,-0.03976125470280984,0.31984223456923155,1.5926614309290228,0.10658390111192394,-0.10765606495888189,0.1465440818217133,1.4991809144291972,1.5984626847211474,0.07184675335884094,0.030297741293907166,0.05053548514842987,0.0041097551584243774,-0.026587020605802536,-0.030736098065972328,1.0056133270263672,0.07184675335884094,0.030297741293907166,0.05053548514842987,0.0041097551584243774,-0.026587020605802536,-0.030736098065972328,-1.0,-0.262143706266767,-0.13143926013645876,0.9289041501888531,0.06008221566546019,0.20497376777401555,0.9024998346667837,0.0,0.0,0.0,0,0.0375
160,1,0.0539,0.03610753203347691,0.29138122682685763,0.9781703209578186,0.9575727576495585,-0.23996416459557707,-0.15038096237201107,-0.053452592766244166,0.03973278004204729,-0.039770027745726334,0.32021375982641237,1.5919121740162003,0.10622162351038264,-0.1083517008078149,0.14667091149774475,1.5032575370850951,1.6010097560946455,0.15924936532974243,0.3337068557739258,-0.14332814514636993,0.002105388790369034,-0.01405499130487442,0.0007384847849607468,1.0346927642822266,0.15924936532974243,0.3337068557739258,-0.14332814514636993,0.002105388790369034,-0.01405499130487442,0.0007384847849607468,-1.0,-0.262143706266767,-0.13143926013645876,0.9289041501888531,0.06008221566546019,0.20497376777401555,0.9024998346667837,0.0,0.0,0.0,0,0.0391
161,0,0.0,0.03711915909569227,0.2933793699689021,0.9773660716670327,0.9576252919563624,-0.24082760808937181,-0.14779517000288325,-0.055789345857976784,0.039749850296729776,-0.03977428198279389,0.3220423085316587,1.5922831454118407,0.10664369133780364,-0.11109601068616046,0.14785681291852779,1.513996053848663,1.6029183598449173,0.13282477855682373,0.2977374792098999,-0.03351198881864548,0.0022991299629211426,-0.03507956489920616,-0.0009650904685258865,1.035983681678772,0.13282477855682373,0.2977374792098999,-0.03351198881864548,0.0022991299629211426,-0.03507956489920616,-0.0009650904685258865,-1.0,-0.262143706266767,-0.13143926013645876,0.9289041501888531,0.06008221566546019,0.20497376777401555,0.9024998346667837,0.0,0.0,0.0,0,0.038
162,0,0.0,0.03807858106614444,0.29663083539355367,0.9756653267774043,0.9579512186400164,-0.24093403144316533,-0.14443023430329976,-0.05848215640470074,0.0397638484716065,-0.03978069258337963,0.32538851972429506,1.5928032976457407,0.10711574322798692,-0.11572234427783376,0.14868723712423584,1.5284633365688098,1.6042543983343112,0.18585044145584106,0.20042866468429565,0.015221044421195984,-0.000649087131023407,-0.04972503334283829,-0.004597274586558342,1.029361367225647,0.18585044145584106,0.20042866468429565,0.015221044421195984,-0.000649087131023407,-0.04972503334283829,-0.004597274586558342,-1.0,-0.262143706266767,-0.13143926013645876,0.9289041501888531,0.06008221566546019,0.20497376777401555,0.9024998346667837,0.0,0.0,0.0,0,0.0381
163,0,0.0,0.039397147184030396,0.29953048168573054,0.974742715685929,0.9584141799570395,-0.24109354399036892,-0.14014756933930292,-0.06062030610055021,0.039776241865303236,-0.03978783168986018,0.3286596331803343,1.5923410077313445,0.1069428134731762,-0.12002907965778686,0.1481835166812624,1.5426462573760718,1.6057892023776044,0.13910965621471405,0.14455467462539673,0.05666600167751312,-0.004004283342510462,-0.02801676094532013,-0.037907324731349945,1.014251470565796,0.13910965621471405,0.14455467462539673,0.05666600167751312,-0.004004283342510462,-0.02801676094532013,-0.037907324731349945,-1.0,-0.262143706266767,-0.13143926013645876,0.9289041501888531,0.06008221566546019,0.20497376777401555,0.9024998346667837,0.0,0.0,0.0,0,0.0377
164,1,0.0531,0.04068586448443165,0.3017459962725294,0.974450726192543,0.9585712725437443,-0.2422685640251903,-0.13635848716489904,-0.06207593186685406,0.039787396964354856,-0.039795371380797445,0.33119287359454214,1.5910259466506558,0.10654167214140516,-0.12406274817877626,0.14744502073585986,1.5540890138372063,1.6093272850312594,-0.031186193227767944,0.18567633628845215,-0.053913891315460205,-0.0007841992191970348,-0.025793157517910004,-0.01795489341020584,0.13937465846538544,-0.031186193227767944,0.18567633628845215,-0.053913891315460205,-0.0007841992191970348,-0.025793157517910004,-0.01795489341020584,1.0,-0.262143706266767,-0.13143926013645876,0.9289041501888531,0.06008221566546019,0.20497376777401555,0.9024998346667837,0.0,0.0,0.0,0,0.0392
165,0,0.0,0.04106489174482776,0.30391133158726025,0.9741062145672016,0.9584427418960717,-0.24360608056521993,-0.134562888325431,-0.06274087267410366,0.039417711139542566,-0.03939695118590241,0.3337335760452132,1.589513579550011,0.10645882506483678,-0.12829746471495096,0.14729848504896093,1.561323094300433,1.613668123816145,-0.018487513065338135,0.11395959556102753,-0.03914813697338104,0.007444290444254875,-0.06069490686058998,-0.016137760132551193,0.1352340430021286,-0.018487513065338135,0.11395959556102753,-0.03914813697338104,0.007444290444254875,-0.06069490686058998,-0.016137760132551193,1.0,-0.262143706266767,-0.13143926013645876,0.9289041501888531,0.06008221566546019,0.20497376777401555,0.9024998346667837,0.0,0.0,0.0,0,0.0381
166,0,0.0,0.04134370847507614,0.3059524345488156,0.9739105469319482,0.9584677460319587,-0.24436679335692463,-0.13279155898524744,-0.0631731903827648,0.03734390185575359,-0.037276609467579463,0.33627251378805223,1.5881427419098768,0.10623535945211734,-0.13169882896423343,0.14673534502072347,1.5676793316205786,1.6169759155974592,0.017294853925704956,0.059670016169548035,-0.035126812756061554,0.014212456531822681,-0.06709923595190048,-0.00568974856287241,1.03486967086792,0.017294853925704956,0.059670016169548035,-0.035126812756061554,0.014212456531822681,-0.06709923595190048,-0.00568974856287241,-1.0,-0.262143706266767,-0.13143926013645876,0.9289041501888531,0.06008221566546019,0.20497376777401555,0.9024998346667837,0.0,0.0,0.0,0,0.0384
167,0,0.0,0.042050684262633295,0.3074721742309937,0.9740407434462879,0.958710003900374,-0.2446366595786848,-0.13023653637772165,-0.06376894074595321,0.03545609012605381,-0.035364168289197064,0.33827540007323653,1.587068854677918,0.105784280893318,-0.13384765891137718,0.14564372395024103,1.5742571733545736,1.618652502009959,0.08570753037929535,0.043907031416893005,-0.022871479392051697,0.01854139193892479,-0.07034062594175339,-0.009314139373600483,0.9897386431694031,0.08570753037929535,0.043907031416893005,-0.022871479392051697,0.01854139193892479,-0.07034062594175339,-0.009314139373600483,-1.0,-0.262143706266767,-0.13143926013645876,0.9289041501888531,0.06008221566546019,0.20497376777401555,0.9024998346667837,0.0,0.0,0.0,0,0.0379
168,1,0.0536,0.04325756773655362,0.30858290286009743,0.9742483932131512,0.9590545825346529,-0.2447018069130642,-0.1269451655225593,-0.06496351563156577,0.035721317721605084,-0.03561989776909677,0.3396311206814701,1.5864958333200962,0.10533558351279972,-0.13517597747833598,0.14460300775846632,1.5822120819135745,1.6190732873815172,0.09469351917505264,0.06271379441022873,-0.10113270580768585,0.0014913291670382023,-0.015436035580933094,-0.008265472017228603,1.011955976486206,0.09469351917505264,0.06271379441022873,-0.10113270580768585,0.0014913291670382023,-0.015436035580933094,-0.008265472017228603,-1.0,-0.262143706266767,-0.13143926013645876,0.9289041501888531,0.06008221566546019,0.20497376777401555,0.9024998346667837,0.0,0.0,0.0,0,0.038
169,0,0.0,0.044238051664426195,0.30946451136977604,0.9735177280833895,0.9592471258479527,-0.24498502672008776,-0.12434973505990782,-0.06606384507375825,0.03705266068293125,-0.03694988330595128,0.3406077797872296,1.5867537047663207,0.10508485504002002,-0.1374260503070199,0.143971879031199,1.5903856094404614,1.6194814215861035,0.08715635538101196,0.05641204118728638,-0.04227948933839798,0.0012092371471226215,-0.02308422327041626,-0.00958250742405653,1.0065226554870605,0.08715635538101196,0.05641204118728638,-0.04227948933839798,0.0012092371471226215,-0.02308422327041626,-0.00958250742405653,-1.0,-0.262143706266767,-0.13143926013645876,0.9289041501888531,0.06008221566546019,0.20497376777401555,0.9024998346667837,0.0,0.0,0.0,0,0.0378
170,0,0.0,0.04502707950425535,0.3102295969292049,0.9724083772392612,0.9593236032815937,-0.2454544076077062,-0.12231228085769633,-0.06700793926212359,0.03793761001144387,-0.03781785478035973,0.3413703947026745,1.5870754938594556,0.10496936976375412,-0.14024290960929836,0.14354386403133595,1.598202468964645,1.6200898305452347,0.0809418186545372,0.04723246395587921,-0.02476462721824646,-3.18111851811409e-05,-0.04193945974111557,-0.013840961270034313,1.005651831626892,0.0809418186545372,0.04723246395587921,-0.02476462721824646,-3.18111851811409e-05,-0.04193945974111557,-0.013840961270034313,-1.0,-0.262143706266767,-0.13143926013645876,0.9289041501888531,0.06008221566546019,0.20497376777401555,0.9024998346667837,0.0,0.0,0.0,0,0.0372
171,0,0.0,0.0460160738885826,0.3108466886575896,0.9717882199726544,0.959418710144773,-0.24598948886298788,-0.11993244843831347,-0.06797880408374612,0.03843949842393859,-0.03830435381503258,0.3419894980050151,1.587028218395443,0.10476794000851046,-0.14253863376642062,0.14282249655128362,1.6057533126804644,1.6207963065546522,0.07841826975345612,0.03892002999782562,-0.017397180199623108,-0.002238188637420535,-0.06626590341329575,-0.03161032497882843,1.0063068866729736,0.07841826975345612,0.03892002999782562,-0.017397180199623108,-0.002238188637420535,-0.06626590341329575,-0.03161032497882843,-1.0,-0.262143706266767,-0.13143926013645876,0.9289041501888531,0.06008221566546019,0.20497376777401555,0.9024998346667837,0.0,0.0,0.0,0,0.0372
172,1,0.0536,0.04734593306867467,0.3113139810103745,0.9716069151739039,0.9594808444005646,-0.2469738543971644,-0.11681324156369723,-0.0689571683581046,0.03872315648231937,-0.0385739270239972,0.34255537239678596,1.5868747999937804,0.10434029225040994,-0.1440399920781817,0.14153906673466812,1.6137706955260955,1.6224229749475436,0.06377236545085907,0.008927062153816223,-0.01820029318332672,0.01124733965843916,-0.016227956861257553,-0.013806000351905823,1.0114065408706665,0.06377236545085907,0.008927062153816223,-0.01820029318332672,0.01124733965843916,-0.016227956861257553,-0.013806000351905823,-1.0,-0.262143706266767,-0.13143926013645876,0.9289041501888531,0.06008221566546019,0.20497376777401555,0.9024998346667837,0.0,0.0,0.0,0,0.0379
173,0,0.0,0.04826438522663548,0.3117434064822222,0.9713843916500661,0.9594212126833929,-0.2479751079667376,-0.1146897016832545,-0.06975352901335605,0.0388742428122277,-0.03873248068379655,0.3429764782378571,1.5868048613109444,0.10421097624869761,-0.1453757951555659,0.14086350954873936,1.6196251131618478,1.6241270551672802,0.03571493178606033,0.0048007965087890625,-0.00671936571598053,0.008647192269563675,-0.021859023720026016,-0.017195872962474823,1.002034068107605,0.03571493178606033,0.0048007965087890625,-0.00671936571598053,0.008647192269563675,-0.021859023720026016,-0.017195872962474823,-1.0,-0.262143706266767,-0.13143926013645876,0.9289041501888531,0.06008221566546019,0.20497376777401555,0.9024998346667837,0.0,0.0,0.0,0,0.037
174,0,0.0,0.04886683535633588,0.31200100797341745,0.9712177878575046,0.9592998452804488,-0.24877516015640933,-0.11351438895619703,-0.07049262396846663,0.03896237983604116,-0.03881767912306642,0.34304760539400325,1.586696235754808,0.10425524162786975,-0.1464396393097953,0.14084436200631287,1.623525761954438,1.625341561864614,0.05488010495901108,-0.006925642490386963,0.008229255676269531,0.003061363473534584,-0.03598051890730858,-0.01883711665868759,1.0053294897079468,0.05488010495901108,-0.006925642490386963,0.008229255676269531,0.003061363473534584,-0.03598051890730858,-0.01883711665868759,-1.0,-0.262143706266767,-0.13143926013645876,0.9289041501888531,0.06008221566546019,0.20497376777401555,0.9024998346667837,0.0,0.0,0.0,0,0.0368
175,0,0.0,0.04967212827983636,0.3120396150612409,0.9713578433163501,0.9592081656820315,-0.24962013523901166,-0.11196767987305296,-0.07122304146843561,0.03901816321169302,-0.038867401669230875,0.3429353511122785,1.5865609110758863,0.10413961267301151,-0.1468141323114446,0.1404934762861773,1.627355974588932,1.6265046016463145,0.06421183794736862,0.008375495672225952,0.02674904465675354,-0.0015445563476532698,-0.04723013937473297,-0.02021411620080471,1.0021944046020508,0.06421183794736862,0.008375495672225952,0.02674904465675354,-0.0015445563476532698,-0.04723013937473297,-0.02021411620080471,-1.0,-0.262143706266767,-0.13143926013645876,0.9289041501888531,0.06008221566546019,0.20497376777401555,0.9024998346667837,0.0,0.0,0.0,0,0.037
176,1,0.0538,0.050733672806570304,0.3120153555272581,0.9717525274463599,0.9591785256583792,-0.25048873636262575,-0.1097721835905322,-0.07198622493948695,0.03906444630225112,-0.0389119441545683,0.3428821970381191,1.5864298047000887,0.10385306864142213,-0.14664524718109276,0.13964101485937247,1.6317704056786388,1.6277271119430903,0.008829042315483093,-0.03793671727180481,-0.06646306812763214,0.004027566872537136,-0.0033220816403627396,-0.025572387501597404,1.0235716104507446,0.008829042315483093,-0.03793671727180481,-0.06646306812763214,0.004027566872537136,-0.0033220816403627396,-0.025572387501597404,-1.0,-0.262143706266767,-0.13143926013645876,0.9289041501888531,0.06008221566546019,0.20497376777401555,0.9024998346667837,0.0,0.0,0.0,0,0.0388
177,0,0.0,0.05125642998012578,0.3118842985095034,0.9715817726949652,0.9589885239446116,-0.25160073281304524,-0.10875193944666273,-0.0721879342900324,0.03910719204948622,-0.03895599113898167,0.34272446996448663,1.586687167387643,0.1037237618400045,-0.14695839949556957,0.13911000626443742,1.6343092009849727,1.629588935564958,0.021064072847366333,-0.03568179905414581,-0.013414561748504639,0.005148743279278278,-0.01453733816742897,-0.023135902360081673,1.0274434089660645,0.021064072847366333,-0.03568179905414581,-0.013414561748504639,0.005148743279278278,-0.01453733816742897,-0.023135902360081673,-1.0,-0.262143706266767,-0.13143926013645876,0.9289041501888531,0.06008221566546019,0.20497376777401555,0.9024998346667837,0.0,0.0,0.0,0,0.0384
178,0,0.0,0.05161287459256393,0.3115967733827693,0.9713075463759612,0.9586785336730999,-0.25289995310806757,-0.10833646910490205,-0.07238986292440339,0.0391493715761381,-0.038996883129830504,0.34225620665611767,1.5870582296589952,0.10372281427275495,-0.14711991414217587,0.139075524719939,1.635985093334097,1.6315598588089326,0.03671787679195404,-0.021491646766662598,0.014958947896957397,0.0019418112933635712,-0.025043107569217682,-0.02550436370074749,1.0183998346328735,0.03671787679195404,-0.021491646766662598,0.014958947896957397,0.0019418112933635712,-0.025043107569217682,-0.02550436370074749,-1.0,-0.262143706266767,-0.13143926013645876,0.9289041501888531,0.06008221566546019,0.20497376777401555,0.9024998346667837,0.0,0.0,0.0,0,0.0382
179,0,0.0,0.05223672654925486,0.3112755121629441,0.9714781450642114,0.9584065327985849,-0.25417944217927685,-0.10742532193188396,-0.07286651679788389,0.03919009462762013,-0.039035668966418545,0.3417176512788857,1.5871983561673695,0.10367953478682132,-0.1467482865516106,0.1389502827293159,1.638018021362014,1.6334150207430167,0.05558963119983673,-0.0037513375282287598,0.04199351370334625,-0.0030837643425911665,-0.030998416244983673,-0.029605668038129807,1.0152204036712646,0.05558963119983673,-0.0037513375282287598,0.04199351370334625,-0.0030837643425911665,-0.030998416244983673,-0.029605668038129807,-1.0,-0.262143706266767,-0.13143926013645876,0.9289041501888531,0.06008221566546019,0.20497376777401555,0.9024998346667837,0.0,0.0,0.0,0,0.0382
180,1,0.0536,0.05308464932239053,0.3110261365046629,0.971963713355334,0.9581484164367524,-0.25559070902469055,-0.10595075672357247,-0.07348087295140895,0.03922918755207566,-0.039072673473745684,0.3413216632668161,1.5871878197226947,0.1035415569571336,-0.1460059859061435,0.1385218300376321,1.6406790640129274,1.6356570369039334,0.07841304689645767,0.025779932737350464,6.701052188873291e-05,-0.0004044179804623127,-0.03229833394289017,-0.03160962462425232,0.9468372464179993,0.07841304689645767,0.025779932737350464,6.701052188873291e-05,-0.0004044179804623127,-0.03229833394289017,-0.03160962462425232,-1.0,-0.262143706266767,-0.13143926013645876,0.9289041501888531,0.06008221566546019,0.20497376777401555,0.9024998346667837,0.0,0.0,0.0,0,0.0383
181,0,0.0,0.05408787195489269,0.31103824959428095,0.9723174140266713,0.957866992657304,-0.2572015940545022,-0.10397099204178752,-0.07435184736993027,0.03926691426206122,-0.03910777842842638,0.34123661321577875,1.5873767978257531,0.10342671903440386,-0.14551860991703894,0.13799632098101078,1.6450313025002827,1.6383910334904526,0.06718269735574722,0.010797232389450073,0.02004002034664154,0.0003684745170176029,-0.02939673140645027,-0.02711108699440956,1.0395991802215576,0.06718269735574722,0.010797232389450073,0.02004002034664154,0.0003684745170176029,-0.02939673140645027,-0.02711108699440956,-1.0,-0.262143706266767,-0.13143926013645876,0.9289041501888531,0.06008221566546019,0.20497376777401555,0.9024998346667837,0.0,0.0,0.0,0,0.0382
182,0,0.0,0.05503570310338509,0.31117040876876645,0.9724823756739578,0.9575862809646969,-0.25877867277044775,-0.10201135961330883,-0.07520502335089707,0.039302423204365784,-0.03914197648612065,0.34129360709639367,1.5875993169758154,0.10334047378676804,-0.1453887484939036,0.13742925315595378,1.6496669060440494,1.6411334210379667,0.05760946124792099,-0.007636338472366333,0.04116779565811157,0.004800090566277504,-0.023226354271173477,-0.03339582681655884,1.0399328470230103,0.05760946124792099,-0.007636338472366333,0.04116779565811157,0.004800090566277504,-0.023226354271173477,-0.03339582681655884,-1.0,-0.262143706266767,-0.13143926013645876,0.9289041501888531,0.06008221566546019,0.20497376777401555,0.9024998346667837,0.0,0.0,0.0,0,0.0375
183,0,0.0,0.05586491447213178,0.3112218704532572,0.9728509512928952,0.9572525445227652,-0.26041426640231496,-0.100424367839256,-0.07594025416681277,0.03933638893868966,-0.039174728843770296,0.3412172480608797,1.5875650000013493,0.10330731995681557,-0.14509336675011605,0.1370378935728507,1.6531281450160802,1.644078878065026,0.024438366293907166,0.006742715835571289,0.036781638860702515,0.0075646620243787766,-0.038752444088459015,-0.02429913729429245,1.0100351572036743,0.024438366293907166,0.006742715835571289,0.036781638860702515,0.0075646620243787766,-0.038752444088459015,-0.02429913729429245,-1.0,-0.262143706266767,-0.13143926013645876,0.9289041501888531,0.06008221566546019,0.20497376777401555,0.9024998346667837,0.0,0.0,0.0,0,0.0385
184,1,0.0532,0.05663825108339323,0.31129091502234313,0.9735035693758691,0.9569473084597999,-0.26185264206019127,-0.09898316184518915,-0.07672924050692584,0.03936935145138776,-0.03920562308365186,0.34114996489643673,1.5873874989888792,0.10330614640636081,-0.14433445587909638,0.13682045224942535,1.6557920458041469,1.6466669902016873,0.10209125280380249,0.04193371534347534,0.022572994232177734,0.0009171855635941029,-0.006116318050771952,-0.009803167544305325,0.2780522406101227,0.10209125280380249,0.04193371534347534,0.022572994232177734,0.0009171855635941029,-0.006116318050771952,-0.009803167544305325,1.0,-0.262143706266767,-0.13143926013645876,0.9289041501888531,0.06008221566546019,0.20497376777401555,0.9024998346667837,0.0,0.0,0.0,0,0.0397
185,0,0.0,0.057393214323621954,0.3115616066194164,0.9738711094946265,0.9567599047939206,-0.2628267309124038,-0.09743327659029166,-0.07771325954755288,0.03910849250548531,-0.038933977067178,0.34129122518230887,1.5874499854437882,0.10334303494228893,-0.14405434344789347,0.13675539537776757,1.6595067709820766,1.6483298285277328,0.08067953586578369,0.014514483511447906,0.03449849784374237,0.0015180232003331184,-0.021089348942041397,-0.016610514372587204,0.9963887929916382,0.08067953586578369,0.014514483511447906,0.03449849784374237,0.0015180232003331184,-0.021089348942041397,-0.016610514372587204,-1.0,-0.262143706266767,-0.13143926013645876,0.9289041501888531,0.06008221566546019,0.20497376777401555,0.9024998346667837,0.0,0.0,0.0,0,0.0381
186,0,0.0,0.05820475420388983,0.3118067442624316,0.974022411783272,0.956617852515661,-0.2636718416179049,-0.09574766444796869,-0.0786881753436009,0.0385219154877184,-0.03833521051159618,0.34140048178538246,1.5875123976524967,0.10329580730626463,-0.14424379169834553,0.13656663851409503,1.6638461054213118,1.6496566482861585,0.05493685603141785,-0.006267368793487549,0.029022306203842163,0.00023859180510044098,-0.03168395534157753,-0.017970019951462746,1.0114883184432983,0.05493685603141785,-0.006267368793487549,0.029022306203842163,0.00023859180510044098,-0.03168395534157753,-0.017970019951462746,-1.0,-0.262143706266767,-0.13143926013645876,0.9289041501888531,0.06008221566546019,0.20497376777401555,0.9024998346667837,0.0,0.0,0.0,0,0.0377
187,0,0.0,0.059047418412122576,0.31183145436925697,0.9743480179721007,0.956492782199889,-0.2645348459648114,-0.09402052438174073,-0.07939152262597624,0.03872033430643409,-0.0385267850768314,0.3413703927725588,1.5874110169013922,0.10308153467312531,-0.14418298353999223,0.13602049350404338,1.6674956293655727,1.6510104448879817,0.02255423367023468,-0.0009979307651519775,0.014177799224853516,-0.0011391877196729183,-0.0368572399020195,-0.022082315757870674,1.0306638479232788,0.02255423367023468,-0.0009979307651519775,0.014177799224853516,-0.0011391877196729183,-0.0368572399020195,-0.022082315757870674,-1.0,-0.262143706266767,-0.13143926013645876,0.9289041501888531,0.06008221566546019,0.20497376777401555,0.9024998346667837,0.0,0.0,0.0,0,0.0373
188,1,0.054,0.05980699148783314,0.3117729436727917,0.9747662048573369,0.9563679344465295,-0.265425521316201,-0.09240376858928274,-0.07981986060498339,0.038889423164535815,-0.038686388024096435,0.3413683174960935,1.5872788009083334,0.10277885808379014,-0.14383510612569714,0.1352392130800144,1.6703480999983287,1.652592697505015,0.12826336920261383,0.09271766245365143,-0.038629308342933655,-7.891561836004257e-05,-0.022498562932014465,-0.007667891681194305,1.0150492191314697,0.12826336920261383,0.09271766245365143,-0.038629308342933655,-7.891561836004257e-05,-0.022498562932014465,-0.007667891681194305,-1.0,-0.262143706266767,-0.13143926013645876,0.9289041501888531,0.06008221566546019,0.20497376777401555,0.9024998346667837,0.0,0.0,0.0,0,0.0387
189,0,0.0,0.06076943227255956,0.3122471401937511,0.9746665812233662,0.9562775657081578,-0.26618125607260723,-0.09011711746576044,-0.08099173648311832,0.03900167323419812,-0.03876098421706366,0.34185328263600906,1.5877477335130352,0.10270944659195905,-0.14430354952143995,0.13477112125854926,1.6767473390104926,1.6538032907416633,0.18580330908298492,0.10669207572937012,0.005640342831611633,-0.0013089394196867943,-0.042435694485902786,-0.017256995663046837,1.0182113647460938,0.18580330908298492,0.10669207572937012,0.005640342831611633,-0.0013089394196867943,-0.042435694485902786,-0.017256995663046837,-1.0,-0.262143706266767,-0.13143926013645876,0.9289041501888531,0.06008221566546019,0.20497376777401555,0.9024998346667837,0.0,0.0,0.0,0,0.0383
190,0,0.0,0.06224815476136249,0.3131972260914759,0.9741209826682187,0.9562232878968552,-0.266956256959851,-0.08649045964851254,-0.08301072788201815,0.0390663342070251,-0.03881114772465416,0.3427550745353476,1.588517640061401,0.10261569739070053,-0.14586280078228922,0.13419017573892852,1.687763348410488,1.654922788755509,0.17017635703086853,0.057720355689525604,0.017334043979644775,-0.0017797662876546383,-0.04793823882937431,-0.032510749995708466,1.0187907218933105,0.17017635703086853,0.057720355689525604,0.017334043979644775,-0.0017797662876546383,-0.04793823882937431,-0.032510749995708466,-1.0,-0.262143706266767,-0.13143926013645876,0.9289041501888531,0.06008221566546019,0.20497376777401555,0.9024998346667837,0.0,0.0,0.0,0,0.0385
191,0,0.0,0.06397034710959079,0.31399779312410736,0.9737038948235018,0.9560550502929284,-0.2682652912300817,-0.08237467299493356,-0.08489338949295322,0.039111788123905505,-0.03885704649281785,0.3435585012162735,1.5889449480969366,0.10227772160536665,-0.1477669593640042,0.13307549180140826,1.699403131504346,1.6571264798969454,0.11453016847372055,0.03114061802625656,0.015867218375205994,0.0007606465369462967,-0.047835465520620346,-0.042353082448244095,1.01189386844635,0.11453016847372055,0.03114061802625656,0.015867218375205994,0.0007606465369462967,-0.047835465520620346,-0.042353082448244095,-1.0,-0.262143706266767,-0.13143926013645876,0.9289041501888531,0.06008221566546019,0.20497376777401555,0.9024998346667837,0.0,0.0,0.0,0,0.0378
192,1,0.0534,0.06552941258448083,0.3144983866890715,0.9735540826723075,0.9556974915443237,-0.27016206640080564,-0.07881266569618867,-0.086274713907339,0.03915493867881797,-0.038901006133219396,0.3440867097308097,1.5889427024096374,0.10186110441539821,-0.14949654683178154,0.13184933152334785,1.7090054715231762,1.660607574473089,0.020678400993347168,-0.005671322345733643,-0.055129483342170715,0.0010125483386218548,-0.010391803458333015,-0.013803434558212757,1.0110106468200684,0.020678400993347168,-0.005671322345733643,-0.055129483342170715,0.0010125483386218548,-0.010391803458333015,-0.013803434558212757,-1.0,-0.262143706266767,-0.13143926013645876,0.9289041501888531,0.06008221566546019,0.20497376777401555,0.9024998346667837,0.0,0.0,0.0,0,0.0396
193,0,0.0,0.06620954383108642,0.31477168560494734,0.9730954615837665,0.955379435850864,-0.2716242573944837,-0.07719925834323789,-0.08666412671591817,0.03919528320000708,-0.03894403791647563,0.3444389489316145,1.5889031615918523,0.10165744565391854,-0.1513368906405758,0.13097577704948288,1.7140760145987963,1.6634043472153914,0.022448986768722534,-0.00019790232181549072,-0.022231176495552063,-0.00018249591812491417,-0.013861056417226791,-0.02091999351978302,1.0000813007354736,0.022448986768722534,-0.00019790232181549072,-0.022231176495552063,-0.00018249591812491417,-0.013861056417226791,-0.02091999351978302,-1.0,-0.262143706266767,-0.13143926013645876,0.9289041501888531,0.06008221566546019,0.20497376777401555,0.9024998346667837,0.0,0.0,0.0,0,0.0382
194,0,0.0,0.06654631537152711,0.31487296043226576,0.9726493305220038,0.9551321936324324,-0.2726693337527545,-0.07645591530403975,-0.08676646894249158,0.0392353966437507,-0.03898372849304575,0.3445546801871019,1.5888242834341648,0.10161341386405068,-0.15283286224593368,0.1304052465774667,1.7171017037667908,1.6654182538794113,0.020390212535858154,0.00269925594329834,-0.00899416208267212,-0.0015984789934009314,-0.009635047055780888,-0.022824494168162346,1.0038352012634277,0.020390212535858154,0.00269925594329834,-0.00899416208267212,-0.0015984789934009314,-0.009635047055780888,-0.022824494168162346,-1.0,-0.262143706266767,-0.13143926013645876,0.9289041501888531,0.06008221566546019,0.20497376777401555,0.9024998346667837,0.0,0.0,0.0,0,0.0377
195,0,0.0,0.06689525839185029,0.31490814034189857,0.9724635806321478,0.9548358276846821,-0.2738390115471207,-0.07579360376248069,-0.0869256438187182,0.039273885834913425,-0.03902162099648572,0.3445610100608249,1.588679673426586,0.10161087899467011,-0.15381354912782538,0.12996455429675635,1.7194656250260112,1.6676648904840965,0.03793652355670929,0.021262191236019135,0.023670360445976257,-0.0030844497960060835,-0.005345440935343504,-0.022187218070030212,0.9943132400512695,0.03793652355670929,0.021262191236019135,0.023670360445976257,-0.0030844497960060835,-0.005345440935343504,-0.022187218070030212,-1.0,-0.262143706266767,-0.13143926013645876,0.9289041501888531,0.06008221566546019,0.20497376777401555,0.9024998346667837,0.0,0.0,0.0,0,0.0375
196,1,0.0537,0.0672601423439166,0.3150038913716238,0.9724970912902526,0.9545037209147607,-0.2750938112875522,-0.07511665075979741,-0.0871982254968243,0.03931106921760416,-0.03905754295802681,0.3446141748670864,1.5884535368107424,0.1016117047486141,-0.1544388159092971,0.12968676316376992,1.7216058923071946,1.6701512008563224,0.021316230297088623,0.1542646586894989,0.011722743511199951,-0.0001606512814760208,-0.01232154667377472,0.012540273368358612,1.0227246284484863,0.021316230297088623,0.1542646586894989,0.011722743511199951,-0.0001606512814760208,-0.01232154667377472,0.012540273368358612,-1.0,-0.262143706266767,-0.13143926013645876,0.9289041501888531,0.06008221566546019,0.20497376777401555,0.9024998346667837,0.0,0.0,0.0,0,0.0394
197,0,0.0,0.06748847371475669,0.3159281566757466,0.972551195584963,0.9544274612511834,-0.27532219049076423,-0.07424061105924014,-0.08805818702731402,0.039348056633444,-0.03909052065059604,0.34557834918510033,1.5882794804942622,0.10204084518215571,-0.15525753038017878,0.12975032248170115,1.7249689684776437,1.671062517739708,0.019996926188468933,0.08331848680973053,0.020737335085868835,-0.00019720988348126411,-0.021375561133027077,0.0003866739571094513,1.0192148685455322,0.019996926188468933,0.08331848680973053,0.020737335085868835,-0.00019720988348126411,-0.021375561133027077,0.0003866739571094513,-1.0,-0.262143706266767,-0.13143926013645876,0.9289041501888531,0.06008221566546019,0.20497376777401555,0.9024998346667837,0.0,0.0,0.0,0,0.0378
198,0,0.0,0.0676616926454345,0.31715898870736486,0.9725993321717163,0.9545629315603146,-0.274933035045276,-0.07303109624023277,-0.08881382163672258,0.039381805443993806,-0.039123732717896105,0.34701674302476154,1.5880815073902554,0.10229992872285866,-0.1560955148524968,0.12933574630098163,1.7286739170236467,1.6713398018745687,0.026373788714408875,0.00946323573589325,-5.5789947509765625e-05,-0.0016115375328809023,-0.024487510323524475,-0.009776760824024677,1.011836051940918,0.026373788714408875,0.00946323573589325,-5.5789947509765625e-05,-0.0016115375328809023,-0.024487510323524475,-0.009776760824024677,-1.0,-0.262143706266767,-0.13143926013645876,0.9289041501888531,0.06008221566546019,0.20497376777401555,0.9024998346667837,0.0,0.0,0.0,0,0.0376
199,0,0.0,0.06799933213883998,0.31779129297341546,0.9727334871597924,0.9546309637057523,-0.2749938580818986,-0.07162860192311098,-0.08903619790848345,0.03941349160223093,-0.039156138231496655,0.3479618548211784,1.5878985247370936,0.10208846964437966,-0.15652100258756668,0.12828134740903446,1.7316721741789034,1.6722613306337866,0.046634115278720856,-0.004571571946144104,-0.026091337203979492,-0.0010364484041929245,-0.025135289877653122,-0.02013644576072693,1.0033445358276367,0.046634115278720856,-0.004571571946144104,-0.026091337203979492,-0.0010364484041929245,-0.025135289877653122,-0.02013644576072693,-1.0,-0.262143706266767,-0.13143926013645876,0.9289041501888531,0.06008221566546019,0.20497376777401555,0.9024998346667837,0.0,0.0,0.0,0,0.0383
200,1,0.0537,0.06856395551820497,0.317969106749331,0.9727355310847112,0.9545362817534727,-0.27567299877754087,-0.07004046051289847,-0.08921445203773351,0.039444407682915586,-0.03918656796490171,0.3483812200065334,1.5880071006418843,0.10174544579467966,-0.15681984835774654,0.12710802525649104,1.7351408583897725,1.6738892155607508,0.001204565167427063,0.01674048602581024,-0.006985753774642944,5.421089008450508e-05,0.00045537669211626053,-0.007804242894053459,1.0195586681365967,0.001204565167427063,0.01674048602581024,-0.006985753774642944,5.421089008450508e-05,0.00045537669211626053,-0.007804242894053459,-1.0,-0.262143706266767,-0.13143926013645876,0.9289041501888531,0.06008221566546019,0.20497376777401555,0.9024998346667837,0.0,0.0,0.0,0,0.039
201,0,0.0,0.06877474871514999,0.31815077087387866,0.9725385869091502,0.9543870147384591,-0.2763358798294844,-0.0693696582303418,-0.0892847026902209,0.039473913431360724,-0.039215778725973045,0.3486947748612366,1.5881721944067262,0.10169807862136608,-0.15723405485109954,0.12656735039799533,1.7369997173999734,1.6753904173877703,0.005452752113342285,-0.002936124801635742,0.008834809064865112,5.279341712594032e-05,-0.003236248157918453,-0.02107984572649002,1.0115110874176025,0.005452752113342285,-0.002936124801635742,0.008834809064865112,5.279341712594032e-05,-0.003236248157918453,-0.02107984572649002,-1.0,-0.262143706266767,-0.13143926013645876,0.9289041501888531,0.06008221566546019,0.20497376777401555,0.9024998346667837,0.0,0.0,0.0,0,0.0386
202,0,0.0,0.06883782170488148,0.3182562065874172,0.9725303737689461,0.9541638967948673,-0.2771440864411783,-0.06920557605448846,-0.08929166616702303,0.03950243078029769,-0.03924346070946671,0.3488282439853918,1.588164377934893,0.10171016026276826,-0.15733059291900897,0.12638891855130396,1.7375924828977636,1.6772218664614573,0.0015278756618499756,-0.010048732161521912,0.009446978569030762,-0.00044586043804883957,-0.005146478768438101,-0.021403901278972626,1.0176278352737427,0.0015278756618499756,-0.010048732161521912,0.009446978569030762,-0.00044586043804883957,-0.005146478768438101,-0.021403901278972626,-1.0,-0.262143706266767,-0.13143926013645876,0.9289041501888531,0.06008221566546019,0.20497376777401555,0.9024998346667837,0.0,0.0,0.0,0,0.0378
203,0,0.0,0.06896545414670681,0.31820980914670655,0.972690233276783,0.9538476206278332,-0.27827095888019954,-0.06905640378909608,-0.08928159475631918,0.03952976853130669,-0.039269912854574075,0.34877496813543335,1.5880810698997483,0.10170133978041732,-0.15714766559467483,0.1262120243507919,1.7378103451389928,1.679550381449636,0.011000066995620728,0.0007818788290023804,-0.012078046798706055,0.00782111193984747,-0.012313377112150192,-0.017154930159449577,1.0093839168548584,0.011000066995620728,0.0007818788290023804,-0.012078046798706055,0.00782111193984747,-0.012313377112150192,-0.017154930159449577,-1.0,-0.262143706266767,-0.13143926013645876,0.9289041501888531,0.06008221566546019,0.20497376777401555,0.9024998346667837,0.0,0.0,0.0,0,0.0381
204,1,0.0534,0.06919683338623456,0.3182254444445013,0.9728521816997717,0.953543539113685,-0.2793115259361494,-0.06870818344068737,-0.08954873545755815,0.039556377456026734,-0.03929478630852642,0.34871962701382003,1.5881172944929298,0.1017827891102518,-0.15693309117480797,0.12619016982606815,1.7387757733190619,1.6815493283942924,0.1222592443227768,0.011536732316017151,-0.011358469724655151,6.180442869663239e-05,-0.006371690426021814,-0.01268377061933279,1.0249402523040771,0.1222592443227768,0.011536732316017151,-0.011358469724655151,6.180442869663239e-05,-0.006371690426021814,-0.01268377061933279,-1.0,-0.262143706266767,-0.13143926013645876,0.9289041501888531,0.06008221566546019,0.20497376777401555,0.9024998346667837,0.0,0.0,0.0,0,0.0396
205,0,0.0,0.06988596033325799,0.31830190388263824,0.9726964443282224,0.9532716091244583,-0.2802780445540719,-0.06736407556304348,-0.0904407999840044,0.039582095659749496,-0.039318341220421965,0.34862532388110806,1.5885504936952717,0.10181073521380563,-0.15734463850448566,0.12608926820834362,1.7431307964450584,1.6829456388088109,0.07920491695404053,0.020865388214588165,-0.00022226572036743164,-6.546173244714737e-05,-0.00799030065536499,-0.008686205372214317,1.0167694091796875,0.07920491695404053,0.020865388214588165,-0.00022226572036743164,-6.546173244714737e-05,-0.00799030065536499,-0.008686205372214317,-1.0,-0.262143706266767,-0.13143926013645876,0.9289041501888531,0.06008221566546019,0.20497376777401555,0.9024998346667837,0.0,0.0,0.0,0,0.0377
206,0,0.0,0.07061908784501132,0.3184239278429354,0.9722395739428005,0.9530713376966322,-0.28100070998747706,-0.06587288756300658,-0.09140234642390814,0.03960619001720075,-0.03934140635270397,0.34857563436783395,1.589009871694833,0.10181130110693593,-0.1584440079281392,0.12599151417944995,1.7483038939145843,1.6837400837214902,0.04971303045749664,0.021160803735256195,-0.010282829403877258,-0.001859460724517703,-0.00358098978176713,-0.0037393495440483093,1.0160919427871704,0.04971303045749664,0.021160803735256195,-0.010282829403877258,-0.001859460724517703,-0.00358098978176713,-0.0037393495440483093,-1.0,-0.262143706266767,-0.13143926013645876,0.9289041501888531,0.06008221566546019,0.20497376777401555,0.9024998346667837,0.0,0.0,0.0,0,0.0379
207,0,0.0,0.07108228895151834,0.31858022978600226,0.9717855616392819,0.9529667143832025,-0.2813789644843312,-0.06489316482188859,-0.09202823905088414,0.03962920496303368,-0.039363528194058715,0.3486186968131612,1.5891979580989655,0.1018117840497383,-0.15976155300008185,0.1259244101443415,1.7521505445675651,1.6840875222256013,-0.00442853569984436,0.023646973073482513,0.004630863666534424,-0.0008645183406770229,-0.004062172956764698,-0.005723955109715462,1.0025185346603394,-0.00442853569984436,0.023646973073482513,0.004630863666534424,-0.0008645183406770229,-0.004062172956764698,-0.005723955109715462,-1.0,-0.262143706266767,-0.13143926013645876,0.9289041501888531,0.06008221566546019,0.20497376777401555,0.9024998346667837,0.0,0.0,0.0,0,0.0382
208,1,0.0536,0.07122971099515644,0.3187613931514308,0.9715210096586138,0.9529130172879583,-0.2815636335544578,-0.06454727439100218,-0.09226240356430093,0.03965133316682158,-0.03938460123471181,0.3487592958903046,1.5890543052281807,0.101841093997245,-0.16084134908900855,0.12590745318260824,1.7539255351820473,1.684414326630898,0.06828180700540543,0.07928085327148438,-0.004189729690551758,-0.0043125092051923275,0.0002640858292579651,-0.027348138391971588,1.0282245874404907,0.06828180700540543,0.07928085327148438,-0.004189729690551758,-0.0043125092051923275,0.0002640858292579651,-0.027348138391971588,-1.0,-0.262143706266767,-0.13143926013645876,0.9289041501888531,0.06008221566546019,0.20497376777401555,0.9024998346667837,0.0,0.0,0.0,0,0.0398
209,0,0.0,0.07156246837715029,0.3191924907511894,0.9713310023218497,0.9526509595310183,-0.282429327800731,-0.06376023824357856,-0.09286794991695438,0.039673711675456635,-0.03940357046585588,0.34913732813857573,1.5889875805339577,0.10193926472180669,-0.16200528872471506,0.12592429997614973,1.7573861393243229,1.6863108629942882,0.07398099452257156,0.07158201932907104,0.005015134811401367,-0.0038107058499008417,-0.0017556436359882355,-0.01950290985405445,1.007926106452942,0.07398099452257156,0.07158201932907104,0.005015134811401367,-0.0038107058499008417,-0.0017556436359882355,-0.01950290985405445,-1.0,-0.262143706266767,-0.13143926013645876,0.9289041501888531,0.06008221566546019,0.20497376777401555,0.9024998346667837,0.0,0.0,0.0,0,0.0385
210,0,0.0,0.07203678413853119,0.3198713907190532,0.9709325322025302,0.9522501039198756,-0.28376916745661657,-0.0625478482408644,-0.0937153448801284,0.039694515372409755,-0.03942234054977899,0.34977832674078774,1.5889746289670656,0.10201080784596911,-0.16379787652634945,0.12586869849444493,1.7625546688047686,1.6891616582950932,0.04815741628408432,0.057567715644836426,0.010819822549819946,-0.004766357131302357,-0.0018579969182610512,-0.008574597537517548,1.0095971822738647,0.04815741628408432,0.057567715644836426,0.010819822549819946,-0.004766357131302357,-0.0018579969182610512,-0.008574597537517548,-1.0,-0.262143706266767,-0.13143926013645876,0.9289041501888531,0.06008221566546019,0.20497376777401555,0.9024998346667837,0.0,0.0,0.0,0,0.0387
211,0,0.0,0.07236649897694393,0.32055489057295516,0.9705587031138021,0.9519825672804755,-0.2847043703832002,-0.06152606203801468,-0.09427171775709595,0.03971405283311182,-0.03944067916493336,0.35051441236821973,1.5887260601299547,0.1020135596543759,-0.16573905548467674,0.12561041283152508,1.766874226502764,1.6913730921862131,0.03606639802455902,0.0014868825674057007,0.016617611050605774,-0.003450277727097273,-0.003105452284216881,0.002594130113720894,1.0057618618011475,0.03606639802455902,0.0014868825674057007,0.016617611050605774,-0.003450277727097273,-0.003105452284216881,0.002594130113720894,-1.0,-0.262143706266767,-0.13143926013645876,0.9289041501888531,0.06008221566546019,0.20497376777401555,0.9024998346667837,0.0,0.0,0.0,0,0.0381
212,1,0.0538,0.07257980774636988,0.32094798513407213,0.970395385329436,0.9519259049395354,-0.2850175292682344,-0.06078961533527687,-0.09437532613064287,0.0397323836356052,-0.03945860035529639,0.3510044913434151,1.5881563728777135,0.10193023006555658,-0.1674059408811908,0.12499920396717189,1.7694235146233241,1.69232349104731,0.020587533712387085,0.04691137373447418,0.03136354684829712,-0.002868943614885211,-0.0012284722179174423,-0.021396001800894737,1.0343446731567383,0.020587533712387085,0.04691137373447418,0.03136354684829712,-0.002868943614885211,-0.0012284722179174423,-0.021396001800894737,-1.0,-0.262143706266767,-0.13143926013645876,0.9289041501888531,0.06008221566546019,0.20497376777401555,0.9024998346667837,0.0,0.0,0.0,0,0.0385
213,0,0.0,0.07278832786852993,0.32126064908022645,0.9705105028270532,0.9517843587135171,-0.28555326499396627,-0.06025834703976719,-0.09452406556860682,0.039750856813830074,-0.03947482490479841,0.35134360513926016,1.5873852176567131,0.10194860518263209,-0.16872533903736248,0.12463006787570573,1.771222888377063,1.6937957449784036,0.021344423294067383,0.04076739400625229,0.04272760450839996,-0.005017441231757402,-0.0017993366345763206,-0.020285552367568016,1.041711449623108,0.021344423294067383,0.04076739400625229,0.04272760450839996,-0.005017441231757402,-0.0017993366345763206,-0.020285552367568016,-1.0,-0.262143706266767,-0.13143926013645876,0.9289041501888531,0.06008221566546019,0.20497376777401555,0.9024998346667837,0.0,0.0,0.0,0,0.0375
214,0,0.0,0.0729810964981129,0.3216594322611842,0.9708221240909423,0.9514736667277339,-0.28662039638837444,-0.059805874659313,-0.09470938313644309,0.03976835994924884,-0.0394905313842193,0.35176312180236174,1.5864885640622248,0.10196423374033367,-0.169801672407524,0.12436205094697775,1.7727027262321933,1.696441777924309,0.012337952852249146,0.024854369461536407,0.04176606237888336,0.001231181900948286,-0.0015454255044460297,-0.019039561972022057,1.0313855409622192,0.012337952852249146,0.024854369461536407,0.04176606237888336,0.001231181900948286,-0.0015454255044460297,-0.019039561972022057,-1.0,-0.262143706266767,-0.13143926013645876,0.9289041501888531,0.06008221566546019,0.20497376777401555,0.9024998346667837,0.0,0.0,0.0,0,0.0376
215,0,0.0,0.07312962956276703,0.3220367377150216,0.971277991064339,0.9511416206280714,-0.2877425191868444,-0.05948533961061981,-0.09484384288093066,0.03978498816485523,-0.039505688647240675,0.3521529483355593,1.5855138163526716,0.10199465392163069,-0.17060509980140123,0.12415925723809364,1.77355928367088,1.6992285995564511,-7.215142250061035e-05,0.030270583927631378,0.05021984875202179,-0.00246286578476429,0.0017934106290340424,-0.022986438125371933,1.016863465309143,-7.215142250061035e-05,0.030270583927631378,0.05021984875202179,-0.00246286578476429,0.0017934106290340424,-0.022986438125371933,-1.0,-0.262143706266767,-0.13143926013645876,0.9289041501888531,0.06008221566546019,0.20497376777401555,0.9024998346667837,0.0,0.0,0.0,0,0.0375
216,1,0.0533,0.07320319414990469,0.3223658224712388,0.9718373557463272,0.9507758051425713,-0.2889496698556303,-0.05939011948668593,-0.09490137171386728,0.039800875071482646,-0.03952022436473699,0.3524885873740462,1.584501145458,0.10201472705333203,-0.17112943927567686,0.12408318425353138,1.7736536148392517,1.7022302813603447,0.02126815915107727,0.07739873230457306,-0.008614659309387207,-0.0004954827018082142,-0.02317127212882042,-0.014503699727356434,1.0115103721618652,0.02126815915107727,0.07739873230457306,-0.008614659309387207,-0.0004954827018082142,-0.02317127212882042,-0.014503699727356434,-1.0,-0.262143706266767,-0.13143926013645876,0.9289041501888531,0.06008221566546019,0.20497376777401555,0.9024998346667837,0.0,0.0,0.0,0,0.0388
217,0,0.0,0.0734933014301045,0.32295319042059095,0.9722431448080651,0.9504642066463949,-0.2899826078913687,-0.05857726585966806,-0.09537600814127625,0.03981707594108413,-0.03953314056819487,0.35315171615013496,1.5838910009545313,0.10202400025589443,-0.17175696278610225,0.12385293221420084,1.776033509773682,1.7048641577927184,0.015409484505653381,0.06520526856184006,0.006455153226852417,0.00038465578109025955,-0.029395531862974167,-0.015503630973398685,1.0073072910308838,0.015409484505653381,0.06520526856184006,0.006455153226852417,0.00038465578109025955,-0.029395531862974167,-0.015503630973398685,-1.0,-0.262143706266767,-0.13143926013645876,0.9289041501888531,0.06008221566546019,0.20497376777401555,0.9024998346667837,0.0,0.0,0.0,0,0.037
218,0,0.0,0.0738945733558608,0.32373647235426684,0.9724311877179239,0.9502636789839896,-0.2907076507731948,-0.05719392546514109,-0.09600446383179424,0.03983193538175624,-0.03954614833272791,0.35411803428856264,1.5836537416369991,0.10202060287131667,-0.17239700661396326,0.12320981174713018,1.7797849933023386,1.7070585677224015,0.016055479645729065,0.04736136645078659,0.019512102007865906,-0.0008520823903381824,-0.02890705317258835,-0.01768346317112446,1.0123562812805176,0.016055479645729065,0.04736136645078659,0.019512102007865906,-0.0008520823903381824,-0.02890705317258835,-0.01768346317112446,-1.0,-0.262143706266767,-0.13143926013645876,0.9289041501888531,0.06008221566546019,0.20497376777401555,0.9024998346667837,0.0,0.0,0.0,0,0.038
219,0,0.0,0.07429953602472188,0.32442682713325255,0.9727387480604577,0.9500839016680169,-0.2914303264591209,-0.05573094074705716,-0.09645209616517303,0.03984595826065,-0.03955879747408838,0.3550725622576585,1.5834607440112864,0.10197451806446127,-0.1725835538429578,0.12219488644585606,1.7830268221292442,1.7093775019367192,0.012358412146568298,0.03261406719684601,0.018805548548698425,-0.0013634797651320696,-0.025286143645644188,-0.02025078982114792,1.0116521120071411,0.012358412146568298,0.03261406719684601,0.018805548548698425,-0.0013634797651320696,-0.025286143645644188,-0.02025078982114792,-1.0,-0.262143706266767,-0.13143926013645876,0.9289041501888531,0.06008221566546019,0.20497376777401555,0.9024998346667837,0.0,0.0,0.0,0,0.0372
