step,query,infer_s,eef_x,eef_y,eef_z,eef_qx,eef_qy,eef_qz,eef_qw,gripper_q0,gripper_q1,joint_0,joint_1,joint_2,joint_3,joint_4,joint_5,joint_6,act_raw_0,act_raw_1,act_raw_2,act_raw_3,act_raw_4,act_raw_5,act_raw_6,act_env_0,act_env_1,act_env_2,act_env_3,act_env_4,act_env_5,act_env_6,akita_black_bowl_1_x,akita_black_bowl_1_y,akita_black_bowl_1_z,plate_1_x,plate_1_y,plate_1_z,force_akita_black_bowl_1,force_plate_1,force_other,n_contacts,sim_s
0,1,0.0561,-0.2052865614643861,0.014376493091078371,1.1756302321218022,0.9995861095461278,9.401225880129038e-05,-0.02876754339733918,0.00017091229605610027,0.03872314033192669,-0.03872239957647616,0.022536273567360977,-0.15447307628815973,0.0085455574861934,-2.430452137314432,0.0034439259217102043,2.2184561885117473,0.8144925500011552,-0.01395946741104126,0.11539632827043533,-0.15810802578926086,-0.014994305558502674,-0.0058388360776007175,-0.00107511505484581,1.0014294385910034,-0.01395946741104126,0.11539632827043533,-0.15810802578926086,-0.014994305558502674,-0.0058388360776007175,-0.00107511505484581,-1.0,0.05556360823274181,-0.2756041592179484,1.1263999683944255,0.04645925482885279,0.1969109155542455,0.9024995673059236,0.0,0.0,0.0,0,0.0389
1,0,0.0,-0.20527435888968226,0.01489357052344376,1.174799662992523,0.9995831193664352,0.0002604314567854482,-0.028867779318567387,0.000413485594183886,0.03886000654018179,-0.03883000846397775,0.02161512661927042,-0.15287722397312398,0.010799169614480417,-2.4312198606732474,0.003297493859557095,2.2205970625612568,0.815519580694325,0.0236293226480484,0.03416767716407776,-0.0824166014790535,-0.025139380246400833,-0.005362680647522211,-0.0029046889394521713,0.9984681010246277,0.0236293226480484,0.03416767716407776,-0.0824166014790535,-0.025139380246400833,-0.005362680647522211,-0.0029046889394521713,-1.0,0.05556360823274181,-0.2756041592179484,1.1263999683946255,0.04645925483802688,0.19691091558425367,0.9024997617621902,0.0,0.0,0.0,0,0.0404
2,0,0.0,-0.20507713641831893,0.015493661116033657,1.1735148363832557,0.9995871554772094,0.00028888107789792894,-0.028695350833788345,0.001418447471077144,0.038918203898589104,-0.038911693230641545,0.020786849996869337,-0.15036140636134437,0.013456936819591344,-2.4322053428837807,0.0012710251332441979,2.2244181617779413,0.8185545399125275,0.0842045471072197,0.0019338726997375488,-0.05082814395427704,-0.03657147288322449,-0.01351244281977415,-0.0014582127332687378,1.000625729560852,0.0842045471072197,0.0019338726997375488,-0.05082814395427704,-0.03657147288322449,-0.01351244281977415,-0.0014582127332687378,-1.0,0.05556360823274181,-0.2756041592179484,1.1263999683946322,0.04645925484017635,0.19691091559319707,0.9024998147869767,0.0,0.0,0.0,0,0.0376
3,0,0.0,-0.20441565434633305,0.01559749001005891,1.1726029920944887,0.9996082671441834,0.0001417432337624258,-0.02779953821111586,0.0032369493518073587,0.03896366195330039,-0.038965128652121844,0.01981011119102895,-0.14776985225770203,0.01565201525563295,-2.432344029813698,-0.003011387369764404,2.228874786886132,0.822753218068061,0.18077367544174194,-0.05261257290840149,0.0015919655561447144,-0.048158224672079086,-0.026603199541568756,0.0011279303580522537,0.9927249550819397,0.18077367544174194,-0.05261257290840149,0.0015919655561447144,-0.048158224672079086,-0.026603199541568756,0.0011279303580522537,-1.0,0.05556360823274181,-0.2756041592179484,1.1263999683946322,0.04645925484066769,0.19691091559583995,0.9024998292459088,0.0,0.0,0.0,0,0.0377
4,1,0.0538,-0.20292716234091843,0.015156155398513215,1.1721313637287443,0.9996514433905146,9.187813330313599e-06,-0.02574802043540685,0.005833616931337722,0.03900656337971188,-0.03901167565414341,0.018653252829374214,-0.14458685037336264,0.01723641997252418,-2.4310491296961128,-0.009614626573929889,2.2347561193430647,0.8276448509407046,-0.3128410279750824,0.9611380100250244,-0.7485746741294861,-0.004641330800950527,0.004028718918561935,0.010337134823203087,0.9880239367485046,-0.3128410279750824,0.9611380100250244,-0.7485746741294861,-0.004641330800950527,0.004028718918561935,0.010337134823203087,-1.0,0.05556360823274181,-0.2756041592179484,1.1263999683946322,0.04645925484077615,0.19691091559661542,0.9024998331886069,0.0,0.0,0.0,0,0.0394
5,0,0.0,-0.20358103146292963,0.020325033834245197,1.1677484917926826,0.9996054305385259,0.001988445498214031,-0.027301313683483854,0.006298221458763648,0.03918739957283533,-0.039036295405066146,0.02040740916381296,-0.13703376573528261,0.02763309516286417,-2.435384709832499,-0.007980392481830061,2.242990279291138,0.8345205602192485,-0.2267100214958191,0.9616468548774719,-0.7486354112625122,-0.006312767043709755,0.0028422633185982704,0.015456490218639374,1.0173357725143433,-0.2267100214958191,0.9616468548774719,-0.7486354112625122,-0.006312767043709755,0.0028422633185982704,0.015456490218639374,-1.0,0.05556360823274181,-0.2756041592179484,1.1263999683946322,0.04645925484079886,0.19691091559684162,0.9024998342637116,0.0,0.0,0.0,0,0.0388
6,0,0.0,-0.20571955505018472,0.030971907317330835,1.1597063939950927,0.9995220048964504,0.004461066222539889,-0.0300673683473933,0.00564038798297517,0.039248683233318926,-0.03906542464427051,0.02466989154998019,-0.12534873500075883,0.04627262700201218,-2.444821067006886,-0.0019184050326172212,2.258695581986709,0.848480000633338,-0.09239740669727325,0.8655524253845215,-0.7660667300224304,-0.003219163278117776,0.01571279764175415,0.009114537388086319,1.0165295600891113,-0.09239740669727325,0.8655524253845215,-0.7660667300224304,-0.003219163278117776,0.01571279764175415,0.009114537388086319,-1.0,0.05556360823274181,-0.2756041592179484,1.1263999683946322,0.046459254840803196,0.1969109155969073,0.9024998345568738,0.0,0.0,0.0,0,0.0387
7,0,0.0,-0.2075236320940026,0.04228235573763397,1.1504682349758157,0.9994743572561006,0.005914737979063944,-0.03140423326328558,0.005458863919181638,0.03928925819161357,-0.039097196037538626,0.029262204495269683,-0.11044828158725772,0.06624435411367087,-2.454906819989003,0.0026449996933855247,2.281095014244562,0.8670698146307695,0.1456841081380844,0.711967945098877,-0.6995129585266113,-0.00018307939171791077,0.004328779876232147,-0.013144868426024914,1.0047833919525146,0.1456841081380844,0.711967945098877,-0.6995129585266113,-0.00018307939171791077,0.004328779876232147,-0.013144868426024914,-1.0,0.05556360823274181,-0.2756041592179484,1.1263999683946322,0.04645925484080388,0.19691091559692622,0.9024998346368139,0.0,0.0,0.0,0,0.0385
8,1,0.0534,-0.20788401384662075,0.052598716835476456,1.1408252895560635,0.9995004661049778,0.005886723851011577,-0.03058597390651294,0.005353777957957089,0.039324290803267485,-0.03913127103264064,0.03329831049634958,-0.0914590023403326,0.08441651336000983,-2.4625822243375746,0.0052036373635877065,2.3095803752049364,0.8876785261021415,0.05910664051771164,0.8815101981163025,-0.42844486236572266,-0.01834207773208618,-0.0019067572429776192,0.0013110674917697906,1.0043253898620605,0.05910664051771164,0.8815101981163025,-0.42844486236572266,-0.01834207773208618,-0.0019067572429776192,0.0013110674917697906,-1.0,0.05556360823274181,-0.2756041592179484,1.1263999683946322,0.04645925484080393,0.19691091559693163,0.9024998346586124,0.0,0.0,0.0,0,0.0395
9,0,0.0,-0.20774297469179967,0.0629282074901976,1.132648513993363,0.9995496743285954,0.005799485120846665,-0.028933950028574833,0.005444360171408885,0.039361381986804514,-0.039160329967097125,0.03742580845221495,-0.07355536112668376,0.10273362198567328,-2.467134011002479,0.00611940312919615,2.33526160231274,0.9095688417495323,0.10494521260261536,0.870611846446991,-0.47488725185394287,-0.030510541051626205,-0.003608965314924717,-0.00032538361847400665,0.9990053176879883,0.10494521260261536,0.870611846446991,-0.47488725185394287,-0.030510541051626205,-0.003608965314924717,-0.00032538361847400665,-1.0,0.05556360823274181,-0.2756041592179484,1.1263999683946322,0.04645925484080393,0.19691091559693316,0.9024998346645562,0.0,0.0,0.0,0,0.0379
10,0,0.0,-0.20765004543571924,0.07384958046451583,1.125779313025756,0.9995942073695162,0.00606198483693865,-0.02713598004994692,0.006189630027179153,0.039396662209799,-0.03918836109199633,0.041892532552288024,-0.05672155895402189,0.12207682542559108,-2.4692747769010093,0.004362325961586579,2.3575504151978173,0.9341658240514921,0.20713135600090027,0.8368508815765381,-0.5097936391830444,-0.034900203347206116,-0.003909695893526077,0.0001649763435125351,0.9874479174613953,0.20713135600090027,0.8368508815765381,-0.5097936391830444,-0.034900203347206116,-0.003909695893526077,0.0001649763435125351,-1.0,0.05556360823274181,-0.2756041592179484,1.1263999683946322,0.04645925484080393,0.1969109155969336,0.9024998346661771,0.0,0.0,0.0,0,0.0376
11,0,0.0,-0.20690356971307497,0.08467941844360663,1.1186474809388944,0.9996459558734578,0.006163194816586781,-0.024812714902806163,0.007369336106097636,0.03942951938314702,-0.03921610432840873,0.04627458025154644,-0.036788480673702585,0.14100519927999164,-2.468842566470801,-0.0007855772158315525,2.381114292372865,0.9612023864369437,0.3283187747001648,0.7741244435310364,-0.5566659569740295,-0.033445753157138824,0.0003979075700044632,0.0009941253811120987,0.9921593070030212,0.3283187747001648,0.7741244435310364,-0.5566659569740295,-0.033445753157138824,0.0003979075700044632,0.0009941253811120987,-1.0,0.05556360823274181,-0.2756041592179484,1.1263999683946322,0.04645925484080393,0.1969109155969336,0.9024998346666192,0.0,0.0,0.0,0,0.0376
12,1,0.0531,-0.20514153582641384,0.09505948053303387,1.1108015391467914,0.9997029154992221,0.006094054481665889,-0.02199268597183372,0.00855949800356463,0.03945965633281142,-0.039243975405408284,0.05032239698558551,-0.01215630056336935,0.1584592882639877,-2.4651786535237155,-0.009152452719138908,2.406812709492972,0.9893755635333267,0.0627841129899025,0.7834316492080688,-0.8190344572067261,-0.015095425769686699,-0.027957405894994736,0.0038558635860681534,1.009658694267273,0.0627841129899025,0.7834316492080688,-0.8190344572067261,-0.015095425769686699,-0.027957405894994736,0.0038558635860681534,-1.0,0.05556360823274181,-0.2756041592179484,1.1263999683946322,0.04645925484080393,0.1969109155969336,0.9024998346667397,0.0,0.0,0.0,0,0.0386
13,0,0.0,-0.20369889839829897,0.10533944882443608,1.101368058840201,0.9997334495992353,0.006235547505152039,-0.02015051007329701,0.009386407380299819,0.03948961248550497,-0.03926954387731459,0.05434594208614277,0.01665833506567138,0.17514648476583763,-2.4609911847673938,-0.019017220912486085,2.4339327319657538,1.0176551362133763,0.27461495995521545,0.7269654273986816,-0.8494436144828796,-0.026737090200185776,0.003093574196100235,0.0010546613484621048,0.9937362670898438,0.27461495995521545,0.7269654273986816,-0.8494436144828796,-0.026737090200185776,0.003093574196100235,0.0010546613484621048,-1.0,0.05556360823274181,-0.2756041592179484,1.1263999683946322,0.04645925484080393,0.1969109155969336,0.9024998346667725,0.0,0.0,0.0,0,0.0383
14,0,0.0,-0.2022180192647073,0.11519479920257354,1.090326708106403,0.9997618382377139,0.006284522162441575,-0.018403697051784903,0.009903308515954045,0.03951611779064124,-0.03929618612653315,0.05819972756358209,0.05013628558110376,0.190134161134116,-2.4559204011349194,-0.03186396682088294,2.464546683340896,1.046865833996025,0.45970457792282104,0.7139278054237366,-0.8159999251365662,-0.04506935179233551,0.0026806332170963287,0.00137258879840374,0.9947814345359802,0.45970457792282104,0.7139278054237366,-0.8159999251365662,-0.04506935179233551,0.0026806332170963287,0.00137258879840374,-1.0,0.05556360823274181,-0.2756041592179484,1.1263999683946322,0.04645925484080393,0.1969109155969336,0.9024998346667815,0.0,0.0,0.0,0,0.0379
15,0,0.0,-0.19930714803078933,0.1242136580771036,1.0785595422777365,0.9998020485932838,0.006203202997286106,-0.01565394427630256,0.010598958903621163,0.03954033929719204,-0.039322841458432525,0.061775440493045376,0.08871135009899027,0.20226075095907003,-2.4465719092615568,-0.050747976021308844,2.497386447085834,1.0781985980954718,0.5470390319824219,0.6209221482276917,-0.8265184760093689,-0.053562622517347336,0.0031792232766747475,-0.0032004322856664658,0.9953712821006775,0.5470390319824219,0.6209221482276917,-0.8265184760093689,-0.053562622517347336,0.0031792232766747475,-0.0032004322856664658,-1.0,0.05556360823274181,-0.2756041592179484,1.1263999683946322,0.04645925484080393,0.1969109155969336,0.9024998346667837,0.0,0.0,0.0,0,0.0384
16,1,0.0541,-0.19507677798709416,0.13226483180948043,1.066460043084971,0.9998350485595042,0.005954834767501471,-0.012416065464961797,0.011843012001782158,0.03956174954645049,-0.03935013521811095,0.06525545525558402,0.13120589533399143,0.2110970849189369,-2.432383854481805,-0.07632286478828154,2.529278285492284,1.112169241633569,0.166664257645607,0.49005597829818726,-0.9284623265266418,-0.008898082189261913,-0.038875021040439606,0.0016990285366773605,1.0047659873962402,0.166664257645607,0.49005597829818726,-0.9284623265266418,-0.008898082189261913,-0.038875021040439606,0.0016990285366773605,-1.0,0.05556360823274181,-0.2756041592179484,1.1263999683946322,0.04645925484080393,0.1969109155969336,0.9024998346667837,0.0,0.0,0.0,0,0.0379
17,0,0.0,-0.1915552248666592,0.13969818207979443,1.0541298914014692,0.9998438021678422,0.005752648558362661,-0.010360958159309791,0.0131121640905155,0.03958271450670672,-0.03937579245811341,0.06901315374293528,0.17327244122721006,0.21805482067783002,-2.417826727825489,-0.10338011349423264,2.557535349632685,1.1459146601552197,0.1428246647119522,0.4329289197921753,-0.9643961787223816,-0.014806202612817287,-0.0280357263982296,-0.002360992133617401,0.990493655204773,0.1428246647119522,0.4329289197921753,-0.9643961787223816,-0.014806202612817287,-0.0280357263982296,-0.002360992133617401,-1.0,0.05556360823274181,-0.2756041592179484,1.1263999683946322,0.04645925484080393,0.1969109155969336,0.9024998346667837,0.0,0.0,0.0,0,0.0365
18,0,0.0,-0.18926549531472345,0.14635357678500546,1.0416590032159783,0.9998449706910694,0.005466984292697041,-0.009076424903881474,0.014062900749192798,0.03960097035522391,-0.03940216448346958,0.07310567422816851,0.21342829204410102,0.2229552635496258,-2.405240586178902,-0.13038697543839164,2.584387678616924,1.1784536550310853,0.12323877215385437,0.36323466897010803,-0.9585907459259033,-0.021625220775604248,-0.008773391135036945,-0.0021227095276117325,1.0023202896118164,0.12323877215385437,0.36323466897010803,-0.9585907459259033,-0.021625220775604248,-0.008773391135036945,-0.0021227095276117325,-1.0,0.05556360823274181,-0.2756041592179484,1.1263999683946322,0.04645925484080393,0.1969109155969336,0.9024998346667837,0.0,0.0,0.0,0,0.0371
19,0,0.0,-0.1876556424698471,0.1519135750827731,1.0289043857794558,0.9998384291290412,0.005080098825137158,-0.008268607326432606,0.015130709354770516,0.03961721332716959,-0.03942864316236536,0.07763489789642979,0.2528337798812418,0.2251054843772935,-2.3935053018914645,-0.15876135402630617,2.6101306880637853,1.2104012618923163,0.0835409164428711,0.32374006509780884,-0.9597713351249695,-0.029621940106153488,9.317416697740555e-05,-0.003170868381857872,1.0118610858917236,0.0835409164428711,0.32374006509780884,-0.9597713351249695,-0.029621940106153488,9.317416697740555e-05,-0.003170868381857872,-1.0,0.05556360823274181,-0.2756041592179484,1.1263999683946322,0.04645925484080393,0.1969109155969336,0.9024998346667837,0.0,0.0,0.0,0,0.0371
20,1,0.0534,-0.1866404261108327,0.15654490826327286,1.016029833406637,0.9998205722445972,0.004760893186590454,-0.007975759527816062,0.01650892099762092,0.03963243895491356,-0.039454313951749455,0.0828186896724373,0.2914000073810618,0.22480024744226937,-2.382115860920002,-0.18845823937355455,2.6340758572099388,1.2419276522859042,-0.3842393159866333,0.33540308475494385,-1.0005799531936646,-0.02265668660402298,0.0018168147653341293,0.0026827026158571243,0.9864428639411926,-0.3842393159866333,0.33540308475494385,-1.0005799531936646,-0.02265668660402298,0.0018168147653341293,0.0026827026158571243,-1.0,0.05556360823274181,-0.2756041592179484,1.1263999683946322,0.04645925484080393,0.1969109155969336,0.9024998346667837,0.0,0.0,0.0,0,0.0393
21,0,0.0,-0.18826900595005625,0.16105454359281696,1.0031495515677518,0.9997682736881873,0.0050777693167156635,-0.009653436078238738,0.018558727251360208,0.03964867331726025,-0.039477225806905714,0.08913667553632924,0.32595263004233993,0.2246255650402328,-2.375242086270518,-0.21759914923491797,2.6540357652283517,1.2734606299839122,-0.30404502153396606,0.3694995045661926,-0.9337353706359863,-0.018283572047948837,0.0028252582997083664,0.0008429065346717834,0.993515133857727,-0.30404502153396606,0.3694995045661926,-0.9337353706359863,-0.018283572047948837,0.0028252582997083664,0.0008429065346717834,-1.0,0.05556360823274181,-0.2756041592179484,1.1263999683946322,0.04645925484080393,0.1969109155969336,0.9024998346667837,0.0,0.0,0.0,0,0.0377
22,0,0.0,-0.19160832975371148,0.16597004710576996,0.990886100572347,0.9997128702217422,0.005562705769779852,-0.01145600329631242,0.02029762069795452,0.03966451852653037,-0.0394988467412681,0.096615328131435,0.3568613407822507,0.22458440734742335,-2.3717958630879403,-0.24569168497939672,2.6739850421042073,1.3056398732012795,-0.16863030195236206,0.370430052280426,-0.8677641749382019,-0.012081533670425415,0.02149728313088417,0.001538427546620369,0.9565693140029907,-0.16863030195236206,0.370430052280426,-0.8677641749382019,-0.012081533670425415,0.02149728313088417,0.001538427546620369,-1.0,0.05556360823274181,-0.2756041592179484,1.1263999683946322,0.04645925484080393,0.1969109155969336,0.9024998346667837,0.0,0.0,0.0,0,0.0377
23,0,0.0,-0.19480587971929542,0.17104540218930653,0.979024229840937,0.9996833827821732,0.005753614676921925,-0.012417928748328156,0.021114572052044287,0.03967914966515911,-0.03952007308420675,0.10492359392955149,0.38746822047667995,0.22338822911011602,-2.3677562954130535,-0.2727485800234301,2.695280841051253,1.3374536324119215,0.06162593513727188,0.32133835554122925,-0.6919066309928894,-0.015172635205090046,0.05072158947587013,0.003797536715865135,1.0050510168075562,0.06162593513727188,0.32133835554122925,-0.6919066309928894,-0.015172635205090046,0.05072158947587013,0.003797536715865135,-1.0,0.05556360823274181,-0.2756041592179484,1.1263999683946322,0.04645925484080393,0.1969109155969336,0.9024998346667837,0.0,0.0,0.0,0,0.0381
24,1,0.0538,-0.19707141447002482,0.17572276770454057,0.967883387224151,0.9996718760317408,0.005611670487395748,-0.012896719697458125,0.02140850407116259,0.03969165596548013,-0.03954188820146132,0.11361588285670786,0.41769658308235913,0.2204500204248044,-2.361035861085135,-0.2977733419143816,2.7150853241271267,1.3667758545696629,-0.03333491086959839,0.17002934217453003,-0.26321154832839966,-0.03893560171127319,0.0858548954129219,-0.0022498629987239838,1.0198452472686768,-0.03333491086959839,0.17002934217453003,-0.26321154832839966,-0.03893560171127319,0.0858548954129219,-0.0022498629987239838,-1.0,0.05556360823274181,-0.2756041592179484,1.1263999683946322,0.04645925484080393,0.1969109155969336,0.9024998346667837,0.0,0.0,0.0,0,0.0391
25,0,0.0,-0.19954059382787362,0.1791005656558075,0.9595810695379945,0.9996152970017742,0.005207441392650947,-0.014332955196271067,0.023166936559185326,0.0397008735477807,-0.039565528027821775,0.12202436231701284,0.43904283323212145,0.217240616141257,-2.3558936301203577,-0.3183945807534144,2.7249735648522857,1.3920897654083249,-0.03242534399032593,0.13268029689788818,-0.2853185832500458,-0.02796762064099312,0.08200301229953766,-0.0011445451527833939,1.0076833963394165,-0.03242534399032593,0.13268029689788818,-0.2853185832500458,-0.02796762064099312,0.08200301229953766,-0.0011445451527833939,-1.0,0.05556360823274181,-0.2756041592179484,1.1263999683946322,0.04645925484080393,0.1969109155969336,0.9024998346667837,0.0,0.0,0.0,0,0.0389
26,0,0.0,-0.20246251948178204,0.18186442915221004,0.9537927078689296,0.9995234975010012,0.00455302330358015,-0.016825363313418988,0.0254745965921504,0.03971144299107628,-0.03958659951945774,0.12974087403058726,0.45321748242973386,0.21522370809695196,-2.352670549283156,-0.33205915303566874,2.7278821021537465,1.4119391448592313,-0.03646025061607361,0.08230799436569214,-0.39438295364379883,-0.01450516376644373,0.07928821444511414,-0.0008650720119476318,-0.0123612554743886,-0.03646025061607361,0.08230799436569214,-0.39438295364379883,-0.01450516376644373,0.07928821444511414,-0.0008650720119476318,1.0,0.05556360823274181,-0.2756041592179484,1.1263999683946322,0.04645925484080393,0.1969109155969336,0.9024998346667837,0.0,0.0,7.723243858795626,2,0.0422
27,0,0.0,-0.20357752917649025,0.1846804203735409,0.9491981513600977,0.9994764841675844,0.00335527398478086,-0.018435874630553,0.026374575998428528,0.03933755339126653,-0.03917186963797564,0.13659378577573153,0.46670660647786855,0.21326757822082335,-2.3461450558160384,-0.3393744981405287,2.7303260491274104,1.4258514260034447,-0.024046316742897034,0.02729938179254532,-0.4232761263847351,-0.010424663312733173,0.06509926915168762,-0.004147158935666084,-0.04668955132365227,-0.024046316742897034,0.02729938179254532,-0.4232761263847351,-0.010424663312733173,0.06509926915168762,-0.004147158935666084,1.0,0.05556360823274181,-0.2756041592179484,1.1263999683946322,0.04645925484080393,0.1969109155969336,0.9024998346667837,0.0,0.0,30.56120289378545,2,0.0424
28,1,0.0536,-0.20276179072345143,0.18755429940636256,0.945742954075535,0.9994688075530185,0.0022689945366537456,-0.019238728864791707,0.026207359729769446,0.0372574650825718,-0.03775083858802385,0.14259797329299823,0.4796221568603122,0.21145893637106153,-2.3360751612476394,-0.3415767858318579,2.731350979217348,1.4335561966543353,0.05683870613574982,0.2331816852092743,0.06076273322105408,-0.06869515776634216,0.14281632006168365,0.0006797928363084793,0.004422088619321585,0.05683870613574982,0.2331816852092743,0.06076273322105408,-0.06869515776634216,0.14281632006168365,0.0006797928363084793,1.0,0.05556360823274181,-0.2756041592179484,1.1263999683946322,0.04645925484080393,0.1969109155969336,0.9024998346667837,0.0,0.0,44.283840730294656,2,0.0431
29,0,0.0,-0.20199627923017482,0.1907770685507548,0.9451024784760617,0.9994108405958911,0.0020598147503337882,-0.020986327433709095,0.027079566529995592,0.03635707933356723,-0.03588801667158117,0.1481236223543762,0.4848470617514962,0.2125491038755955,-2.3265062119699653,-0.338981987579939,2.7224235002159145,1.4369582967616645,0.08846985548734665,0.1641109585762024,0.18613474071025848,-0.0699729323387146,0.13073226809501648,-0.007306627929210663,0.0037893399130553007,0.08846985548734665,0.1641109585762024,0.18613474071025848,-0.0699729323387146,0.13073226809501648,-0.007306627929210663,1.0,0.05556360823274181,-0.2756041592179484,1.1263999683946322,0.04645925484080393,0.1969109155969336,0.9024998346667837,0.0,0.0,48.403559817624064,8,0.0421
30,0,0.0,-0.20142715361895294,0.19331133035431322,0.9473937204210944,0.9992481787485167,0.0015812936758701213,-0.02460015170674177,0.029923390751823823,0.03716776150847348,-0.03466166518949019,0.15268670601968698,0.4823182865916833,0.21540962243880793,-2.3174589276540436,-0.3313455529716958,2.701539710235365,1.4367220952724784,0.10987255722284317,0.09806379675865173,0.2749497890472412,-0.06188356503844261,0.10842020064592361,-0.015385079197585583,0.005571263376623392,0.10987255722284317,0.09806379675865173,0.2749497890472412,-0.06188356503844261,0.10842020064592361,-0.015385079197585583,1.0,0.05556360823274181,-0.2756041592179484,1.1263999683946322,0.04645925484080393,0.1969109155969336,0.9024998346667837,0.0,0.0,35.27553114944664,12,0.0435
31,0,0.0,-0.2007117512996251,0.19510500387635354,0.9508293258903283,0.9990080608313092,0.0005164435135634471,-0.029380418305234093,0.033457715109870986,0.03659243469242659,-0.03292192325961128,0.15630846846541716,0.47713301433726546,0.21844900934638703,-2.3079076867793464,-0.32050559462797457,2.6751760017631874,1.4337989472841322,0.14516858756542206,0.037483081221580505,0.30707961320877075,-0.04745275154709816,0.04272111505270004,-0.023246660828590393,0.0040999469347298145,0.14516858756542206,0.037483081221580505,0.30707961320877075,-0.04745275154709816,0.04272111505270004,-0.023246660828590393,1.0,0.05556360823274181,-0.2756041592179484,1.1263999683946322,0.04645925484080393,0.1969109155969336,0.9024998346667837,0.0,0.0,19.17109156054334,12,0.0404
32,1,0.0544,-0.1989563380646998,0.1958913745563384,0.9551045111114794,0.9987532343724498,-0.0011008000432026765,-0.03345087975545478,0.03703786864035336,0.03091917731388509,-0.02628852554985561,0.1591446789706965,0.47072363002354084,0.21988259376188257,-2.2974946050865723,-0.30982702771389364,2.648514931487986,1.4297909491919232,0.32815009355545044,0.12085414677858353,0.15617112815380096,-0.06806323677301407,0.04600519686937332,-0.0014895685017108917,0.004949174355715513,0.32815009355545044,0.12085414677858353,0.15617112815380096,-0.06806323677301407,0.04600519686937332,-0.0014895685017108917,1.0,0.05556360823274181,-0.2756041592179484,1.1263999683946322,0.04645925484080393,0.1969109155969336,0.9024998346667837,0.0,0.0,0.0,0,0.0402
33,0,0.0,-0.1958324195803593,0.19660354653536258,0.9585560581886118,0.9985416205975354,-0.0021362175501740688,-0.036144779607735725,0.040045267087797445,0.02201429389080896,-0.01907221827092477,0.16208779809181686,0.46875756404534175,0.21955002391694897,-2.283664894234086,-0.3027689020509278,2.6257313067532007,1.4260684707695845,0.2962244153022766,0.09916515648365021,0.27375704050064087,-0.05514522269368172,-0.0013642506673932076,-0.011586673557758331,0.005362589843571186,0.2962244153022766,0.09916515648365021,0.27375704050064087,-0.05514522269368172,-0.0013642506673932076,-0.011586673557758331,1.0,0.05556360823274181,-0.2756041592179484,1.1263999683946322,0.04645925484080393,0.1969109155969336,0.9024998346667837,0.0,0.0,0.0,0,0.0376
34,0,0.0,-0.19152663211138324,0.1973693565403795,0.9618883957659408,0.9983616231120469,-0.0026805908374694654,-0.03737940237189456,0.04323961387616379,0.014401599314641356,-0.012781599907639742,0.16536544802534964,0.4685705585604287,0.21818198850398765,-2.267321302031785,-0.30009249340566124,2.6044761749944123,1.4245312186248271,0.37950950860977173,-0.049624115228652954,0.2944534420967102,-0.03701350837945938,-0.01846771501004696,-0.0177486352622509,0.008955173194408417,0.37950950860977173,-0.049624115228652954,0.2944534420967102,-0.03701350837945938,-0.01846771501004696,-0.0177486352622509,1.0,0.05556360823274181,-0.2756041592179484,1.1263999683946322,0.04645925484080393,0.1969109155969336,0.9024998346667837,0.0,0.0,0.0,0,0.0505
35,0,0.0,-0.1865124932282937,0.19777639568990618,0.965951110457203,0.9982179969605511,-0.0037619214572712223,-0.03726599202662794,0.04645346412577938,0.008610031595997405,-0.007803954021652853,0.1683099305741212,0.46728092518111297,0.2160342445249145,-2.250955807630287,-0.29919354430714,2.5845042079015426,1.424562649442566,0.3669799566268921,-0.21269236505031586,0.3735509514808655,-0.003880686592310667,-0.04339798167347908,-0.008518945425748825,0.0035322713665664196,0.3669799566268921,-0.21269236505031586,0.3735509514808655,-0.003880686592310667,-0.04339798167347908,-0.008518945425748825,1.0,0.05556360823274181,-0.2756041592179484,1.1263999683946322,0.04645925484080393,0.1969109155969336,0.9024998346667837,0.0,0.0,0.0,0,0.0413
36,1,0.0534,-0.18106944009225637,0.19728934721005656,0.970725528021899,0.9981213030644808,-0.005237897130821512,-0.0362269862865104,0.04913282270647271,0.005200872414098036,-0.004882888121938695,0.17011371910210135,0.46395456659919737,0.2130246122309642,-2.236190120305181,-0.29757697145597806,2.5665845362430253,1.4228452585323879,0.05935751646757126,0.3029521703720093,-0.2437622845172882,-0.044697776436805725,0.07167018204927444,-0.00363287515938282,0.0008693616255186498,0.05935751646757126,0.3029521703720093,-0.2437622845172882,-0.044697776436805725,0.07167018204927444,-0.00363287515938282,1.0,0.05556360823274181,-0.2756041592179484,1.1263999683946322,0.04645925484080393,0.1969109155969336,0.9024998346667837,0.0,0.0,0.0,0,0.0392
37,0,0.0,-0.1784775745665604,0.19817578956703702,0.9717880070676583,0.9979739694311238,-0.005369415749886253,-0.03836783840116601,0.05046815519525068,0.003361135255405006,-0.0031649944902954604,0.1721256064224813,0.46832763283603024,0.2127187851264935,-2.223419003874677,-0.2935123661736269,2.552958380162692,1.419462891294018,0.12914912402629852,0.1727464348077774,0.07327412068843842,-0.033801645040512085,-0.006914117373526096,-0.008898031897842884,-0.010371033102273941,0.12914912402629852,0.1727464348077774,0.07327412068843842,-0.033801645040512085,-0.006914117373526096,-0.008898031897842884,1.0,0.05556360823274181,-0.2756041592179484,1.1263999683946322,0.04645925484080393,0.1969109155969336,0.9024998346667837,0.0,0.0,0.0,0,0.0395
38,0,0.0,-0.17634802461923427,0.200020145573201,0.9715817471213662,0.99781126092068,-0.005238284692046957,-0.04043181914581248,0.05206261570384866,0.0022769600498205324,-0.0022586164976668025,0.17502564956149405,0.47523064104990054,0.21295341704558973,-2.209816881477857,-0.29316703055861953,2.5409270272347495,1.4203927912429337,0.19209425151348114,0.10062308609485626,0.1759261041879654,-0.019942790269851685,-0.021909190341830254,-0.009149709716439247,-0.0008271078113466501,0.19209425151348114,0.10062308609485626,0.1759261041879654,-0.019942790269851685,-0.021909190341830254,-0.009149709716439247,1.0,0.05556360823274181,-0.2756041592179484,1.1263999683946322,0.04645925484080393,0.1969109155969336,0.9024998346667837,0.0,0.0,0.0,0,0.0384
39,0,0.0,-0.17333424694846322,0.20173855535319732,0.9734159562362482,0.9977066622353984,-0.005677625656521301,-0.04036120153309612,0.0540384502813374,0.0016622928565931297,-0.001757662666081477,0.17789696036864167,0.4778374502134528,0.2130148370910423,-2.1968997858198946,-0.2948397919413554,2.5286313904903843,1.4238540517839315,0.3073444664478302,0.05779603123664856,0.36823683977127075,0.005332372151315212,-0.05802321061491966,0.00016397982835769653,0.0044846259988844395,0.3073444664478302,0.05779603123664856,0.36823683977127075,0.005332372151315212,-0.05802321061491966,0.00016397982835769653,1.0,0.05556360823274181,-0.2756041592179484,1.1263999683946322,0.04645925484080393,0.1969109155969336,0.9024998346667837,0.0,0.0,0.0,0,0.038
40,1,0.0563,-0.1693479699382984,0.2034733899604372,0.9771979737476507,0.9977148515174706,-0.006279602502749504,-0.038291656737079426,0.055311758950582775,0.0013165407364181154,-0.0014784206465278079,0.18020055126997786,0.4764497286230689,0.21315325476163444,-2.184611372589255,-0.2960374373093352,2.5174972425519746,1.4265635262623888,0.20462651550769806,0.24048295617103577,-0.1381070613861084,-0.06079335883259773,0.0793663039803505,-0.036989230662584305,0.008234812878072262,0.20462651550769806,0.24048295617103577,-0.1381070613861084,-0.06079335883259773,0.0793663039803505,-0.036989230662584305,1.0,0.05556360823274181,-0.2756041592179484,1.1263999683946322,0.04645925484080393,0.1969109155969336,0.9024998346667837,0.0,0.0,0.0,0,0.0407
41,0,0.0,-0.16694729572224629,0.20507359727991772,0.9783126380009273,0.9976124082906945,-0.007275326816931604,-0.038960879567081774,0.05655618717263518,0.001132868673951722,-0.0013121785947937208,0.18243317665403488,0.4806760312780294,0.213504551672184,-2.1728123743771333,-0.2955359191730774,2.5068247278215057,1.429132294138989,0.27510303258895874,0.08969345688819885,0.07856309413909912,-0.05006619915366173,0.04731018468737602,-0.020760150626301765,0.01283255871385336,0.27510303258895874,0.08969345688819885,0.07856309413909912,-0.05006619915366173,0.04731018468737602,-0.020760150626301765,1.0,0.05556360823274181,-0.2756041592179484,1.1263999683946322,0.04645925484080393,0.1969109155969336,0.9024998346667837,0.0,0.0,0.0,0,0.0385
42,0,0.0,-0.16478499222630386,0.20620295829946186,0.9777898236694331,0.9973854047975675,-0.008794883545256316,-0.041165757901342886,0.058739975286213816,0.0010085304119131482,-0.0012406133485813964,0.18478937416876395,0.4884766319560854,0.2130901409800392,-2.158888627233165,-0.29622764233854515,2.4943196485821724,1.4329361305169788,0.305807888507843,0.11132004857063293,0.17510835826396942,-0.05382275581359863,0.01326951663941145,-0.021420657634735107,0.00023358719772659242,0.305807888507843,0.11132004857063293,0.17510835826396942,-0.05382275581359863,0.01326951663941145,-0.021420657634735107,1.0,0.05556360823274181,-0.2756041592179484,1.1263999683946322,0.04645925484080393,0.1969109155969336,0.9024998346667837,0.0,0.0,0.0,0,0.0387
43,0,0.0,-0.16143738732783378,0.20710950481344945,0.978988170872302,0.9971702012607846,-0.010242153207740745,-0.042059720816927194,0.061462735864881254,0.000943763059862047,-0.0011914289189760628,0.18702507605082058,0.4937439115535961,0.21241612450848468,-2.1433197071771075,-0.29833985387947937,2.479545135938956,1.4369732149773216,0.30792543292045593,0.08460266143083572,0.21462424099445343,-0.046837009489536285,0.006430842913687229,-0.04511144012212753,0.011076638475060463,0.30792543292045593,0.08460266143083572,0.21462424099445343,-0.046837009489536285,0.006430842913687229,-0.04511144012212753,1.0,0.05556360823274181,-0.2756041592179484,1.1263999683946322,0.04645925484080393,0.1969109155969336,0.9024998346667837,0.0,0.0,0.0,0,0.039
44,1,0.0538,-0.157618231813573,0.2080783555240798,0.9812802480999917,0.9969563937335746,-0.01235266033020993,-0.0423041580105253,0.06430955598922278,0.0008969192637169264,-0.001146248068362905,0.18916535131334114,0.4973095851518263,0.21196145385901058,-2.1271626890859094,-0.300401122628427,2.4634112550696092,1.4422253722766283,0.10922084748744965,0.3638775050640106,-0.20509763062000275,-0.04040724039077759,0.03150934353470802,-0.0055315569043159485,0.015375809744000435,0.10922084748744965,0.3638775050640106,-0.20509763062000275,-0.04040724039077759,0.03150934353470802,-0.0055315569043159485,1.0,0.05556360823274181,-0.2756041592179484,1.1263999683946322,0.04645925484080393,0.1969109155969336,0.9024998346667837,0.0,0.0,0.0,0,0.0399
45,0,0.0,-0.15505822291523463,0.21062077355824055,0.9814371804453073,0.9967643254526596,-0.013472500544069343,-0.04371253990666361,0.06609527281811879,0.0008578404316960635,-0.0010784488796665235,0.19194442884526364,0.50583241821945,0.21352948195265653,-2.111048711383531,-0.3016361694293751,2.450646641536243,1.447286477454161,0.1930098682641983,0.25551122426986694,-0.10379814356565475,-0.04328214377164841,0.017388474196195602,0.001628698781132698,0.013477728702127934,0.1930098682641983,0.25551122426986694,-0.10379814356565475,-0.04328214377164841,0.017388474196195602,0.001628698781132698,1.0,0.05556360823274181,-0.2756041592179484,1.1263999683946322,0.04645925484080393,0.1969109155969336,0.9024998346667837,0.0,0.0,0.0,0,0.0383
46,0,0.0,-0.15283191444093164,0.2137939952204753,0.9799132655342151,0.9965769954191279,-0.013508216104616722,-0.04511663559784239,0.06794342861075826,0.0008152195645883894,-0.001037603415769265,0.1954205646903295,0.5179166670038093,0.21516904998645112,-2.0941303785772276,-0.30557295215736485,2.4403076405012594,1.4534043216022972,0.16065183281898499,0.1567055583000183,0.1393907517194748,-0.035456035286188126,-0.002298242412507534,0.004417799413204193,-0.008875513449311256,0.16065183281898499,0.1567055583000183,0.1393907517194748,-0.035456035286188126,-0.002298242412507534,0.004417799413204193,1.0,0.05556360823274181,-0.2756041592179484,1.1263999683946322,0.04645925484080393,0.1969109155969336,0.9024998346667837,0.0,0.0,0.0,0,0.0389
47,0,0.0,-0.15027416297640453,0.21643989147048398,0.9800556038262688,0.9963540670085611,-0.013477308042326108,-0.0457304897749228,0.07075067228215479,0.0007728794460342499,-0.0010005005968980601,0.1988347893594229,0.5259955537525393,0.21657049325374766,-2.0779172056221253,-0.3107334433207554,2.427143878365712,1.4598379542782223,0.13824808597564697,0.048032067716121674,0.244254931807518,-0.024970419704914093,0.0030691931024193764,0.006880095228552818,0.0015941320452839136,0.13824808597564697,0.048032067716121674,0.244254931807518,-0.024970419704914093,0.0030691931024193764,0.006880095228552818,1.0,0.05556360823274181,-0.2756041592179484,1.1263999683946322,0.04645925484080393,0.1969109155969336,0.9024998346667837,0.0,0.0,0.0,0,0.0394
48,1,0.0537,-0.1479975020942481,0.21854610236834385,0.98232340027127,0.99609425634462,-0.013492260940465517,-0.046358936423191666,0.07392591146331569,0.0007316296758564367,-0.0009657086759491457,0.20163642197485238,0.5285589896128252,0.21832335399411892,-2.064086862299534,-0.3140570013804861,2.410703335955913,1.464429431088119,-0.025295361876487732,0.3151423931121826,-0.40523213148117065,-0.04590768367052078,-0.014435124583542347,-0.005627164617180824,0.011761757545173168,-0.025295361876487732,0.3151423931121826,-0.40523213148117065,-0.04590768367052078,-0.014435124583542347,-0.005627164617180824,1.0,0.05556360823274181,-0.2756041592179484,1.1263999683946322,0.04645925484080393,0.1969109155969336,0.9024998346667837,0.0,0.0,0.0,0,0.0394
49,0,0.0,-0.14643913573976958,0.22108483557795522,0.9819719778433575,0.9958937547778043,-0.013266244357947932,-0.04722745913422853,0.07608681264795523,0.0006968936149009398,-0.0009276668801029886,0.20481166853834623,0.536607385666913,0.21989011906071787,-2.0511830561304745,-0.31807611049839324,2.4010487150863584,1.4698849233700961,0.08843176066875458,0.15054045617580414,-0.0973530113697052,-0.032832495868206024,-0.013526597060263157,-0.012164348736405373,-0.0029014302417635918,0.08843176066875458,0.15054045617580414,-0.0973530113697052,-0.032832495868206024,-0.013526597060263157,-0.012164348736405373,1.0,0.05556360823274181,-0.2756041592179484,1.1263999683946322,0.04645925484080393,0.1969109155969336,0.9024998346667837,0.0,0.0,0.0,0,0.0384
50,0,0.0,-0.14500161503626724,0.22361331934500206,0.9797825275127495,0.9957031248930794,-0.013615325755011232,-0.04738056658797588,0.07838999867676412,0.0006592545581021847,-0.0008956550934304893,0.20856798722542344,0.5475384365661483,0.2205363406574136,-2.0386499646019822,-0.32510154634978433,2.395384669316142,1.4790603848073107,0.22305533289909363,0.053901173174381256,0.15961240231990814,-0.017301712185144424,0.0011337613686919212,-0.008282441645860672,-0.013695506379008293,0.22305533289909363,0.053901173174381256,0.15961240231990814,-0.017301712185144424,0.0011337613686919212,-0.008282441645860672,1.0,0.05556360823274181,-0.2756041592179484,1.1263999683946322,0.04645925484080393,0.1969109155969336,0.9024998346667837,0.0,0.0,0.0,0,0.0392
51,0,0.0,-0.14300086582900418,0.2255710120100675,0.9798015068564929,0.9955210803441747,-0.014611100657649645,-0.0468899631280485,0.08078134491198184,0.0006222456189954841,-0.0008659918957810006,0.2116711116791585,0.5536986207979503,0.2210052742172815,-2.0267457168773637,-0.3303769516171972,2.3869760011886405,1.4869178859456114,0.42676806449890137,-0.014052242040634155,0.5387134552001953,-0.02721891924738884,0.0049964552745223045,-0.032635100185871124,-0.008223472163081169,0.42676806449890137,-0.014052242040634155,0.5387134552001953,-0.02721891924738884,0.0049964552745223045,-0.032635100185871124,1.0,0.05556360823274181,-0.2756041592179484,1.1263999683946322,0.04645925484080393,0.1969109155969336,0.9024998346667837,0.0,0.0,0.0,0,0.0387
52,1,0.0534,-0.13965243148049705,0.22661226224931205,0.9833848151958572,0.9953590484998115,-0.01658315211967748,-0.045697736755808384,0.08304866338913139,0.0005849143809986379,-0.0008394987506062016,0.21351841038791478,0.5532522945039097,0.2210443041428602,-2.0140602199990174,-0.3321189812750175,2.3733004623586313,1.491571261835003,0.07671067863702774,0.2375415861606598,-0.16316694021224976,-0.06388784199953079,0.01385542843490839,0.010032225400209427,0.01592244952917099,0.07671067863702774,0.2375415861606598,-0.16316694021224976,-0.06388784199953079,0.01385542843490839,0.010032225400209427,1.0,0.05556360823274181,-0.2756041592179484,1.1263999683946322,0.04645925484080393,0.1969109155969336,0.9024998346667837,0.0,0.0,0.0,0,0.039
53,0,0.0,-0.13713048047776824,0.22784556366824016,0.9854175084685228,0.9951530939631406,-0.01725004173258393,-0.04592468507658358,0.08522721945733744,0.0005550179165417822,-0.0008083070509892622,0.21555589298197467,0.55646492842368,0.22153327843111767,-2.001452868615042,-0.33368840690164947,2.3606230448647993,1.4939492339092955,0.1953490823507309,0.3051551580429077,-0.0388946607708931,-0.06523685157299042,0.014620103873312473,0.011298101395368576,0.016231654211878777,0.1953490823507309,0.3051551580429077,-0.0388946607708931,-0.06523685157299042,0.014620103873312473,0.011298101395368576,1.0,0.05556360823274181,-0.2756041592179484,1.1263999683946322,0.04645925484080393,0.1969109155969336,0.9024998346667837,0.0,0.0,0.0,0,0.038
54,0,0.0,-0.1351931235203334,0.23004763253405994,0.9847490636626345,0.9949459868756381,-0.01638012124699262,-0.04623530325159096,0.08761547558068297,0.0005254861477845458,-0.0007793814316542396,0.21878381376331762,0.5652136464875126,0.22240294298480942,-1.9876735687103249,-0.3389863008655341,2.351481960773975,1.4981280731582132,0.3218662142753601,0.28464722633361816,0.23917733132839203,-0.061154093593358994,-0.0025711199268698692,-0.012653883546590805,-0.005060327704995871,0.3218662142753601,0.28464722633361816,0.23917733132839203,-0.061154093593358994,-0.0025711199268698692,-0.012653883546590805,1.0,0.05556360823274181,-0.2756041592179484,1.1263999683946322,0.04645925484080393,0.1969109155969336,0.9024998346667837,0.0,0.0,0.0,0,0.038
55,0,0.0,-0.1322482161041649,0.23276159981987238,0.9856214271042198,0.9947528664270932,-0.01628105841655314,-0.04512999105855311,0.09036008952503263,0.0004950466742221565,-0.0007538735843141166,0.2224733727566825,0.5723394346227914,0.22359755127282327,-1.971441752849454,-0.3455376555245604,2.340076670526123,1.504970597263919,0.5089638233184814,0.0988994836807251,0.5304790139198303,-0.034639984369277954,-0.026653366163372993,-0.038009162992239,0.008398556150496006,0.5089638233184814,0.0988994836807251,0.5304790139198303,-0.034639984369277954,-0.026653366163372993,-0.038009162992239,1.0,0.05556360823274181,-0.2756041592179484,1.1263999683946322,0.04645925484080393,0.1969109155969336,0.9024998346667837,0.0,0.0,0.0,0,0.0385
56,1,0.0548,-0.12759896968733297,0.235073636583678,0.9897813878982367,0.9945791410222071,-0.018201716025022595,-0.042511688550184196,0.09313316334091437,0.0004630179914302742,-0.0007323486761035392,0.22559500887843542,0.5746956864132619,0.2243012288703873,-1.9527802908304976,-0.3504373203494442,2.3244431336945373,1.5125295549360043,0.047022029757499695,0.37883737683296204,-0.4035176634788513,-0.03042455017566681,0.0004985807463526726,-0.002716999500989914,0.02204880304634571,0.047022029757499695,0.37883737683296204,-0.4035176634788513,-0.03042455017566681,0.0004985807463526726,-0.002716999500989914,1.0,0.05556360823274181,-0.2756041592179484,1.1263999683946322,0.04645925484080393,0.1969109155969336,0.9024998346667837,0.0,0.0,0.0,0,0.0399
57,0,0.0,-0.12452322061856116,0.23828362144690074,0.9905590636055399,0.994450481349382,-0.019250226719556507,-0.042036431258395617,0.09450189078682536,0.0004405910027490825,-0.0007035231749023657,0.2289997891984631,0.583744837593455,0.2259857177766842,-1.935172150793155,-0.3530681048012204,2.3138009207546584,1.5181992721986464,0.04836250841617584,0.47926080226898193,-0.19048795104026794,-0.05685665085911751,0.0055434489622712135,0.00971720926463604,0.024777313694357872,0.04836250841617584,0.47926080226898193,-0.19048795104026794,-0.05685665085911751,0.0055434489622712135,0.00971720926463604,1.0,0.05556360823274181,-0.2756041592179484,1.1263999683946322,0.04645925484080393,0.1969109155969336,0.9024998346667837,0.0,0.0,0.0,0,0.038
58,0,0.0,-0.12323430890499104,0.24268305560604525,0.987724366270432,0.9942877900519199,-0.018655558961641117,-0.04266446863415284,0.09603907428574299,0.0004161932343049882,-0.0006788801312344057,0.23373426847421494,0.598263545572589,0.22869380811266232,-1.918629852186743,-0.3587076796089781,2.306891746701959,1.525908066123255,0.18521693348884583,0.40698981285095215,-0.10866908729076385,-0.05831471085548401,0.007678369991481304,0.005573052912950516,0.009509185329079628,0.18521693348884583,0.40698981285095215,-0.10866908729076385,-0.05831471085548401,0.007678369991481304,0.005573052912950516,1.0,0.05556360823274181,-0.2756041592179484,1.1263999683946322,0.04645925484080393,0.1969109155969336,0.9024998346667837,0.0,0.0,0.0,0,0.0371
59,0,0.0,-0.12171366192823305,0.24736618994675347,0.9855154170643448,0.9940693876362932,-0.018018134244955297,-0.042376022903122736,0.09851736946167498,0.00039079716218095846,-0.0006573398724864343,0.2392015217752647,0.6122008530885902,0.23151372242785254,-1.9009908035830598,-0.3669410869779481,2.298474808901834,1.5359421844792938,0.2477429211139679,0.34703248739242554,0.03782530128955841,-0.052152249962091446,0.0013819532468914986,0.006682125851511955,0.014697495847940445,0.2477429211139679,0.34703248739242554,0.03782530128955841,-0.052152249962091446,0.0013819532468914986,0.006682125851511955,1.0,0.05556360823274181,-0.2756041592179484,1.1263999683946322,0.04645925484080393,0.1969109155969336,0.9024998346667837,0.0,0.0,0.0,0,0.0386
60,1,0.0556,-0.11947386963664192,0.25184245261145377,0.9845061723546331,0.9938244901971798,-0.01776238545696779,-0.04139380436275188,0.10140972984665184,0.00036536583502911257,-0.0006378445072655956,0.24474284801520996,0.6246566512763345,0.2339901919534848,-1.8818455589306136,-0.375443929595015,2.287808775029073,1.546016382711419,0.22512945532798767,0.1570027619600296,0.020892739295959473,-0.05898590385913849,0.015776246786117554,-0.020030030980706215,-0.0014655864797532558,0.22512945532798767,0.1570027619600296,0.020892739295959473,-0.05898590385913849,0.015776246786117554,-0.020030030980706215,1.0,0.05556360823274181,-0.2756041592179484,1.1263999683946322,0.04645925484080393,0.1969109155969336,0.9024998346667837,0.0,0.0,0.0,0,0.0406
61,0,0.0,-0.11710989825175468,0.2551432281256477,0.9842585692101272,0.9934316595549346,-0.018519828223449553,-0.04112286601684143,0.10516398455299132,0.00035768918638826497,-0.0006419544230983618,0.24982133055554157,0.6354851011228217,0.23539401675573474,-1.8626981765743094,-0.38254000240658415,2.2735842832252646,1.5553492269226452,0.48360270261764526,0.06342574954032898,0.39385300874710083,-0.04309498518705368,0.0064169866964221,-0.03348422050476074,0.011768116615712643,0.48360270261764526,0.06342574954032898,0.39385300874710083,-0.04309498518705368,0.0064169866964221,-0.03348422050476074,1.0,0.05556360823274181,-0.2756041592179484,1.1263999683946322,0.04645925484080393,0.1969109155969336,0.9024998346667837,0.0,0.0,0.0,0,0.0414
62,0,0.0,-0.11331665260044929,0.2572361916067649,0.9863089401412597,0.9930254590239408,-0.02075004206598824,-0.04029208636064676,0.10884126635268963,0.00035119947117661753,-0.0006483939416449504,0.25386081362458096,0.6427668318924634,0.23546423611507683,-1.8418806852183995,-0.38708089310280597,2.256278166278063,1.5626108107515073,0.5984596014022827,0.06538203358650208,0.6308075189590454,-0.02286936342716217,0.010033880360424519,-0.031146932393312454,0.014337657950818539,0.5984596014022827,0.06538203358650208,0.6308075189590454,-0.02286936342716217,0.010033880360424519,-0.031146932393312454,1.0,0.05556360823274181,-0.2756041592179484,1.1263999683946322,0.04645925484080393,0.1969109155969336,0.9024998346667837,0.0,0.0,0.0,0,0.0486
63,0,0.0,-0.10780649563799519,0.25894261623818976,0.991791089333533,0.9927504405979319,-0.023482055137389102,-0.03876941564346498,0.11131975651158976,0.0003458880652441219,-0.0006536581901063119,0.25662216203486005,0.6456262805522217,0.23537496673814895,-1.8184411918982673,-0.3872844685213833,2.235398987796652,1.564941265066439,0.6446573138237,0.07257335633039474,0.7629203796386719,-0.0028936590533703566,0.03723699226975441,-0.029878005385398865,0.015248547308146954,0.6446573138237,0.07257335633039474,0.7629203796386719,-0.0028936590533703566,0.03723699226975441,-0.029878005385398865,1.0,0.05556360823274181,-0.2756041592179484,1.1263999683946322,0.04645925484080393,0.1969109155969336,0.9024998346667837,0.0,0.0,0.0,0,0.0405
64,1,0.0534,-0.10161115601143544,0.2605866246215548,0.9996197094069723,0.9926008577444068,-0.026041671229135477,-0.03801980355104902,0.11233816405211353,0.0003413167791923926,-0.000658293186404362,0.2581795309216481,0.6458035870153508,0.23573692937147045,-1.7929025669844036,-0.3820951842539603,2.2109893570465675,1.561329950254216,0.30043402314186096,0.17444375157356262,-0.15415966510772705,0.0007030130364000797,-0.06323014199733734,0.001727525144815445,0.000144479054142721,0.30043402314186096,0.17444375157356262,-0.15415966510772705,0.0007030130364000797,-0.06323014199733734,0.001727525144815445,1.0,0.05556360823274181,-0.2756041592179484,1.1263999683946322,0.04645925484080393,0.1969109155969336,0.9024998346667837,0.0,0.0,0.0,0,0.0394
65,0,0.0,-0.09547711103822226,0.2624137239545976,1.0041452590963102,0.992646255359529,-0.02710034996396332,-0.03729789459732882,0.1119278777210589,0.00034096374603212926,-0.0006586972844500963,0.2598453991192236,0.652809176332109,0.23515713114683356,-1.7672339869271283,-0.37833529512711983,2.1950071971456473,1.5559615601104633,0.5394285321235657,0.03641708940267563,-0.0013216286897659302,-0.003429376520216465,-0.06405997276306152,-0.01988253742456436,0.008996166288852692,0.5394285321235657,0.03641708940267563,-0.0013216286897659302,-0.003429376520216465,-0.06405997276306152,-0.01988253742456436,1.0,0.05556360823274181,-0.2756041592179484,1.1263999683946322,0.04645925484080393,0.1969109155969336,0.9024998346667837,0.0,0.0,0.0,0,0.0386
66,0,0.0,-0.0887156961175303,0.26353359422679135,1.004903478281858,0.9927468438221175,-0.028106172484683112,-0.034569294699608684,0.111663382599028,0.00033610487956216653,-0.0006634853056644628,0.2620256875445466,0.6658505554504114,0.23209101681383087,-1.7419823353393726,-0.3802743984399626,2.188341438259959,1.5542257459428668,0.5710874795913696,-0.05579385161399841,0.19018428027629852,0.004927236586809158,-0.06370982527732849,-0.03806953877210617,-0.007039722520858049,0.5710874795913696,-0.05579385161399841,0.19018428027629852,0.004927236586809158,-0.06370982527732849,-0.03806953877210617,1.0,0.05556360823274181,-0.2756041592179484,1.1263999683946322,0.04645925484080393,0.1969109155969336,0.9024998346667837,0.0,0.0,0.0,0,0.0387
67,0,0.0,-0.08126505113874782,0.2636318953065272,1.0062964831687062,0.9927737109122399,-0.03046941064809905,-0.03092104957134903,0.11187431622005092,0.00033073418821268996,-0.0006688250690155931,0.26388426535694975,0.6776335234132991,0.22778255128976063,-1.7166821958445075,-0.38279477255267913,2.1815085815248842,1.554075519343377,0.5365777611732483,-0.10877794027328491,0.30504608154296875,-0.0003801267594099045,-0.035106152296066284,-0.03697428107261658,0.024037083610892296,0.5365777611732483,-0.10877794027328491,0.30504608154296875,-0.0003801267594099045,-0.035106152296066284,-0.03697428107261658,1.0,0.05556360823274181,-0.2756041592179484,1.1263999683946322,0.04645925484080393,0.1969109155969336,0.9024998346667837,0.0,0.0,0.0,0,0.0384
68,1,0.0538,-0.07419929957889114,0.26307522813632755,1.0091648710644403,0.9926954214078604,-0.03345702260347694,-0.02809912850996543,0.11245828974050748,0.00032581903225832717,-0.0006737904847208499,0.265185561318781,0.6861933002098195,0.22358415979775187,-1.6924561511253284,-0.3831858446474357,2.1709744142607725,1.5529050881956352,0.2562837600708008,0.37325727939605713,-0.38762736320495605,-0.002218027599155903,-0.028723645955324173,0.002880338579416275,0.013416803441941738,0.2562837600708008,0.37325727939605713,-0.38762736320495605,-0.002218027599155903,-0.028723645955324173,0.002880338579416275,1.0,0.05556360823274181,-0.2756041592179484,1.1263999683946322,0.04645925484080393,0.1969109155969336,0.9024998346667837,0.0,0.0,0.0,0,0.0418
69,0,0.0,-0.06887082233421951,0.26462408407754057,1.0089158286395519,0.992829549616543,-0.0343256402378323,-0.026555937373789612,0.1113823056893371,0.00033139057613659425,-0.0006682148518629741,0.26738044503142067,0.6999272621472861,0.22174034920563698,-1.669750426872095,-0.3827082507132351,2.166328942123276,1.5506657751681323,0.5006586313247681,0.2761510908603668,-0.27611926198005676,0.0022450443357229233,-0.01518102828413248,0.0007912218570709229,0.030505647882819176,0.5006586313247681,0.2761510908603668,-0.27611926198005676,0.0022450443357229233,-0.01518102828413248,0.0007912218570709229,1.0,0.05556360823274181,-0.2756041592179484,1.1263999683946322,0.04645925484080393,0.1969109155969336,0.9024998346667837,0.0,0.0,0.0,0,0.0397
70,0,0.0,-0.0638547187064148,0.2675475956771857,1.0052201661118647,0.9931004154817303,-0.034135924347788005,-0.024404387686368184,0.10950218856529247,0.00033037196178080407,-0.0006691675792853091,0.2706779890423529,0.719835706737889,0.22015766183474098,-1.645936227902559,-0.38476544175685645,2.168101941338906,1.5502641069765442,0.7006291747093201,0.1045445054769516,-0.11753343790769577,-0.00027115410193800926,0.004690338857471943,-0.001927921548485756,0.019154688343405724,0.7006291747093201,0.1045445054769516,-0.11753343790769577,-0.00027115410193800926,0.004690338857471943,-0.001927921548485756,1.0,0.05556360823274181,-0.2756041592179484,1.1263999683946322,0.04645925484080393,0.1969109155969336,0.9024998346667837,0.0,0.0,0.0,0,0.039
71,0,0.0,-0.057497736274450026,0.2693981655397667,1.0017126044677003,0.993301621599994,-0.03452358820256268,-0.02150711340970358,0.108154770848184,0.00032559418377599915,-0.0006739956761267253,0.273741145730154,0.7409972699565405,0.2168390667740641,-1.6187154379633881,-0.38745593035489057,2.1688087378711303,1.5490838258081143,0.7826077342033386,0.0028899461030960083,0.13057948648929596,-0.0029812688007950783,0.029683373868465424,-0.001138417050242424,0.008853347972035408,0.7826077342033386,0.0028899461030960083,0.13057948648929596,-0.0029812688007950783,0.029683373868465424,-0.001138417050242424,1.0,0.05556360823274181,-0.2756041592179484,1.1263999683946322,0.04645925484080393,0.1969109155969336,0.9024998346667837,0.0,0.0,0.0,0,0.0397
72,1,0.0532,-0.050110653431532926,0.2699243077227537,1.0000432074937802,0.9934104127916185,-0.03517560951568616,-0.019132438344238976,0.10738891029984708,0.00032025203237184363,-0.0006793427235915627,0.27601678416365605,0.7605055200454757,0.21246824749638965,-1.5881922710128957,-0.3879092217878485,2.1638847081241614,1.5440779743115267,0.19890530407428741,0.09186884015798569,0.1539851576089859,0.000230525154620409,-0.000703553669154644,-0.0826757401227951,0.9917851686477661,0.19890530407428741,0.09186884015798569,0.1539851576089859,0.000230525154620409,-0.000703553669154644,-0.0826757401227951,-1.0,0.05556360823274181,-0.2756041592179484,1.1263999683946322,0.04645925484080393,0.1969109155969336,0.9024998346667837,0.0,0.0,0.0,0,0.0405
73,0,0.0,-0.04456508297581151,0.2703023092657738,1.0006772967232886,0.9932709241825664,-0.037654488455443835,-0.019979797285427228,0.10768388167734892,0.0006290016136357873,-0.0010079686260494795,0.27812980444983204,0.774700542162632,0.2098476018991931,-1.5594646366694134,-0.38366047113719076,2.1485044417860157,1.5404717548258606,0.21222926676273346,0.18384814262390137,0.2053772360086441,-0.020048215985298157,-0.003044014796614647,-0.0731065571308136,0.9910585284233093,0.21222926676273346,0.18384814262390137,0.2053772360086441,-0.020048215985298157,-0.003044014796614647,-0.0731065571308136,-1.0,0.05556360823274181,-0.2756041592179484,1.1263999683946322,0.04645925484080393,0.1969109155969336,0.9024998346667837,0.0,0.0,0.0,0,0.0389
74,0,0.0,-0.040690059573769546,0.2716718036523696,1.0031104443832912,0.9929852714227201,-0.04175185961960304,-0.021811595424787403,0.10844946869798835,0.0026249043699962276,-0.0030152727342039223,0.28093976456787956,0.7846232773531934,0.2091231641523164,-1.5332773590280933,-0.37853455440208056,2.1288269863604343,1.5413968863245329,0.34214097261428833,0.3719650208950043,0.3210218548774719,-0.07853870093822479,0.07668017596006393,-0.07400347292423248,0.9999687671661377,0.34214097261428833,0.3719650208950043,0.3210218548774719,-0.07853870093822479,0.07668017596006393,-0.07400347292423248,-1.0,0.05556360823274181,-0.2756041592179484,1.1263999683946322,0.04645925484080393,0.1969109155969336,0.9024998346667837,0.0,0.0,0.0,0,0.0372
75,0,0.0,-0.03746459397059513,0.2738715096795029,1.0060205767808186,0.992612610613936,-0.04563005926768543,-0.023746499724950947,0.10988269514452943,0.005933988726063358,-0.006319839590141911,0.28476984404021355,0.7942255123090204,0.20941380324213552,-1.5065192059551311,-0.3747965872682807,2.106661123654141,1.544178649278921,0.37553226947784424,0.3065124750137329,0.30345869064331055,-0.0733671486377716,0.06967609375715256,-0.07673576474189758,0.9320627450942993,0.37553226947784424,0.3065124750137329,0.30345869064331055,-0.0733671486377716,0.06967609375715256,-0.07673576474189758,-1.0,0.05556360823274181,-0.2756041592179484,1.1263999683946322,0.04645925484080393,0.1969109155969336,0.9024998346667837,0.0,0.0,0.0,0,0.0375
76,1,0.0532,-0.03426854667230224,0.2764201061624033,1.009000607367934,0.9921292786519396,-0.049564819308270724,-0.02583619059734902,0.11205049925786603,0.00997491341071852,-0.010375735351368818,0.28941694651146,0.8052937610340296,0.20985744666078426,-1.4769376446715758,-0.37222950925776865,2.081914943414225,1.548069239588595,0.37160736322402954,0.17109307646751404,0.06696464121341705,-0.0033379686065018177,-0.029272716492414474,-0.039488937705755234,0.9799807071685791,0.37160736322402954,0.17109307646751404,0.06696464121341705,-0.0033379686065018177,-0.029272716492414474,-0.039488937705755234,-1.0,0.05556360823274181,-0.2756041592179484,1.1263999683946322,0.04645925484080393,0.1969109155969336,0.9024998346667837,0.0,0.0,0.0,0,0.0389
77,0,0.0,-0.029828472731669643,0.2791867164283747,1.0113982932114283,0.991812342136329,-0.05301519683341144,-0.02591416684827434,0.1132524739125954,0.014445717083069359,-0.014833373324098417,0.2942512002925459,0.8191468268818051,0.20947956576652,-1.444831227511415,-0.3712784318791771,2.062322302461023,1.5513405590495637,0.4489344656467438,0.2638663351535797,0.12922964990139008,-0.024776093661785126,-0.021631810814142227,-0.03886498883366585,0.9753210544586182,0.4489344656467438,0.2638663351535797,0.12922964990139008,-0.024776093661785126,-0.021631810814142227,-0.03886498883366585,-1.0,0.05556360823274181,-0.2756041592179484,1.1263999683946322,0.04645925484080393,0.1969109155969336,0.9024998346667837,0.0,0.0,0.0,0,0.0372
78,0,0.0,-0.02451981709061832,0.2819968522053763,1.013021598637674,0.9916591009704883,-0.05574972693536223,-0.02422948641555958,0.11365354106701805,0.019142552142587303,-0.019531329011436224,0.29919508970032643,0.8349679677770406,0.20836489374107692,-1.4117556197871903,-0.3718314891090901,2.047506386348216,1.5538426375232834,0.4432607591152191,0.26667964458465576,0.14679230749607086,-0.02885008603334427,-0.021232128143310547,-0.044719159603118896,0.9890876412391663,0.4432607591152191,0.26667964458465576,0.14679230749607086,-0.02885008603334427,-0.021232128143310547,-0.044719159603118896,-1.0,0.05556360823274181,-0.2756041592179484,1.1263999683946322,0.04645925484080393,0.1969109155969336,0.9024998346667837,0.0,0.0,0.0,0,0.0374
79,0,0.0,-0.01914744847945091,0.28482686444849875,1.0145438117986212,0.9914898578182119,-0.05845761871955141,-0.022155184393744344,0.11419157789320364,0.02396836247862024,-0.024364315512397483,0.30448019035909035,0.8514459626092803,0.20704868724079536,-1.3778138268294617,-0.3730693022248484,2.0328745483629946,1.5566884969155055,0.42015933990478516,0.27142590284347534,0.17452548444271088,-0.03451801463961601,-0.01525585725903511,-0.046488866209983826,0.9767051339149475,0.42015933990478516,0.27142590284347534,0.17452548444271088,-0.03451801463961601,-0.01525585725903511,-0.046488866209983826,-1.0,0.05556360823274181,-0.2756041592179484,1.1263999683946322,0.04645925484080393,0.1969109155969336,0.9024998346667837,0.0,0.0,0.0,0,0.0378
80,1,0.0532,-0.014038019948428026,0.28767123658211435,1.0162132499939565,0.9912577550763542,-0.06132875240415664,-0.020238844788374333,0.11505318896565785,0.028869281488367444,-0.029271694550286914,0.3101059540061595,0.8679827718199626,0.2057575667925759,-1.3432619818781242,-0.37445814213583034,2.0169774611343407,1.5599638830884919,0.030167534947395325,0.015161357820034027,0.0027838945388793945,0.0193047933280468,-0.0762038305401802,-0.059737641364336014,0.9652698636054993,0.030167534947395325,0.015161357820034027,0.0027838945388793945,0.0193047933280468,-0.0762038305401802,-0.059737641364336014,-1.0,0.05556360823274181,-0.2756041592179484,1.1263999683946322,0.04645925484080393,0.1969109155969336,0.9024998346667837,0.0,0.0,0.0,0,0.0387
81,0,0.0,-0.010247645778912058,0.29002976874687464,1.0178926167450457,0.990831011797523,-0.06493643143110894,-0.0198694947471925,0.11680055270322777,0.03306349737080957,-0.03351082757457905,0.3156652242203773,0.8825366238601238,0.20450566482602137,-1.3117678163867483,-0.37481185743675105,1.998342389602261,1.5645204408448354,0.046700119972229004,0.024441495537757874,-0.03088553249835968,-0.0023309749085456133,-0.0733807384967804,-0.031873948872089386,1.0015631914138794,0.046700119972229004,0.024441495537757874,-0.03088553249835968,-0.0023309749085456133,-0.0733807384967804,-0.031873948872089386,-1.0,0.05556360823274181,-0.2756041592179484,1.1263999683946322,0.04645925484080393,0.1969109155969336,0.9024998346667837,0.0,0.0,0.0,0,0.0375
82,0,0.0,-0.007358755375233032,0.29187237907372804,1.0193765551650946,0.9903371828384882,-0.06837854354000616,-0.019721275826569663,0.11902819141130347,0.03555825315314279,-0.03603141284850803,0.32101037860371856,0.8948219004586765,0.2029330214910001,-1.284887390867531,-0.3756738615503163,1.98130828839066,1.5693592177101507,0.06157262623310089,0.05475539714097977,-0.03119800239801407,-0.002982211299240589,-0.05060078948736191,-0.007754664868116379,0.9843158721923828,0.06157262623310089,0.05475539714097977,-0.03119800239801407,-0.002982211299240589,-0.05060078948736191,-0.007754664868116379,-1.0,0.05556360823274181,-0.2756041592179484,1.1263999683946322,0.04645925484080393,0.1969109155969336,0.9024998346667837,0.0,0.0,0.0,0,0.037
83,0,0.0,-0.004919493009616976,0.2937095501942849,1.0203517171466325,0.9899476365989286,-0.0703835048849798,-0.01919466591739799,0.12116684295887209,0.03696550199211285,-0.03744372678826957,0.3263149606697487,0.9061386480354949,0.2013368693829147,-1.2613386736044567,-0.37733219029916126,1.9673765561418204,1.5725113634123857,0.02349512279033661,0.06606278568506241,-0.013994857668876648,-0.0013522559311240911,-0.01507494319230318,0.0031649023294448853,0.9818429946899414,0.02349512279033661,0.06606278568506241,-0.013994857668876648,-0.0013522559311240911,-0.01507494319230318,0.0031649023294448853,-1.0,0.05556360823274181,-0.2756041592179484,1.1263999683946322,0.04645925484080393,0.1969109155969336,0.9024998346667837,0.0,0.0,0.0,0,0.0379
84,1,0.0532,-0.0033243225680690946,0.295652849981557,1.0209124153648137,0.9896531747026812,-0.07111591529653899,-0.019489347527041855,0.12308243467452616,0.03774798918599444,-0.038240501941900484,0.33141531653229495,0.9163789181799106,0.20016028985259812,-1.2407260998489225,-0.3780858829753618,1.9542274972814555,1.5734284834119359,-0.024425700306892395,-0.009030282497406006,-0.0662630945444107,0.03170144930481911,-0.15610797703266144,-0.005374857224524021,0.9895392060279846,-0.024425700306892395,-0.009030282497406006,-0.0662630945444107,0.03170144930481911,-0.15610797703266144,-0.005374857224524021,-1.0,0.05556360823274181,-0.2756041592179484,1.1263999683946322,0.04645925484080393,0.1969109155969336,0.9024998346667837,0.0,0.0,0.0,0,0.039
85,0,0.0,-0.0009336928809419573,0.29747158364248755,1.0221130002479615,0.9894669634268682,-0.07204604572379081,-0.01749761527249547,0.12433152875337986,0.0381797888415086,-0.03869350451812014,0.3362877112537304,0.9249114572441149,0.19822615002301447,-1.2219931538582616,-0.3804491945401718,1.9461651874198975,1.5755749876163838,-0.028977349400520325,-0.0030543506145477295,-0.17321456968784332,0.028841964900493622,-0.17168526351451874,-0.003069330006837845,1.0000890493392944,-0.028977349400520325,-0.0030543506145477295,-0.17321456968784332,0.028841964900493622,-0.17168526351451874,-0.003069330006837845,-1.0,0.05556360823274181,-0.2756041592179484,1.1263999683946322,0.04645925484080393,0.1969109155969336,0.9024998346667837,0.0,0.0,0.0,0,0.0376
86,0,0.0,0.001961178749321446,0.2991469061549546,1.0230053095163485,0.9893152262576386,-0.07346031068436454,-0.012975166829165219,0.12526216864923123,0.03842712319436441,-0.038941844650380766,0.3411163437155718,0.9321981745732888,0.1954663906247208,-1.2071961408319505,-0.38524298037929217,1.9447845294168578,1.5805453921692816,0.01571612060070038,-0.028991296887397766,-0.29778769612312317,0.015981677919626236,-0.15524475276470184,0.012337464839220047,0.9986278414726257,0.01571612060070038,-0.028991296887397766,-0.29778769612312317,0.015981677919626236,-0.15524475276470184,0.012337464839220047,-1.0,0.05556360823274181,-0.2756041592179484,1.1263999683946322,0.04645925484080393,0.1969109155969336,0.9024998346667837,0.0,0.0,0.0,0,0.0373
87,0,0.0,0.004566437499042306,0.3005268891999961,1.0222069228829511,0.9891559431176269,-0.07447677043041351,-0.00763644236959482,0.12635432564525986,0.03856357788223954,-0.03908295849166412,0.34581733314621005,0.9396857052963915,0.19203504660057255,-1.1968723260122645,-0.3917828270680645,1.94895866021123,1.5865533750473433,0.022858381271362305,0.023599915206432343,-0.41296982765197754,-0.007524341344833374,-0.11452747136354446,0.031212713569402695,1.0010850429534912,0.022858381271362305,0.023599915206432343,-0.41296982765197754,-0.007524341344833374,-0.11452747136354446,0.031212713569402695,-1.0,0.05556360823274181,-0.2756041592179484,1.1263999683946322,0.04645925484080393,0.1969109155969336,0.9024998346667837,0.0,0.0,0.0,0,0.0372
88,1,0.0535,0.006546896098306114,0.30167643304161557,1.0192164151138061,0.9890185663180295,-0.0742849215591197,-0.0024608638095709595,0.12774181013471908,0.038645285032871374,-0.03915668520516103,0.3504189883708366,0.9482921469872212,0.1882776219357054,-1.1904036694899616,-0.3994776605979943,1.9573276665670778,1.5918836659231879,-0.03334818780422211,-0.07760781049728394,0.4702855944633484,0.041482340544462204,-0.04374143108725548,-0.05618228390812874,0.9817470908164978,-0.03334818780422211,-0.07760781049728394,0.4702855944633484,0.041482340544462204,-0.04374143108725548,-0.05618228390812874,-1.0,0.05556360823274181,-0.2756041592179484,1.1263999683946322,0.04645925484080393,0.1969109155969336,0.9024998346667837,0.0,0.0,0.0,0,0.0395
89,0,0.0,0.007221521187821366,0.3027850086676381,1.019401203590514,0.9886932119842091,-0.07611669020410639,-0.00012362196667297515,0.12919739458026175,0.038689873506852455,-0.039241192008743174,0.3542396576112624,0.9506753891989272,0.18618704348759574,-1.184838533083046,-0.4021499434164764,1.955346258606356,1.5983481656884344,-0.0980374813079834,-0.04802848398685455,0.10407029092311859,0.03775437921285629,-0.10239354521036148,-0.02274586632847786,0.9831919074058533,-0.0980374813079834,-0.04802848398685455,0.10407029092311859,0.03775437921285629,-0.10239354521036148,-0.02274586632847786,-1.0,0.05556360823274181,-0.2756041592179484,1.1263999683946322,0.04645925484080393,0.1969109155969336,0.9024998346667837,0.0,0.0,0.0,0,0.0376
90,0,0.0,0.007764606118976388,0.3039271001745188,1.023233230328937,0.9883866363460309,-0.07928023770999965,0.0015659318846685671,0.1296304318381929,0.03873409504518281,-0.03928885485088415,0.35711523543520624,0.9475387369597723,0.18496403420926125,-1.180461331439694,-0.40168141218965653,1.9497153383697938,1.6045071895833982,-0.08868704736232758,0.015816815197467804,0.015013143420219421,0.025245487689971924,-0.1444835513830185,-0.009385382756590843,0.969962477684021,-0.08868704736232758,0.015816815197467804,0.015013143420219421,0.025245487689971924,-0.1444835513830185,-0.009385382756590843,-1.0,0.05556360823274181,-0.2756041592179484,1.1263999683946322,0.04645925484080393,0.1969109155969336,0.9024998346667837,0.0,0.0,0.0,0,0.0376
91,0,0.0,0.008833721977807183,0.305099915038735,1.0260785298512023,0.9882022237823546,-0.0814810035859101,0.005267701575752869,0.12957415747883352,0.038777368004687326,-0.03933040419931358,0.3599226258996921,0.944776711647185,0.1832035942888116,-1.178739596630765,-0.4037832311749789,1.9508508957078856,1.6108801128692807,-0.10291126370429993,-0.009090602397918701,0.0012490302324295044,0.026079703122377396,-0.13349133729934692,0.0042229462414979935,0.9895523190498352,-0.10291126370429993,-0.009090602397918701,0.0012490302324295044,0.026079703122377396,-0.13349133729934692,0.0042229462414979935,-1.0,0.05556360823274181,-0.2756041592179484,1.1263999683946322,0.04645925484080393,0.1969109155969336,0.9024998346667837,0.0,0.0,0.0,0,0.0366
92,1,0.0537,0.009721300179920239,0.3063088988684529,1.0280569874312029,0.9880280702620827,-0.08292073158930424,0.009834204554199671,0.12972267753814035,0.03881821324461938,-0.039370712507489816,0.3628123661781646,0.9416945163492664,0.18139207353382938,-1.1801597711455603,-0.40790277372267686,1.9555178243677538,1.617822275272866,-0.06647650897502899,-0.04923701286315918,-0.002419024705886841,0.0210491344332695,-0.1146206483244896,0.0014030877500772476,0.9817066788673401,-0.06647650897502899,-0.04923701286315918,-0.002419024705886841,0.0210491344332695,-0.1146206483244896,0.0014030877500772476,-1.0,0.05556360823274181,-0.2756041592179484,1.1263999683946322,0.04645925484080393,0.1969109155969336,0.9024998346667837,0.0,0.0,0.0,0,0.0387
93,0,0.0,0.010282879243982006,0.30720852559128764,1.0294978365518477,0.9878310366004632,-0.08403543279768311,0.014336969660802674,0.13008589648499225,0.038856504294833956,-0.03941009471111621,0.36536443229315063,0.9378860427352087,0.17945657661780548,-1.184312122386031,-0.41257310729970065,1.9617505688395307,1.6248125165976923,-0.05533972382545471,-0.034089818596839905,-0.030745819211006165,0.023563247174024582,-0.11051730066537857,0.0025726351886987686,0.9915403127670288,-0.05533972382545471,-0.034089818596839905,-0.030745819211006165,0.023563247174024582,-0.11051730066537857,0.0025726351886987686,-1.0,0.05556360823274181,-0.2756041592179484,1.1263999683946322,0.04645925484080393,0.1969109155969336,0.9024998346667837,0.0,0.0,0.0,0,0.0373
94,0,0.0,0.010756414645677162,0.30789336446678667,1.0304708879332292,0.987658362150934,-0.08504439131601949,0.018886366168750397,0.13016034861646847,0.03889386509706112,-0.03944707746271302,0.3674499198282424,0.9337527521539125,0.1774501496158978,-1.1903774643936251,-0.41718070151392495,1.9700418632484595,1.6317477925908777,-0.025980442762374878,-0.0033181607723236084,-0.03878258168697357,0.014324710704386234,-0.09981139004230499,-2.0526349544525146e-05,1.002662181854248,-0.025980442762374878,-0.0033181607723236084,-0.03878258168697357,0.014324710704386234,-0.09981139004230499,-2.0526349544525146e-05,-1.0,0.05556360823274181,-0.2756041592179484,1.1263999683946322,0.04645925484080393,0.1969109155969336,0.9024998346667837,0.0,0.0,0.0,0,0.0376
95,0,0.0,0.011194654975329461,0.30850327543201117,1.0309605610471755,0.9875136765125937,-0.0859588835338343,0.02357899151838129,0.12989164792692526,0.03892966212866874,-0.039482435031217525,0.36918960355853203,0.9296490892259648,0.17545599908446266,-1.1977899204549036,-0.4219019046005855,1.980295642434099,1.638825997215305,0.013210535049438477,-0.07486571371555328,-0.02754540741443634,0.012457028962671757,-0.10387042909860611,-0.0015418380498886108,1.003211259841919,0.013210535049438477,-0.07486571371555328,-0.02754540741443634,0.012457028962671757,-0.10387042909860611,-0.0015418380498886108,-1.0,0.05556360823274181,-0.2756041592179484,1.1263999683946322,0.04645925484080393,0.1969109155969336,0.9024998346667837,0.0,0.0,0.0,0,0.0373
96,1,0.0536,0.011838471350825393,0.30863503140673904,1.031244302985319,0.9873139992675702,-0.08700579989705948,0.02858816346867272,0.12970649383911348,0.038962860676166756,-0.0395173419642431,0.37049649189835465,0.9254387403378189,0.17301853121004443,-1.2059970076769346,-0.4272265999069961,1.9916806682129742,1.6461517083198836,-0.08712051808834076,-0.05845162272453308,-0.09093096852302551,0.022013690322637558,-0.19342142343521118,-0.001214573159813881,1.0030794143676758,-0.08712051808834076,-0.05845162272453308,-0.09093096852302551,0.022013690322637558,-0.19342142343521118,-0.001214573159813881,-1.0,0.05556360823274181,-0.2756041592179484,1.1263999683946322,0.04645925484080393,0.1969109155969336,0.9024998346667837,0.0,0.0,0.0,0,0.0389
97,0,0.0,0.013024669190532606,0.3085645986889746,1.0318569216034725,0.9870098117357611,-0.08836300261782642,0.03521722696321107,0.1294733881178664,0.038995909012076044,-0.03954948136781897,0.3717343238740042,0.9204249324210184,0.17014463726038284,-1.2153146144832574,-0.4348091885402374,2.0058652176115968,1.6554594549581798,-0.051063358783721924,-0.05686287581920624,-0.06400614976882935,0.017996177077293396,-0.1813320517539978,0.000750148668885231,0.997119665145874,-0.051063358783721924,-0.05686287581920624,-0.06400614976882935,0.017996177077293396,-0.1813320517539978,0.000750148668885231,-1.0,0.05556360823274181,-0.2756041592179484,1.1263999683946322,0.04645925484080393,0.1969109155969336,0.9024998346667837,0.0,0.0,0.0,0,0.0381
98,0,0.0,0.01417417238612724,0.30866629963015396,1.0325264742741653,0.9865858835497583,-0.08989694215271088,0.04310626099864676,0.12926207655244726,0.03902763801888991,-0.03958014471467691,0.37315003407274383,0.914320476198057,0.16733923735544032,-1.2269779312924098,-0.44464372608831054,2.0225797678411803,1.6673378388850109,0.029323145747184753,-0.06047256290912628,-0.07898097485303879,0.022848062217235565,-0.17677080631256104,-0.002364654093980789,1.0088948011398315,0.029323145747184753,-0.06047256290912628,-0.07898097485303879,0.022848062217235565,-0.17677080631256104,-0.002364654093980789,-1.0,0.05556360823274181,-0.2756041592179484,1.1263999683946322,0.04645925484080393,0.1969109155969336,0.9024998346667837,0.0,0.0,0.0,0,0.0382
99,0,0.0,0.015393681112654361,0.30879162627482526,1.032863453320411,0.986110129287843,-0.09152009603229355,0.051727487761595005,0.1285890817605686,0.03905818374773421,-0.039609315420341816,0.3743509635062867,0.9081141819864292,0.16441417316619275,-1.2401368554986139,-0.45545865621181747,2.0422036829116474,1.6805607932831041,0.0034345537424087524,-0.06464974582195282,-0.09576147794723511,0.024255860596895218,-0.16699662804603577,0.0019537881016731262,1.0046147108078003,0.0034345537424087524,-0.06464974582195282,-0.09576147794723511,0.024255860596895218,-0.16699662804603577,0.0019537881016731262,-1.0,0.05556360823274181,-0.2756041592179484,1.1263999683946322,0.04645925484080393,0.1969109155969336,0.9024998346667837,0.0,0.0,0.0,0,0.0372
100,1,0.0531,0.0164703237789227,0.30879826237205443,1.032674105469751,0.9856069915696853,-0.09309602754064294,0.06035806800000721,0.12754956468922793,0.039087235140094594,-0.03963741990433517,0.37520900313276045,0.9019566444689223,0.16145108084515722,-1.2547263038082712,-0.46649641176016776,2.063548121602505,1.694263623677971,-0.009317919611930847,-0.07178528606891632,-0.05735217034816742,0.02458517625927925,-0.05335404351353645,-0.0027604997158050537,0.9949617981910706,-0.009317919611930847,-0.07178528606891632,-0.05735217034816742,0.02458517625927925,-0.05335404351353645,-0.0027604997158050537,-1.0,0.05556360823274181,-0.2756041592179484,1.1263999683946322,0.04645925484080393,0.1969109155969336,0.9024998346667837,0.0,0.0,0.0,0,0.0386
101,0,0.0,0.016182916778273243,0.3087093479496351,1.0316322606267132,0.985249428470446,-0.0943439094186892,0.06624762676943155,0.12646755473904903,0.03911489868396029,-0.039664460003561636,0.3754396918360124,0.8954450707705554,0.1595036238845524,-1.2713589884303933,-0.4743770578028222,2.0822407071188085,1.7059762513983485,-0.036027923226356506,-0.10755576193332672,-0.060413703322410583,0.03806954622268677,-0.08853092044591904,-0.012352919206023216,0.9880666136741638,-0.036027923226356506,-0.10755576193332672,-0.060413703322410583,0.03806954622268677,-0.08853092044591904,-0.012352919206023216,-1.0,0.05556360823274181,-0.2756041592179484,1.1263999683946322,0.04645925484080393,0.1969109155969336,0.9024998346667837,0.0,0.0,0.0,0,0.0375
102,0,0.0,0.015627698570388357,0.3082861967631936,1.0307460413921556,0.9849934132035095,-0.09581674945677449,0.07080901990709408,0.12487277192820473,0.039141109220634046,-0.0396906067563162,0.37486625478665947,0.8883943022553237,0.15774715003721998,-1.2880636197027777,-0.47981112996670156,2.0997366493511964,1.7161132384673274,-0.02196800708770752,-0.05116088688373566,-0.05509623885154724,0.01885358989238739,-0.09142011404037476,-0.008317962288856506,1.0059055089950562,-0.02196800708770752,-0.05116088688373566,-0.05509623885154724,0.01885358989238739,-0.09142011404037476,-0.008317962288856506,-1.0,0.05556360823274181,-0.2756041592179484,1.1263999683946322,0.04645925484080393,0.1969109155969336,0.9024998346667837,0.0,0.0,0.0,0,0.0372
103,0,0.0,0.015428785644616106,0.30760159216645117,1.0302101131193748,0.9846998128252816,-0.09735337062968635,0.07582466454492984,0.12304153808995474,0.03916703179185626,-0.03971479536542495,0.37399532878101627,0.881150937712225,0.15572656859046738,-1.304483044954142,-0.48565464393037205,2.1178614262296884,1.7261287656945623,0.013616085052490234,-0.022918149828910828,-0.038822390139102936,0.014785311184823513,-0.07013872265815735,-0.013731386512517929,1.0093086957931519,0.013616085052490234,-0.022918149828910828,-0.038822390139102936,0.014785311184823513,-0.07013872265815735,-0.013731386512517929,-1.0,0.05556360823274181,-0.2756041592179484,1.1263999683946322,0.04645925484080393,0.1969109155969336,0.9024998346667837,0.0,0.0,0.0,0,0.0377
104,1,0.0534,0.015238689947411755,0.3069543832173502,1.0295370325092736,0.9844009237563346,-0.0986995453294906,0.08082859860751511,0.12116087943957424,0.03919250083942533,-0.039737288089075624,0.37309134382923315,0.874463339046249,0.1538355660223885,-1.3203641173887415,-0.4918202598160852,2.1359810859069803,1.736046020409607,0.01093919575214386,-0.0037977099418640137,0.05147872865200043,0.013815884478390217,0.003228910267353058,-0.03398805856704712,1.013112187385559,0.01093919575214386,-0.0037977099418640137,0.05147872865200043,0.013815884478390217,0.003228910267353058,-0.03398805856704712,-1.0,0.05556360823274181,-0.2756041592179484,1.1263999683946322,0.04645925484080393,0.1969109155969336,0.9024998346667837,0.0,0.0,0.0,0,0.0385
105,0,0.0,0.014305179279570712,0.30640565272295295,1.0286690127581872,0.9841955922533289,-0.10041714087005482,0.08390347604730167,0.11931320428092451,0.03921669372528597,-0.039758999814835785,0.371930273281019,0.867964746428598,0.1528872279688378,-1.3356625009375473,-0.49530621694211363,2.1505530509426896,1.7449860010327223,-0.028019815683364868,0.015109479427337646,0.0195053368806839,0.013120179064571857,-0.02382039465010166,-0.03066384047269821,0.9991357922554016,-0.028019815683364868,0.015109479427337646,0.0195053368806839,0.013120179064571857,-0.02382039465010166,-0.03066384047269821,-1.0,0.05556360823274181,-0.2756041592179484,1.1263999683946322,0.04645925484080393,0.1969109155969336,0.9024998346667837,0.0,0.0,0.0,0,0.0372
106,0,0.0,0.013237698076803469,0.3059485147934312,1.0281825506380973,0.9840397105580161,-0.10243687504740201,0.08599030597038405,0.11738058593539932,0.03924033834405906,-0.03977929099886991,0.3705853366195211,0.8616524328868723,0.1524933274142348,-1.3492690400761589,-0.4972170544646377,2.1625224454021987,1.752954577215397,-0.01640021800994873,0.0026727616786956787,0.01801052689552307,0.009165190160274506,-0.036967769265174866,-0.00605388917028904,1.0059391260147095,-0.01640021800994873,0.0026727616786956787,0.01801052689552307,0.009165190160274506,-0.036967769265174866,-0.00605388917028904,-1.0,0.05556360823274181,-0.2756041592179484,1.1263999683946322,0.04645925484080393,0.1969109155969336,0.9024998346667837,0.0,0.0,0.0,0,0.0371
107,0,0.0,0.012545775181216181,0.3055648573988452,1.0280380193271152,0.9838793647268487,-0.10381276678278328,0.08853509728775213,0.11561073335051018,0.03926323389537978,-0.03979844623847998,0.3693550659233788,0.8558376793918341,0.1521259882376289,-1.3613047272163474,-0.5001728204701005,2.174030266504144,1.7598890266844307,0.012380808591842651,0.0030162781476974487,-0.061456479132175446,0.009563438594341278,-0.07222773879766464,-0.007517094723880291,0.9988052845001221,0.012380808591842651,0.0030162781476974487,-0.061456479132175446,0.009563438594341278,-0.07222773879766464,-0.007517094723880291,-1.0,0.05556360823274181,-0.2756041592179484,1.1263999683946322,0.04645925484080393,0.1969109155969336,0.9024998346667837,0.0,0.0,0.0,0,0.037
108,1,0.0534,0.012535105471573719,0.3051534710317392,1.0278168569553263,0.9836551016979831,-0.1046332795863048,0.09222377544088337,0.11388280357443534,0.039285562923919576,-0.03981636411000562,0.3682942353288921,0.8513415526338821,0.15122733025852494,-1.3717559828314985,-0.5051909866978497,2.187094331547944,1.766901274782098,0.08851594477891922,0.0054373592138290405,0.13780508935451508,0.0006643603555858135,0.03365200012922287,-0.06234271451830864,1.006712794303894,0.08851594477891922,0.0054373592138290405,0.13780508935451508,0.0006643603555858135,0.03365200012922287,-0.06234271451830864,-1.0,0.05556360823274181,-0.2756041592179484,1.1263999683946322,0.04645925484080393,0.1969109155969336,0.9024998346667837,0.0,0.0,0.0,0,0.0392
109,0,0.0,0.012088735151912687,0.3045202696770294,1.0273449991540937,0.9833768150236257,-0.10673332949705655,0.09441951868017674,0.11252995397077492,0.03930586035577516,-0.03983458770431738,0.36705736842055003,0.8472876085790074,0.15070078449667296,-1.381225140663887,-0.507869439320143,2.1964190951999085,1.7746345448498066,0.12328596413135529,0.02287786453962326,0.0567142516374588,-0.00010785041376948357,0.015875019133090973,-0.05289147049188614,1.017788052558899,0.12328596413135529,0.02287786453962326,0.0567142516374588,-0.00010785041376948357,0.015875019133090973,-0.05289147049188614,-1.0,0.05556360823274181,-0.2756041592179484,1.1263999683946322,0.04645925484080393,0.1969109155969336,0.9024998346667837,0.0,0.0,0.0,0,0.0381
110,0,0.0,0.011852016970930107,0.30383048728540957,1.027045239696252,0.9831203747226651,-0.10976454184985723,0.09547318640460245,0.11095469722101917,0.039326730590049,-0.03985058835135158,0.36550091140161567,0.8445552282284754,0.15042005456011842,-1.3875329427952938,-0.5079790098107602,2.2030074225708867,1.7813013312192678,0.14954625070095062,-0.009818509221076965,-0.05247901380062103,0.004689132794737816,0.007034626789391041,-0.02733473666012287,1.0167433023452759,0.14954625070095062,-0.009818509221076965,-0.05247901380062103,0.004689132794737816,0.007034626789391041,-0.02733473666012287,-1.0,0.05556360823274181,-0.2756041592179484,1.1263999683946322,0.04645925484080393,0.1969109155969336,0.9024998346667837,0.0,0.0,0.0,0,0.0377
111,0,0.0,0.01236609265257482,0.3031117044082096,1.0261040555975425,0.982940151094967,-0.1120528285539763,0.09670949619303656,0.10917919364304066,0.039347019504177703,-0.03986558921122713,0.3638466798222557,0.844741678679715,0.14976064965782632,-1.3906147043038661,-0.5081647720912377,2.2102828972130326,1.7857649059727814,0.15475822985172272,-0.003977492451667786,-0.14977291226387024,-0.00134857720695436,-0.011590186506509781,-0.02086668089032173,0.9962578415870667,0.15475822985172272,-0.003977492451667786,-0.14977291226387024,-0.00134857720695436,-0.011590186506509781,-0.02086668089032173,-1.0,0.05556360823274181,-0.2756041592179484,1.1263999683946322,0.04645925484080393,0.1969109155969336,0.9024998346667837,0.0,0.0,0.0,0,0.0375
112,1,0.0547,0.013518855290523699,0.30222855292102657,1.0242329674299355,0.982801917002336,-0.1134962925060159,0.09827897750470367,0.10751849191906962,0.039366463803237335,-0.039879919676211364,0.36226099884253976,0.847837693959673,0.14844856108461552,-1.3911794299214093,-0.5092764605181259,2.218677896445403,1.7887261187040713,0.019910410046577454,0.020023874938488007,0.016455426812171936,-0.0003668079152703285,0.0021099047735333443,-0.05206165462732315,1.0105328559875488,0.019910410046577454,0.020023874938488007,0.016455426812171936,-0.0003668079152703285,0.0021099047735333443,-0.05206165462732315,-1.0,0.05556360823274181,-0.2756041592179484,1.1263999683946322,0.04645925484080393,0.1969109155969336,0.9024998346667837,0.0,0.0,0.0,0,0.0409
113,0,0.0,0.014151474383303532,0.3014243688096567,1.022746744305866,0.9825831378507488,-0.11553975999588328,0.09895777204343426,0.10671598017011788,0.03938448543737469,-0.03989422320566147,0.3610789219289613,0.8500575783907494,0.14774611199050094,-1.3913902789117523,-0.5098058443256704,2.222808364648372,1.7926711478247135,0.021407991647720337,-0.002650916576385498,-0.004180297255516052,0.0009461063891649246,-0.0030609024688601494,-0.029700908809900284,1.0072264671325684,0.021407991647720337,-0.002650916576385498,-0.004180297255516052,0.0009461063891649246,-0.0030609024688601494,-0.029700908809900284,-1.0,0.05556360823274181,-0.2756041592179484,1.1263999683946322,0.04645925484080393,0.1969109155969336,0.9024998346667837,0.0,0.0,0.0,0,0.037
114,0,0.0,0.0143192226551359,0.30100441206544737,1.0223088335556239,0.9823325191223458,-0.11783967210043311,0.09909217725770444,0.10638314697514398,0.039402530487698845,-0.03990711715784081,0.3603053508917489,0.8506622138226453,0.14781854942765096,-1.3914844790010363,-0.5098694954678383,2.223624128386704,1.7968337334589066,0.013694733381271362,-0.0054508596658706665,-0.012906312942504883,0.00241765845566988,-0.012885120697319508,-0.01667812094092369,1.0014476776123047,0.013694733381271362,-0.0054508596658706665,-0.012906312942504883,0.00241765845566988,-0.012885120697319508,-0.01667812094092369,-1.0,0.05556360823274181,-0.2756041592179484,1.1263999683946322,0.04645925484080393,0.1969109155969336,0.9024998346667837,0.0,0.0,0.0,0,0.0369
115,0,0.0,0.01454507936031365,0.3007761343293064,1.022139632786051,0.9821311388954588,-0.11941650879978172,0.09946620327746193,0.10613480976355562,0.03941982548871416,-0.03991943318692261,0.359779998344922,0.8510693006147395,0.14793395305531243,-1.3913510433794842,-0.510435238517084,2.2243682022821933,1.8000227661888035,0.02295905351638794,0.015047527849674225,0.005139186978340149,1.939292997121811e-05,-0.01468128152191639,-0.003626324236392975,0.9836138486862183,0.02295905351638794,0.015047527849674225,0.005139186978340149,1.939292997121811e-05,-0.01468128152191639,-0.003626324236392975,-1.0,0.05556360823274181,-0.2756041592179484,1.1263999683946322,0.04645925484080393,0.1969109155969336,0.9024998346667837,0.0,0.0,0.0,0,0.0367
116,1,0.0535,0.014851218838686762,0.30074625951226,1.0221416141926092,0.9819885159999329,-0.12021583173325512,0.10017083855592568,0.1058891465067732,0.039436547155285225,-0.03993105165554208,0.3594797529052476,0.8513761941015726,0.14807313779386846,-1.3911043586726033,-0.5116130716111745,2.2254822843033035,1.802262925671244,0.012713596224784851,0.03496060520410538,0.19164346158504486,0.0002648327499628067,0.021932736039161682,-0.044528037309646606,1.0113227367401123,0.012713596224784851,0.03496060520410538,0.19164346158504486,0.0002648327499628067,0.021932736039161682,-0.044528037309646606,-1.0,0.05556360823274181,-0.2756041592179484,1.1263999683946322,0.04645925484080393,0.1969109155969336,0.9024998346667837,0.0,0.0,0.0,0,0.0391
117,0,0.0,0.014756678609759315,0.30082599501422336,1.0229486954514604,0.9818169973535577,-0.12165889129351631,0.10011946842137193,0.10588007329000787,0.03945164448455666,-0.03994307910906479,0.35924632367257603,0.8500403964065028,0.1488031408452873,-1.391055971763345,-0.5112629840375456,2.2234121008251284,1.8048411049573705,0.12319442629814148,0.017414942383766174,0.1709708422422409,-0.0010757483541965485,0.055110055953264236,-0.05254875868558884,1.006569266319275,0.12319442629814148,0.017414942383766174,0.1709708422422409,-0.0010757483541965485,0.055110055953264236,-0.05254875868558884,-1.0,0.05556360823274181,-0.2756041592179484,1.1263999683946322,0.04645925484080393,0.1969109155969336,0.9024998346667837,0.0,0.0,0.0,0,0.0385
118,0,0.0,0.01462294963545114,0.30084635767679563,1.0241931856298554,0.9816336279603471,-0.1241667221918894,0.0991062219239539,0.10562197845849781,0.03946652614516157,-0.039954160614504936,0.3586829670492633,0.848641602536848,0.14979466881765394,-1.3897495529701438,-0.5083053045025667,2.219148400588238,1.8070298594769902,0.187775656580925,-0.024135366082191467,0.05423879623413086,-0.002422335557639599,0.06869490444660187,-0.046934474259614944,1.0060657262802124,0.187775656580925,-0.024135366082191467,0.05423879623413086,-0.002422335557639599,0.06869490444660187,-0.046934474259614944,-1.0,0.05556360823274181,-0.2756041592179484,1.1263999683946322,0.04645925484080393,0.1969109155969336,0.9024998346667837,0.0,0.0,0.0,0,0.0378
119,0,0.0,0.015061878371961306,0.3003885813126189,1.0244668330747246,0.9815322771483618,-0.12676680545093583,0.09746532404711317,0.10500036457130302,0.039480693883884484,-0.0399648426588159,0.35754682388609377,0.8501158160979558,0.15011227007596023,-1.3858593080723045,-0.5035178836894395,2.2153932933902487,1.8070288647569306,0.29831862449645996,0.002526313066482544,-0.030720114707946777,-0.006536983884871006,0.05406198278069496,-0.027496928349137306,1.0018119812011719,0.29831862449645996,0.002526313066482544,-0.030720114707946777,-0.006536983884871006,0.05406198278069496,-0.027496928349137306,-1.0,0.05556360823274181,-0.2756041592179484,1.1263999683946322,0.04645925484080393,0.1969109155969336,0.9024998346667837,0.0,0.0,0.0,0,0.0387
120,1,0.0537,0.01666874194276845,0.2996147998691066,1.0235625021300703,0.9815260656776839,-0.1286716621643283,0.09633817215609963,0.10377447825345851,0.03949535960194976,-0.03997396055718363,0.3560293008643152,0.8556791892157116,0.14943642544301394,-1.378203866048846,-0.4987529391204941,2.2143869972418337,1.804568667190792,0.11199240386486053,0.013945914804935455,0.13553594052791595,0.0005128849297761917,-0.0015108613297343254,-0.03563949838280678,1.0127403736114502,0.11199240386486053,0.013945914804935455,0.13553594052791595,0.0005128849297761917,-0.0015108613297343254,-0.03563949838280678,-1.0,0.05556360823274181,-0.2756041592179484,1.1263999683946322,0.04645925484080393,0.1969109155969336,0.9024998346667837,0.0,0.0,0.0,0,0.0396
121,0,0.0,0.018688032112106137,0.29885432915375737,1.0235670237290673,0.9814275676563828,-0.13046720150143554,0.09575054841602221,0.1030052001332446,0.03950836811425163,-0.03998371506768796,0.35483253477348997,0.8605879540846235,0.14880429031693057,-1.3689406805666988,-0.49495797910757033,2.211101052365421,1.8021928001783973,0.2363247275352478,0.04334205389022827,0.002703949809074402,-0.0006381603889167309,-0.0005037710070610046,-0.042341526597738266,1.0037219524383545,0.2363247275352478,0.04334205389022827,0.002703949809074402,-0.0006381603889167309,-0.0005037710070610046,-0.042341526597738266,-1.0,0.05556360823274181,-0.2756041592179484,1.1263999683946322,0.04645925484080393,0.1969109155969336,0.9024998346667837,0.0,0.0,0.0,0,0.0384
122,0,0.0,0.020989016534852033,0.29851661729669665,1.0241428677630935,0.9811987255259351,-0.13262868749765916,0.09608887999614504,0.10210592255111703,0.03952244585501145,-0.03999142476741917,0.3541122965297423,0.8656807315445941,0.1482086467857773,-1.3585842477620658,-0.49240438258342045,2.208263114260111,1.8016425668545075,0.3596072793006897,0.09295666962862015,-0.0846412405371666,-0.0011381106451153755,0.005636830814182758,-0.048890210688114166,1.0363034009933472,0.3596072793006897,0.09295666962862015,-0.0846412405371666,-0.0011381106451153755,0.005636830814182758,-0.048890210688114166,-1.0,0.05556360823274181,-0.2756041592179484,1.1263999683946322,0.04645925484080393,0.1969109155969336,0.9024998346667837,0.0,0.0,0.0,0,0.0388
123,0,0.0,0.024118236258622604,0.2984129729660959,1.023200672954196,0.9809323767099122,-0.13494089295789763,0.09739906949535765,0.10037952476180342,0.03953631881101637,-0.03999840525654771,0.353612910894983,0.8750421350653783,0.14686261347608381,-1.3452450983689894,-0.4906705791006498,2.2092900997279408,1.8020468277491088,0.3904420733451843,0.14095713198184967,-0.046426594257354736,-0.002142965095117688,0.015694208443164825,-0.05528804659843445,1.0155531167984009,0.3904420733451843,0.14095713198184967,-0.046426594257354736,-0.002142965095117688,0.015694208443164825,-0.05528804659843445,-1.0,0.05556360823274181,-0.2756041592179484,1.1263999683946322,0.04645925484080393,0.1969109155969336,0.9024998346667837,0.0,0.0,0.0,0,0.0384
124,1,0.0536,0.027716737710115808,0.2985771458230579,1.0213057219424697,0.9806371889607924,-0.1375151491863273,0.09887870971825893,0.09830202508488205,0.039549434733610875,-0.04000289117304223,0.35343240172357315,0.8875985214372641,0.14531130886621998,-1.3286461952914639,-0.4887729579684831,2.210875226534084,1.802806206284618,0.0691753551363945,-0.0023495107889175415,0.16867287456989288,-0.000380566343665123,0.0202704556286335,-0.016007455065846443,1.0026826858520508,0.0691753551363945,-0.0023495107889175415,0.16867287456989288,-0.000380566343665123,0.0202704556286335,-0.016007455065846443,-1.0,0.05556360823274181,-0.2756041592179484,1.1263999683946322,0.04645925484080393,0.1969109155969336,0.9024998346667837,0.0,0.0,0.0,0,0.0391
125,0,0.0,0.02991836815195001,0.29873818332019986,1.020897768106073,0.9804104202395721,-0.1396728183874017,0.09816626906402788,0.09823591658570276,0.039559022627133976,-0.040005780823518924,0.3537370887228512,0.8962161131924653,0.1451717388274727,-1.3133840108573271,-0.4857309925873451,2.2033228310586455,1.8017755307096188,0.05241423845291138,-0.010968834161758423,0.1319599598646164,-0.00039333663880825043,0.010175791569054127,-0.007567892782390118,0.9951853156089783,0.05241423845291138,-0.010968834161758423,0.1319599598646164,-0.00039333663880825043,0.010175791569054127,-0.007567892782390118,-1.0,0.05556360823274181,-0.2756041592179484,1.1263999683946322,0.04645925484080393,0.1969109155969336,0.9024998346667837,0.0,0.0,0.0,0,0.0374
126,0,0.0,0.03113218040762056,0.2990306729727889,1.0225664191650914,0.9803016276090182,-0.14085657438799615,0.09646315550408921,0.09931265774804844,0.03956994184957957,-0.04000648528801343,0.3543244675237524,0.9003077229894476,0.14601414802952054,-1.3004373852591475,-0.4823992579785478,2.1908726358325814,1.7987861493922546,0.014762699604034424,0.009801939129829407,0.04732288420200348,0.0019724974408745766,-0.021081117913126945,-0.008561791852116585,0.9966134428977966,0.014762699604034424,0.009801939129829407,0.04732288420200348,0.0019724974408745766,-0.021081117913126945,-0.008561791852116585,-1.0,0.05556360823274181,-0.2756041592179484,1.1263999683946322,0.04645925484080393,0.1969109155969336,0.9024998346667837,0.0,0.0,0.0,0,0.037
127,0,0.0,0.03238091130780588,0.29943661904796753,1.0244593523733592,0.9801939026074964,-0.14162902766251123,0.09550659208409562,0.10019791755789485,0.03958090997412197,-0.04000661216315762,0.35511749893794203,0.9036748089230887,0.14660032787476465,-1.2887064890683328,-0.4801766898513804,2.1803027938500015,1.7962248199307085,0.029043301939964294,0.04086148738861084,0.004889845848083496,0.00010025268420577049,-0.013930190354585648,-0.003212900832295418,1.0009863376617432,0.029043301939964294,0.04086148738861084,0.004889845848083496,0.00010025268420577049,-0.013930190354585648,-0.003212900832295418,-1.0,0.05556360823274181,-0.2756041592179484,1.1263999683946322,0.04645925484080393,0.1969109155969336,0.9024998346667837,0.0,0.0,0.0,0,0.0373
128,1,0.0532,0.03351125608979455,0.30006473671727224,1.0257009307304055,0.9800890049577281,-0.14214995769295402,0.09516501788143505,0.1008094800129784,0.03959166173905156,-0.040006568595815584,0.35619767624886967,0.9074391446226423,0.14696113436518443,-1.2783743221649362,-0.47909894969093675,2.172586206732718,1.7947646758669178,0.0715271383523941,-0.02889201045036316,0.17249096930027008,0.010643278248608112,0.002907847985625267,-0.032956186681985855,1.0115042924880981,0.0715271383523941,-0.02889201045036316,0.17249096930027008,0.010643278248608112,0.002907847985625267,-0.032956186681985855,-1.0,0.05556360823274181,-0.2756041592179484,1.1263999683946322,0.04645925484080393,0.1969109155969336,0.9024998346667837,0.0,0.0,0.0,0,0.0379
129,0,0.0,0.03450452465982876,0.3004754961424785,1.0272091715575233,0.9798791981954108,-0.1434761667620677,0.0947230224211656,0.10138488811741357,0.039600173468167306,-0.04000731846920531,0.357152371266347,0.9100604681030909,0.14708236017241835,-1.2690641449992703,-0.47737418404124576,2.1645181138213108,1.7945143709080746,0.07678363472223282,-0.022442638874053955,0.1182032972574234,0.0015855245292186737,0.008484588004648685,-0.0224163681268692,1.0117158889770508,0.07678363472223282,-0.022442638874053955,0.1182032972574234,0.0015855245292186737,0.008484588004648685,-0.0224163681268692,-1.0,0.05556360823274181,-0.2756041592179484,1.1263999683946322,0.04645925484080393,0.1969109155969336,0.9024998346667837,0.0,0.0,0.0,0,0.0375
130,0,0.0,0.03547813522515307,0.3005842749439895,1.0290801839581771,0.9796342154576346,-0.14527015201486565,0.09403348741346285,0.10183854910172044,0.039609058670454084,-0.04000737642265225,0.3577943098936867,0.9118611340056105,0.14701750024076918,-1.2603407963481348,-0.4747400995970269,2.1561721757192704,1.79412110690995,0.10476043820381165,-0.04015795886516571,0.09206147491931915,0.0011898777447640896,0.021050766110420227,-0.015448549762368202,1.015412449836731,0.10476043820381165,-0.04015795886516571,0.09206147491931915,0.0011898777447640896,0.021050766110420227,-0.015448549762368202,-1.0,0.05556360823274181,-0.2756041592179484,1.1263999683946322,0.04645925484080393,0.1969109155969336,0.9024998346667837,0.0,0.0,0.0,0,0.037
131,0,0.0,0.03646972849714512,0.30048729006985403,1.0304576328948474,0.9794799059760999,-0.14661623045319988,0.09317683825361216,0.10218058313497647,0.03961763439675126,-0.040007377141922255,0.3581595054026046,0.914236988966503,0.1467412300262757,-1.251911536966129,-0.47183033729330676,2.1488407131003866,1.7925523105876062,0.12066741287708282,-0.02115859091281891,0.0684768557548523,0.00017295032739639282,0.022212542593479156,-0.01620396226644516,1.0118563175201416,0.12066741287708282,-0.02115859091281891,0.0684768557548523,0.00017295032739639282,0.022212542593479156,-0.01620396226644516,-1.0,0.05556360823274181,-0.2756041592179484,1.1263999683946322,0.04645925484080393,0.1969109155969336,0.9024998346667837,0.0,0.0,0.0,0,0.0372
132,1,0.0544,0.03760477728022671,0.3002416057864653,1.0313718364300417,0.9794017054258097,-0.1476497699261402,0.09227060735712689,0.10226426486177284,0.03962611079647193,-0.040007259530020545,0.3582719242508873,0.9174337957885332,0.14624355549419166,-1.2432830981096132,-0.4685819138232917,2.1426586065999578,1.7900334493549692,-0.013018488883972168,0.0030885636806488037,0.03731410205364227,0.03684479370713234,-0.0936075821518898,-0.01860871911048889,1.0022234916687012,-0.013018488883972168,0.0030885636806488037,0.03731410205364227,0.03684479370713234,-0.0936075821518898,-0.01860871911048889,-1.0,0.05556360823274181,-0.2756041592179484,1.1263999683946322,0.04645925484080393,0.1969109155969336,0.9024998346667837,0.0,0.0,0.0,0,0.038
133,0,0.0,0.03932409403348931,0.300400268341694,1.033010693728144,0.9791919810212988,-0.14904026019160105,0.09309497590121045,0.10150561860092513,0.03963534179192651,-0.040006715663734226,0.35864172669182814,0.9198757895989621,0.14557200473594292,-1.2347925260807227,-0.4668666686788115,2.139493481705276,1.789714012674947,-0.059488579630851746,-0.022173061966896057,-0.04951547086238861,0.04166260361671448,-0.11344949901103973,-0.01600925251841545,1.004979133605957,-0.059488579630851746,-0.022173061966896057,-0.04951547086238861,0.04166260361671448,-0.11344949901103973,-0.01600925251841545,-1.0,0.05556360823274181,-0.2756041592179484,1.1263999683946322,0.04645925484080393,0.1969109155969336,0.9024998346667837,0.0,0.0,0.0,0,0.0373
134,0,0.0,0.040993593102458606,0.30095008919183786,1.0348654188729645,0.9787949157662907,-0.1508662802137261,0.09545875697250401,0.10043656745327331,0.03964341174950951,-0.04000677024532175,0.35950304491002555,0.9209096691008916,0.14472352960891477,-1.2290857813515197,-0.4674340018249717,2.1396478122773543,1.7929063538664707,-0.03393073379993439,-0.0690150111913681,-0.12521769106388092,0.03927343711256981,-0.0940941646695137,-0.013547413982450962,1.002773642539978,-0.03393073379993439,-0.0690150111913681,-0.12521769106388092,0.03927343711256981,-0.0940941646695137,-0.013547413982450962,-1.0,0.05556360823274181,-0.2756041592179484,1.1263999683946322,0.04645925484080393,0.1969109155969336,0.9024998346667837,0.0,0.0,0.0,0,0.0369
135,0,0.0,0.042207613000424415,0.301362079686832,1.0356479042824602,0.9783355553332385,-0.15275945061383117,0.09809038963111558,0.09951063702428944,0.0396506769610564,-0.04000699861910385,0.360439105301821,0.9216958470567803,0.14343937885630095,-1.2268023106219934,-0.4691799837005795,2.1428642880029574,1.797959344104187,-0.025751739740371704,-0.06469735503196716,-0.1617128998041153,0.02942834421992302,-0.10975251346826553,-0.006675766780972481,1.0071609020233154,-0.025751739740371704,-0.06469735503196716,-0.1617128998041153,0.02942834421992302,-0.10975251346826553,-0.006675766780972481,-1.0,0.05556360823274181,-0.2756041592179484,1.1263999683946322,0.04645925484080393,0.1969109155969336,0.9024998346667837,0.0,0.0,0.0,0,0.0374
136,1,0.0535,0.043387165467466196,0.301471350805256,1.035532464364916,0.9778339836624284,-0.15440639420001673,0.10137503936166366,0.09860257207312328,0.039657927349674445,-0.040006980735404214,0.36130858544084316,0.9225437421117187,0.14144634805797437,-1.2269950894899648,-0.47238894644776297,2.1495945347910075,1.803992270155941,-0.0400155633687973,0.015963397920131683,-0.006949692964553833,0.02741030603647232,-0.06200835853815079,-0.05847388133406639,0.9938786625862122,-0.0400155633687973,0.015963397920131683,-0.006949692964553833,0.02741030603647232,-0.06200835853815079,-0.05847388133406639,-1.0,0.05556360823274181,-0.2756041592179484,1.1263999683946322,0.04645925484080393,0.1969109155969336,0.9024998346667837,0.0,0.0,0.0,0,0.0392
137,0,0.0,0.04395288675310169,0.301675748465269,1.035399740326082,0.9771984979035208,-0.15711304688719008,0.1041712170828517,0.09770846291085744,0.039665000999746625,-0.04000690618383634,0.362253676836796,0.9220159485894528,0.13980435486138099,-1.2292726334618649,-0.4749521259654053,2.155644245587883,1.8125659633184277,-0.08337953686714172,-0.02532559633255005,-0.04685349762439728,0.02412021905183792,-0.07751541584730148,-0.03718489408493042,0.9929998517036438,-0.08337953686714172,-0.02532559633255005,-0.04685349762439728,0.02412021905183792,-0.07751541584730148,-0.03718489408493042,-1.0,0.05556360823274181,-0.2756041592179484,1.1263999683946322,0.04645925484080393,0.1969109155969336,0.9024998346667837,0.0,0.0,0.0,0,0.038
138,0,0.0,0.04400515473304466,0.30199285223124717,1.0356882039248265,0.9764673931052462,-0.16051755330457268,0.10651666835921486,0.09695228024656985,0.039671790325234456,-0.04000686411584187,0.36328691692014453,0.9199386521558541,0.13853554466103754,-1.2330397232775472,-0.4772655810000504,2.1605074574234817,1.8225237238187448,-0.06639476120471954,-0.003690287470817566,-0.05055690556764603,0.012460465542972088,-0.08105241507291794,-0.004425143823027611,0.9940338134765625,-0.06639476120471954,-0.003690287470817566,-0.05055690556764603,0.012460465542972088,-0.08105241507291794,-0.004425143823027611,-1.0,0.05556360823274181,-0.2756041592179484,1.1263999683946322,0.04645925484080393,0.1969109155969336,0.9024998346667837,0.0,0.0,0.0,0,0.0384
139,0,0.0,0.04401762981010454,0.30239840857705325,1.0360263384414399,0.9758427861669994,-0.16266271552238215,0.10946187495870308,0.09638358571477117,0.03967905205755418,-0.04000651232900655,0.36446584986125774,0.9172478191811377,0.13727600324318442,-1.2381212116898692,-0.4812652448458921,2.1668045571624166,1.8314001760513925,-0.02694419026374817,0.05356213450431824,-0.10240460932254791,0.007479649968445301,-0.10273276269435883,-0.0017336029559373856,0.290779173374176,-0.02694419026374817,0.05356213450431824,-0.10240460932254791,0.007479649968445301,-0.10273276269435883,-0.0017336029559373856,1.0,0.05556360823274181,-0.2756041592179484,1.1263999683946322,0.04645925484080393,0.1969109155969336,0.9024998346667837,0.0,0.0,0.0,0,0.0386
140,1,0.0534,0.044372871553546606,0.3030468899760538,1.03606567772529,0.9752788258442537,-0.1636566434000694,0.11368166398573509,0.09552064805218638,0.03928667750588325,-0.03960276827054677,0.36586104766609573,0.9151774574795319,0.1357540155842145,-1.2436250796806008,-0.4875074414903657,2.1764861343242186,1.8401311367337956,-0.008183300495147705,-0.008894070982933044,-0.03602254390716553,0.0068436432629823685,-0.03648558631539345,-0.01390362624078989,0.9846581816673279,-0.008183300495147705,-0.008894070982933044,-0.03602254390716553,0.0068436432629823685,-0.03648558631539345,-0.01390362624078989,-1.0,0.05556360823274181,-0.2756041592179484,1.1263999683946322,0.04645925484080393,0.1969109155969336,0.9024998346667837,0.0,0.0,0.0,0,0.0396
141,0,0.0,0.04426552853743328,0.30354096600411645,1.0354189444272646,0.9747509220549595,-0.1646765559138511,0.11713593205325079,0.09498128924884966,0.038537471352172885,-0.03887016997763928,0.3671272528033492,0.9132881360275263,0.13436894931343618,-1.2501524112905278,-0.49326048203870987,2.1854427181454845,1.8488891841757824,-0.008896395564079285,-0.004225209355354309,-0.017517834901809692,0.007307972759008408,-0.03204676881432533,-0.015567866154015064,1.009446620941162,-0.008896395564079285,-0.004225209355354309,-0.017517834901809692,0.007307972759008408,-0.03204676881432533,-0.015567866154015064,-1.0,0.05556360823274181,-0.2756041592179484,1.1263999683946322,0.04645925484080393,0.1969109155969336,0.9024998346667837,0.0,0.0,0.0,0,0.0376
142,0,0.0,0.04385867809172042,0.30378526125480776,1.0348008221713145,0.9742940125639479,-0.16594493461631782,0.11950167314479285,0.09451352216916864,0.03862984338746699,-0.03896110264627142,0.3679679508984671,0.9110057110057659,0.1332548311967524,-1.2567932610073753,-0.49732944863694956,2.1927249393003776,1.8566114969636711,0.0012071728706359863,-0.01789616048336029,-0.010139882564544678,0.01023442205041647,-0.029841557145118713,-0.017373545095324516,1.003043293952942,0.0012071728706359863,-0.01789616048336029,-0.010139882564544678,0.01023442205041647,-0.029841557145118713,-0.017373545095324516,-1.0,0.05556360823274181,-0.2756041592179484,1.1263999683946322,0.04645925484080393,0.1969109155969336,0.9024998346667837,0.0,0.0,0.0,0,0.0372
143,0,0.0,0.04356202007442163,0.3038641079296347,1.0344119460360117,0.9738660521599727,-0.16731107635625764,0.12158342397491223,0.09385833576937369,0.03872066308469415,-0.03904851776675185,0.368456846531871,0.9086093387978416,0.13219082533214843,-1.262981431402984,-0.5004884296026886,2.199489033620534,1.863482610509974,0.01576237380504608,-0.013705059885978699,-0.00286044180393219,0.012179072014987469,-0.028178710490465164,-0.03167352452874184,1.0129055976867676,0.01576237380504608,-0.013705059885978699,-0.00286044180393219,0.012179072014987469,-0.028178710490465164,-0.03167352452874184,-1.0,0.05556360823274181,-0.2756041592179484,1.1263999683946322,0.04645925484080393,0.1969109155969336,0.9024998346667837,0.0,0.0,0.0,0,0.0378
144,1,0.0533,0.04344354951887922,0.30375041478423376,1.0341459662767398,0.9734011880162454,-0.16909353889813028,0.12349643633236067,0.09298458197289809,0.03877559277361972,-0.03910046762433387,0.36862671195441005,0.906372088282348,0.13105975309572263,-1.2685331958170392,-0.5028324792254545,2.205954872834725,1.8702391431899676,0.00781393051147461,0.014256887137889862,0.06381531059741974,0.0042164502665400505,0.00801795069128275,-0.03515883535146713,0.9944576025009155,0.00781393051147461,0.014256887137889862,0.06381531059741974,0.0042164502665400505,0.00801795069128275,-0.03515883535146713,-1.0,0.05556360823274181,-0.2756041592179484,1.1263999683946322,0.04645925484080393,0.1969109155969336,0.9024998346667837,0.0,0.0,0.0,0,0.0391
145,0,0.0,0.04304806748441821,0.3036209982135314,1.0339813691624995,0.9729792440064522,-0.1712033145947836,0.12447842198159514,0.0922276437157698,0.03882155642104826,-0.03914573825114158,0.3686261205789243,0.9039424196485389,0.1304199061075274,-1.273688684308681,-0.5037056100270977,2.210228679106282,1.876360122053605,-0.00625060498714447,-0.015500441193580627,0.00023408234119415283,0.004500322975218296,-0.001877330243587494,-0.022697191685438156,1.0113292932510376,-0.00625060498714447,-0.015500441193580627,0.00023408234119415283,0.004500322975218296,-0.001877330243587494,-0.022697191685438156,-1.0,0.05556360823274181,-0.2756041592179484,1.1263999683946322,0.04645925484080393,0.1969109155969336,0.9024998346667837,0.0,0.0,0.0,0,0.0373
146,0,0.0,0.04256793955910464,0.3034531901490476,1.0338709560348143,0.9726581071973049,-0.17302457662729442,0.124877295880803,0.0916753148879193,0.038865662574201106,-0.039188816532494605,0.3685117748918393,0.901738880184946,0.13000732900443657,-1.2780994794066838,-0.5038803958117358,2.213129814644199,1.8810540026805975,0.016037598252296448,-0.023698821663856506,-0.03668291121721268,0.006850247271358967,-0.00861465372145176,-0.01878529228270054,0.9931257367134094,0.016037598252296448,-0.023698821663856506,-0.03668291121721268,0.006850247271358967,-0.00861465372145176,-0.01878529228270054,-1.0,0.05556360823274181,-0.2756041592179484,1.1263999683946322,0.04645925484080393,0.1969109155969336,0.9024998346667837,0.0,0.0,0.0,0,0.0377
147,0,0.0,0.042388961153994806,0.30315923306892495,1.033504022416422,0.972390154274083,-0.1744340410072548,0.12545020407055696,0.09106261311514746,0.03890820624774189,-0.039229716049706015,0.36826261280713407,0.9005174201902352,0.12935034610935106,-1.2815805272458267,-0.5042160492259211,2.216708435743433,1.8847642565019704,0.043648459017276764,-0.01917220652103424,0.015586376190185547,0.00504992064088583,0.0023846570402383804,-0.014545454643666744,1.002081274986267,0.043648459017276764,-0.01917220652103424,0.015586376190185547,0.00504992064088583,0.0023846570402383804,-0.014545454643666744,-1.0,0.05556360823274181,-0.2756041592179484,1.1263999683946322,0.04645925484080393,0.1969109155969336,0.9024998346667837,0.0,0.0,0.0,0,0.0374
148,1,0.0535,0.04242219798626243,0.30281037913557785,1.0330983493644856,0.9721776171579477,-0.1755535038846443,0.12602283103605114,0.09038746610330867,0.03894890771994149,-0.03926887902202421,0.367883161350789,0.8998516635842477,0.1286730762881594,-1.2841466553535141,-0.504342464717403,2.220182586139518,1.887440689588662,-0.009166955947875977,-0.01819707453250885,-0.05970444530248642,0.0030637942254543304,-0.020677262917160988,-0.05384469032287598,0.9943888783454895,-0.009166955947875977,-0.01819707453250885,-0.05970444530248642,0.0030637942254543304,-0.020677262917160988,-0.05384469032287598,-1.0,0.05556360823274181,-0.2756041592179484,1.1263999683946322,0.04645925484080393,0.1969109155969336,0.9024998346667837,0.0,0.0,0.0,0,0.038
149,0,0.0,0.042574552409742616,0.3021901588302073,1.0326783871072411,0.9717816865224779,-0.17756171470329352,0.1265663046422445,0.08996200164714266,0.038987414761881965,-0.03930681055686031,0.3674890158835719,0.8995351213339383,0.1276969134420136,-1.2860351142274389,-0.5044917393729382,2.2227735156920065,1.891698333703253,-0.0036789923906326294,-0.01156364381313324,-0.01963023841381073,0.0007848963141441345,-0.005244119092822075,-0.05191855877637863,1.0035120248794556,-0.0036789923906326294,-0.01156364381313324,-0.01963023841381073,0.0007848963141441345,-0.005244119092822075,-0.05191855877637863,-1.0,0.05556360823274181,-0.2756041592179484,1.1263999683946322,0.04645925484080393,0.1969109155969336,0.9024998346667837,0.0,0.0,0.0,0,0.0369
150,0,0.0,0.04255990535711425,0.301584965630331,1.032159436586446,0.9712071679554076,-0.18051931208721728,0.12691786988560527,0.08978457094230444,0.039024946691174206,-0.039342440758173475,0.3673076380548329,0.8993530344370388,0.12680235893684438,-1.2876884527676813,-0.5046485710627207,2.2242586760184735,1.8978342695752293,0.00724184513092041,-0.016836166381835938,-0.015570849180221558,0.0014298628084361553,-0.0036287750117480755,-0.042934492230415344,1.0049537420272827,0.00724184513092041,-0.016836166381835938,-0.015570849180221558,0.0014298628084361553,-0.0036287750117480755,-0.042934492230415344,-1.0,0.05556360823274181,-0.2756041592179484,1.1263999683946322,0.04645925484080393,0.1969109155969336,0.9024998346667837,0.0,0.0,0.0,0,0.0377
151,0,0.0,0.04246886719215648,0.3011649020791299,1.0317450860539974,0.9706550344052853,-0.18337539043562767,0.12711972687032538,0.08968191237182718,0.03906106727768183,-0.039376345616087,0.36724842597712287,0.8992528800843125,0.1261856937433676,-1.2888527272166452,-0.5047503783488274,2.2249933349030346,1.9037336170756523,0.01593087613582611,-0.003606140613555908,-0.03262975066900253,0.0005873818881809711,-0.005624921061098576,-0.028216827660799026,1.0149832963943481,0.01593087613582611,-0.003606140613555908,-0.03262975066900253,0.0005873818881809711,-0.005624921061098576,-0.028216827660799026,-1.0,0.05556360823274181,-0.2756041592179484,1.1263999683946322,0.04645925484080393,0.1969109155969336,0.9024998346667837,0.0,0.0,0.0,0,0.0379
152,1,0.0536,0.04247988500576405,0.30092090690526285,1.0313193802021585,0.970204066857432,-0.1856180595382939,0.12743031161043203,0.08950709641925353,0.03909588376892894,-0.039408551317894364,0.3672417272780758,0.8995934008198672,0.12572736178478888,-1.289396078873092,-0.5050882860372722,2.225940547882536,1.9085688788007105,0.14831268787384033,-0.07825396955013275,0.19013260304927826,0.014064877294003963,0.018042996525764465,-0.051921967417001724,1.00844144821167,0.14831268787384033,-0.07825396955013275,0.19013260304927826,0.014064877294003963,0.018042996525764465,-0.051921967417001724,-1.0,0.05556360823274181,-0.2756041592179484,1.1263999683946322,0.04645925484080393,0.1969109155969336,0.9024998346667837,0.0,0.0,0.0,0,0.0389
153,0,0.0,0.04294747526635648,0.30041776231805073,1.0317556753564598,0.9696865006578573,-0.18823942971892071,0.1278179108289861,0.0890875367957105,0.039128136077808726,-0.03944044658779494,0.36679960685971863,0.8993147267154685,0.12514519180702055,-1.2886560683841335,-0.5042921810890805,2.225750468473897,1.9125630087892433,0.2501765489578247,-0.04889364540576935,0.020827412605285645,-0.002642182633280754,0.029338933527469635,-0.032214753329753876,1.0064958333969116,0.2501765489578247,-0.04889364540576935,0.020827412605285645,-0.002642182633280754,0.029338933527469635,-0.032214753329753876,-1.0,0.05556360823274181,-0.2756041592179484,1.1263999683946322,0.04645925484080393,0.1969109155969336,0.9024998346667837,0.0,0.0,0.0,0,0.0375
154,0,0.0,0.044253600712830715,0.2994966541539125,1.0319769609161562,0.9692490847678439,-0.19062914247398455,0.12829652522509954,0.08807237552998198,0.03916010976362841,-0.03946986911389808,0.3656841489140487,0.9011163719327634,0.12399951286895528,-1.2853500539566047,-0.502288060875581,2.226797365858076,1.9140107121507128,0.3250871002674103,-0.044266462326049805,0.0870325118303299,0.0003230222500860691,0.03444673866033554,-0.03671574592590332,1.007494568824768,0.3250871002674103,-0.044266462326049805,0.0870325118303299,0.0003230222500860691,0.03444673866033554,-0.03671574592590332,-1.0,0.05556360823274181,-0.2756041592179484,1.1263999683946322,0.04645925484080393,0.1969109155969336,0.9024998346667837,0.0,0.0,0.0,0,0.0375
155,0,0.0,0.04641673149269679,0.29826864830184585,1.031452749789141,0.9689106305906728,-0.1925652863623658,0.12892936856337517,0.08664882191012731,0.039190771404727015,-0.03949797074614185,0.3641299444023554,0.9059044119902203,0.12230312191968257,-1.2786964299193546,-0.4995749481620058,2.2288842953418686,1.9132266325710054,0.3484770655632019,-0.025334715843200684,0.11826921999454498,-0.0006572199054062366,0.024385731667280197,-0.039773598313331604,0.9956448674201965,0.3484770655632019,-0.025334715843200684,0.11826921999454498,-0.0006572199054062366,0.024385731667280197,-0.039773598313331604,-1.0,0.05556360823274181,-0.2756041592179484,1.1263999683946322,0.04645925484080393,0.1969109155969336,0.9024998346667837,0.0,0.0,0.0,0,0.038
156,1,0.0533,0.04927757120214117,0.29693103402302523,1.031265407972244,0.9685400291639991,-0.19462666678698515,0.12971264605828636,0.08500177606935042,0.03922037815894017,-0.03952460871259024,0.36240221610791584,0.9120850602386715,0.12044238734476051,-1.268731775368698,-0.4960806475560362,2.2299020145093977,1.9112154202460117,-0.018536657094955444,-0.0006669461727142334,-0.056888408958911896,0.008193076588213444,-0.006185406818985939,-0.04217369854450226,0.9924358129501343,-0.018536657094955444,-0.0006669461727142334,-0.056888408958911896,0.008193076588213444,-0.006185406818985939,-0.04217369854450226,-1.0,0.05556360823274181,-0.2756041592179484,1.1263999683946322,0.04645925484080393,0.1969109155969336,0.9024998346667837,0.0,0.0,0.0,0,0.0385
157,0,0.0,0.05104228381566557,0.29596411876767614,1.0310157027663296,0.9682208121187087,-0.1969120854289726,0.12902329416015693,0.0844220300411052,0.039248230667425825,-0.039550587397183576,0.36128499255589647,0.9173058084019565,0.11968500201150073,-1.2597257136783764,-0.49208777274466325,2.2264815409676193,1.9099927136843349,-0.005477637052536011,-0.008092492818832397,0.016308188438415527,0.00665145181119442,0.0002929726615548134,-0.03708851337432861,0.9965924024581909,-0.005477637052536011,-0.008092492818832397,0.016308188438415527,0.00665145181119442,0.0002929726615548134,-0.03708851337432861,-1.0,0.05556360823274181,-0.2756041592179484,1.1263999683946322,0.04645925484080393,0.1969109155969336,0.9024998346667837,0.0,0.0,0.0,0,0.0375
158,0,0.0,0.051717965883281494,0.29558906715181754,1.03117222693367,0.9679009327639476,-0.19924819926525372,0.12768286092179224,0.0846464793778179,0.039275447848439206,-0.039574892218236665,0.36096370705093034,0.9204013716790955,0.11978503437332924,-1.2528848850539809,-0.48880537471022667,2.220582605649534,1.910390731574749,-0.0032378733158111572,-0.017844006419181824,-0.005327969789505005,0.00402917992323637,-0.008351489901542664,-0.023004518821835518,1.005372166633606,-0.0032378733158111572,-0.017844006419181824,-0.005327969789505005,0.00402917992323637,-0.008351489901542664,-0.023004518821835518,-1.0,0.05556360823274181,-0.2756041592179484,1.1263999683946322,0.04645925484080393,0.1969109155969336,0.9024998346667837,0.0,0.0,0.0,0,0.0377
159,0,0.0,0.05226900964904816,0.2954328308503578,1.031689020805229,0.9675945970573274,-0.20113102088380685,0.12680881297234683,0.08500901797014829,0.039301463247254836,-0.03959818888318449,0.3610098157601734,0.922582878132066,0.1198768654293081,-1.247004564914657,-0.4866562829497711,2.2151165861065234,1.9110647468603232,0.01537446677684784,0.0068937987089157104,-0.029022783041000366,-2.5264453142881393e-05,-0.008923939429223537,-0.012167302891612053,1.0134550333023071,0.01537446677684784,0.0068937987089157104,-0.029022783041000366,-2.5264453142881393e-05,-0.008923939429223537,-0.012167302891612053,-1.0,0.05556360823274181,-0.2756041592179484,1.1263999683946322,0.04645925484080393,0.1969109155969336,0.9024998346667837,0.0,0.0,0.0,0,0.0373
160,1,0.0537,0.05283785871364925,0.2954564427400904,1.031975452921836,0.9673744284673764,-0.20227371090025775,0.1264865075366155,0.08528320137778835,0.03932663679515201,-0.03962021013234787,0.3612566341545354,0.9249119744853853,0.11987937334504813,-1.2418200353862963,-0.48568963736490295,2.2114146741153617,1.911547594258374,0.051027365028858185,-0.11199504137039185,-0.0304839089512825,0.035083115100860596,-0.010072369128465652,-0.01639818400144577,1.01071298122406,0.051027365028858185,-0.11199504137039185,-0.0304839089512825,0.035083115100860596,-0.010072369128465652,-0.01639818400144577,-1.0,0.05556360823274181,-0.2756041592179484,1.1263999683946322,0.04645925484080393,0.1969109155969336,0.9024998346667837,0.0,0.0,0.0,0,0.0394
161,0,0.0,0.053524266278870664,0.2953706378942958,1.0320125741925634,0.9671702617212168,-0.20346416800112715,0.12629574951829636,0.08504940232202286,0.039349906744912684,-0.03964211006967067,0.36115764420357105,0.9273156072554498,0.1196541843013037,-1.2373074970462403,-0.4841689547666462,2.2095136102576003,1.9118842406733227,0.06953016668558121,-0.09892483055591583,-0.02012111246585846,0.030309338122606277,-0.00491190142929554,-0.01074947975575924,1.0070083141326904,0.06953016668558121,-0.09892483055591583,-0.02012111246585846,0.030309338122606277,-0.00491190142929554,-0.01074947975575924,-1.0,0.05556360823274181,-0.2756041592179484,1.1263999683946322,0.04645925484080393,0.1969109155969336,0.9024998346667837,0.0,0.0,0.0,0,0.0378
162,0,0.0,0.05439136250839614,0.2949432337030014,1.0319723527148656,0.9669875331051963,-0.20485781196885205,0.12600694811026406,0.08420591857107314,0.03937224109930189,-0.039663010002933596,0.36046318307271424,0.9294788385674679,0.11911454672626719,-1.2335388365472204,-0.4814102027640659,2.2091346001574057,1.9114342210032438,0.11274699866771698,-0.055776551365852356,-0.0007977932691574097,0.014625013805925846,-0.0008351374417543411,-0.010112774558365345,1.0121408700942993,0.11274699866771698,-0.055776551365852356,-0.0007977932691574097,0.014625013805925846,-0.0008351374417543411,-0.010112774558365345,-1.0,0.05556360823274181,-0.2756041592179484,1.1263999683946322,0.04645925484080393,0.1969109155969336,0.9024998346667837,0.0,0.0,0.0,0,0.0381
163,0,0.0,0.055508971474883706,0.2942980539031673,1.0318906962327816,0.9668504179386352,-0.2059500692695463,0.12596624737357798,0.08317056463902109,0.03939400436304656,-0.03968262642074244,0.3595261286103518,0.9318228354331243,0.11826156093318002,-1.2297437428825164,-0.47866142046311183,2.209795338955351,1.910128801196692,0.1786532700061798,0.0019143670797348022,-0.02108161151409149,0.002098245080560446,0.002650998532772064,-0.00874471664428711,0.9698473215103149,0.1786532700061798,0.0019143670797348022,-0.02108161151409149,0.002098245080560446,0.002650998532772064,-0.00874471664428711,-1.0,0.05556360823274181,-0.2756041592179484,1.1263999683946322,0.04645925484080393,0.1969109155969336,0.9024998346667837,0.0,0.0,0.0,0,0.0382
164,1,0.0551,0.05705191260346558,0.29367229029982894,1.0314896082105118,0.96674361646699,-0.2066033655119296,0.12654561974293188,0.0819025976593275,0.0394156300353963,-0.039700605339910766,0.3586379157774881,0.9355299128892453,0.11707912455394402,-1.224758627272396,-0.47663177004380786,2.212019564547226,1.9083794767764082,0.04293377697467804,-0.0048126280307769775,0.012739241123199463,0.0100934449583292,0.0013071028515696526,-0.06111292168498039,0.9979455471038818,0.04293377697467804,-0.0048126280307769775,0.012739241123199463,0.0100934449583292,0.0013071028515696526,-0.06111292168498039,-1.0,0.05556360823274181,-0.2756041592179484,1.1263999683946322,0.04645925484080393,0.1969109155969336,0.9024998346667837,0.0,0.0,0.0,0,0.039
165,0,0.0,0.058194844592559025,0.2929797394037266,1.0310438158070827,0.966404238872268,-0.20851220715448848,0.12646541213922396,0.08119117002316853,0.03943496336025233,-0.03971917881524476,0.3580127000661516,0.9388946333018178,0.11603280824143856,-1.219804017680691,-0.4740848266659763,2.2115659765251174,1.909042545330026,0.031600646674633026,-0.011157557368278503,-0.03654279559850693,0.010383859276771545,-0.0028548771515488625,-0.04488784819841385,1.0082708597183228,0.031600646674633026,-0.011157557368278503,-0.03654279559850693,0.010383859276771545,-0.0028548771515488625,-0.04488784819841385,-1.0,0.05556360823274181,-0.2756041592179484,1.1263999683946322,0.04645925484080393,0.1969109155969336,0.9024998346667837,0.0,0.0,0.0,0,0.0383
166,0,0.0,0.05887063439318361,0.29250867020593696,1.0308148609299919,0.9658920750088786,-0.21135750176792062,0.12593607022115924,0.08075030711221103,0.03945470441276239,-0.03973572144068021,0.357739631154138,0.9414896416113359,0.11531810574264731,-1.2154264637395165,-0.4713576012328146,2.2095863412151506,1.9116418670322322,0.04802997410297394,-0.024284526705741882,-0.0006708800792694092,0.005723007023334503,-0.0031246766448020935,-0.03462725505232811,0.9986273050308228,0.04802997410297394,-0.024284526705741882,-0.0006708800792694092,0.005723007023334503,-0.0031246766448020935,-0.03462725505232811,-1.0,0.05556360823274181,-0.2756041592179484,1.1263999683946322,0.04645925484080393,0.1969109155969336,0.9024998346667837,0.0,0.0,0.0,0,0.038
167,0,0.0,0.05952513296094358,0.29214089074518595,1.0306579637915696,0.9654142348680748,-0.21379560977078155,0.12567304112337446,0.08045544786793865,0.039473366125554535,-0.0397517867625329,0.3576743424759565,0.9438867883237246,0.11456876116106507,-1.2112713388927603,-0.4693719222066785,2.2077938432398065,1.914087346891427,0.07127454876899719,-0.016022443771362305,-0.010691016912460327,0.00028148386627435684,-0.0032354826107621193,-0.030607489868998528,1.0086580514907837,0.07127454876899719,-0.016022443771362305,-0.010691016912460327,0.00028148386627435684,-0.0032354826107621193,-0.030607489868998528,-1.0,0.05556360823274181,-0.2756041592179484,1.1263999683946322,0.04645925484080393,0.1969109155969336,0.9024998346667837,0.0,0.0,0.0,0,0.0383
168,1,0.0548,0.06030799012099436,0.29175204323641774,1.0305474302473459,0.9649745325455816,-0.21578834565527433,0.1257706154390588,0.08025767072296178,0.03949137457972191,-0.03976701471441169,0.3576853732308005,0.9463768395238549,0.11366316695081513,-1.207034540856236,-0.46809231416169084,2.206486644072102,1.9161233422462483,-0.021601751446723938,-0.07769124209880829,0.03185179829597473,0.011960935778915882,-0.006448686122894287,-0.05058424174785614,1.0103347301483154,-0.021601751446723938,-0.07769124209880829,0.03185179829597473,0.011960935778915882,-0.006448686122894287,-0.05058424174785614,-1.0,0.05556360823274181,-0.2756041592179484,1.1263999683946322,0.04645925484080393,0.1969109155969336,0.9024998346667837,0.0,0.0,0.0,0,0.0395
169,0,0.0,0.0607435013100706,0.29114666466518924,1.0307201195969302,0.9644308580053734,-0.21831746680345265,0.1253695685486115,0.0805796196161069,0.039507477171360175,-0.03978272278059218,0.3576932533817541,0.9476202945961897,0.11282857289630711,-1.2037823334350735,-0.4664657816190309,2.203198868216205,1.9189887859392616,-0.01744796335697174,-0.058298900723457336,-0.031068675220012665,0.008562984876334667,-0.011692509986460209,-0.04644475877285004,1.0101889371871948,-0.01744796335697174,-0.058298900723457336,-0.031068675220012665,0.008562984876334667,-0.011692509986460209,-0.04644475877285004,-1.0,0.05556360823274181,-0.2756041592179484,1.1263999683946322,0.04645925484080393,0.1969109155969336,0.9024998346667837,0.0,0.0,0.0,0,0.0405
170,0,0.0,0.06094998870247936,0.290524292459887,1.0310768133456658,0.9637959980407242,-0.2212803473917847,0.12482830762323024,0.08093315534918022,0.039524050786922456,-0.03979659642653938,0.3576971481512657,0.9480252367575621,0.11205681113111367,-1.2016075435211284,-0.46474673592360094,2.199871147390705,1.9227557097835082,0.011165410280227661,-0.017128735780715942,-0.11114369332790375,0.004370823502540588,-0.039892565459012985,-0.028100986033678055,1.004992127418518,0.011165410280227661,-0.017128735780715942,-0.11114369332790375,0.004370823502540588,-0.039892565459012985,-0.028100986033678055,-1.0,0.05556360823274181,-0.2756041592179484,1.1263999683946322,0.04645925484080393,0.1969109155969336,0.9024998346667837,0.0,0.0,0.0,0,0.0373
171,0,0.0,0.06152073784614876,0.2901079662355174,1.0308996124066583,0.9631907795179816,-0.22364238713987783,0.12539505804614784,0.0807693279873089,0.03954078630844894,-0.03980900219183232,0.357850522764167,0.94952842622562,0.11093850049917559,-1.1995739504525498,-0.46464086092316953,2.2001743295404834,1.9268927949473325,0.026100873947143555,0.017684943974018097,-0.21905262768268585,-0.00011939182877540588,-0.09845823049545288,-0.0034761037677526474,0.9880238175392151,0.026100873947143555,0.017684943974018097,-0.21905262768268585,-0.00011939182877540588,-0.09845823049545288,-0.0034761037677526474,-1.0,0.05556360823274181,-0.2756041592179484,1.1263999683946322,0.04645925484080393,0.1969109155969336,0.9024998346667837,0.0,0.0,0.0,0,0.0369
172,1,0.0537,0.06285308731679025,0.2899766575290662,1.0300257601953937,0.9625905727874664,-0.22489314414371436,0.12821143417775815,0.08002681453071399,0.039557298340927416,-0.0398203792078257,0.3584826297653427,0.9528308141187065,0.10898205490424455,-1.1973524998826768,-0.46805572508740423,2.206148340017274,1.9319598465326258,0.10841214656829834,-0.05867871642112732,0.14617569744586945,0.004461231641471386,0.017684124410152435,-0.03502573072910309,1.0046226978302002,0.10841214656829834,-0.05867871642112732,0.14617569744586945,0.004461231641471386,0.017684124410152435,-0.03502573072910309,-1.0,0.05556360823274181,-0.2756041592179484,1.1263999683946322,0.04645925484080393,0.1969109155969336,0.9024998346667837,0.0,0.0,0.0,0,0.0386
173,0,0.0,0.06359039266001877,0.2897482838154478,1.0294150328604925,0.9619857242739239,-0.22643746030356077,0.13008624464596177,0.07991940827081603,0.039570218392505976,-0.03983415176333148,0.3591002031392842,0.9545619632103218,0.10747162600570327,-1.1963122868136478,-0.4704083915601922,2.2089426658424354,1.9370070084093969,-0.007622092962265015,-0.10425756871700287,-0.010209456086158752,0.01721101626753807,-0.03762476518750191,-0.022098075598478317,1.012938141822815,-0.007622092962265015,-0.10425756871700287,-0.010209456086158752,0.01721101626753807,-0.03762476518750191,-0.022098075598478317,-1.0,0.05556360823274181,-0.2756041592179484,1.1263999683946322,0.04645925484080393,0.1969109155969336,0.9024998346667837,0.0,0.0,0.0,0,0.0379
174,0,0.0,0.06402272499218864,0.28922808278910006,1.029826447709996,0.9614040254277617,-0.22847359886277613,0.13080403699085436,0.07995260108890179,0.03958378098638321,-0.03984613805186021,0.3592240026026617,0.9542879934372216,0.10633221033736778,-1.1958439213291698,-0.47060901183163173,2.208910011102736,1.9407672735485124,-0.0065155029296875,-0.1282886117696762,-0.03449571877717972,0.015517021529376507,-0.05109614506363869,-0.010112142190337181,1.0075926780700684,-0.0065155029296875,-0.1282886117696762,-0.03449571877717972,0.015517021529376507,-0.05109614506363869,-0.010112142190337181,-1.0,0.05556360823274181,-0.2756041592179484,1.1263999683946322,0.04645925484080393,0.1969109155969336,0.9024998346667837,0.0,0.0,0.0,0,0.0371
175,0,0.0,0.06464502557802121,0.2884481279350281,1.0303505881471005,0.9608570340641394,-0.2301089528643247,0.13199112827928375,0.07988724526925142,0.03959703783076807,-0.039857333174116195,0.3591451616202092,0.953509248447236,0.10478984212539759,-1.196301385288928,-0.47132715473337433,2.2103255018260897,1.9439421461277666,0.005808547139167786,-0.13981930911540985,-0.07184836268424988,0.022234268486499786,-0.06169530376791954,0.010155407711863518,1.000300407409668,0.005808547139167786,-0.13981930911540985,-0.07184836268424988,0.022234268486499786,-0.06169530376791954,0.010155407711863518,-1.0,0.05556360823274181,-0.2756041592179484,1.1263999683946322,0.04645925484080393,0.1969109155969336,0.9024998346667837,0.0,0.0,0.0,0,0.0379
176,1,0.0536,0.06546970910953902,0.28760076089534337,1.0306807358758525,0.9604563728023414,-0.2308968680352821,0.13376951642780244,0.07947269184781713,0.039610281705034785,-0.039867491599638184,0.35888807379373033,0.9527157162119093,0.10296473583822105,-1.1977600563054902,-0.472700205753586,2.2143442745545814,1.9460372556376615,0.06352785974740982,-0.040395498275756836,0.17521803081035614,0.008455420844256878,0.03855177015066147,-0.031964629888534546,1.002147912979126,0.06352785974740982,-0.040395498275756836,0.17521803081035614,0.008455420844256878,0.03855177015066147,-0.031964629888534546,-1.0,0.05556360823274181,-0.2756041592179484,1.1263999683946322,0.04645925484080393,0.1969109155969336,0.9024998346667837,0.0,0.0,0.0,0,0.0393
177,0,0.0,0.06563843933946605,0.2868810942367765,1.0311140669645062,0.9601944546415134,-0.23192640643092494,0.13409847398140595,0.07908445202175493,0.0396222026666026,-0.03987796858848711,0.35835032396171823,0.9507865824465215,0.10206065415640156,-1.2001554723441756,-0.4717337015804496,2.215806050776903,1.9472013839883364,0.05027373135089874,-0.015037164092063904,0.07284530997276306,0.007493809796869755,0.02303893119096756,-0.030203701928257942,1.003523826599121,0.05027373135089874,-0.015037164092063904,0.07284530997276306,0.007493809796869755,0.02303893119096756,-0.030203701928257942,-1.0,0.05556360823274181,-0.2756041592179484,1.1263999683946322,0.04645925484080393,0.1969109155969336,0.9024998346667837,0.0,0.0,0.0,0,0.038
178,0,0.0,0.06561526213863099,0.28633826921439764,1.0318041801192939,0.9599671439449604,-0.2334842505685642,0.13341006362967348,0.07842156721793528,0.039634606704182826,-0.03988700237469706,0.3575476401888059,0.9489107370132722,0.10180228833326119,-1.2015365893558465,-0.4687961197125077,2.215459336203214,1.9477086451348142,0.02604764699935913,-0.010748296976089478,0.004727870225906372,0.002292435150593519,0.0022301916033029556,-0.03218797221779823,1.0149343013763428,0.02604764699935913,-0.010748296976089478,0.004727870225906372,0.002292435150593519,0.0022301916033029556,-0.03218797221779823,-1.0,0.05556360823274181,-0.2756041592179484,1.1263999683946322,0.04645925484080393,0.1969109155969336,0.9024998346667837,0.0,0.0,0.0,0,0.0381
179,0,0.0,0.06584528812203454,0.28571893189878333,1.0320983782830278,0.9596781922969116,-0.23511227449873257,0.13300451817676545,0.07778035583828,0.039646266447958024,-0.03989586162199585,0.3567736686702782,0.9482935072629717,0.10129612096298121,-1.2018209670493907,-0.4664384870798047,2.2156183292988425,1.9486380995785293,0.011544764041900635,-0.004884436726570129,-0.013797521591186523,-0.0004847319796681404,-0.004674013238400221,-0.02978946641087532,0.9983331561088562,0.011544764041900635,-0.004884436726570129,-0.013797521591186523,-0.0004847319796681404,-0.004674013238400221,-0.02978946641087532,-1.0,0.05556360823274181,-0.2756041592179484,1.1263999683946322,0.04645925484080393,0.1969109155969336,0.9024998346667837,0.0,0.0,0.0,0,0.0376
180,1,0.0533,0.06611212485153006,0.2851299573894075,1.0320776851263969,0.9593166360660891,-0.23674521896934397,0.1329121092910173,0.07744458835717033,0.03965760980845438,-0.039904157410127615,0.3562665723287946,0.9483716631891772,0.10067700402031929,-1.2017052517873492,-0.46521229786663304,2.215899711132871,1.9504930946506522,0.02122408151626587,-0.052792176604270935,-0.08605779707431793,0.012976092286407948,-0.01871020719408989,-0.03028426691889763,0.9920880198478699,0.02122408151626587,-0.052792176604270935,-0.08605779707431793,0.012976092286407948,-0.01871020719408989,-0.03028426691889763,-1.0,0.05556360823274181,-0.2756041592179484,1.1263999683946322,0.04645925484080393,0.1969109155969336,0.9024998346667837,0.0,0.0,0.0,0,0.0383
181,0,0.0,0.06649011123194438,0.2845703490146819,1.0316623017689808,0.9588758639242454,-0.23849277350352194,0.13320150828053787,0.0770430578437706,0.0396685181534795,-0.039912046462819546,0.35585148842083963,0.9492319990169871,0.09985430447681466,-1.201445320327158,-0.4647144947706791,2.217378875691499,1.953312616575124,0.026471629738807678,-0.022076979279518127,-0.04951804131269455,0.007795976474881172,-0.06287527829408646,-0.014572620391845703,0.9984564185142517,0.026471629738807678,-0.022076979279518127,-0.04951804131269455,0.007795976474881172,-0.06287527829408646,-0.014572620391845703,-1.0,0.05556360823274181,-0.2756041592179484,1.1263999683946322,0.04645925484080393,0.1969109155969336,0.9024998346667837,0.0,0.0,0.0,0,0.0371
182,0,0.0,0.0673898701189743,0.28407866805030435,1.0314548920139484,0.9583264854579061,-0.24004765106943893,0.13480236833546128,0.07626135310294471,0.039679632328731666,-0.03991892440032072,0.3556337872195253,0.950266676981985,0.09854706022801706,-1.2009129538943573,-0.465916114351462,2.2212059109601974,1.957015541604868,-0.010436862707138062,-0.03757336735725403,-0.040754854679107666,0.0008492735214531422,-0.08316414058208466,-0.002886436879634857,0.9984351992607117,-0.010436862707138062,-0.03757336735725403,-0.040754854679107666,0.0008492735214531422,-0.08316414058208466,-0.002886436879634857,-1.0,0.05556360823274181,-0.2756041592179484,1.1263999683946322,0.04645925484080393,0.1969109155969336,0.9024998346667837,0.0,0.0,0.0,0,0.0377
183,0,0.0,0.06847580224806943,0.2836656668471699,1.0317692539067251,0.9577177064928912,-0.24104530549160602,0.1376023056962016,0.07575988937124015,0.039689619232426185,-0.03992615729770499,0.35586994904592484,0.9503804466780238,0.09691361141649804,-1.2011660875572754,-0.4695490934093287,2.225937692986388,1.961571251060992,-0.013976097106933594,-0.04551205039024353,-0.05797020345926285,-0.00045884307473897934,-0.0952010452747345,-0.001561574637889862,1.0128666162490845,-0.013976097106933594,-0.04551205039024353,-0.05797020345926285,-0.00045884307473897934,-0.0952010452747345,-0.001561574637889862,-1.0,0.05556360823274181,-0.2756041592179484,1.1263999683946322,0.04645925484080393,0.1969109155969336,0.9024998346667837,0.0,0.0,0.0,0,0.0374
184,1,0.0535,0.06950652812023164,0.2833127864120201,1.0322542603728755,0.9570441135322553,-0.2417129108267178,0.14117482118779232,0.07557184234573054,0.039699386483402946,-0.03993287056853587,0.35647614953849993,0.9497264193033202,0.09505914727485389,-1.2026854854611875,-0.4751678319292108,2.2316013021449375,1.9673285526890825,-0.05051971971988678,0.004171118140220642,-0.03637629747390747,0.0005704616196453571,-0.026649396866559982,-0.028568968176841736,1.0035079717636108,-0.05051971971988678,0.004171118140220642,-0.03637629747390747,0.0005704616196453571,-0.026649396866559982,-0.028568968176841736,-1.0,0.05556360823274181,-0.2756041592179484,1.1263999683946322,0.04645925484080393,0.1969109155969336,0.9024998346667837,0.0,0.0,0.0,0,0.0392
185,0,0.0,0.06956273419006108,0.28325290134625625,1.0321162720154797,0.9563962543710908,-0.2428788411451303,0.1434623238928346,0.0757273713541715,0.03970829886307476,-0.0399397320214425,0.3572578947538652,0.9484721986256279,0.09401866173438321,-1.2062072710936205,-0.47978317060951153,2.235685075214404,1.9742813366199095,-0.04224567115306854,-0.016098588705062866,-0.007033437490463257,0.0002256268635392189,-0.021290335804224014,-0.01884043589234352,1.0096813440322876,-0.04224567115306854,-0.016098588705062866,-0.007033437490463257,0.0002256268635392189,-0.021290335804224014,-0.01884043589234352,-1.0,0.05556360823274181,-0.2756041592179484,1.1263999683946322,0.04645925484080393,0.1969109155969336,0.9024998346667837,0.0,0.0,0.0,0,0.0384
186,0,0.0,0.06904300231069416,0.28336219903066817,1.0318741765565087,0.9558099569732319,-0.24440167996493345,0.14465061221628323,0.07596937123999457,0.039717179155048576,-0.03994594938962595,0.35795851564251385,0.9466229694938361,0.09359602721460901,-1.2104493835111665,-0.483078063497619,2.2382159308544383,1.9811063592852531,-0.0370127409696579,-0.04841223359107971,0.02592913806438446,0.011292156763374805,-0.021674316376447678,-0.01753823272883892,1.0001534223556519,-0.0370127409696579,-0.04841223359107971,0.02592913806438446,0.011292156763374805,-0.021674316376447678,-0.01753823272883892,-1.0,0.05556360823274181,-0.2756041592179484,1.1263999683946322,0.04645925484080393,0.1969109155969336,0.9024998346667837,0.0,0.0,0.0,0,0.0382
187,0,0.0,0.06855759169958582,0.2833887018379761,1.0320510836767594,0.9552766708649252,-0.2458704615479262,0.14564276267077486,0.07604198788207768,0.039725688243154915,-0.03995189010885449,0.35837559333031727,0.944072629105682,0.09331366137504234,-1.2148106872779554,-0.48557486595036886,2.2403179275805916,1.9869922880983013,0.006596356630325317,-0.029427945613861084,-0.018704339861869812,0.0031093861907720566,-0.021923042833805084,-0.014011486433446407,0.9818429946899414,0.006596356630325317,-0.029427945613861084,-0.018704339861869812,0.0031093861907720566,-0.021923042833805084,-0.014011486433446407,-1.0,0.05556360823274181,-0.2756041592179484,1.1263999683946322,0.04645925484080393,0.1969109155969336,0.9024998346667837,0.0,0.0,0.0,0,0.0377
188,1,0.0538,0.06836844955100889,0.2832480552023404,1.0322053429168745,0.9547971051030866,-0.24712376628146343,0.1468155798005148,0.07574640422797145,0.03973417190847476,-0.039957236346159206,0.3584605463765155,0.941952209012013,0.09281057459721297,-1.218787513561271,-0.487757902809777,2.2435627079371003,1.9919265732495792,0.019538193941116333,-0.015659958124160767,-0.0009667426347732544,0.0014445716515183449,-0.005458994768559933,-0.005687763914465904,1.0234767198562622,0.019538193941116333,-0.015659958124160767,-0.0009667426347732544,0.0014445716515183449,-0.005458994768559933,-0.005687763914465904,-1.0,0.05556360823274181,-0.2756041592179484,1.1263999683946322,0.04645925484080393,0.1969109155969336,0.9024998346667837,0.0,0.0,0.0,0,0.0396
189,0,0.0,0.06827678998565903,0.2830740052670224,1.0319696566276415,0.9544755780805899,-0.24787256525827123,0.1478558309952118,0.07532738864929887,0.03974233804480507,-0.03996230647067874,0.3583866665348685,0.9406684413960236,0.09230647556662953,-1.2222628037872414,-0.48957881848056517,2.2473196408497826,1.9954990137217858,-0.008975297212600708,-0.005092114210128784,-0.00022394955158233643,0.0018146303482353687,-0.024468056857585907,0.001108422875404358,1.0058356523513794,-0.008975297212600708,-0.005092114210128784,-0.00022394955158233643,0.0018146303482353687,-0.024468056857585907,0.001108422875404358,-1.0,0.05556360823274181,-0.2756041592179484,1.1263999683946322,0.04645925484080393,0.1969109155969336,0.9024998346667837,0.0,0.0,0.0,0,0.038
190,0,0.0,0.06826445375786504,0.2829670734859932,1.031893486849915,0.954270316835973,-0.24816390751629763,0.1489080413766711,0.07489481040350224,0.03975035823273935,-0.039966954524279105,0.3583149518118815,0.9393993865152389,0.09189094115677252,-1.2252887385341822,-0.49139179453270254,2.2508715419238974,1.9980490574864738,-0.01422642171382904,0.0036606192588806152,-0.009884029626846313,-0.00015995604917407036,-0.029100719839334488,-0.004628037102520466,1.0123690366744995,-0.01422642171382904,0.0036606192588806152,-0.009884029626846313,-0.00015995604917407036,-0.029100719839334488,-0.004628037102520466,-1.0,0.05556360823274181,-0.2756041592179484,1.1263999683946322,0.04645925484080393,0.1969109155969336,0.9024998346667837,0.0,0.0,0.0,0,0.038
191,0,0.0,0.06832150427080456,0.2828949366776498,1.0320015708238788,0.9540390942105311,-0.2483836623540775,0.15020353862543326,0.07452422410143938,0.039757935075609464,-0.039971502630023435,0.35834548468416877,0.9380130530552998,0.09144072410735794,-1.2281698315104939,-0.49368741983122294,2.2543486790752882,2.0008385777311632,-0.021080732345581055,0.02854541689157486,-0.0032490193843841553,-0.0027442784048616886,-0.04096084088087082,-0.007952961139380932,0.9829814434051514,-0.021080732345581055,0.02854541689157486,-0.0032490193843841553,-0.0027442784048616886,-0.04096084088087082,-0.007952961139380932,-1.0,0.05556360823274181,-0.2756041592179484,1.1263999683946322,0.04645925484080393,0.1969109155969336,0.9024998346667837,0.0,0.0,0.0,0,0.0371
192,1,0.0541,0.06844920760274523,0.2829232830549821,1.0322435022698457,0.9537010174223237,-0.24877870667707896,0.15187018785125575,0.07415504375109866,0.03976552096494861,-0.0399755217394295,0.3585712248287738,0.936589972956762,0.09095260785547506,-1.2308981960753471,-0.49674009605358116,2.2579790306887326,2.004663108475411,0.018828630447387695,-0.03710871934890747,-0.015569984912872314,0.003899640403687954,-0.008770638145506382,-0.03434375301003456,1.0065664052963257,0.018828630447387695,-0.03710871934890747,-0.015569984912872314,0.003899640403687954,-0.008770638145506382,-0.03434375301003456,-1.0,0.05556360823274181,-0.2756041592179484,1.1263999683946322,0.04645925484080393,0.1969109155969336,0.9024998346667837,0.0,0.0,0.0,0,0.0384
193,0,0.0,0.06843278543674787,0.2827312172873748,1.0321275457789054,0.953183946788237,-0.2500362250860035,0.15313413657270203,0.07397422487645852,0.039771726665325094,-0.039980423830188384,0.35869181754324875,0.9355459013589256,0.09033478524798945,-1.2336458742504828,-0.4992160253457085,2.2608967798038218,2.009788666090158,0.013996347784996033,-0.010809138417243958,-0.007283449172973633,-0.002303699729964137,-0.028533391654491425,-0.026698876172304153,1.0070343017578125,0.013996347784996033,-0.010809138417243958,-0.007283449172973633,-0.002303699729964137,-0.028533391654491425,-0.026698876172304153,-1.0,0.05556360823274181,-0.2756041592179484,1.1263999683946322,0.04645925484080393,0.1969109155969336,0.9024998346667837,0.0,0.0,0.0,0,0.0369
194,0,0.0,0.06858345064420938,0.2823459543668638,1.031959783429795,0.9525347569553506,-0.25180448082810125,0.15438832047304551,0.07373117880796812,0.03977878165733731,-0.03998400126872291,0.3587039118516156,0.9349032185207441,0.0894837046832046,-1.2357249562204378,-0.5014301029687545,2.263738736917133,2.0153779764568855,0.00011989474296569824,0.0134202241897583,-0.04779963195323944,-0.004286816343665123,-0.05874655395746231,-0.009853808209300041,1.00910484790802,0.00011989474296569824,0.0134202241897583,-0.04779963195323944,-0.004286816343665123,-0.05874655395746231,-0.009853808209300041,-1.0,0.05556360823274181,-0.2756041592179484,1.1263999683946322,0.04645925484080393,0.1969109155969336,0.9024998346667837,0.0,0.0,0.0,0,0.0376
195,0,0.0,0.06908203196106662,0.28216865839397676,1.0319940628655657,0.951883658695442,-0.25303022743938736,0.1565837784194399,0.07331251357334437,0.03978616635047077,-0.039986792774427495,0.35899370126342645,0.9346001796963719,0.088449810181808,-1.2372134344336352,-0.5052261672049112,2.267891183347668,2.021167888927325,-0.05085468292236328,0.04274437576532364,-0.0769147127866745,4.82914038002491e-05,-0.10333362966775894,0.020460419356822968,1.0037147998809814,-0.05085468292236328,0.04274437576532364,-0.0769147127866745,4.82914038002491e-05,-0.10333362966775894,0.020460419356822968,-1.0,0.05556360823274181,-0.2756041592179484,1.1263999683946322,0.04645925484080393,0.1969109155969336,0.9024998346667837,0.0,0.0,0.0,0,0.037
196,1,0.0531,0.06979451544351381,0.2825296175156646,1.0322545042984583,0.9513236787292009,-0.2531180973168359,0.16011327815619286,0.0726513954299681,0.0397937722623318,-0.0399889256878077,0.35986586596348286,0.9341777222567861,0.08739211722675042,-1.2390372535265428,-0.5117081909293636,2.2743116816108047,2.027354428999842,-0.006574034690856934,0.04608951508998871,0.05063942074775696,-0.004219246096909046,-0.06759006530046463,-0.027850456535816193,1.0142110586166382,-0.006574034690856934,0.04608951508998871,0.05063942074775696,-0.004219246096909046,-0.06759006530046463,-0.027850456535816193,-1.0,0.05556360823274181,-0.2756041592179484,1.1263999683946322,0.04645925484080393,0.1969109155969336,0.9024998346667837,0.0,0.0,0.0,0,0.039
197,0,0.0,0.07024968251123574,0.2830131289826119,1.0328348387964117,0.9505464901929986,-0.2537234315163794,0.16390814443478066,0.07224894787655987,0.039799445515830395,-0.03999257357180462,0.36110960830926486,0.9326336856969181,0.0863434592150206,-1.2419473889995307,-0.5191323004188633,2.280014874623887,2.0358987855516486,0.04583840072154999,0.01856423169374466,0.021770894527435303,0.0037695085629820824,-0.05380929261445999,-0.0339750200510025,1.0263036489486694,0.04583840072154999,0.01856423169374466,0.021770894527435303,0.0037695085629820824,-0.05380929261445999,-0.0339750200510025,-1.0,0.05556360823274181,-0.2756041592179484,1.1263999683946322,0.04645925484080393,0.1969109155969336,0.9024998346667837,0.0,0.0,0.0,0,0.0369
198,0,0.0,0.07061633898122185,0.28340836445798295,1.0333737045265488,0.9494895287045371,-0.25557567138658904,0.1673737990957106,0.07167093170873635,0.039805583584897976,-0.03999535902681063,0.36225696881845154,0.9311646748067931,0.08526262178038094,-1.2447474090928914,-0.5256917388671225,2.2852460005617052,2.0462272676186664,0.06250809133052826,-0.05271337926387787,-0.012859046459197998,0.021083679050207138,-0.07861322164535522,-0.01946946792304516,0.9951345920562744,0.06250809133052826,-0.05271337926387787,-0.012859046459197998,0.021083679050207138,-0.07861322164535522,-0.01946946792304516,-1.0,0.05556360823274181,-0.2756041592179484,1.1263999683946322,0.04645925484080393,0.1969109155969336,0.9024998346667837,0.0,0.0,0.0,0,0.0372
199,0,0.0,0.07139509737282823,0.28357980280528833,1.0337090465704266,0.9483527933825371,-0.25763870117036497,0.17111787352572339,0.07048370239154234,0.03981171955055929,-0.039997766060553414,0.3630180906144361,0.9304959816826753,0.08372839447320395,-1.2469425020121379,-0.5318353510643553,2.2922304010047836,2.0564170809395916,0.08380922675132751,-0.09761865437030792,-0.15032953023910522,0.041983988136053085,-0.12893298268318176,-0.0007504243403673172,1.0266669988632202,0.08380922675132751,-0.09761865437030792,-0.15032953023910522,0.041983988136053085,-0.12893298268318176,-0.0007504243403673172,-1.0,0.05556360823274181,-0.2756041592179484,1.1263999683946322,0.04645925484080393,0.1969109155969336,0.9024998346667837,0.0,0.0,0.0,0,0.0373
200,1,0.0535,0.07299248548737429,0.28348529696326574,1.0336865442011511,0.9471682035230812,-0.2592787901492941,0.17607357965994216,0.068154220407184,0.03981837035623733,-0.03999929513909527,0.36331043116706446,0.9311602076545902,0.0811934133002575,-1.2487817356168494,-0.5387468367186733,2.3040838463384725,2.0663847318139728,-0.021134763956069946,0.008804067969322205,-0.045076847076416016,-0.0017333868891000748,-0.0423954501748085,-0.0036224033683538437,1.0030661821365356,-0.021134763956069946,0.008804067969322205,-0.045076847076416016,-0.0017333868891000748,-0.0423954501748085,-0.0036224033683538437,-1.0,0.05556360823274181,-0.2756041592179484,1.1263999683946322,0.04645925484080393,0.1969109155969336,0.9024998346667837,0.0,0.0,0.0,0,0.0388
201,0,0.0,0.07361963340640687,0.2833090636214018,1.0328024209290851,0.9463216060652324,-0.2602492044034438,0.17970164264997537,0.06673147031493103,0.03982301436850431,-0.04000142322584051,0.3636669014317194,0.9311415147575826,0.0792355835279754,-1.2531135439050423,-0.5451924631871908,2.3140867386819113,2.0750941620123964,-0.01814955472946167,0.005877479910850525,-0.042948707938194275,-0.001094380859285593,-0.04964299127459526,-0.006386828608810902,1.0087469816207886,-0.01814955472946167,0.005877479910850525,-0.042948707938194275,-0.001094380859285593,-0.04964299127459526,-0.006386828608810902,-1.0,0.05556360823274181,-0.2756041592179484,1.1263999683946322,0.04645925484080393,0.1969109155969336,0.9024998346667837,0.0,0.0,0.0,0,0.038
202,0,0.0,0.07352306549713801,0.2833174194566596,1.0321403833496867,0.9456923727174836,-0.26083988294433125,0.1823593700891091,0.06613283443393382,0.039829142036887276,-0.0400013842063306,0.3642661903853461,0.9298581927726275,0.07795642899526707,-1.2584203612115692,-0.5513346828577514,2.3213954877493834,2.08296784699351,-0.0018142908811569214,0.013357996940612793,-0.09620774537324905,-0.002614392200484872,-0.0625542551279068,-0.012152687646448612,1.0140460729599,-0.0018142908811569214,0.013357996940612793,-0.09620774537324905,-0.002614392200484872,-0.0625542551279068,-0.012152687646448612,-1.0,0.05556360823274181,-0.2756041592179484,1.1263999683946322,0.04645925484080393,0.1969109155969336,0.9024998346667837,0.0,0.0,0.0,0,0.037
203,0,0.0,0.07365953079013643,0.2833076952265073,1.031502553152505,0.9449517360145427,-0.2615114552199288,0.1854824225269471,0.06537772040528289,0.03983534337007857,-0.04000120728001433,0.36495216808968445,0.9290361081137672,0.07634139395884722,-1.263184566224572,-0.5581800977822761,2.3294575984965977,2.091611233913633,0.008128449320793152,0.00806698203086853,-0.0930829644203186,0.0010131243616342545,-0.05791952461004257,-0.014244291931390762,1.0044804811477661,0.008128449320793152,0.00806698203086853,-0.0930829644203186,0.0010131243616342545,-0.05791952461004257,-0.014244291931390762,-1.0,0.05556360823274181,-0.2756041592179484,1.1263999683946322,0.04645925484080393,0.1969109155969336,0.9024998346667837,0.0,0.0,0.0,0,0.0374
204,1,0.0535,0.07388867446918201,0.2832927565179797,1.0305425728967375,0.94411164523619,-0.2623887360377097,0.18879952644562079,0.06449877009568647,0.03984129319778881,-0.040001108068691754,0.3657177765564331,0.9289452932968718,0.07449830604590102,-1.2675622133220072,-0.5654286465430611,2.338136303079776,2.1011651699811327,0.04272109270095825,0.026205576956272125,0.147274449467659,0.003155871294438839,0.031347405165433884,-0.08108548074960709,1.0341377258300781,0.04272109270095825,0.026205576956272125,0.147274449467659,0.003155871294438839,0.031347405165433884,-0.08108548074960709,-1.0,0.05556360823274181,-0.2756041592179484,1.1263999683946322,0.04645925484080393,0.1969109155969336,0.9024998346667837,0.0,0.0,0.0,0,0.0382
205,0,0.0,0.07339164057372805,0.2831645876163183,1.0298229193186494,0.943085675052356,-0.2651053695197602,0.19024573110531973,0.06414915711866401,0.03984584367365589,-0.04000153230867741,0.36629187363922344,0.9275761713932822,0.07360079214600425,-1.2722073760726889,-0.5693119829597169,2.3418064247200565,2.1116000225037466,0.06949032098054886,-0.002323448657989502,0.047633394598960876,0.005341509357094765,0.008677016012370586,-0.06355129927396774,1.0257649421691895,0.06949032098054886,-0.002323448657989502,0.047633394598960876,0.005341509357094765,0.008677016012370586,-0.06355129927396774,-1.0,0.05556360823274181,-0.2756041592179484,1.1263999683946322,0.04645925484080393,0.1969109155969336,0.9024998346667837,0.0,0.0,0.0,0,0.0376
206,0,0.0,0.07301222789778981,0.28293890394200655,1.0296464417825357,0.9419337141496065,-0.26895799973117973,0.19070964609662244,0.06365770506882595,0.03985195072786021,-0.040001010851953456,0.3664475252116602,0.9263786863417942,0.07314369494354873,-1.2748225654981826,-0.5704264302763463,2.3429180242485708,2.121084927346767,0.07464752346277237,-0.054337456822395325,-0.02578575909137726,0.008902058005332947,0.0002057654783129692,-0.05953279137611389,1.0376222133636475,0.07464752346277237,-0.054337456822395325,-0.02578575909137726,0.008902058005332947,0.0002057654783129692,-0.05953279137611389,-1.0,0.05556360823274181,-0.2756041592179484,1.1263999683946322,0.04645925484080393,0.1969109155969336,0.9024998346667837,0.0,0.0,0.0,0,0.037
207,0,0.0,0.07319366261520377,0.2823403318875339,1.0291177447543098,0.940815730750882,-0.27259706131477424,0.19125330514298772,0.06307754121805606,0.03985727061503194,-0.040000967471469966,0.3662375327210943,0.9269569238167854,0.0721736003679226,-1.2753588920063283,-0.5709400190698682,2.3444485436988742,2.129018502227089,0.07962995767593384,-0.06282496452331543,-0.022708579897880554,0.00996441300958395,-0.0019978731870651245,-0.057402919977903366,0.9988765716552734,0.07962995767593384,-0.06282496452331543,-0.022708579897880554,0.00996441300958395,-0.0019978731870651245,-0.057402919977903366,-1.0,0.05556360823274181,-0.2756041592179484,1.1263999683946322,0.04645925484080393,0.1969109155969336,0.9024998346667837,0.0,0.0,0.0,0,0.037
208,1,0.0538,0.07366124895044418,0.28143767001646236,1.0283393677745978,0.9397307296238513,-0.2761051261836672,0.1917191857697891,0.06257690391424951,0.039862669702880986,-0.04000080804958439,0.3657824719939012,0.9285054363645872,0.07090220165413184,-1.2747457566815108,-0.5709639801646166,2.345932771822766,2.1358417003187147,0.2168310582637787,-0.005852505564689636,0.1793297380208969,0.0019606370478868484,0.01504728477448225,-0.04256429150700569,0.995861828327179,0.2168310582637787,-0.005852505564689636,0.1793297380208969,0.0019606370478868484,0.01504728477448225,-0.04256429150700569,-1.0,0.05556360823274181,-0.2756041592179484,1.1263999683946322,0.04645925484080393,0.1969109155969336,0.9024998346667837,0.0,0.0,0.0,0,0.0379
209,0,0.0,0.07474101760487795,0.28072240486249517,1.0283964781884924,0.9387546153915419,-0.27899609083760857,0.1926273136935375,0.06160902042413524,0.03986938962933076,-0.03999979969111898,0.3651596648041434,0.9302601840428785,0.06981054113658991,-1.271880670647322,-0.570520575817609,2.3472240681695684,2.1404184484055695,0.16292516887187958,-0.017233848571777344,0.09044328331947327,0.0008834600448608398,0.00752852950245142,-0.03462296351790428,1.0240689516067505,0.16292516887187958,-0.017233848571777344,0.09044328331947327,0.0008834600448608398,0.00752852950245142,-0.03462296351790428,-1.0,0.05556360823274181,-0.2756041592179484,1.1263999683946322,0.04645925484080393,0.1969109155969336,0.9024998346667837,0.0,0.0,0.0,0,0.0375
210,0,0.0,0.0761441294586406,0.2800963942457202,1.028882318065513,0.9380070768088902,-0.2811544393785341,0.19342134370528996,0.06068845749746929,0.03987469430888625,-0.040000085244351384,0.36440297781646813,0.9325334922742837,0.06900449077141449,-1.2671168938592257,-0.5693207762376419,2.34725337547003,2.14236120972971,0.05871926248073578,-0.050234779715538025,0.06881485879421234,0.00011768098920583725,-0.0020794104784727097,-0.029028920456767082,1.0270159244537354,0.05871926248073578,-0.050234779715538025,0.06881485879421234,0.00011768098920583725,-0.0020794104784727097,-0.029028920456767082,-1.0,0.05556360823274181,-0.2756041592179484,1.1263999683946322,0.04645925484080393,0.1969109155969336,0.9024998346667837,0.0,0.0,0.0,0,0.0373
211,0,0.0,0.0772120356745967,0.2793489532185852,1.0294072508903174,0.9374219842043781,-0.28298928735272194,0.19361134849209172,0.06059482246032016,0.03987914487030503,-0.04000044457753553,0.363742870930226,0.9342394881400039,0.06846422016669067,-1.2626722852027343,-0.5678557751399003,2.344986394881083,2.143176641900678,0.025181472301483154,-0.06937018036842346,0.03729189932346344,-0.0015720394439995289,-0.0019650598987936974,-0.03516891971230507,1.004616618156433,0.025181472301483154,-0.06937018036842346,0.03729189932346344,-0.0015720394439995289,-0.0019650598987936974,-0.03516891971230507,-1.0,0.05556360823274181,-0.2756041592179484,1.1263999683946322,0.04645925484080393,0.1969109155969336,0.9024998346667837,0.0,0.0,0.0,0,0.0376
212,1,0.0538,0.07787903222726408,0.27848466385828874,1.0300836373240987,0.9368567440474664,-0.28487067057933746,0.19340280481484967,0.06118412593317229,0.03988357593911353,-0.04000054812459523,0.36323317792956905,0.934923198392467,0.06805200670998526,-1.2592923992371141,-0.5664774176861113,2.341096781712449,2.144123077498371,0.05438067764043808,-0.07172554731369019,0.12005068361759186,0.015492026694118977,0.005567225627601147,-0.056554969400167465,1.022011160850525,0.05438067764043808,-0.07172554731369019,0.12005068361759186,0.015492026694118977,0.005567225627601147,-0.056554969400167465,-1.0,0.05556360823274181,-0.2756041592179484,1.1263999683946322,0.04645925484080393,0.1969109155969336,0.9024998346667837,0.0,0.0,0.0,0,0.0389
213,0,0.0,0.07843268218752189,0.2776545708375616,1.0311003571482276,0.9360995312680176,-0.2875490613882216,0.19298453717366476,0.0615643830994488,0.039888481856005395,-0.04000031609962851,0.36267317238264307,0.9347980921654834,0.06780905838929414,-1.256311159298705,-0.5642745695737897,2.3366683057509245,2.1461571239644996,0.06051655113697052,-0.10317155718803406,0.07338826358318329,0.024114225059747696,0.01243309210985899,-0.058823905885219574,1.0144128799438477,0.06051655113697052,-0.10317155718803406,0.07338826358318329,0.024114225059747696,0.01243309210985899,-0.058823905885219574,-1.0,0.05556360823274181,-0.2756041592179484,1.1263999683946322,0.04645925484080393,0.1969109155969336,0.9024998346667837,0.0,0.0,0.0,0,0.0379
214,0,0.0,0.07896312721524912,0.27677453422058,1.0321337400068853,0.935209224518981,-0.2910035777180981,0.19214577046483822,0.06148680364391731,0.0398928162514018,-0.040000357362632945,0.3617949248449255,0.9345997744987429,0.06768169170328468,-1.253421888119014,-0.5606054386642807,2.3323629137171302,2.148528398455057,0.03392913192510605,-0.08012227714061737,0.022740498185157776,0.01903071254491806,0.004765667952597141,-0.054524339735507965,1.0209059715270996,0.03392913192510605,-0.08012227714061737,0.022740498185157776,0.01903071254491806,0.004765667952597141,-0.054524339735507965,-1.0,0.05556360823274181,-0.2756041592179484,1.1263999683946322,0.04645925484080393,0.1969109155969336,0.9024998346667837,0.0,0.0,0.0,0,0.0378
215,0,0.0,0.0794936236665382,0.2757750544716545,1.0327919757860773,0.9343478066893977,-0.294485801815576,0.19111154270562028,0.06122635795493091,0.03989717734708149,-0.04000028326245943,0.36070911285403856,0.9348516189602785,0.06744700786662275,-1.250694653293475,-0.5564964691728418,2.3288373292399944,2.1506173425349955,0.022543370723724365,-0.01658712327480316,-0.038539133965969086,0.003207562491297722,0.0005800612270832062,-0.03323842212557793,0.9927595853805542,0.022543370723724365,-0.01658712327480316,-0.038539133965969086,0.003207562491297722,0.0005800612270832062,-0.03323842212557793,-1.0,0.05556360823274181,-0.2756041592179484,1.1263999683946322,0.04645925484080393,0.1969109155969336,0.9024998346667837,0.0,0.0,0.0,0,0.0379
216,1,0.0534,0.08000497875965497,0.27499518358179276,1.0329212539056813,0.933700172962108,-0.29707299375498336,0.19036067545996835,0.06094617814436552,0.03990200599564206,-0.0399998196640783,0.3598420149630501,0.9359822123411811,0.06717934386974639,-1.2480144601337022,-0.5535081480247497,2.3267312449574464,2.152136714702303,0.006320267915725708,-0.0014721304178237915,0.019860848784446716,0.009092682041227818,-0.005009904503822327,-0.04263843595981598,1.011548638343811,0.006320267915725708,-0.0014721304178237915,0.019860848784446716,0.009092682041227818,-0.005009904503822327,-0.04263843595981598,-1.0,0.05556360823274181,-0.2756041592179484,1.1263999683946322,0.04645925484080393,0.1969109155969336,0.9024998346667837,0.0,0.0,0.0,0,0.0389
217,0,0.0,0.08041608062063064,0.27452240380295084,1.0330219341216516,0.9330947963409675,-0.29929239945096353,0.18991362981707044,0.060753385765707345,0.03990648359344077,-0.03999955561243516,0.3593594881742107,0.9370420492368035,0.06702936890806994,-1.24551154241189,-0.5515487426334577,2.324764416384543,2.1542357052562267,-0.009736627340316772,0.017319872975349426,-0.005431652069091797,-0.0035478114150464535,-0.0010167313739657402,-0.02987254224717617,1.01618492603302,-0.009736627340316772,0.017319872975349426,-0.005431652069091797,-0.0035478114150464535,-0.0010167313739657402,-0.02987254224717617,-1.0,0.05556360823274181,-0.2756041592179484,1.1263999683946322,0.04645925484080393,0.1969109155969336,0.9024998346667837,0.0,0.0,0.0,0,0.0378
218,0,0.0,0.08060725885864696,0.27428850277913885,1.0332132298892651,0.9325159318136645,-0.30128694127979755,0.18957441820276938,0.06084205692640927,0.039910558604684995,-0.0399995135453751,0.3592686423015172,0.9377085308324056,0.0670313878784931,-1.2434880321516284,-0.550455837354806,2.3223383697902498,2.1567821416589754,-0.008945897221565247,0.011528372764587402,-0.02008754014968872,0.000706204678863287,-0.022695105522871017,-0.0061398521065711975,1.0096017122268677,-0.008945897221565247,0.011528372764587402,-0.02008754014968872,0.000706204678863287,-0.022695105522871017,-0.0061398521065711975,-1.0,0.05556360823274181,-0.2756041592179484,1.1263999683946322,0.04645925484080393,0.1969109155969336,0.9024998346667837,0.0,0.0,0.0,0,0.0375
219,0,0.0,0.08084890966255368,0.27434683432074053,1.0334271526651229,0.9321100913520141,-0.3023822793329836,0.18981517998026798,0.06087636810936634,0.03991513170335757,-0.03999879866606483,0.3594937195119607,0.9384134834384312,0.06699888037477689,-1.241663436912075,-0.5507482263762088,2.321114132796189,2.158941334042531,-0.007175028324127197,-0.00021244585514068604,-0.013644501566886902,0.00033031776547431946,-0.039773475378751755,0.0056032706052064896,0.9941955804824829,-0.007175028324127197,-0.00021244585514068604,-0.013644501566886902,0.00033031776547431946,-0.039773475378751755,0.0056032706052064896,-1.0,0.05556360823274181,-0.2756041592179484,1.1263999683946322,0.04645925484080393,0.1969109155969336,0.9024998346667837,0.0,0.0,0.0,0,0.0376
