step,query,infer_s,eef_x,eef_y,eef_z,eef_qx,eef_qy,eef_qz,eef_qw,gripper_q0,gripper_q1,joint_0,joint_1,joint_2,joint_3,joint_4,joint_5,joint_6,act_raw_0,act_raw_1,act_raw_2,act_raw_3,act_raw_4,act_raw_5,act_raw_6,act_env_0,act_env_1,act_env_2,act_env_3,act_env_4,act_env_5,act_env_6,akita_black_bowl_1_x,akita_black_bowl_1_y,akita_black_bowl_1_z,plate_1_x,plate_1_y,plate_1_z,force_akita_black_bowl_1,force_plate_1,force_other,n_contacts,sim_s
0,1,0.0547,-0.2076902019941238,0.01689215049399429,1.1845495281596072,0.9996129210545233,0.0017200294268635563,-0.027766750520088274,0.0002390087185611036,0.038722176349753015,-0.03872337873964926,0.017111286963297417,-0.17598000391396357,0.019472770353215874,-2.4285571409671936,0.005987870227185116,2.197071233565705,0.8150327018426237,0.09293466806411743,0.001992449164390564,0.05970008671283722,-0.009344518184661865,0.020216211676597595,-0.0033442899584770203,0.9990482926368713,0.09293466806411743,0.001992449164390564,0.05970008671283722,-0.009344518184661865,0.020216211676597595,-0.0033442899584770203,-1.0,0.08670609290860966,-0.14321844066302586,1.0625599683749658,0.06426401513702933,0.1968852888506487,0.9024995673059236,0.0,0.0,0.0,0,0.0417
1,0,0.0,-0.20745264633660498,0.016815390155816526,1.1846584437242438,0.9996158520581071,0.0013709969032691949,-0.027678610090769534,0.00040401123455535877,0.03884318406467395,-0.038846931889049134,0.01643769790347378,-0.1755019631272825,0.02005089605720226,-2.4277440809288584,0.005660547310774477,2.196915802536963,0.8158050585294827,0.14411498606204987,-0.12841247022151947,0.1116904467344284,0.0032905833795666695,0.0038864510133862495,-0.001959456130862236,1.00332510471344,0.14411498606204987,-0.12841247022151947,0.1116904467344284,0.0032905833795666695,0.0038864510133862495,-0.001959456130862236,-1.0,0.08670609282077617,-0.14321844084362828,1.0625599683749969,0.0642640151462034,0.19688528888065687,0.9024997617621902,0.0,0.0,0.0,0,0.0419
2,0,0.0,-0.2065401792647076,0.016136690040840403,1.185289182677419,0.999635177028286,0.0009576679371758323,-0.026984440978222418,0.0006600491204825053,0.03889961098258416,-0.038931792085578926,0.01545864524061388,-0.17449757211902733,0.019556616194681686,-2.4251028046561256,0.0047909155364586325,2.1967143792209867,0.815729808123819,0.22348687052726746,-0.13391698896884918,0.2033614069223404,-0.006572150159627199,-0.003843287006020546,-0.0014439132064580917,1.0094000101089478,0.22348687052726746,-0.13391698896884918,0.2033614069223404,-0.006572150159627199,-0.003843287006020546,-0.0014439132064580917,-1.0,0.08670609278202411,-0.14321844092330982,1.0625599683749973,0.06426401514835288,0.19688528888960027,0.9024998147869767,0.0,0.0,0.0,0,0.0413
3,0,0.0,-0.20480861341856396,0.014712242575329899,1.186790202519536,0.999677264972763,0.0004883546303553477,-0.02538201689146136,0.000938416139752235,0.03894564211573273,-0.03898222768087244,0.014126625471253084,-0.17334159699909485,0.01785518634616925,-2.4201947183452353,0.0033936509885091446,2.1962125172104625,0.8145227060101221,0.3526933193206787,-0.11854599416255951,0.291226863861084,-0.014372026547789574,-0.0026939883828163147,-0.0013461355119943619,0.9995982050895691,0.3526933193206787,-0.11854599416255951,0.291226863861084,-0.014372026547789574,-0.0026939883828163147,-0.0013461355119943619,-1.0,0.08670609276492677,-0.1432184409584652,1.0625599683749973,0.06426401514884425,0.19688528889224316,0.9024998292459088,0.0,0.0,0.0,0,0.0407
4,1,0.0536,-0.2020625406270674,0.013070309184538184,1.189200763697184,0.9997377061172039,0.00017682450232747726,-0.022851005250626322,0.0015229115672429367,0.03899039852518547,-0.03902636249216862,0.012716218920594938,-0.17137174856622833,0.01595923443437926,-2.4122652937594307,0.0011144995101961752,2.1953438704082213,0.8132622782226792,0.3999275267124176,0.09736885875463486,0.09566830098628998,-0.010713506489992142,0.048865530639886856,-0.013164912350475788,1.0035988092422485,0.3999275267124176,0.09736885875463486,0.09566830098628998,-0.010713506489992142,0.048865530639886856,-0.013164912350475788,-1.0,0.08670609275738347,-0.14321844097397574,1.0625599683749973,0.06426401514895269,0.19688528889301862,0.9024998331886069,0.0,0.0,0.0,0,0.0426
5,0,0.0,-0.19890194333291394,0.012606977519889637,1.1905368138310606,0.9997678500882382,2.137231658649874e-05,-0.021465616257749287,0.0018635428192814892,0.039041037010761635,-0.0390649565165102,0.011917199952780486,-0.16515633210973363,0.015951298247373995,-2.402598788924319,8.497926053457913e-05,2.1944635842040445,0.8134083256904647,0.5066442489624023,0.05121144652366638,0.21339164674282074,-0.032502345740795135,0.038455795496702194,-0.022675497457385063,0.9931679964065552,0.5066442489624023,0.05121144652366638,0.21339164674282074,-0.032502345740795135,0.038455795496702194,-0.022675497457385063,-1.0,0.08670609275405536,-0.14321844098081898,1.0625599683749973,0.06426401514897541,0.19688528889324483,0.9024998342637116,0.0,0.0,0.0,0,0.0419
6,0,0.0,-0.1947929872808109,0.012858294330741494,1.191383782777485,0.9997864384932077,-0.0006883160224145368,-0.02047303906422224,0.0027309883914945514,0.03908208987784177,-0.03910520567551833,0.011462916258969759,-0.15514910395516865,0.017208001860020146,-2.3896609047048534,-0.0021187617264575393,2.1935151315569406,0.8170327635101386,0.7169494032859802,-0.03906002640724182,0.338345468044281,-0.04470664635300636,0.02564988285303116,-0.014507779851555824,0.9898327589035034,0.7169494032859802,-0.03906002640724182,0.338345468044281,-0.04470664635300636,0.02564988285303116,-0.014507779851555824,-1.0,0.08670609275258698,-0.14321844098383818,1.0625599683749973,0.06426401514897975,0.1968852888933105,0.9024998345568738,0.0,0.0,0.0,0,0.0414
7,0,0.0,-0.1887737683611001,0.01257431227074811,1.193399475573959,0.9998238762380034,-0.001809446016851013,-0.018053764483772074,0.004796248272325157,0.03911980663045579,-0.03914523748015937,0.010823285567890896,-0.142591541319185,0.01807847111339026,-2.371134531726794,-0.007524927826384902,2.192364826180387,0.8227586782777976,0.8479732871055603,-0.1319485455751419,0.39104801416397095,-0.03942161425948143,-0.003389798104763031,0.007698744535446167,1.004180669784546,0.8479732871055603,-0.1319485455751419,0.39104801416397095,-0.03942161425948143,-0.003389798104763031,0.007698744535446167,-1.0,0.08670609275193918,-0.14321844098517023,1.0625599683749973,0.06426401514898045,0.19688528889332943,0.9024998346368139,0.0,0.0,0.0,0,0.0418
8,1,0.054,-0.18067966574659391,0.011556431911582055,1.1964871225104026,0.999869916828929,-0.002367139325362533,-0.014128852339992186,0.007410911109884947,0.03915556388158875,-0.039183888610658024,0.00990378288657557,-0.12695595256312292,0.017938891637544842,-2.346779741537962,-0.014639841855210809,2.1914025011052494,0.8269801646348752,0.9180960655212402,0.046323277056217194,0.3444325923919678,-0.05956248193979263,0.04895694553852081,0.0004592370241880417,1.0109727382659912,0.9180960655212402,0.046323277056217194,0.3444325923919678,-0.05956248193979263,0.04895694553852081,0.0004592370241880417,-1.0,0.08670609275165334,-0.14321844098575795,1.0625599683749973,0.06426401514898046,0.19688528889333484,0.9024998346586124,0.0,0.0,0.0,0,0.0418
9,0,0.0,-0.1716592464651639,0.010806728252017478,1.1993107432542367,0.9998838383811509,-0.0021200230984620982,-0.011045733049713324,0.010286254305224646,0.03919257769487361,-0.039218092235353046,0.00920744413280089,-0.1073234610010274,0.018422108951179444,-2.3182326033784877,-0.02230207335461201,2.1882471755205968,0.830719675091586,0.9311744570732117,0.023524850606918335,0.3906194567680359,-0.04111699387431145,0.023624219000339508,0.0015730392187833786,0.9981809854507446,0.9311744570732117,0.023524850606918335,0.3906194567680359,-0.04111699387431145,0.023624219000339508,0.0015730392187833786,-1.0,0.08670609275152724,-0.14321844098601721,1.0625599683749973,0.06426401514898046,0.19688528889333637,0.9024998346645562,0.0,0.0,0.0,0,0.0414
10,0,0.0,-0.16181659113255942,0.010834873173204727,1.202261437809284,0.9998746894563268,-0.0017991303250936563,-0.008696009380479222,0.013105263657826754,0.03922711758841264,-0.03925172323721299,0.008911457798301945,-0.08481232164859445,0.019925512388132817,-2.2852213804932466,-0.029539286413364042,2.182175839787439,0.8353988588089333,0.9059337377548218,-0.02192436158657074,0.44465768337249756,-0.01461644098162651,0.011429707519710064,0.0471358448266983,0.9994065761566162,0.9059337377548218,-0.02192436158657074,0.44465768337249756,-0.01461644098162651,0.011429707519710064,0.0471358448266983,-1.0,0.08670609275147162,-0.1432184409861316,1.0625599683749973,0.06426401514898046,0.1968852888933368,0.9024998346661771,0.0,0.0,0.0,0,0.0411
11,0,0.0,-0.1513975340949954,0.011179184733120882,1.2061618399084015,0.9998657073026516,-0.0004636133690771316,-0.006466984544696848,0.015050931323680294,0.039259364324372846,-0.03928472216544534,0.008781819245262577,-0.06176544377181196,0.021348601275495066,-2.248490249508374,-0.03457377091659832,2.172736638404143,0.8365096692289574,0.9021292924880981,-0.07587164640426636,0.4548187255859375,-0.005565906409174204,0.0012199915945529938,0.056640155613422394,0.9977148771286011,0.9021292924880981,-0.07587164640426636,0.4548187255859375,-0.005565906409174204,0.0012199915945529938,0.056640155613422394,-1.0,0.0867060927514471,-0.14321844098618203,1.0625599683749973,0.06426401514898046,0.1968852888933368,0.9024998346666192,0.0,0.0,0.0,0,0.041
12,1,0.0537,-0.14068899226335385,0.011178826639908377,1.2108454497042538,0.9998573321583424,0.0020996178590770853,-0.004374012966067302,0.01617946057875456,0.039288611877291095,-0.03931792247354044,0.008523915130133541,-0.03861994013323527,0.02174260774886991,-2.2091222305732643,-0.03770716606875529,2.160651837380799,0.8328401240200127,0.9480268955230713,0.05738239735364914,0.5296313166618347,-0.06128385290503502,0.01701364293694496,0.019639134407043457,0.9963019490242004,0.9480268955230713,0.05738239735364914,0.5296313166618347,-0.06128385290503502,0.01701364293694496,0.019639134407043457,-1.0,0.08670609275143627,-0.1432184409862043,1.0625599683749973,0.06426401514898046,0.1968852888933368,0.9024998346667397,0.0,0.0,0.0,0,0.0425
13,0,0.0,-0.12975095580041301,0.01073499108454554,1.2161343761957988,0.9998221867749237,0.004444237890464331,-0.0024363350506876914,0.018163365704153184,0.03931713596494711,-0.039349165295455124,0.008257774215104733,-0.015096601482666755,0.021920353062577246,-2.1672162173313385,-0.04301424857145695,2.1459941986165365,0.8305392212543248,0.9743662476539612,0.02586408704519272,0.5211442708969116,-0.04132625833153725,0.00347247626632452,0.02506738156080246,0.9987190365791321,0.9743662476539612,0.02586408704519272,0.5211442708969116,-0.04132625833153725,0.00347247626632452,0.02506738156080246,-1.0,0.0867060927514315,-0.14321844098621409,1.0625599683749973,0.06426401514898046,0.1968852888933368,0.9024998346667725,0.0,0.0,0.0,0,0.0414
14,0,0.0,-0.1183851183540798,0.010657385714173701,1.2218669901884016,0.9997623021839438,0.006288240544229107,-0.0003721899249855753,0.020872437264895682,0.03934544420400788,-0.03937806259637375,0.008290431589948234,0.009518170538897423,0.02290240526842753,-2.1225461497661193,-0.04971213355789779,2.1298511671378026,0.8307822181026362,0.9843698740005493,-0.003636866807937622,0.4947930574417114,-0.02821343019604683,1.778174191713333e-05,0.03515821322798729,0.9981367588043213,0.9843698740005493,-0.003636866807937622,0.4947930574417114,-0.02821343019604683,1.778174191713333e-05,0.03515821322798729,-1.0,0.08670609275142939,-0.14321844098621841,1.0625599683749973,0.06426401514898046,0.1968852888933368,0.9024998346667815,0.0,0.0,0.0,0,0.0416
15,0,0.0,-0.1066332052530805,0.010808355631152837,1.2275737791826802,0.9996977132150238,0.00816088978126972,0.001783633095602052,0.0231235966841029,0.03937170851932352,-0.03940655089897902,0.00839603467483789,0.03563809625145562,0.023969183129374908,-2.0757919572505195,-0.05528355729501775,2.113320474549484,0.8302646211491079,0.9824057817459106,-0.04628348350524902,0.4527356028556824,-0.009500792250037193,-0.0068923234939575195,0.042158614844083786,1.0068669319152832,0.9824057817459106,-0.04628348350524902,0.4527356028556824,-0.009500792250037193,-0.0068923234939575195,0.042158614844083786,-1.0,0.08670609275142845,-0.14321844098622033,1.0625599683749973,0.06426401514898046,0.1968852888933368,0.9024998346667837,0.0,0.0,0.0,0,0.0414
16,1,0.0535,-0.09463765824084587,0.010866316009238692,1.2329959581376246,0.9996366394889284,0.010251384215251957,0.0039027733078834323,0.024622479027487924,0.039396156261605,-0.03943450571399094,0.00841617206768282,0.06322093887723729,0.024539801332218843,-2.0275298521025475,-0.05904085165620303,2.096798318857,0.8276049026263564,0.8995689749717712,-0.019067421555519104,0.313182532787323,-0.0214410237967968,-0.0015565212815999985,0.04966007173061371,1.0617625713348389,0.8995689749717712,-0.019067421555519104,0.313182532787323,-0.0214410237967968,-0.0015565212815999985,0.04966007173061371,-1.0,0.08670609275142804,-0.14321844098622116,1.0625599683749973,0.06426401514898046,0.1968852888933368,0.9024998346667837,0.0,0.0,0.0,0,0.0421
17,0,0.0,-0.08293129523988585,0.010702059066415283,1.2374729819834287,0.9995705759797714,0.012824650349822553,0.0051815250433459095,0.025832997834107432,0.03941951471823841,-0.03946130112476218,0.008414134154485033,0.09213451429732591,0.02466586212582714,-1.9792631478494689,-0.06212872927025449,2.0799127348906086,0.8230324822813532,0.91450035572052,-0.04720592498779297,0.2910757064819336,-0.0047601815313100815,-0.002522217109799385,0.04841537028551102,0.9605235457420349,0.91450035572052,-0.04720592498779297,0.2910757064819336,-0.0047601815313100815,-0.002522217109799385,0.04841537028551102,-1.0,0.08670609275142786,-0.14321844098622155,1.0625599683749973,0.06426401514898046,0.1968852888933368,0.9024998346667837,0.0,0.0,0.0,0,0.0413
18,0,0.0,-0.07136902322302459,0.01048437904582877,1.2411450336849612,0.9995003460613665,0.01566467350555112,0.006147279003316216,0.02675606824680088,0.03944193473911824,-0.039486884302087695,0.008397289800096686,0.12209419402973126,0.024590088780644784,-1.9309761306274769,-0.06443958164705633,2.0636103555315737,0.8173093008148151,0.9257858395576477,-0.07204511761665344,0.2742640972137451,0.00023099081590771675,-0.0016954299062490463,0.03647305443882942,0.9675422310829163,0.9257858395576477,-0.07204511761665344,0.2742640972137451,0.00023099081590771675,-0.0016954299062490463,0.03647305443882942,-1.0,0.08670609275142786,-0.14321844098622155,1.0625599683749973,0.06426401514898046,0.1968852888933368,0.9024998346667837,0.0,0.0,0.0,0,0.0406
19,0,0.0,-0.059728506990490676,0.010003347484269124,1.2444136795137049,0.9994397028266652,0.018145714628190868,0.007292877986787058,0.027162978206517835,0.03946267322146227,-0.03951208754447247,0.008239237973461778,0.1528852826828324,0.02393908492692342,-1.8820809749442453,-0.06551628681666319,2.0479658417998094,0.8110006356707391,0.907976508140564,-0.13055630028247833,0.2210240513086319,-0.001704036956652999,-0.0012477533891797066,0.02922068163752556,0.9596304893493652,0.907976508140564,-0.13055630028247833,0.2210240513086319,-0.001704036956652999,-0.0012477533891797066,0.02922068163752556,-1.0,0.08670609275142786,-0.14321844098622155,1.0625599683749973,0.06426401514898046,0.1968852888933368,0.9024998346667837,0.0,0.0,0.0,0,0.0407
20,1,0.0537,-0.0481588785991507,0.008904317439631215,1.2471755488028964,0.9993866691941802,0.020055012296321617,0.008343274620490075,0.027467648012948192,0.03948174431922131,-0.03953698289402026,0.007869328522008596,0.18445504578631897,0.022418761712257977,-1.8327692763767531,-0.06617414168716768,2.032517953449436,0.8045356676750364,0.9207555651664734,-0.0457371324300766,0.2525869607925415,-0.004249791149049997,0.0009684106335043907,0.04072631523013115,1.0198136568069458,0.9207555651664734,-0.0457371324300766,0.2525869607925415,-0.004249791149049997,0.0009684106335043907,0.04072631523013115,-1.0,0.08670609275142786,-0.14321844098622155,1.0625599683749973,0.06426401514898046,0.1968852888933368,0.9024998346667837,0.0,0.0,0.0,0,0.0421
21,0,0.0,-0.03663732372265028,0.007871986348875752,1.2497392410174708,0.9993252617787645,0.02223016617075979,0.009529886822524316,0.02764095041732314,0.039502101500713004,-0.039558705911162714,0.007583005410496515,0.21645832781153707,0.021003329509177545,-1.7826846890809942,-0.06642782869104048,2.017071313195463,0.7974080020295307,0.9059885740280151,-0.09398916363716125,0.22555069625377655,-0.001281949458643794,0.0006607547402381897,0.039892565459012985,1.015657663345337,0.9059885740280151,-0.09398916363716125,0.22555069625377655,-0.001281949458643794,0.0006607547402381897,0.039892565459012985,-1.0,0.08670609275142786,-0.14321844098622155,1.0625599683749973,0.06426401514898046,0.1968852888933368,0.9024998346667837,0.0,0.0,0.0,0,0.0413
22,0,0.0,-0.02522592944125739,0.006934558136762141,1.2521922753354209,0.9992511841504703,0.024665452294442614,0.010775964046932283,0.027795054161697794,0.03952037479853723,-0.039580710222428026,0.007375356939198171,0.24883245712460883,0.019654181575892035,-1.731724280986139,-0.06656050424454275,2.001222134361285,0.7898712812285461,0.9053109288215637,-0.16449062526226044,0.17465569078922272,-0.0006421594880521297,0.0009180931374430656,0.040367528796195984,1.0134170055389404,0.9053109288215637,-0.16449062526226044,0.17465569078922272,-0.0006421594880521297,0.0009180931374430656,0.040367528796195984,-1.0,0.08670609275142786,-0.14321844098622155,1.0625599683749973,0.06426401514898046,0.1968852888933368,0.9024998346667837,0.0,0.0,0.0,0,0.0409
23,0,0.0,-0.01390882282678395,0.005447672646092479,1.2542007154453991,0.9991692683439998,0.02699684589247603,0.01198280962127744,0.028077674090865645,0.03953687220706287,-0.03960276052668048,0.006984323665035518,0.28199396770163454,0.01763840797291822,-1.6801102821661869,-0.06667092877185012,1.9854826092732838,0.7817051770469052,0.8716040849685669,-0.2488517314195633,0.0848369151353836,0.0007208371534943581,0.001926482655107975,0.04630253463983536,1.0235226154327393,0.8716040849685669,-0.2488517314195633,0.0848369151353836,0.0007208371534943581,0.001926482655107975,0.04630253463983536,-1.0,0.08670609275142786,-0.14321844098622155,1.0625599683749973,0.06426401514898046,0.1968852888933368,0.9024998346667837,0.0,0.0,0.0,0,0.0406
24,1,0.0531,-0.0027775444931804846,0.003148056391064763,1.255376850721922,0.9990779957456976,0.029400923751534025,0.01289522763946471,0.028503634916303623,0.039552053404221806,-0.039624470446403805,0.006256677983236637,0.3161868386429667,0.014684600324378362,-1.6283210536524382,-0.06661026724137001,1.9700681816909928,0.772122627677369,0.8810861110687256,-0.1874648779630661,0.2389800101518631,-0.0003471300005912781,0.005210484378039837,0.03618879243731499,1.0114949941635132,0.8810861110687256,-0.1874648779630661,0.2389800101518631,-0.0003471300005912781,0.005210484378039837,0.03618879243731499,-1.0,0.08670609275142786,-0.14321844098622155,1.0625599683749973,0.06426401514898046,0.1968852888933368,0.9024998346667837,0.0,0.0,0.0,0,0.0428
25,0,0.0,0.008174633596705371,0.0005784030068006407,1.2568161095248855,0.9989773589641878,0.03186155519393963,0.014110143092796462,0.028809398457099615,0.039567897584131255,-0.03964393366450245,0.005371648583969372,0.3501477046494737,0.011461822954948417,-1.5753757414828025,-0.06589292928677644,1.9540022625877693,0.7617905075006273,0.851921796798706,-0.2421284168958664,0.19171808660030365,0.00234394334256649,-0.008974498137831688,0.042511507868766785,1.0035537481307983,0.851921796798706,-0.2421284168958664,0.19171808660030365,0.00234394334256649,-0.008974498137831688,0.042511507868766785,-1.0,0.08670609275142786,-0.14321844098622155,1.0625599683749973,0.06426401514898046,0.1968852888933368,0.9024998346667837,0.0,0.0,0.0,0,0.0415
26,0,0.0,0.018930888749207456,-0.002106163283051323,1.2587672875430156,0.9988655322778432,0.03429067771581551,0.01574444505164551,0.02905013423557662,0.03958236434520381,-0.039663259801351075,0.004371614725585657,0.38383872014785836,0.008102630903125737,-1.5211051789012944,-0.06472235026823882,1.9371728234233783,0.7511151537364663,0.8214757442474365,-0.27763187885284424,0.154927060008049,0.0063403332605957985,-0.010321827605366707,0.04818663001060486,1.009648084640503,0.8214757442474365,-0.27763187885284424,0.154927060008049,0.0063403332605957985,-0.010321827605366707,0.04818663001060486,-1.0,0.08670609275142786,-0.14321844098622155,1.0625599683749973,0.06426401514898046,0.1968852888933368,0.9024998346667837,0.0,0.0,0.0,0,0.0418
27,0,0.0,0.02940884336945553,-0.005145787039669242,1.260467077625729,0.9987380843017445,0.03692856273630529,0.017444437567856526,0.0292269022897121,0.03959599332614636,-0.0396819738853673,0.003094013060258056,0.417850916627073,0.004372196002688151,-1.4663560548663492,-0.06296521500255425,1.9203421163880217,0.7393137064378258,0.7919386029243469,-0.30611294507980347,0.09831292927265167,0.012270991690456867,-0.010407904163002968,0.05481866002082825,1.0056967735290527,0.7919386029243469,-0.30611294507980347,0.09831292927265167,0.012270991690456867,-0.010407904163002968,0.05481866002082825,-1.0,0.08670609275142786,-0.14321844098622155,1.0625599683749973,0.06426401514898046,0.1968852888933368,0.9024998346667837,0.0,0.0,0.0,0,0.0417
28,1,0.0546,0.03954383777556572,-0.008490428333597292,1.2616404192333561,0.9985961118196054,0.03990249843241633,0.019054190730394008,0.029163914230185904,0.03960899270662895,-0.03969993078496175,0.0014612847425747623,0.45235846943111835,0.0003187273367613214,-1.4114671316213556,-0.06024726625814489,1.9037241441763035,0.72607182217465,0.8681461811065674,-0.30083173513412476,0.08550015091896057,0.00468429084867239,-0.006255816668272018,0.050338245928287506,1.0096015930175781,0.8681461811065674,-0.30083173513412476,0.08550015091896057,0.00468429084867239,-0.006255816668272018,0.050338245928287506,-1.0,0.08670609275142786,-0.14321844098622155,1.0625599683749973,0.06426401514898046,0.1968852888933368,0.9024998346667837,0.0,0.0,0.0,0,0.0414
29,0,0.0,0.04978223463054648,-0.012154396563170706,1.2622382447702698,0.9984220660462969,0.043054212313431595,0.0212917627164704,0.029092502029537053,0.03962111148968389,-0.03971744071409303,-0.0004929362791296395,0.4881459916521957,-0.004034396884200344,-1.3556732669841236,-0.05706234670679154,1.8888407383880883,0.7120645997897047,0.816970944404602,-0.32885849475860596,0.06669297814369202,0.00698880385607481,-0.003639021422713995,0.06991838663816452,1.0105116367340088,0.816970944404602,-0.32885849475860596,0.06669297814369202,0.00698880385607481,-0.003639021422713995,0.06991838663816452,-1.0,0.08670609275142786,-0.14321844098622155,1.0625599683749973,0.06426401514898046,0.1968852888933368,0.9024998346667837,0.0,0.0,0.0,0,0.0414
30,0,0.0,0.05986935684831572,-0.015991911091627144,1.262294998915621,0.998203204540171,0.046721714218989074,0.023657168871426933,0.029116700142021917,0.03963296328904326,-0.03973394828741036,-0.0027110188146942417,0.5249838327461739,-0.008441039812557472,-1.2988827485725671,-0.053649127991004415,1.8741902286825671,0.6968619983830693,0.7498813271522522,-0.37123697996139526,0.04744108021259308,0.011234245263040066,-0.00199255533516407,0.08457445353269577,0.9965235590934753,0.7498813271522522,-0.37123697996139526,0.04744108021259308,0.011234245263040066,-0.00199255533516407,0.08457445353269577,-1.0,0.08670609275142786,-0.14321844098622155,1.0625599683749973,0.06426401514898046,0.1968852888933368,0.9024998346667837,0.0,0.0,0.0,0,0.0413
31,0,0.0,0.069343990057286,-0.020074625332534596,1.2620872924198172,0.9979350841566734,0.05123187750115582,0.025596654943177508,0.029080470983789877,0.03964386210063912,-0.039750196489164634,-0.005355804898555493,0.5619826523511436,-0.012953829022368723,-1.241516034387259,-0.049670314684034086,1.8583019370030507,0.6795755750820213,0.6685415506362915,-0.3737325668334961,0.050266653299331665,0.016601912677288055,0.003005102276802063,0.12045622617006302,1.0074310302734375,0.6685415506362915,-0.3737325668334961,0.050266653299331665,0.016601912677288055,0.003005102276802063,0.12045622617006302,-1.0,0.08670609275142786,-0.14321844098622155,1.0625599683749973,0.06426401514898046,0.1968852888933368,0.9024998346667837,0.0,0.0,0.0,0,0.0415
32,1,0.0541,0.07800843376028747,-0.02423290410295543,1.26185737349235,0.9975850894978209,0.05717605513627061,0.026996913907174274,0.028741165080177624,0.03965486294485269,-0.0397651866213035,-0.008483660702455948,0.5985553345680662,-0.01731739892204304,-1.1838376662222092,-0.044777087895258416,1.8406054192178922,0.6590310838132969,0.8364885449409485,-0.35378777980804443,0.02516801655292511,0.008338697254657745,0.0006125606596469879,0.03995212912559509,1.0000008344650269,0.8364885449409485,-0.35378777980804443,0.02516801655292511,0.008338697254657745,0.0006125606596469879,0.03995212912559509,-1.0,0.08670609275142786,-0.14321844098622155,1.0625599683749973,0.06426401514898046,0.1968852888933368,0.9024998346667837,0.0,0.0,0.0,0,0.0435
33,0,0.0,0.0869253049206194,-0.02885204443677801,1.2613694062588856,0.9972215991877721,0.06207682987888935,0.02975808762145163,0.02846059603526454,0.03966362300863166,-0.0397813004594068,-0.012163811047740801,0.6366016159890916,-0.02212217822182025,-1.1245089302511122,-0.03927571729487887,1.8256009075651884,0.6404176648252903,0.7799597978591919,-0.3849794864654541,-0.01587231457233429,0.012346628122031689,0.004530913196504116,0.05263536423444748,1.0172700881958008,0.7799597978591919,-0.3849794864654541,-0.01587231457233429,0.012346628122031689,0.004530913196504116,0.05263536423444748,-1.0,0.08670609275142786,-0.14321844098622155,1.0625599683749973,0.06426401514898046,0.1968852888933368,0.9024998346667837,0.0,0.0,0.0,0,0.0423
34,0,0.0,0.09589228490223857,-0.03368148752430542,1.25995535441314,0.9969018025690116,0.06551488375578701,0.03310899450818716,0.028255805134116248,0.039673072453214886,-0.03979564729196663,-0.016226500707155794,0.676677270452929,-0.027023165072367603,-1.0636551068650875,-0.03341317218963863,1.8119584041075847,0.6244981416949414,0.6558548808097839,-0.44654035568237305,-0.04722326993942261,0.02213798090815544,-0.0028272997587919235,0.08547716587781906,1.0014851093292236,0.6558548808097839,-0.44654035568237305,-0.04722326993942261,0.02213798090815544,-0.0028272997587919235,0.08547716587781906,-1.0,0.08670609275142786,-0.14321844098622155,1.0625599683749973,0.06426401514898046,0.1968852888933368,0.9024998346667837,0.0,0.0,0.0,0,0.0416
35,0,0.0,0.10404402396486089,-0.03858832772584923,1.2581114056810914,0.9965364550472959,0.06968572031851894,0.03581312066875343,0.027864216002277238,0.039681999864505206,-0.03980949840244629,-0.020859508485737574,0.7171118424606773,-0.03170545901219147,-1.0020736289106702,-0.02697148638698068,1.7965832588782544,0.6069536793866376,0.5298969745635986,-0.442796528339386,-0.11807653307914734,0.017735052853822708,-0.0017731385305523872,0.11181198805570602,0.9973865747451782,0.5298969745635986,-0.442796528339386,-0.11807653307914734,0.017735052853822708,-0.0017731385305523872,0.11181198805570602,-1.0,0.08670609275142786,-0.14321844098622155,1.0625599683749973,0.06426401514898046,0.1968852888933368,0.9024998346667837,0.0,0.0,0.0,0,0.042
36,1,0.0537,0.1110532720552002,-0.04365977172558538,1.2559993695069436,0.9960789333086026,0.07535728114404994,0.037491198015078525,0.02724791494346192,0.03969065288500861,-0.039822655928603796,-0.026190826567731758,0.7571225929128181,-0.03613312511892175,-0.9405851275902181,-0.0200556172604804,1.7787708592184406,0.5862650515253381,0.5753093957901001,-0.33870625495910645,-0.16250857710838318,0.007451636716723442,0.004665832035243511,0.1520305573940277,1.0018571615219116,0.5753093957901001,-0.33870625495910645,-0.16250857710838318,0.007451636716723442,0.004665832035243511,0.1520305573940277,-1.0,0.08670609275142786,-0.14321844098622155,1.0625599683749973,0.06426401514898046,0.1968852888933368,0.9024998346667837,0.0,0.0,0.0,0,0.0428
37,0,0.0,0.11759635103446281,-0.04831433520915341,1.2533734343808702,0.9954028206819026,0.08317161801509232,0.039356525038438235,0.02658515510884603,0.03970047120854278,-0.03983373023240829,-0.03176387291008854,0.7976635324673436,-0.03960315139249497,-0.878910992471981,-0.013292776769625352,1.76182107517517,0.562223346096384,0.5147078037261963,-0.3725045919418335,-0.30911606550216675,0.008216038346290588,-0.0012512626126408577,0.14955666661262512,0.9907727241516113,0.5147078037261963,-0.3725045919418335,-0.30911606550216675,0.008216038346290588,-0.0012512626126408577,0.14955666661262512,-1.0,0.08670609275142786,-0.14321844098622155,1.0625599683749973,0.06426401514898046,0.1968852888933368,0.9024998346667837,0.0,0.0,0.0,0,0.0414
38,0,0.0,0.12379918850162201,-0.05280587050833879,1.2494799394171912,0.9945553480675263,0.09204689368957014,0.041295265785424966,0.026109960093657392,0.03970881716679517,-0.03984539578672123,-0.0376324696383479,0.839554325495576,-0.04244951199709976,-0.8174978606438896,-0.007064361747703291,1.7465417403261523,0.5369675701221562,0.3283296227455139,-0.33766382932662964,-0.4318609833717346,0.00868152640759945,-0.008520928211510181,0.1415831446647644,0.9723795056343079,0.3283296227455139,-0.33766382932662964,-0.4318609833717346,0.00868152640759945,-0.008520928211510181,0.1415831446647644,-1.0,0.08670609275142786,-0.14321844098622155,1.0625599683749973,0.06426401514898046,0.1968852888933368,0.9024998346667837,0.0,0.0,0.0,0,0.042
39,0,0.0,0.12888985553841784,-0.05727753982588331,1.2443064115663305,0.9937048541486461,0.10077452127463099,0.041861452639343745,0.025353056742916602,0.039717740462639,-0.03985562694897949,-0.04390778597990294,0.8816447260378902,-0.04482881305486085,-0.7574061465868025,-0.0009096091651912288,1.7297816112065239,0.5123366849723996,0.16144752502441406,-0.21421532332897186,-0.5581469535827637,-0.0012222062796354294,-0.010002556256949902,0.1432362198829651,0.9877972602844238,0.16144752502441406,-0.21421532332897186,-0.5581469535827637,-0.0012222062796354294,-0.010002556256949902,0.1432362198829651,-1.0,0.08670609275142786,-0.14321844098622155,1.0625599683749973,0.06426401514898046,0.1968852888933368,0.9024998346667837,0.0,0.0,0.0,0,0.0416
40,1,0.0536,0.13250686574057707,-0.061100820651072404,1.2383014919353827,0.9928681295272788,0.10952856431919022,0.04047986782585936,0.0240364570596239,0.03972817242245062,-0.03986353130881107,-0.0500195102275281,0.9228642747567362,-0.04620496923405381,-0.6991500855973997,0.004769987757698113,1.7098620543622194,0.4887122465304777,0.4772089123725891,-0.03244417905807495,-0.2971165180206299,0.0025408323854207993,0.010842730291187763,0.23010441660881042,0.991836428642273,0.4772089123725891,-0.03244417905807495,-0.2971165180206299,0.0025408323854207993,0.010842730291187763,0.23010441660881042,-1.0,0.08670609275142786,-0.14321844098622155,1.0625599683749973,0.06426401514898046,0.1968852888933368,0.9024998346667837,0.0,0.0,0.0,0,0.0427
41,0,0.0,0.13661516071125981,-0.06310501233349769,1.2328223992013245,0.9915280671753496,0.12087271078632167,0.04177550603202146,0.022730747599879697,0.0397399812629144,-0.03986930067682959,-0.05494918330722113,0.9643283475895151,-0.045362855235722206,-0.6398255295470088,0.009630401763878478,1.694908437652317,0.46238455901555864,0.2569320797920227,-0.14543716609477997,-0.4079422950744629,0.00038698501884937286,0.0064521124586462975,0.24032732844352722,1.0003608465194702,0.2569320797920227,-0.14543716609477997,-0.4079422950744629,0.00038698501884937286,0.0064521124586462975,0.24032732844352722,-1.0,0.08670609275142786,-0.14321844098622155,1.0625599683749973,0.06426401514898046,0.1968852888933368,0.9024998346667837,0.0,0.0,0.0,0,0.0419
42,0,0.0,0.14027864427981426,-0.06458481700628312,1.2270929072549608,0.9897735852706206,0.13411583884138883,0.04334694514970924,0.021959827380907012,0.03974849008919063,-0.03987765137490908,-0.05942139514716324,1.005960824163598,-0.04374441105811552,-0.5804863029012334,0.012819209912879324,1.6802262393599179,0.4335628466589382,0.1865861564874649,-0.21956603229045868,-0.47693198919296265,-0.000215982086956501,0.007275219075381756,0.2307637333869934,0.9863008260726929,0.1865861564874649,-0.21956603229045868,-0.47693198919296265,-0.000215982086956501,0.007275219075381756,0.2307637333869934,-1.0,0.08670609275142786,-0.14321844098622155,1.0625599683749973,0.06426401514898046,0.1968852888933368,0.9024998346667837,0.0,0.0,0.0,0,0.0408
43,0,0.0,0.14276718827230506,-0.06680260415831699,1.2208232211190515,0.9878958183468215,0.14727976132693515,0.04364776496347082,0.02157305286780386,0.03975554029179085,-0.03988674013042333,-0.06444046890102702,1.047296379775417,-0.04237683515916407,-0.521980360333008,0.014936528128357994,1.6638529838751717,0.40430149504316054,0.14969635009765625,-0.3148985505104065,-0.48731839656829834,0.0008006119169294834,0.03508291766047478,0.21263951063156128,0.9546219706535339,0.14969635009765625,-0.3148985505104065,-0.48731839656829834,0.0008006119169294834,0.03508291766047478,0.21263951063156128,-1.0,0.08670609275142786,-0.14321844098622155,1.0625599683749973,0.06426401514898046,0.1968852888933368,0.9024998346667837,0.0,0.0,0.0,0,0.0409
44,1,0.0537,0.14436993642677917,-0.06998129730342867,1.2139381531494282,0.9859789356048944,0.15971385629489093,0.04332673496409385,0.021443336685413386,0.039761603089128655,-0.03989611345780728,-0.07039337299801547,1.088630195299896,-0.041219781431102484,-0.46434390985687435,0.016367745255693275,1.6472075998781004,0.3754871623846756,0.16685855388641357,-0.19057150185108185,-0.8350455164909363,0.009348532184958458,-0.0003348495811223984,0.05362346023321152,1.0051302909851074,0.16685855388641357,-0.19057150185108185,-0.8350455164909363,0.009348532184958458,-0.0003348495811223984,0.05362346023321152,-1.0,0.08670609275142786,-0.14321844098622155,1.0625599683749973,0.06426401514898046,0.1968852888933368,0.9024998346667837,0.0,0.0,0.0,0,0.0411
45,0,0.0,0.14582002594344554,-0.07349576282532352,1.2050632001070123,0.9846390493345341,0.16783275655403665,0.04345014394053903,0.020741102781763325,0.039768896280603296,-0.0399035513093102,-0.07657045347953853,1.1312897728072893,-0.041113044599516854,-0.40952087169255524,0.019743813848246243,1.6352514528708886,0.3551759519251486,-0.16128554940223694,-0.23907597362995148,-0.8946725130081177,0.010723800398409367,-0.012435883283615112,0.05702073127031326,1.011675477027893,-0.16128554940223694,-0.23907597362995148,-0.8946725130081177,0.010723800398409367,-0.012435883283615112,0.05702073127031326,-1.0,0.08670609275142786,-0.14321844098622155,1.0625599683749973,0.06426401514898046,0.1968852888933368,0.9024998346667837,0.0,0.0,0.0,0,0.0419
46,0,0.0,0.14599216121573008,-0.07684882671708561,1.19451117363093,0.9840086681937176,0.17215750519030054,0.04153314527900241,0.019071763670670448,0.0397771859573077,-0.039909322171623324,-0.08274098567117935,1.1743765449860442,-0.04104900940378262,-0.35631056565109726,0.02340961598420868,1.6204242501900807,0.34218489075547254,-0.5009310841560364,-0.3002079129219055,-0.9499534368515015,0.0011991877108812332,-0.051680054515600204,0.054679639637470245,0.9920295476913452,-0.5009310841560364,-0.3002079129219055,-0.9499534368515015,0.0011991877108812332,-0.051680054515600204,0.054679639637470245,-1.0,0.08670609275142786,-0.14321844098622155,1.0625599683749973,0.06426401514898046,0.1968852888933368,0.9024998346667837,0.0,0.0,0.0,0,0.0408
47,0,0.0,0.143793081701266,-0.0805778817342177,1.1847406251594323,0.983648114531926,0.17560510822490707,0.03622888448591901,0.01693223765514638,0.03978457275802435,-0.039915390714918536,-0.0893999584120584,1.2156833177616209,-0.041143523829938314,-0.3020941480124458,0.026030567493801223,1.5960459808073693,0.3304750577068796,-0.6512869596481323,-0.29230231046676636,-0.9799324870109558,0.0030514849349856377,-0.0652635395526886,0.06373746693134308,0.9910758137702942,-0.6512869596481323,-0.29230231046676636,-0.9799324870109558,0.0030514849349856377,-0.0652635395526886,0.06373746693134308,-1.0,0.08670609275142786,-0.14321844098622155,1.0625599683749973,0.06426401514898046,0.1968852888933368,0.9024998346667837,0.0,0.0,0.0,0,0.0417
48,1,0.0532,0.1398232552746299,-0.08453035828029767,1.1761361156143648,0.9832990648387208,0.17906469550571902,0.029202789412608326,0.014352038226773329,0.03979234878123555,-0.03992049612556321,-0.09659989569235013,1.2561280138304973,-0.041009678261460264,-0.24541700682122303,0.02814422711473045,1.5649338076314798,0.31834143803607956,-0.5076470375061035,-0.31996941566467285,-0.7722354531288147,0.0019723246805369854,-0.14868378639221191,0.003764113411307335,1.0020462274551392,-0.5076470375061035,-0.31996941566467285,-0.7722354531288147,0.0019723246805369854,-0.14868378639221191,0.003764113411307335,-1.0,0.08670609275142786,-0.14321844098622155,1.0625599683749973,0.06426401514898046,0.1968852888933368,0.9024998346667837,0.0,0.0,0.0,0,0.0423
49,0,0.0,0.13620943403233074,-0.08882614811919096,1.1695427714509319,0.9830528727057939,0.181049803372213,0.02589936490089151,0.012539579797526268,0.03979745569220148,-0.03992771135688411,-0.10448142215415014,1.2969648881342462,-0.04054101087603687,-0.18456270213112436,0.030283463635509628,1.5381547847106847,0.30907749473300417,-0.5951721668243408,-0.2299545854330063,-0.7747228145599365,-0.0025493514258414507,-0.1356169581413269,-4.7126784920692444e-05,0.9920098185539246,-0.5951721668243408,-0.2299545854330063,-0.7747228145599365,-0.0025493514258414507,-0.1356169581413269,-4.7126784920692444e-05,-1.0,0.08670609275142786,-0.14321844098622155,1.0625599683749973,0.06426401514898046,0.1968852888933368,0.9024998346667837,0.0,0.0,0.0,0,0.0443
50,0,0.0,0.13228468824964473,-0.09290961097700993,1.1636976082345263,0.9830384626709588,0.18144895224199584,0.02438440021624289,0.010819411531719843,0.03980590225418275,-0.03993105144504376,-0.11243425516036878,1.3390351186491602,-0.03944515411506116,-0.1202796773322463,0.03245395660314808,1.51208079233617,0.303104686962225,-0.7192157506942749,-0.11813680827617645,-0.7414673566818237,0.0011305012740194798,-0.1383594423532486,0.005929781123995781,0.9939773678779602,-0.7192157506942749,-0.11813680827617645,-0.7414673566818237,0.0011305012740194798,-0.1383594423532486,0.005929781123995781,-1.0,0.08670609275142786,-0.14321844098622155,1.0625599683749973,0.06426401514898046,0.1968852888933368,0.9024998346667837,0.0,0.0,0.0,0,0.043
51,0,0.0,0.1271132278678369,-0.09601785088191943,1.1567925949304159,0.9830930985043745,0.18173192812533231,0.02092737696000702,0.007969370520285873,0.03981536172236766,-0.03993287831986536,-0.11951048957079101,1.3796039617525975,-0.037451047529399775,-0.06121242756623912,0.03459333328823596,1.4843936128588056,0.2982184347299166,-0.8292704224586487,0.000451892614364624,-0.8264002799987793,-0.0005209012888371944,-0.14727537333965302,0.01672198623418808,0.9931046366691589,-0.8292704224586487,0.000451892614364624,-0.8264002799987793,-0.0005209012888371944,-0.14727537333965302,0.01672198623418808,-1.0,0.08670609275142786,-0.14321844098622155,1.0625599683749973,0.06426401514898046,0.1968852888933368,0.9024998346667837,0.0,0.0,0.0,0,0.0422
52,1,0.0554,0.1232599954029765,-0.09849344848876451,1.1426927294972278,0.9832116946145614,0.18226890613323748,0.008411684068101269,0.0014328298199268548,0.039823010224485325,-0.0399360705734649,-0.12451179455262691,1.3929573405431115,-0.03455186124089293,-0.06645323216066028,0.036827043786157886,1.475407713586958,0.2926572222164116,-0.5199759006500244,-0.0452413409948349,-0.7907328605651855,0.0019944398663938046,-0.13148407638072968,-0.009462151676416397,1.0042980909347534,-0.5199759006500244,-0.0452413409948349,-0.7907328605651855,0.0019944398663938046,-0.13148407638072968,-0.009462151676416397,-1.0,0.08670609275142786,-0.14321844098622155,1.0625599683749973,0.06426401514898046,0.1968852888933368,0.9024998346667837,0.0,0.0,0.0,0,0.0435
53,0,0.0,0.12088729716705976,-0.10034200239985613,1.1355996075856876,0.9831719793689033,0.18265031642118368,0.0017455828105660267,-0.002945137640971312,0.039829894221889206,-0.03993954290278924,-0.12842338327615277,1.3995497342936214,-0.03154379094689739,-0.06916361039768955,0.038111687763517255,1.4697358317792666,0.2886192584804463,-0.6258170008659363,-0.010717660188674927,-0.7557311654090881,0.0008773976005613804,-0.12325632572174072,-0.0024845581501722336,1.001231074333191,-0.6258170008659363,-0.010717660188674927,-0.7557311654090881,0.0008773976005613804,-0.12325632572174072,-0.0024845581501722336,-1.0,0.08670609275142786,-0.14321844098622155,1.0625599683749973,0.06426401514898046,0.1968852888933368,0.9024998346667837,0.0,0.0,0.0,0,0.044
54,0,0.0,0.11857676905222593,-0.10177140456036346,1.130504500893357,0.9831686438958297,0.1825345730640162,-0.003863890203099577,-0.006754083866061966,0.03983887563708303,-0.039758246797823575,-0.13172572719264816,1.4047273639095692,-0.028451502370783262,-0.06954699441713218,0.038880889341702765,1.4624210590469824,0.2861343338875509,-0.7138308882713318,0.045970141887664795,-0.7077713012695312,-0.007288165390491486,-0.1075187474489212,-0.003976564854383469,1.0062569379806519,-0.7138308882713318,0.045970141887664795,-0.7077713012695312,-0.007288165390491486,-0.1075187474489212,-0.003976564854383469,-1.0,0.08659937289693008,-0.14343784238495413,1.0625597766444181,0.06426401514898046,0.1968852888933368,0.9024998346667837,0.0,0.0,55.54070288126674,1,0.0465
55,0,0.0,0.11619769262715754,-0.10250885044025257,1.1305891295186157,0.9831151123207937,0.18250792647814193,-0.008147592560045137,-0.010447460676946092,0.03984770711450961,-0.0371409955585921,-0.13437333687908928,1.4032695730942888,-0.025097380382751774,-0.06963287066484518,0.03981500655857538,1.4503605677523241,0.28428845332592284,-0.753951907157898,0.01598067581653595,-0.6663047075271606,-0.006042224355041981,-0.10551802068948746,-0.007869824767112732,0.9982783794403076,-0.753951907157898,0.01598067581653595,-0.6663047075271606,-0.006042224355041981,-0.10551802068948746,-0.007869824767112732,-1.0,0.08509834908110585,-0.14652426408543032,1.0625599613121441,0.06426401514898046,0.1968852888933368,0.9024998346667837,0.0,0.0,21.332008172245757,1,0.0497
56,1,0.0534,0.11306176670467466,-0.10342639146307848,1.1304729213326903,0.9830243002390862,0.18238804972674583,-0.014296701667102837,-0.013907867477412442,0.0398554173961671,-0.034453562780628555,-0.13695650095896722,1.4017984739015064,-0.02231857174259688,-0.06967363087605538,0.03970035563422518,1.4349723338652387,0.2825455606757162,-0.36904042959213257,-0.07770839333534241,-0.42028504610061646,-0.0013437930028885603,-0.06335002928972244,8.412636816501617e-05,0.9900420308113098,-0.36904042959213257,-0.07770839333534241,-0.42028504610061646,-0.0013437930028885603,-0.06335002928972244,8.412636816501617e-05,-1.0,0.08326047619142866,-0.15030328421981196,1.0625599681604274,0.06426401514898046,0.1968852888933368,0.9024998346667837,0.0,0.0,27.91498005074402,1,0.0543
57,0,0.0,0.11090172936328929,-0.10491848855479223,1.130340856254045,0.9829427675448791,0.1822867359361267,-0.018286287375782737,-0.016145380979563015,0.039860860443937364,-0.033604043831589665,-0.13981352993710902,1.4009715383562618,-0.020033783174250686,-0.06971936419095245,0.03904166031253199,1.4255268748104353,0.28029273525433357,-0.5766986608505249,-0.07602760195732117,-0.38945096731185913,-0.0031924082431942225,-0.08927740156650543,0.0031387358903884888,1.0205328464508057,-0.5766986608505249,-0.07602760195732117,-0.38945096731185913,-0.0031924082431942225,-0.08927740156650543,0.0031387358903884888,-1.0,0.0818533454441892,-0.15319661472637577,1.0625599684043714,0.06426401514898046,0.1968852888933368,0.9024998346667837,0.0,0.0,13.598797605941291,1,0.0477
58,0,0.0,0.10867425978372933,-0.10666451600736598,1.1301835232708797,0.982825569857048,0.18226166007822558,-0.02234714490052299,-0.01830823900575758,0.03986939662500343,-0.0342221823038194,-0.14293675372607217,1.4001846126664248,-0.017976217649465744,-0.06971105359748093,0.038399689283955075,1.4153294090042592,0.2775952319474871,-0.6663989424705505,-0.08888426423072815,-0.3951120972633362,-0.001239169854670763,-0.10401739180088043,0.007916910573840141,1.0166276693344116,-0.6663989424705505,-0.08888426423072815,-0.3951120972633362,-0.001239169854670763,-0.10401739180088043,0.007916910573840141,-1.0,0.08074393183397406,-0.15547778184902525,1.0625599684101552,0.06426401514898046,0.1968852888933368,0.9024998346667837,0.0,0.0,0.0,0,0.0472
59,0,0.0,0.10552879908866689,-0.10839709545728542,1.129973804108262,0.982592542118186,0.18236796606586886,-0.028320235903569344,-0.02125524323746166,0.039877474025324725,-0.03542105072792725,-0.1462932010099083,1.3990468901796698,-0.01600759429658923,-0.06968363813578665,0.038037655983348025,1.4008205961900102,0.2744459007490272,-0.6628589630126953,-0.08257181942462921,-0.4287296533584595,-0.001985912211239338,-0.13499866425991058,0.00949295237660408,0.9980322122573853,-0.6628589630126953,-0.08257181942462921,-0.4287296533584595,-0.001985912211239338,-0.13499866425991058,0.00949295237660408,-1.0,0.07975921610855762,-0.1575025462858432,1.0625599684596976,0.06426401514898046,0.1968852888933368,0.9024998346667837,0.0,0.0,0.0,0,0.0461
60,1,0.0561,0.10230429002209449,-0.11021202398303555,1.1295963154216149,0.9822595929805774,0.18271915272119513,-0.03437557892243352,-0.02445654922971705,0.039884985563079435,-0.036652298036791604,-0.14987649029860356,1.398197523995206,-0.014056874122238145,-0.06967270381211203,0.03801892478909092,1.3864170866617203,0.27061847082448615,-0.3064284324645996,0.06336436420679092,-0.3064207434654236,-0.04171019047498703,-0.006971872411668301,-0.00026755593717098236,0.026381274685263634,-0.3064284324645996,0.06336436420679092,-0.3064207434654236,-0.04171019047498703,-0.006971872411668301,-0.00026755593717098236,1.0,0.07903562766474947,-0.15899038292788198,1.0625599689402414,0.06426401514898046,0.1968852888933368,0.9024998346667837,0.0,0.0,0.0,0,0.0507
61,0,0.0,0.10009659440760096,-0.11156189340742848,1.1294252313286453,0.9820283695115878,0.18286782797513107,-0.03854328534086419,-0.026344906930980138,0.039498265825508,-0.03600237186066036,-0.15221390395765944,1.3975108559440712,-0.012598118512496086,-0.06972638650207975,0.037101676930456386,1.3767858485204647,0.26824205245162963,-0.2782973051071167,0.025535255670547485,-0.2560856342315674,-0.034472811967134476,-0.00415395013988018,0.0019977372139692307,0.011881140060722828,-0.2782973051071167,0.025535255670547485,-0.2560856342315674,-0.034472811967134476,-0.00415395013988018,0.0019977372139692307,1.0,0.07800692936691042,-0.16110558415919174,1.0625599684023845,0.06426401514898046,0.1968852888933368,0.9024998346667837,0.0,0.0,13.234385018238093,1,0.0454
62,0,0.0,0.09844341645988909,-0.11224135993821772,1.1294822540919744,0.9818928308398385,0.1827624844254239,-0.042071977042714176,-0.026726237664342137,0.0373985057248884,-0.03430952870189237,-0.1529429727130907,1.3967156517324844,-0.011955795612561321,-0.06975343432369374,0.0347361258410475,1.3690861114064419,0.2675578052830686,-0.28033214807510376,-0.006114959716796875,-0.2613983154296875,-0.02594834938645363,-0.014431972056627274,0.0008256658911705017,0.00720888702198863,-0.28033214807510376,-0.006114959716796875,-0.2613983154296875,-0.02594834938645363,-0.014431972056627274,0.0008256658911705017,1.0,0.0769085508584778,-0.1633640610208264,1.0625599683907576,0.06426401514898046,0.1968852888933368,0.9024998346667837,0.0,0.0,11.51246387487475,1,0.0462
63,0,0.0,0.09683722168537937,-0.11257214883864365,1.1295900450557295,0.9817508695767481,0.18264183056801686,-0.045684687631952756,-0.026834700073465213,0.03403210958959671,-0.03246489878412885,-0.15308105145856127,1.3958808484786136,-0.011578779704643093,-0.06975790520265174,0.03216058429712959,1.361351731185608,0.26738364248103286,-0.27469661831855774,-0.05180099606513977,-0.2913399934768677,-0.010476045310497284,-0.021390410140156746,0.002536192536354065,-0.008115797303617,-0.27469661831855774,-0.05180099606513977,-0.2913399934768677,-0.010476045310497284,-0.021390410140156746,0.002536192536354065,1.0,0.07590876324629886,-0.16541981612479878,1.0625599683844689,0.06426401514898046,0.1968852888933368,0.9024998346667837,0.0,0.0,11.575658551398057,1,0.0453
64,1,0.0545,0.09526260176966839,-0.11280268893621735,1.1296809656732838,0.9815914146811624,0.18253699596462383,-0.049149901932736044,-0.027254850365510883,0.029946742868212185,-0.030597078332640994,-0.15330514458960925,1.3951015802242954,-0.011092682812406947,-0.06975883125812057,0.030205175449755744,1.3537460667871017,0.26718805928971195,-0.2742578089237213,0.02962762862443924,-0.5567955374717712,0.007458887994289398,-0.15093600749969482,-0.004153382033109665,0.020543914288282394,-0.2742578089237213,0.02962762862443924,-0.5567955374717712,0.007458887994289398,-0.15093600749969482,-0.004153382033109665,1.0,0.07494847940415554,-0.16739434392357094,1.0625599683800813,0.06426401514898046,0.1968852888933368,0.9024998346667837,0.0,0.0,13.79276819658857,1,0.0462
65,0,0.0,0.09453264807492444,-0.1126027725097484,1.12964627974158,0.9814818400900933,0.18255200308115643,-0.05046796985528874,-0.028655675931773993,0.025465494280063772,-0.029557807308383855,-0.15377220753224896,1.3948893338270896,-0.009558608176089974,-0.06973316946404057,0.030652610707958935,1.3502953202002985,0.2671021138636929,-0.3077334761619568,0.14118224382400513,-0.5481988787651062,-0.0008556614629924297,-0.12983988225460052,0.026848580688238144,0.010453284718096256,-0.3077334761619568,0.14118224382400513,-0.5481988787651062,-0.0008556614629924297,-0.12983988225460052,0.026848580688238144,1.0,0.07456941802040133,-0.16817376637119388,1.062559968423816,0.06426401514898046,0.1968852888933368,0.9024998346667837,0.0,0.0,24.85616382886775,1,0.0464
66,0,0.0,0.09407262127295797,-0.11151607475841831,1.1295851802732517,0.9813561358145028,0.18264259270642733,-0.05110350856593319,-0.03114882728053174,0.020777716046123614,-0.0282645757899243,-0.1537755396630963,1.3947429000939673,-0.007192420174758498,-0.06971934411569662,0.03272985573146243,1.3471983204638938,0.2678015131278318,-0.3186105787754059,0.2834091782569885,-0.45708656311035156,0.0010812599211931229,-0.1413847655057907,0.025164887309074402,-0.00719064474105835,-0.3186105787754059,0.2834091782569885,-0.45708656311035156,0.0010812599211931229,-0.1413847655057907,0.025164887309074402,1.0,0.074540499985784,-0.16823322740116345,1.0625599683765288,0.06426401514898046,0.1968852888933368,0.9024998346667837,0.0,0.0,25.983111995751393,1,0.0477
67,0,0.0,0.09339406345004743,-0.10915321162818882,1.129664576102052,0.981154783359534,0.1827820394355873,-0.052456252813336754,-0.034268917275796035,0.015974984369456154,-0.02583180331198296,-0.1524178606943567,1.3942553526340125,-0.004475077979817267,-0.0697064760830121,0.03537893451571159,1.3420866656442012,0.26995479493761826,-0.32770735025405884,0.4109407067298889,-0.3014717400074005,-0.002617924939841032,-0.14789226651191711,0.03643883392214775,-0.0201191995292902,-0.32770735025405884,0.4109407067298889,-0.3014717400074005,-0.002617924939841032,-0.14789226651191711,0.03643883392214775,1.0,0.07463041372078519,-0.16804834739946947,1.0625599683876312,0.06426401514898046,0.1968852888933368,0.9024998346667837,0.0,0.0,18.76163685190216,1,0.0492
68,1,0.0537,0.09286299425575253,-0.10545233664334716,1.130029690346562,0.9807769848123348,0.18379839053251185,-0.05382569529312401,-0.03738251230581201,0.011096993941555418,-0.019975621039245973,-0.14932245582716253,1.3933677226012309,-0.0016815647236082005,-0.0696962869864036,0.038003896783577476,1.3366644152228662,0.27202981376551894,-0.5761789679527283,-0.004049569368362427,-0.6348721385002136,0.001213075127452612,-0.19882707297801971,0.02315959334373474,1.0348877906799316,-0.5761789679527283,-0.004049569368362427,-0.6348721385002136,0.001213075127452612,-0.19882707297801971,0.02315959334373474,-1.0,0.07482715135427587,-0.16764381706823647,1.0625599683743256,0.06426401514898046,0.1968852888933368,0.9024998346667837,0.0,0.0,27.07446920762513,1,0.0485
69,0,0.0,0.0918363578522592,-0.10306091637688758,1.1302589748424026,0.9805091232026231,0.18406501546075318,-0.05632027935502328,-0.039369474637424365,0.007565218692288712,-0.01635609207319807,-0.14733197446144605,1.392572783769437,3.444747518134978e-05,-0.06967963802286428,0.03865646492738986,1.329827940108682,0.2741767623727395,-0.5667003989219666,0.03736841678619385,-0.7027024626731873,0.0030229948461055756,-0.1949544996023178,0.015447046607732773,0.036718349903821945,-0.5667003989219666,0.03736841678619385,-0.7027024626731873,0.0030229948461055756,-0.1949544996023178,0.015447046607732773,1.0,0.07469302000863576,-0.16791961720593482,1.0625599683264582,0.06426401514898046,0.1968852888933368,0.9024998346667837,0.0,0.0,22.224373270651807,1,0.0454
70,0,0.0,0.09054022265206159,-0.10229186639125801,1.1304064660120365,0.9802809166155773,0.18403555649840306,-0.05891054286058998,-0.041349563522683555,0.00604395851999101,-0.014218768669476637,-0.14732836611403174,1.3918668919790127,0.0015648636364518863,-0.06967375582788139,0.039391678724949364,1.3229325516781898,0.27480398161327807,-0.46245336532592773,0.10535983741283417,-0.7670202255249023,0.006831581704318523,-0.18807093799114227,0.005006778985261917,-0.03090958669781685,-0.46245336532592773,0.10535983741283417,-0.7670202255249023,0.006831581704318523,-0.18807093799114227,0.005006778985261917,1.0,0.0741122867487764,-0.16911371627471106,1.062559968367488,0.06426401514898046,0.1968852888933368,0.9024998346667837,0.0,0.0,28.439485537614853,1,0.0456
71,0,0.0,0.08957713925977674,-0.10150625788586935,1.130500988849689,0.9800579549994675,0.18408875724003793,-0.0605163820820339,-0.043994338269601446,0.00401256856827062,-0.01249837265695392,-0.1477566326524592,1.3913965672641642,0.0036286660342657344,-0.06967962056209297,0.041480977051949176,1.3178008807091883,0.27518786393509437,-0.45110660791397095,0.1342102438211441,-0.7507805228233337,0.0004342133179306984,-0.17876142263412476,-0.010428761132061481,-0.09978486597537994,-0.45110660791397095,0.1342102438211441,-0.7507805228233337,0.0004342133179306984,-0.17876142263412476,-0.010428761132061481,1.0,0.07372929275019482,-0.16990122519686277,1.0625599683996971,0.06426401514898046,0.1968852888933368,0.9024998346667837,0.0,0.0,35.321929018440564,1,0.0528
72,1,0.0559,0.08913993854335357,-0.10072026346551619,1.130660307681575,0.9798732460342418,0.18434621919395933,-0.06095771762101722,-0.04635784548106736,0.004217743346408505,-0.01128904602193364,-0.14813308716255097,1.391037261436506,0.005668626814115331,-0.0696850808524568,0.043681919127047546,1.3151463372219825,0.2751987093980935,-0.2820398211479187,0.1721315085887909,-0.62015700340271,-0.008698467165231705,-0.060604989528656006,-0.0036834795027971268,-0.021197326481342316,-0.2820398211479187,0.1721315085887909,-0.62015700340271,-0.008698467165231705,-0.060604989528656006,-0.0036834795027971268,1.0,0.07366425500785372,-0.17003495516187095,1.0625599683847886,0.06426401514898046,0.1968852888933368,0.9024998346667837,0.0,0.0,36.45602392508978,2,0.0552
73,0,0.0,0.08878902316740815,-0.09995750563568898,1.1307794345019941,0.9797119317076963,0.1846340613299266,-0.06148409760226384,-0.047900939535933926,0.005152595685103178,-0.009953608535905809,-0.14800606498602908,1.3907163820362036,0.007145408001150795,-0.06972770425836804,0.04479782021891837,1.3128479298471645,0.2753461618364168,-0.2810603678226471,0.1706802248954773,-0.556198239326477,-0.018800340592861176,-0.06572307646274567,-0.002116687595844269,-0.01579681783914566,-0.2810603678226471,0.1706802248954773,-0.556198239326477,-0.018800340592861176,-0.06572307646274567,-0.002116687595844269,1.0,0.0736309984231861,-0.17010333709682315,1.0625599683763676,0.06426401514898046,0.1968852888933368,0.9024998346667837,0.0,0.0,36.343786547761084,2,0.0523
74,0,0.0,0.0884336760129636,-0.099098966072588,1.1309183802484997,0.9795935702229097,0.18480807877634747,-0.06235703255004138,-0.048518158337686454,0.006134369665785643,-0.00868631976518026,-0.14718326733720827,1.3903583562957775,0.007932029831129965,-0.06974260037084665,0.04470056432453242,1.3104963849842937,0.27604271688977744,-0.3082597851753235,0.19939899444580078,-0.4696059226989746,-0.017704717814922333,-0.0746423602104187,0.0010828953236341476,-0.02405521646142006,-0.3082597851753235,0.19939899444580078,-0.4696059226989746,-0.017704717814922333,-0.0746423602104187,0.0010828953236341476,1.0,0.07361075155622837,-0.1701449685201579,1.0625599683794056,0.06426401514898046,0.1968852888933368,0.9024998346667837,0.0,0.0,31.5657607903543,2,0.0523
75,0,0.0,0.08804913491870235,-0.09804353572449302,1.131087289948145,0.9794864651362681,0.18492656018382778,-0.0634703390770452,-0.04878471083114684,0.007249811170871759,-0.007275618218867842,-0.14587676971550884,1.3899319157441736,0.00833658672994735,-0.0697433613078998,0.044279181356374896,1.3078279085766933,0.2771821073537886,-0.2256382405757904,0.2364898920059204,-0.16430997848510742,-0.047635048627853394,-0.060748547315597534,-0.01016123965382576,-0.027249809354543686,-0.2256382405757904,0.2364898920059204,-0.16430997848510742,-0.047635048627853394,-0.060748547315597534,-0.01016123965382576,1.0,0.07362047800357696,-0.17012496906888339,1.06255996837699,0.06426401514898046,0.1968852888933368,0.9024998346667837,0.0,0.0,24.726937696641997,2,0.0485
76,1,0.0534,0.08751730941711669,-0.09661470091009912,1.1313207007989738,0.9793873793135615,0.18490532564002587,-0.06518469014160533,-0.0485936000149397,0.005883653532360667,-0.005246628598088036,-0.14372339516163557,1.3893244541825014,0.008319595771678616,-0.06974497002854421,0.04308375906706988,1.3041394446815584,0.2792429038262865,-0.5983151197433472,-0.1469767838716507,-0.6936736106872559,-0.0005399524234235287,-0.17834439873695374,0.0020394157618284225,-0.011886555701494217,-0.5983151197433472,-0.1469767838716507,-0.6936736106872559,-0.0005399524234235287,-0.17834439873695374,0.0020394157618284225,1.0,0.07368829483489067,-0.1699855246560673,1.0625599683707714,0.06426401514898046,0.1968852888933368,0.9024998346667837,0.0,0.0,4.450524714375181,1,0.0573
77,0,0.0,0.08668586518659609,-0.09641289423315003,1.1314787407180071,0.9792949580588103,0.18477812570229019,-0.0673301271433482,-0.048011283688328396,0.005632817136921349,-0.004121617789236804,-0.14306858607514703,1.3888030457675622,0.007880869017346609,-0.06970598044769007,0.04113527526687626,1.2999129379229268,0.27974366314353616,-0.43020886182785034,-0.10418781638145447,-0.4725925326347351,-7.022591307759285e-05,-0.15598981082439423,-0.007557434029877186,-0.023165317252278328,-0.43020886182785034,-0.10418781638145447,-0.4725925326347351,-7.022591307759285e-05,-0.15598981082439423,-0.007557434029877186,1.0,0.0732665650740965,-0.17085268236729323,1.0625599683207352,0.06426401514898046,0.1968852888933368,0.9024998346667837,0.0,0.0,29.274670599890563,2,0.0527
78,0,0.0,0.08587299275987204,-0.09776282215081894,1.1315280057997614,0.9791912838900662,0.18476085319563607,-0.06864995351943719,-0.048322257417497995,0.005221571426536903,-0.003912317925605176,-0.14489898925993758,1.3885187016874565,0.00794187055745349,-0.06970215723536478,0.04064427016455746,1.296883338381175,0.2779015234171473,-0.338127464056015,0.0015610158443450928,-0.3081517219543457,-3.255438059568405e-06,-0.14704056084156036,-0.0037700105458498,-0.004598887171596289,-0.338127464056015,0.0015610158443450928,-0.3081517219543457,-3.255438059568405e-06,-0.14704056084156036,-0.0037700105458498,1.0,0.07252389887847333,-0.1723797465039904,1.0625599683805638,0.06426401514898046,0.1968852888933368,0.9024998346667837,0.0,0.0,18.537390459774443,2,0.0507
79,0,0.0,0.08531469891504906,-0.09888172765772296,1.1315552351021143,0.9790727645287556,0.18487097513309755,-0.06912991382447682,-0.049601404475850715,0.004517533460948921,-0.003669141194790279,-0.14703420852678134,1.3883648742977042,0.008731704269136335,-0.06970972092946724,0.04176871092293318,1.2949260896975592,0.27597186742503876,-0.08999796211719513,0.2606382966041565,0.14634834229946136,-0.02845652401447296,-0.1297433227300644,0.0009832307696342468,-0.0008028821321204305,-0.08999796211719513,0.2606382966041565,0.14634834229946136,-0.02845652401447296,-0.1297433227300644,0.0009832307696342468,1.0,0.07199641575220057,-0.17346435284879808,1.062559968396777,0.06426401514898046,0.1968852888933368,0.9024998346667837,0.0,0.0,9.143815781456098,1,0.0449
80,1,0.0535,0.08570163301106623,-0.09844077007372111,1.1330893638460078,0.9789827681795938,0.18566713139834826,-0.0674585398495151,-0.05069320789906652,0.0033273836476528686,-0.002618080023184231,-0.14720911542872908,1.3862829582060718,0.010002180022152017,-0.06969488037707972,0.04362116376552191,1.2954951085677713,0.2748530656249391,-0.3524424433708191,0.03857731819152832,-0.43249887228012085,-0.03419803828001022,-0.1028234139084816,-0.0010638479143381119,0.005732723046094179,-0.3524424433708191,0.03857731819152832,-0.43249887228012085,-0.03419803828001022,-0.1028234139084816,-0.0010638479143381119,1.0,0.07174020218555194,-0.17399117697709257,1.0625599683893348,0.06426401514898046,0.1968852888933368,0.9024998346667837,0.0,0.0,0.0,0,0.0461
81,0,0.0,0.0853215503448934,-0.0978040404851634,1.1331983751990091,0.9788090031737975,0.18611105306273412,-0.06858520564382252,-0.050908553314652605,0.002358163593319728,-0.0018632353886170806,-0.14641642434218877,1.3856858337676081,0.01013873878035097,-0.0705758710890454,0.04304186808471308,1.2931168315495551,0.2747706771219527,-0.3286139667034149,0.029619529843330383,-0.1137189269065857,-0.025735095143318176,-0.11111754179000854,-0.008578312583267689,-0.013972382992506027,-0.3286139667034149,0.029619529843330383,-0.1137189269065857,-0.025735095143318176,-0.11111754179000854,-0.008578312583267689,1.0,0.07162741942227366,-0.17422307992537214,1.0625599683814624,0.06426401514898046,0.1968852888933368,0.9024998346667837,0.0,0.0,0.0,0,0.0445
82,0,0.0,0.08436957675740936,-0.09782890219466123,1.1327178860667828,0.9786708800842621,0.18604541283410936,-0.0708162909882293,-0.05074904697776071,0.0018173307122570576,-0.0014251817129934826,-0.14613507295811004,1.3866001750499786,0.0098427519965785,-0.0693427191915478,0.04164581931210885,1.2887419856341336,0.2749048520658488,-0.2449055314064026,-0.0006343722343444824,0.12401752173900604,-0.025570768862962723,-0.11801983416080475,-0.013065272942185402,-0.008836218155920506,-0.2449055314064026,-0.0006343722343444824,0.12401752173900604,-0.025570768862962723,-0.11801983416080475,-0.013065272942185402,1.0,0.07157766355965828,-0.17432538750233367,1.062559968377855,0.06426401514898046,0.1968852888933368,0.9024998346667837,0.0,0.0,0.0,0,0.0428
83,0,0.0,0.08382337200110046,-0.0980855163303693,1.134222099930411,0.978689794492087,0.1857252997988863,-0.0716415007027146,-0.0503973664858791,0.0015137738682701582,-0.0011808326890345527,-0.14625458569863,1.3840584163498204,0.009694292864265545,-0.06958602958165272,0.04064030736003836,1.2852855006598876,0.2753531315166643,-0.20182350277900696,-0.016367614269256592,0.3767309784889221,-0.027984939515590668,-0.09587053954601288,-0.023040734231472015,-0.008941574022173882,-0.20182350277900696,-0.016367614269256592,0.3767309784889221,-0.027984939515590668,-0.09587053954601288,-0.023040734231472015,1.0,0.07155571206355729,-0.17437052397990135,1.0625599683762588,0.06426401514898046,0.1968852888933368,0.9024998346667837,0.0,0.0,0.0,0,0.0423
84,1,0.053,0.08339035485452348,-0.09859679754555528,1.1384188789007925,0.978900561609936,0.18496793119023264,-0.07126627066568259,-0.04961525548016575,0.0013495524424517343,-0.0010387130728986781,-0.14668785107142335,1.3779201280367424,0.009517490506730869,-0.06967587838930839,0.03966347379039708,1.2805291206467653,0.2765568231579949,-0.0903078019618988,0.1256370097398758,0.15910713374614716,-0.050706103444099426,-0.05529651790857315,-0.0020858198404312134,0.007242459803819656,-0.0903078019618988,0.1256370097398758,0.15910713374614716,-0.050706103444099426,-0.05529651790857315,-0.0020858198404312134,1.0,0.07154602723183354,-0.17439043784763214,1.0625599683755544,0.06426401514898046,0.1968852888933368,0.9024998346667837,0.0,0.0,0.0,0,0.0424
85,0,0.0,0.08304131324513167,-0.09857996450083581,1.1428824317524582,0.9790488386933491,0.1846485245515604,-0.07086533690506773,-0.04843963108309733,0.0012657536436171235,-0.0009513622752119276,-0.14611428384007555,1.3715467055072366,0.009144900085017399,-0.06996226577548341,0.03815039252631968,1.275990471394527,0.2775577062710899,-0.07975281774997711,0.05534248799085617,0.33016854524612427,-0.042095161974430084,-0.07183468341827393,-0.007751060649752617,-0.005788685288280249,-0.07975281774997711,0.05534248799085617,0.33016854524612427,-0.042095161974430084,-0.07183468341827393,-0.007751060649752617,1.0,0.07154175432324085,-0.17439922376554667,1.0625599683752436,0.06426401514898046,0.1968852888933368,0.9024998346667837,0.0,0.0,0.0,0,0.0429
86,0,0.0,0.0830467470314854,-0.09813282957350207,1.147228644836988,0.9792198706859961,0.1846086722410474,-0.06993819943320684,-0.046440620658417135,0.0012066640741750937,-0.0009023020333821931,-0.14461195630358764,1.3656121735178377,0.008438014147274403,-0.06964386850310363,0.03582395040824178,1.2729387099935232,0.2787408695853209,-0.012326925992965698,0.09786099195480347,0.6500315070152283,-0.05321009084582329,-0.05460023134946823,-0.01952461712062359,0.004549556877464056,-0.012326925992965698,0.09786099195480347,0.6500315070152283,-0.05321009084582329,-0.05460023134946823,-0.01952461712062359,1.0,0.07153986912641376,-0.17440310009105575,1.0625599683751064,0.06426401514898046,0.1968852888933368,0.9024998346667837,0.0,0.0,0.0,0,0.0421
87,0,0.0,0.08323356779750322,-0.09756013680914177,1.1536045755092517,0.9795731626318979,0.18409805491450587,-0.06801973218637292,-0.0437908810293808,0.001160965087757752,-0.0008572367324928555,-0.14273918533829366,1.3566270239200733,0.007577968204035507,-0.06970664811440941,0.033164184165653025,1.2695601257138636,0.2812242680076438,-0.00696699321269989,0.08992066979408264,0.8537678122520447,-0.00888590794056654,-0.05417659133672714,-0.028489522635936737,0.0004191867483314127,-0.00696699321269989,0.08992066979408264,0.8537678122520447,-0.00888590794056654,-0.05417659133672714,-0.028489522635936737,1.0,0.07153903738085103,-0.1744048103191314,1.062559968375046,0.06426401514898046,0.1968852888933368,0.9024998346667837,0.0,0.0,0.0,0,0.0417
88,1,0.0534,0.08332195035677321,-0.09641068226708452,1.1627221777428978,0.9800816482794756,0.1829697656783783,-0.06501323702761931,-0.04165701098944245,0.0011181808278766091,-0.0008134774677920858,-0.14074031783423782,1.3438870599636095,0.007342291516672741,-0.06973876092898754,0.03192800286837644,1.2641035131212326,0.28569165123289963,-0.8785251379013062,-0.1569310873746872,-0.9694288372993469,0.0028188275173306465,-0.11089988052845001,0.014271140098571777,1.0088385343551636,-0.8785251379013062,-0.1569310873746872,-0.9694288372993469,0.0028188275173306465,-0.11089988052845001,0.014271140098571777,-1.0,0.07153867041589573,-0.17440556486931774,1.0625599683750193,0.06426401514898046,0.1968852888933368,0.9024998346667837,0.0,0.0,0.0,0,0.0439
89,0,0.0,0.0807495425988411,-0.09649147933899176,1.164474880487929,0.979844326450003,0.1818774753696959,-0.07082308130686006,-0.042541403727270485,0.0013102084855868413,-0.0010501162275272482,-0.14094772804417027,1.3378832620857102,0.006837696985913181,-0.07583247493210461,0.0305290938036376,1.251379750902716,0.28726131589507137,-0.7686411738395691,-0.09646141529083252,-1.0219652652740479,0.0015531019307672977,-0.10451769828796387,0.01618930697441101,1.0077167749404907,-0.7686411738395691,-0.09646141529083252,-1.0219652652740479,0.0015531019307672977,-0.10451769828796387,0.01618930697441101,-1.0,0.07153850851143076,-0.17440589777588675,1.0625599683750075,0.06426401514898046,0.1968852888933368,0.9024998346667837,0.0,0.0,0.0,0,0.0422
90,0,0.0,0.0768073622175679,-0.09791474473168324,1.1590709845234557,0.9788377893693835,0.1819320294200016,-0.08169670686638977,-0.045858116629058,0.003132463080578074,-0.0029227512235273736,-0.14334456130093398,1.341086671316325,0.006561936896308611,-0.08156026985404603,0.029858501402981876,1.237507228439763,0.2841878326482479,-0.5767999291419983,0.03433573991060257,-0.9516879320144653,-0.011536981910467148,-0.08780574798583984,0.01781100034713745,0.9818559288978577,-0.5767999291419983,0.03433573991060257,-0.9516879320144653,-0.011536981910467148,-0.08780574798583984,0.01781100034713745,-1.0,0.07153843707937982,-0.17440604465385579,1.062559968375002,0.06426401514898046,0.1968852888933368,0.9024998346667837,0.0,0.0,0.0,0,0.0419
91,0,0.0,0.07385627654645838,-0.099114241073893,1.1520148052106456,0.9777368240223827,0.1829639634665102,-0.0901713621152582,-0.04923430183852667,0.006358023684366968,-0.0061314559501452195,-0.1455935297553859,1.3494555992033561,0.006699086887104588,-0.08272817762653469,0.030091002286499784,1.2288113711320998,0.2795336694350488,-0.2979809641838074,0.2385426014661789,-0.5846715569496155,-0.059518247842788696,-0.04636684060096741,0.015369981527328491,0.9978212118148804,-0.2979809641838074,0.2385426014661789,-0.5846715569496155,-0.059518247842788696,-0.04636684060096741,0.015369981527328491,-1.0,0.07153840556364484,-0.17440610945623905,1.0625599683750002,0.06426401514898046,0.1968852888933368,0.9024998346667837,0.0,0.0,0.0,0,0.042
92,1,0.0536,0.07216250945676037,-0.09904377427412475,1.1456208858307118,0.976832696096924,0.1846108400421529,-0.09552621618907818,-0.0509064199835523,0.010390231268911112,-0.01009793631891843,-0.1454686401805965,1.3598209593139183,0.006548590805155853,-0.07898122701675289,0.029427490250823835,1.224390379969024,0.27578001364663385,0.03486606478691101,0.2057158648967743,0.33394211530685425,-0.047565359622240067,-0.031820811331272125,-0.00146481953561306,-0.0017839150968939066,0.03486606478691101,0.2057158648967743,0.33394211530685425,-0.047565359622240067,-0.031820811331272125,-0.00146481953561306,1.0,0.07153839165894009,-0.17440613804697344,1.0625599683749996,0.06426401514898046,0.1968852888933368,0.9024998346667837,0.0,0.0,0.0,0,0.0428
93,0,0.0,0.07205564577910814,-0.09769733220398419,1.144432345371378,0.9766843339347209,0.18582976697057205,-0.09535396762078009,-0.049624897109489245,0.013390735771359321,-0.013045985597764842,-0.14291837058705825,1.3668639750303986,0.006060832805603991,-0.06841128678733528,0.027725574238274306,1.222477464110138,0.27542508709728564,0.10811403393745422,0.2888416349887848,0.6250069737434387,-0.05537116527557373,-0.01289297267794609,-0.013876072131097317,-0.0020963752176612616,0.10811403393745422,0.2888416349887848,0.6250069737434387,-0.05537116527557373,-0.01289297267794609,-0.013876072131097317,1.0,0.07153838552420083,-0.17440615066117154,1.062559968374999,0.06426401514898046,0.1968852888933368,0.9024998346667837,0.0,0.0,0.0,0,0.0419
94,0,0.0,0.0727594781358847,-0.0953143745474674,1.1474488152046767,0.9768635811878981,0.18609088768607562,-0.09407649696035361,-0.047511451131602295,0.013557120886619634,-0.013195364716033388,-0.13875607878127635,1.362142819915606,0.005523429139149479,-0.06904732254114093,0.025739157451466866,1.2224346925325853,0.27863112509793875,0.12104512751102448,0.31631141901016235,0.8059424757957458,-0.05410519987344742,0.0012765228748321533,-0.01751415804028511,-0.00021740679221693426,0.12104512751102448,0.31631141901016235,0.8059424757957458,-0.05410519987344742,0.0012765228748321533,-0.01751415804028511,1.0,0.07153838281756116,-0.17440615622654085,1.0625599683749989,0.06426401514898046,0.1968852888933368,0.9024998346667837,0.0,0.0,0.0,0,0.0425
95,0,0.0,0.07345527379032844,-0.09200699724767794,1.1548367266662283,0.9773276105060964,0.1856520130922933,-0.09158941490944243,-0.04444604429831612,0.011919101815673475,-0.011529595295038116,-0.1331878078110855,1.3514156290750612,0.004831599569341986,-0.0696587585368632,0.023271381155603867,1.2192171463603574,0.2846567227007975,0.10643330216407776,0.3091587722301483,0.9210419058799744,-0.05111779645085335,-0.0015819147229194641,-0.023603491485118866,-0.010479452088475227,0.10643330216407776,0.3091587722301483,0.9210419058799744,-0.05111779645085335,-0.0015819147229194641,-0.023603491485118866,1.0,0.0715383816233949,-0.17440615868197523,1.0625599683749989,0.06426401514898046,0.1968852888933368,0.9024998346667837,0.0,0.0,0.0,0,0.042
96,1,0.0537,0.07380378306575495,-0.08818910153825484,1.1646361472318056,0.9779377347123697,0.18459763676010624,-0.08880807068587984,-0.04092219580220561,0.008823929320912487,-0.008429748669659304,-0.12686682443010133,1.3375562494767612,0.004001961497213931,-0.06984408293186162,0.020438688073098402,1.2132591348343116,0.29259911369486036,-0.740359365940094,-0.24267809092998505,-0.979954183101654,0.01382992323487997,-0.11411385983228683,0.08054321259260178,1.004956603050232,-0.740359365940094,-0.24267809092998505,-0.979954183101654,0.01382992323487997,-0.11411385983228683,0.08054321259260178,-1.0,0.07153838109653018,-0.17440615976531,1.0625599683749989,0.06426401514898046,0.1968852888933368,0.9024998346667837,0.0,0.0,0.0,0,0.0427
97,0,0.0,0.07174467624859684,-0.08670630859942566,1.1664160333743192,0.9774110034011869,0.18479011384756405,-0.09461477083507772,-0.03960289628694278,0.006262431440111462,-0.00604685186247684,-0.12368335301789378,1.3314333062513912,0.0023915357499383386,-0.07665197316426801,0.016213716781432422,1.2025889778589902,0.2934183294066194,-0.7272906303405762,-0.21593479812145233,-0.9857398867607117,0.004382271319627762,-0.12300020456314087,0.06878852844238281,1.0150971412658691,-0.7272906303405762,-0.21593479812145233,-0.9857398867607117,0.004382271319627762,-0.12300020456314087,0.06878852844238281,-1.0,0.07153838086407807,-0.17440616024327601,1.0625599683749989,0.06426401514898046,0.1968852888933368,0.9024998346667837,0.0,0.0,0.0,0,0.0422
98,0,0.0,0.06865916512130033,-0.08816264716380859,1.1606385119003888,0.9758584015741428,0.18729603069016607,-0.10459544792025101,-0.04099230707374636,0.0062703580353320534,-0.006108561556846084,-0.1248475141252651,1.3349137388815544,0.001052089634823445,-0.0837447168589513,0.013054385113956036,1.1931884475759362,0.28533315135006937,-0.7458276748657227,-0.18996857106685638,-0.9224758744239807,0.0020366525277495384,-0.13001076877117157,0.05840244144201279,1.0069307088851929,-0.7458276748657227,-0.18996857106685638,-0.9224758744239807,0.0020366525277495384,-0.13001076877117157,0.05840244144201279,-1.0,0.07153838076152046,-0.17440616045415405,1.0625599683749989,0.06426401514898046,0.1968852888933368,0.9024998346667837,0.0,0.0,0.0,0,0.0414
99,0,0.0,0.06557042070125023,-0.09063558811111273,1.1538093564845662,0.9741604897824497,0.19043850611419783,-0.1133737372594372,-0.04348460918114562,0.008115736711832165,-0.00794197262135146,-0.12801135884560058,1.3429804670718515,0.00027457892039264934,-0.08516310023626548,0.011468120944256912,1.1842792790308156,0.2746091238652122,-0.7546462416648865,-0.19455479085445404,-0.9493222832679749,0.0054766591638326645,-0.135518878698349,0.052618712186813354,0.9881612658500671,-0.7546462416648865,-0.19455479085445404,-0.9493222832679749,0.0054766591638326645,-0.135518878698349,0.052618712186813354,-1.0,0.07153838071627217,-0.17440616054719318,1.0625599683749989,0.06426401514898046,0.1968852888933368,0.9024998346667837,0.0,0.0,0.0,0,0.0416
100,1,0.0538,0.06223790979450752,-0.0935423758946579,1.1467015701837506,0.9724373252207803,0.19355675332236996,-0.12135117424969842,-0.04664037166420523,0.011337995924750459,-0.011146779261225379,-0.1322400598739791,1.354800048317583,-0.00016379100736990093,-0.08058229556534174,0.01086880336212944,1.1742024830625764,0.2632594219930521,0.04029262065887451,0.21127811074256897,0.3137943744659424,-0.03264094144105911,-0.10386727750301361,-0.0031736046075820923,-0.002850510412827134,0.04029262065887451,0.21127811074256897,0.3137943744659424,-0.03264094144105911,-0.10386727750301361,-0.0031736046075820923,1.0,0.07153838069630868,-0.17440616058824196,1.0625599683749989,0.06426401514898046,0.1968852888933368,0.9024998346667837,0.0,0.0,0.0,0,0.0435
101,0,0.0,0.06125014297559801,-0.09468480549930612,1.1444009416355256,0.9718426040037236,0.19615785076791145,-0.12132424160923434,-0.04821285122577231,0.013930786768567488,-0.013624004170628135,-0.13438779113539392,1.3651128230794156,0.00043091790355727594,-0.06668111734142775,0.01225602426372411,1.1703581403148986,0.2564702131471725,0.09346535056829453,0.20177887380123138,0.4284365177154541,-0.03626630827784538,-0.09671290218830109,-0.003273583948612213,0.007183498237282038,0.09346535056829453,0.20177887380123138,0.4284365177154541,-0.03626630827784538,-0.09671290218830109,-0.003273583948612213,1.0,0.07153838068750079,-0.17440616060635267,1.0625599683749989,0.06426401514898046,0.1968852888933368,0.9024998346667837,0.0,0.0,0.0,0,0.0429
102,0,0.0,0.0627817799308804,-0.09378587988539243,1.1461940278721754,0.9720435431708299,0.19740071801349585,-0.11777482040359387,-0.04788943919649855,0.013933029553413129,-0.013593710122907447,-0.1333600459822669,1.3615003709763422,0.0010581504611657223,-0.06877331411484029,0.013312385993508693,1.176056929030163,0.2556694893605646,0.1616799682378769,0.20497296750545502,0.5880415439605713,-0.04648204892873764,-0.07925776392221451,-0.0029620733112096786,0.007189557421952486,0.1616799682378769,0.20497296750545502,0.5880415439605713,-0.04648204892873764,-0.07925776392221451,-0.0029620733112096786,1.0,0.07153838068361473,-0.17440616061434303,1.0625599683749989,0.06426401514898046,0.1968852888933368,0.9024998346667837,0.0,0.0,0.0,0,0.043
103,0,0.0,0.0646419090941759,-0.09214017199963669,1.1519426504968266,0.9726453002238494,0.19803223059810154,-0.1125553223255846,-0.04555935702993523,0.012124849938341481,-0.011761887120629857,-0.13058113510923286,1.3532204362730422,0.0010163608773437118,-0.06960575206458079,0.0127776561319074,1.1802073191444202,0.2573414351978642,0.237138569355011,0.2810172140598297,0.6541149616241455,-0.04851912707090378,-0.06685744225978851,-0.0013445354998111725,-0.003243780694901943,0.237138569355011,0.2810172140598297,0.6541149616241455,-0.04851912707090378,-0.06685744225978851,-0.0013445354998111725,1.0,0.07153838068190026,-0.1744061606178684,1.0625599683749989,0.06426401514898046,0.1968852888933368,0.9024998346667837,0.0,0.0,0.0,0,0.0416
104,1,0.0535,0.06664749440047527,-0.08959692333020776,1.1593389300416277,0.9733564459313532,0.19853702368999063,-0.1066382173231187,-0.042291488438589805,0.00893404947373663,-0.008550117057931541,-0.12623592160129748,1.343089866630753,0.0007332298439523323,-0.06988529699690277,0.011493143812151904,1.1838683056098382,0.26057037856315696,0.052091941237449646,0.3752625584602356,0.7338835597038269,-0.01704275794327259,-0.02808990329504013,-0.0281093530356884,0.008396608754992485,0.052091941237449646,0.3752625584602356,0.7338835597038269,-0.01704275794327259,-0.02808990329504013,-0.0281093530356884,1.0,0.0715383806811438,-0.17440616061942377,1.0625599683749989,0.06426401514898046,0.1968852888933368,0.9024998346667837,0.0,0.0,0.0,0,0.0431
105,0,0.0,0.06761641632210884,-0.08568251223206917,1.167562584874344,0.9739404428313208,0.19827755363686989,-0.10252407246867234,-0.040185073170838775,0.005711153531461871,-0.005267422507829983,-0.1207365266978621,1.3315280637342557,0.000994380173339576,-0.07016267321222269,0.011307330184265012,1.181574372695531,0.26703969450377946,0.029408477246761322,0.3910466432571411,0.9292163252830505,-0.015402229502797127,-0.011234654113650322,-0.034808199852705,0.012398358434438705,0.029408477246761322,0.3910466432571411,0.9292163252830505,-0.015402229502797127,-0.011234654113650322,-0.034808199852705,1.0,0.07153838068081005,-0.17440616062011,1.0625599683749989,0.06426401514898046,0.1968852888933368,0.9024998346667837,0.0,0.0,0.0,0,0.0423
106,0,0.0,0.06750782371872785,-0.080934762248414,1.1775139474419647,0.9745769876808026,0.19690423377502386,-0.09956878099334673,-0.03891626467149246,0.0037525033912889985,-0.0033058395644298007,-0.11468916599814269,1.3176739416201744,0.0016383391233715284,-0.0696342213171641,0.011883143110533661,1.1737165598635237,0.27663760237314755,0.003922626376152039,0.42783647775650024,1.0059279203414917,-0.024007931351661682,-0.0279298834502697,-0.03514733538031578,0.014707738533616066,0.003922626376152039,0.42783647775650024,1.0059279203414917,-0.024007931351661682,-0.0279298834502697,-0.03514733538031578,1.0,0.0715383806806628,-0.17440616062041284,1.0625599683749989,0.06426401514898046,0.1968852888933368,0.9024998346667837,0.0,0.0,0.0,0,0.0416
107,0,0.0,0.06702390762405984,-0.0757879916796452,1.1890928536724164,0.9753099299156234,0.19509344231342712,-0.09647652706157274,-0.037434864770906184,0.002641706443882633,-0.0022068004579609683,-0.10806978199728014,1.3011371129546447,0.002232467232680195,-0.06976766926835855,0.012274411105072349,1.1643074726910962,0.28763310582028434,0.034187570214271545,0.40574657917022705,0.853486955165863,-0.020046692341566086,-0.04182443395256996,-0.047336235642433167,0.011532187461853027,0.034187570214271545,0.40574657917022705,0.853486955165863,-0.020046692341566086,-0.04182443395256996,-0.047336235642433167,1.0,0.0715383806805978,-0.17440616062054634,1.0625599683749989,0.06426401514898046,0.1968852888933368,0.9024998346667837,0.0,0.0,0.0,0,0.0412
108,1,0.0534,0.06664189632447781,-0.07046236665067532,1.2007778467231347,0.9761940904759487,0.1927728454401483,-0.09280692985693,-0.035645498331109596,0.0020013309924091158,-0.001603245672918082,-0.10113347230522077,1.2842856359193644,0.0027597537870745386,-0.07054935206871565,0.012543918006404689,1.156522902323592,0.30000103573657994,0.38156694173812866,0.6122273206710815,0.8801634907722473,-0.03796463832259178,-0.05276219919323921,-0.03209657967090607,-0.0009824485750868917,0.38156694173812866,0.6122273206710815,0.8801634907722473,-0.03796463832259178,-0.05276219919323921,-0.03209657967090607,1.0,0.07153838068056914,-0.1744061606206053,1.0625599683749989,0.06426401514898046,0.1968852888933368,0.9024998346667837,0.0,0.0,0.0,0,0.0433
109,0,0.0,0.0679441082114735,-0.06410847638988332,1.2117450860853993,0.9772729587673121,0.19094120900073913,-0.08589881323599106,-0.033172468285713824,0.0016491742267355357,-0.0012547354945642829,-0.0926382091376655,1.2681462431274906,0.00352858283778084,-0.07283342685561321,0.013139496752634932,1.1579346140407336,0.31301038452362895,0.37042590975761414,0.6326106786727905,0.8239141702651978,-0.03108920156955719,-0.051794685423374176,-0.04588043689727783,0.002321629086509347,0.37042590975761414,0.6326106786727905,0.8239141702651978,-0.03108920156955719,-0.051794685423374176,-0.04588043689727783,1.0,0.0715383806805565,-0.17440616062063127,1.0625599683749989,0.06426401514898046,0.1968852888933368,0.9024998346667837,0.0,0.0,0.0,0,0.0418
110,0,0.0,0.07047197098773149,-0.0565026350357912,1.2215837131339649,0.9784321768100365,0.18915112666290465,-0.07736049637592829,-0.030127732496756505,0.001452794388213759,-0.0010566886241438948,-0.08230146654122074,1.2523281554106072,0.004249794597210954,-0.0782351316294815,0.013484830455205675,1.1658551508419506,0.327807213597142,0.313370943069458,0.647649884223938,0.7603766918182373,-0.028446301817893982,-0.06328066438436508,-0.050148941576480865,0.01032669935375452,0.313370943069458,0.647649884223938,0.7603766918182373,-0.028446301817893982,-0.06328066438436508,-0.050148941576480865,1.0,0.07153838068055092,-0.1744061606206428,1.0625599683749989,0.06426401514898046,0.1968852888933368,0.9024998346667837,0.0,0.0,0.0,0,0.0417
111,0,0.0,0.07299745536147106,-0.04831562512329729,1.2306123711225292,0.9795921343838002,0.1866768847393021,-0.06937518740981935,-0.027167523429103956,0.0013392816155975683,-0.00094804538175746,-0.07113982806349811,1.2363194480314494,0.0048410562794660465,-0.08619762421311075,0.013574261880956838,1.1750138511955335,0.3446045266800174,0.2660263776779175,0.6461114883422852,0.6883600354194641,-0.0169282928109169,-0.06370803713798523,-0.04995337873697281,0.0017096389783546329,0.2660263776779175,0.6461114883422852,0.6883600354194641,-0.0169282928109169,-0.06370803713798523,-0.04995337873697281,1.0,0.07153838068054846,-0.17440616062064787,1.0625599683749989,0.06426401514898046,0.1968852888933368,0.9024998346667837,0.0,0.0,0.0,0,0.0426
112,1,0.0544,0.07529499526041428,-0.03980428149226745,1.2390116613568605,0.9806832159949669,0.1838444224870466,-0.06210028376677467,-0.024601076038627007,0.001271810598132857,-0.0008859269508195803,-0.05965881593672171,1.2201721800506722,0.0054490806650922645,-0.09608458482892808,0.013715907175510852,1.184351397164992,0.3623924358592264,0.5360092520713806,0.6823412179946899,0.6306428909301758,-0.01771564781665802,-0.004801833536475897,-0.007289284840226173,-0.0006701961392536759,0.5360092520713806,0.6823412179946899,0.6306428909301758,-0.01771564781665802,-0.004801833536475897,-0.007289284840226173,1.0,0.07153838068054738,-0.17440616062065006,1.0625599683749989,0.06426401514898046,0.1968852888933368,0.9024998346667837,0.0,0.0,0.0,0,0.0435
113,0,0.0,0.07836702683496563,-0.030941017098487292,1.2460636184778415,0.9815399315314478,0.18211818559934417,-0.0541068893394794,-0.02201757955015447,0.0012190990397015174,-0.0008410080333155069,-0.047608823599539524,1.2045728035498722,0.0060185415908175464,-0.10930366845587809,0.013576076975057303,1.1991214194655808,0.3781337871395455,0.41287994384765625,0.680932343006134,0.49910247325897217,-0.0013830603566020727,-0.005764971021562815,-0.0038586147129535675,0.008901926688849926,0.41287994384765625,0.680932343006134,0.49910247325897217,-0.0013830603566020727,-0.005764971021562815,-0.0038586147129535675,1.0,0.07153838068054691,-0.17440616062065104,1.0625599683749989,0.06426401514898046,0.1968852888933368,0.9024998346667837,0.0,0.0,0.0,0,0.0418
114,0,0.0,0.0816798220538598,-0.021723775608285305,1.2512587943251416,0.9820507918035265,0.18157960887240812,-0.0469987886001763,-0.019904819263808684,0.0011729759038023443,-0.0007977319756475509,-0.03521499602975498,1.189284972701884,0.0066680469223872555,-0.12687227834730572,0.013399418449676001,1.2162948798561604,0.39186689380174816,0.35835957527160645,0.6521447896957397,0.3575682044029236,-0.0007374249398708344,-0.009369316510856152,-0.0030353255569934845,-0.005280929617583752,0.35835957527160645,0.6521447896957397,0.3575682044029236,-0.0007374249398708344,-0.009369316510856152,-0.0030353255569934845,1.0,0.07153838068054666,-0.17440616062065156,1.0625599683749989,0.06426401514898046,0.1968852888933368,0.9024998346667837,0.0,0.0,0.0,0,0.0415
115,0,0.0,0.08466244328988246,-0.012609769020155252,1.255115933848605,0.982395749068385,0.18123560851408013,-0.04140232345337624,-0.018387333454274662,0.0011287273376627562,-0.000757533818046766,-0.023156586152877953,1.1741261377240697,0.007404728565559835,-0.14745956070870955,0.013237473108180832,1.233462276701005,0.4049006564893955,0.3950751721858978,0.616666316986084,0.22131286561489105,-0.0004895608872175217,-0.023096803575754166,0.0015479866415262222,0.005406893324106932,0.3950751721858978,0.616666316986084,0.22131286561489105,-0.0004895608872175217,-0.023096803575754166,0.0015479866415262222,1.0,0.07153838068054666,-0.17440616062065156,1.0625599683749989,0.06426401514898046,0.1968852888933368,0.9024998346667837,0.0,0.0,0.0,0,0.0416
116,1,0.0534,0.08793143714894791,-0.0038738759121456864,1.2576278693507064,0.9826749273400225,0.18101957655180795,-0.0359830503918841,-0.016944620585299087,0.0010849426584197508,-0.0007204943203761193,-0.01162950164508011,1.1596537966328349,0.008098541016423726,-0.17053998508795815,0.012827961837688175,1.253534206568229,0.41700028802197125,0.27902114391326904,0.788418173789978,0.05336292088031769,-0.0023456753697246313,0.020446989685297012,-0.0003357846289873123,0.024319903925061226,0.27902114391326904,0.788418173789978,0.05336292088031769,-0.0023456753697246313,0.020446989685297012,-0.0003357846289873123,1.0,0.07153838068054666,-0.17440616062065156,1.0625599683749989,0.06426401514898046,0.1968852888933368,0.9024998346667837,0.0,0.0,0.0,0,0.0435
117,0,0.0,0.09071843717550802,0.005472170038680781,1.2581722263183837,0.9827527773362813,0.18125912110708592,-0.03271031518173108,-0.016496815875269785,0.0010468370439492044,-0.0006812421839812499,0.0002885466551252044,1.1460874472395133,0.009441057363835331,-0.19650830751684395,0.012863146808765533,1.2725031872846098,0.42892020234797906,0.2745499908924103,0.7841410040855408,-0.0006299465894699097,-0.0015098510775715113,0.0070381173864007,0.001081107184290886,0.00039215211290866137,0.2745499908924103,0.7841410040855408,-0.0006299465894699097,-0.0015098510775715113,0.0070381173864007,0.001081107184290886,1.0,0.07153838068054666,-0.17440616062065156,1.0625599683749989,0.06426401514898046,0.1968852888933368,0.9024998346667837,0.0,0.0,0.0,0,0.0409
118,0,0.0,0.09319112079773931,0.015551345217998336,1.2575867408351542,0.9827597422815675,0.1816153221120932,-0.030488781135948703,-0.01641943816427489,0.0010094219471346855,-0.0006446233228575733,0.012865866126611834,1.1330246623760358,0.011272197749593593,-0.22405960607778205,0.012660901842496804,1.2916980974586985,0.4414668254320286,0.24945028126239777,0.7648043632507324,-0.0318048819899559,-0.0008827080018818378,-0.0016356753185391426,0.0006560198962688446,-0.022568587213754654,0.24945028126239777,0.7648043632507324,-0.0318048819899559,-0.0008827080018818378,-0.0016356753185391426,0.0006560198962688446,1.0,0.07153838068054666,-0.17440616062065156,1.0625599683749989,0.06426401514898046,0.1968852888933368,0.9024998346667837,0.0,0.0,0.0,0,0.0424
119,0,0.0,0.09563455715958685,0.025713082837556665,1.2565537651780496,0.9827930244244781,0.18183921824809493,-0.028145686559699134,-0.01613041157535532,0.0009730790949773434,-0.000610105216069663,0.025506834160559252,1.1202130903087486,0.013268597357739128,-0.25230380890759335,0.01182978563540881,1.312151073346945,0.45430784965036797,0.21774731576442719,0.7325323820114136,-0.04915487766265869,-0.0013134407345205545,-0.008273269981145859,-0.006851155310869217,0.12435987591743469,0.21774731576442719,0.7325323820114136,-0.04915487766265869,-0.0013134407345205545,-0.008273269981145859,-0.006851155310869217,1.0,0.07153838068054666,-0.17440616062065156,1.0625599683749989,0.06426401514898046,0.1968852888933368,0.9024998346667837,0.0,0.0,0.0,0,0.0412
120,1,0.0551,0.09788150340433935,0.035671742601074516,1.2553023021834084,0.9828862616017313,0.1817198851220208,-0.025832764869408924,-0.015657214471716523,0.0009377603480533131,-0.0005775978841157083,0.037839693368948005,1.1074824425101173,0.01540309171342417,-0.28085544854842553,0.01039975390183843,1.3329908795304566,0.4675629981850198,0.25823974609375,0.7829941511154175,-0.03020988404750824,0.004272640682756901,-0.006824465002864599,-0.009042002260684967,0.016021009534597397,0.25823974609375,0.7829941511154175,-0.03020988404750824,0.004272640682756901,-0.006824465002864599,-0.009042002260684967,1.0,0.07153838068054666,-0.17440616062065156,1.0625599683749989,0.06426401514898046,0.1968852888933368,0.9024998346667837,0.0,0.0,0.0,0,0.0427
121,0,0.0,0.10013513972038052,0.04578351796658501,1.253998542260203,0.9830252753124289,0.1813854616445082,-0.022886872614587616,-0.01538874468091961,0.0009048611612162258,-0.0005455772430942846,0.049999178960125665,1.0948679550515514,0.01809140125184893,-0.3094952680924679,0.009019442720347878,1.3553189641841699,0.4813969023158027,0.2217784821987152,0.7527669668197632,-0.035549044609069824,0.00010626064613461494,-0.009594141505658627,-0.018954474478960037,0.004964659456163645,0.2217784821987152,0.7527669668197632,-0.035549044609069824,0.00010626064613461494,-0.009594141505658627,-0.018954474478960037,1.0,0.07153838068054666,-0.17440616062065156,1.0625599683749989,0.06426401514898046,0.1968852888933368,0.9024998346667837,0.0,0.0,0.0,0,0.0421
122,0,0.0,0.1022391750105449,0.05590174670498892,1.2525964067865003,0.9832362234555718,0.18063447807903807,-0.019720572947326227,-0.015126573193104818,0.0008726777703139943,-0.000515623205147386,0.06192824068005595,1.0822928602272224,0.021139112480947245,-0.3383055286608772,0.007211036748170324,1.378228927171791,0.4960803970784098,0.1594156175851822,0.6028345823287964,-0.02287203073501587,-0.0014159111306071281,-0.03574728965759277,-0.038302406668663025,0.010570512153208256,0.1594156175851822,0.6028345823287964,-0.02287203073501587,-0.0014159111306071281,-0.03574728965759277,-0.038302406668663025,1.0,0.07153838068054666,-0.17440616062065156,1.0625599683749989,0.06426401514898046,0.1968852888933368,0.9024998346667837,0.0,0.0,0.0,0,0.0422
123,0,0.0,0.1040519831610261,0.06504911370904543,1.2515116653003646,0.9836470257475397,0.17877717253161898,-0.016563603898124276,-0.014244239029272906,0.0008392265933101279,-0.0004895941951887381,0.07286276734341528,1.069389584847059,0.02386119080462192,-0.36670352044785326,0.004277856263791201,1.4005370173097198,0.5118701322023309,0.11427610367536545,0.5327898263931274,-0.09613235294818878,-0.001678520580753684,-0.050359103828668594,-0.03151705116033554,0.01196342147886753,0.11427610367536545,0.5327898263931274,-0.09613235294818878,-0.001678520580753684,-0.050359103828668594,-0.03151705116033554,1.0,0.07153838068054666,-0.17440616062065156,1.0625599683749989,0.06426401514898046,0.1968852888933368,0.9024998346667837,0.0,0.0,0.0,0,0.0417
124,1,0.0536,0.10559765556763179,0.07309000132459079,1.2505157504662296,0.9841370120662819,0.17640986402050352,-0.01358055816896813,-0.013018056588348072,0.0008066366164691872,-0.00046524493537607756,0.0825516785653903,1.056480878121988,0.026377614465671825,-0.3947781844869689,0.0006935749836271031,1.422141663814793,0.5272945156578024,0.2229936718940735,0.8162410259246826,-0.17381463944911957,-0.005205121356993914,-0.005411173682659864,-0.017835509032011032,0.01727786660194397,0.2229936718940735,0.8162410259246826,-0.17381463944911957,-0.005205121356993914,-0.005411173682659864,-0.017835509032011032,1.0,0.07153838068054666,-0.17440616062065156,1.0625599683749989,0.06426401514898046,0.1968852888933368,0.9024998346667837,0.0,0.0,0.0,0,0.0436
125,0,0.0,0.10719942871162129,0.08209844770231972,1.2484012154822923,0.984419402229532,0.1750632448113329,-0.010413396142139677,-0.012761740122895441,0.0007804111869369244,-0.0004369740332789808,0.09258875532226155,1.0448747398263083,0.030292743658646613,-0.42361568973393365,-0.002145650848610886,1.4460296258895773,0.541823585597952,0.16923299431800842,0.8028027415275574,-0.2606786787509918,-0.000586366280913353,-0.007704675197601318,-0.03513626009225845,-0.007626495324075222,0.16923299431800842,0.8028027415275574,-0.2606786787509918,-0.000586366280913353,-0.007704675197601318,-0.03513626009225845,1.0,0.07153838068054666,-0.17440616062065156,1.0625599683749989,0.06426401514898046,0.1968852888933368,0.9024998346667837,0.0,0.0,0.0,0,0.0419
126,0,0.0,0.10869235588649966,0.09222484171577242,1.2448079339785034,0.9846723277268011,0.1737666189908801,-0.007568303689074187,-0.012972660206397278,0.000754507278182275,-0.00041072547755454747,0.1032937724162575,1.0346523367595162,0.03529979889731304,-0.45354348045006554,-0.0052566499950739325,1.4716277460543226,0.5577903348760778,0.06130062788724899,0.7548028230667114,-0.34835898876190186,-0.0018090559169650078,-0.016356423497200012,-0.05337587743997574,0.015310186892747879,0.06130062788724899,0.7548028230667114,-0.34835898876190186,-0.0018090559169650078,-0.016356423497200012,-0.05337587743997574,1.0,0.07153838068054666,-0.17440616062065156,1.0625599683749989,0.06426401514898046,0.1968852888933368,0.9024998346667837,0.0,0.0,0.0,0,0.0426
127,0,0.0,0.10960937876721281,0.10227214465053029,1.240358987237224,0.9851066382015676,0.1713555363913532,-0.005861530704944315,-0.012955075338685196,0.000728870134249556,-0.00038644600824468963,0.11369808688257425,1.0246549277873562,0.04094304975984756,-0.48466038263304173,-0.009574267485720466,1.4963695817834017,0.5762246888001716,0.016814276576042175,0.6600262522697449,-0.49938589334487915,-2.049701288342476e-05,-0.03763348236680031,-0.0664415955543518,-0.005969332531094551,0.016814276576042175,0.6600262522697449,-0.49938589334487915,-2.049701288342476e-05,-0.03763348236680031,-0.0664415955543518,1.0,0.07153838068054666,-0.17440616062065156,1.0625599683749989,0.06426401514898046,0.1968852888933368,0.9024998346667837,0.0,0.0,0.0,0,0.0426
128,1,0.0534,0.11018327039075428,0.11171318653961694,1.2350663027914928,0.9857274715397919,0.16781489243017964,-0.004864920627199841,-0.01248384066324931,0.0007026609840550664,-0.00036487488241693277,0.12347638236003901,1.0151475247886343,0.04622223199312801,-0.5167185984154479,-0.01457942417219155,1.5212237674588938,0.5963768024787711,0.010639920830726624,0.751338005065918,-0.3621627986431122,0.01799602434039116,-0.004239336587488651,-0.08375784009695053,0.05331803858280182,0.010639920830726624,0.751338005065918,-0.3621627986431122,0.01799602434039116,-0.004239336587488651,-0.08375784009695053,1.0,0.07153838068054666,-0.17440616062065156,1.0625599683749989,0.06426401514898046,0.1968852888933368,0.9024998346667837,0.0,0.0,0.0,0,0.0432
129,0,0.0,0.1103682250776367,0.12134724512598745,1.2296439055915702,0.9864636731205022,0.16343093355726382,-0.003963499126588515,-0.012807897754148076,0.0006804778156738698,-0.00034132529073990753,0.13282664597560215,1.005792602401917,0.05195697654701564,-0.5485346065759763,-0.018232090477158902,1.545782586634767,0.6183660780029927,0.023948058485984802,0.7548970580101013,-0.4015532433986664,0.017179321497678757,-0.0038659842684865,-0.08703269064426422,-0.007191292941570282,0.023948058485984802,0.7548970580101013,-0.4015532433986664,0.017179321497678757,-0.0038659842684865,-0.08703269064426422,1.0,0.07153838068054666,-0.17440616062065156,1.0625599683749989,0.06426401514898046,0.1968852888933368,0.9024998346667837,0.0,0.0,0.0,0,0.0419
130,0,0.0,0.11025294593007223,0.1313337781239819,1.2243227444132416,0.9872737272673671,0.15840122035841891,-0.0028101657433785036,-0.013847158735918632,0.0006692002842530963,-0.000329795478010478,0.1419084686765825,0.9966419433713455,0.05821506086308684,-0.579878259309332,-0.021028729180044625,1.5706384888324134,0.6418625135244365,0.0501527339220047,0.7599498629570007,-0.42995208501815796,0.012650496326386929,-0.0038977768272161484,-0.08784270286560059,0.003488285932689905,0.0501527339220047,0.7599498629570007,-0.42995208501815796,0.012650496326386929,-0.0038977768272161484,-0.08784270286560059,1.0,0.07153838068054666,-0.17440616062065156,1.0625599683749989,0.06426401514898046,0.1968852888933368,0.9024998346667837,0.0,0.0,0.0,0,0.0417
131,0,0.0,0.11017168888502477,0.1413128048325398,1.218529984842738,0.988095152905147,0.1531217615089856,-0.00112631463372527,-0.014846763050726467,0.0006693454766636207,-0.0003302617915508136,0.15074593978811754,0.988399665673316,0.0646211489353566,-0.6110087616170844,-0.024159673268412608,1.5973163698907766,0.6658400312549679,0.08216258883476257,0.7490670084953308,-0.46461302042007446,0.009046566672623158,-0.0037604914978146553,-0.08938484638929367,0.014198968186974525,0.08216258883476257,0.7490670084953308,-0.46461302042007446,0.009046566672623158,-0.0037604914978146553,-0.08938484638929367,1.0,0.07153838068054666,-0.17440616062065156,1.0625599683749989,0.06426401514898046,0.1968852888933368,0.9024998346667837,0.0,0.0,0.0,0,0.0414
132,1,0.0533,0.11021407101936231,0.151196384449644,1.2121033545450794,0.9889057895835215,0.1477130799938503,0.001191783802363359,-0.015644966548051007,0.0006688640934402524,-0.0003307188330024437,0.1593414829597865,0.9813451704170688,0.0710584989938584,-0.6418810311194801,-0.027933215595047658,1.6262116749020228,0.690035972014998,0.3568475842475891,0.5183224678039551,-0.5473787188529968,0.0049045877531170845,0.013051052577793598,-0.14445823431015015,-0.007260762620717287,0.3568475842475891,0.5183224678039551,-0.5473787188529968,0.0049045877531170845,0.013051052577793598,-0.14445823431015015,1.0,0.07153838068054666,-0.17440616062065156,1.0625599683749989,0.06426401514898046,0.1968852888933368,0.9024998346667837,0.0,0.0,0.0,0,0.0419
133,0,0.0,0.1114520954441951,0.15962032893000971,1.204319881589666,0.9899668517774399,0.14031902842063287,0.005543254909728079,-0.01566764085490689,0.0006624991625743899,-0.00033706991605586697,0.16661247255887138,0.9771558628488726,0.07598225290347278,-0.6720614714093588,-0.03264321990747811,1.6614548268789615,0.7164481279629998,0.3669598698616028,0.4148423671722412,-0.5566907525062561,0.013047014363110065,0.013798815198242664,-0.13767021894454956,-0.016937756910920143,0.3669598698616028,0.4148423671722412,-0.5566907525062561,0.013047014363110065,0.013798815198242664,-0.13767021894454956,1.0,0.07153838068054666,-0.17440616062065156,1.0625599683749989,0.06426401514898046,0.1968852888933368,0.9024998346667837,0.0,0.0,0.0,0,0.0415
134,0,0.0,0.11351377370373714,0.166366737866618,1.1950848478542733,0.9911277490959773,0.1315336524693815,0.010944171032011419,-0.015649548249922415,0.0006565220571043462,-0.00034301908596565833,0.17214477198850142,0.9757065450458117,0.07959379532600747,-0.7012843769145499,-0.036880890491989414,1.700339367088021,0.7430242107973534,0.35099172592163086,0.37729859352111816,-0.6595578193664551,0.01705309748649597,-0.004588244948536158,-0.14063431322574615,0.01213037595152855,0.35099172592163086,0.37729859352111816,-0.6595578193664551,0.01705309748649597,-0.004588244948536158,-0.14063431322574615,1.0,0.07153838068054666,-0.17440616062065156,1.0625599683749989,0.06426401514898046,0.1968852888933368,0.9024998346667837,0.0,0.0,0.0,0,0.0419
135,0,0.0,0.11575357621064485,0.17209921207394938,1.1850049559584113,0.9921730641635124,0.1227169612050564,0.016541446285173646,-0.016110205950801464,0.0006509864240446527,-0.00034858704092190326,0.17638600657596018,0.9761571471206486,0.08263613399135145,-0.7293672572037777,-0.04020363909908339,1.7404079021893777,0.7680290825840678,0.35929062962532043,0.3139846920967102,-0.7225089073181152,0.027125902473926544,-0.013144323602318764,-0.14402741193771362,0.013959509320557117,0.35929062962532043,0.3139846920967102,-0.7225089073181152,0.027125902473926544,-0.013144323602318764,-0.14402741193771362,1.0,0.07153838068054666,-0.17440616062065156,1.0625599683749989,0.06426401514898046,0.1968852888933368,0.9024998346667837,0.0,0.0,0.0,0,0.0423
136,1,0.0535,0.11818081843281,0.17701810664176929,1.174094881078585,0.993104459476754,0.11379004907262558,0.022454532583142693,-0.01706315521542018,0.0006453183771917921,-0.00035428084783470273,0.17956517033752406,0.9785313520272652,0.08520342763304782,-0.7562979201930933,-0.04267720688205564,1.7819588940167854,0.7918374312226341,0.3455371856689453,0.34241047501564026,-0.6644818186759949,0.043391551822423935,0.07568331807851791,-0.13052760064601898,0.00762677239254117,0.3455371856689453,0.34241047501564026,-0.6644818186759949,0.043391551822423935,0.07568331807851791,-0.13052760064601898,1.0,0.07153838068054666,-0.17440616062065156,1.0625599683749989,0.06426401514898046,0.1968852888933368,0.9024998346667837,0.0,0.0,0.0,0,0.0434
137,0,0.0,0.11985954179456389,0.18174972279588084,1.162332004247054,0.9939089457119283,0.10513497966819929,0.026796355165462506,-0.01932871009187221,0.0006420935690886043,-0.0003575107198175391,0.18187528886647253,0.9823440620649402,0.08822866005538692,-0.7821741560726395,-0.04275915076356122,1.820864627695009,0.8139563100041031,0.3145056962966919,0.3031907081604004,-0.7643195390701294,0.0390583872795105,0.04922052100300789,-0.13332810997962952,0.0023473582696169615,0.3145056962966919,0.3031907081604004,-0.7643195390701294,0.0390583872795105,0.04922052100300789,-0.13332810997962952,1.0,0.07153838068054666,-0.17440616062065156,1.0625599683749989,0.06426401514898046,0.1968852888933368,0.9024998346667837,0.0,0.0,0.0,0,0.0421
138,0,0.0,0.12116767276467484,0.18605257999396618,1.1500587830812175,0.9946068860381279,0.09663658296831301,0.030357191074332136,-0.02229246571877465,0.0006372135221760695,-0.00036236750529728144,0.18343206264147396,0.9878516362996557,0.0912792272356571,-0.8060831737606499,-0.04168948438624893,1.8583903457456743,0.8345844769640718,0.28060197830200195,0.239275723695755,-0.8251420259475708,0.0461791567504406,0.010954265482723713,-0.13201670348644257,0.013375869952142239,0.28060197830200195,0.239275723695755,-0.8251420259475708,0.0461791567504406,0.010954265482723713,-0.13201670348644257,1.0,0.07153838068054666,-0.17440616062065156,1.0625599683749989,0.06426401514898046,0.1968852888933368,0.9024998346667837,0.0,0.0,0.0,0,0.0415
139,0,0.0,0.12269917920157807,0.18961495365691203,1.1374937253010078,0.9951886304277079,0.08818326856313757,0.03445750910169843,-0.025218665298742997,0.0006323399945853125,-0.00036727865453009783,0.18438666641954532,0.9951168645979287,0.09384276996848921,-0.8278731173521857,-0.0406916908145632,1.8967296271485719,0.8539511923036405,0.24385946989059448,0.19649046659469604,-0.8399490714073181,0.04897771775722504,0.009117263369262218,-0.12179666757583618,0.011734799481928349,0.24385946989059448,0.19649046659469604,-0.8399490714073181,0.04897771775722504,0.009117263369262218,-0.12179666757583618,1.0,0.07153838068054666,-0.17440616062065156,1.0625599683749989,0.06426401514898046,0.1968852888933368,0.9024998346667837,0.0,0.0,0.0,0,0.0411
140,1,0.0541,0.12415086765957413,0.19257648812039932,1.1247773603878384,0.995643483060631,0.08008238149988872,0.03854616053765524,-0.028196814004534214,0.000628178451269823,-0.00037144012492770594,0.1848304788521618,1.0035616312352298,0.09611423889192225,-0.8479799188219102,-0.039490909244898446,1.934532458331178,0.8715952740448774,0.004826009273529053,0.1202443465590477,-0.8767989277839661,0.03856872767210007,-0.09424631297588348,-0.08287966251373291,1.0755407810211182,0.004826009273529053,0.1202443465590477,-0.8767989277839661,0.03856872767210007,-0.09424631297588348,-0.08287966251373291,-1.0,0.07153838068054666,-0.17440616062065156,1.0625599683749989,0.06426401514898046,0.1968852888933368,0.9024998346667837,0.0,0.0,0.0,0,0.0421
141,0,0.0,0.12528314585541542,0.1947861121943965,1.1129936064407773,0.9959262467843373,0.0735146359151227,0.04246921282617855,-0.030378861635259564,0.0009252798811591622,-0.0007122090424037098,0.18501460784279308,1.010988243332713,0.09790970028340387,-0.8672099848489147,-0.039537877481943644,1.9698569770923537,0.8858408279799003,-0.050088003277778625,0.08456593006849289,-0.7777087688446045,0.03975879028439522,-0.1078374981880188,-0.08816186338663101,0.817030668258667,-0.050088003277778625,0.08456593006849289,-0.7777087688446045,0.03975879028439522,-0.1078374981880188,-0.08816186338663101,-1.0,0.07153838068054666,-0.17440616062065156,1.0625599683749989,0.06426401514898046,0.1968852888933368,0.9024998346667837,0.0,0.0,0.0,0,0.0407
142,0,0.0,0.12606963069503835,0.19638323034362185,1.1029627676815112,0.9960903524561332,0.06809560855998698,0.04645230404388517,-0.03176761381776286,0.002902200930547566,-0.0027383716275132808,0.18505527993299897,1.0157814113438686,0.09923972035322566,-0.8866717212266372,-0.04064795720039934,2.0026279509291522,0.8980599772603007,-0.058103129267692566,0.03406836837530136,-0.6559427380561829,0.03672422468662262,-0.10168223083019257,-0.09169619530439377,1.0331090688705444,-0.058103129267692566,0.03406836837530136,-0.6559427380561829,0.03672422468662262,-0.10168223083019257,-0.09169619530439377,-1.0,0.07153838068054666,-0.17440616062065156,1.0625599683749989,0.06426401514898046,0.1968852888933368,0.9024998346667837,0.0,0.0,0.0,0,0.0404
143,0,0.0,0.1265696768797841,0.19744955339210904,1.094536781398648,0.996218449718537,0.0626679410362358,0.05041811125157727,-0.032856409793165384,0.0061958836779165164,-0.00606118575236796,0.18484147981587887,1.0180203765621583,0.10008537899326504,-0.906642258665664,-0.04190145136878725,2.033223959623764,0.9100737568430329,-0.046950340270996094,-0.02928270399570465,-0.4684741497039795,0.019907917827367783,-0.082539401948452,-0.09178613126277924,0.9889454245567322,-0.046950340270996094,-0.02928270399570465,-0.4684741497039795,0.019907917827367783,-0.082539401948452,-0.09178613126277924,-1.0,0.07153838068054666,-0.17440616062065156,1.0625599683749989,0.06426401514898046,0.1968852888933368,0.9024998346667837,0.0,0.0,0.0,0,0.0406
144,1,0.0535,0.12681118788083892,0.1977157523242099,1.0878130104467696,0.9963382600971802,0.05712538025333702,0.054152891781040276,-0.03338003458933399,0.010231252738717576,-0.010126701483436818,0.1842642723186406,1.0175175211258165,0.10021405231147784,-0.9269548474896003,-0.04356646692636179,2.0607448848357435,0.9219836464595789,-0.11620616912841797,-0.243620827794075,-0.588896632194519,0.07990386337041855,-0.1218462809920311,-0.08265652507543564,1.0103673934936523,-0.11620616912841797,-0.243620827794075,-0.588896632194519,0.07990386337041855,-0.1218462809920311,-0.08265652507543564,-1.0,0.07153838068054666,-0.17440616062065156,1.0625599683749989,0.06426401514898046,0.1968852888933368,0.9024998346667837,0.0,0.0,0.0,0,0.0425
145,0,0.0,0.12695670872848114,0.19713203449489256,1.0821414759078118,0.9964056960894647,0.05157142091892919,0.05776395126141383,-0.03434244137419897,0.014681976420946543,-0.014608384304859773,0.1826014597448928,1.015102680958645,0.09998580930412183,-0.9482191777119898,-0.04352677838994194,2.087256587272258,0.9320994144275819,-0.0809071958065033,-0.29045939445495605,-0.606893002986908,0.08504795283079147,-0.11342816054821014,-0.09583137929439545,0.9884803295135498,-0.0809071958065033,-0.29045939445495605,-0.606893002986908,0.08504795283079147,-0.11342816054821014,-0.09583137929439545,-1.0,0.07153838068054666,-0.17440616062065156,1.0625599683749989,0.06426401514898046,0.1968852888933368,0.9024998346667837,0.0,0.0,0.0,0,0.0419
146,0,0.0,0.12723160299108202,0.19542532410005073,1.0763832820008554,0.9963904486329773,0.04568023842157665,0.06158581267423463,-0.03642220981729442,0.019360977918834885,-0.01932556483831618,0.17931540083575678,1.0120657144345433,0.09931257045306352,-0.9712543631555449,-0.040500673007986744,2.1157627267567714,0.9397998304693636,-0.070921391248703,-0.2576216459274292,-0.6009337306022644,0.0842006504535675,-0.11679680645465851,-0.08343217521905899,1.0114548206329346,-0.070921391248703,-0.2576216459274292,-0.6009337306022644,0.0842006504535675,-0.11679680645465851,-0.08343217521905899,-1.0,0.07153838068054666,-0.17440616062065156,1.0625599683749989,0.06426401514898046,0.1968852888933368,0.9024998346667837,0.0,0.0,0.0,0,0.0414
147,0,0.0,0.12759554169982357,0.19313333404640115,1.0703251494629689,0.9962493193820753,0.03991831541693164,0.06591281213315592,-0.03936143952809918,0.02419002247322485,-0.02415261422370367,0.17505135575797653,1.0089226119806072,0.09861311572610784,-0.9957880097528002,-0.03550638332117246,2.146974305547282,0.9450798831509997,0.03592894971370697,-0.20371250808238983,-0.49451953172683716,0.06875575333833694,-0.0597330704331398,-0.05747236683964729,1.0125070810317993,0.03592894971370697,-0.20371250808238983,-0.49451953172683716,0.06875575333833694,-0.0597330704331398,-0.05747236683964729,-1.0,0.07153838068054666,-0.17440616062065156,1.0625599683749989,0.06426401514898046,0.1968852888933368,0.9024998346667837,0.0,0.0,0.0,0,0.0411
148,1,0.0532,0.12781556995083743,0.1908299957874911,1.0639416909891821,0.9959728601601917,0.03519294523493033,0.07046155666122128,-0.04283325183657753,0.02910305204323776,-0.029045152689030188,0.17041304710818928,1.006137652058932,0.09837040892082598,-1.020916660318981,-0.029505486741334998,2.179646827307983,0.9472988165779187,-0.3806266784667969,-0.44029080867767334,-0.4967668056488037,0.0684489756822586,-0.1472967118024826,-0.06775075197219849,1.0365417003631592,-0.3806266784667969,-0.44029080867767334,-0.4967668056488037,0.0684489756822586,-0.1472967118024826,-0.06775075197219849,-1.0,0.07153838068054666,-0.17440616062065156,1.0625599683749989,0.06426401514898046,0.1968852888933368,0.9024998346667837,0.0,0.0,0.0,0,0.0434
149,0,0.0,0.1269533914696488,0.18717610655792136,1.0587681552102017,0.9958322607804806,0.031025656391257372,0.07293258211357237,-0.045125995840254875,0.03328665975519303,-0.03328205786645935,0.1649851544926385,0.9989023424619443,0.09724088240414135,-1.049147905714276,-0.023808348011018516,2.2061218574419277,0.9476790532046648,-0.3381357192993164,-0.27863556146621704,-0.524276614189148,0.06564592570066452,-0.13905930519104004,-0.045583002269268036,0.9683740735054016,-0.3381357192993164,-0.27863556146621704,-0.524276614189148,0.06564592570066452,-0.13905930519104004,-0.045583002269268036,-1.0,0.07153838068054666,-0.17440616062065156,1.0625599683749989,0.06426401514898046,0.1968852888933368,0.9024998346667837,0.0,0.0,0.0,0,0.0406
150,0,0.0,0.12540044229016842,0.18336093412909205,1.0550315770138106,0.9956552117441907,0.02759292687838183,0.07529352237726616,-0.04733091168505618,0.03582464538489549,-0.03574543758186733,0.15928345882030415,0.9875214825925378,0.09652167216288232,-1.0815762037687846,-0.017907092605211974,2.232694685260335,0.9464037539051153,-0.25101765990257263,-0.1891842633485794,-0.5242732763290405,0.06700792163610458,-0.11240307986736298,-0.029283609241247177,1.0052318572998047,-0.25101765990257263,-0.1891842633485794,-0.5242732763290405,0.06700792163610458,-0.11240307986736298,-0.029283609241247177,-1.0,0.07153838068054666,-0.17440616062065156,1.0625599683749989,0.06426401514898046,0.1968852888933368,0.9024998346667837,0.0,0.0,0.0,0,0.0418
151,0,0.0,0.12362565597443269,0.18062044494718513,1.0506399180570938,0.9952858074764395,0.02519286522035208,0.07896758066288607,-0.05035476325245061,0.037269958589742226,-0.03712152847393118,0.15397605418898405,0.9765071922885487,0.09701374391714761,-1.1163766620869982,-0.011614081778595981,2.2647943596763613,0.9434837811762309,-0.15859460830688477,-0.05698166787624359,-0.5030462741851807,0.06339574605226517,-0.09264785051345825,-0.013763513416051865,1.0034152269363403,-0.15859460830688477,-0.05698166787624359,-0.5030462741851807,0.06339574605226517,-0.09264785051345825,-0.013763513416051865,-1.0,0.07153838068054666,-0.17440616062065156,1.0625599683749989,0.06426401514898046,0.1968852888933368,0.9024998346667837,0.0,0.0,0.0,0,0.0423
152,1,0.0536,0.12176526277751112,0.17901970199858433,1.045206400101179,0.9947187809540732,0.02369044847531271,0.08394731396828983,-0.05409397328528788,0.03809409038069971,-0.037883430948836186,0.14926304502353951,0.9674879691255505,0.09867474150872318,-1.1515968165134975,-0.005130423410374497,2.3020857722573607,0.9392486600214901,-0.29476967453956604,-0.42402392625808716,-0.2958335280418396,0.09652926027774811,-0.09616543352603912,-0.042227257043123245,1.023786187171936,-0.29476967453956604,-0.42402392625808716,-0.2958335280418396,0.09652926027774811,-0.09616543352603912,-0.042227257043123245,-1.0,0.07153838068054666,-0.17440616062065156,1.0625599683749989,0.06426401514898046,0.1968852888933368,0.9024998346667837,0.0,0.0,0.0,0,0.0436
153,0,0.0,0.11928642626271468,0.17644103153359966,1.0406900978981275,0.9942203356148268,0.021443664798285023,0.08801329800991836,-0.05761729656427769,0.03850545050911603,-0.03836097781657763,0.14372952774113795,0.9555872967039016,0.09964294970834045,-1.188655448705757,0.0026916906735030056,2.3361665582253908,0.934755944286238,-0.35936272144317627,-0.21232722699642181,-0.24721896648406982,0.07217606157064438,-0.11040207743644714,-0.030005646869540215,0.9867309331893921,-0.35936272144317627,-0.21232722699642181,-0.24721896648406982,0.07217606157064438,-0.11040207743644714,-0.030005646869540215,-1.0,0.07153838068054666,-0.17440616062065156,1.0625599683749989,0.06426401514898046,0.1968852888933368,0.9024998346667837,0.0,0.0,0.0,0,0.0413
154,0,0.0,0.1162410964847514,0.17324103634839605,1.038236867413321,0.9937143965283962,0.018971088741161657,0.09169461192952354,-0.06135058326758863,0.038777894362493584,-0.03858607155522018,0.1374804620119112,0.9393197459364794,0.1007293731352761,-1.2282743783782326,0.012165127289752223,2.3678856847627663,0.9288402543711282,-0.21468105912208557,-0.06449393928050995,-0.2376008778810501,0.04445313662290573,-0.08972793817520142,-0.014346068724989891,0.9999176263809204,-0.21468105912208557,-0.06449393928050995,-0.2376008778810501,0.04445313662290573,-0.08972793817520142,-0.014346068724989891,-1.0,0.07153838068054666,-0.17440616062065156,1.0625599683749989,0.06426401514898046,0.1968852888933368,0.9024998346667837,0.0,0.0,0.0,0,0.0423
155,0,0.0,0.11322398540457937,0.17094669465708795,1.0358921784789035,0.9930120248787222,0.017540863172919086,0.09691485692985982,-0.06501497574922735,0.03894479880629905,-0.03869865797557989,0.13200880424463063,0.9237879315215739,0.10260104644245416,-1.2677962147219406,0.02042180069496447,2.40328307072453,0.9222016409752803,-0.08601585030555725,0.08716748654842377,-0.15737062692642212,0.02971525490283966,-0.058057885617017746,-0.013588231056928635,0.9956268072128296,-0.08601585030555725,0.08716748654842377,-0.15737062692642212,0.02971525490283966,-0.058057885617017746,-0.013588231056928635,-1.0,0.07153838068054666,-0.17440616062065156,1.0625599683749989,0.06426401514898046,0.1968852888933368,0.9024998346667837,0.0,0.0,0.0,0,0.0422
156,1,0.0539,0.11047676128162992,0.16991562044418554,1.0327668211161607,0.9921347238116837,0.016759664524954476,0.10346098516325415,-0.06843703676499119,0.03905190997097133,-0.03875359279768639,0.12784921384221343,0.9117587155937168,0.10526958378302953,-1.304251164246746,0.026659189613161063,2.441618894562889,0.9166503504394172,0.05183703452348709,-0.21364130079746246,0.30185753107070923,0.06863988190889359,0.016119334846735,-0.06945693492889404,1.005275011062622,0.05183703452348709,-0.21364130079746246,0.30185753107070923,0.06863988190889359,0.016119334846735,-0.06945693492889404,-1.0,0.07153838068054666,-0.17440616062065156,1.0625599683749989,0.06426401514898046,0.1968852888933368,0.9024998346667837,0.0,0.0,0.0,0,0.0426
157,0,0.0,0.10794061185577164,0.16853660184544086,1.0313065957963685,0.9913254353174386,0.013809738324696175,0.10920369524099865,-0.07181730547579715,0.03910225996801152,-0.03881703436438637,0.12358543242790337,0.8987356113047541,0.10741657048028827,-1.3369722488652402,0.03376568680404953,2.47362942827352,0.9148539189107218,0.027583852410316467,-0.1967553049325943,0.221730038523674,0.061532776802778244,0.017102327197790146,-0.05932675674557686,0.9896185398101807,0.027583852410316467,-0.1967553049325943,0.221730038523674,0.061532776802778244,0.017102327197790146,-0.05932675674557686,-1.0,0.07153838068054666,-0.17440616062065156,1.0625599683749989,0.06426401514898046,0.1968852888933368,0.9024998346667837,0.0,0.0,0.0,0,0.0421
158,0,0.0,0.1056982881032395,0.16635736796537445,1.0317354933258873,0.9906197068201759,0.00910264003793504,0.11354039593854043,-0.07548719688772908,0.03914668011059953,-0.03886236348373832,0.11863177796809568,0.8848350788202616,0.10919592853114472,-1.3654520109029256,0.04299198103123825,2.497961530138611,0.9140387671380436,0.008380383253097534,-0.13647811114788055,0.17324183881282806,0.036568958312273026,0.014906744472682476,-0.03794097527861595,0.9964143633842468,0.008380383253097534,-0.13647811114788055,0.17324183881282806,0.036568958312273026,0.014906744472682476,-0.03794097527861595,-1.0,0.07153838068054666,-0.17440616062065156,1.0625599683749989,0.06426401514898046,0.1968852888933368,0.9024998346667837,0.0,0.0,0.0,0,0.0414
159,0,0.0,0.10367258313982512,0.16413855492540957,1.0321519796707281,0.9899902570897239,0.005189547488437196,0.11702553363801296,-0.07872346499631158,0.03918997503004836,-0.038904458794241474,0.11383123386368221,0.8729113127229766,0.11092229411654411,-1.3896882236151369,0.05168876198474849,2.5181119033499284,0.9118267867949051,-0.006126374006271362,-0.08725607395172119,0.028618961572647095,0.016412757337093353,-0.0016970662400126457,-0.02480180189013481,1.0010801553726196,-0.006126374006271362,-0.08725607395172119,0.028618961572647095,0.016412757337093353,-0.0016970662400126457,-0.02480180189013481,-1.0,0.07153838068054666,-0.17440616062065156,1.0625599683749989,0.06426401514898046,0.1968852888933368,0.9024998346667837,0.0,0.0,0.0,0,0.0415
160,1,0.0536,0.10196819718657343,0.16208075133022373,1.0318229216942432,0.9894295236229012,0.0025772392776922115,0.12022247953596016,-0.08105017603490694,0.039231728565542585,-0.03894442217738265,0.1097009253495673,0.8642311950137024,0.11235887514091038,-1.4097949990574001,0.058248645664538,2.536463528212004,0.9087338463561347,-0.08228379487991333,-0.1320587545633316,0.15139903128147125,0.04619729146361351,-0.02732113003730774,-0.05292946472764015,1.0056198835372925,-0.08228379487991333,-0.1320587545633316,0.15139903128147125,0.04619729146361351,-0.02732113003730774,-0.05292946472764015,-1.0,0.07153838068054666,-0.17440616062065156,1.0625599683749989,0.06426401514898046,0.1968852888933368,0.9024998346667837,0.0,0.0,0.0,0,0.0429
161,0,0.0,0.10044707259399809,0.16027821862811012,1.0320566656010337,0.9888871268053848,-0.0001710156815131758,0.12317842537451035,-0.0832423973374305,0.039272789593869734,-0.03898157493148711,0.10588142292578376,0.8554872257276646,0.11386477548586467,-1.4279088228800727,0.06448677649808619,2.552300728112962,0.9067182498636223,-0.08639733493328094,-0.1709803193807602,0.09197679162025452,0.048556238412857056,-0.029053885489702225,-0.057793471962213516,0.9900926351547241,-0.08639733493328094,-0.1709803193807602,0.09197679162025452,0.048556238412857056,-0.029053885489702225,-0.057793471962213516,-1.0,0.07153838068054666,-0.17440616062065156,1.0625599683749989,0.06426401514898046,0.1968852888933368,0.9024998346667837,0.0,0.0,0.0,0,0.0422
162,0,0.0,0.09898252206268325,0.1583607585372543,1.0331402243233292,0.988331148763606,-0.0038332848976756484,0.1258980889563575,-0.0856534734125847,0.03931112432222238,-0.039018105495294164,0.10193778042720196,0.8457626422720765,0.11528788488820685,-1.445475184616909,0.07155057832453449,2.5662995587770983,0.9058071254945123,-0.05400720238685608,-0.16581179201602936,0.05791020393371582,0.042096905410289764,-0.0060915639623999596,-0.04961802065372467,1.0036230087280273,-0.05400720238685608,-0.16581179201602936,0.05791020393371582,0.042096905410289764,-0.0060915639623999596,-0.04961802065372467,-1.0,0.07153838068054666,-0.17440616062065156,1.0625599683749989,0.06426401514898046,0.1968852888933368,0.9024998346667837,0.0,0.0,0.0,0,0.0423
163,0,0.0,0.09750742779094249,0.15632694188080662,1.0337298813081561,0.9878092220765633,-0.00762511601743765,0.1281879046007742,-0.08799238319466733,0.039348130817325175,-0.03905275305653888,0.09800694224839109,0.8373106679779154,0.11658813484443621,-1.4618278407584127,0.07886080512436276,2.5794321862301426,0.9047086396057047,-0.07152336835861206,-0.06594327092170715,-9.700655937194824e-06,0.023292798548936844,-0.012382294982671738,-0.021241063252091408,1.0006459951400757,-0.07152336835861206,-0.06594327092170715,-9.700655937194824e-06,0.023292798548936844,-0.012382294982671738,-0.021241063252091408,-1.0,0.07153838068054666,-0.17440616062065156,1.0625599683749989,0.06426401514898046,0.1968852888933368,0.9024998346667837,0.0,0.0,0.0,0,0.0429
164,1,0.0534,0.09602972264885529,0.15472088133579806,1.0336166583589874,0.9873421423199376,-0.010286535582203826,0.13014931678476627,-0.09006018279600708,0.039385060557169886,-0.03908440283242074,0.09450409076212966,0.8308024975600075,0.11818491852597311,-1.476367986166805,0.08526317105082669,2.591890984581597,0.9022821665785395,-0.08656345307826996,-0.2521268129348755,0.33137959241867065,0.04724081978201866,0.009888873435556889,-0.060328416526317596,0.9952648878097534,-0.08656345307826996,-0.2521268129348755,0.33137959241867065,0.04724081978201866,0.009888873435556889,-0.060328416526317596,-1.0,0.07153838068054666,-0.17440616062065156,1.0625599683749989,0.06426401514898046,0.1968852888933368,0.9024998346667837,0.0,0.0,0.0,0,0.0412
165,0,0.0,0.09440661156503999,0.15265456771336944,1.0350250571680146,0.9869805847561905,-0.013383283914244704,0.1313376784586834,-0.09187288633259147,0.03941867639110594,-0.039116424883433754,0.09069616275088908,0.8210175666951478,0.11924602312738314,-1.49123799470069,0.09200506751192204,2.5997415439954326,0.9007262341420667,-0.05221909284591675,-0.2661210298538208,0.257948637008667,0.058769192546606064,0.017124570906162262,-0.05351407080888748,0.9771329760551453,-0.05221909284591675,-0.2661210298538208,0.257948637008667,0.058769192546606064,0.017124570906162262,-0.05351407080888748,-1.0,0.07153838068054666,-0.17440616062065156,1.0625599683749989,0.06426401514898046,0.1968852888933368,0.9024998346667837,0.0,0.0,0.0,0,0.0405
166,0,0.0,0.09282776984893765,0.15011803756353603,1.0380146660998695,0.9866163486149407,-0.017569787165564454,0.13193375775744148,-0.09419642662372128,0.039452010865100834,-0.03914591751212783,0.08620956497064532,0.8089092790271915,0.12028209370284886,-1.5057000662454731,0.10085630715258208,2.6039343058485085,0.8993202947580563,-0.02763471007347107,-0.23055575788021088,0.19754640758037567,0.024783294647932053,0.023833196610212326,-0.04887288436293602,1.001997709274292,-0.02763471007347107,-0.23055575788021088,0.19754640758037567,0.024783294647932053,0.023833196610212326,-0.04887288436293602,-1.0,0.07153838068054666,-0.17440616062065156,1.0625599683749989,0.06426401514898046,0.1968852888933368,0.9024998346667837,0.0,0.0,0.0,0,0.0412
167,0,0.0,0.09151356186492898,0.14709793074896016,1.040425831968625,0.9862959300975841,-0.021557262805550148,0.13230148652456772,-0.0961870020151502,0.03948253819469737,-0.03917551967733677,0.08163416481167185,0.7986554677939758,0.1206603725464608,-1.518113576776624,0.10945123769558814,2.6072402687022715,0.8970265592706824,-0.03390176594257355,-0.16807939112186432,0.1222192794084549,0.015465940348803997,0.023027196526527405,-0.035443998873233795,1.0036808252334595,-0.03390176594257355,-0.16807939112186432,0.1222192794084549,0.015465940348803997,0.023027196526527405,-0.035443998873233795,-1.0,0.07153838068054666,-0.17440616062065156,1.0625599683749989,0.06426401514898046,0.1968852888933368,0.9024998346667837,0.0,0.0,0.0,0,0.0401
168,1,0.053,0.09036408295178472,0.14415177467100332,1.041920518899891,0.9860751189272022,-0.0246893118676475,0.13240430245631213,-0.0975469036067374,0.039513783653301854,-0.03920181840021376,0.07757139344268514,0.7908476935264648,0.12070765303864381,-1.5282986750290941,0.1164221128266368,2.609962618537245,0.8943420559716245,0.12233810126781464,-0.017389535903930664,0.08776867389678955,0.00341782346367836,0.012015300802886486,-0.06944911926984787,1.018980622291565,0.12233810126781464,-0.017389535903930664,0.08776867389678955,0.00341782346367836,0.012015300802886486,-0.06944911926984787,-1.0,0.07153838068054666,-0.17440616062065156,1.0625599683749989,0.06426401514898046,0.1968852888933368,0.9024998346667837,0.0,0.0,0.0,0,0.0419
169,0,0.0,0.09024784551827221,0.14178248705839186,1.0426241906606362,0.9856969121317778,-0.027996325025468616,0.13369813974248512,-0.09870466366056177,0.039544496139779346,-0.03922618442499878,0.07454155075181688,0.7873869950890884,0.12056945431568157,-1.53391337619342,0.12144065563785329,2.615133461514701,0.8939735876164022,0.13470086455345154,-0.020956888794898987,0.06276585161685944,0.008897594176232815,0.003826078027486801,-0.057745903730392456,0.9870144724845886,0.13470086455345154,-0.020956888794898987,0.06276585161685944,0.008897594176232815,0.003826078027486801,-0.057745903730392456,-1.0,0.07153838068054666,-0.17440616062065156,1.0625599683749989,0.06426401514898046,0.1968852888933368,0.9024998346667837,0.0,0.0,0.0,0,0.0414
170,0,0.0,0.09097614240555506,0.14022229384084975,1.0426538964383947,0.9852169477032087,-0.031540966131758,0.1356867125429955,-0.0997088233463891,0.03957455621590987,-0.03924884670845464,0.07263437613154873,0.78759017627122,0.1204629140796869,-1.5353449656509752,0.12444681674320708,2.621203926757282,0.8962663225496654,0.13815385103225708,-0.020139440894126892,0.048857107758522034,0.014609166420996189,0.003630596213042736,-0.04586896300315857,0.9870823621749878,0.13815385103225708,-0.020139440894126892,0.048857107758522034,0.014609166420996189,0.003630596213042736,-0.04586896300315857,-1.0,0.07153838068054666,-0.17440616062065156,1.0625599683749989,0.06426401514898046,0.1968852888933368,0.9024998346667837,0.0,0.0,0.0,0,0.0419
171,0,0.0,0.09193013575438275,0.13932603862453344,1.0424734872765475,0.984771458613855,-0.034692356248680944,0.13743782945244384,-0.10066011003796554,0.03960330948047077,-0.03927055809667407,0.07137372428139277,0.7892998698455073,0.12061005601071621,-1.5344787674735754,0.12642663823272132,2.626044145069598,0.8993060513888039,0.12122835963964462,-0.00246487557888031,-0.009926572442054749,0.012035205028951168,0.00911411177366972,-0.029483163729310036,1.004546880722046,0.12122835963964462,-0.00246487557888031,-0.009926572442054749,0.012035205028951168,0.00911411177366972,-0.029483163729310036,-1.0,0.07153838068054666,-0.17440616062065156,1.0625599683749989,0.06426401514898046,0.1968852888933368,0.9024998346667837,0.0,0.0,0.0,0,0.0417
172,1,0.0535,0.09286813840272067,0.13891031267433515,1.0419290674432766,0.9844287424632614,-0.03716854366087213,0.1386035592269558,-0.10152636969748483,0.03963056242934883,-0.039291606591941676,0.07053496401184425,0.7922131526288972,0.12097942449758281,-1.5320618674290598,0.12775085563027305,2.629294464553231,0.9020329992847946,0.13372233510017395,-0.05454088747501373,0.24753959476947784,0.020068760961294174,0.0031272098422050476,-0.0968804880976677,1.0142583847045898,0.13372233510017395,-0.05454088747501373,0.24753959476947784,0.020068760961294174,0.0031272098422050476,-0.0968804880976677,-1.0,0.07153838068054666,-0.17440616062065156,1.0625599683749989,0.06426401514898046,0.1968852888933368,0.9024998346667837,0.0,0.0,0.0,0,0.0428
173,0,0.0,0.09409628032954417,0.1379434733571403,1.0427142681890436,0.9840335018108125,-0.04102673070596263,0.13978746129834846,-0.10224646862014888,0.03965535609510633,-0.03931304538432617,0.06966115901702137,0.7929899143904913,0.12038790492837276,-1.5291995071734497,0.12896746265198036,2.630252491121057,0.9077451913695327,0.10696595162153244,0.02489764243364334,0.23204649984836578,0.0028031766414642334,0.003951063379645348,-0.07280523329973221,1.0040711164474487,0.10696595162153244,0.02489764243364334,0.23204649984836578,0.0028031766414642334,0.003951063379645348,-0.07280523329973221,-1.0,0.07153838068054666,-0.17440616062065156,1.0625599683749989,0.06426401514898046,0.1968852888933368,0.9024998346667837,0.0,0.0,0.0,0,0.0421
174,0,0.0,0.0953457275465252,0.1369529354442005,1.0449192320268117,0.9836176489004697,-0.04568549908763597,0.14087225563160974,-0.10278211681945404,0.039681122746041436,-0.0393315345016303,0.0691269025699292,0.7914276814216292,0.1194238303660653,-1.526576033458883,0.12924483792310237,2.6289812899744573,0.9160652644225284,0.09901901334524155,-0.0011535286903381348,0.13371728360652924,0.01974712684750557,0.003404926508665085,-0.05376800522208214,0.9999992251396179,0.09901901334524155,-0.0011535286903381348,0.13371728360652924,0.01974712684750557,0.003404926508665085,-0.05376800522208214,-1.0,0.07153838068054666,-0.17440616062065156,1.0625599683749989,0.06426401514898046,0.1968852888933368,0.9024998346667837,0.0,0.0,0.0,0,0.0428
175,0,0.0,0.09642004093888572,0.13674102189860227,1.0469165931919429,0.983256316726999,-0.049610557323783944,0.14161844916944313,-0.10339256778569628,0.03970595985651224,-0.03934905346393054,0.06908372079410954,0.790446381474292,0.11907899177018978,-1.5234843930420041,0.12900215509364038,2.62720434681237,0.9241746113456488,0.0927198976278305,0.007154777646064758,-0.07482979446649551,0.01454069186002016,0.018992163240909576,0.003689821809530258,0.9998327493667603,0.0927198976278305,0.007154777646064758,-0.07482979446649551,0.01454069186002016,0.018992163240909576,0.003689821809530258,-1.0,0.07153838068054666,-0.17440616062065156,1.0625599683749989,0.06426401514898046,0.1968852888933368,0.9024998346667837,0.0,0.0,0.0,0,0.0421
176,1,0.0544,0.09720453707100146,0.13728258817759567,1.047192812423344,0.9830664405885967,-0.05176050715575298,0.14161681930552691,-0.10414364972109777,0.03972906699621363,-0.03936647890511392,0.06922530503661047,0.7926521014616122,0.11969064057006892,-1.5192850030868918,0.1288878716113941,2.6257615750011736,0.9288331771173138,0.14377696812152863,0.018065430223941803,0.14615105092525482,0.017119981348514557,0.0015391632914543152,-0.09578143805265427,1.0042012929916382,0.14377696812152863,0.018065430223941803,0.14615105092525482,0.017119981348514557,0.0015391632914543152,-0.09578143805265427,-1.0,0.07153838068054666,-0.17440616062065156,1.0625599683749989,0.06426401514898046,0.1968852888933368,0.9024998346667837,0.0,0.0,0.0,0,0.0437
177,0,0.0,0.0985346060743412,0.13713591606407657,1.0475119373780661,0.9827378405007547,-0.05496088609926114,0.14222911905754643,-0.10476886722309636,0.03974933945253564,-0.03938500282849778,0.06924225089462788,0.7954489911509575,0.11930114300272174,-1.5138392350138175,0.12890649528845113,2.625151377042171,0.9351918878807387,0.15917950868606567,0.03201080113649368,0.05154797434806824,0.01714727282524109,0.006490270607173443,-0.07897581905126572,0.9933333396911621,0.15917950868606567,0.03201080113649368,0.05154797434806824,0.01714727282524109,0.006490270607173443,-0.07897581905126572,-1.0,0.07153838068054666,-0.17440616062065156,1.0625599683749989,0.06426401514898046,0.1968852888933368,0.9024998346667837,0.0,0.0,0.0,0,0.0422
178,0,0.0,0.10023875128438361,0.1368208328154743,1.0482307443714227,0.9822248949702271,-0.059846732786288825,0.14325048734054147,-0.10550792459445207,0.03977088245332005,-0.03940060158947761,0.06951892062567999,0.7984353776911242,0.11847708934505649,-1.50752431255407,0.1287746668302224,2.6248589531038298,0.944760391717779,0.18148967623710632,0.06419960409402847,0.04760083556175232,0.011092429049313068,0.012919322587549686,-0.057577550411224365,1.009827971458435,0.18148967623710632,0.06419960409402847,0.04760083556175232,0.011092429049313068,0.012919322587549686,-0.057577550411224365,-1.0,0.07153838068054666,-0.17440616062065156,1.0625599683749989,0.06426401514898046,0.1968852888933368,0.9024998346667837,0.0,0.0,0.0,0,0.0414
179,0,0.0,0.10198862751886908,0.1370630220517487,1.0483893876796713,0.9817503571128472,-0.06413396998182824,0.14410972056205057,-0.1062330393177841,0.03979197875432476,-0.03941505117034767,0.0702303775314821,0.8029670882343676,0.1180223727446577,-1.4999116077230985,0.12792255854458245,2.6244886779121317,0.954115006299373,0.24412444233894348,0.11129828542470932,0.013181731104850769,0.0006504342891275883,0.011465360410511494,-0.05019513517618179,1.0034003257751465,0.24412444233894348,0.11129828542470932,0.013181731104850769,0.0006504342891275883,0.011465360410511494,-0.05019513517618179,-1.0,0.07153838068054666,-0.17440616062065156,1.0625599683749989,0.06426401514898046,0.1968852888933368,0.9024998346667837,0.0,0.0,0.0,0,0.0427
180,1,0.0534,0.10411555667727612,0.13770103976852938,1.0480669818198483,0.9812937158533465,-0.06763016687337042,0.14524842492202153,-0.10673190157156805,0.03981195885600478,-0.039429086638051614,0.07145049596875123,0.8097078974945152,0.11762000082454904,-1.4899016791834436,0.12580630467805623,2.6244281776396807,0.9631854182223691,0.11174871027469635,-0.0607779324054718,0.4537484645843506,0.03600723668932915,0.03634239733219147,-0.13673466444015503,1.027061104774475,0.11174871027469635,-0.0607779324054718,0.4537484645843506,0.03600723668932915,0.03634239733219147,-0.13673466444015503,-1.0,0.07153838068054666,-0.17440616062065156,1.0625599683749989,0.06426401514898046,0.1968852888933368,0.9024998346667837,0.0,0.0,0.0,0,0.0423
181,0,0.0,0.10588457157385342,0.13747584631667015,1.0499847569518026,0.9808441332282445,-0.0733547508560774,0.14520753705054268,-0.10713840591632323,0.03982963706509298,-0.03944397516213967,0.07221926396999671,0.8108964453687693,0.11609211152959095,-1.481751297109726,0.12444771289518236,2.618378717807921,0.9765277453187489,0.11004938185214996,-0.0663793683052063,0.296720027923584,0.04095584899187088,0.05075699836015701,-0.1230287253856659,0.9832562208175659,0.11004938185214996,-0.0663793683052063,0.296720027923584,0.04095584899187088,0.05075699836015701,-0.1230287253856659,-1.0,0.07153838068054666,-0.17440616062065156,1.0625599683749989,0.06426401514898046,0.1968852888933368,0.9024998346667837,0.0,0.0,0.0,0,0.0413
182,0,0.0,0.1070635078648267,0.13674012602972135,1.0538605295252341,0.9803570867440167,-0.08112074921543216,0.14379161018973646,-0.10790449182751108,0.03984781035410618,-0.03945699253752501,0.07245512373112335,0.8076890518729337,0.11430738159471394,-1.4755715735432808,0.12462045445014297,2.607617610627836,0.9926367865027538,0.0964086651802063,-0.04068143665790558,0.1903689056634903,0.03320463374257088,0.052988093346357346,-0.09581592679023743,0.9899784326553345,0.0964086651802063,-0.04068143665790558,0.1903689056634903,0.03320463374257088,0.052988093346357346,-0.09581592679023743,-1.0,0.07153838068054666,-0.17440616062065156,1.0625599683749989,0.06426401514898046,0.1968852888933368,0.9024998346667837,0.0,0.0,0.0,0,0.0403
183,0,0.0,0.1080276443981013,0.13631422203691662,1.0568507398452605,0.9799428473955408,-0.08825605869736908,0.14177288649476455,-0.10873514885476199,0.03986538862688911,-0.039469265019979,0.07268095693181906,0.8060581913352399,0.11301899383235635,-1.4687823535313358,0.12491136448757786,2.596594180113686,1.0073973008074915,0.023086845874786377,0.04435744136571884,0.046883612871170044,0.005910370498895645,0.0196845605969429,-0.04906340688467026,1.000828504562378,0.023086845874786377,0.04435744136571884,0.046883612871170044,0.005910370498895645,0.0196845605969429,-0.04906340688467026,-1.0,0.07153838068054666,-0.17440616062065156,1.0625599683749989,0.06426401514898046,0.1968852888933368,0.9024998346667837,0.0,0.0,0.0,0,0.0415
184,1,0.0534,0.1088197297820453,0.13638458067839615,1.058697215749799,0.979732469595566,-0.09318733987111177,0.13976967740497687,-0.10910932584351704,0.03988270298759238,-0.039480505712982526,0.07323616281423813,0.8063276533265125,0.1122359391890117,-1.4617848348044973,0.12391628823067531,2.5869129693665696,1.0188508080508945,0.38712799549102783,-0.02230192720890045,0.11026601493358612,0.003078782930970192,0.021008048206567764,-0.1064416691660881,1.0093319416046143,0.38712799549102783,-0.02230192720890045,0.11026601493358612,0.003078782930970192,0.021008048206567764,-0.1064416691660881,-1.0,0.07153838068054666,-0.17440616062065156,1.0625599683749989,0.06426401514898046,0.1968852888933368,0.9024998346667837,0.0,0.0,0.0,0,0.0426
185,0,0.0,0.11129623269620553,0.13585933925254498,1.0597552251988653,0.9790911923526593,-0.09837960060874351,0.14069112610683662,-0.10912331683146939,0.03989733519119621,-0.03949319932035548,0.07417338857623335,0.8116025939863502,0.11023409335368935,-1.450208890891864,0.12147621298462152,2.583631258455895,1.0310893881163994,0.3953711986541748,0.01231086254119873,0.037291884422302246,0.0004547364078462124,0.008644930087029934,-0.09030750393867493,1.0115180015563965,0.3953711986541748,0.01231086254119873,0.037291884422302246,0.0004547364078462124,0.008644930087029934,-0.09030750393867493,-1.0,0.07153838068054666,-0.17440616062065156,1.0625599683749989,0.06426401514898046,0.1968852888933368,0.9024998346667837,0.0,0.0,0.0,0,0.0425
186,0,0.0,0.11514068737710557,0.13526149415671812,1.0596892156128066,0.9781230663567735,-0.10425043190961913,0.14317340676141288,-0.1091260285349509,0.039913407777277206,-0.03950328619298673,0.07565077233652684,0.8221708047371991,0.10772397359359896,-1.4333856468894504,0.11803766475076828,2.583276574699628,1.0448082453025775,0.30688148736953735,0.016453012824058533,-0.06865482032299042,0.003401472233235836,-0.003985048737376928,-0.06445164978504181,1.015995740890503,0.30688148736953735,0.016453012824058533,-0.06865482032299042,0.003401472233235836,-0.003985048737376928,-0.06445164978504181,-1.0,0.07153838068054666,-0.17440616062065156,1.0625599683749989,0.06426401514898046,0.1968852888933368,0.9024998346667837,0.0,0.0,0.0,0,0.0421
187,0,0.0,0.11890172381463407,0.13529026331772376,1.0586765979222668,0.9773223817598419,-0.10907055787377085,0.14510842408423416,-0.10903265921806934,0.03992900276232187,-0.039512722636018065,0.07751448734228582,0.8348637348117813,0.10573888573118881,-1.4148743672619155,0.11395813921089513,2.5820628031188164,1.0573926614164721,0.17721238732337952,-0.005282685160636902,-0.08333121240139008,0.010707681067287922,0.005476144142448902,-0.05296992138028145,1.014868974685669,0.17721238732337952,-0.005282685160636902,-0.08333121240139008,0.010707681067287922,0.005476144142448902,-0.05296992138028145,-1.0,0.07153838068054666,-0.17440616062065156,1.0625599683749989,0.06426401514898046,0.1968852888933368,0.9024998346667837,0.0,0.0,0.0,0,0.0426
188,1,0.055,0.12181207685012396,0.13563456360738382,1.0573496530907027,0.9768498742679428,-0.11292753567555147,0.14550686815432,-0.10880921904357183,0.03994335253511611,-0.03952232534878347,0.07926686971944752,0.8464554949195952,0.10427444938241791,-1.3978168516185332,0.11021978502798535,2.57788835904795,1.0682933020702023,0.1050543561577797,-0.06915667653083801,0.3728373646736145,0.03457680344581604,-0.002322576940059662,-0.1269465833902359,1.0162136554718018,0.1050543561577797,-0.06915667653083801,0.3728373646736145,0.03457680344581604,-0.002322576940059662,-0.1269465833902359,-1.0,0.07153838068054666,-0.17440616062065156,1.0625599683749989,0.06426401514898046,0.1968852888933368,0.9024998346667837,0.0,0.0,0.0,0,0.0425
189,0,0.0,0.12413058293262143,0.13523658582864412,1.0591297486992806,0.9762547568873761,-0.1184330710803902,0.14508020762152024,-0.10886684842380788,0.0399572423964119,-0.03953136775257556,0.08019044577949996,0.8505771878857269,0.10231429415558313,-1.3844210414273936,0.10827897929116198,2.5686814655698975,1.081474563447694,0.07176513969898224,-0.10289239883422852,0.2412499338388443,0.028818383812904358,0.008003593422472477,-0.1226780116558075,0.9983238577842712,0.07176513969898224,-0.10289239883422852,0.2412499338388443,0.028818383812904358,0.008003593422472477,-0.1226780116558075,-1.0,0.07153838068054666,-0.17440616062065156,1.0625599683749989,0.06426401514898046,0.1968852888933368,0.9024998346667837,0.0,0.0,0.0,0,0.0419
190,0,0.0,0.12594473617377122,0.13407915151951988,1.063159173320716,0.9754613905756548,-0.12567308166180657,0.14418372586141742,-0.10905230505841453,0.039969646320809016,-0.03954092818017214,0.08054933158897327,0.849491442777686,0.09975934191367641,-1.374429034559607,0.10748492906829074,2.556901168840861,1.0968826178661872,-0.0346994549036026,-0.12241502106189728,0.09584732353687286,0.03245702013373375,-0.00497382553294301,-0.108695849776268,0.9924849271774292,-0.0346994549036026,-0.12241502106189728,0.09584732353687286,0.03245702013373375,-0.00497382553294301,-0.108695849776268,-1.0,0.07153838068054666,-0.17440616062065156,1.0625599683749989,0.06426401514898046,0.1968852888933368,0.9024998346667837,0.0,0.0,0.0,0,0.0417
191,0,0.0,0.1270444223963482,0.13281695990630144,1.066464546061795,0.974743296410167,-0.13273598728360114,0.1426535106777272,-0.1091175498011563,0.03998179558487912,-0.03954980298086172,0.08070287064500804,0.847701704468943,0.09733911272408918,-1.3673389356813623,0.10718271153992155,2.5459481367332217,1.1113256864346326,-0.11501136422157288,-0.09998536109924316,-0.07427261769771576,0.00571051612496376,-0.025038816034793854,-0.08724739402532578,1.001801609992981,-0.11501136422157288,-0.09998536109924316,-0.07427261769771576,0.00571051612496376,-0.025038816034793854,-0.08724739402532578,-1.0,0.07153838068054666,-0.17440616062065156,1.0625599683749989,0.06426401514898046,0.1968852888933368,0.9024998346667837,0.0,0.0,0.0,0,0.0417
192,1,0.0536,0.12747208237766114,0.1313900803868069,1.0684204930648735,0.9741991900873421,-0.1386938735612498,0.14107114460128045,-0.10862264787154786,0.0399927581460966,-0.0395589540390239,0.08081351823775382,0.8459839094450887,0.0948516967845114,-1.3637538229231607,0.10625142240773353,2.538066657555969,1.1235561494165585,0.11085417866706848,-0.013543456792831421,0.2819645404815674,0.016839761286973953,0.05593901500105858,-0.09248246252536774,1.0033166408538818,0.11085417866706848,-0.013543456792831421,0.2819645404815674,0.016839761286973953,0.05593901500105858,-0.09248246252536774,-1.0,0.07153838068054666,-0.17440616062065156,1.0625599683749989,0.06426401514898046,0.1968852888933368,0.9024998346667837,0.0,0.0,0.0,0,0.0423
193,0,0.0,0.1278621394000395,0.13049904567882464,1.070330557347976,0.9735680522519032,-0.14425744711073135,0.13998570377497216,-0.10843910422976877,0.0400043503745816,-0.039564259481033016,0.08112094344047266,0.8441856430253184,0.09304747103971144,-1.3607320569075048,0.10543912528551343,2.5318451252390264,1.1355108987392053,0.04509919881820679,-0.021556228399276733,0.1990390568971634,0.03113356977701187,0.048820458352565765,-0.08968941867351532,0.980800986289978,0.04509919881820679,-0.021556228399276733,0.1990390568971634,0.03113356977701187,0.048820458352565765,-0.08968941867351532,-1.0,0.07153838068054666,-0.17440616062065156,1.0625599683749989,0.06426401514898046,0.1968852888933368,0.9024998346667837,0.0,0.0,0.0,0,0.0412
194,0,0.0,0.12821644365456414,0.1302427022644551,1.072621951391364,0.9728643498168074,-0.1501037256545057,0.13838619854409612,-0.10887189009413706,0.04000779906315401,-0.03957061695536444,0.0814587050033739,0.8423288661365288,0.09204639109102643,-1.3567537933678773,0.10543850479099048,2.5238955516419352,1.1480225557244332,0.039635077118873596,-0.017000913619995117,0.13246570527553558,0.029805343598127365,0.03674819692969322,-0.08380701392889023,0.9957948327064514,0.039635077118873596,-0.017000913619995117,0.13246570527553558,0.029805343598127365,0.03674819692969322,-0.08380701392889023,-1.0,0.07153838068054666,-0.17440616062065156,1.0625599683749989,0.06426401514898046,0.1968852888933368,0.9024998346667837,0.0,0.0,0.0,0,0.0412
195,0,0.0,0.12854285897279275,0.13014635686996995,1.0746151495160474,0.972152558219465,-0.15580829014603403,0.1365967727188811,-0.1094737500586485,0.04000919178194961,-0.03957728080286395,0.08169140452073903,0.8411566963543629,0.09138742627140752,-1.3523784497334104,0.10572321427989521,2.516012492002855,1.160034945563561,0.06674818694591522,-1.952052116394043e-06,0.07202525436878204,0.014081439934670925,0.02263735607266426,-0.06945130228996277,1.0311143398284912,0.06674818694591522,-1.952052116394043e-06,0.07202525436878204,0.014081439934670925,0.02263735607266426,-0.06945130228996277,-1.0,0.07153838068054666,-0.17440616062065156,1.0625599683749989,0.06426401514898046,0.1968852888933368,0.9024998346667837,0.0,0.0,0.0,0,0.0409
196,1,0.0531,0.1291494488916629,0.13001499275438616,1.0760287920352398,0.9714420212256555,-0.16086436517582686,0.13543808402645519,-0.10990714630465526,0.04000983267536291,-0.039583797069750425,0.08199558467097572,0.8415666486249193,0.09067253691273804,-1.347223015702565,0.1054224873545592,2.510032945801595,1.170886843342395,0.15970437228679657,-0.1080581545829773,0.35410481691360474,0.024517808109521866,0.08489025384187698,-0.0805744007229805,1.0060070753097534,0.15970437228679657,-0.1080581545829773,0.35410481691360474,0.024517808109521866,0.08489025384187698,-0.0805744007229805,-1.0,0.07153838068054666,-0.17440616062065156,1.0625599683749989,0.06426401514898046,0.1968852888933368,0.9024998346667837,0.0,0.0,0.0,0,0.0434
197,0,0.0,0.12982585698522706,0.12943353874347446,1.0778997119158402,0.9707481961466967,-0.16606345042213982,0.1339643270867843,-0.11011098573717501,0.04001004131407881,-0.0395903222292182,0.08202241469334691,0.8414123855119073,0.08948840131362419,-1.3411684990717236,0.10530460569639798,2.501673586931092,1.1817209992504776,0.10170292854309082,-0.1003950834274292,0.2884975075721741,0.024251114577054977,0.08628559112548828,-0.07228568196296692,0.9949842095375061,0.10170292854309082,-0.1003950834274292,0.2884975075721741,0.024251114577054977,0.08628559112548828,-0.07228568196296692,-1.0,0.07153838068054666,-0.17440616062065156,1.0625599683749989,0.06426401514898046,0.1968852888933368,0.9024998346667837,0.0,0.0,0.0,0,0.0422
198,0,0.0,0.13031012102232103,0.12853359559289465,1.0805179879735625,0.9701654680187285,-0.17145888954024519,0.13126473378781128,-0.11022877811733721,0.0400103290162557,-0.039596136798487336,0.08164993017510322,0.8403172097909714,0.08818452830591389,-1.3339456973598707,0.10591251817551241,2.4887263197609144,1.1922609248582083,0.03411116451025009,-0.083513543009758,0.15944544970989227,0.022171474993228912,0.07092420011758804,-0.06105226278305054,1.008846402168274,0.03411116451025009,-0.083513543009758,0.15944544970989227,0.022171474993228912,0.07092420011758804,-0.06105226278305054,-1.0,0.07153838068054666,-0.17440616062065156,1.0625599683749989,0.06426401514898046,0.1968852888933368,0.9024998346667837,0.0,0.0,0.0,0,0.0426
199,0,0.0,0.13055817936381958,0.12768627044338507,1.0828042663995525,0.9697669656967028,-0.17629408782843842,0.12775989082979508,-0.11022629965351753,0.04001045653682839,-0.03960173528929399,0.08114033615259565,0.8397513082319238,0.08709338002993766,-1.326186367013228,0.10678207116000331,2.4741011370062482,1.2014760785812493,-0.02002774178981781,-0.036585450172424316,0.0017488300800323486,0.012068689800798893,0.03141748532652855,-0.0501517578959465,1.0089212656021118,-0.02002774178981781,-0.036585450172424316,0.0017488300800323486,0.012068689800798893,0.03141748532652855,-0.0501517578959465,-1.0,0.07153838068054666,-0.17440616062065156,1.0625599683749989,0.06426401514898046,0.1968852888933368,0.9024998346667837,0.0,0.0,0.0,0,0.0411
200,1,0.0539,0.13079828409084554,0.12699742944308434,1.0842667664204382,0.9694849190937906,-0.18021771095190753,0.1245238274889352,-0.1100653655627691,0.04001058952790908,-0.03960692680151238,0.0807458204223044,0.8405136534636046,0.08620603341537161,-1.31856351749914,0.10721144784182098,2.4613734871376334,1.2090955133658416,0.1104607954621315,-0.03330044448375702,0.357513427734375,0.015345114283263683,0.04585636034607887,-0.05501231178641319,0.9982324838638306,0.1104607954621315,-0.03330044448375702,0.357513427734375,0.015345114283263683,0.04585636034607887,-0.05501231178641319,-1.0,0.07153838068054666,-0.17440616062065156,1.0625599683749989,0.06426401514898046,0.1968852888933368,0.9024998346667837,0.0,0.0,0.0,0,0.0424
201,0,0.0,0.1314823408926441,0.12646092173277734,1.0867598622100347,0.9690637776727333,-0.1837633915350303,0.12251818209446544,-0.11016217949214999,0.040011369599085,-0.039610248807735546,0.08041879469208549,0.8404034140298763,0.0854720534103529,-1.3103604130144069,0.10743197354467976,2.4497797640698953,1.2163855482890136,0.08231254667043686,-0.05580110847949982,0.22140468657016754,0.013454879634082317,0.02740458771586418,-0.06951287388801575,1.0059902667999268,0.08231254667043686,-0.05580110847949982,0.22140468657016754,0.013454879634082317,0.02740458771586418,-0.06951287388801575,-1.0,0.07153838068054666,-0.17440616062065156,1.0625599683749989,0.06426401514898046,0.1968852888933368,0.9024998346667837,0.0,0.0,0.0,0,0.0423
202,0,0.0,0.13249330855686395,0.12569309253253033,1.0900604939418224,0.9684532871474184,-0.18777722537604707,0.12112900999198302,-0.11029826463636831,0.04001085443508351,-0.039615531331347105,0.08007294015895083,0.8399101060589569,0.08437877912045615,-1.3014185133047695,0.1074716890756074,2.4382436634252773,1.2246535597173878,0.06310073286294937,-0.07801821827888489,0.16343630850315094,0.023181945085525513,0.015591747127473354,-0.06454219669103622,0.9902427196502686,0.06310073286294937,-0.07801821827888489,0.16343630850315094,0.023181945085525513,0.015591747127473354,-0.06454219669103622,-1.0,0.07153838068054666,-0.17440616062065156,1.0625599683749989,0.06426401514898046,0.1968852888933368,0.9024998346667837,0.0,0.0,0.0,0,0.042
203,0,0.0,0.13352926714131627,0.12487321853721874,1.0928632225811894,0.967749031183852,-0.19202429004882,0.11989618874815794,-0.11051420088670687,0.04001079020616493,-0.039620119678626504,0.07972391011592428,0.8401530915736833,0.0832500928972127,-1.292676233778602,0.107762720637455,2.4280133803433865,1.2330160951063482,0.0476173534989357,-0.09107910096645355,0.1340153068304062,0.028161726891994476,0.012324382551014423,-0.05593566596508026,1.0082658529281616,0.0476173534989357,-0.09107910096645355,0.1340153068304062,0.028161726891994476,0.012324382551014423,-0.05593566596508026,-1.0,0.07153838068054666,-0.17440616062065156,1.0625599683749989,0.06426401514898046,0.1968852888933368,0.9024998346667837,0.0,0.0,0.0,0,0.0429
204,1,0.0533,0.13446474839193265,0.12412423434929676,1.0952801202022167,0.9670485086943241,-0.19600645076348788,0.11866525081918995,-0.11098293264822963,0.04001074190263812,-0.03962454551248843,0.07920276545218866,0.8406548803268135,0.08239855225531122,-1.2846123451793496,0.10873151424840505,2.4188008932282252,1.2402712918356633,0.07733091711997986,-0.08909095823764801,0.1954314261674881,0.0025126864202320576,0.03938698396086693,-0.04214118793606758,0.9953361749649048,0.07733091711997986,-0.08909095823764801,0.1954314261674881,0.0025126864202320576,0.03938698396086693,-0.04214118793606758,-1.0,0.07153838068054666,-0.17440616062065156,1.0625599683749989,0.06426401514898046,0.1968852888933368,0.9024998346667837,0.0,0.0,0.0,0,0.0434
205,0,0.0,0.13521708639574323,0.12307633771706558,1.0974488817187655,0.966529002675997,-0.1993789299814943,0.11724259221291919,-0.11101307957520701,0.040010435425724564,-0.039629467039576836,0.07855215641186676,0.8410374093156705,0.08126231035203245,-1.277079642768555,0.10923008387021939,2.409208582835214,1.2462738938829048,0.06354252249002457,-0.09787170588970184,0.14087535440921783,0.006696497090160847,0.040150489658117294,-0.04341605678200722,0.9891966581344604,0.06354252249002457,-0.09787170588970184,0.14087535440921783,0.006696497090160847,0.040150489658117294,-0.04341605678200722,-1.0,0.07153838068054666,-0.17440616062065156,1.0625599683749989,0.06426401514898046,0.1968852888933368,0.9024998346667837,0.0,0.0,0.0,0,0.042
206,0,0.0,0.1358431073039073,0.1218658142052836,1.0993466210202776,0.9661529833533429,-0.20237158914053394,0.11556698534452028,-0.11062741325977316,0.04001051468487522,-0.039633617120537645,0.07791129254695849,0.8417015905839461,0.07993471455116209,-1.2695020967294943,0.10925503900800078,2.399081224184709,1.251758302607688,0.04957938194274902,-0.0867297351360321,0.09098950028419495,0.009094743989408016,0.0345669649541378,-0.036306895315647125,0.9980452060699463,0.04957938194274902,-0.0867297351360321,0.09098950028419495,0.009094743989408016,0.0345669649541378,-0.036306895315647125,-1.0,0.07153838068054666,-0.17440616062065156,1.0625599683749989,0.06426401514898046,0.1968852888933368,0.9024998346667837,0.0,0.0,0.0,0,0.0428
207,0,0.0,0.13641167117268166,0.12078857254407926,1.1008126236321898,0.9658237198746771,-0.20512361346317498,0.11376302573326919,-0.1103033059489201,0.04001070791938974,-0.039637228547627724,0.0772711196694855,0.8430240584306058,0.07882657146863829,-1.261882686913298,0.1094474469100949,2.3893498139785447,1.2566600157590733,0.008531957864761353,-0.0540953129529953,0.030571207404136658,0.00292400736361742,0.016297530382871628,-0.03336989879608154,1.0030248165130615,0.008531957864761353,-0.0540953129529953,0.030571207404136658,0.00292400736361742,0.016297530382871628,-0.03336989879608154,-1.0,0.07153838068054666,-0.17440616062065156,1.0625599683749989,0.06426401514898046,0.1968852888933368,0.9024998346667837,0.0,0.0,0.0,0,0.042
208,1,0.0538,0.13692287060256206,0.11986671728750975,1.1018792460862277,0.9655616877125456,-0.20746803011514947,0.11204941910761357,-0.10996622835891831,0.04001076718593652,-0.03964077924904171,0.07671671857053165,0.8447472013598006,0.07789421666601241,-1.2546972965245937,0.10950802952859531,2.3805966789034136,1.2608831143062627,0.1089651882648468,-0.02184288203716278,0.23844818770885468,0.013620681129395962,0.053429942578077316,-0.05586610361933708,0.990230917930603,0.1089651882648468,-0.02184288203716278,0.23844818770885468,0.013620681129395962,0.053429942578077316,-0.05586610361933708,-1.0,0.07153838068054666,-0.17440616062065156,1.0625599683749989,0.06426401514898046,0.1968852888933368,0.9024998346667837,0.0,0.0,0.0,0,0.0414
209,0,0.0,0.13754106917439865,0.1191840082484281,1.1034168044601282,0.9651137010265364,-0.2103174260896179,0.11056298128737485,-0.10999068843655008,0.040011244074351394,-0.039643149735413045,0.07627294660939278,0.8460721182752253,0.07715691248430882,-1.2471464549402584,0.10991560564508887,2.3718635050523,1.2663549213970728,0.06699973344802856,-0.04732502996921539,0.13534073531627655,0.017889268696308136,0.03955532982945442,-0.0562879741191864,0.9929507970809937,0.06699973344802856,-0.04732502996921539,0.13534073531627655,0.017889268696308136,0.03955532982945442,-0.0562879741191864,-1.0,0.07153838068054666,-0.17440616062065156,1.0625599683749989,0.06426401514898046,0.1968852888933368,0.9024998346667837,0.0,0.0,0.0,0,0.0415
210,0,0.0,0.13820482946960655,0.11860204118500331,1.1052086693378118,0.9644888970917509,-0.21388969152710724,0.1089067430587706,-0.11023469762967852,0.040010967269713656,-0.03964660587229907,0.07586009474324225,0.8474766629731805,0.07646945059530146,-1.238920812621526,0.11058919584964874,2.3624109770351556,1.2732162749731974,0.040019139647483826,-0.08173757791519165,0.047000497579574585,0.025388460606336594,0.019012585282325745,-0.046309828758239746,1.0000396966934204,0.040019139647483826,-0.08173757791519165,0.047000497579574585,0.025388460606336594,0.019012585282325745,-0.046309828758239746,-1.0,0.07153838068054666,-0.17440616062065156,1.0625599683749989,0.06426401514898046,0.1968852888933368,0.9024998346667837,0.0,0.0,0.0,0,0.0415
211,0,0.0,0.13887547447415002,0.11799607099307877,1.1065458477318664,0.9638563747951622,-0.21735639256452516,0.10726906922012061,-0.11059129335852591,0.04001077012701571,-0.03965003038591777,0.07533423211456779,0.8495352470486743,0.07586266804498885,-1.2308342767267533,0.11163700107673805,2.353861303441507,1.2794100175774952,-0.0012605786323547363,-0.09784562885761261,-0.09609059989452362,0.028331231325864792,0.0014703534543514252,-0.03757133707404137,1.017041563987732,-0.0012605786323547363,-0.09784562885761261,-0.09609059989452362,0.028331231325864792,0.0014703534543514252,-0.03757133707404137,-1.0,0.07153838068054666,-0.17440616062065156,1.0625599683749989,0.06426401514898046,0.1968852888933368,0.9024998346667837,0.0,0.0,0.0,0,0.0413
212,1,0.0534,0.1394976034835009,0.11729749606701206,1.1069595391855118,0.9632941121848213,-0.22032662466142472,0.10571860243146072,-0.111104495837468,0.0400104501342119,-0.03965381557348792,0.07456906571017484,0.8525191557935043,0.07537530267415596,-1.223721010561697,0.11334102200134023,2.347339617630411,1.2837810951453148,0.07823429256677628,0.034328311681747437,-0.12319517135620117,-0.004901716951280832,-0.004530932754278183,-0.030814729630947113,0.9994572401046753,0.07823429256677628,0.034328311681747437,-0.12319517135620117,-0.004901716951280832,-0.004530932754278183,-0.030814729630947113,-1.0,0.07153838068054666,-0.17440616062065156,1.0625599683749989,0.06426401514898046,0.1968852888933368,0.9024998346667837,0.0,0.0,0.0,0,0.043
213,0,0.0,0.14045112338389476,0.11673573981284889,1.1062935690971678,0.9627960273904681,-0.2224971953210585,0.10526426934649322,-0.11152686364433917,0.040010851374896114,-0.0396561631023858,0.07410178579444897,0.8573856475386792,0.07497756210233805,-1.2168476542961484,0.11413601682944537,2.3450253219364416,1.2869458445115567,0.011697232723236084,-0.014063805341720581,-0.11643274128437042,0.0053953807801008224,-0.005613778717815876,-0.025820184499025345,0.986386239528656,0.011697232723236084,-0.014063805341720581,-0.11643274128437042,0.0053953807801008224,-0.005613778717815876,-0.025820184499025345,-1.0,0.07153838068054666,-0.17440616062065156,1.0625599683749989,0.06426401514898046,0.1968852888933368,0.9024998346667837,0.0,0.0,0.0,0,0.0414
214,0,0.0,0.14129152088666214,0.11647639593762643,1.1050774917992636,0.962443606072048,-0.224119394948129,0.1049744602500189,-0.11159374818659454,0.04001082545091443,-0.03965892906104754,0.07403835620248626,0.862509319978836,0.07467910252088232,-1.2108029152427104,0.11398245906468768,2.3437207877798287,1.2899398725536717,0.025972723960876465,-0.025932148098945618,-0.03364969789981842,0.001744123175740242,-0.011282110586762428,-0.027105197310447693,1.006564974784851,0.025972723960876465,-0.025932148098945618,-0.03364969789981842,0.001744123175740242,-0.011282110586762428,-0.027105197310447693,-1.0,0.07153838068054666,-0.17440616062065156,1.0625599683749989,0.06426401514898046,0.1968852888933368,0.9024998346667837,0.0,0.0,0.0,0,0.042
215,0,0.0,0.14199932051312192,0.11612113620168162,1.1044461986039107,0.9621103328944022,-0.22563869619677446,0.10480091853467031,-0.11156905301529735,0.04001093623690923,-0.03966128933826718,0.07396366725302078,0.8661799552158499,0.07421868050341593,-1.2057588207821899,0.11374426339935141,2.342213902111422,1.2928093628996313,0.0335414782166481,-0.025690406560897827,0.0466790497303009,-0.0004115179181098938,-0.020703349262475967,-0.030854742974042892,1.0013221502304077,0.0335414782166481,-0.025690406560897827,0.0466790497303009,-0.0004115179181098938,-0.020703349262475967,-0.030854742974042892,-1.0,0.07153838068054666,-0.17440616062065156,1.0625599683749989,0.06426401514898046,0.1968852888933368,0.9024998346667837,0.0,0.0,0.0,0,0.0421
216,1,0.0541,0.14281583788004018,0.11562490493273223,1.1048086291251211,0.9616965567966708,-0.22719184885617255,0.10525366133741396,-0.11155834004595948,0.04001111177348859,-0.0396632717723265,0.0738924988373445,0.8682698036474097,0.07354531331146723,-1.2012901514425909,0.11330120449374814,2.3409246354678945,1.295899413459252,-0.022433295845985413,0.3158380389213562,-0.782416045665741,1.2933742254972458e-05,-0.04641199856996536,-0.004330161958932877,0.99276202917099,-0.022433295845985413,0.3158380389213562,-0.782416045665741,1.2933742254972458e-05,-0.04641199856996536,-0.004330161958932877,-1.0,0.07153838068054666,-0.17440616062065156,1.0625599683749989,0.06426401514898046,0.1968852888933368,0.9024998346667837,0.0,0.0,0.0,0,0.0423
217,0,0.0,0.14354021528880967,0.11705915686287653,1.1011982179077484,0.9614241687160843,-0.22775756625705068,0.10582681782440065,-0.11220848207872554,0.04001159452753976,-0.03966420882114727,0.07508972775377203,0.8764460309333849,0.07480536151359751,-1.1978991422971648,0.11265416624168487,2.347530861424582,1.2981668683531986,-0.23100119829177856,0.12184368818998337,-0.8894733190536499,0.012913093902170658,-0.09566931426525116,-0.0021102167665958405,0.9707216024398804,-0.23100119829177856,0.12184368818998337,-0.8894733190536499,0.012913093902170658,-0.09566931426525116,-0.0021102167665958405,-1.0,0.07153838068054666,-0.17440616062065156,1.0625599683749989,0.06426401514898046,0.1968852888933368,0.9024998346667837,0.0,0.0,0.0,0,0.0412
218,0,0.0,0.14357378452141084,0.11936478407266704,1.0931924811223999,0.9614473841124512,-0.22745546872520966,0.10592212282086053,-0.11253195647211056,0.04001025049052364,-0.03966881502204558,0.07696119369388871,0.8883667373306402,0.07662597381165355,-1.1983726359069642,0.11132892456121801,2.3605165460312083,1.299234346708766,-0.16644853353500366,0.02092694491147995,-0.8651120662689209,0.009544027969241142,-0.09986812621355057,0.0004946477711200714,1.0024940967559814,-0.16644853353500366,0.02092694491147995,-0.8651120662689209,0.009544027969241142,-0.09986812621355057,0.0004946477711200714,-1.0,0.07153838068054666,-0.17440616062065156,1.0625599683749989,0.06426401514898046,0.1968852888933368,0.9024998346667837,0.0,0.0,0.0,0,0.0417
219,0,0.0,0.1433597399944945,0.12067135598995665,1.0846377134554581,0.9614282506772314,-0.22705804530927376,0.10689908365058631,-0.11257419231206492,0.04000982792874703,-0.039672612046937485,0.07829977850291932,0.8990847682913029,0.07756955941897457,-1.2028241805882944,0.1103155934421424,2.377806612721764,1.2986984541418332,-0.08515466749668121,-0.0189686119556427,-0.7449543476104736,0.001284068450331688,-0.1128663718700409,-0.021781273186206818,1.0432453155517578,-0.08515466749668121,-0.0189686119556427,-0.7449543476104736,0.001284068450331688,-0.1128663718700409,-0.021781273186206818,-1.0,0.07153838068054666,-0.17440616062065156,1.0625599683749989,0.06426401514898046,0.1968852888933368,0.9024998346667837,0.0,0.0,0.0,0,0.0414
