step,query,infer_s,eef_x,eef_y,eef_z,eef_qx,eef_qy,eef_qz,eef_qw,gripper_q0,gripper_q1,joint_0,joint_1,joint_2,joint_3,joint_4,joint_5,joint_6,act_raw_0,act_raw_1,act_raw_2,act_raw_3,act_raw_4,act_raw_5,act_raw_6,act_env_0,act_env_1,act_env_2,act_env_3,act_env_4,act_env_5,act_env_6,akita_black_bowl_1_x,akita_black_bowl_1_y,akita_black_bowl_1_z,plate_1_x,plate_1_y,plate_1_z,force_akita_black_bowl_1,force_plate_1,force_other,n_contacts,sim_s
0,1,0.0544,-0.2057169432187317,0.014010583077882685,1.1674144378535565,0.9995923232601927,0.0002829575646524085,-0.02854981169872177,0.0001243634753288151,0.0387230467374807,-0.0387224965335532,0.007463249129233316,-0.14279551615856667,0.022775789177865727,-2.441554460957971,0.00597956361213753,2.241696759207637,0.8113882629620798,0.06684910506010056,0.8175007700920105,0.05056363344192505,0.0008391393348574638,-0.02817925065755844,-0.04532928764820099,1.0109962224960327,0.06684910506010056,0.8175007700920105,0.05056363344192505,0.0008391393348574638,-0.02817925065755844,-0.04532928764820099,-1.0,-0.1652700743172133,0.31316837174305834,0.8984038567263857,0.056665120569922185,0.19763682178522493,0.9024995673059236,0.0,0.0,0.0,0,0.0378
1,0,0.0,-0.20517057101775382,0.01834541726024012,1.1678426068726975,0.9996237115889177,0.00042952995699502283,-0.02740533170949324,-0.0010947726266203953,0.038977279406340215,-0.03878648439104485,0.009614500676652,-0.14262383285356015,0.029832506952348323,-2.44057541395172,0.011077507439536798,2.2434337719006527,0.8169520381357358,0.06171773374080658,0.8333885669708252,0.046240925788879395,0.0015991018153727055,-0.029720649123191833,-0.04611118882894516,0.9949348568916321,0.06171773374080658,0.8333885669708252,0.046240925788879395,0.0015991018153727055,-0.029720649123191833,-0.04611118882894516,-1.0,-0.1652700743032378,0.3131683717332153,0.8984040701014814,0.05666512057909628,0.1976368218152331,0.9024997617621902,0.0,0.0,0.0,0,0.0367
2,0,0.0,-0.20440628798336632,0.027181043199501334,1.168482457348994,0.9996710875681687,-0.0005902751237025217,-0.025514776537881926,-0.002522782942303144,0.03909080594146086,-0.038828609028653406,0.013743872208814838,-0.14215685956223303,0.043997613477629045,-2.439017726154041,0.018304523157683845,2.24640744378487,0.8325437498142425,0.06186762452125549,0.8361022472381592,0.030514970421791077,0.0008440827950835228,-0.032555628567934036,-0.04717376083135605,0.9894585609436035,0.06186762452125549,0.8361022472381592,0.030514970421791077,0.0008440827950835228,-0.032555628567934036,-0.04717376083135605,-1.0,-0.16527007429905868,0.31316837172999873,0.8984041283326119,0.056665120581245745,0.1976368218241765,0.9024998147869767,0.0,0.0,0.0,0,0.038
3,0,0.0,-0.20372860696706235,0.03729797953345044,1.1690016064512398,0.9997162055888373,-0.0026636055180758733,-0.02343336074534469,-0.0033602221472884067,0.03914815854734604,-0.03887017227638697,0.018423592209369205,-0.14119232198303092,0.060534611972532515,-2.437335502602964,0.02445611626944426,2.2502426578653925,0.8537702882614023,0.07006676495075226,0.8395302295684814,0.02543538808822632,0.0008566565811634064,-0.03775738552212715,-0.046773627400398254,1.0237090587615967,0.07006676495075226,0.8395302295684814,0.02543538808822632,0.0008566565811634064,-0.03775738552212715,-0.046773627400398254,-1.0,-0.165270074297822,0.31316837172898104,0.8984041442241787,0.05666512058173708,0.19763682182681938,0.9024998292459088,0.0,0.0,0.0,0,0.0365
4,1,0.0539,-0.20303835647094204,0.047931841416272436,1.1693919996486644,0.9997581987997387,-0.005204683867573279,-0.02101189568947022,-0.0038672261473022404,0.039195242679744564,-0.03890999711118799,0.023305435642974,-0.13955901948048446,0.07806710087124168,-2.435404690770459,0.029655961780294303,2.2552663196012093,0.8776929110497218,0.04718926548957825,0.8182721734046936,-0.04368598759174347,0.0002981782890856266,-0.04310491681098938,0.0001262277364730835,1.0089322328567505,0.04718926548957825,0.8182721734046936,-0.04368598759174347,0.0002981782890856266,-0.04310491681098938,0.0001262277364730835,-1.0,-0.16527007429745924,0.31316837172866635,0.8984041485610657,0.05666512058184554,0.19763682182759484,0.9024998331886069,0.0,0.0,0.0,0,0.0372
5,0,0.0,-0.20243856905605326,0.05882029304720476,1.169347748140844,0.9997994882474601,-0.0066538402099014515,-0.01842898843857382,-0.004133049202209301,0.03923847070752008,-0.03894810063777122,0.028306650098821336,-0.136829884553948,0.09611632138110104,-2.4336223107739503,0.03379517303476193,2.2618511709102247,0.9005457168382922,0.13551977276802063,0.8476350903511047,-0.04324575513601303,-0.0020209774374961853,-0.045381832867860794,-0.0004796646535396576,0.9983077645301819,0.13551977276802063,0.8476350903511047,-0.04324575513601303,-0.0020209774374961853,-0.045381832867860794,-0.0004796646535396576,-1.0,-0.16527007429735363,0.31316837172857076,0.8984041497446229,0.056665120581868254,0.19763682182782105,0.9024998342637116,0.0,0.0,0.0,0,0.036
6,0,0.0,-0.20151038571944513,0.06983327770098563,1.1688456941031342,0.999852120346725,-0.006863228066480098,-0.015165789217971942,-0.004316523608289486,0.03927985078889369,-0.03898438596938208,0.033325107717270576,-0.13222314606081245,0.11433868613926305,-2.431360763673494,0.03684773061591785,2.2712650377816406,0.9219334546290402,0.1419522613286972,0.8618131875991821,-0.040999554097652435,-0.0005583362653851509,-0.06532449275255203,-0.0019580237567424774,0.9995779395103455,0.1419522613286972,0.8618131875991821,-0.040999554097652435,-0.0005583362653851509,-0.06532449275255203,-0.0019580237567424774,-1.0,-0.16527007429732304,0.313168371728542,0.8984041500676215,0.05666512058187259,0.19763682182788672,0.9024998345568738,0.0,0.0,0.0,0,0.0358
7,0,0.0,-0.20009849628104362,0.08101076888975672,1.1682296498077769,0.9999054537606156,-0.006839679627944406,-0.011019086318920394,-0.004569689164465283,0.03931976766518383,-0.03901880479477806,0.03832233293972969,-0.12609370124385855,0.1326740781340833,-2.4281022320360437,0.038921969677145375,2.2829737508666046,0.9436359615340078,0.07556973397731781,0.8595857620239258,-0.05171596258878708,0.0010833591222763062,-0.07735305279493332,0.00017355196177959442,1.0044502019882202,0.07556973397731781,0.8595857620239258,-0.05171596258878708,0.0010833591222763062,-0.07735305279493332,0.00017355196177959442,-1.0,-0.16527007429731416,0.3131683717285335,0.8984041501557689,0.05666512058187328,0.19763682182790565,0.9024998346368139,0.0,0.0,0.0,0,0.0354
8,1,0.0534,-0.1988044677082891,0.09229342359503498,1.1676501018607794,0.9999442129243212,-0.006730237336574962,-0.006556949916279379,-0.0048250753721811625,0.03935798984841737,-0.03905173363195562,0.043313486457655585,-0.11988041131842292,0.15111355228169693,-2.424772303799388,0.04007542208213664,2.295250386389536,0.9658869609502524,0.0648551806807518,0.8694781064987183,-0.09788653254508972,-0.001967456191778183,-0.06297243386507034,-0.009523194283246994,1.0047643184661865,0.0648551806807518,0.8694781064987183,-0.09788653254508972,-0.001967456191778183,-0.06297243386507034,-0.009523194283246994,-1.0,-0.16527007429731164,0.313168371728531,0.8984041501798249,0.05666512058187333,0.19763682182791106,0.9024998346586124,0.0,0.0,0.0,0,0.037
9,0,0.0,-0.1979649811439227,0.10359124142728954,1.166717345013708,0.9999613405762988,-0.006825251153796452,-0.0023303581570599287,-0.005030181944800956,0.039394495910713694,-0.039083331347955226,0.0482773933066786,-0.11329301611344775,0.16960806027446382,-2.4220099817165277,0.04034023740043692,2.3079185080150872,0.9892231851462903,0.043238699436187744,0.8695829510688782,-0.1098669096827507,0.00043480657041072845,-0.06622712314128876,-0.005942089483141899,1.016919493675232,0.043238699436187744,0.8695829510688782,-0.1098669096827507,0.00043480657041072845,-0.06622712314128876,-0.005942089483141899,-1.0,-0.16527007429731083,0.31316837172853035,0.8984041501863897,0.05666512058187333,0.1976368218279126,0.9024998346645562,0.0,0.0,0.0,0,0.0355
10,0,0.0,-0.1974252362473288,0.11496410991437063,1.1654047460545867,0.9999588711214509,-0.007126859261981644,0.001786489709854146,-0.0053171794297863,0.03942970188567291,-0.03911331220884627,0.053222206684471814,-0.10600259506427963,0.18818051563753707,-2.4194901477934576,0.039886639815953855,2.3213368385488895,1.0134933009484237,0.030127190053462982,0.8820131421089172,-0.12020676583051682,-0.00016842596232891083,-0.06874218583106995,-0.005626894533634186,1.0035396814346313,0.030127190053462982,0.8820131421089172,-0.12020676583051682,-0.00016842596232891083,-0.06874218583106995,-0.005626894533634186,-1.0,-0.1652700742973108,0.31316837172853035,0.8984041501881814,0.05666512058187333,0.19763682182791303,0.9024998346661771,0.0,0.0,0.0,0,0.0362
11,0,0.0,-0.19709421430118668,0.12642597081113732,1.163929312999556,0.999938280581473,-0.0073804336326523945,0.006054142639357442,-0.005684327934113102,0.039463572802880424,-0.039141835830852,0.058159365128224914,-0.09827080685101354,0.20683353962647483,-2.4170458680127043,0.03850802318609429,2.3355345288377163,1.0383971643499261,0.023348167538642883,0.8838816285133362,-0.12677745521068573,-0.0011918232776224613,-0.07092741131782532,-0.004386037588119507,0.9929903149604797,0.023348167538642883,0.8838816285133362,-0.12677745521068573,-0.0011918232776224613,-0.07092741131782532,-0.004386037588119507,-1.0,-0.1652700742973108,0.31316837172853035,0.8984041501886704,0.05666512058187333,0.19763682182791303,0.9024998346666192,0.0,0.0,0.0,0,0.0353
12,1,0.0539,-0.1969331118963541,0.13793766259797524,1.1623160732898772,0.9998974433804386,-0.0075793186222157805,0.010532444103045718,-0.006060055420553062,0.039495988384713666,-0.03916914231662309,0.0630714724330779,-0.09005368012145909,0.22551092642050757,-2.414587690331461,0.03584131304732093,2.350513825467714,1.0641170050397077,0.06720254570245743,0.8700063824653625,-0.13831426203250885,0.00013325782492756844,-0.04040937498211861,-0.002935744822025299,1.0005712509155273,0.06720254570245743,0.8700063824653625,-0.13831426203250885,0.00013325782492756844,-0.04040937498211861,-0.002935744822025299,-1.0,-0.1652700742973108,0.31316837172853035,0.8984041501888038,0.05666512058187333,0.19763682182791303,0.9024998346667397,0.0,0.0,0.0,0,0.0366
13,0,0.0,-0.19694951999559238,0.1493799447017258,1.1602730614383354,0.9998406688015148,-0.0077724484481849765,0.014665128106375467,-0.006569632659648571,0.03952669321535943,-0.03919560244178119,0.06788425573261485,-0.08045316555623967,0.24389200333034008,-2.411744503284741,0.03230836190783896,2.3656737712499147,1.0900957380592993,0.06518750637769699,0.872616171836853,-0.12388645112514496,-0.00037641311064362526,-0.0460498221218586,-0.002935202792286873,1.0091781616210938,0.06518750637769699,0.872616171836853,-0.12388645112514496,-0.00037641311064362526,-0.0460498221218586,-0.002935202792286873,-1.0,-0.1652700742973108,0.31316837172853035,0.8984041501888405,0.05666512058187333,0.19763682182791303,0.9024998346667725,0.0,0.0,0.0,0,0.0357
14,0,0.0,-0.1969038377117987,0.1607010425751544,1.158079213059588,0.9997698172070514,-0.007953089807374414,0.018565771820212688,-0.007236924831291737,0.03955602842847423,-0.03922098520523905,0.07255335346605793,-0.06956428997327588,0.26177147919503235,-2.4077514000978115,0.027706997203617297,2.3805021191609477,1.116223059556805,0.07101061195135117,0.8706278800964355,-0.11611758172512054,-0.00028835516422986984,-0.05228131636977196,-0.0028778035193681717,1.002642273902893,0.07101061195135117,0.8706278800964355,-0.11611758172512054,-0.00028835516422986984,-0.05228131636977196,-0.0028778035193681717,-1.0,-0.1652700742973108,0.31316837172853035,0.8984041501888503,0.05666512058187333,0.19763682182791303,0.9024998346667815,0.0,0.0,0.0,0,0.036
15,0,0.0,-0.19670315371535596,0.17195590600834756,1.1560610278462913,0.9996788576340989,-0.008093694936409435,0.022658956357003435,-0.007952697559320512,0.039584130405981736,-0.039245258448365364,0.07711457480050346,-0.05795650595660701,0.27922442175146067,-2.4025553860861355,0.02150622140803149,2.3950606547620903,1.142948287672739,0.0814865306019783,0.8707798719406128,-0.10923299938440323,-0.0010881470516324043,-0.05646723508834839,-0.00247153639793396,0.9893207550048828,0.0814865306019783,0.8707798719406128,-0.10923299938440323,-0.0010881470516324043,-0.05646723508834839,-0.00247153639793396,-1.0,-0.1652700742973108,0.31316837172853035,0.898404150188853,0.05666512058187333,0.19763682182791303,0.9024998346667837,0.0,0.0,0.0,0,0.0358
16,1,0.0535,-0.19634712087881573,0.1831594617813603,1.1541797352800263,0.99956426027114,-0.008194394719604037,0.02699131930099072,-0.008695410638920592,0.03961104648867843,-0.03926847497255991,0.08158766404676,-0.04559180305490511,0.29624340875373467,-2.396249775737749,0.013468109689936822,2.409496470184253,1.1704609120059264,0.056943438947200775,0.8910203576087952,-0.16819103062152863,-0.0027054937090724707,-0.05832434818148613,0.009900430217385292,0.9896251559257507,0.056943438947200775,0.8910203576087952,-0.16819103062152863,-0.0027054937090724707,-0.05832434818148613,0.009900430217385292,-1.0,-0.1652700742973108,0.31316837172853035,0.898404150188853,0.05666512058187333,0.19763682182791303,0.9024998346667837,0.0,0.0,0.0,0,0.0365
17,0,0.0,-0.19604093419783788,0.1944741372316205,1.1520307451967366,0.9994351395532187,-0.007849346137249635,0.0312868930173655,-0.009429735774375869,0.03963738079891487,-0.03929012599056492,0.0860926288454061,-0.0318677181530731,0.3131333283371874,-2.3892460915869003,0.0034413046396526213,2.4241806915277224,1.1984356951901183,0.11795730888843536,0.8731386661529541,-0.1394060254096985,-0.0007851789705455303,-0.0728318989276886,-0.003150029107928276,0.9884202480316162,0.11795730888843536,0.8731386661529541,-0.1394060254096985,-0.0007851789705455303,-0.0728318989276886,-0.003150029107928276,-1.0,-0.1652700742973108,0.31316837172853035,0.898404150188853,0.05666512058187333,0.19763682182791303,0.9024998346667837,0.0,0.0,0.0,0,0.0358
18,0,0.0,-0.19536549034849868,0.20571994077139377,1.1498269534507803,0.9992635506529339,-0.007549378217860558,0.03619273560660476,-0.010268841917378578,0.039661971626353175,-0.03931146560797598,0.09049052116405862,-0.016786764970317683,0.3293101169044409,-2.3811574530881483,-0.009301490563436585,2.440049096981673,1.2278477230035068,0.16023209691047668,0.8474127054214478,-0.15914291143417358,-0.0014694640412926674,-0.0794999971985817,-0.0029656030237674713,0.9948501586914062,0.16023209691047668,0.8474127054214478,-0.15914291143417358,-0.0014694640412926674,-0.0794999971985817,-0.0029656030237674713,-1.0,-0.1652700742973108,0.31316837172853035,0.898404150188853,0.05666512058187333,0.19763682182791303,0.9024998346667837,0.0,0.0,0.0,0,0.0357
19,0,0.0,-0.19412463134843327,0.21666650756839448,1.1475829247789056,0.9990350894671807,-0.007606335561064437,0.04177433964872834,-0.01122221990274512,0.039684965480019235,-0.03933243684064494,0.0946977632226503,-0.00015102063119402692,0.3442912477645129,-2.3718354036496323,-0.025168293484224072,2.4570438626499973,1.2589447612399165,0.1240386962890625,0.865463137626648,-0.24947310984134674,0.0006636008620262146,-0.07249665260314941,0.001284794881939888,0.9942117929458618,0.1240386962890625,0.865463137626648,-0.24947310984134674,0.0006636008620262146,-0.07249665260314941,0.001284794881939888,-1.0,-0.1652700742973108,0.31316837172853035,0.898404150188853,0.05666512058187333,0.19763682182791303,0.9024998346667837,0.0,0.0,0.0,0,0.0365
20,1,0.0533,-0.19287607477785018,0.227567674068203,1.1446202250640969,0.9987865647625932,-0.007500081394695213,0.0471005258370892,-0.012275475334158285,0.03970759135643541,-0.039351894074345625,0.0989582146807109,0.018766200170234403,0.35861061771455177,-2.3619350956457055,-0.04357029628614432,2.474702356379068,1.291049420318924,0.08539865165948868,0.862843930721283,-0.3628599941730499,-0.002652268623933196,-0.03074336051940918,0.006573829799890518,0.9917798638343811,0.08539865165948868,0.862843930721283,-0.3628599941730499,-0.002652268623933196,-0.03074336051940918,0.006573829799890518,-1.0,-0.1652700742973108,0.31316837172853035,0.898404150188853,0.05666512058187333,0.19763682182791303,0.9024998346667837,0.0,0.0,0.0,0,0.0369
21,0,0.0,-0.19228496862694255,0.23851707109966347,1.1401740845965689,0.9985903549067826,-0.007083539275501427,0.05088405908740546,-0.013339381142565884,0.03972912208359836,-0.03937064418090168,0.10346236572487433,0.0407198750903517,0.372557631720787,-2.3520496107413864,-0.06346528874244775,2.4918797437712468,1.3236069626589038,0.10716746002435684,0.8541026711463928,-0.38804441690444946,-0.0005967426113784313,-0.029915273189544678,0.005660045892000198,0.9999868273735046,0.10716746002435684,0.8541026711463928,-0.38804441690444946,-0.0005967426113784313,-0.029915273189544678,0.005660045892000198,-1.0,-0.1652700742973108,0.31316837172853035,0.898404150188853,0.05666512058187333,0.19763682182791303,0.9024998346667837,0.0,0.0,0.0,0,0.0356
22,0,0.0,-0.19181251778720473,0.24935164484786718,1.1347953710265397,0.9984234065054312,-0.006604063683578298,0.05380993570449604,-0.014545738359781051,0.03974945062497798,-0.03938887221454523,0.10815309530908201,0.06528785506656727,0.3854670953290493,-2.341191725735965,-0.0852746764604122,2.5087889886904033,1.3567119442584974,0.12665462493896484,0.8335506916046143,-0.42557471990585327,-0.0006168130785226822,-0.01720516011118889,0.0054224152117967606,0.9972608685493469,0.12665462493896484,0.8335506916046143,-0.42557471990585327,-0.0006168130785226822,-0.01720516011118889,0.0054224152117967606,-1.0,-0.1652700742973108,0.31316837172853035,0.898404150188853,0.05666512058187333,0.19763682182791303,0.9024998346667837,0.0,0.0,0.0,0,0.0352
23,0,0.0,-0.19115438482599645,0.2599493435853733,1.1288606330116573,0.9982673537667589,-0.006194250220252995,0.056315945655471,-0.01588823252129063,0.03976845842913189,-0.039406771066025886,0.11307391687972332,0.0920738410549308,0.3969313476927713,-2.3289323032438114,-0.10924878834090906,2.5252216205162954,1.3904034847883835,0.14680826663970947,0.8095961809158325,-0.43271708488464355,-0.002368714427575469,-0.014435757882893085,0.005217956379055977,0.9986842274665833,0.14680826663970947,0.8095961809158325,-0.43271708488464355,-0.002368714427575469,-0.014435757882893085,0.005217956379055977,-1.0,-0.1652700742973108,0.31316837172853035,0.898404150188853,0.05666512058187333,0.19763682182791303,0.9024998346667837,0.0,0.0,0.0,0,0.0357
24,1,0.0536,-0.19024630391155664,0.2702062341266045,1.1225639596476724,0.9981239281329894,-0.005845504907676435,0.05846397964055705,-0.017216772210058996,0.03978614263421817,-0.03942441447588781,0.11833114726795123,0.12056752930369397,0.4067085387375703,-2.3150750491030085,-0.13540935427691297,2.540537841428329,1.4245004272330573,0.256929874420166,0.8451185822486877,-0.36334681510925293,-0.004977260250598192,-0.001545037142932415,-0.00864009466022253,1.0012937784194946,0.256929874420166,0.8451185822486877,-0.36334681510925293,-0.004977260250598192,-0.001545037142932415,-0.00864009466022253,-1.0,-0.1652700742973108,0.31316837172853035,0.898404150188853,0.05666512058187333,0.19763682182791303,0.9024998346667837,0.0,0.0,0.0,0,0.0374
25,0,0.0,-0.18866935249124644,0.2803274297470352,1.116383320526687,0.9979627127548133,-0.005915681863327582,0.060681686358513794,-0.01879259428157626,0.039803594262598864,-0.03944077853561836,0.12408541215752245,0.15066199056797308,0.4146929470377343,-2.2984076568663805,-0.16334727851880032,2.554479358654979,1.4593794834173321,0.2541749179363251,0.8384741544723511,-0.3815532922744751,-0.011337357573211193,-0.0015107858926057816,-0.00833138357847929,0.9930222630500793,0.2541749179363251,0.8384741544723511,-0.3815532922744751,-0.011337357573211193,-0.0015107858926057816,-0.00833138357847929,-1.0,-0.1652700742973108,0.31316837172853035,0.898404150188853,0.05666512058187333,0.19763682182791303,0.9024998346667837,0.0,0.0,0.0,0,0.0361
26,0,0.0,-0.1865496400431122,0.29033954975764154,1.1102765841583475,0.9978086839799215,-0.006333313983961586,0.0626727692204011,-0.02024458709094907,0.03982004059573929,-0.03945669992470438,0.1305846650955819,0.1822193106392382,0.42099711416371666,-2.2787796664188593,-0.1930927637189741,2.5657667452203516,1.4950397770859138,0.23298048973083496,0.846062183380127,-0.40823328495025635,-0.018088912591338158,-0.0006754836067557335,-0.006523233838379383,0.9929440021514893,0.23298048973083496,0.846062183380127,-0.40823328495025635,-0.018088912591338158,-0.0006754836067557335,-0.006523233838379383,-1.0,-0.1652700742973108,0.31316837172853035,0.898404150188853,0.05666512058187333,0.19763682182791303,0.9024998346667837,0.0,0.0,0.0,0,0.0364
27,0,0.0,-0.1843127072711439,0.3003052016563196,1.1040265613387517,0.9976854584396879,-0.006643905409123907,0.06427196996027656,-0.02118250259833326,0.039836052941519186,-0.039471668553022816,0.13813327887550908,0.21487890132545936,0.42597014436751923,-2.256909744372951,-0.22474964928545962,2.574108069165793,1.531296284953064,0.21014222502708435,0.8372917771339417,-0.4129117727279663,-0.036713793873786926,-0.0018491148948669434,-0.005159013904631138,1.0013015270233154,0.21014222502708435,0.8372917771339417,-0.4129117727279663,-0.036713793873786926,-0.0018491148948669434,-0.005159013904631138,-1.0,-0.1652700742973108,0.31316837172853035,0.898404150188853,0.05666512058187333,0.19763682182791303,0.9024998346667837,0.0,0.0,0.0,0,0.0357
28,1,0.0533,-0.18210462771833943,0.3101063661825895,1.097689344502026,0.9975953295915668,-0.006749862597033307,0.0656442228059999,-0.021185696689262637,0.03985078215938038,-0.03948659323097284,0.1469327438528361,0.2479265122051211,0.4295777819249542,-2.2332406180522604,-0.25872632574575993,2.57901608183173,1.568432349525709,0.13501311838626862,0.5907706022262573,-0.8352532386779785,-0.008600600063800812,0.00038848258554935455,-0.04973730817437172,0.992685854434967,0.13501311838626862,0.5907706022262573,-0.8352532386779785,-0.008600600063800812,0.00038848258554935455,-0.04973730817437172,-1.0,-0.1652700742973108,0.31316837172853035,0.898404150188853,0.05666512058187333,0.19763682182791303,0.9024998346667837,0.0,0.0,0.0,0,0.0375
29,0,0.0,-0.18008870127763943,0.3188272453728852,1.089202897708199,0.9976046247435214,-0.008314551089110722,0.06557603488777547,-0.02038785371048287,0.03986104027574706,-0.03950472379467868,0.15679534941102455,0.2845887000104698,0.43015395056194816,-2.2094258884593847,-0.29392786606069726,2.583409100215765,1.6075881751493382,0.14654798805713654,0.5055195093154907,-0.8574806451797485,-0.014361627399921417,-0.00042934902012348175,-0.04586312174797058,1.0004783868789673,0.14654798805713654,0.5055195093154907,-0.8574806451797485,-0.014361627399921417,-0.00042934902012348175,-0.04586312174797058,-1.0,-0.1652700742973108,0.31316837172853035,0.898404150188853,0.05666512058187333,0.19763682182791303,0.9024998346667837,0.0,0.0,0.0,0,0.0355
30,0,0.0,-0.17800797749075864,0.3261685544778543,1.0786052098700691,0.9976461706244919,-0.011192123658857023,0.06487756730287367,-0.019176961885342136,0.039870053119758914,-0.03952289302349634,0.16756047696889448,0.3238405919184636,0.4272180477073883,-2.1862252129301867,-0.33031826371553297,2.589398837722451,1.647746605760757,0.08695529401302338,0.393227756023407,-0.8935302495956421,-0.023892700672149658,-0.013044190593063831,-0.06528198719024658,0.9998128414154053,0.08695529401302338,0.393227756023407,-0.8935302495956421,-0.023892700672149658,-0.013044190593063831,-0.06528198719024658,-1.0,-0.1652700742973108,0.31316837172853035,0.898404150188853,0.05666512058187333,0.19763682182791303,0.9024998346667837,0.0,0.0,0.0,0,0.0357
31,0,0.0,-0.17602409999617372,0.3322022714672045,1.067417709412836,0.9976622401311581,-0.014635025521295475,0.06454252527391847,-0.017033293155906473,0.03987708727979217,-0.03954188432752079,0.17928220452951749,0.3619770039835022,0.42147215600044624,-2.164312676073189,-0.367805973637932,2.5951365533271673,1.6885448494113782,0.006923496723175049,0.3663707375526428,-0.8977654576301575,-0.025092333555221558,-0.021549314260482788,-0.07657701522111893,1.0115489959716797,0.006923496723175049,0.3663707375526428,-0.8977654576301575,-0.025092333555221558,-0.021549314260482788,-0.07657701522111893,-1.0,-0.1652700742973108,0.31316837172853035,0.898404150188853,0.05666512058187333,0.19763682182791303,0.9024998346667837,0.0,0.0,0.0,0,0.0363
32,1,0.0536,-0.1746566692289894,0.33745000164753175,1.0560785200909355,0.9976298769387268,-0.018681416256130123,0.0646692133631428,-0.014266259806853358,0.039884589279814045,-0.039559300360246574,0.19212295447631247,0.3978209841716505,0.4140474605117353,-2.1444882428089396,-0.40532690127211507,2.6008494691495847,1.7306423319183242,-0.4422832727432251,0.07438566535711288,-0.9469675421714783,0.0013005835935473442,-0.055556219071149826,0.00018610432744026184,1.0023579597473145,-0.4422832727432251,0.07438566535711288,-0.9469675421714783,0.0013005835935473442,-0.055556219071149826,0.00018610432744026184,-1.0,-0.1652700742973108,0.31316837172853035,0.898404150188853,0.05666512058187333,0.19763682182791303,0.9024998346667837,0.0,0.0,0.0,0,0.0379
33,0,0.0,-0.17613948594105308,0.3418672044964326,1.0450240460021585,0.9976462172381448,-0.02087667134668514,0.06454120447262168,-0.010031089129584538,0.03988977350048339,-0.03957796965115845,0.2057095013701171,0.42654308679894226,0.4072764063537484,-2.1327404946826025,-0.44161461724237394,2.6054096025556843,1.770678860550178,-0.5087966918945312,0.042238749563694,-0.9553993344306946,-0.0006053280085325241,-0.039405707269907,0.0003054291009902954,0.987214207649231,-0.5087966918945312,0.042238749563694,-0.9553993344306946,-0.0006053280085325241,-0.039405707269907,0.0003054291009902954,-1.0,-0.1652700742973108,0.31316837172853035,0.898404150188853,0.05666512058187333,0.19763682182791303,0.9024998346667837,0.0,0.0,0.0,0,0.0365
34,0,0.0,-0.18051423060117175,0.3453887011816128,1.0342411076508693,0.9976896313882861,-0.02124301159612152,0.0642833621494529,-0.005637661695614346,0.039894410273549216,-0.03959616448799575,0.21939275458684343,0.4485939652979475,0.40088218854567936,-2.130242997292306,-0.4754682360861069,2.6127956942425223,1.8079172545196238,-0.5013418197631836,0.11638972908258438,-0.9518361687660217,0.00020990660414099693,-0.0450265109539032,0.0024837609380483627,1.0045967102050781,-0.5013418197631836,0.11638972908258438,-0.9518361687660217,0.00020990660414099693,-0.0450265109539032,0.0024837609380483627,-1.0,-0.1652700742973108,0.31316837172853035,0.898404150188853,0.05666512058187333,0.19763682182791303,0.9024998346667837,0.0,0.0,0.0,0,0.0367
35,0,0.0,-0.18577686285130013,0.34850198915105224,1.0233540480515435,0.997682997089435,-0.0212110208677469,0.06458629381221932,-0.0027093475212679498,0.0398995766159497,-0.039612846232129933,0.23329357001912893,0.4687297995374862,0.39328295185807804,-2.1318336047638757,-0.5083414342520858,2.625682542068903,1.8442491892731945,-0.39455854892730713,0.33568423986434937,-0.9104894995689392,-0.0026292041875422,-0.06473810970783234,0.003262212499976158,1.0054271221160889,-0.39455854892730713,0.33568423986434937,-0.9104894995689392,-0.0026292041875422,-0.06473810970783234,0.003262212499976158,-1.0,-0.1652700742973108,0.31316837172853035,0.898404150188853,0.05666512058187333,0.19763682182791303,0.9024998346667837,0.0,0.0,0.0,0,0.0378
36,1,0.0536,-0.19046122534091892,0.35217459571474863,1.0125134233554538,0.9975718749368658,-0.020725392281991994,0.0664585364452584,-0.0020187578500798532,0.03990672908521601,-0.03962659859592687,0.24810842214432835,0.49022663001297306,0.38388845889095363,-2.1323393390857923,-0.5432871541081845,2.6444225531950067,1.8814478469595772,-0.3760586380958557,-0.007181078195571899,-0.9542641639709473,-0.0009963861666619778,-0.07690529525279999,0.0023060552775859833,1.0035991668701172,-0.3760586380958557,-0.007181078195571899,-0.9542641639709473,-0.0009963861666619778,-0.07690529525279999,0.0023060552775859833,-1.0,-0.1652700742973108,0.31316837172853035,0.898404150188853,0.05666512058187333,0.19763682182791303,0.9024998346667837,0.0,0.0,0.0,0,0.0375
37,0,0.0,-0.19447488907814714,0.35451117723325243,1.001409477060402,0.9973905678221382,-0.020372622681234576,0.06925458431626617,-0.0009022281865719919,0.039906967748934756,-0.03964636972869377,0.26344549798607964,0.5115934290963331,0.37101345634319427,-2.1329012372253384,-0.5817577196302781,2.663968715026873,1.9203015557867313,-0.24634996056556702,0.1263905167579651,-0.868354320526123,0.0007050675339996815,-0.06036706268787384,0.0003931596875190735,0.9866839647293091,-0.24634996056556702,0.1263905167579651,-0.868354320526123,0.0007050675339996815,-0.06036706268787384,0.0003931596875190735,-1.0,-0.1652700742973108,0.31316837172853035,0.898404150188853,0.05666512058187333,0.19763682182791303,0.9024998346667837,0.0,0.0,0.0,0,0.0363
38,0,0.0,-0.19805883908504904,0.35606844130580445,0.9902306039798159,0.9971601337648561,-0.020139802552526787,0.07256690658020344,-0.00031631088745656677,0.03991164672529649,-0.03966084559712398,0.2790081341161267,0.5331118861325198,0.355934419671663,-2.1331701370483507,-0.6214470219809339,2.685617743328561,1.9596282004143752,-0.15267884731292725,0.26637014746665955,-0.7503420114517212,-0.003923304378986359,-0.03076830878853798,0.005295341834425926,0.9979531764984131,-0.15267884731292725,0.26637014746665955,-0.7503420114517212,-0.003923304378986359,-0.03076830878853798,0.005295341834425926,-1.0,-0.1652700742973108,0.31316837172853035,0.898404150188853,0.05666512058187333,0.19763682182791303,0.9024998346667837,0.0,0.0,0.0,0,0.0358
39,0,0.0,-0.20140261691115693,0.3583761425769371,0.9792043402263425,0.9969232218065102,-0.019732712653934836,0.07584967735480937,-0.0012394835272408408,0.03991755665399689,-0.03967326746217096,0.2950068642269453,0.5560378206399779,0.34070703031498656,-2.1308900412209084,-0.6601233344415398,2.708482993191062,1.9983312283543775,0.032530851662158966,0.3834633529186249,-0.4719772934913635,-0.02128932625055313,-0.036398984491825104,0.0003869086503982544,0.9959951043128967,0.032530851662158966,0.3834633529186249,-0.4719772934913635,-0.02128932625055313,-0.036398984491825104,0.0003869086503982544,-1.0,-0.1652700742973108,0.31316837172853035,0.898404150188853,0.05666512058187333,0.19763682182791303,0.9024998346667837,0.0,0.0,0.0,0,0.0372
40,1,0.055,-0.20356380035687055,0.3614102095259661,0.9697951923986244,0.9966031679182972,-0.019380455051149825,0.07999182165462138,-0.002798593503743837,0.039923338266999286,-0.03968503073545383,0.31123969455103817,0.577773043859835,0.3257907779004777,-2.1245908644300893,-0.6973188129884076,2.728747738625977,2.035968641432917,0.2518165707588196,0.27083873748779297,-0.35050803422927856,-0.0321819968521595,-0.0006156899034976959,-0.0035778041929006577,0.9613386988639832,0.2518165707588196,0.27083873748779297,-0.35050803422927856,-0.0321819968521595,-0.0006156899034976959,-0.0035778041929006577,-1.0,-0.1652700742973108,0.31316837172853035,0.898404150188853,0.05666512058187333,0.19763682182791303,0.9024998346667837,0.0,0.0,0.0,0,0.037
41,0,0.0,-0.2044814851985624,0.3642715845613949,0.9617827801893795,0.996240045882064,-0.019664777492465313,0.08429618093197752,-0.0036361225717144174,0.03992657605565319,-0.0396985846536596,0.327016247089726,0.5979503430367584,0.3112208700026358,-2.1150917514957697,-0.7307284844007518,2.743784878343551,2.0708212227104252,0.2535635530948639,0.3529643416404724,-0.06942883878946304,-0.048463042825460434,0.016481582075357437,-0.0014302656054496765,0.9765914678573608,0.2535635530948639,0.3529643416404724,-0.06942883878946304,-0.048463042825460434,0.016481582075357437,-0.0014302656054496765,-1.0,-0.1652700742973108,0.31316837172853035,0.898404150188853,0.05666512058187333,0.19763682182791303,0.9024998346667837,0.0,0.0,0.0,0,0.0378
42,0,0.0,-0.20503324773491427,0.3671394180191243,0.95560883878864,0.9958935842413206,-0.020135132228148722,0.08818429603470855,-0.0037516996137732586,0.03993180560983656,-0.039709721321197204,0.34166915440931267,0.6141993290762521,0.2990508984465566,-2.1051400500448136,-0.7576907689593023,2.7531954895456425,2.1006425432702134,0.23888348042964935,0.32007867097854614,0.014128535985946655,-0.041459809988737106,0.04757906496524811,-0.012517075054347515,0.9718771576881409,0.23888348042964935,0.32007867097854614,0.014128535985946655,-0.041459809988737106,0.04757906496524811,-0.012517075054347515,-1.0,-0.1653470491623836,0.31305861909192284,0.8987478277871132,0.05666512058187333,0.19763682182791303,0.9024998346667837,0.0,0.0,0.0,0,0.0387
43,0,0.0,-0.20619916472036534,0.37034463973305903,0.9512552976693753,0.9956344108910606,-0.020988642463219742,0.09088394487881744,-0.0034213009842039774,0.03993737587344771,-0.039720708147941486,0.35481403791360583,0.6260455238678452,0.2906839704789804,-2.0967625826261242,-0.776250451210244,2.7574572920040255,2.1250830793855267,0.2644132375717163,0.24790728092193604,0.04449477791786194,-0.03063669428229332,0.0503472201526165,-0.04117298871278763,1.0866578817367554,0.2644132375717163,0.24790728092193604,0.04449477791786194,-0.03063669428229332,0.0503472201526165,-0.04117298871278763,-1.0,-0.16563958464180004,0.31261739097946306,0.9000479492708627,0.05666512058187333,0.19763682182791303,0.9024998346667837,0.05807195499664195,0.0,0.0,1,0.0387
44,1,0.0538,-0.20721755594220287,0.373316615334077,0.9480940264688051,0.9954435656496543,-0.023335048602768915,0.09240918467406443,-0.002850561573244363,0.039941881663297554,-0.03973231321845054,0.36605667268354664,0.6351835955298836,0.28460790039965794,-2.088975749568444,-0.7865795837818469,2.758158964507071,2.1447299184874624,0.08684977144002914,0.08773539960384369,0.09115959703922272,-0.018296603113412857,0.11704646795988083,-0.05205029249191284,0.9863557815551758,0.08684977144002914,0.08773539960384369,0.09115959703922272,-0.018296603113412857,0.11704646795988083,-0.05205029249191284,-1.0,-0.16659406426428638,0.31148431993533177,0.9015336743612624,0.05666512058187333,0.19763682182791303,0.9024998346667837,0.04569000185759399,0.0,0.0,1,0.0414
45,0,0.0,-0.20977026188942408,0.37547001709360367,0.9453703317626178,0.9954591144049498,-0.026978688785690486,0.09127079554124665,-0.0017157449649214257,0.03994297919631099,-0.039745139242216884,0.37484860460671215,0.640692552321556,0.2817283806756596,-2.0863759146972,-0.7872589852632992,2.756246656596281,2.15882207928967,0.060435131192207336,0.057561203837394714,-0.03016526997089386,-0.01889128051698208,0.10745954513549805,-0.048061661422252655,0.9872581362724304,0.060435131192207336,0.057561203837394714,-0.03016526997089386,-0.01889128051698208,0.10745954513549805,-0.048061661422252655,-1.0,-0.16773411368363805,0.31061393905303447,0.9037541746554529,0.05666512058187333,0.19763682182791303,0.9024998346667837,0.05981921922884982,0.0,0.0,1,0.04
46,0,0.0,-0.2130095079520435,0.376816349924611,0.9428441047397138,0.9956263341383534,-0.031120284147654387,0.08808769609035073,-0.0005371054695431018,0.039944116658942985,-0.0397568396804831,0.38123300299161134,0.6445019500841599,0.2806513221293464,-2.0865634199303305,-0.780460018880591,2.753727274291085,2.1664053827568566,0.006297469139099121,0.00934116542339325,-0.2339593768119812,-0.0036917710676789284,0.10350549966096878,-0.043545059859752655,0.9815922975540161,0.006297469139099121,0.00934116542339325,-0.2339593768119812,-0.0036917710676789284,0.10350549966096878,-0.043545059859752655,-1.0,-0.16903359353760034,0.3102487631544048,0.9059997986372758,0.05666512058187333,0.19763682182791303,0.9024998346667837,0.0,0.0,0.0,0,0.0417
47,0,0.0,-0.21564477008302216,0.3776642796548256,0.9394684922856804,0.9958703567631649,-0.034986579118360006,0.08377402614052336,0.0002904241856669376,0.03993948095427089,-0.03976765478294236,0.38608980835074974,0.6509929867732717,0.2794045458910963,-2.0852481297965086,-0.7700148847415037,2.752437941416537,2.1682762963495117,-0.17330878973007202,-0.03752940893173218,-0.5029710531234741,-0.00038643088191747665,0.035999882966279984,-0.04075702279806137,1.002167820930481,-0.17330878973007202,-0.03752940893173218,-0.5029710531234741,-0.00038643088191747665,0.035999882966279984,-0.04075702279806137,-1.0,-0.17066626151456335,0.3094648248530742,0.9064743014064419,0.05666512058187333,0.19763682182791303,0.9024998346667837,2.952281335128271,0.0,0.0,2,0.0403
48,1,0.0532,-0.2171156686886714,0.37793516478826145,0.9349401897274532,0.9960987118010727,-0.038196836736670514,0.07954264644791456,0.0011512634871855623,0.03992883091461176,-0.03977854471947484,0.3905239565302721,0.6611683163392647,0.27631126430748204,-2.080944982593884,-0.7609538656365179,2.7524968771719824,2.16784833772925,0.13153895735740662,-0.0384671688079834,0.03314961493015289,-0.0042299143970012665,0.18700984120368958,-0.0411999449133873,-0.012507799081504345,0.13153895735740662,-0.0384671688079834,0.03314961493015289,-0.0042299143970012665,0.18700984120368958,-0.0411999449133873,1.0,-0.1729558670140829,0.3082998326091513,0.9083337209814127,0.05666512058187333,0.19763682182791303,0.9024998346667837,0.04756270042878297,0.0,0.0,1,0.0424
49,0,0.0,-0.2197594801614048,0.37792731671300084,0.9305325006114185,0.9963970697102243,-0.04140481873957225,0.07399156915604972,0.0019411728017525894,0.03950029089535568,-0.03939827817824171,0.39359928620357687,0.6692024634610956,0.2752253308445001,-2.0803066298956927,-0.7477552416256306,2.7525792041520365,2.164600475535043,0.12288260459899902,-0.09977097809314728,-0.0025080740451812744,-0.001116928644478321,0.18634937703609467,-0.05927159637212753,-0.005800990387797356,0.12288260459899902,-0.09977097809314728,-0.0025080740451812744,-0.001116928644478321,0.18634937703609467,-0.05927159637212753,1.0,-0.17480111744352086,0.30792348743792125,0.9111023863428483,0.05666512058187333,0.19763682182791303,0.9024998346667837,0.15932705048097143,0.0,0.0,1,0.0422
50,0,0.0,-0.22290722819500722,0.37740053483086883,0.9274258905056878,0.9967206685612787,-0.04580374077204252,0.0666720518451115,0.002182589472900936,0.037323470493518376,-0.037317294875822554,0.39392572991655017,0.6732859105935292,0.27657664917379715,-2.0832851836673507,-0.725371843209196,2.7519203676617825,2.1549404385443283,0.1040702536702156,-0.15355871617794037,0.07543207705020905,0.0004405383951961994,0.19457091391086578,-0.08042076230049133,0.05827689915895462,0.1040702536702156,-0.15355871617794037,0.07543207705020905,0.0004405383951961994,0.19457091391086578,-0.08042076230049133,1.0,-0.17849282329855493,0.3070912310651738,0.9188798344323188,0.05666512058187333,0.19763682182791303,0.9024998346667837,0.12166416151011923,0.0,0.0,1,0.0446
51,0,0.0,-0.22558616379148053,0.3760348991297805,0.9253042306755472,0.9969753010299758,-0.05125246428892055,0.05837735335515004,0.0023491819318331164,0.03403029270133732,-0.03397008296771691,0.39198474997148136,0.6746028414544302,0.27891656252308095,-2.087961114376382,-0.696115613505987,2.7499697300427806,2.139709994223935,0.06901728361845016,-0.2558630704879761,0.12045039236545563,0.0007568695582449436,0.17463599145412445,-0.10051161050796509,0.0020634084939956665,0.06901728361845016,-0.2558630704879761,0.12045039236545563,0.0007568695582449436,0.17463599145412445,-0.10051161050796509,1.0,-0.18257930585480642,0.30729793361571217,0.9225051977905028,0.05666512058187333,0.19763682182791303,0.9024998346667837,5.402432586988019,0.0,0.0,3,0.0428
52,1,0.0555,-0.22749570972172256,0.3736627183318502,0.9246267594459628,0.997089658008343,-0.057644602602989536,0.04981696445569379,0.002753858378375988,0.0313954517366984,-0.029911042142067124,0.38803070979121806,0.6720165806405235,0.28170214854136366,-2.0943868388050073,-0.6617636662642392,2.7459194722156868,2.120182170224946,0.06996538490056992,0.0021457672119140625,0.15328224003314972,-0.00859700608998537,0.20340172946453094,-0.02914316952228546,-0.007677759509533644,0.06996538490056992,0.0021457672119140625,0.15328224003314972,-0.00859700608998537,0.20340172946453094,-0.02914316952228546,1.0,-0.18503201285730408,0.30600417284062437,0.9216108634550921,0.05666512058187333,0.19763682182791303,0.9024998346667837,13.778093014560145,0.0,0.0,4,0.0429
53,0,0.0,-0.2296642826640479,0.3720693521320496,0.9245485289030251,0.9972375971874042,-0.062243096221422045,0.04047303708102268,0.0022147230300901804,0.029623364091480853,-0.025393420825540636,0.3830654640899511,0.6690793191839404,0.28687415751503553,-2.1004685571238952,-0.6236447724535739,2.7415518025204046,2.0940458631643533,0.06544523686170578,-0.06323376297950745,0.25924789905548096,-0.002601361135020852,0.19483058154582977,-0.06269684433937073,0.0026008624117821455,0.06544523686170578,-0.06323376297950745,0.25924789905548096,-0.002601361135020852,0.19483058154582977,-0.06269684433937073,1.0,-0.18768088444134448,0.3050402356641693,0.9207829255461896,0.05666512058187333,0.19763682182791303,0.9024998346667837,19.49974275318084,0.0,0.0,6,0.0427
54,0,0.0,-0.23155763072957802,0.37094768883281254,0.9253659149173683,0.9973516572943536,-0.06592693303290625,0.0306799645366043,0.0014321204950245477,0.02791859142775977,-0.020686585113118064,0.37716231490963986,0.6648278939064969,0.2936932956095069,-2.1055074625003605,-0.582113860261305,2.7343746138028453,2.0634556942279003,0.08471029996871948,-0.07805188000202179,0.3358306884765625,0.0005900738760828972,0.19905021786689758,-0.058477118611335754,-0.006081832107156515,0.08471029996871948,-0.07805188000202179,0.3358306884765625,0.0005900738760828972,0.19905021786689758,-0.058477118611335754,1.0,-0.1900155804519116,0.30473345030054183,0.9205643682833541,0.05666512058187333,0.19763682182791303,0.9024998346667837,24.65311010787688,0.0,0.0,6,0.0446
55,0,0.0,-0.2330252899525823,0.3696426686719868,0.92754435088133,0.9973317220994703,-0.07003366887368828,0.02059320138653685,0.000800858819102435,0.025395227072656512,-0.015852650112319025,0.37010201976280416,0.6576517695821479,0.30165986450192744,-2.110610079857116,-0.537124372377951,2.723676173239291,2.030369283975584,0.1361864060163498,-0.08474808931350708,0.3868963122367859,0.0021615824662148952,0.2134033590555191,-0.06665948033332825,0.004866024479269981,0.1361864060163498,-0.08474808931350708,0.3868963122367859,0.0021615824662148952,0.2134033590555191,-0.06665948033332825,1.0,-0.1926276399299125,0.3048822285343563,0.9156951085803022,0.05666512058187333,0.19763682182791303,0.9024998346667837,1.7177292441704877,0.0,0.0,2,0.0453
56,1,0.054,-0.23406664977582112,0.3681906780433845,0.9306849592080024,0.9971802468630856,-0.07438648015079408,0.009909756584459684,5.967652064986723e-05,0.018428513236728408,-0.010946651589332793,0.36184629075763763,0.6487421605334182,0.31052283742462883,-2.11502408199986,-0.48865065319729045,2.7098801533414303,1.9943650231329395,-0.03085637092590332,-0.05567328631877899,-0.017420634627342224,-0.0027206309605389833,0.1475018411874771,-0.05258079245686531,-3.8146990846144035e-05,-0.03085637092590332,-0.05567328631877899,-0.017420634627342224,-0.0027206309605389833,0.1475018411874771,-0.05258079245686531,1.0,-0.19397677258341536,0.3084906145081564,0.9146102041756682,0.05666512058187333,0.19763682182791303,0.9024998346667837,5.114259557040127,0.0,0.0,3,0.0455
57,0,0.0,-0.23410062943736748,0.3665767120848691,0.932799952351285,0.9969371212017952,-0.078197658002026,-0.0008550769911353151,-0.0008783485715656316,0.011953024842873458,-0.00729836138166484,0.35386844622021957,0.6439789211601779,0.3174770223209378,-2.1152480534996947,-0.4422009395030401,2.695935394347479,1.9574338867743908,-0.02066025137901306,-0.03822027146816254,0.08725866675376892,-0.0020383410155773163,0.13212700188159943,-0.05535881221294403,0.009297968819737434,-0.02066025137901306,-0.03822027146816254,0.08725866675376892,-0.0020383410155773163,0.13212700188159943,-0.05535881221294403,1.0,-0.19487352483098952,0.31025420619112765,0.9117253169404338,0.05666512058187333,0.19763682182791303,0.9024998346667837,11.137146891178165,0.0,0.0,3,0.046
58,0,0.0,-0.2330954078768705,0.3650773497437313,0.9342594699061559,0.996648175635877,-0.08112393613745628,-0.010401787186043092,-0.0017674305016674818,0.00983786373362737,-0.00716087185247046,0.347173239408616,0.6418312704733257,0.32223070279390864,-2.1119405487280107,-0.401549856930785,2.6819835084598624,1.923299144818382,-0.015362709760665894,-0.047184452414512634,0.16132770478725433,-0.001620281022042036,0.1170312687754631,-0.05776949226856232,0.008465646766126156,-0.015362709760665894,-0.047184452414512634,0.16132770478725433,-0.001620281022042036,0.1170312687754631,-0.05776949226856232,1.0,-0.195042235470111,0.30929751601250577,0.910062470422587,0.05666512058187333,0.19763682182791303,0.9024998346667837,11.594726399223578,0.0,0.0,4,0.0446
59,0,0.0,-0.23193243054873122,0.36368166400887386,0.9364249068226511,0.9962876247307203,-0.0839352905862149,-0.018998723902310076,-0.002210043599104668,0.009048291659658604,-0.007183370323160103,0.3413080332813175,0.6381725041616186,0.3263720972320001,-2.108258023685627,-0.36490351806569044,2.6662168564039233,1.8932368279520393,0.0036454498767852783,-0.020763829350471497,0.23015271127223969,-0.009973803535103798,0.0888403132557869,-0.06082705408334732,0.014068949036300182,0.0036454498767852783,-0.020763829350471497,0.23015271127223969,-0.009973803535103798,0.0888403132557869,-0.06082705408334732,1.0,-0.1951516542627209,0.3085708286003028,0.9092870348485493,0.05666512058187333,0.19763682182791303,0.9024998346667837,10.089509627575563,0.0,0.0,4,0.0432
60,1,0.0535,-0.23048021667181792,0.36228405953761383,0.9394828104497486,0.9958647960733258,-0.08690897462019148,-0.026365751561173302,-0.002232759931908623,0.008309957680784224,-0.007074710900673074,0.3362249145762635,0.6325297064555608,0.3296663445613562,-2.1045023918887074,-0.332626306835428,2.6491515894055544,1.8678880474436594,0.17027735710144043,-0.06070186197757721,0.2493508905172348,-0.0017639840953052044,0.16567543148994446,-0.07339797168970108,-0.006869495380669832,0.17027735710144043,-0.06070186197757721,0.2493508905172348,-0.0017639840953052044,0.16567543148994446,-0.07339797168970108,1.0,-0.1954055986904849,0.3079862177055693,0.9089013342947974,0.05666512058187333,0.19763682182791303,0.9024998346667837,8.578116919041499,0.0,0.0,4,0.0443
61,0,0.0,-0.22948895241989478,0.3611849828773886,0.9424409982360259,0.9952796949209223,-0.09073381428769733,-0.03435460402014772,-0.0023377351303056175,0.007611847794588594,-0.0068231241269190186,0.3312609842464266,0.627517611479806,0.33340175573502223,-2.10025041219636,-0.300226884197934,2.631040027361668,1.8450238105552392,0.09371015429496765,-0.02403293550014496,0.3275578022003174,-0.003669763682410121,0.08919326215982437,-0.05442308634519577,0.0029696919955313206,0.09371015429496765,-0.02403293550014496,0.3275578022003174,-0.003669763682410121,0.08919326215982437,-0.05442308634519577,1.0,-0.19636099624034092,0.30755623843781527,0.9087361595387438,0.05666512058187333,0.19763682182791303,0.9024998346667837,8.281247834702693,0.0,0.0,4,0.0435
62,0,0.0,-0.22778747540988745,0.3600798454265889,0.9461582340523833,0.9946433069183437,-0.09452426748777532,-0.04174878961934917,-0.0026255330428089675,0.006947736415585002,-0.006356154193258831,0.32619677544953946,0.6213920447580605,0.33652937380467446,-2.09477769002808,-0.2696659625372265,2.6116931953798623,1.8231481201320292,0.1283733993768692,0.01067546010017395,0.3667423725128174,-0.028567742556333542,0.03093981370329857,-0.026303263381123543,-0.0029324034694582224,0.1283733993768692,0.01067546010017395,0.3667423725128174,-0.028567742556333542,0.03093981370329857,-0.026303263381123543,1.0,-0.19713884280038427,0.3074493372087288,0.9085584274267616,0.05666512058187333,0.19763682182791303,0.9024998346667837,6.4038919111410815,0.0,0.0,4,0.0442
63,0,0.0,-0.22488555057040982,0.3587476192482976,0.9511104602335357,0.9942206931265765,-0.09678909842374128,-0.04638826572441287,-0.002283109351175842,0.005975320644027573,-0.005460866388882445,0.32213356967918666,0.6130651269617017,0.33774421584193104,-2.0884993844019677,-0.247047874578078,2.5919659974474314,1.8047535541156332,0.17727944254875183,0.05023246258497238,0.4566575288772583,-0.036775946617126465,0.01000253576785326,-0.017748571932315826,0.0031877553556114435,0.17727944254875183,0.05023246258497238,0.4566575288772583,-0.036775946617126465,0.01000253576785326,-0.017748571932315826,1.0,-0.1977351670991977,0.30822744006530717,0.9079749661678853,0.05666512058187333,0.19763682182791303,0.9024998346667837,3.7461165656220876,0.0,0.0,3,0.0409
64,1,0.0537,-0.22141014435304526,0.3576707889141584,0.9569238957218364,0.9940155187246104,-0.0978100198337179,-0.0486283665026402,-0.001276920535952953,0.00423251481422236,-0.0038824700081287905,0.3194142145986583,0.6034267835309259,0.3379917797686169,-2.081512183784761,-0.23200922186427786,2.572267933342052,1.7911529528067618,0.3534787893295288,-0.03246866166591644,0.7929573059082031,-0.01444520615041256,-0.05455492064356804,-0.03126801922917366,-0.008658824488520622,0.3534787893295288,-0.03246866166591644,0.7929573059082031,-0.01444520615041256,-0.05455492064356804,-0.03126801922917366,1.0,-0.20057869280426616,0.3072645357162303,0.9085112324644928,0.05666512058187333,0.19763682182791303,0.9024998346667837,0.02821441327452447,0.0,0.0,1,0.0405
65,0,0.0,-0.21650844361803884,0.3568638535063877,0.9654591351277709,0.9939467825742927,-0.0990235482243178,-0.04758180928123872,-0.00031895579819719855,0.0028349640786270677,-0.0026230666428177724,0.31708720096367865,0.5886037853049998,0.3377043434807404,-2.0741392590802703,-0.22226766739874915,2.551986478888424,1.7827002521175674,0.4158223569393158,-0.07279574871063232,0.7940229773521423,-0.01958250068128109,-0.05296124517917633,-0.0245063453912735,0.0038853862788528204,0.4158223569393158,-0.07279574871063232,0.7940229773521423,-0.01958250068128109,-0.05296124517917633,-0.0245063453912735,1.0,-0.19950263546068397,0.3085366117652619,0.9078564462095556,0.05666512058187333,0.19763682182791303,0.9024998346667837,0.05213574275387241,0.0,0.0,1,0.0371
66,0,0.0,-0.21087550102773198,0.3559339455714173,0.9759523798481684,0.9939236435247525,-0.10063389552544394,-0.044590319576930396,0.0005597444782886526,0.0020197653702799965,-0.0019162676646474217,0.3145585308007326,0.5702362727673306,0.337250879203141,-2.0672085757540084,-0.2151159001238379,2.5313650670949976,1.7770017995516771,0.42947936058044434,-0.0717599093914032,0.8202909827232361,-0.027271315455436707,-0.06985492259263992,-0.013308792375028133,-0.00374278100207448,0.42947936058044434,-0.0717599093914032,0.8202909827232361,-0.027271315455436707,-0.06985492259263992,-0.013308792375028133,1.0,-0.19881950108353993,0.30829583162661334,0.9056597944154066,0.05666512058187333,0.19763682182791303,0.9024998346667837,0.0,0.0,0.0,0,0.0354
67,0,0.0,-0.20507171933220836,0.35474962098215074,0.9868329665475192,0.9939540718928912,-0.10195961303020873,-0.04070687267940952,0.0015782252477632049,0.0015617698520042338,-0.0015206211701402704,0.31195103310417494,0.55141513466825,0.33644928158153903,-2.060244845820339,-0.21054165895536112,2.511255131104868,1.7724037252764704,0.36806556582450867,-0.11961562931537628,0.8630136847496033,-0.02817225456237793,-0.07495379447937012,0.0029687341302633286,0.005611628293991089,0.36806556582450867,-0.11961562931537628,0.8630136847496033,-0.02817225456237793,-0.07495379447937012,0.0029687341302633286,1.0,-0.19828364183882438,0.30822255676721666,0.9024475590738326,0.05666512058187333,0.19763682182791303,0.9024998346667837,0.0,0.0,0.0,0,0.0371
68,1,0.0533,-0.19961747754738848,0.3533177506638638,0.9981416335640141,0.9940673257109143,-0.102483277791453,-0.036300541148252256,0.0030984575862748175,0.0013010651436890465,-0.001304096379959275,0.3092442494958932,0.5315029546386074,0.3358980616713838,-2.054072922078852,-0.20825105711890668,2.4906804418671666,1.7682191506127038,0.031169883906841278,0.09143136441707611,-0.8693381547927856,0.011384732089936733,-0.047190356999635696,0.009998051449656487,1.0158473253250122,0.031169883906841278,0.09143136441707611,-0.8693381547927856,0.011384732089936733,-0.047190356999635696,0.009998051449656487,-1.0,-0.1981150274656184,0.3082587356196633,0.899383830386782,0.05666512058187333,0.19763682182791303,0.9024998346667837,0.0,0.0,0.0,0,0.0417
69,0,0.0,-0.19640699652993918,0.3530881717654188,1.0000082680924636,0.9941749616727732,-0.10188721250294802,-0.035019857203433785,0.002958227977799023,0.0014342858699465074,-0.001427067613028264,0.30850551310104024,0.5333508709693606,0.33431265423608925,-2.046501972070618,-0.20886439515946456,2.486960794740565,1.764253072222901,-0.03987357020378113,0.09092554450035095,-0.9604901671409607,0.010668848641216755,-0.036230165511369705,0.012179937213659286,0.9570644497871399,-0.03987357020378113,0.09092554450035095,-0.9604901671409607,0.010668848641216755,-0.036230165511369705,0.012179937213659286,-1.0,-0.1981892666998203,0.30819266895175373,0.8982968097065256,0.05666512058187333,0.19763682182791303,0.9024998346667837,0.0,0.0,0.0,0,0.0374
70,0,0.0,-0.1946363688805473,0.3535079373661986,0.9912728920244992,0.9942960481315087,-0.10063727220353452,-0.03528143061761178,0.001651898020362575,0.0031681313420316793,-0.003174026508558815,0.3102654650552462,0.5562758183073229,0.3298007358565556,-2.037821643406517,-0.21696346064625532,2.501467949646415,1.7641737155258743,-0.09370321035385132,0.10881167650222778,-0.8197087049484253,0.002940545789897442,-0.020881906151771545,0.007942704483866692,1.0714932680130005,-0.09370321035385132,0.10881167650222778,-0.8197087049484253,0.002940545789897442,-0.020881906151771545,0.007942704483866692,-1.0,-0.19818071636747087,0.30820080071468153,0.898373207107345,0.05666512058187333,0.19763682182791303,0.9024998346667837,0.0,0.0,0.0,0,0.0368
71,0,0.0,-0.1940678717785151,0.35406604232391087,0.9805659746139406,0.9944377749417092,-0.09920693007558012,-0.03536167017564457,0.0010242442821266039,0.006322284412620853,-0.00632842465792921,0.3132512863075422,0.5817465454179745,0.32508692445989507,-2.030515887697766,-0.22913081010561104,2.518896168263874,1.7683281712087329,-0.023510873317718506,0.042998045682907104,-0.5628532767295837,0.0023744096979498863,0.011166396550834179,0.003194080665707588,-0.03396505117416382,-0.023510873317718506,0.042998045682907104,-0.5628532767295837,0.0023744096979498863,0.011166396550834179,0.003194080665707588,1.0,-0.19817862338695208,0.3082027223627556,0.8983955285324039,0.05666512058187333,0.19763682182791303,0.9024998346667837,0.0,0.0,0.0,0,0.0371
72,1,0.0537,-0.19443290954043385,0.35474921019086164,0.9712572809089571,0.9945203958981887,-0.09830900330170078,-0.03554574966408648,0.001010788381610445,0.00881920713724794,-0.008831673270735273,0.31638273225302116,0.6031021207436895,0.3214894403221505,-2.0249561254348034,-0.24060741507436773,2.533098592098575,1.7746577577274643,-0.12742063403129578,0.1036052331328392,-0.8102347254753113,0.004409259185194969,0.013726097531616688,-0.01801283098757267,0.9766155481338501,-0.12742063403129578,0.1036052331328392,-0.8102347254753113,0.004409259185194969,0.013726097531616688,-0.01801283098757267,-1.0,-0.1981780930809127,0.3082032047319143,0.8984017865679172,0.05666512058187333,0.19763682182791303,0.9024998346667837,0.0,0.0,0.0,0,0.0369
73,0,0.0,-0.1955185550184217,0.3556735211046382,0.9619286320749245,0.9944768979830945,-0.09839009238131241,-0.036530486818466885,0.0007827080704095029,0.009768823143745005,-0.00977494595330043,0.3197139651003153,0.6245769343814755,0.31840410726704965,-2.019754298866154,-0.2499944148367512,2.547086311045849,1.782017849263116,-0.11971485614776611,0.04915720969438553,-0.7300242781639099,0.00036667613312602043,-0.008987151086330414,-0.022014686837792397,0.9971029162406921,-0.11971485614776611,0.04915720969438553,-0.7300242781639099,0.00036667613312602043,-0.008987151086330414,-0.022014686837792397,-1.0,-0.19817795330694973,0.30820333164462954,0.8984035023457212,0.05666512058187333,0.19763682182791303,0.9024998346667837,0.0,0.0,0.0,0,0.0366
74,0,0.0,-0.1966230533188097,0.35636061284566667,0.9521316696628683,0.9943634551693749,-0.09928152157944553,-0.03720360455907496,0.0006247433905066258,0.012218353959013339,-0.012241755049341841,0.32361465620572444,0.6466288723065304,0.31423756499634203,-2.0144861861832406,-0.2602641584141527,2.5621808024988475,1.79139570116002,-0.08992034196853638,0.05466408282518387,-0.6273515820503235,0.0010291459038853645,-0.004420884419232607,-0.0198152344673872,0.9545997977256775,-0.08992034196853638,0.05466408282518387,-0.6273515820503235,0.0010291459038853645,-0.004420884419232607,-0.0198152344673872,-1.0,-0.1981779164119745,0.3082033651390406,0.8984039726501801,0.05666512058187333,0.19763682182791303,0.9024998346667837,0.0,0.0,0.0,0,0.0372
75,0,0.0,-0.1976665799332963,0.3569316747950851,0.943182820619877,0.9942549818336962,-0.10035803326371445,-0.03721485420124228,0.0005923555476124529,0.01578945600816376,-0.015805414501537978,0.3278614312751059,0.6665857012085666,0.3097528543277204,-2.0097706625591663,-0.2708463001154185,2.5767036778629695,1.801699488727436,-0.0921284556388855,0.00927819311618805,-0.5106971859931946,0.003008364699780941,0.005605549551546574,-0.036592140793800354,0.06175054609775543,-0.0921284556388855,0.00927819311618805,-0.5106971859931946,0.003008364699780941,0.005605549551546574,-0.036592140793800354,1.0,-0.19817790667100085,0.30820337398068387,0.8984041015425364,0.05666512058187333,0.19763682182791303,0.9024998346667837,0.0,0.0,0.0,0,0.0374
76,1,0.0537,-0.19894776091399402,0.3574139130992196,0.9354088600557664,0.9940853492444703,-0.10199089407001438,-0.03730542354921919,0.0006937709353174691,0.01851760974447974,-0.018541380289787978,0.33203947584494414,0.6834772319580191,0.30561669908360206,-2.0062164637508113,-0.27967882159610064,2.589246719637469,1.8123065122633772,-0.044417962431907654,0.00627446174621582,-0.001286521553993225,-0.03300216794013977,0.06603037565946579,-0.004075337201356888,-0.005439545959234238,-0.044417962431907654,0.00627446174621582,-0.001286521553993225,-0.03300216794013977,0.06603037565946579,-0.004075337201356888,1.0,-0.19817790409904976,0.30820337631476935,0.8984041368615129,0.05666512058187333,0.19763682182791303,0.9024998346667837,0.0,0.0,0.0,0,0.038
77,0,0.0,-0.2010479980067829,0.3576251042730937,0.9308514749391166,0.9939007175493704,-0.10334360326271619,-0.03843319888859853,0.002086274841269338,0.018577001210821512,-0.018606700886354834,0.335283428225937,0.6917186734425843,0.30377607526586486,-2.005903089263533,-0.2844453009724387,2.5931707265584043,1.8205588963219843,0.00023065507411956787,-0.019246414303779602,0.20841030776500702,-0.008416159078478813,0.09070100635290146,-0.021616706624627113,0.0068547544069588184,0.00023065507411956787,-0.019246414303779602,0.20841030776500702,-0.008416159078478813,0.09070100635290146,-0.021616706624627113,1.0,-0.19817790341995656,0.308203376930945,0.8984041465381541,0.05666512058187333,0.19763682182791303,0.9024998346667837,0.0,0.0,0.0,0,0.0373
78,0,0.0,-0.20353760769172666,0.35814940253905864,0.9303503976751116,0.9936544852279561,-0.10469491189511876,-0.04093604948712882,0.003738885131328704,0.01683560579268872,-0.0168519325804238,0.33675648637738903,0.6910252288978198,0.3053843649464607,-2.0077874311807102,-0.2818270113729155,2.588481031486493,1.8243245599775488,0.0012653768062591553,-0.07623940706253052,0.22894884645938873,0.0030629727989435196,0.08303522318601608,-0.06207940727472305,0.015994803979992867,0.0012653768062591553,-0.07623940706253052,0.22894884645938873,0.0030629727989435196,0.08303522318601608,-0.06207940727472305,1.0,-0.19817790324064957,0.30820337709360873,0.8984041491889686,0.05666512058187333,0.19763682182791303,0.9024998346667837,0.0,0.0,0.0,0,0.0366
79,0,0.0,-0.2054435293532374,0.358456464797187,0.9320424946865732,0.9931762397386139,-0.1077263935427612,-0.044424852621912744,0.0047342816199831324,0.013663238956098365,-0.013702077916589247,0.3364024144250475,0.6860141320567226,0.30817510111444396,-2.010077813663566,-0.27229398316437736,2.5799941889280347,1.8249988296868176,-0.029724538326263428,-0.11920739710330963,0.27501195669174194,0.0008912421762943268,0.06050954386591911,-0.0857120230793953,0.00742337666451931,-0.029724538326263428,-0.11920739710330963,0.27501195669174194,0.0008912421762943268,0.06050954386591911,-0.0857120230793953,1.0,-0.19817790319330558,0.3082033771365501,0.8984041499150321,0.05666512058187333,0.19763682182791303,0.9024998346667837,0.0,0.0,0.0,0,0.04
80,1,0.056,-0.20650409091464103,0.35795606998874735,0.934935070041056,0.9924733960977423,-0.11248554746020001,-0.04809119856208327,0.0055494388593770524,0.00968390680540601,-0.0097515821305354,0.33482056674432153,0.678245645001097,0.310463545283284,-2.0127967443948203,-0.2593674714652218,2.569724339856486,1.8247810019194133,-0.026559904217720032,-0.06805604696273804,0.31866276264190674,0.008189111016690731,0.012046159245073795,-0.08067679405212402,-0.00030248292023316026,-0.026559904217720032,-0.06805604696273804,0.31866276264190674,0.008189111016690731,0.012046159245073795,-0.08067679405212402,1.0,-0.19855290234396536,0.30945656927419896,0.8983070463707001,0.05666512058187333,0.19763682182791303,0.9024998346667837,0.0,0.0,0.0,0,0.0456
81,0,0.0,-0.20653936967579403,0.35723636841047623,0.9390065532452015,0.9917597760799695,-0.11759639770377006,-0.05049900014129365,0.005786603635475583,0.006541386719306507,-0.006645106706740507,0.3328459445021012,0.6682409443353008,0.3121224606031503,-2.015596821012007,-0.2467940034255898,2.560258132074853,1.8246423944745809,0.025768741965293884,-0.061320215463638306,0.42734742164611816,0.002738884650170803,-0.003291744738817215,-0.07686659693717957,-0.010911666788160801,0.025768741965293884,-0.061320215463638306,0.42734742164611816,0.002738884650170803,-0.003291744738817215,-0.07686659693717957,1.0,-0.20053974530815893,0.31075738933446745,0.8992748785651,0.05666512058187333,0.19763682182791303,0.9024998346667837,4.2524380320791435,0.0,0.0,5,0.0425
82,0,0.0,-0.2058100262053957,0.35651058349948817,0.9442165459361713,0.9911435279075591,-0.12233198413699226,-0.05135400349539597,0.005670896671400333,0.004648893781913369,-0.004772529899034272,0.33086305527854415,0.6559452334150974,0.31336043609559144,-2.018716195870951,-0.23606324754436317,2.5514572291491007,1.8250942352626809,0.015101715922355652,-0.06612005829811096,0.49659109115600586,0.0010542715899646282,-0.013787960633635521,-0.07455234229564667,-0.004373292904347181,0.015101715922355652,-0.06612005829811096,0.49659109115600586,0.0010542715899646282,-0.013787960633635521,-0.07455234229564667,1.0,-0.20724067373696714,0.31204819649626153,0.9012537004108724,0.05666512058187333,0.19763682182791303,0.9024998346667837,0.4850324720095798,0.0,0.0,3,0.0431
83,0,0.0,-0.20493330994650646,0.3556977274688616,0.9504512572308722,0.9905837995245305,-0.12678147602383982,-0.051362994376160646,0.005660058787210161,0.003215015757702124,-0.0033151358242676588,0.32881751075232596,0.6411370234755719,0.3146793690504302,-2.022821832622523,-0.22655690752834853,2.5421379075009516,1.8262935441271957,0.02474929392337799,-0.017030850052833557,0.5896717309951782,0.0019744993187487125,-0.08234328776597977,-0.060458701103925705,0.0019656154327094555,0.02474929392337799,-0.017030850052833557,0.5896717309951782,0.0019744993187487125,-0.08234328776597977,-0.060458701103925705,1.0,-0.21090808743591247,0.3152982552642964,0.9036717489974933,0.05666512058187333,0.19763682182791303,0.9024998346667837,0.06460025585658348,0.0,0.0,2,0.0416
84,1,0.053,-0.2033127711508217,0.35500240446731995,0.9580949587308425,0.9901945321771664,-0.13064070852045556,-0.04918368450301743,0.0053627327383009744,0.002372641804609558,-0.0024354038082088367,0.32702751875868263,0.623451676437901,0.3156442218011994,-2.0274244026150496,-0.22060024715475468,2.534041491694123,1.8292889129552308,0.19650328159332275,-0.00939968228340149,0.8714006543159485,0.005721365101635456,-0.00411837175488472,-0.08265022933483124,0.005974568892270327,0.19650328159332275,-0.00939968228340149,0.8714006543159485,0.005721365101635456,-0.00411837175488472,-0.08265022933483124,1.0,-0.213048668473759,0.3189014749433464,0.9082853634871321,0.05666512058187333,0.19763682182791303,0.9024998346667837,0.9911196071736383,0.0,0.0,2,0.0403
85,0,0.0,-0.20184605691376623,0.35481355411318655,0.9674727250728227,0.9897594545766613,-0.13486627166853143,-0.04653284254907973,0.004690992074275889,0.002158250975909322,-0.002210432989788442,0.3248664206715606,0.6021386425258732,0.3181365102953983,-2.032782497144973,-0.21341180256984618,2.5240667163256165,1.8333441391262868,0.19003553688526154,-0.009923219680786133,0.9470890164375305,-0.0005564759485423565,-0.0026256470009684563,-0.07185644656419754,0.01198121439665556,0.19003553688526154,-0.009923219680786133,0.9470890164375305,-0.0005564759485423565,-0.0026256470009684563,-0.07185644656419754,1.0,-0.21299980995637222,0.3178734006119965,0.9186249437761672,0.05666512058187333,0.19763682182791303,0.9024998346667837,2.8718809214914636,0.0,0.0,6,0.0387
86,0,0.0,-0.20058609306733027,0.35473580498690904,0.9785132220568663,0.9891817410795433,-0.13963317496056482,-0.04479728193370404,0.003906801329313928,0.0021302780923273383,-0.00218260178491231,0.32165234927361114,0.5776789294261137,0.3221296734793153,-2.0378350140322365,-0.20255084600882053,2.5097131870468536,1.835761855996491,0.33422499895095825,-0.04443362355232239,0.9651647210121155,-0.007591068744659424,-0.007422621827572584,-0.07192639261484146,-0.025181876495480537,0.33422499895095825,-0.04443362355232239,0.9651647210121155,-0.007591068744659424,-0.007422621827572584,-0.07192639261484146,1.0,-0.21166617918088432,0.3179803971090372,0.9294833769638167,0.05666512058187333,0.19763682182791303,0.9024998346667837,3.307377650531955,0.0,0.0,6,0.0379
87,0,0.0,-0.1984000612642534,0.35419677360830726,0.9903897982664901,0.9885834847951239,-0.14444127678428992,-0.042781981004462184,0.0030188164213986787,0.002111566842691275,-0.0021643605055783723,0.31764319924707074,0.5526424386604676,0.3255219599181226,-2.040749997703428,-0.19114923071597748,2.4933878308053026,1.8364180663606928,0.40780434012413025,-0.13390995562076569,0.9617689251899719,-0.025046996772289276,-0.03146064653992653,-0.06487640738487244,0.016029350459575653,0.40780434012413025,-0.13390995562076569,0.9617689251899719,-0.025046996772289276,-0.03146064653992653,-0.06487640738487244,1.0,-0.20961153163966378,0.31761987649455903,0.9412528311635674,0.05666512058187333,0.19763682182791303,0.9024998346667837,3.6468897458696548,0.0,0.0,6,0.0385
88,1,0.0533,-0.1947352972192865,0.3525330194337858,1.0025323011841898,0.9879978520092471,-0.1492169630555336,-0.039847105786443564,0.0025981766760634246,0.00209833518384052,-0.0021538645916388856,0.31305437719047696,0.5282258090266401,0.3268462147337946,-2.041025514276399,-0.18192934363588908,2.4756810185562825,1.8361082687652954,0.05435473471879959,0.12831416726112366,0.8590400815010071,-0.07483643293380737,-0.027779974043369293,-0.060531314462423325,0.004623432643711567,0.05435473471879959,0.12831416726112366,0.8590400815010071,-0.07483643293380737,-0.027779974043369293,-0.060531314462423325,1.0,-0.20601120013076485,0.3160620686478719,0.953329863276064,0.05666512058187333,0.19763682182791303,0.9024998346667837,3.8679392222838564,0.0,0.0,7,0.0387
89,0,0.0,-0.19216160803660312,0.3510079950687878,1.0140917526203812,0.9875375254209465,-0.1528501774882295,-0.037316090127383954,0.00373745165771862,0.0020919281157166765,-0.002145880728482818,0.3092951529586303,0.505021678735291,0.3290354584895168,-2.0408855292366175,-0.1762768525925962,2.455365453836778,1.8378856043634857,0.11444206535816193,0.05489259958267212,0.8760269284248352,-0.05923111364245415,-0.022887833416461945,-0.04778735339641571,0.0025297829415649176,0.11444206535816193,0.05489259958267212,0.8760269284248352,-0.05923111364245415,-0.022887833416461945,-0.04778735339641571,1.0,-0.20346540940817281,0.31445491898764555,0.964953499530136,0.05666512058187333,0.19763682182791303,0.9024998346667837,4.002640321019766,0.0,0.0,7,0.0385
90,0,0.0,-0.1908937618835016,0.3504576043280283,1.0252808057583018,0.9871540972586161,-0.15580579506044917,-0.034883549345791666,0.00587200784629939,0.002088188830244711,-0.0021399893399111467,0.3065953870343262,0.48290269856930623,0.3327881304326004,-2.0400999706359215,-0.17386230685040527,2.4336813085469555,1.8433067811628068,0.33985763788223267,-0.005360692739486694,0.9774805903434753,-0.04740062728524208,-0.015162911266088486,-0.01870645582675934,0.0021960607264190912,0.33985763788223267,-0.005360692739486694,0.9774805903434753,-0.04740062728524208,-0.015162911266088486,-0.01870645582675934,1.0,-0.202225861912875,0.3137222015482887,0.9762844540221175,0.05666512058187333,0.19763682182791303,0.9024998346667837,4.080051651459558,0.0,0.0,7,0.0403
91,0,0.0,-0.18888223414909636,0.35012846429701094,1.0369267807394205,0.9868632506234029,-0.15824012374054358,-0.03167388982544348,0.007599507280927013,0.0020857501607167797,-0.002136035613085349,0.3037110541449285,0.46167122810590155,0.33641019984874104,-2.03663376117541,-0.17243627052705973,2.4118390441677144,1.8476419025759254,0.5224720239639282,-0.10392259061336517,1.0158016681671143,-0.021245736628770828,-0.014022598043084145,-0.007099355570971966,0.007597141899168491,0.5224720239639282,-0.10392259061336517,1.0158016681671143,-0.021245736628770828,-0.014022598043084145,-0.007099355570971966,1.0,-0.2001217645490804,0.313223458480599,0.9880346378203478,0.05666512058187333,0.19763682182791303,0.9024998346667837,4.1375176922971875,0.0,0.0,8,0.0414
92,1,0.0535,-0.1851990708250023,0.34943489483977563,1.0490541710592933,0.9866729172957441,-0.1600785908718848,-0.027975889888108653,0.00829147782630993,0.0020835889307550017,-0.0021339155922311033,0.29986380025162507,0.44213818506356556,0.33881719432933627,-2.029307179419985,-0.16992785006210523,2.39009765608314,1.8473258583430072,0.41532424092292786,-0.2625563144683838,0.9287979006767273,0.020801682025194168,-0.019711259752511978,-0.002859603613615036,0.004640355706214905,0.41532424092292786,-0.2625563144683838,0.9287979006767273,0.020801682025194168,-0.019711259752511978,-0.002859603613615036,1.0,-0.19623161555468546,0.31243796524084433,1.0001801386711746,0.05666512058187333,0.19763682182791303,0.9024998346667837,4.159722072827771,0.0,0.0,8,0.0429
93,0,0.0,-0.1808539615563507,0.3479148394023577,1.0611910641595899,0.9865216125798177,-0.1614586740164975,-0.025258097606751347,0.008260327053851203,0.0020802137762421127,-0.002134023843644854,0.2946934580581478,0.42354007510296454,0.34032068052216286,-2.0205531420123903,-0.1638833667083587,2.367684475436732,1.8411206413941645,0.43555474281311035,-0.5086005330085754,0.7485029697418213,0.06490352004766464,-0.003297029994428158,0.002164207398891449,0.017384763807058334,0.43555474281311035,-0.5086005330085754,0.7485029697418213,0.06490352004766464,-0.003297029994428158,0.002164207398891449,1.0,-0.19171562427213018,0.31090177537165703,1.0122869967842107,0.05666512058187333,0.19763682182791303,0.9024998346667837,4.166861032234032,0.0,0.0,8,0.042
94,0,0.0,-0.1763733418107267,0.34490243150393174,1.0724095146792703,0.9863628323140972,-0.16260269129330318,-0.024391856320702066,0.007332472892251993,0.002075495240949559,-0.0021356052112464366,0.2877416301257408,0.40607667919603074,0.34023064146676757,-2.012865748482455,-0.152616844887189,2.346588681002168,1.827663160935887,0.7266632914543152,-0.6668591499328613,0.6524938941001892,0.07985202968120575,0.02252810448408127,-0.0026425793766975403,-0.03881777077913284,0.7266632914543152,-0.6668591499328613,0.6524938941001892,0.07985202968120575,0.02252810448408127,-0.0026425793766975403,1.0,-0.18722189919806964,0.307986276944597,1.0234271816800264,0.05666512058187333,0.19763682182791303,0.9024998346667837,4.167698280591439,0.0,0.0,8,0.0415
95,0,0.0,-0.1701384902596686,0.3396462748322984,1.0820190298141092,0.9861373412658149,-0.16404055826191843,-0.024555693620295374,0.00456698118378761,0.0020708878673776545,-0.002137118231496055,0.2785609425966979,0.392096187005367,0.3362751506146,-2.0047565457102428,-0.13675184373501362,2.3301844931091105,1.8058732348024407,0.7382877469062805,-0.6324748396873474,0.5856263041496277,0.06817001849412918,-0.0038159885443747044,0.0037847328931093216,0.024177972227334976,0.7382877469062805,-0.6324748396873474,0.5856263041496277,0.06817001849412918,-0.0038159885443747044,0.0037847328931093216,1.0,-0.18107713801479033,0.30303176129276266,1.0328283540195193,0.05666512058187333,0.19763682182791303,0.9024998346667837,4.173544984213375,0.0,0.0,8,0.0415
96,1,0.053,-0.16193157678623982,0.33251690378691134,1.0903414428509635,0.9859779771759466,-0.16505112250019205,-0.024603736936264442,0.00046001546164863537,0.0020676774699737773,-0.002137837920404503,0.26793245350431083,0.381689900073309,0.32890348547193543,-1.9951850332416714,-0.1197333604223664,2.3177802335865065,1.7777096196715005,0.6805142760276794,-0.4765828251838684,0.7196487188339233,0.04605548083782196,0.005678520537912846,0.0009480714797973633,0.0026578193064779043,0.6805142760276794,-0.4765828251838684,0.7196487188339233,0.04605548083782196,0.005678520537912846,0.0009480714797973633,1.0,-0.17288326291910033,0.2963259406799203,1.0408370934257416,0.05666512058187333,0.19763682182791303,0.9024998346667837,4.175510134868381,0.0,0.0,8,0.0425
97,0,0.0,-0.15347688279108704,0.3251009902375057,1.0986672115763094,0.9859638834805884,-0.16511958188084874,-0.02440192012252624,-0.003910299950559397,0.0020668608469181027,-0.0021364670752982056,0.2571643989093377,0.3721171673887569,0.32124468289846186,-1.9844676826878414,-0.10324992750970159,2.3052288693635474,1.7478144106765567,0.7067814469337463,-0.5094872117042542,0.6589563488960266,0.053852565586566925,0.0023640329018235207,0.0003781244158744812,-0.0028157071210443974,0.7067814469337463,-0.5094872117042542,0.6589563488960266,0.053852565586566925,0.0023640329018235207,0.0003781244158744812,1.0,-0.1643366414223345,0.289336427876211,1.0488275707482781,0.05666512058187333,0.19763682182791303,0.9024998346667837,4.170336303969061,0.0,0.0,8,0.0423
98,0,0.0,-0.1451296597429262,0.31789272097207993,1.10716646785328,0.9859721297144224,-0.16494625594930595,-0.02411172876443224,-0.008385500026933022,0.00206629841589994,-0.0021346285629455903,0.24661395061432503,0.363511207839478,0.31379214007766737,-1.9722674079048308,-0.08739350189287189,2.2919678189953636,1.718519422265698,0.738648533821106,-0.5118368864059448,0.5209674835205078,0.05720505490899086,0.0031465599313378334,0.00038321129977703094,0.00596537534147501,0.738648533821106,-0.5118368864059448,0.5209674835205078,0.05720505490899086,0.0031465599313378334,0.00038321129977703094,1.0,-0.15588419144096274,0.28256230435203883,1.0569899483522074,0.05666512058187333,0.19763682182791303,0.9024998346667837,4.169379508588965,0.0,0.0,8,0.0425
99,0,0.0,-0.1364977330193922,0.3106138703300397,1.1146079171835033,0.9859499019365988,-0.16481662965783145,-0.023778048450004443,-0.013148150871993353,0.0020662364407719605,-0.0021324635456718677,0.2362665928936143,0.3582237223303655,0.3057779147777436,-1.958658724364477,-0.07239482430658262,2.2805207104112126,1.689664883456552,0.7515298128128052,-0.5125774145126343,0.43942850828170776,0.06074398383498192,0.003919770009815693,9.287893772125244e-05,0.011546431109309196,0.7515298128128052,-0.5125774145126343,0.43942850828170776,0.06074398383498192,0.003919770009815693,9.287893772125244e-05,1.0,-0.14714339938160925,0.2757483887634244,1.0640787352622811,0.05666512058187333,0.19763682182791303,0.9024998346667837,4.170755845225841,0.0,0.0,8,0.0423
100,1,0.0536,-0.12758715216757324,0.3032880285103115,1.1206607477473385,0.9858995326829674,-0.16469023931948196,-0.023474197768202417,-0.018116251475868653,0.0020667755907600714,-0.002129980220019987,0.2262083236074281,0.3566595137423841,0.2972463835080268,-1.943726243767663,-0.05827651565607259,2.27113601371721,1.6612549133135919,0.8423725962638855,-0.44073593616485596,0.6028289794921875,0.06180829182267189,-0.01338284183293581,0.006053205579519272,0.015878543257713318,0.8423725962638855,-0.44073593616485596,0.6028289794921875,0.06180829182267189,-0.01338284183293581,0.006053205579519272,1.0,-0.1381212683611222,0.26891357776062413,1.069767911002673,0.05666512058187333,0.19763682182791303,0.9024998346667837,4.173248178926321,0.0,0.0,8,0.0421
101,0,0.0,-0.11799288273812913,0.29628163152199205,1.1269824476546313,0.9858708642317622,-0.16434242578243521,-0.022132677998299165,-0.023671728105210205,0.002069519509414528,-0.0021255208859729223,0.21650928046377388,0.3566826068597772,0.28868160368092455,-1.9261266394932268,-0.04517508255003059,2.262687347121557,1.633363715680138,0.8621746301651001,-0.4433618187904358,0.44016897678375244,0.06140844151377678,-0.008506783284246922,0.004786308854818344,-0.005335147492587566,0.8621746301651001,-0.4433618187904358,0.44016897678375244,0.06140844151377678,-0.008506783284246922,0.004786308854818344,1.0,-0.12828852909705793,0.2624422837690191,1.0756767062572257,0.05666512058187333,0.19763682182791303,0.9024998346667837,4.174870563076466,0.0,0.0,8,0.0418
102,0,0.0,-0.10797776051994967,0.2895337171553061,1.1329746402843772,0.9858418883150412,-0.1638260918081818,-0.020329674332995748,-0.029385153186673396,0.0020718266177365083,-0.0021218223543943396,0.2072829468262599,0.3593822333891273,0.28007907493117284,-1.9061790608056683,-0.033088479281836614,2.254874767457786,1.6062633672743598,0.8729730844497681,-0.44883501529693604,0.287436306476593,0.060060661286115646,-0.0008586971089243889,0.007890509441494942,0.004201749339699745,0.8729730844497681,-0.44883501529693604,0.287436306476593,0.060060661286115646,-0.0008586971089243889,0.007890509441494942,1.0,-0.11797338806789019,0.25623357932808716,1.0812522952320387,0.05666512058187333,0.19763682182791303,0.9024998346667837,4.176419280048228,0.0,0.0,8,0.0414
103,0,0.0,-0.09780131082463224,0.2828238972448622,1.137145208000447,0.9857837114559912,-0.16327026456205568,-0.018904494115542965,-0.034869973331246355,0.0020743363603380116,-0.0021180779066834535,0.1985744246550012,0.3665592142683314,0.27120195901391314,-1.8846801329675056,-0.02193247100951866,2.2486172184998923,1.5798565993046794,0.889176070690155,-0.4537475109100342,0.18281619250774384,0.06016158685088158,-0.0014897212386131287,0.011695940047502518,-0.00022937003814149648,0.889176070690155,-0.4537475109100342,0.18281619250774384,0.06016158685088158,-0.0014897212386131287,0.011695940047502518,1.0,-0.10753484976457042,0.2500516875113215,1.0850326594293231,0.05666512058187333,0.19763682182791303,0.9024998346667837,4.178344519358373,0.0,0.0,8,0.0414
104,1,0.0532,-0.0873782392721451,0.2761383830301457,1.1396346337817056,0.9857212598320207,-0.16256833654062797,-0.017673174935881407,-0.040159591099402155,0.0020774277224814537,-0.0021139305541641026,0.1903676017838772,0.37784606917433755,0.26207097050319567,-1.8615820083745083,-0.011664899400341835,2.243921728288246,1.553848784355253,0.7743510603904724,-0.4489389657974243,0.38599109649658203,0.04299993813037872,-0.05141470208764076,0.019120067358016968,0.007321888115257025,0.7743510603904724,-0.4489389657974243,0.38599109649658203,0.04299993813037872,-0.05141470208764076,0.019120067358016968,1.0,-0.09686105143675539,0.24388014257954665,1.087153112493405,0.05666512058187333,0.19763682182791303,0.9024998346667837,4.180223131307571,0.0,0.0,8,0.0436
105,0,0.0,-0.0768952008854649,0.26931472019098196,1.1428531890819276,0.9857676027845836,-0.1613175522367004,-0.015520995462916971,-0.04469876218122237,0.002080677798012893,-0.0021094998571839162,0.18265903100079486,0.38833764217501515,0.2530062507097605,-1.8372357350097261,-0.003720231700056594,2.237671841576739,1.5288724066494748,0.8117698431015015,-0.41461920738220215,0.325036883354187,0.035846441984176636,-0.05565347522497177,0.02884482592344284,-0.00814043078571558,0.8117698431015015,-0.41461920738220215,0.325036883354187,0.035846441984176636,-0.05565347522497177,0.02884482592344284,1.0,-0.08600074577172227,0.2374761729319039,1.0900457267560029,0.05666512058187333,0.19763682182791303,0.9024998346667837,4.172578092621659,0.0,0.0,8,0.041
106,0,0.0,-0.06653976903033552,0.26275874395937787,1.1470303131754112,0.9859438049640881,-0.15937812898988468,-0.012171469867389482,-0.04863415234057887,0.002085082403276711,-0.0021038187539103212,0.17563850323137026,0.3979863675833719,0.24450381661106807,-1.8121175734964308,0.0019007224937820939,2.2309962480698875,1.5053171494339113,0.8738630414009094,-0.37707751989364624,0.17617599666118622,0.03318518400192261,-0.04515868425369263,0.04189145937561989,-0.00995225366204977,0.8738630414009094,-0.37707751989364624,0.17617599666118622,0.03318518400192261,-0.04515868425369263,0.04189145937561989,1.0,-0.07511778677287448,0.23123838987735904,1.0939387610256317,0.05666512058187333,0.19763682182791303,0.9024998346667837,4.171488535011879,0.0,0.0,8,0.0414
107,0,0.0,-0.056063770640711115,0.25677109653303964,1.1499614446535067,0.9861914319961353,-0.15686144979411704,-0.008361961186263745,-0.05245019190639854,0.002089938569458608,-0.0020977266559428047,0.1693992070586551,0.4109038447064582,0.2364840043188628,-1.7859218703316098,0.006149546721754298,2.2269487858468042,1.4824317350298706,0.9026064276695251,-0.36347442865371704,0.1187310665845871,0.035093680024147034,-0.023243892937898636,0.05046533793210983,-0.01356622762978077,0.9026064276695251,-0.36347442865371704,0.1187310665845871,0.035093680024147034,-0.023243892937898636,0.05046533793210983,1.0,-0.0640303987909742,0.22554356663201824,1.0965974645179972,0.05666512058187333,0.19763682182791303,0.9024998346667837,4.17214470176228,0.0,0.0,8,0.0416
108,1,0.0534,-0.04552895708089035,0.2512797891174315,1.1512362771851896,0.9864780280684875,-0.15388120312250664,-0.004866454788090918,-0.05619602371585223,0.002094742588487578,-0.002091792956592719,0.16379128065729825,0.42763320722924686,0.22885899449052555,-1.7582285511604354,0.010145339212256558,2.224378595416953,1.4595307939601387,0.9303640127182007,-0.20426790416240692,0.17389221489429474,0.020859897136688232,-0.035271186381578445,0.02925139293074608,-0.008728940971195698,0.9303640127182007,-0.20426790416240692,0.17389221489429474,0.020859897136688232,-0.035271186381578445,0.02925139293074608,1.0,-0.05287910519869623,0.22034283390347575,1.0976117997151846,0.05666512058187333,0.19763682182791303,0.9024998346667837,4.171859548544353,0.0,0.0,8,0.041
109,0,0.0,-0.034645282030706326,0.2465209833251501,1.1520968231595805,0.9866956918463371,-0.15106906359518713,-0.0009761238471304862,-0.0600732627596161,0.0021013563291980533,-0.0020840679265772054,0.15896532786567397,0.4468835240846807,0.22186793524778065,-1.7277925507682326,0.013522525685051336,2.2224793513075727,1.4385628694549415,0.9413618445396423,-0.19103457033634186,0.05778227746486664,0.005682571791112423,-0.0003643287345767021,0.023148436099290848,0.0024370835162699223,0.9413618445396423,-0.19103457033634186,0.05778227746486664,0.005682571791112423,-0.0003643287345767021,0.023148436099290848,1.0,-0.04134798072175028,0.21589030777957985,1.098208174531829,0.05666512058187333,0.19763682182791303,0.9024998346667837,4.17086803597604,0.0,0.0,8,0.0416
110,0,0.0,-0.023836613138336783,0.2424188072738066,1.1520407601733214,0.9868192760259853,-0.14892823265830651,0.002530458053912627,-0.06325895006130877,0.0021064764739751308,-0.0020778956302497805,0.15513219984443685,0.4690466877996917,0.21545309102449672,-1.6949576567093554,0.015367984478781023,2.2196229780492316,1.421196621044669,0.9681540727615356,-0.1821843534708023,0.008693799376487732,0.00603281706571579,0.00534594152122736,0.019998624920845032,0.0010251326020807028,0.9681540727615356,-0.1821843534708023,0.008693799376487732,0.00603281706571579,0.00534594152122736,0.019998624920845032,1.0,-0.02998410290593627,0.21203813230539378,1.0979434352639272,0.05666512058187333,0.19763682182791303,0.9024998346667837,4.170608019242701,0.0,0.0,8,0.0422
111,0,0.0,-0.012994681284966638,0.2387590012716402,1.1508466069689547,0.9868764886051874,-0.1473437223685397,0.005459538331534883,-0.06583932835383247,0.0021120448137019474,-0.0020712040995797447,0.15213231047070133,0.49446435320917476,0.20934338064781896,-1.659315036447715,0.016163531308449802,2.215783369797516,1.4064169751501026,0.9867558479309082,-0.24219243228435516,-0.02072368562221527,0.0046762023121118546,-0.0035115950740873814,0.017428427934646606,-0.007202713750302792,0.9867558479309082,-0.24219243228435516,-0.02072368562221527,0.0046762023121118546,-0.0035115950740873814,0.017428427934646606,1.0,-0.018697266251614005,0.2085846960266652,1.0965850136727247,0.05666512058187333,0.19763682182791303,0.9024998346667837,4.168167601292698,0.0,0.0,8,0.0419
112,1,0.0533,-0.0017997999540552193,0.23509426780663062,1.1491594929467217,0.9868807772276522,-0.14618919621728255,0.008425080504139548,-0.0680005034274554,0.0021165793822199904,-0.002065447123838689,0.14967079193892266,0.5222086953930748,0.2029949564685712,-1.6206648071015595,0.016156494201678435,2.2110221428813865,1.393099223452317,0.9431722164154053,-0.15814264118671417,-0.08595534414052963,0.0009145871736109257,-0.010149559937417507,0.0347849540412426,-0.01172647625207901,0.9431722164154053,-0.15814264118671417,-0.08595534414052963,0.0009145871736109257,-0.010149559937417507,0.0347849540412426,1.0,-0.007087811709127714,0.2050900859035457,1.094762962490054,0.05666512058187333,0.19763682182791303,0.9024998346667837,4.163287092343017,0.0,0.0,8,0.0429
113,0,0.0,0.009415976209769996,0.23180864127368955,1.1470067337345056,0.9869568917029016,-0.14457091063668953,0.011326696980777767,-0.06990745062817068,0.0021224646856205583,-0.0020582760484369137,0.14787292073629615,0.5518917837378314,0.19702806460278496,-1.5796132080214742,0.015677307467973772,2.205441300458784,1.3798327333244473,0.9474337100982666,-0.14317266643047333,-0.1760958731174469,-0.001122129149734974,0.020039886236190796,0.03153498098254204,-0.006555473431944847,0.9474337100982666,-0.14317266643047333,-0.1760958731174469,-0.001122129149734974,0.020039886236190796,0.03153498098254204,1.0,0.0045650690584488,0.2019378918177143,1.0924962005805663,0.05666512058187333,0.19763682182791303,0.9024998346667837,4.153664109817769,0.0,0.0,8,0.0416
114,0,0.0,0.020291699788933377,0.22908758448697508,1.1437619300479314,0.9870989346407729,-0.14261467234954484,0.01350141004500821,-0.07151545559163064,0.002127250897906619,-0.002051917530920916,0.146794515015087,0.5840522799337127,0.19157953784754364,-1.5366130648116783,0.015083316487306424,2.198777742411329,1.3670243471492025,0.9540762305259705,-0.1127287894487381,-0.2575356066226959,-0.00039008166640996933,0.04675476625561714,0.03100074827671051,-0.006915919482707977,0.9540762305259705,-0.1127287894487381,-0.2575356066226959,-0.00039008166640996933,0.04675476625561714,0.03100074827671051,1.0,0.0158216975441856,0.19932804831846582,1.0891600054485826,0.05666512058187333,0.19763682182791303,0.9024998346667837,4.147403154762097,0.0,0.0,8,0.0413
115,0,0.0,0.030856864228368187,0.2267836113949847,1.1391250409615976,0.9872273588576159,-0.1408681234262561,0.014619184592031799,-0.07296980997127767,0.0021319443765225464,-0.0020454561231952875,0.1463123703672211,0.6192481642590232,0.18645967927446147,-1.4912046957924154,0.014986876498996535,2.1907677905283958,1.3550123213370795,0.9522971510887146,-0.07502532005310059,-0.3434959053993225,0.001167601440101862,0.06297647207975388,0.02850097417831421,-0.00279827369377017,0.9522971510887146,-0.07502532005310059,-0.3434959053993225,0.001167601440101862,0.06297647207975388,0.02850097417831421,1.0,0.026642167487834205,0.1971383995439646,1.0844436556725074,0.05666512058187333,0.19763682182791303,0.9024998346667837,4.139351488643789,0.0,0.0,8,0.0414
116,1,0.0541,0.04121466927846146,0.22493602920028627,1.1331680274376221,0.9873323026582719,-0.13933532084178407,0.014886379539269747,-0.07442437905446801,0.0021365448617489376,-0.0020388529670373494,0.14638698128781238,0.6576635868685508,0.18173139448213066,-1.4428534560939712,0.015385938032944827,2.1815587975149073,1.3437696717307896,0.9413935542106628,-0.18488050997257233,-0.39050281047821045,-0.0007918262854218483,0.017387032508850098,0.01877862587571144,-0.03169586509466171,0.9413935542106628,-0.18488050997257233,-0.39050281047821045,-0.0007918262854218483,0.017387032508850098,0.01877862587571144,1.0,0.03715329307606035,0.19542104196001972,1.0784085513782147,0.05666512058187333,0.19763682182791303,0.9024998346667837,4.12922211841086,0.0,0.0,8,0.043
117,0,0.0,0.051936670493383505,0.222659100921199,1.1266825609377087,0.987383097705021,-0.13826031749947076,0.015696221179385114,-0.07557996832540821,0.002139076857741842,-0.0020337528826518663,0.1467120578081518,0.698191994553058,0.1763275003697843,-1.3914304498127799,0.015203282429637706,2.172319952122389,1.3332618989391014,0.932999849319458,-0.2006857842206955,-0.44292116165161133,-0.0013576170895248652,0.02037794142961502,0.018008042126893997,-0.010508207604289055,0.932999849319458,-0.2006857842206955,-0.44292116165161133,-0.0013576170895248652,0.02037794142961502,0.018008042126893997,1.0,0.048046461869142555,0.19324661102093443,1.0718616612197782,0.05666512058187333,0.19763682182791303,0.9024998346667837,4.1144278608627,0.0,0.0,8,0.042
118,0,0.0,0.06277343376694335,0.21986487253148537,1.1197782415496662,0.9874121942876627,-0.1374227842377495,0.017030561167359737,-0.07643361126292365,0.0021419392069570156,-0.00202807182653953,0.1471957671965592,0.7401746917124239,0.17033519752744064,-1.3378432807749114,0.014877551441856363,2.163055152640854,1.3228740412703661,0.9272105097770691,-0.25261151790618896,-0.5096451640129089,0.0003419918939471245,0.04032229259610176,0.014007560908794403,-0.01250410359352827,0.9272105097770691,-0.25261151790618896,-0.5096451640129089,0.0003419918939471245,0.04032229259610176,0.014007560908794403,1.0,0.05909237262338721,0.1905094807934928,1.064916900505146,0.05666512058187333,0.19763682182791303,0.9024998346667837,4.0998234567195695,0.0,0.0,8,0.042
119,0,0.0,0.07326108228591796,0.21673908310590892,1.111953150753579,0.9874274385420956,-0.1368239134318487,0.01800695950529117,-0.07708449738283746,0.0021438813039632906,-0.002022818564810562,0.1477320890544762,0.7839697792872453,0.16404489866644045,-1.2824188966256223,0.015191466312688223,2.1529461448433507,1.3124763900802694,0.9128703474998474,-0.23350055515766144,-0.5319463610649109,-0.0006663938984274864,0.06449266523122787,0.01465621218085289,-0.0005327786784619093,0.9128703474998474,-0.23350055515766144,-0.5319463610649109,-0.0006663938984274864,0.06449266523122787,0.01465621218085289,1.0,0.06973260842208724,0.18742839143472556,1.0570630208875063,0.05666512058187333,0.19763682182791303,0.9024998346667837,4.084240897779123,0.0,0.0,8,0.0414
120,1,0.0537,0.08321932523202555,0.21348273715118843,1.103229494778597,0.9874240704362762,-0.13642367620938073,0.01831499477118028,-0.07776147284551606,0.002146152867402378,-0.0020167545211227707,0.14828330151661634,0.829678086246908,0.15779183513423556,-1.224792667698629,0.01664604647428951,2.1413638052458532,1.3019708358312265,0.9520915150642395,-0.18213696777820587,-0.5679396390914917,-0.013503121212124825,0.017955485731363297,-0.004833855666220188,-0.0014408932765945792,0.9520915150642395,-0.18213696777820587,-0.5679396390914917,-0.013503121212124825,0.017955485731363297,-0.004833855666220188,1.0,0.0797618126252845,0.1842303526888753,1.0483079409400766,0.05666512058187333,0.19763682182791303,0.9024998346667837,4.067037511647268,0.0,0.0,8,0.0428
121,0,0.0,0.09349369909278467,0.21019075846525864,1.0941599306798866,0.9873149378044661,-0.13646165907352775,0.020035435730826678,-0.07865119519840898,0.002148723706204997,-0.002009787211450453,0.14917518594656873,0.8778403509204818,0.15135719345171755,-1.1635882835552511,0.01779921799964878,2.1317711551234506,1.2925592627645748,0.7795198559761047,-0.045142874121665955,-0.6840593218803406,-0.02230892702937126,0.0056383004412055016,-0.0022671669721603394,-0.004392518196254969,0.7795198559761047,-0.045142874121665955,-0.6840593218803406,-0.02230892702937126,0.0056383004412055016,-0.0022671669721603394,1.0,0.09021973019443752,0.18100628789391213,1.039194738274346,0.05666512058187333,0.19763682182791303,0.9024998346667837,4.050846374060052,0.0,0.0,7,0.0418
122,0,0.0,0.10317072460996403,0.20767088171447307,1.0842675981571754,0.9872124066077956,-0.13649821503414816,0.02226274544949637,-0.07927339842081291,0.00215212326674043,-0.0020017692295134894,0.15107822360671677,0.9279404082979203,0.14562225363551137,-1.1005380825396174,0.017833799105569117,2.12292007689065,1.2850337117921562,0.5673352479934692,0.04709772765636444,-0.7035702466964722,-0.012649783864617348,0.012269428931176662,0.0002976302057504654,-0.012734862975776196,0.5673352479934692,0.04709772765636444,-0.7035702466964722,-0.012649783864617348,0.012269428931176662,0.0002976302057504654,1.0,0.10014042535361824,0.17850963664013017,1.0292776559100723,0.05666512058187333,0.19763682182791303,0.9024998346667837,4.031288238897559,0.0,0.0,7,0.0402
123,0,0.0,0.11099933329642332,0.206606422687148,1.0738966950849425,0.9872117297060092,-0.13621113819978942,0.022997132247579717,-0.07956543514349702,0.002155561891695558,-0.0019930339402052786,0.15415908979462142,0.9777777572692876,0.14143911293652708,-1.0376987291312927,0.01752759601345983,2.1110888718365315,1.2794965682384072,0.3218100070953369,0.024409405887126923,-0.7533501386642456,-0.01960507221519947,-0.01306741964071989,-0.0021586138755083084,0.008266231045126915,0.3218100070953369,0.024409405887126923,-0.7533501386642456,-0.01960507221519947,-0.01306741964071989,-0.0021586138755083084,1.0,0.1080716778759955,0.1774537646106038,1.0188969728011195,0.05666512058187333,0.19763682182791303,0.9024998346667837,4.014066183428251,0.0,0.0,7,0.0408
124,1,0.0541,0.11691719857826137,0.2061668546398395,1.0639000958278617,0.9873364849963892,-0.13584107297802106,0.022101309442843144,-0.07890120663251136,0.002156413202922074,-0.0019861443257187896,0.15799309819819593,1.0252755624470002,0.13792246477871598,-0.976411988620238,0.01630769051510154,2.0949099418232615,1.275967318841132,-0.041471242904663086,-0.0070150792598724365,-0.7293280363082886,-0.02497764304280281,-0.1333039104938507,0.02800614759325981,-0.011547883041203022,-0.041471242904663086,-0.0070150792598724365,-0.7293280363082886,-0.02497764304280281,-0.1333039104938507,0.02800614759325981,1.0,0.11391030902315141,0.17694712599533893,1.0089413266868337,0.05666512058187333,0.19763682182791303,0.9024998346667837,4.001785171556104,0.0,0.0,7,0.0408
125,0,0.0,0.12132787537545849,0.2057670789404223,1.0559481800825818,0.9877786711291502,-0.13412292031824985,0.02078741156646794,-0.07663042886477714,0.002157204490148453,-0.001978721922962167,0.1623783885240766,1.0672834106162608,0.1345253529505739,-0.918396812299201,0.012661966190333747,2.074689034073993,1.27209634480025,-0.1628991961479187,0.08266445994377136,-0.8485289812088013,-0.035631414502859116,-0.18866896629333496,0.028994396328926086,-0.0007266224711202085,-0.1628991961479187,0.08266445994377136,-0.8485289812088013,-0.035631414502859116,-0.18866896629333496,0.028994396328926086,1.0,0.11825926553743002,0.1763003306295097,1.0011238055603158,0.05666512058187333,0.19763682182791303,0.9024998346667837,3.994116658615988,0.0,0.0,7,0.0389
126,0,0.0,0.12486883933974252,0.20587343211979134,1.049589755955049,0.9884656796957253,-0.13089254798434985,0.02068631762410975,-0.07331314485810718,0.0021588009954762407,-0.0019707920050021383,0.16764808788758756,1.1045896113056024,0.13142717879142685,-0.8651818263052882,0.006331336707328781,2.0562658525208217,1.2679208387439684,-0.2784443497657776,0.19058603048324585,-0.8882282376289368,-0.05386160686612129,-0.20190948247909546,0.03361113741993904,0.0019268811447545886,-0.2784443497657776,0.19058603048324585,-0.8882282376289368,-0.05386160686612129,-0.20190948247909546,0.03361113741993904,1.0,0.12194482365014629,0.17600599094410546,0.9949710407076784,0.05666512058187333,0.19763682182791303,0.9024998346667837,4.00675939163193,0.0,0.0,7,0.0397
127,0,0.0,0.12741747404203263,0.2070441374023239,1.043098817285668,0.9892567550477286,-0.12701646137697764,0.02140156567401698,-0.0691365613724677,0.002160446214784005,-0.0019634220271591086,0.17427986834643555,1.1390579946547261,0.12884600715146954,-0.8176067358634023,-0.0025136895038798453,2.0416193774078155,1.2652849743623327,-0.2950940430164337,0.2407161295413971,-0.7890229821205139,-0.058171868324279785,-0.16465362906455994,0.0407174676656723,0.0033627361990511417,-0.2950940430164337,0.2407161295413971,-0.7890229821205139,-0.058171868324279785,-0.16465362906455994,0.0407174676656723,1.0,0.12476252183933602,0.1766722763493588,0.9887413448423115,0.05666512058187333,0.19763682182791303,0.9024998346667837,4.016984201382421,0.0,0.0,7,0.0405
128,1,0.0535,0.12877617328211802,0.20938671313745008,1.036671418422651,0.9900954475241148,-0.12288840798334028,0.021956184608979624,-0.06424461014558612,0.0021619377285827246,-0.001956767190467841,0.18220557176540084,1.1704764725956114,0.12693036246986866,-0.7751221755066819,-0.012997581526230642,2.0283219913724064,1.2646612726570723,-0.18363723158836365,-0.013314947485923767,-0.825731098651886,-0.0009571281261742115,-0.05219827592372894,0.0026642251759767532,0.0033998284488916397,-0.18363723158836365,-0.013314947485923767,-0.825731098651886,-0.0009571281261742115,-0.05219827592372894,0.0026642251759767532,1.0,0.12638568337561454,0.1784419965558913,0.9826217288912114,0.05666512058187333,0.19763682182791303,0.9024998346667837,4.028725579314354,0.0,0.0,7,0.0395
129,0,0.0,0.12903679125608528,0.2116465901850501,1.029460067168028,0.990693251840033,-0.12049016576274363,0.020908947757227687,-0.05976467699880993,0.002159497993743808,-0.0019550138658370594,0.18954556090787486,1.2004879349836746,0.12500699508068672,-0.7367550726995946,-0.02094987886611564,2.0150542444296584,1.2663976512209374,-0.2969830632209778,0.006194993853569031,-0.7855862379074097,-0.008510276675224304,-0.041142284870147705,0.008445855230093002,0.0048317937180399895,-0.2969830632209778,0.006194993853569031,-0.7855862379074097,-0.008510276675224304,-0.041142284870147705,0.008445855230093002,1.0,0.12664077520111983,0.180213084032666,0.9756913030680405,0.05666512058187333,0.19763682182791303,0.9024998346667837,4.045973870144356,0.0,0.0,7,0.0405
130,0,0.0,0.12832943031206592,0.2131010603732216,1.0216485471690864,0.9910925963525348,-0.11949428291730352,0.01769851253387191,-0.056065537180682586,0.002157443646704546,-0.00195328058358708,0.19548903008917362,1.229129013791322,0.12288405253601772,-0.7013980116897588,-0.025212108080803722,1.9999263514042473,1.2681399466471273,-0.32511699199676514,0.0005539953708648682,-0.7605535984039307,-0.01641096919775009,-0.04474834352731705,0.007286572828888893,-0.010103750042617321,-0.32511699199676514,0.0005539953708648682,-0.7605535984039307,-0.01641096919775009,-0.04474834352731705,0.007286572828888893,1.0,0.12562682922381843,0.18130598919571803,0.9681051819257793,0.05666512058187333,0.19763682182791303,0.9024998346667837,4.04752926154445,0.0,0.0,7,0.0403
131,0,0.0,0.12714574542683194,0.21406820362956935,1.014293200405603,0.9914680885049058,-0.11852419819044113,0.013826917149079892,-0.05245817650178974,0.0021556742013010928,-0.0019513546079607336,0.2007909042956506,1.2558499236582121,0.12046778079222079,-0.6680995462843382,-0.028216888730315373,1.9838449238517706,1.2690048496283766,-0.32817330956459045,-0.014276325702667236,-0.7375804781913757,-0.019577067345380783,-0.04859469458460808,0.007200002670288086,-0.0061679258942604065,-0.32817330956459045,-0.014276325702667236,-0.7375804781913757,-0.019577067345380783,-0.04859469458460808,0.007200002670288086,1.0,0.12406637271812804,0.18193031967695275,0.9609729756738826,0.05666512058187333,0.19763682182791303,0.9024998346667837,4.050664117002616,0.0,0.0,7,0.0394
132,1,0.0539,0.12584084523510025,0.21467287598983764,1.0073146307737948,0.9918142555846791,-0.11753850831049945,0.010206683496154449,-0.048836513953800696,0.002153945251106215,-0.0019496226715945112,0.20573632540555403,1.281236064627429,0.11766044310852768,-0.6364217177627849,-0.030802078531547702,1.9685118469698513,1.2693997965409263,-0.3172963559627533,-0.04438205063343048,-0.7426823377609253,-0.009484339505434036,-0.059705961495637894,0.009632114320993423,0.0007196873193606734,-0.3172963559627533,-0.04438205063343048,-0.7426823377609253,-0.009484339505434036,-0.059705961495637894,0.009632114320993423,1.0,0.12241383394485196,0.18218683062734495,0.9542245867889595,0.05666512058187333,0.19763682182791303,0.9024998346667837,4.053996630397253,0.0,0.0,7,0.0401
133,0,0.0,0.1245792562046071,0.21506222921803828,1.0005047484274139,0.9921140861566523,-0.11656592596493848,0.007176375783309602,-0.04550301730767486,0.0021522336998335144,-0.0019481202918002272,0.21033046132301297,1.3058640049839663,0.11462085168868232,-0.6061029349146966,-0.03280318232432234,1.9550988498736848,1.2693231145440336,-0.37827563285827637,-0.05750167369842529,-0.7762603163719177,-0.0158240869641304,-0.06000090390443802,0.011739913374185562,0.006765433587133884,-0.37827563285827637,-0.05750167369842529,-0.7762603163719177,-0.0158240869641304,-0.06000090390443802,0.011739913374185562,1.0,0.12086873264547014,0.18225157005145962,0.9476311882442395,0.05666512058187333,0.19763682182791303,0.9024998346667837,4.056668371427529,0.0,0.0,7,0.0393
134,0,0.0,0.12303905072788193,0.21518061844249783,0.9934896323849094,0.992403627908862,-0.11552405471643551,0.003981774131710759,-0.04211148976189228,0.0021497607505661623,-0.0019475764652926214,0.21460065364241987,1.3298664180500759,0.11133642097738088,-0.5774180745513483,-0.034417094618158055,1.9422030209459085,1.2687785942352887,-0.43643760681152344,-0.03568989038467407,-0.8207968473434448,-0.010312555357813835,-0.05161916837096214,0.009779846295714378,-0.0018198346951976418,-0.43643760681152344,-0.03568989038467407,-0.8207968473434448,-0.010312555357813835,-0.05161916837096214,0.009779846295714378,1.0,0.11903897841077489,0.18204259639916576,0.9408400893071782,0.05666512058187333,0.19763682182791303,0.9024998346667837,4.057307737274907,0.0,0.0,7,0.0391
135,0,0.0,0.12093650594914797,0.21532939607922752,0.9861014537564511,0.9926781402112353,-0.11442667234928577,4.813127002999129e-05,-0.03868648711386595,0.0021478763608668377,-0.0019467199322005541,0.21878778600086593,1.3533339864564102,0.10812710046161418,-0.5504532686357775,-0.03544125134918866,1.9290778077238266,1.268116418328179,-0.5063398480415344,0.004781290888786316,-0.8379382491111755,-0.01621755212545395,-0.05031300336122513,0.007477156817913055,0.003659365698695183,-0.5063398480415344,0.004781290888786316,-0.8379382491111755,-0.01621755212545395,-0.05031300336122513,0.007477156817913055,1.0,0.11657692129271283,0.18186833100351346,0.9336827598626203,0.05666512058187333,0.19763682182791303,0.9024998346667837,4.059048773931219,0.0,0.0,7,0.0393
136,1,0.0535,0.11823638795653807,0.21572841291130734,0.9784387332199816,0.9929166868604775,-0.11337727330356123,-0.004633842027881252,-0.035221788147702805,0.0021459509703571113,-0.0019460293943701478,0.22316724279763708,1.376253090933184,0.10506091692638801,-0.5249606491924296,-0.03606004880086499,1.9154616173003172,1.2678709219824231,-0.4527176022529602,0.07564955949783325,-0.5132749676704407,-0.0011285687796771526,-0.01465461403131485,0.0018579252064228058,0.012276201508939266,-0.4527176022529602,0.07564955949783325,-0.5132749676704407,-0.0011285687796771526,-0.01465461403131485,0.0018579252064228058,1.0,0.11344060653716384,0.18195194162296274,0.9262586016443299,0.05666512058187333,0.19763682182791303,0.9024998346667837,4.057577283597878,0.0,0.0,7,0.0481
137,0,0.0,0.11521059998715465,0.2168098889587402,0.9723612635806287,0.993083419276421,-0.11244784701908811,-0.009824324279507064,-0.03231542528690444,0.002183706337725598,-0.0019816964730866187,0.22792498665731342,1.3969796141176432,0.10262422100242843,-0.49921473014880213,-0.03558144980974852,1.898927685866565,1.2682796452701126,-0.5156792402267456,0.0645323172211647,-0.4550292491912842,-0.0008357623592019081,-0.007962958887219429,0.0007706265896558762,0.005192314274609089,-0.5156792402267456,0.0645323172211647,-0.4550292491912842,-0.0008357623592019081,-0.007962958887219429,0.0007706265896558762,1.0,0.11033811609939699,0.18212226982030646,0.9207306523345907,0.05828408492206373,0.19824152351579605,0.9079116767500517,4.6591292640660695,0.0,0.0,8,0.049
138,0,0.0,0.11183123588158075,0.21821936997970776,0.9682989567444895,0.9931676954883986,-0.11175109862473726,-0.01590413273337169,-0.02960876823555581,0.002259834199011801,-0.0020325670392479984,0.23293834359908547,1.4152108437757238,0.10009994660936608,-0.4728201398748933,-0.03385449646015733,1.877692733500465,1.2692883438946891,-0.6064777970314026,0.04621562361717224,-0.42523080110549927,-0.003015589201822877,-0.0026829326525330544,0.0009078215807676315,0.0016868831589818,-0.6064777970314026,0.04621562361717224,-0.42523080110549927,-0.003015589201822877,-0.0026829326525330544,0.0009078215807676315,1.0,0.10680253486006008,0.18287253958057625,0.9171081721053497,0.0610717645691019,0.19889788156190724,0.9129672703136289,5.8068284318060055,0.0,0.0,7,0.048
139,0,0.0,0.1078992226657398,0.21954704779326872,0.9653874674374684,0.9931862383095035,-0.1111087400858522,-0.023217533793985758,-0.026398674846981884,0.002375677965107338,-0.0021560019167894857,0.23783929992252453,1.4299382403852052,0.09739881367221635,-0.4494963843819904,-0.03184828901748957,1.8533421664065588,1.2707034991341335,-0.6489760875701904,0.026815518736839294,-0.456961989402771,0.00021218648180365562,-0.0021789129823446274,0.0026154611259698868,-0.009613639675080776,-0.6489760875701904,0.026815518736839294,-0.456961989402771,0.00021218648180365562,-0.0021789129823446274,0.0026154611259698868,1.0,0.10340423075125038,0.18355316130150295,0.9146143728558266,0.06254218029346734,0.1985114421339898,0.9160920869441851,8.28509245797538,0.0,0.0,7,0.0445
140,1,0.0537,0.10373304200225975,0.22085053686225373,0.9634954626391138,0.993131029213947,-0.11044970155816358,-0.031022507257972107,-0.023004918638990145,0.002576666339917019,-0.002783272212324014,0.2420398198655922,1.4430396297967862,0.09724431447715248,-0.4266743563100177,-0.03231968834553114,1.8268205689145378,1.2727054798423303,-0.688994288444519,0.1080671176314354,-0.4510447382926941,-0.02713383361697197,-0.0712483823299408,0.015366632491350174,2.2527632609126158e-05,-0.688994288444519,0.1080671176314354,-0.4510447382926941,-0.02713383361697197,-0.0712483823299408,0.015366632491350174,1.0,0.10113024791123931,0.18408475737048022,0.9133853492327639,0.0598054191187987,0.1967203600485347,0.9142171925869095,11.454575681332347,0.0,0.0,6,0.0514
141,0,0.0,0.09994376107809344,0.22229410846641157,0.9624700754316039,0.993124570645036,-0.10924857306438229,-0.037428351009710405,-0.019169115921243634,0.0030526319456894175,-0.0033700239311672195,0.24678475441231593,1.4557561332068214,0.09727834991663012,-0.40293663805809693,-0.03490713379352671,1.8014078145417205,1.274561750989844,-0.619978666305542,0.10543863475322723,-0.4213108420372009,-0.018106818199157715,-0.07500540465116501,0.011924736201763153,0.005455569364130497,-0.619978666305542,0.10543863475322723,-0.4213108420372009,-0.018106818199157715,-0.07500540465116501,0.011924736201763153,1.0,0.09943231997795607,0.18479520523167278,0.912981297514903,0.059132614126384334,0.19613388653999508,0.914308760858238,12.507376223975307,0.0,0.0,6,0.0427
142,0,0.0,0.0965368389706629,0.22407378415418097,0.9617057126194399,0.9931762585240067,-0.10770429270405057,-0.04214801018188606,-0.014974981638802199,0.003677170300931695,-0.00375055236997887,0.25233240356928555,1.4688767140098855,0.09723464319729909,-0.3784882442136086,-0.0391400062467241,1.7785373163960099,1.2767580781925165,-0.5657978057861328,0.18315841257572174,-0.371989369392395,-0.014383426867425442,-0.0797155499458313,0.008777095004916191,0.004772566724568605,-0.5657978057861328,0.18315841257572174,-0.371989369392395,-0.014383426867425442,-0.0797155499458313,0.008777095004916191,1.0,0.09817166293088178,0.18587322062826908,0.9127443439537765,0.057262431768039065,0.19444334551440806,0.9143096686499242,16.552438714527288,0.0,0.0,7,0.0464
143,0,0.0,0.09342086615451636,0.2263420801216838,0.9609327667328107,0.9932264423911887,-0.10629527121099841,-0.04556288622112602,-0.01125046009381137,0.004346754304909035,-0.003975789589028214,0.25847286545964754,1.4827276914672909,0.09730080500439629,-0.3533507308121721,-0.04339907410516634,1.7584979756880856,1.2795515260595758,-0.5003207921981812,0.25875863432884216,-0.2982984483242035,-0.008743274956941605,-0.08134829252958298,0.004671560600399971,-4.637931851902977e-06,-0.5003207921981812,0.25875863432884216,-0.2982984483242035,-0.008743274956941605,-0.08134829252958298,0.004671560600399971,1.0,0.09670061333758193,0.18690281163390632,0.9129082093683599,0.055513839749626905,0.19351360290068934,0.9142064633143996,19.425394453573947,0.0,0.0,7,0.0466
144,1,0.0535,0.09054087194690116,0.22940825938852488,0.9603191259665506,0.9932800090327693,-0.10510351896900982,-0.04773454234789122,-0.00833591164956187,0.0046772333266279515,-0.00404649852274775,0.2654225722747022,1.4971868452352761,0.09757410872439344,-0.3273006392832912,-0.047111697246066606,1.7410952905992536,1.2832215669734264,-0.40053480863571167,0.14142459630966187,-0.421966552734375,-0.03209344670176506,-0.06903259456157684,0.0004444178193807602,0.0023419498465955257,-0.40053480863571167,0.14142459630966187,-0.421966552734375,-0.03209344670176506,-0.06903259456157684,0.0004444178193807602,1.0,0.09424087384484317,0.18886358581427473,0.9132012168215897,0.05337234008986164,0.19443058143173145,0.9143466581536005,14.352849643684078,0.0,0.0,7,0.0507
145,0,0.0,0.08788465190201214,0.2321795059770836,0.9586905376802406,0.993323907333214,-0.10444551711906264,-0.04872176416429045,-0.004993873318973257,0.0046712636815617065,-0.004068829301940134,0.27248386041126077,1.5132720051891138,0.09691654974858094,-0.30141209138328606,-0.05165982702646058,1.7272892707027931,1.2879404695453278,-0.38531494140625,0.13858485221862793,-0.3506569266319275,-0.010523524135351181,-0.08293467015028,0.000599907711148262,0.019892029464244843,-0.38531494140625,0.13858485221862793,-0.3506569266319275,-0.010523524135351181,-0.08293467015028,0.000599907711148262,1.0,0.09013252571389453,0.19033860705167097,0.9126304061154492,0.05224043571760418,0.19588851531422602,0.9120212763706754,11.55800569647322,0.0,0.0,7,0.0507
146,0,0.0,0.08545387646036835,0.23466813491150607,0.9564435934056819,0.9933693335641703,-0.10407318936670079,-0.04881499446551275,-0.0017985284679259,0.004567474411473752,-0.004063928666772844,0.27935904689490754,1.5305040468769173,0.0957979030697108,-0.2751415698039573,-0.05594371168671939,1.715988900841039,1.2927123950933417,-0.4121323227882385,0.18107765913009644,-0.29476845264434814,-0.0024628674145787954,-0.0894922986626625,0.0029869787395000458,-0.029929112643003464,-0.4121323227882385,0.18107765913009644,-0.29476845264434814,-0.0024628674145787954,-0.0894922986626625,0.0029869787395000458,1.0,0.08635297483762092,0.19125847147642458,0.9118305491977541,0.053515214646706666,0.1986654346593815,0.9086046684971328,14.05846812198234,0.0,0.0,6,0.0496
147,0,0.0,0.0829363143280674,0.23748682321571152,0.954686075854478,0.9934193059509384,-0.10361248872377177,-0.04880778421933543,0.0005787434837984419,0.0041766087310890114,-0.003802174941524794,0.2863881760978356,1.5479462726283861,0.09488269240995359,-0.24745337871170991,-0.058915403805991494,1.7041980530249337,1.2970674918082103,-0.4865448474884033,0.12905985116958618,-0.2225315272808075,-0.0037392834201455116,-0.07529846578836441,0.005641832947731018,0.0022997260093688965,-0.4865448474884033,0.12905985116958618,-0.2225315272808075,-0.0037392834201455116,-0.07529846578836441,0.005641832947731018,1.0,0.08017161733871338,0.19317984860312673,0.9109763493978058,0.0551379184316844,0.20123216721233467,0.9056586211309059,0.7704362129398116,0.0,0.0,3,0.0468
148,1,0.0536,0.07975329148650284,0.24028635523638583,0.9535260640800536,0.9934152709613793,-0.10304200499029659,-0.049988262918702536,0.003101322085551264,0.003099690080243234,-0.002995929181136719,0.29356662472011447,1.5653198799387287,0.09385793307789808,-0.21797923287714535,-0.061064204192463806,1.6880829408346747,1.3011298150076736,-0.6149373054504395,0.08378146588802338,-0.5565336346626282,-0.03974049910902977,-0.045707762241363525,0.03554776683449745,-0.004025036469101906,-0.6149373054504395,0.08378146588802338,-0.5565336346626282,-0.03974049910902977,-0.045707762241363525,0.03554776683449745,1.0,0.07326953073399002,0.19612079821000583,0.909284513226794,0.05572647754983501,0.20177272127331294,0.9022305686870844,3.516639519989,0.0,0.0,7,0.0487
