step,query,infer_s,eef_x,eef_y,eef_z,eef_qx,eef_qy,eef_qz,eef_qw,gripper_q0,gripper_q1,joint_0,joint_1,joint_2,joint_3,joint_4,joint_5,joint_6,act_raw_0,act_raw_1,act_raw_2,act_raw_3,act_raw_4,act_raw_5,act_raw_6,act_env_0,act_env_1,act_env_2,act_env_3,act_env_4,act_env_5,act_env_6,cookies_1_x,cookies_1_y,cookies_1_z,plate_1_x,plate_1_y,plate_1_z,akita_black_bowl_1_x,akita_black_bowl_1_y,akita_black_bowl_1_z,force_cookies_1,force_plate_1,force_akita_black_bowl_1,force_other,n_contacts,sim_s
0,1,10.3761,-0.2093685498908786,-0.004006983696766443,1.1850137400208731,0.9996137864851563,0.0001384282048640939,-0.027786244580451945,0.00042815716092482053,0.03872000512694163,-0.03872555376600945,0.0034300533516926596,-0.18247353480082354,-0.011738461152762834,-2.434199668530334,-0.004229249089676735,2.1961572734051305,0.7801334952411622,-0.024707794189453125,0.012429684400558472,-0.006377890706062317,0.024826999753713608,-0.07640480995178223,0.004896009340882301,1.0269936323165894,-0.024707794189453125,0.012429684400558472,-0.006377890706062317,0.024826999753713608,-0.07640480995178223,0.004896009340882301,-1.0,0.07668303942933519,0.03753319957690388,0.9093707017852415,0.07160355689605477,0.20039042799177917,0.9024995673059236,-0.07499154926823225,0.01496110988186804,0.8984038567263857,0.0,0.0,0.0,0.0,0,0.0376
1,0,0.0,-0.2087866690613562,-0.003789367572633789,1.1855348018835805,0.9996569660762575,0.00024301325992043266,-0.0261871777782624,-0.0003504850589331372,0.03884977951107315,-0.038840306437844835,0.0032383859998514884,-0.183186700382885,-0.0115397764256458,-2.4341315015631118,-0.0021468672456509993,2.1987779683216866,0.7786431806221201,0.003003820776939392,0.12495426833629608,-0.0157528817653656,0.010596767999231815,-0.10092628002166748,0.0049122404307127,0.9797781109809875,0.003003820776939392,0.12495426833629608,-0.0157528817653656,0.010596767999231815,-0.10092628002166748,0.0049122404307127,-1.0,0.07668303942933519,0.03753319957690388,0.9093708859853114,0.07160355690522885,0.20039042802178733,0.9024997617621902,-0.07499154925425672,0.014961109872024933,0.8984040701014814,0.0,0.0,0.0,0.0,0,0.0358
2,0,0.0,-0.2076591482708656,-0.0029749995078337983,1.1863910483425477,0.9997449074161988,0.0006444017792613943,-0.02252684060812691,-0.0014987641368625513,0.03893120901192354,-0.03889695939621714,0.0033522993629793154,-0.18480562407274506,-0.010501682036123202,-2.4350754175448204,0.0009992686532834928,2.2055318205547496,0.7770256746746651,0.04473448544740677,0.20121216773986816,-0.0006930232048034668,0.006170468404889107,-0.12512502074241638,5.509890615940094e-05,0.988122284412384,0.04473448544740677,0.20121216773986816,-0.0006930232048034668,0.006170468404889107,-0.12512502074241638,5.509890615940094e-05,-1.0,0.07668303942933519,0.03753319957690388,0.9093709361035469,0.07160355690737832,0.20039042803073073,0.9024998147869767,-0.0749915492500775,0.014961109868808383,0.8984041283326119,0.0,0.0,0.0,0.0,0,0.0358
3,0,0.0,-0.20613597789517468,-0.0012663524541739815,1.1873048071858034,0.9998483736659031,0.0011607069203249387,-0.017209666265399087,-0.002389523828305219,0.03898605610918416,-0.03894229650315231,0.003883199211169557,-0.18694614155101383,-0.007785738181832846,-2.437198379944009,0.004033400989053868,2.2162705333004524,0.7773095235076714,0.2377600222826004,0.3306180238723755,0.03002464771270752,-0.01781284809112549,-0.12439209222793579,-0.005831552669405937,1.0049693584442139,0.2377600222826004,0.3306180238723755,0.03002464771270752,-0.01781284809112549,-0.12439209222793579,-0.005831552669405937,-1.0,0.07668303942933519,0.03753319957690388,0.9093709497400368,0.0716035569078697,0.20039042803337362,0.9024998292459088,-0.07499154924884087,0.014961109867790673,0.8984041442241787,0.0,0.0,0.0,0.0,0,0.0361
4,1,0.054,-0.20367953181915616,0.0015232664509441753,1.188134400186943,0.999945321167375,0.0016381150374664144,-0.010003875288163568,-0.0025678266720629388,0.039034349845590004,-0.03898472491803462,0.004929319159861871,-0.18782489245519074,-0.0027764276628311135,-2.439234647561383,0.005826704357409207,2.232000862851068,0.7811717085325429,0.45185160636901855,0.3803994357585907,0.07375828921794891,0.0012816344387829304,-0.13909529149532318,0.0016947276890277863,1.0173395872116089,0.45185160636901855,0.3803994357585907,0.07375828921794891,0.0012816344387829304,-0.13909529149532318,0.0016947276890277863,-1.0,0.07668303942933519,0.03753319957690388,0.909370953450342,0.07160355690797814,0.20039042803414908,0.9024998331886069,-0.07499154924847806,0.014961109867476,0.8984041485610657,0.0,0.0,0.0,0.0,0,0.037
5,0,0.0,-0.19955037812032617,0.005647030758672867,1.1888451309442378,0.9999941300620008,0.0021530154131065293,-0.0006717665536890719,-0.002579359585210767,0.039080380611344494,-0.03902458304740279,0.006587395014953856,-0.18532075292983893,0.004519921291354502,-2.439178843064676,0.007748314841310701,2.2533163384536943,0.7876879508503136,0.7007089853286743,0.5021127462387085,0.0052846819162368774,-0.0049973661080002785,-0.14307686686515808,-0.003106415271759033,1.004555344581604,0.7007089853286743,0.5021127462387085,0.0052846819162368774,-0.0049973661080002785,-0.14307686686515808,-0.003106415271759033,-1.0,0.07668303942933519,0.03753319957690388,0.9093709544598664,0.07160355690800085,0.2003904280343753,0.9024998342637116,-0.07499154924837238,0.014961109867380369,0.8984041497446229,0.0,0.0,0.0,0.0,0,0.0355
6,0,0.0,-0.1933113757643514,0.011029114060636282,1.188815315780512,0.9999380981115006,0.0026854097596569204,0.010411574822099534,-0.0028614033795011703,0.03912433623932881,-0.03906197674720573,0.008782639489875807,-0.17652894637313016,0.013719531070964583,-2.4357493163685446,0.010181492391100859,2.281025123435433,0.7962519187598537,0.7567616105079651,0.5565592646598816,-0.016256198287010193,-0.013325394131243229,-0.14340823888778687,-0.003695392981171608,1.0024875402450562,0.7567616105079651,0.5565592646598816,-0.016256198287010193,-0.013325394131243229,-0.14340823888778687,-0.003695392981171608,-1.0,0.07668303942933519,0.03753319957690388,0.9093709547345443,0.0716035569080052,0.20039042803444096,0.9024998345568738,-0.0749915492483418,0.014961109867351698,0.8984041500676215,0.0,0.0,0.0,0.0,0,0.0355
7,0,0.0,-0.18554656969990474,0.01743732268599639,1.1877803180500677,0.9997499956365232,0.003080916337477535,0.021956615393917925,-0.002891577378530791,0.03916632165669864,-0.03909771778715353,0.011336968637763177,-0.16169093926519576,0.02459158057469227,-2.4290136473179538,0.011202084886513785,2.312289448409308,0.8080266960137356,0.7842367887496948,0.5692086219787598,-0.02657465636730194,-0.02761361375451088,-0.1240265890955925,-0.0009081605821847916,1.0005851984024048,0.7842367887496948,0.5692086219787598,-0.02657465636730194,-0.02761361375451088,-0.1240265890955925,-0.0009081605821847916,-1.0,0.07668303942933519,0.03753319957690388,0.9093709548092807,0.07160355690800589,0.2003904280344599,0.9024998346368139,-0.07499154924833296,0.014961109867343187,0.8984041501557689,0.0,0.0,0.0,0.0,0,0.0354
8,1,0.0538,-0.17719283877462472,0.024349144655257244,1.1862019083120636,0.9994536873497661,0.00339915269481994,0.03279382786737035,-0.002310293859482504,0.039205994999442224,-0.039132432979367776,0.013958722856155596,-0.14313453355153455,0.03635484155651205,-2.4193821112392437,0.00924370278606728,2.3428503546951207,0.8229565600319039,0.6145597696304321,0.6412108540534973,0.012185126543045044,0.0010961433872580528,-0.12035006284713745,0.0013638101518154144,0.9949684739112854,0.6145597696304321,0.6412108540534973,0.012185126543045044,0.0010961433872580528,-0.12035006284713745,0.0013638101518154144,-1.0,0.07668303942933519,0.03753319957690388,0.9093709548296153,0.0716035569080059,0.2003904280344653,0.9024998346586124,-0.07499154924833043,0.014961109867340686,0.8984041501798249,0.0,0.0,0.0,0.0,0,0.0376
9,0,0.0,-0.16932320087008793,0.03217934916611542,1.1848699686638182,0.9991040147750925,0.003820948777152444,0.042096982492599466,-0.0021004941680656305,0.0392462885070002,-0.03916333304149282,0.01688720253455615,-0.12469457347726404,0.04918464733429588,-2.4080426723006507,0.007241930296650574,2.368460966333225,0.839201307564288,0.650859534740448,0.6377279758453369,-0.0009404867887496948,0.0009163571521639824,-0.12420187890529633,-0.0009232796728610992,0.9952265620231628,0.650859534740448,0.6377279758453369,-0.0009404867887496948,0.0009163571521639824,-0.12420187890529633,-0.0009232796728610992,-1.0,0.07668303942933519,0.03753319957690388,0.9093709548351483,0.0716035569080059,0.20039042803446683,0.9024998346645562,-0.07499154924832971,0.014961109867339957,0.8984041501863897,0.0,0.0,0.0,0.0,0,0.0367
10,0,0.0,-0.16167689284706618,0.040540266351752466,1.184119511605713,0.9986920317169385,0.004045399950110884,0.05090732827312803,-0.0025108668680146815,0.03928368653862088,-0.0391940712520201,0.019914414698509273,-0.10674654227404712,0.06222007423741574,-2.3952843560310835,0.005386053145044749,2.391348918765294,0.8561595597112238,0.6781445145606995,0.62989741563797,-0.01736639440059662,0.0004903734661638737,-0.11989899724721909,-0.0014375019818544388,1.0002433061599731,0.6781445145606995,0.62989741563797,-0.01736639440059662,0.0004903734661638737,-0.11989899724721909,-0.0014375019818544388,-1.0,0.07668303942933519,0.03753319957690388,0.9093709548366535,0.0716035569080059,0.20039042803446727,0.9024998346661771,-0.0749915492483295,0.014961109867339744,0.8984041501881814,0.0,0.0,0.0,0.0,0,0.0364
11,0,0.0,-0.1537303460664681,0.04885108379571161,1.18332784171418,0.9982045466266226,0.004069403580847397,0.0596830248653127,-0.003009915507249803,0.03931902307668956,-0.03922395179199243,0.022788399826768863,-0.08737704267605599,0.0747767314006207,-2.380920146814056,0.0020090942138683253,2.413922518481123,0.8739993959755193,0.6886309385299683,0.6257962584495544,-0.03739031404256821,-0.00027754809707403183,-0.11012255400419235,-0.0013469960540533066,1.0021803379058838,0.6886309385299683,0.6257962584495544,-0.03739031404256821,-0.00027754809707403183,-0.11012255400419235,-0.0013469960540533066,-1.0,0.07668303942933519,0.03753319957690388,0.9093709548370635,0.0716035569080059,0.20039042803446727,0.9024998346666192,-0.0749915492483295,0.014961109867339683,0.8984041501886704,0.0,0.0,0.0,0.0,0,0.0364
12,1,0.054,-0.145605520192179,0.05706584350296843,1.182239327249652,0.9976658013419709,0.004041241669419937,0.0680751913965765,-0.003519306006955693,0.0393527691985167,-0.03925262951260601,0.02551496421006335,-0.06635702708958423,0.08679144411749062,-2.3650844507101154,-0.0031006463762320645,2.435813026441535,0.8925311608406435,0.7640058994293213,0.6094730496406555,-0.06430847197771072,0.0014581470750272274,-0.07730406522750854,0.00010467693209648132,1.0175827741622925,0.7640058994293213,0.6094730496406555,-0.06430847197771072,0.0014581470750272274,-0.07730406522750854,0.00010467693209648132,-1.0,0.07668303942933519,0.03753319957690388,0.9093709548371746,0.0716035569080059,0.20039042803446727,0.9024998346667397,-0.0749915492483295,0.01496110986733967,0.8984041501888038,0.0,0.0,0.0,0.0,0,0.0384
13,0,0.0,-0.13723443592298806,0.06515985018435401,1.1805366385655853,0.9971135182139685,0.004001345522561983,0.07570700304343225,-0.004131672681961979,0.0393848772733739,-0.03928027183263705,0.028098305570366928,-0.042742246024172176,0.09812541710764852,-2.347258817629222,-0.009639530588126461,2.4566825804346113,0.9113296353092554,0.771973192691803,0.5950034260749817,-0.0937863439321518,-0.0038360008038580418,-0.062246259301900864,-0.0014016814529895782,1.0033204555511475,0.771973192691803,0.5950034260749817,-0.0937863439321518,-0.0038360008038580418,-0.062246259301900864,-0.0014016814529895782,-1.0,0.07668303942933519,0.03753319957690388,0.9093709548372048,0.0716035569080059,0.20039042803446727,0.9024998346667725,-0.0749915492483295,0.01496110986733967,0.8984041501888405,0.0,0.0,0.0,0.0,0,0.0384
14,0,0.0,-0.12856690713244207,0.07296986588937972,1.178205117279002,0.9965850106788047,0.003934108491266519,0.08234534564864955,-0.004699290447397787,0.03941505539740955,-0.03930728617924235,0.030512677165883056,-0.01647764700423757,0.10853611449825148,-2.32697717390815,-0.0179651626714968,2.475633010883436,0.9303978177487028,0.7610335350036621,0.5869764685630798,-0.11234867572784424,-0.008566342294216156,-0.04555356875061989,-0.0001881830394268036,1.008569359779358,0.7610335350036621,0.5869764685630798,-0.11234867572784424,-0.008566342294216156,-0.04555356875061989,-0.0001881830394268036,-1.0,0.07668303942933519,0.03753319957690388,0.9093709548372132,0.0716035569080059,0.20039042803446727,0.9024998346667815,-0.0749915492483295,0.01496110986733967,0.8984041501888503,0.0,0.0,0.0,0.0,0,0.0384
15,0,0.0,-0.11982467290910916,0.08052501445526491,1.1754942767788017,0.9961080309405601,0.003929247466091246,0.08791010812594119,-0.0050164329312773134,0.03944391140803215,-0.03933317421290301,0.032859736315154826,0.011388560595037067,0.11814775861770137,-2.3045195504389557,-0.028339628722216993,2.4916509292757723,0.9499359565055806,0.7555365562438965,0.5503243207931519,-0.13201938569545746,-0.018534556031227112,-0.030594024807214737,-0.002460537478327751,1.0059912204742432,0.7555365562438965,0.5503243207931519,-0.13201938569545746,-0.018534556031227112,-0.030594024807214737,-0.002460537478327751,-1.0,0.07668303942933519,0.03753319957690388,0.9093709548372153,0.0716035569080059,0.20039042803446727,0.9024998346667837,-0.0749915492483295,0.01496110986733967,0.898404150188853,0.0,0.0,0.0,0.0,0,0.0384
16,1,0.0536,-0.11109114289442827,0.0876658026876188,1.172529581196904,0.9957002552859004,0.003922765700403952,0.0924229789415236,-0.004858651708710977,0.039470615427488316,-0.03935887119717107,0.03516320308690437,0.04029135882251195,0.12675402303435682,-2.280078490269807,-0.04114524692990472,2.5043161412402,0.9701714340315434,0.8770277500152588,0.5095202922821045,-0.19367258250713348,-0.0029326598159968853,-0.008972834795713425,0.002618398517370224,1.0224850177764893,0.8770277500152588,0.5095202922821045,-0.19367258250713348,-0.0029326598159968853,-0.008972834795713425,0.002618398517370224,-1.0,0.07668303942933519,0.03753319957690388,0.9093709548372153,0.0716035569080059,0.20039042803446727,0.9024998346667837,-0.0749915492483295,0.01496110986733967,0.898404150188853,0.0,0.0,0.0,0.0,0,0.0366
17,0,0.0,-0.10179174033114727,0.09462176069560686,1.1689246065511294,0.9953360741793634,0.003876196784621422,0.09626557919721362,-0.004900285453293608,0.039496708323208764,-0.03938293584770547,0.037501719565672,0.07227023998528069,0.13441543405913775,-2.2525066137911702,-0.05444350741462481,2.515526071160053,0.9898105142581751,0.868015468120575,0.5015014410018921,-0.19735601544380188,-0.008074987679719925,-0.0033665532246232033,0.00020476430654525757,1.0148638486862183,0.868015468120575,0.5015014410018921,-0.19735601544380188,-0.008074987679719925,-0.0033665532246232033,0.00020476430654525757,-1.0,0.07668303942933519,0.03753319957690388,0.9093709548372153,0.0716035569080059,0.20039042803446727,0.9024998346667837,-0.0749915492483295,0.01496110986733967,0.898404150188853,0.0,0.0,0.0,0.0,0,0.0362
18,0,0.0,-0.09190863299350348,0.10125726407268484,1.164772760980424,0.9950285941219574,0.003789057417847408,0.09938365251086642,-0.0051603814939737355,0.03952085457496817,-0.039406799564987674,0.039893644318421455,0.10681981642988476,0.14091878225288246,-2.221679297584513,-0.06791345562483037,2.524513177396013,1.00832937922974,0.8521404266357422,0.49485427141189575,-0.20199529826641083,-0.013780694454908371,-0.003693599719554186,-0.0003383420407772064,1.016581416130066,0.8521404266357422,0.49485427141189575,-0.20199529826641083,-0.013780694454908371,-0.003693599719554186,-0.0003383420407772064,-1.0,0.07668303942933519,0.03753319957690388,0.9093709548372153,0.0716035569080059,0.20039042803446727,0.9024998346667837,-0.0749915492483295,0.01496110986733967,0.898404150188853,0.0,0.0,0.0,0.0,0,0.0388
19,0,0.0,-0.0818366986324108,0.10755098022521514,1.160651247203617,0.9947747477240996,0.0037565768801037236,0.10189601090768388,-0.0051276097451456865,0.039543884768755796,-0.03942972426680893,0.04250664593677558,0.14194934672981369,0.14644456892086147,-2.188444237070401,-0.08244817720553711,2.5302395487791003,1.0264887850722304,0.8481124043464661,0.46415889263153076,-0.20839916169643402,-0.016606200486421585,-0.001937774010002613,-0.0003450270742177963,1.016034483909607,0.8481124043464661,0.46415889263153076,-0.20839916169643402,-0.016606200486421585,-0.001937774010002613,-0.0003450270742177963,-1.0,0.07668303942933519,0.03753319957690388,0.9093709548372153,0.0716035569080059,0.20039042803446727,0.9024998346667837,-0.0749915492483295,0.01496110986733967,0.898404150188853,0.0,0.0,0.0,0.0,0,0.0379
20,1,0.0553,-0.07166634651190652,0.11355365324923175,1.1566339484922377,0.9945606804413168,0.003759145799214769,0.10398246666597101,-0.004750617751819307,0.03956563719037407,-0.03945195918321894,0.04544895954408536,0.17724695950195565,0.15107775583993394,-2.15324456151327,-0.09792936668918426,2.5330539977661317,1.044407456887702,0.9072735905647278,0.40416353940963745,-0.310626357793808,-0.02001059241592884,-0.001214412972331047,0.0072960685938596725,1.021898865699768,0.9072735905647278,0.40416353940963745,-0.310626357793808,-0.02001059241592884,-0.001214412972331047,0.0072960685938596725,-1.0,0.07668303942933519,0.03753319957690388,0.9093709548372153,0.0716035569080059,0.20039042803446727,0.9024998346667837,-0.0749915492483295,0.01496110986733967,0.898404150188853,0.0,0.0,0.0,0.0,0,0.0378
21,0,0.0,-0.06108238697949581,0.1191027408810792,1.152086629668078,0.9943650260129314,0.0039029262697874434,0.105858372758736,-0.004119117102767425,0.03958563802864263,-0.039474063096533174,0.048696135479009514,0.21444658673723357,0.1544587283753308,-2.1157664813074413,-0.11422259665984336,2.534862155178496,1.0613493395690332,0.9017218947410583,0.36532288789749146,-0.3015197813510895,-0.013558710925281048,-0.0035886596888303757,0.0003261137753725052,0.9999276995658875,0.9017218947410583,0.36532288789749146,-0.3015197813510895,-0.013558710925281048,-0.0035886596888303757,0.0003261137753725052,-1.0,0.07668303942933519,0.03753319957690388,0.9093709548372153,0.0716035569080059,0.20039042803446727,0.9024998346667837,-0.0749915492483295,0.01496110986733967,0.898404150188853,0.0,0.0,0.0,0.0,0,0.0369
22,0,0.0,-0.050108569807606126,0.12417491288544487,1.1470406464738732,0.9941774400458276,0.004001625281248422,0.10762686315545705,-0.0034151173257584364,0.039604614829324834,-0.03949538934905957,0.05225065008125852,0.2531033462347804,0.15662095750601532,-2.0762376762232613,-0.13042136019014264,2.5357653554766353,1.077094786934972,0.8903737664222717,0.2989951968193054,-0.3187500238418579,-0.013884762302041054,-0.0010730288922786713,-0.00015657208859920502,0.9959201812744141,0.8903737664222717,0.2989951968193054,-0.3187500238418579,-0.013884762302041054,-0.0010730288922786713,-0.00015657208859920502,-1.0,0.07668303942933519,0.03753319957690388,0.9093709548372153,0.0716035569080059,0.20039042803446727,0.9024998346667837,-0.0749915492483295,0.01496110986733967,0.898404150188853,0.0,0.0,0.0,0.0,0,0.0358
23,0,0.0,-0.03909819469478074,0.12867990713229333,1.1418848970002258,0.9940142477941316,0.0038378206735719123,0.10915138538078668,-0.0026308523709396917,0.03962194552793362,-0.03951663700397239,0.056082246784904394,0.29179147743311923,0.1576081485049561,-2.0354928898955658,-0.1457728000336954,2.534948374743652,1.0914734528448389,0.870111346244812,0.20677603781223297,-0.39209529757499695,-0.009978527203202248,-0.0009027933701872826,-0.00040785782039165497,0.9786311388015747,0.870111346244812,0.20677603781223297,-0.39209529757499695,-0.009978527203202248,-0.0009027933701872826,-0.00040785782039165497,-1.0,0.07668303942933519,0.03753319957690388,0.9093709548372153,0.0716035569080059,0.20039042803446727,0.9024998346667837,-0.0749915492483295,0.01496110986733967,0.898404150188853,0.0,0.0,0.0,0.0,0,0.036
24,1,0.0542,-0.028179010168582506,0.13241445185614556,1.1362953116178423,0.9938938332492583,0.0035016227125559962,0.11027141647863307,-0.0017325054889242367,0.03963774001460059,-0.0395377710311872,0.06006353935487587,0.33072083199773317,0.1572880674978636,-1.994101731735655,-0.15985964028087501,2.5329640817686525,1.1038235016428823,0.8166677355766296,0.23598310351371765,-0.3635762631893158,-0.03641152009367943,0.03813837841153145,0.0002871658653020859,1.0025465488433838,0.8166677355766296,0.23598310351371765,-0.3635762631893158,-0.03641152009367943,0.03813837841153145,0.0002871658653020859,-1.0,0.07668303942933519,0.03753319957690388,0.9093709548372153,0.0716035569080059,0.20039042803446727,0.9024998346667837,-0.0749915492483295,0.01496110986733967,0.898404150188853,0.0,0.0,0.0,0.0,0,0.0364
25,0,0.0,-0.017898189257417235,0.13546976506924727,1.1301984997615935,0.9939046589040846,0.003384483936025695,0.11019082118088158,-0.00023917508985926011,0.039652974276061556,-0.03955788627687757,0.06433164478351747,0.3690710475147353,0.15606465842781866,-1.9527336941552795,-0.17318143367291491,2.5277696732484474,1.1142137022107774,0.8283870220184326,0.24683010578155518,-0.3546052873134613,-0.05148134008049965,0.0383773148059845,0.0009336080402135849,1.0125173330307007,0.8283870220184326,0.24683010578155518,-0.3546052873134613,-0.05148134008049965,0.0383773148059845,0.0009336080402135849,-1.0,0.07668303942933519,0.03753319957690388,0.9093709548372153,0.0716035569080059,0.20039042803446727,0.9024998346667837,-0.0749915492483295,0.01496110986733967,0.898404150188853,0.0,0.0,0.0,0.0,0,0.0356
26,0,0.0,-0.007928919301627674,0.13821644475289677,1.124179321122521,0.9939757810445099,0.0036684529343578576,0.10951912242649073,0.002061788775587374,0.039667812371046614,-0.039576885545557564,0.06917525583943843,0.4068563478997504,0.154232558769453,-1.9102133735701095,-0.18684772146074066,2.5194643080627124,1.1236562379153618,0.8238466382026672,0.20564594864845276,-0.3876456618309021,-0.04726513475179672,0.04133876413106918,0.0010779257863759995,0.9751001000404358,0.8238466382026672,0.20564594864845276,-0.3876456618309021,-0.04726513475179672,0.04133876413106918,0.0010779257863759995,-1.0,0.07668303942933519,0.03753319957690388,0.9093709548372153,0.0716035569080059,0.20039042803446727,0.9024998346667837,-0.0749915492483295,0.01496110986733967,0.898404150188853,0.0,0.0,0.0,0.0,0,0.0357
27,0,0.0,0.0020217365561271614,0.14085313443135433,1.1180738960807999,0.9940582597727469,0.004061018529255445,0.1086698522150326,0.004748423490488644,0.039682005616374756,-0.03959508083441035,0.07456903928818447,0.4449987789834596,0.1519345831358153,-1.866078556323884,-0.20017813583240887,2.509372856799777,1.132354797564702,0.7734586000442505,0.1010122001171112,-0.5040148496627808,-0.021629221737384796,0.03928116336464882,-0.0006939936429262161,1.0072181224822998,0.7734586000442505,0.1010122001171112,-0.5040148496627808,-0.021629221737384796,0.03928116336464882,-0.0006939936429262161,-1.0,0.07668303942933519,0.03753319957690388,0.9093709548372153,0.0716035569080059,0.20039042803446727,0.9024998346667837,-0.0749915492483295,0.01496110986733967,0.898404150188853,0.0,0.0,0.0,0.0,0,0.0356
28,1,0.0537,0.011714327108697516,0.14329816768480405,1.1112633793966962,0.9942010511993307,0.004105164958933094,0.10722235698305914,0.007126259734365384,0.039694981538866636,-0.03961310467097697,0.08011335154489638,0.48399808769401753,0.14924596913530344,-1.8212095608636498,-0.21092451411671392,2.498527650020156,1.1393690724230796,0.5245691537857056,0.0841965526342392,-0.395085871219635,-0.005302728153765202,0.025378629565238953,-0.023262491449713707,1.0504837036132812,0.5245691537857056,0.0841965526342392,-0.395085871219635,-0.005302728153765202,0.025378629565238953,-0.023262491449713707,-1.0,0.07668303942933519,0.03753319957690388,0.9093709548372153,0.0716035569080059,0.20039042803446727,0.9024998346667837,-0.0749915492483295,0.01496110986733967,0.898404150188853,0.0,0.0,0.0,0.0,0,0.0371
29,0,0.0,0.020173559009266463,0.14541876648246,1.1049548044010746,0.9944606626540977,0.003223647665342444,0.10466508933315267,0.00910041780273618,0.03970712388608357,-0.03963063312812676,0.0854844812109251,0.5193150646153047,0.14660141754985911,-1.778854360620492,-0.21770139072803762,2.484735033642261,1.1451149374813594,0.41063424944877625,0.038224510848522186,-0.4410272240638733,0.003784460946917534,0.0327041819691658,-0.00873811449855566,0.9932491779327393,0.41063424944877625,0.038224510848522186,-0.4410272240638733,0.003784460946917534,0.0327041819691658,-0.00873811449855566,-1.0,0.07668303942933519,0.03753319957690388,0.9093709548372153,0.0716035569080059,0.20039042803446727,0.9024998346667837,-0.0749915492483295,0.01496110986733967,0.898404150188853,0.0,0.0,0.0,0.0,0,0.0359
30,0,0.0,0.026996113482212432,0.14741825182273036,1.0995528907350818,0.9948229233629483,0.0019830220166920376,0.10104599569003495,0.010636048621911344,0.03971880339821023,-0.03964735226958942,0.09059359656421948,0.5497704989553259,0.1443537563257178,-1.7407494928525107,-0.22074585146491268,2.468742812250589,1.1489266186405125,0.43821755051612854,0.024273619055747986,-0.531221866607666,0.0016824575141072273,0.027560777962207794,-0.002595026046037674,0.976864218711853,0.43821755051612854,0.024273619055747986,-0.531221866607666,0.0016824575141072273,0.027560777962207794,-0.002595026046037674,-1.0,0.07668303942933519,0.03753319957690388,0.9093709548372153,0.0716035569080059,0.20039042803446727,0.9024998346667837,-0.0749915492483295,0.01496110986733967,0.898404150188853,0.0,0.0,0.0,0.0,0,0.0362
31,0,0.0,0.03328675037942602,0.1490242986088541,1.0937921249758746,0.9951581721399885,0.0011568375360897498,0.09758385242364222,0.011673298422987914,0.039729146021429795,-0.03966419033367957,0.09537622618645997,0.5793693464513158,0.14161993030969877,-1.7049151018462356,-0.22172268729380123,2.45514180580429,1.149973756925352,0.4425818920135498,-0.014935821294784546,-0.6569262742996216,0.0013097422197461128,0.017820198088884354,0.0005517732352018356,0.9727732539176941,0.4425818920135498,-0.014935821294784546,-0.6569262742996216,0.0013097422197461128,0.017820198088884354,0.0005517732352018356,-1.0,0.07668303942933519,0.03753319957690388,0.9093709548372153,0.0716035569080059,0.20039042803446727,0.9024998346667837,-0.0749915492483295,0.01496110986733967,0.898404150188853,0.0,0.0,0.0,0.0,0,0.036
32,1,0.0532,0.039622977688075184,0.14998238839533556,1.0867584349021606,0.9954172848533135,0.0006258280919774206,0.09481167155651521,0.012441233504545988,0.03973855105353919,-0.039680801762338735,0.09989529516631593,0.6105013986185958,0.137816848952951,-1.6701118629174605,-0.2220292695428671,2.445835274062257,1.1492196946693265,0.12165361642837524,0.02878214418888092,-0.687750518321991,0.004300421103835106,-0.040857743471860886,-0.03038623183965683,1.0059338808059692,0.12165361642837524,0.02878214418888092,-0.687750518321991,0.004300421103835106,-0.040857743471860886,-0.03038623183965683,-1.0,0.07668303942933519,0.03753319957690388,0.9093709548372153,0.0716035569080059,0.20039042803446727,0.9024998346667837,-0.0749915492483295,0.01496110986733967,0.898404150188853,0.0,0.0,0.0,0.0,0,0.0369
33,0,0.0,0.04495120329963576,0.1504977787505745,1.0794375655416937,0.9956617682699122,-0.0003683173151909358,0.09206872055426983,0.013448354675777728,0.03974816035645762,-0.039696095344738454,0.10440252849237214,0.6390085259672496,0.13349759372791503,-1.6396985600689666,-0.222372751463339,2.4382210433911236,1.1496841209688857,0.09696416556835175,0.0017722249031066895,-0.6845281720161438,-0.003332057036459446,-0.05651490017771721,-0.028737470507621765,0.9999349117279053,0.09696416556835175,0.0017722249031066895,-0.6845281720161438,-0.003332057036459446,-0.05651490017771721,-0.028737470507621765,-1.0,0.07668303942933519,0.03753319957690388,0.9093709548372153,0.0716035569080059,0.20039042803446727,0.9024998346667837,-0.0749915492483295,0.01496110986733967,0.898404150188853,0.0,0.0,0.0,0.0,0,0.0368
34,0,0.0,0.049176668930760205,0.15085033790048877,1.0726695795786048,0.9958139755145675,-0.0019383809617357084,0.09017668308813491,0.01479644134041223,0.03975728135328585,-0.039710811157916935,0.10909973272330507,0.6632866218928196,0.12878023539097783,-1.6151175500777255,-0.22390874495000543,2.433745522633328,1.1527574749918317,0.0762033611536026,0.008190438151359558,-0.7286059856414795,0.0019646999426186085,-0.03691340237855911,-0.030614646151661873,0.9903167486190796,0.0762033611536026,0.008190438151359558,-0.7286059856414795,0.0019646999426186085,-0.03691340237855911,-0.030614646151661873,-1.0,0.07668303942933519,0.03753319957690388,0.9093709548372153,0.0716035569080059,0.20039042803446727,0.9024998346667837,-0.0749915492483295,0.01496110986733967,0.898404150188853,0.0,0.0,0.0,0.0,0,0.0363
35,0,0.0,0.05249846552650115,0.15128877224972553,1.0653647348461155,0.9959097854623808,-0.0036633009343053913,0.08883755124022642,0.016067636297184544,0.03976676649631936,-0.03972414081261176,0.11389175040512943,0.6858232749459205,0.12398537770708115,-1.5952626807618868,-0.22589220759367162,2.433224039120096,1.1572656594047144,0.04210576415061951,-0.011744320392608643,-0.7654222249984741,0.0066833458840847015,-0.015450933948159218,-0.023598624393343925,1.005469560623169,0.04210576415061951,-0.011744320392608643,-0.7654222249984741,0.0066833458840847015,-0.015450933948159218,-0.023598624393343925,-1.0,0.07668303942933519,0.03753319957690388,0.9093709548372153,0.0716035569080059,0.20039042803446727,0.9024998346667837,-0.0749915492483295,0.01496110986733967,0.898404150188853,0.0,0.0,0.0,0.0,0,0.036
36,1,0.0536,0.054796234023188,0.15186001773305252,1.0570422114359188,0.9960323563397384,-0.005380486912370641,0.08718208672165523,0.017025840353731014,0.0397754935177055,-0.03973724914769591,0.1185513509674636,0.7075753596092605,0.1194049088397374,-1.5793040613146696,-0.22723828385412825,2.4353240304982524,1.1619436316312794,-0.007220759987831116,0.04308716207742691,-0.5649037957191467,0.03896524757146835,-0.06548851728439331,-0.059261322021484375,1.0569275617599487,-0.007220759987831116,0.04308716207742691,-0.5649037957191467,0.03896524757146835,-0.06548851728439331,-0.059261322021484375,-1.0,0.07668303942933519,0.03753319957690388,0.9093709548372153,0.0716035569080059,0.20039042803446727,0.9024998346667837,-0.0749915492483295,0.01496110986733967,0.898404150188853,0.0,0.0,0.0,0.0,0,0.0379
37,0,0.0,0.05678595286540136,0.152792479915519,1.0498283336921361,0.9960612743936325,-0.008049268981652147,0.0866542703645466,0.016975993337098618,0.039784574923838134,-0.03974906728981784,0.12290507315289464,0.7259875305231432,0.11539283766849102,-1.5664723592961727,-0.22707243806471883,2.4401091302758013,1.1681816651277004,-0.07851962745189667,-0.008233785629272461,-0.6732982397079468,0.038579776883125305,-0.05238441377878189,-0.04621803015470505,1.029836893081665,-0.07851962745189667,-0.008233785629272461,-0.6732982397079468,0.038579776883125305,-0.05238441377878189,-0.04621803015470505,-1.0,0.07668303942933519,0.03753319957690388,0.9093709548372153,0.0716035569080059,0.20039042803446727,0.9024998346667837,-0.0749915492483295,0.01496110986733967,0.898404150188853,0.0,0.0,0.0,0.0,0,0.0364
38,0,0.0,0.058037794759243005,0.1538139886920025,1.043140858277094,0.996052501938515,-0.011438421303953672,0.08650293722231936,0.01630391830229405,0.0397921038620773,-0.03976154441167955,0.12686199892516634,0.7414278524277955,0.11174470600969513,-1.5579725070893982,-0.2259141820983937,2.447076586299466,1.1754161266690657,-0.03082580864429474,-0.04120728373527527,-0.7607437968254089,0.04039395600557327,-0.04708566516637802,-0.03794129937887192,1.0195883512496948,-0.03082580864429474,-0.04120728373527527,-0.7607437968254089,0.04039395600557327,-0.04708566516637802,-0.03794129937887192,-1.0,0.07668303942933519,0.03753319957690388,0.9093709548372153,0.0716035569080059,0.20039042803446727,0.9024998346667837,-0.0749915492483295,0.01496110986733967,0.898404150188853,0.0,0.0,0.0,0.0,0,0.0359
39,0,0.0,0.05881256239291616,0.15447947071594775,1.035309504245727,0.9960135057184046,-0.014517027691780315,0.08667059076959129,0.01531538537479387,0.039799043507688855,-0.03977375309999152,0.13030751197422202,0.7572293449250618,0.1078273893013602,-1.5524436840215492,-0.22450271745275502,2.458381990562057,1.1817138095464355,-0.07840561866760254,0.059109240770339966,-0.9223718643188477,0.022898681461811066,-0.03344167768955231,-0.02392234280705452,1.0149667263031006,-0.07840561866760254,0.059109240770339966,-0.9223718643188477,0.022898681461811066,-0.03344167768955231,-0.02392234280705452,-1.0,0.07668303942933519,0.03753319957690388,0.9093709548372153,0.0716035569080059,0.20039042803446727,0.9024998346667837,-0.0749915492483295,0.01496110986733967,0.898404150188853,0.0,0.0,0.0,0.0,0,0.0375
40,1,0.0551,0.05908115351314866,0.15512351620190598,1.0255300227521067,0.9959718419577669,-0.016721826369800075,0.08694938927608288,0.014151828667228812,0.039806920625862496,-0.039784201293030445,0.13360741904486245,0.7752112555837113,0.10389381967030142,-1.5488355212713796,-0.22364767618779882,2.4740400754251586,1.1869476957859815,-0.26937901973724365,-0.09632793068885803,-0.680206835269928,0.03288230299949646,-0.13747340440750122,-0.06320536136627197,0.8443636298179626,-0.26937901973724365,-0.09632793068885803,-0.680206835269928,0.03288230299949646,-0.13747340440750122,-0.06320536136627197,-1.0,0.07668303942933519,0.03753319957690388,0.9093709548372153,0.0716035569080059,0.20039042803446727,0.9024998346667837,-0.0749915492483295,0.01496110986733967,0.898404150188853,0.0,0.0,0.0,0.0,0,0.0363
41,0,0.0,0.05910415060920332,0.15489521083529412,1.0170218524760755,0.9957910512289568,-0.0196540924664938,0.08846842909144534,0.013683420469234951,0.039811379995979834,-0.03979728265730905,0.13676401285406067,0.7888827238681844,0.09877377912666845,-1.5492638478137346,-0.22468123738676957,2.491611275856952,1.1948299946069447,-0.3151744306087494,-0.13067810237407684,-0.6305269002914429,0.022613525390625,-0.08692146092653275,-0.047547414898872375,0.993396520614624,-0.3151744306087494,-0.13067810237407684,-0.6305269002914429,0.022613525390625,-0.08692146092653275,-0.047547414898872375,-1.0,0.07668303942933519,0.03753319957690388,0.9093709548372153,0.0716035569080059,0.20039042803446727,0.9024998346667837,-0.0749915492483295,0.01496110986733967,0.898404150188853,0.0,0.0,0.0,0.0,0,0.0357
42,0,0.0,0.05796030257550047,0.15400561411112557,1.0103146249468995,0.9955652451860854,-0.023196730319390124,0.09012149182950735,0.013779368290385705,0.03981759837465491,-0.039807855284486764,0.13966637115975977,0.7960510399340837,0.0933040337865954,-1.5566213849918402,-0.22652150212937663,2.509262059439694,1.204485746882264,-0.2845712900161743,-0.1250016838312149,-0.5196699500083923,0.009194094687700272,-0.04629073292016983,-0.017137790098786354,1.011770486831665,-0.2845712900161743,-0.1250016838312149,-0.5196699500083923,0.009194094687700272,-0.04629073292016983,-0.017137790098786354,-1.0,0.07668303942933519,0.03753319957690388,0.9093709548372153,0.0716035569080059,0.20039042803446727,0.9024998346667837,-0.0749915492483295,0.01496110986733967,0.898404150188853,0.0,0.0,0.0,0.0,0,0.0358
43,0,0.0,0.05559572435108491,0.15307138518615881,1.004029253375328,0.9954122826359191,-0.02561431824729532,0.09110670134858233,0.014066387157121062,0.03982418881594653,-0.0398173321040064,0.14229339770759525,0.7998196295290564,0.08832487671843053,-1.5687147554653182,-0.2285927317609445,2.5269142802273312,1.2124275839060468,-0.15391328930854797,-0.013848364353179932,-0.3817784786224365,-0.001347474753856659,0.0023785633966326714,-0.00037327222526073456,1.0145553350448608,-0.15391328930854797,-0.013848364353179932,-0.3817784786224365,-0.001347474753856659,0.0023785633966326714,-0.00037327222526073456,-1.0,0.07668303942933519,0.03753319957690388,0.9093709548372153,0.0716035569080059,0.20039042803446727,0.9024998346667837,-0.0749915492483295,0.01496110986733967,0.898404150188853,0.0,0.0,0.0,0.0,0,0.0356
44,1,0.0565,0.052886514203354204,0.1526139760160518,0.998226722778709,0.9953057065892879,-0.026516115775726656,0.09200886514217821,0.01406466388556054,0.03983188491152897,-0.0398250112355934,0.14474947479878555,0.8024923650456107,0.0843439294064511,-1.5816804354743994,-0.23047393125114232,2.544393674986216,1.2177239352315234,-0.07449749112129211,-0.04105423390865326,-0.2680998742580414,0.012333429418504238,-0.031756967306137085,-0.08575309067964554,1.0214844942092896,-0.07449749112129211,-0.04105423390865326,-0.2680998742580414,0.012333429418504238,-0.031756967306137085,-0.08575309067964554,-1.0,0.07668303942933519,0.03753319957690388,0.9093709548372153,0.0716035569080059,0.20039042803446727,0.9024998346667837,-0.0749915492483295,0.01496110986733967,0.898404150188853,0.0,0.0,0.0,0.0,0,0.0371
45,0,0.0,0.051084873522028576,0.15184560711979012,0.993619890310797,0.9950539879869291,-0.029161760912406298,0.0939736012799873,0.013642395473849885,0.039836683630587795,-0.03983493105431315,0.14693972082464907,0.8047863865752152,0.07989393939847637,-1.5925136676211447,-0.23165628180014725,2.5617729734410646,1.2256396344947775,-0.17517998814582825,-0.05995504558086395,-0.23733854293823242,-0.0014371857978403568,-0.010654470883309841,-0.04845371097326279,0.9868898987770081,-0.17517998814582825,-0.05995504558086395,-0.23733854293823242,-0.0014371857978403568,-0.010654470883309841,-0.04845371097326279,-1.0,0.07668303942933519,0.03753319957690388,0.9093709548372153,0.0716035569080059,0.20039042803446727,0.9024998346667837,-0.0749915492483295,0.01496110986733967,0.898404150188853,0.0,0.0,0.0,0.0,0,0.037
46,0,0.0,0.049120926797068226,0.1508134987898429,0.9898375322370861,0.9948034853663744,-0.032927475219395874,0.09539257253496014,0.013493108750449408,0.0398425326426468,-0.039843173992034506,0.1490669756923501,0.8053870543006528,0.07547979783096109,-1.6036675253462331,-0.23273321481918907,2.576215683153848,1.2351125827255482,-0.1773761510848999,-0.055081263184547424,-0.13339847326278687,-0.0018828415777534246,0.015615184791386127,-0.028086617588996887,1.0067908763885498,-0.1773761510848999,-0.055081263184547424,-0.13339847326278687,-0.0018828415777534246,0.015615184791386127,-0.028086617588996887,-1.0,0.07668303942933519,0.03753319957690388,0.9093709548372153,0.0716035569080059,0.20039042803446727,0.9024998346667837,-0.0749915492483295,0.01496110986733967,0.898404150188853,0.0,0.0,0.0,0.0,0,0.0364
47,0,0.0,0.04643476800669851,0.15009929830073837,0.9868292649498724,0.9946985106333108,-0.03551304454962678,0.09552557321207472,0.013731768756885549,0.03984888652230928,-0.03985030368100525,0.15111176641666624,0.8036366622000034,0.07209682320255205,-1.6159787075124192,-0.23376151918709853,2.5867824507919703,1.2425531600225554,-0.21650946140289307,-0.10828982293605804,-0.03185722231864929,0.0027929535135626793,-0.00025169365108013153,-0.03226122632622719,0.9844074249267578,-0.21650946140289307,-0.10828982293605804,-0.03185722231864929,0.0027929535135626793,-0.00025169365108013153,-0.03226122632622719,-1.0,0.07668303942933519,0.03753319957690388,0.9093709548372153,0.0716035569080059,0.20039042803446727,0.9024998346667837,-0.0749915492483295,0.01496110986733967,0.898404150188853,0.0,0.0,0.0,0.0,0,0.0369
48,1,0.0539,0.04361204180535658,0.14927466505314668,0.985286496475373,0.9946392187636057,-0.03769529712088737,0.09524609444822278,0.014144630240865829,0.039853650001132224,-0.03985844355042944,0.15276810066918953,0.7988565411672417,0.06917438824412543,-1.6291331257003958,-0.23429599019557298,2.594369950037796,1.2485823068995552,-0.0134173184633255,-0.03768332302570343,0.4809812307357788,0.000897048506885767,0.014849028550088406,-0.04051590710878372,1.0094226598739624,-0.0134173184633255,-0.03768332302570343,0.4809812307357788,0.000897048506885767,0.014849028550088406,-0.04051590710878372,-1.0,0.07668303942933519,0.03753319957690388,0.9093709548372153,0.0716035569080059,0.20039042803446727,0.9024998346667837,-0.0749915492483295,0.01496110986733967,0.898404150188853,0.0,0.0,0.0,0.0,0,0.0381
49,0,0.0,0.04159132790794541,0.14854576981142867,0.987341640724318,0.9944738741155906,-0.04010401484596582,0.09596569741946982,0.014281688049949223,0.03985957056408506,-0.039864873316160794,0.1539750592631914,0.7884437115940363,0.06698963177391032,-1.6420744523956465,-0.23392828454227144,2.5983044313120223,1.25394764951885,-0.02699945867061615,-0.014941871166229248,0.483603298664093,0.0016971607692539692,0.03989102318882942,-0.04105684161186218,1.0075215101242065,-0.02699945867061615,-0.014941871166229248,0.483603298664093,0.0016971607692539692,0.03989102318882942,-0.04105684161186218,-1.0,0.07668303942933519,0.03753319957690388,0.9093709548372153,0.0716035569080059,0.20039042803446727,0.9024998346667837,-0.0749915492483295,0.01496110986733967,0.898404150188853,0.0,0.0,0.0,0.0,0,0.0363
50,0,0.0,0.03987285916265855,0.14824870909039206,0.9919109516688598,0.9943332731872705,-0.04265376747254479,0.096339980744054,0.014163546989410167,0.03986526151655196,-0.03987100418700552,0.1547803281155467,0.774472335262822,0.06614969279609344,-1.6540292161718422,-0.23199453920246899,2.5969163359803065,1.258243080916489,-0.10565036535263062,-0.010739386081695557,0.37163156270980835,0.002544625196605921,0.049422863870859146,-0.03723616153001785,1.015867829322815,-0.10565036535263062,-0.010739386081695557,0.37163156270980835,0.002544625196605921,0.049422863870859146,-0.03723616153001785,-1.0,0.07668303942933519,0.03753319957690388,0.9093709548372153,0.0716035569080059,0.20039042803446727,0.9024998346667837,-0.0749915492483295,0.01496110986733967,0.898404150188853,0.0,0.0,0.0,0.0,0,0.0365
51,0,0.0,0.03773764114699272,0.14813426851099812,0.9963821387967091,0.9943345370337426,-0.045102430343844035,0.09521813149589356,0.01407503724331291,0.039870235265181686,-0.03987734531205468,0.15523682172267883,0.7606271846058826,0.06625384465890351,-1.6651023937867,-0.22878848201459376,2.591852737969718,1.2612616575383637,-0.15289273858070374,-0.0004168599843978882,0.26898157596588135,0.001777028664946556,0.057898785918951035,-0.03225035220384598,1.0059951543807983,-0.15289273858070374,-0.0004168599843978882,0.26898157596588135,0.001777028664946556,0.057898785918951035,-0.03225035220384598,-1.0,0.07668303942933519,0.03753319957690388,0.9093709548372153,0.0716035569080059,0.20039042803446727,0.9024998346667837,-0.0749915492483295,0.01496110986733967,0.898404150188853,0.0,0.0,0.0,0.0,0,0.0364
52,1,0.0539,0.03520358829664082,0.14809035473016532,0.9999962260834725,0.9944546947472902,-0.04726592456542683,0.09288556152270522,0.01407355430088289,0.03987500783198316,-0.03988340162421386,0.15544380479658393,0.7482019784185469,0.06691187334676517,-1.6753384156460425,-0.22494303021860895,2.585044543660547,1.2631839851183297,-0.35147732496261597,-0.09397311508655548,-0.9451237320899963,0.04256679117679596,-0.09073645621538162,0.004397984594106674,1.0178292989730835,-0.35147732496261597,-0.09397311508655548,-0.9451237320899963,0.04256679117679596,-0.09073645621538162,0.004397984594106674,-1.0,0.07668303942933519,0.03753319957690388,0.9093709548372153,0.0716035569080059,0.20039042803446727,0.9024998346667837,-0.0749915492483295,0.01496110986733967,0.898404150188853,0.0,0.0,0.0,0.0,0,0.0392
53,0,0.0,0.03318271470045964,0.14801368623847347,0.9977889580617976,0.9945257530436354,-0.0483532421073235,0.0916834517226754,0.013214960874526217,0.03987963899605645,-0.039889133739379516,0.1555041959026895,0.7485735674753404,0.06662909441300263,-1.682267198294271,-0.222601624549559,2.5908846155135556,1.2640822823922304,-0.3022385537624359,-0.07006315886974335,-0.8487593531608582,0.03817937523126602,-0.0706862062215805,0.007707633078098297,1.03433358669281,-0.3022385537624359,-0.07006315886974335,-0.8487593531608582,0.03817937523126602,-0.0706862062215805,0.007707633078098297,-1.0,0.07668303942933519,0.03753319957690388,0.9093709548372153,0.0716035569080059,0.20039042803446727,0.9024998346667837,-0.0749915492483295,0.01496110986733967,0.898404150188853,0.0,0.0,0.0,0.0,0,0.0371
54,0,0.0,0.031303031906129666,0.1476117572467499,0.9897814403758195,0.9944838541238921,-0.04840700713356971,0.09233089426270163,0.011559909684268913,0.0398836008077387,-0.039895090574817264,0.15550628187956855,0.7591225780239264,0.06496833970722422,-1.6891141269111187,-0.2225794971129217,2.610800520233595,1.2648911685365556,-0.320994108915329,-0.020199716091156006,-0.6628218293190002,0.004678831435739994,-0.0255124494433403,0.011647772043943405,1.0846096277236938,-0.320994108915329,-0.020199716091156006,-0.6628218293190002,0.004678831435739994,-0.0255124494433403,0.011647772043943405,-1.0,0.07668303942933519,0.03753319957690388,0.9093709548372153,0.0716035569080059,0.20039042803446727,0.9024998346667837,-0.0749915492483295,0.01496110986733967,0.898404150188853,0.0,0.0,0.0,0.0,0,0.0358
55,0,0.0,0.028509378538748093,0.14687315556360916,0.9811332964188682,0.9944803540770734,-0.04787724753811917,0.09277206189597531,0.010485182615492097,0.03988711455491752,-0.0399010691490537,0.1557202497324798,0.7688785019345674,0.06278700803749643,-1.698993331600132,-0.2243288970357797,2.6320205394041043,1.2660922630092264,-0.2508922815322876,0.042528338730335236,-0.36407050490379333,0.005915221758186817,-0.018653124570846558,0.002985263243317604,0.17821812629699707,-0.2508922815322876,0.042528338730335236,-0.36407050490379333,0.005915221758186817,-0.018653124570846558,0.002985263243317604,1.0,0.07668303942933519,0.03753319957690388,0.9093709548372153,0.0716035569080059,0.20039042803446727,0.9024998346667837,-0.0749915492483295,0.01496110986733967,0.898404150188853,0.0,0.0,0.0,0.0,0,0.0363
56,1,0.0536,0.025361098073081505,0.14645990551423396,0.9745106050840852,0.9944589631756121,-0.047179828230167975,0.09343814768919546,0.009733803176002611,0.039481754528698586,-0.03948513019675276,0.156361777081486,0.774135110395745,0.06094190785386686,-1.710933588423726,-0.22710473897673164,2.651078278943542,1.2684611064760207,-0.03485061228275299,0.052772462368011475,-0.8063656091690063,-0.002130505396053195,-0.06540568917989731,-0.02339327335357666,0.9359362125396729,-0.03485061228275299,0.052772462368011475,-0.8063656091690063,-0.002130505396053195,-0.06540568917989731,-0.02339327335357666,-1.0,0.07668303942933519,0.03753319957690388,0.9093709548372153,0.0716035569080059,0.20039042803446727,0.9024998346667837,-0.0749915492483295,0.01496110986733967,0.898404150188853,0.0,0.0,0.0,0.0,0,0.0373
57,0,0.0,0.02384723228112918,0.14596039793738536,0.9671965263499486,0.9941618047374761,-0.04736265200859302,0.0965686707248453,0.008577705420033797,0.03871967659351322,-0.038737361347786395,0.15754820983375728,0.784832045114075,0.057542740738630416,-1.717713165286494,-0.23168425454857372,2.6755994438889728,1.2738360331916163,-0.03545570373535156,0.0013523399829864502,-0.5514569878578186,0.005362370051443577,-0.03090282529592514,-0.01738175004720688,1.025613784790039,-0.03545570373535156,0.0013523399829864502,-0.5514569878578186,0.005362370051443577,-0.03090282529592514,-0.01738175004720688,-1.0,0.07668303942933519,0.03753319957690388,0.9093709548372153,0.0716035569080059,0.20039042803446727,0.9024998346667837,-0.0749915492483295,0.01496110986733967,0.898404150188853,0.0,0.0,0.0,0.0,0,0.0358
58,0,0.0,0.022898195718713387,0.14536352393584182,0.9584582934356937,0.9937734157839473,-0.04818414262697901,0.10018191528950054,0.007501355166551489,0.03880511530278564,-0.038817067595293554,0.1592661857373827,0.7995898079838818,0.053276722947778236,-1.7211045890543082,-0.23725134635065617,2.7013093335350953,1.2812825480726178,-0.046938538551330566,0.08947242796421051,-0.0631370022892952,-0.05623114854097366,0.042072370648384094,-0.00031969696283340454,1.0153166055679321,-0.046938538551330566,0.08947242796421051,-0.0631370022892952,-0.05623114854097366,0.042072370648384094,-0.00031969696283340454,-1.0,0.07668303942933519,0.03753319957690388,0.9093709548372153,0.0716035569080059,0.20039042803446727,0.9024998346667837,-0.0749915492483295,0.01496110986733967,0.898404150188853,0.0,0.0,0.0,0.0,0,0.0355
59,0,0.0,0.02106369089304562,0.1446872886350556,0.952601681119308,0.9936054838560431,-0.048309067333843825,0.1017272693203695,0.00812029193761778,0.038882825173219004,-0.03890396493555139,0.16156445380699272,0.806902238797892,0.04927377038874534,-1.726827566594039,-0.2438467769306791,2.7166322988986966,1.288373908930362,-0.0656953752040863,0.13926920294761658,0.0939437597990036,-0.06575502455234528,0.08245660364627838,-0.007028892636299133,1.0114796161651611,-0.0656953752040863,0.13926920294761658,0.0939437597990036,-0.06575502455234528,0.08245660364627838,-0.007028892636299133,-1.0,0.07668303942933519,0.03753319957690388,0.9093709548372153,0.0716035569080059,0.20039042803446727,0.9024998346667837,-0.0749915492483295,0.01496110986733967,0.898404150188853,0.0,0.0,0.0,0.0,0,0.036
60,1,0.0534,0.018493458516928556,0.14455698205806733,0.9501685779304792,0.9936955408668886,-0.047751155528778066,0.10089794178245043,0.010421350727832596,0.03894368377659091,-0.03895121778572151,0.16469366816004555,0.806548442214015,0.046385114359546765,-1.7339404263291078,-0.25108685561816035,2.719910566332503,1.2955685697929624,0.10560821741819382,0.1758512407541275,0.36665183305740356,-0.05344049260020256,0.035324689000844955,-0.019441481679677963,-0.04372867941856384,0.10560821741819382,0.1758512407541275,0.36665183305740356,-0.05344049260020256,0.035324689000844955,-0.019441481679677963,1.0,0.07668303942933519,0.03753319957690388,0.9093709548372153,0.0716035569080059,0.20039042803446727,0.9024998346667837,-0.0749915492483295,0.01496110986733967,0.898404150188853,0.0,0.0,0.0,0.0,0,0.0369
61,0,0.0,0.017266568596538745,0.1452716316406733,0.9512673044581972,0.9936722050506245,-0.04769814970175296,0.10088361548009461,0.012764464443229963,0.03875269315220188,-0.03874853384090582,0.1683683875515299,0.8017669984929489,0.044272742178671616,-1.73819187609366,-0.2581269349813272,2.7176036607549388,1.3040670826348375,0.046291038393974304,0.07949237525463104,0.36387938261032104,-0.03889037296175957,0.08016754686832428,-0.03119976446032524,1.0312165021896362,0.046291038393974304,0.07949237525463104,0.36387938261032104,-0.03889037296175957,0.08016754686832428,-0.03119976446032524,-1.0,0.07668303942933519,0.03753319957690388,0.9093709548372153,0.0716035569080059,0.20039042803446727,0.9024998346667837,-0.0749915492483295,0.01496110986733967,0.898404150188853,0.0,0.0,0.0,0.0,0,0.0355
62,0,0.0,0.016317798797842818,0.1464174751776312,0.9540542772740122,0.9936812655427116,-0.04870182186118899,0.09998113109001026,0.015147556991056,0.03824707726309154,-0.03825001741930429,0.17197280545450266,0.7945239933184662,0.043303141353708816,-1.741085424375845,-0.26320536647102294,2.709148234051867,1.3130613834256468,0.012799829244613647,0.04760096222162247,0.2772635817527771,-0.032274916768074036,0.10048447549343109,-0.037192270159721375,1.0268446207046509,0.012799829244613647,0.04760096222162247,0.2772635817527771,-0.032274916768074036,0.10048447549343109,-0.037192270159721375,-1.0,0.07668303942933519,0.03753319957690388,0.9093709548372153,0.0716035569080059,0.20039042803446727,0.9024998346667837,-0.0749915492483295,0.01496110986733967,0.898404150188853,0.0,0.0,0.0,0.0,0,0.0359
63,0,0.0,0.014838104846268015,0.14755496630682188,0.9566575804206926,0.9938531100032005,-0.050617826596959126,0.09687242392368495,0.01759445511275166,0.03850090667162353,-0.038524399715373796,0.17494544467999565,0.7873673285388673,0.04352098024369743,-1.742921791420056,-0.265253581099028,2.6954906466861717,1.3208716347910379,-0.02459891140460968,0.025952383875846863,0.18553201854228973,-0.01759297400712967,0.10287391394376755,-0.04450765624642372,1.0030592679977417,-0.02459891140460968,0.025952383875846863,0.18553201854228973,-0.01759297400712967,0.10287391394376755,-0.04450765624642372,-1.0,0.07668303942933519,0.03753319957690388,0.9093709548372153,0.0716035569080059,0.20039042803446727,0.9024998346667837,-0.0749915492483295,0.01496110986733967,0.898404150188853,0.0,0.0,0.0,0.0,0,0.0353
64,1,0.053,0.013242722102052667,0.14864484757684768,0.958632091860357,0.9941021612265185,-0.05310348842681839,0.09247608025977049,0.019725291923192764,0.03870634745176536,-0.0387446652194191,0.1771365490533082,0.7818243491080296,0.044663948820353114,-1.7430144580953286,-0.26460462704455845,2.6795585072307064,1.3270545333734818,0.16840825974941254,0.09341450035572052,0.16991819441318512,-0.050117652863264084,0.08342161774635315,-0.008200920186936855,1.003014326095581,0.16840825974941254,0.09341450035572052,0.16991819441318512,-0.050117652863264084,0.08342161774635315,-0.008200920186936855,-1.0,0.07668303942933519,0.03753319957690388,0.9093709548372153,0.0716035569080059,0.20039042803446727,0.9024998346667837,-0.0749915492483295,0.01496110986733967,0.898404150188853,0.0,0.0,0.0,0.0,0,0.038
65,0,0.0,0.01296590437132102,0.14946579164215706,0.960245655532443,0.99428559362376,-0.05466113811125922,0.08907224882711234,0.021781937046765426,0.03881971230929855,-0.03887314986022574,0.17889822651878953,0.779804875125724,0.04538398505930495,-1.7383542368260676,-0.2643807677310287,2.6647185315706734,1.3306918460692618,0.18022286891937256,0.06386443972587585,0.24793480336666107,-0.04962696507573128,0.12411122769117355,-0.014152662828564644,1.0129393339157104,0.18022286891937256,0.06386443972587585,0.24793480336666107,-0.04962696507573128,0.12411122769117355,-0.014152662828564644,-1.0,0.07668303942933519,0.03753319957690388,0.9093709548372153,0.0716035569080059,0.20039042803446727,0.9024998346667837,-0.0749915492483295,0.01496110986733967,0.898404150188853,0.0,0.0,0.0,0.0,0,0.0376
66,0,0.0,0.0133247201583578,0.15013404522156723,0.961623886621192,0.9945266523477625,-0.05520983466193191,0.08528891499823554,0.02438058459057395,0.038881470450634247,-0.038946938307632885,0.1804384868879459,0.7798102741761747,0.046226795364508806,-1.730090284931879,-0.2643023779650577,2.647011152024841,1.3320439047024333,0.15116150677204132,0.03343110531568527,0.3908553719520569,-0.046513400971889496,0.15905696153640747,-0.01786177046597004,1.0257179737091064,0.15116150677204132,0.03343110531568527,0.3908553719520569,-0.046513400971889496,0.15905696153640747,-0.01786177046597004,-1.0,0.07668303942933519,0.03753319957690388,0.9093709548372153,0.0716035569080059,0.20039042803446727,0.9024998346667837,-0.0749915492483295,0.01496110986733967,0.898404150188853,0.0,0.0,0.0,0.0,0,0.0376
67,0,0.0,0.013291285610270896,0.15081006565029084,0.96388412677616,0.9948904613953427,-0.0559003997921822,0.07948354747614055,0.02739490478616783,0.03892772407257524,-0.03899632172678985,0.1813967225580468,0.7779506307972446,0.04829973550509568,-1.720962130128269,-0.2621689723848991,2.6224367723088995,1.3316015488205937,0.11194594204425812,0.024037718772888184,0.47451967000961304,-0.039940245449543,0.1811346411705017,-0.02333875000476837,1.013588547706604,0.11194594204425812,0.024037718772888184,0.47451967000961304,-0.039940245449543,0.1811346411705017,-0.02333875000476837,-1.0,0.07668303942933519,0.03753319957690388,0.9093709548372153,0.0716035569080059,0.20039042803446727,0.9024998346667837,-0.0749915492483295,0.01496110986733967,0.898404150188853,0.0,0.0,0.0,0.0,0,0.037
68,1,0.0539,0.012870755354732514,0.15156455229100554,0.9676196032756894,0.9953256909308118,-0.056951519356141234,0.0718088332249065,0.030443141871464695,0.03897146189952796,-0.039041652113378185,0.1815994364784943,0.7732849243419286,0.05178023099392992,-1.7114007351068425,-0.25729174673407174,2.591139406180662,1.3292169467210773,0.025384217500686646,0.006929069757461548,-0.2992997169494629,-0.028306633234024048,0.013152587227523327,-0.011719940230250359,1.0188318490982056,0.025384217500686646,0.006929069757461548,-0.2992997169494629,-0.028306633234024048,0.013152587227523327,-0.011719940230250359,-1.0,0.07668303942933519,0.03753319957690388,0.9093709548372153,0.0716035569080059,0.20039042803446727,0.9024998346667837,-0.0749915492483295,0.01496110986733967,0.898404150188853,0.0,0.0,0.0,0.0,0,0.0376
69,0,0.0,0.01399247300450548,0.1518612456696118,0.9694495015058013,0.9955766944253497,-0.057823045293576625,0.06639138133067625,0.03279825353695702,0.03901265874757331,-0.039085676213165874,0.1815243445811214,0.77587491965603,0.053717439086767335,-1.697124457099142,-0.25408843558928196,2.567834957924905,1.3269696221755682,0.05266965925693512,0.0634581670165062,-0.07356239855289459,-0.04356740415096283,0.01065626461058855,-0.017308209091424942,1.0077636241912842,0.05266965925693512,0.0634581670165062,-0.07356239855289459,-0.04356740415096283,0.01065626461058855,-0.017308209091424942,-1.0,0.07668303942933519,0.03753319957690388,0.9093709548372153,0.0716035569080059,0.20039042803446727,0.9024998346667837,-0.0749915492483295,0.01496110986733967,0.898404150188853,0.0,0.0,0.0,0.0,0,0.0368
70,0,0.0,0.016019281284599878,0.15172972941374563,0.9690393227900885,0.9956466351288146,-0.05838617014608816,0.06356605986947264,0.03518791163185197,0.0390521185282249,-0.03912778297866938,0.18193045482153156,0.7834102785589018,0.05387949277238075,-1.6816116228583187,-0.2549119152472171,2.5527798048842167,1.3273515736618269,0.07187056541442871,0.17882120609283447,0.0023654699325561523,-0.07555873692035675,0.045074377208948135,-0.02415384165942669,1.0292192697525024,0.07187056541442871,0.17882120609283447,0.0023654699325561523,-0.07555873692035675,0.045074377208948135,-0.02415384165942669,-1.0,0.07668303942933519,0.03753319957690388,0.9093709548372153,0.0716035569080059,0.20039042803446727,0.9024998346667837,-0.0749915492483295,0.01496110986733967,0.898404150188853,0.0,0.0,0.0,0.0,0,0.0366
71,0,0.0,0.017609825274638766,0.15193926537794694,0.9689427203651119,0.9956640125696384,-0.05886194930307004,0.06090528716748498,0.038457651943600464,0.039090575543293496,-0.039167395052173516,0.18326853121768008,0.7896840461774155,0.053994038313337975,-1.6673873511066877,-0.25869034737963853,2.5370136236181198,1.3308102769836365,0.04497533291578293,0.10744067281484604,0.029858872294425964,-0.05010773241519928,0.08554355055093765,-0.02287483960390091,1.002761721611023,0.04497533291578293,0.10744067281484604,0.029858872294425964,-0.05010773241519928,0.08554355055093765,-0.02287483960390091,-1.0,0.07668303942933519,0.03753319957690388,0.9093709548372153,0.0716035569080059,0.20039042803446727,0.9024998346667837,-0.0749915492483295,0.01496110986733967,0.898404150188853,0.0,0.0,0.0,0.0,0,0.0362
72,1,0.0553,0.0182152071698461,0.15293428425111544,0.9688374947318649,0.9957093399413709,-0.05953957445620717,0.05697366225011409,0.04209455115454232,0.0391274707362528,-0.03920521714630551,0.18516529015694289,0.7949448168373359,0.05523754508371182,-1.6543411830089572,-0.26261945493916933,2.5183840611237858,1.3359286540750994,-0.19642969965934753,0.0027005821466445923,-0.6138887405395508,0.000788368284702301,-0.03134771063923836,0.01064528338611126,0.9824719429016113,-0.19642969965934753,0.0027005821466445923,-0.6138887405395508,0.000788368284702301,-0.03134771063923836,0.01064528338611126,-1.0,0.07668303942933519,0.03753319957690388,0.9093709548372153,0.0716035569080059,0.20039042803446727,0.9024998346667837,-0.0749915492483295,0.01496110986733967,0.898404150188853,0.0,0.0,0.0,0.0,0,0.0365
73,0,0.0,0.018464135304285728,0.1543652069391029,0.966314582176943,0.9957799004573828,-0.059771518437139515,0.05351639020164903,0.04456177070749569,0.03916232507169448,-0.03924186625595844,0.1868494028737835,0.8044895133415659,0.056744370114232084,-1.6421649119742736,-0.2660517273092337,2.5069806958312415,1.3403146850755412,-0.27727410197257996,0.018322445452213287,-0.6481419205665588,0.0037448592483997345,-0.06021914258599281,0.016683895140886307,1.0279215574264526,-0.27727410197257996,0.018322445452213287,-0.6481419205665588,0.0037448592483997345,-0.06021914258599281,0.016683895140886307,-1.0,0.07668303942933519,0.03753319957690388,0.9093709548372153,0.0716035569080059,0.20039042803446727,0.9024998346667837,-0.0749915492483295,0.01496110986733967,0.898404150188853,0.0,0.0,0.0,0.0,0,0.0359
74,0,0.0,0.01826458073397734,0.15558634862388845,0.960968482781021,0.995841217451108,-0.05921840116953542,0.05164191422641572,0.04611467535882329,0.039194231805313506,-0.03927839195993303,0.18837997894362787,0.8172267076514991,0.057410539253352356,-1.6335946744431962,-0.2708520882418181,2.5060045633574286,1.3447306017133107,-0.25189483165740967,0.013329297304153442,-0.5491029620170593,-0.00579453818500042,-0.06090546399354935,0.01649850606918335,1.0159928798675537,-0.25189483165740967,0.013329297304153442,-0.5491029620170593,-0.00579453818500042,-0.06090546399354935,0.01649850606918335,-1.0,0.07668303942933519,0.03753319957690388,0.9093709548372153,0.0716035569080059,0.20039042803446727,0.9024998346667837,-0.0749915492483295,0.01496110986733967,0.898404150188853,0.0,0.0,0.0,0.0,0,0.0361
75,0,0.0,0.01756261716375085,0.156450599450689,0.9552944792962659,0.9958537478925635,-0.05837201925221336,0.05102958127865675,0.04758153014854884,0.03922407248188789,-0.03931405167662141,0.18998131702844656,0.8284155073505809,0.057263389400535165,-1.629528837590634,-0.277469684600875,2.5103764017048396,1.3503025513907285,-0.18393844366073608,0.02451392263174057,-0.38647401332855225,-0.015018252655863762,-0.039845675230026245,0.01677393540740013,1.0118401050567627,-0.18393844366073608,0.02451392263174057,-0.38647401332855225,-0.015018252655863762,-0.039845675230026245,0.01677393540740013,-1.0,0.07668303942933519,0.03753319957690388,0.9093709548372153,0.0716035569080059,0.20039042803446727,0.9024998346667837,-0.0749915492483295,0.01496110986733967,0.898404150188853,0.0,0.0,0.0,0.0,0,0.0357
76,1,0.0534,0.016543286614617486,0.15710604557610666,0.9503934964971406,0.995822815926001,-0.05739906715422505,0.05127525378242008,0.04912346405315518,0.039252795954718186,-0.03934802266985479,0.19168460412391838,0.8366866904943221,0.05669072721990782,-1.6289516421823094,-0.28528518008203757,2.5167752215305517,1.3567765865902437,-0.32574617862701416,-0.004606500267982483,-0.4278833270072937,-0.009189627133309841,-0.05126679688692093,0.000638958066701889,0.9939320087432861,-0.32574617862701416,-0.004606500267982483,-0.4278833270072937,-0.009189627133309841,-0.05126679688692093,0.000638958066701889,-1.0,0.07668303942933519,0.03753319957690388,0.9093709548372153,0.0716035569080059,0.20039042803446727,0.9024998346667837,-0.0749915492483295,0.01496110986733967,0.898404150188853,0.0,0.0,0.0,0.0,0,0.037
77,0,0.0,0.014775104334402168,0.15758869181879281,0.9460334530335911,0.9957651478617229,-0.056838992974957425,0.05138821857982438,0.050797147289045025,0.039279913002953984,-0.03938091369672563,0.19346818544177968,0.842088025137176,0.05595321645630454,-1.6321642296394598,-0.29336491168684775,2.523569952692234,1.3646500737488432,-0.1483968198299408,-0.016001656651496887,-0.29664915800094604,-0.021148428320884705,0.008773782290518284,0.0002031661570072174,1.0116173028945923,-0.1483968198299408,-0.016001656651496887,-0.29664915800094604,-0.021148428320884705,0.008773782290518284,0.0002031661570072174,-1.0,0.07668303942933519,0.03753319957690388,0.9093709548372153,0.0716035569080059,0.20039042803446727,0.9024998346667837,-0.0749915492483295,0.01496110986733967,0.898404150188853,0.0,0.0,0.0,0.0,0,0.0364
78,0,0.0,0.012517478746307873,0.15783041837977962,0.9418338210489653,0.995691448253079,-0.056734831972965694,0.05129622330478441,0.05242514846282831,0.039305780707571646,-0.03941248262540819,0.19515584889662307,0.8461153395842429,0.055005567399743445,-1.6374443175340696,-0.3010520543320082,2.5307121256145493,1.3730602514768095,-0.04655250906944275,0.026384003460407257,-0.23174723982810974,-0.029095269739627838,0.010453865863382816,-0.0032555200159549713,0.9952342510223389,-0.04655250906944275,0.026384003460407257,-0.23174723982810974,-0.029095269739627838,0.010453865863382816,-0.0032555200159549713,-1.0,0.07668303942933519,0.03753319957690388,0.9093709548372153,0.0716035569080059,0.20039042803446727,0.9024998346667837,-0.0749915492483295,0.01496110986733967,0.898404150188853,0.0,0.0,0.0,0.0,0,0.0364
79,0,0.0,0.010802273108921172,0.15792254594011024,0.9380476943010642,0.9955993362946391,-0.056711671945150643,0.05161492164329791,0.053866944396493074,0.03933092111264058,-0.039442316329801476,0.19671829520126077,0.8503750686040706,0.053788093762567886,-1.6412254272603044,-0.30823905669786383,2.5376560843983103,1.3808293637245581,-0.060120582580566406,0.005412593483924866,-0.1451692432165146,-0.034130848944187164,0.011718942783772945,-0.004298266023397446,1.0088380575180054,-0.060120582580566406,0.005412593483924866,-0.1451692432165146,-0.034130848944187164,0.011718942783772945,-0.004298266023397446,-1.0,0.07668303942933519,0.03753319957690388,0.9093709548372153,0.0716035569080059,0.20039042803446727,0.9024998346667837,-0.0749915492483295,0.01496110986733967,0.898404150188853,0.0,0.0,0.0,0.0,0,0.0371
80,1,0.0532,0.009457580566633584,0.15784940040286005,0.935021797881266,0.9954864648400844,-0.05676074059848979,0.05192196513388873,0.055579008479247766,0.039354333149956316,-0.03947152174078047,0.19831321575419247,0.8538339879670865,0.05238282573882798,-1.6439278954690353,-0.31522848434499867,2.542417530538825,1.3882240691844978,-0.036206141114234924,0.025229401886463165,-0.33085161447525024,-0.004423414822667837,-0.037064939737319946,-0.0039538126438856125,1.0391743183135986,-0.036206141114234924,0.025229401886463165,-0.33085161447525024,-0.004423414822667837,-0.037064939737319946,-0.0039538126438856125,-1.0,0.07668303942933519,0.03753319957690388,0.9093709548372153,0.0716035569080059,0.20039042803446727,0.9024998346667837,-0.0749915492483295,0.01496110986733967,0.898404150188853,0.0,0.0,0.0,0.0,0,0.0398
81,0,0.0,0.008817143485602233,0.1581309280104423,0.9319305170873802,0.9953576892732192,-0.05689420090992009,0.05323463547425919,0.056499503479418955,0.03937855631240106,-0.03949687068246046,0.19990845651953343,0.8589587940795722,0.05101671187886343,-1.6446959243118229,-0.3217325878829917,2.5496316338740477,1.395558118955958,-0.02483898401260376,0.07626709342002869,-0.1995820254087448,-0.010586321353912354,-0.025380998849868774,-0.002033153548836708,1.0382353067398071,-0.02483898401260376,0.07626709342002869,-0.1995820254087448,-0.010586321353912354,-0.025380998849868774,-0.002033153548836708,-1.0,0.07668303942933519,0.03753319957690388,0.9093709548372153,0.07157490895332304,0.20040498872897392,0.9028638309517807,-0.0749915492483295,0.01496110986733967,0.898404150188853,0.0,0.7053790666903259,0.0,0.0,2,0.0481
82,0,0.0,0.008565016287490767,0.1586425086715521,0.9287960110828751,0.9952176074771668,-0.057108135908334634,0.05521009369504201,0.056854376565771886,0.039400150811264335,-0.03952032799405391,0.20152153109082524,0.8646354498518342,0.0496325386272203,-1.64469077776429,-0.3279035835182056,2.5581296754550213,1.4028919421472879,-0.024441584944725037,0.10191929340362549,-0.10230821371078491,-0.022037532180547714,-0.014250576496124268,0.002152658998966217,0.7373906970024109,-0.024441584944725037,0.10191929340362549,-0.10230821371078491,-0.022037532180547714,-0.014250576496124268,0.002152658998966217,-1.0,0.07668303942933519,0.03753319957690388,0.9093709548372153,0.07100776289198674,0.20104861059502102,0.907599307309261,-0.0749915492483295,0.01496110986733967,0.898404150188853,0.0,0.0,0.0,8.649260330224385,2,0.0488
83,0,0.0,0.008662514004421711,0.15870336916589514,0.9271739055485114,0.9950477170107512,-0.05737731114309763,0.057180492282626304,0.05760448194364107,0.03941991023503893,-0.03954630365068264,0.20293682399706675,0.8676150535829875,0.047939549036888705,-1.6448452477244293,-0.3336095575750046,2.5638651285657748,1.4091991698323914,-0.05212314426898956,0.18287348747253418,-0.005959078669548035,-0.04158880189061165,-0.020871557295322418,0.010043876245617867,0.6394940614700317,-0.05212314426898956,0.18287348747253418,-0.005959078669548035,-0.04158880189061165,-0.020871557295322418,0.010043876245617867,-1.0,0.07668303942933519,0.03753319957690388,0.9093709548372153,0.07047129612764938,0.20152016920010715,0.9102661314411988,-0.0749915492483295,0.01496110986733967,0.898404150188853,0.0,0.42318790704799414,0.0,11.188980131918665,4,0.0483
84,1,0.0549,0.008938827417128464,0.15876490727523193,0.9271145138788175,0.9948782971377184,-0.057118188824000715,0.059044184296302156,0.05889372369449386,0.03943982320998833,-0.03956901805602401,0.20452854963157452,0.8677268174965169,0.046399244416883714,-1.6452923510928195,-0.3396467434596789,2.566412556985555,1.4145494652684543,0.12901408970355988,0.1424541473388672,0.14466340839862823,-0.02690570428967476,-0.013339958153665066,-0.07496526837348938,1.0072129964828491,0.12901408970355988,0.1424541473388672,0.14466340839862823,-0.02690570428967476,-0.013339958153665066,-0.07496526837348938,-1.0,0.07668303942933519,0.03753319957690388,0.9093709548372153,0.07042256447444607,0.2016390364784755,0.9106343623938599,-0.0749915492483295,0.01496110986733967,0.898404150188853,0.0,0.16082690449520637,0.0,10.594305155020116,4,0.0484
85,0,0.0,0.009841946772037485,0.15885269283073322,0.9283600951678697,0.994568399413986,-0.05883384001982356,0.06129767444668935,0.06012381610518908,0.03945856728780657,-0.03959019034544729,0.2062527389075976,0.8664255691276015,0.0447238260286325,-1.6444133855044527,-0.34468245391837915,2.5668291914476145,1.4230532502828304,0.04528443515300751,0.18247413635253906,0.12498502433300018,-0.04441267251968384,0.003974399529397488,-0.025668390095233917,0.9996629953384399,0.04528443515300751,0.18247413635253906,0.12498502433300018,-0.04441267251968384,0.003974399529397488,-0.025668390095233917,-1.0,0.07668303942933519,0.03753319957690388,0.9093709548372153,0.0709383380584384,0.2012610272506929,0.9086410348226241,-0.0749915492483295,0.01496110986733967,0.898404150188853,0.0,0.17122552941311633,0.0,6.527321492928838,4,0.0461
86,0,0.0,0.01054668157058622,0.15938649871796295,0.9298603667358606,0.9942469024075378,-0.06124690361832852,0.06277915385460565,0.06148732951984691,0.03947761154167742,-0.03960686407657964,0.208301983666562,0.8648258561944464,0.04377670839991734,-1.642849383194755,-0.3491343475995703,2.56428872620252,1.4324296418164502,0.05928754061460495,0.06815576553344727,0.1410771757364273,-0.03494926542043686,0.0072119226679205894,-0.01193124521523714,1.0035138130187988,0.05928754061460495,0.06815576553344727,0.1410771757364273,-0.03494926542043686,0.0072119226679205894,-0.01193124521523714,-1.0,0.07668303942933519,0.03753319957690388,0.9093709548372153,0.07138585969192107,0.20089027363026749,0.9060912810159525,-0.0749915492483295,0.01496110986733967,0.898404150188853,0.0,0.23977568704245486,0.0,3.5276196910677555,4,0.0465
87,0,0.0,0.010916652924888425,0.1601173720704675,0.9313973352367715,0.9940077835418946,-0.06242541953916364,0.06348265986946021,0.06341565381974991,0.03949448156086996,-0.039624214749676576,0.21050559883829564,0.8629634845287674,0.04327295734129201,-1.6411295910289856,-0.35400486167605943,2.5595177607887405,1.4399289047406751,0.03276596963405609,0.08634009957313538,0.1523459106683731,-0.03566643223166466,-0.0008279150351881981,-0.019971691071987152,0.9715763926506042,0.03276596963405609,0.08634009957313538,0.1523459106683731,-0.03566643223166466,-0.0008279150351881981,-0.019971691071987152,-1.0,0.07668303942933519,0.03753319957690388,0.9093709548372153,0.07159557551494425,0.20069411650905056,0.90368076443397,-0.0749915492483295,0.01496110986733967,0.898404150188853,0.0,0.16543586560488774,0.0,1.2254361868501296,4,0.0417
88,1,0.0534,0.011264414783618826,0.16083910122984002,0.9331344348234462,0.9937874993264632,-0.06334286660647354,0.0639373335971521,0.06546834964327847,0.039510774419818116,-0.0396433839801436,0.21263265951633975,0.8607606945293816,0.04297329232286418,-1.6392636253956994,-0.35864272155805615,2.5537271922590654,1.44666637263598,0.1601945012807846,0.12659335136413574,0.40881115198135376,-0.04189940169453621,-0.009790378622710705,-0.010294310748577118,0.9745128154754639,0.1601945012807846,0.12659335136413574,0.40881115198135376,-0.04189940169453621,-0.009790378622710705,-0.010294310748577118,-1.0,0.07668303942933519,0.03753319957690388,0.9093709548372153,0.07165137444246811,0.20060301578870676,0.9023520897041041,-0.0749915492483295,0.01496110986733967,0.898404150188853,0.0,0.0,0.0,0.07679827411877596,1,0.0422
89,0,0.0,0.012293652848489926,0.16184481250719832,0.9364699489458911,0.993516485308272,-0.06410558792874183,0.06525979728460873,0.06750278420464811,0.039526442406814334,-0.03966395764305841,0.2148947687704634,0.8564021563154106,0.04291400884375079,-1.6366345008259435,-0.3637042489045491,2.546647205350014,1.4532692214941494,0.04230431467294693,0.08674968779087067,0.25728297233581543,-0.030238494277000427,-0.00427996926009655,-0.00736156664788723,1.013535499572754,0.04230431467294693,0.08674968779087067,0.25728297233581543,-0.030238494277000427,-0.00427996926009655,-0.00736156664788723,-1.0,0.07668303942933519,0.03753319957690388,0.9093709548372153,0.07164537727549665,0.20060587569677815,0.9024594236899841,-0.0749915492483295,0.01496110986733967,0.898404150188853,0.0,0.0,0.0,0.0,0,0.0377
90,0,0.0,0.01316626661273554,0.1630952127607022,0.9403307055720682,0.993277238974845,-0.0645730445079084,0.06621962723057728,0.06961041177101543,0.03954112350809688,-0.03968399956026691,0.21715091059416564,0.8511161045794683,0.04344298626578877,-1.6343098422343905,-0.36831536595052283,2.5379567475048472,1.4590361533355747,0.012979745864868164,0.051730699837207794,0.08900094032287598,-0.021701309829950333,0.018643714487552643,-0.0040337760001420975,1.0207756757736206,0.012979745864868164,0.051730699837207794,0.08900094032287598,-0.021701309829950333,0.018643714487552643,-0.0040337760001420975,-1.0,0.07668303942933519,0.03753319957690388,0.9093709548372153,0.07164373959239936,0.2006066559830361,0.9024888361472047,-0.0749915492483295,0.01496110986733967,0.898404150188853,0.0,0.0,0.0,0.0,0,0.0369
91,0,0.0,0.013248277221438322,0.16431942094576868,0.9425957570804065,0.9931431686280355,-0.06485379121825419,0.06595991746218641,0.0714837160510339,0.039554869225538546,-0.03970348732156399,0.21904195205540425,0.8480609616588072,0.044391264384992,-1.6324031740266332,-0.3716426290250507,2.52996598990642,1.463528331369059,-0.04447215795516968,0.017151743173599243,-0.08897798508405685,-0.010319102555513382,-0.004509857390075922,0.012024994939565659,0.22607183456420898,-0.04447215795516968,0.017151743173599243,-0.08897798508405685,-0.010319102555513382,-0.004509857390075922,0.012024994939565659,1.0,0.07668303942933519,0.03753319957690388,0.9093709548372153,0.07164329686547195,0.2006068666170854,0.9024968405373585,-0.0749915492483295,0.01496110986733967,0.898404150188853,0.0,0.0,0.0,0.0,0,0.0363
92,1,0.0535,0.01309918992248372,0.16530158453074106,0.9430182766266373,0.9930914486891105,-0.06463808611454813,0.06542606912667318,0.07287469960584742,0.039192555538564725,-0.03937708415887277,0.22046239516000196,0.8482491268803908,0.04512927444237908,-1.6301814711806335,-0.3744319544094669,2.525157274359132,1.4664647774554023,0.17732124030590057,0.08772770315408707,0.5574960708618164,-0.02760818973183632,0.07471726089715958,-0.07129858434200287,0.993226945400238,0.17732124030590057,0.08772770315408707,0.5574960708618164,-0.02760818973183632,0.07471726089715958,-0.07129858434200287,-1.0,0.07668303942933519,0.03753319957690388,0.9093709548372153,0.0716431775426942,0.2006069233005117,0.9024990195184064,-0.0749915492483295,0.01496110986733967,0.898404150188853,0.0,0.0,0.0,0.0,0,0.0381
93,0,0.0,0.013076960306504697,0.16591174309052806,0.9452674708254034,0.9929454112451498,-0.06625513726212601,0.06435723732564472,0.07434926413480411,0.03847575602699449,-0.03872541521754238,0.2214227594790645,0.844532321318718,0.04618554916820203,-1.6284212641008575,-0.3748133756420114,2.5156197601374224,1.4704685057932694,0.16627202928066254,0.05443180352449417,0.5103198885917664,-0.027448534965515137,0.07754037529230118,-0.07272398471832275,0.999549388885498,0.16627202928066254,0.05443180352449417,0.5103198885917664,-0.027448534965515137,0.07754037529230118,-0.07272398471832275,-1.0,0.07668303942933519,0.03753319957690388,0.9093709548372153,0.07164314540995599,0.20060693854159464,0.9024996127367151,-0.0749915492483295,0.01496110986733967,0.898404150188853,0.0,0.0,0.0,0.0,0,0.0371
94,0,0.0,0.01334500256284847,0.16644998783764828,0.9501569350890842,0.9927075095176617,-0.06991702177063336,0.062236141344265763,0.07596099870684389,0.03859147415041906,-0.038869915589940976,0.2218868511461278,0.8369653718357799,0.048180598357253294,-1.6255100643848253,-0.3719762263653484,2.498982096096665,1.4746710163559533,0.12867280840873718,0.01817186176776886,0.4802814722061157,-0.02218429371714592,0.08191443979740143,-0.06719007343053818,1.001992106437683,0.12867280840873718,0.01817186176776886,0.4802814722061157,-0.02218429371714592,0.08191443979740143,-0.06719007343053818,-1.0,0.07668303942933519,0.03753319957690388,0.9093709548372153,0.07164313675881527,0.20060694263870793,0.9024997742434401,-0.0749915492483295,0.01496110986733967,0.898404150188853,0.0,0.0,0.0,0.0,0,0.0397
95,0,0.0,0.013665094472926024,0.16684117640611512,0.9554272766252185,0.9924893594550965,-0.07378175674485776,0.059158826574509465,0.07759740316776711,0.03869864864400785,-0.038997722388039786,0.22185689987707222,0.8294201016758252,0.05065579314742587,-1.6210350860286336,-0.36729058889192173,2.4792047007928764,1.4770867861033452,0.07755933701992035,-0.03347335755825043,0.40214771032333374,-0.0059996480122208595,0.08972010016441345,-0.0590803436934948,0.9962677955627441,0.07755933701992035,-0.03347335755825043,0.40214771032333374,-0.0059996480122208595,0.08972010016441345,-0.0590803436934948,-1.0,0.07668303942933519,0.03753319957690388,0.9093709548372153,0.07164313442979917,0.20060694374003504,0.9024998182154431,-0.0749915492483295,0.01496110986733967,0.898404150188853,0.0,0.0,0.0,0.0,0,0.0361
96,1,0.0543,0.013752890610355832,0.16710107973564392,0.9603928932146902,0.9923425857583903,-0.07741916761938605,0.05499061518902346,0.07898415801035194,0.038760090539416356,-0.03907057829481315,0.22122793814814606,0.8226591926023806,0.05359163154917101,-1.6157520562879197,-0.36062407849766936,2.4579187949568833,1.4770765245053568,0.04063917696475983,-0.03816117346286774,0.09078435599803925,-0.003696219064295292,0.0210021510720253,7.712095975875854e-05,0.8445767164230347,0.04063917696475983,-0.03816117346286774,0.09078435599803925,-0.003696219064295292,0.0210021510720253,7.712095975875854e-05,-1.0,0.07668303942933519,0.03753319957690388,0.9093709548372153,0.07164313380280314,0.20060694403607549,0.9024998301875331,-0.0749915492483295,0.01496110986733967,0.898404150188853,0.0,0.0,0.0,0.0,0,0.0361
97,0,0.0,0.01443954095285863,0.1671982002573175,0.9639652780394016,0.992302706273174,-0.07933761332386802,0.051787788830452555,0.07974275617922033,0.038808095263399484,-0.03911804095192618,0.22019652793681,0.8196938164290865,0.055932334392057845,-1.6087372650253822,-0.35505700974149856,2.4416874439936724,1.4741579838208125,-0.114346444606781,-0.07381848990917206,0.12351663410663605,-0.0025631876196712255,0.018079500645399094,-0.004275914281606674,1.0352692604064941,-0.114346444606781,-0.07381848990917206,0.12351663410663605,-0.0025631876196712255,0.018079500645399094,-0.004275914281606674,-1.0,0.07668303942933519,0.03753319957690388,0.9093709548372153,0.07164313363400975,0.20060694411565247,0.902499833447186,-0.0749915492483295,0.01496110986733967,0.898404150188853,0.0,0.0,0.0,0.0,0,0.0356
98,0,0.0,0.014756199430508718,0.1668982789968415,0.9663563830408382,0.9923249359264235,-0.07984164285539513,0.04876799200006812,0.08085923918175116,0.03885128960129275,-0.0391642158390086,0.2191200138211961,0.8176382601526544,0.05772276452557978,-1.6034870179987424,-0.35141547715712135,2.4280297374096715,1.4702842049122038,-0.2894490659236908,-0.09165038168430328,0.04619307816028595,-0.0025449851527810097,0.012396671809256077,-0.006231663748621941,1.0091592073440552,-0.2894490659236908,-0.09165038168430328,0.04619307816028595,-0.0025449851527810097,0.012396671809256077,-0.006231663748621941,-1.0,0.07668303942933519,0.03753319957690388,0.9093709548372153,0.07164313358856893,0.20060694413704327,0.90249983433471,-0.0749915492483295,0.01496110986733967,0.898404150188853,0.0,0.0,0.0,0.0,0,0.0361
99,0,0.0,0.013692059141951604,0.16638648946044304,0.9685535820439037,0.9923402822499858,-0.08024492595535088,0.0447924597968786,0.0825539316312833,0.03889274548917404,-0.03920787173389318,0.21811770018001325,0.8131391823655292,0.0596556599941894,-1.6029478639590604,-0.34858641125249384,2.41425248289613,1.4674579470455689,-0.29675227403640747,-0.062262311577796936,-0.08263172209262848,-0.004401441663503647,0.010628442279994488,-0.0024080369621515274,1.010620355606079,-0.29675227403640747,-0.062262311577796936,-0.08263172209262848,-0.004401441663503647,0.010628442279994488,-0.0024080369621515274,-1.0,0.07668303942933519,0.03753319957690388,0.9093709548372153,0.0716431335763358,0.2006069441427933,0.9024998345763652,-0.0749915492483295,0.01496110986733967,0.898404150188853,0.0,0.0,0.0,0.0,0,0.0354
100,1,0.0532,0.011793492571605058,0.16596126528080404,0.969830154499448,0.9923517759394193,-0.08048354365703081,0.040978052021180336,0.0841495766052101,0.03893333064442721,-0.039248743578479066,0.2172639147412035,0.8084757479005397,0.061530504984214675,-1.605862790348926,-0.3470626933094744,2.4040962882834718,1.4662008293291844,-0.08210034668445587,-0.29715168476104736,-0.013333618640899658,0.01173409353941679,0.08542454242706299,0.01285272091627121,0.7633665800094604,-0.08210034668445587,-0.29715168476104736,-0.013333618640899658,0.01173409353941679,0.08542454242706299,0.01285272091627121,-1.0,0.07668303942933519,0.03753319957690388,0.9093709548372153,0.07164313357304253,0.20060694414433897,0.9024998346421644,-0.0749915492483295,0.01496110986733967,0.898404150188853,0.0,0.0,0.0,0.0,0,0.0374
101,0,0.0,0.009672556964450013,0.16474840640488012,0.9697752470628795,0.9924052842402905,-0.0803973857548152,0.036974262883716344,0.08544539812034212,0.03896938152767899,-0.03929065227961827,0.21564369571185182,0.805341500030219,0.06259237196545439,-1.6099772446134075,-0.34475293940641827,2.3969027294526954,1.4629713740731751,-0.19499638676643372,-0.2026868313550949,-0.05625741183757782,0.0025776540860533714,0.06526372581720352,0.012142069637775421,1.034841775894165,-0.19499638676643372,-0.2026868313550949,-0.05625741183757782,0.0025776540860533714,0.06526372581720352,0.012142069637775421,-1.0,0.07668303942933519,0.03753319957690388,0.9093709548372153,0.07164313357215595,0.20060694414475447,0.9024998346600808,-0.0749915492483295,0.01496110986733967,0.898404150188853,0.0,0.0,0.0,0.0,0,0.0362
102,0,0.0,0.007513791931713653,0.16272167097219584,0.969251502405436,0.9925357878375324,-0.07979145899380347,0.03237358102547342,0.08635962126454015,0.03900502168027787,-0.0393296198762518,0.2131191566824556,0.8026076756772119,0.06321743209131662,-1.6145650022155535,-0.3406660395609333,2.390398430007643,1.4563423949994774,-0.27646297216415405,-0.08729496598243713,-0.14279425144195557,0.0009824796579778194,0.029017720371484756,0.012526117265224457,1.0018123388290405,-0.27646297216415405,-0.08729496598243713,-0.14279425144195557,0.0009824796579778194,0.029017720371484756,0.012526117265224457,-1.0,0.07668303942933519,0.03753319957690388,0.9093709548372153,0.07164313357191726,0.20060694414486618,0.9024998346649593,-0.0749915492483295,0.01496110986733967,0.898404150188853,0.0,0.0,0.0,0.0,0,0.0371
103,0,0.0,0.005240191447478389,0.16107478281315749,0.9685521765712677,0.9926960246159857,-0.07878330122685845,0.02826112719520469,0.0868855733080682,0.03904091783952208,-0.03936513442578129,0.21075516565871455,0.7998249519748261,0.06410983814398374,-1.6201844223099424,-0.3372110424434298,2.386073844707582,1.4500885497658376,-0.26919496059417725,-0.017823606729507446,-0.23158925771713257,-0.0007835454307496548,0.0037110084667801857,0.014376785606145859,0.9932597279548645,-0.26919496059417725,-0.017823606729507446,-0.23158925771713257,-0.0007835454307496548,0.0037110084667801857,0.014376785606145859,-1.0,0.07668303942933519,0.03753319957690388,0.9093709548372153,0.071643133571853,0.20060694414489613,0.9024998346662876,-0.0749915492483295,0.01496110986733967,0.898404150188853,0.0,0.0,0.0,0.0,0,0.036
104,1,0.0532,0.0030314539013467814,0.16011567542785676,0.9671835400109768,0.9928493363141999,-0.07758947769300095,0.02547993923022818,0.08706802529403485,0.03907565687162272,-0.039398751041636475,0.20901067555474814,0.7981542951439213,0.06509026043656355,-1.6265427044018723,-0.33593615092805185,2.3859817900306983,1.4463686859701799,-0.31506046652793884,-0.1818207949399948,-0.14485915005207062,0.00499772559851408,0.038584768772125244,0.023282069712877274,0.9945340156555176,-0.31506046652793884,-0.1818207949399948,-0.14485915005207062,0.00499772559851408,0.038584768772125244,0.023282069712877274,-1.0,0.07668303942933519,0.03753319957690388,0.9093709548372153,0.07164313357183567,0.20060694414490418,0.9024998346666494,-0.0749915492483295,0.01496110986733967,0.898404150188853,0.0,0.0,0.0,0.0,0,0.0379
105,0,0.0,9.22388283585338e-05,0.15894775282142096,0.9654005010898734,0.9929559314675502,-0.0763519501110847,0.022292230470198668,0.08781773362087185,0.03910586799451199,-0.03943396508275939,0.20743941990990436,0.7956605499496497,0.06584668744231939,-1.635294800890812,-0.3356144481614093,2.3858792878209565,1.4435510781635275,-0.3625929355621338,-0.11340053379535675,-0.13483434915542603,-0.004345281515270472,0.027540255337953568,0.05195663124322891,1.0016660690307617,-0.3625929355621338,-0.11340053379535675,-0.13483434915542603,-0.004345281515270472,0.027540255337953568,0.05195663124322891,-1.0,0.07668303942933519,0.03753319957690388,0.9093709548372153,0.07164313357183102,0.20060694414490635,0.9024998346667481,-0.0749915492483295,0.01496110986733967,0.898404150188853,0.0,0.0,0.0,0.0,0,0.0367
106,0,0.0,-0.003435573677939069,0.15767210086437555,0.9640522211822812,0.9931051457606443,-0.07411782503774844,0.018805624497650043,0.08885418370935318,0.039136260613785834,-0.03946619086963724,0.20587859806607228,0.7910812310675515,0.0667405328450119,-1.6465430899562778,-0.33581309271999754,2.3856371048477847,1.4392595363892127,-0.34200069308280945,-0.09715281426906586,-0.1922260969877243,-0.00024163955822587013,0.010939541272819042,0.06497974693775177,0.9811556935310364,-0.34200069308280945,-0.09715281426906586,-0.1922260969877243,-0.00024163955822587013,0.010939541272819042,0.06497974693775177,-1.0,0.07668303942933519,0.03753319957690388,0.9093709548372153,0.07164313357182978,0.20060694414490693,0.9024998346667749,-0.0749915492483295,0.01496110986733967,0.898404150188853,0.0,0.0,0.0,0.0,0,0.0367
107,0,0.0,-0.006946170618608433,0.15669427419939447,0.962689098850925,0.9933293654300781,-0.0706756855515479,0.01620209576213997,0.08966164920973957,0.0391656981101283,-0.03949669271768202,0.2045389356755119,0.7862441368875546,0.06764690401979416,-1.6589720993296637,-0.3373157356321658,2.388205339554194,1.4341895611765114,-0.3079545795917511,-0.10582874715328217,-0.2948266267776489,0.0031349854543805122,0.01149285864084959,0.07041976600885391,0.9532235860824585,-0.3079545795917511,-0.10582874715328217,-0.2948266267776489,0.0031349854543805122,0.01149285864084959,0.07041976600885391,-1.0,0.07668303942933519,0.03753319957690388,0.9093709548372153,0.0716431335718294,0.20060694414490693,0.9024998346667821,-0.0749915492483295,0.01496110986733967,0.898404150188853,0.0,0.0,0.0,0.0,0,0.0369
108,1,0.0541,-0.010351398232158271,0.15574524527081268,0.9603182657579062,0.9936004667906752,-0.06661736554821901,0.014432308399623492,0.09006635040360325,0.03919357421796938,-0.039526190192510996,0.20325693210039417,0.7831913773004633,0.06812034468095238,-1.6718316388639383,-0.3397623031645113,2.3948704982787947,1.4289557142401552,-0.12812325358390808,-0.07956483960151672,0.07332651317119598,0.0186995230615139,0.039962030947208405,0.03342317044734955,1.004102110862732,-0.12812325358390808,-0.07956483960151672,0.07332651317119598,0.0186995230615139,0.039962030947208405,0.03342317044734955,-1.0,0.07668303942933519,0.03753319957690388,0.9093709548372153,0.0716431335718294,0.20060694414490693,0.9024998346667837,-0.0749915492483295,0.01496110986733967,0.898404150188853,0.0,0.0,0.0,0.0,0,0.038
109,0,0.0,-0.013320757471767775,0.1549276221672691,0.95883611221541,0.9938568740542885,-0.06342665093471178,0.013179052942777457,0.08973230415950871,0.03921984811745503,-0.039554827686154384,0.2017208004145889,0.7788148495885502,0.06875299172543835,-1.6842266460862576,-0.34051590218125916,2.401345808573856,1.424013031004612,-0.22364553809165955,-0.0023218095302581787,-0.03701651096343994,0.00636700913310051,0.01924769952893257,0.03676141798496246,0.9968529343605042,-0.22364553809165955,-0.0023218095302581787,-0.03701651096343994,0.00636700913310051,0.01924769952893257,0.03676141798496246,-1.0,0.07668303942933519,0.03753319957690388,0.9093709548372153,0.0716431335718294,0.20060694414490693,0.9024998346667837,-0.0749915492483295,0.01496110986733967,0.898404150188853,0.0,0.0,0.0,0.0,0,0.0367
110,0,0.0,-0.01605405590996682,0.15439597820885675,0.9585277599197138,0.9940895091544772,-0.06094352178810941,0.011941735866179536,0.08904678481323013,0.03924555577098368,-0.039581673528303545,0.2001285182800681,0.77295643671604,0.06987196158790183,-1.696081095933855,-0.34005012556429937,2.405991817734671,1.4193469052374343,-0.29790154099464417,-0.049039289355278015,-0.18416935205459595,0.004109532572329044,0.0018934914842247963,0.043880268931388855,0.9868153929710388,-0.29790154099464417,-0.049039289355278015,-0.18416935205459595,0.004109532572329044,0.0018934914842247963,0.043880268931388855,-1.0,0.07668303942933519,0.03753319957690388,0.9093709548372153,0.0716431335718294,0.20060694414490693,0.9024998346667837,-0.0749915492483295,0.01496110986733967,0.898404150188853,0.0,0.0,0.0,0.0,0,0.0371
111,0,0.0,-0.019033656279126173,0.1538343222892888,0.9574780966999863,0.9942914251428084,-0.058311847379590165,0.010706132588669069,0.08871115526051687,0.03926964374172825,-0.03960788624215945,0.19884625313446092,0.768250994459015,0.07068290591291256,-1.7082345741207787,-0.3408408218379645,2.411686793326623,1.4156568032433463,-0.345857173204422,-0.02147023379802704,-0.22566810250282288,-0.001040465198457241,0.007802329026162624,0.05204339325428009,0.9922084808349609,-0.345857173204422,-0.02147023379802704,-0.22566810250282288,-0.001040465198457241,0.007802329026162624,0.05204339325428009,-1.0,0.07668303942933519,0.03753319957690388,0.9093709548372153,0.0716431335718294,0.20060694414490693,0.9024998346667837,-0.0749915492483295,0.01496110986733967,0.898404150188853,0.0,0.0,0.0,0.0,0,0.0363
112,1,0.054,-0.022530621451682904,0.1532873634683785,0.9554526909520269,0.99447715467741,-0.055276966254838855,0.009331050552359263,0.0887275454522009,0.039293281325296504,-0.03963239381761475,0.1979374039710616,0.7645872716738725,0.07130809051788996,-1.721436139218599,-0.34300805612499297,2.4187711406575283,1.41278833521543,-0.16499844193458557,0.006932288408279419,-0.14669525623321533,-0.0001906994730234146,0.06424345821142197,0.03636782243847847,1.029653787612915,-0.16499844193458557,0.006932288408279419,-0.14669525623321533,-0.0001906994730234146,0.06424345821142197,0.03636782243847847,-1.0,0.07668303942933519,0.03753319957690388,0.9093709548372153,0.0716431335718294,0.20060694414490693,0.9024998346667837,-0.0749915492483295,0.01496110986733967,0.898404150188853,0.0,0.0,0.0,0.0,0,0.0375
113,0,0.0,-0.026201337191035883,0.1530513559220577,0.9529006663877733,0.9946698641263834,-0.052331540443843416,0.007646672306963403,0.08851440377817378,0.039316183529269945,-0.03965557464418119,0.19715054531216958,0.7621413756491408,0.07222771913685855,-1.7339557868113689,-0.34458250901988097,2.4259505775190306,1.4100870934882335,-0.26847022771835327,-0.015012413263320923,-0.2704958915710449,0.003567008301615715,0.021562427282333374,0.04223783686757088,0.9559718370437622,-0.26847022771835327,-0.015012413263320923,-0.2704958915710449,0.003567008301615715,0.021562427282333374,0.04223783686757088,-1.0,0.07668303942933519,0.03753319957690388,0.9093709548372153,0.0716431335718294,0.20060694414490693,0.9024998346667837,-0.0749915492483295,0.01496110986733967,0.898404150188853,0.0,0.0,0.0,0.0,0,0.0382
114,0,0.0,-0.029596748463936753,0.15280769421533993,0.949928293613146,0.9948529694159075,-0.0496257119169034,0.005931245266961371,0.08814577863218172,0.03933739079674451,-0.03967847409102174,0.19638182492373782,0.7613198821703409,0.07293871875533008,-1.7448815173799932,-0.34582313609542303,2.4333172129479657,1.4073631631575803,-0.29495662450790405,-0.026819244027137756,-0.295415461063385,0.003951547667384148,0.005625327117741108,0.05038273334503174,1.0133516788482666,-0.29495662450790405,-0.026819244027137756,-0.295415461063385,0.003951547667384148,0.005625327117741108,0.05038273334503174,-1.0,0.07668303942933519,0.03753319957690388,0.9093709548372153,0.0716431335718294,0.20060694414490693,0.9024998346667837,-0.0749915492483295,0.01496110986733967,0.898404150188853,0.0,0.0,0.0,0.0,0,0.0378
115,0,0.0,-0.03288993714295832,0.15246750305455833,0.9466042190405676,0.9950194192646737,-0.04670181223653175,0.0046695704281612925,0.08794027025220205,0.039357699140147855,-0.03970038106106571,0.19584419780620635,0.7612763737024663,0.07320191948077638,-1.7557000391330513,-0.34824948304257813,2.4420326013478015,1.4051734200483341,-0.29496514797210693,-0.034555092453956604,-0.32991552352905273,0.0054601822048425674,0.006323720328509808,0.050407811999320984,0.06439697742462158,-0.29496514797210693,-0.034555092453956604,-0.32991552352905273,0.0054601822048425674,0.006323720328509808,0.050407811999320984,1.0,0.07668303942933519,0.03753319957690388,0.9093709548372153,0.0716431335718294,0.20060694414490693,0.9024998346667837,-0.0749915492483295,0.01496110986733967,0.898404150188853,0.0,0.0,0.0,0.0,0,0.037
116,1,0.0536,-0.03627017649204724,0.15211641622377037,0.9429194399107416,0.9951794622787212,-0.04358904820436754,0.0036990215648378746,0.08777328736429038,0.039033606960736406,-0.03938339139028848,0.19549257626890668,0.7618130790270318,0.07319700120373401,-1.7668701132206586,-0.35151179386315634,2.4521261892474375,1.4034907002319312,-0.20318156480789185,0.1652332991361618,-0.1523885726928711,-0.0026398650370538235,-0.011958278715610504,0.03460145741701126,1.0135773420333862,-0.20318156480789185,0.1652332991361618,-0.1523885726928711,-0.0026398650370538235,-0.011958278715610504,0.03460145741701126,-1.0,0.07668303942933519,0.03753319957690388,0.9093709548372153,0.0716431335718294,0.20060694414490693,0.9024998346667837,-0.0749915492483295,0.01496110986733967,0.898404150188853,0.0,0.0,0.0,0.0,0,0.0379
117,0,0.0,-0.03911510580569546,0.15255940307735216,0.9400180172505672,0.9953537565097328,-0.040685332535218444,0.003946301607296324,0.08717814991203315,0.03838814656640879,-0.03871383898621646,0.19565808340598287,0.7616378083086813,0.07370014114361238,-1.7772124338571509,-0.35556651712944476,2.4631054098333287,1.4036978056756777,-0.22230207920074463,0.08864855021238327,-0.155030757188797,0.0027958834543824196,-0.02647329494357109,0.03081328049302101,0.9062151312828064,-0.22230207920074463,0.08864855021238327,-0.155030757188797,0.0027958834543824196,-0.02647329494357109,0.03081328049302101,-1.0,0.07668303942933519,0.03753319957690388,0.9093709548372153,0.0716431335718294,0.20060694414490693,0.9024998346667837,-0.0749915492483295,0.01496110986733967,0.898404150188853,0.0,0.0,0.0,0.0,0,0.0364
118,0,0.0,-0.04157793471164372,0.15349552805129799,0.9380410737731356,0.9954874196980815,-0.03831165003906001,0.005024148165125839,0.08667048303403914,0.038526558037181385,-0.03887270250394892,0.19637063844972266,0.7603588492362217,0.07433188603902409,-1.7870758267589684,-0.36062742968500255,2.473544848382263,1.4062606069346417,-0.19111832976341248,0.0444754883646965,-0.16041752696037292,0.0017535267397761345,-0.015441037714481354,0.03907989338040352,1.0109820365905762,-0.19111832976341248,0.0444754883646965,-0.16041752696037292,0.0017535267397761345,-0.015441037714481354,0.03907989338040352,-1.0,0.07668303942933519,0.03753319957690388,0.9093709548372153,0.0716431335718294,0.20060694414490693,0.9024998346667837,-0.0749915492483295,0.01496110986733967,0.898404150188853,0.0,0.0,0.0,0.0,0,0.0363
119,0,0.0,-0.04405304743527715,0.1542323771402801,0.9361020398905691,0.9955864152817778,-0.0360507867143412,0.006157857698183836,0.08642980546214367,0.0386485016194241,-0.0390126313380563,0.19722007437719424,0.7590324102501164,0.07457355408373337,-1.79699726156158,-0.3662325566656998,2.4838547549932395,1.4093072432697653,-0.1227254867553711,0.057164885103702545,-0.23345479369163513,0.0033407891169190407,-0.043769799172878265,0.04387529194355011,0.7879213094711304,-0.1227254867553711,0.057164885103702545,-0.23345479369163513,0.0033407891169190407,-0.043769799172878265,0.04387529194355011,-1.0,0.07668303942933519,0.03753319957690388,0.9093709548372153,0.0716431335718294,0.20060694414490693,0.9024998346667837,-0.0749915492483295,0.01496110986733967,0.898404150188853,0.0,0.0,0.0,0.0,0,0.0369
120,1,0.0539,-0.04585958687829499,0.1548598935195085,0.933823064898057,0.9957000775213439,-0.03351907794894554,0.008274199811819892,0.08596141375591172,0.038724057676377155,-0.03908632346953207,0.19814072950054112,0.7594117166831834,0.07411477601823974,-1.8053893955523475,-0.37286146112775403,2.4965838635709834,1.4123644610999513,-0.07551437616348267,-0.011882245540618896,-0.2439691722393036,0.0025032414123415947,0.015823837369680405,0.060080960392951965,1.0051956176757812,-0.07551437616348267,-0.011882245540618896,-0.2439691722393036,0.0025032414123415947,0.015823837369680405,0.060080960392951965,-1.0,0.07668303942933519,0.03753319957690388,0.9093709548372153,0.0716431335718294,0.20060694414490693,0.9024998346667837,-0.0749915492483295,0.01496110986733967,0.898404150188853,0.0,0.0,0.0,0.0,0,0.0373
121,0,0.0,-0.047783782988724426,0.1552388891707386,0.930537874089334,0.9958251556841737,-0.030378352897300676,0.009837082148024014,0.08551401520598986,0.038771645273310215,-0.0391356381699772,0.19889968776811082,0.7619837976473034,0.07338152581523119,-1.8128406768592389,-0.3792354703464284,2.5094641884646824,1.4137020132989915,-0.107184499502182,0.05015292018651962,-0.25851479172706604,0.001277388073503971,-0.058261800557374954,0.06234602630138397,0.9775561094284058,-0.107184499502182,0.05015292018651962,-0.25851479172706604,0.001277388073503971,-0.058261800557374954,0.06234602630138397,-1.0,0.07668303942933519,0.03753319957690388,0.9093709548372153,0.0716431335718294,0.20060694414490693,0.9024998346667837,-0.0749915492483295,0.01496110986733967,0.898404150188853,0.0,0.0,0.0,0.0,0,0.0363
122,0,0.0,-0.04901553615845993,0.1554555080442317,0.9273405128323059,0.9959479706896001,-0.026732392028348984,0.012094373086302308,0.08501026429413068,0.03881652385335374,-0.0391805412288936,0.19968498660454193,0.7653802720197231,0.0720545427081957,-1.8186016219499406,-0.38641336325069997,2.523283130287938,1.4142923673481365,-0.1766456961631775,0.08032738417387009,-0.2236725389957428,0.002218250185251236,-0.08159524202346802,0.05791025608778,1.01836097240448,-0.1766456961631775,0.08032738417387009,-0.2236725389957428,0.002218250185251236,-0.08159524202346802,0.05791025608778,-1.0,0.07668303942933519,0.03753319957690388,0.9093709548372153,0.0716431335718294,0.20060694414490693,0.9024998346667837,-0.0749915492483295,0.01496110986733967,0.898404150188853,0.0,0.0,0.0,0.0,0,0.0364
123,0,0.0,-0.049867520267015325,0.15592796112275842,0.9247939443995314,0.996024820127454,-0.023027363283238955,0.015577730560578457,0.08462642932840349,0.03885995173344947,-0.039223018524781945,0.20105794127162424,0.7677416403350403,0.07039268404857048,-1.8246809985313377,-0.3956701695039086,2.5382142916281767,1.417003163990173,-0.2036210596561432,0.11846019327640533,-0.18145668506622314,0.004271281883120537,-0.08587383478879929,0.058624379336833954,1.006661295890808,-0.2036210596561432,0.11846019327640533,-0.18145668506622314,0.004271281883120537,-0.08587383478879929,0.058624379336833954,-1.0,0.07668303942933519,0.03753319957690388,0.9093709548372153,0.0716431335718294,0.20060694414490693,0.9024998346667837,-0.0749915492483295,0.01496110986733967,0.898404150188853,0.0,0.0,0.0,0.0,0,0.0365
124,1,0.0536,-0.05108434351223191,0.15692753441475532,0.9228279752010393,0.9960608423318958,-0.01940289702203829,0.019509848808319675,0.08429526534569798,0.038902049540445405,-0.03926313697177122,0.2030719564944935,0.7683194317652283,0.0689852202389277,-1.8325036890563964,-0.4063662211893945,2.5535434193982964,1.4221122273091034,-0.20969495177268982,0.03797517716884613,-0.285412073135376,0.0014346055686473846,-0.05259533226490021,0.028025735169649124,0.9903424382209778,-0.20969495177268982,0.03797517716884613,-0.285412073135376,0.0014346055686473846,-0.05259533226490021,0.028025735169649124,-1.0,0.07668303942933519,0.03753319957690388,0.9093709548372153,0.0716431335718294,0.20060694414490693,0.9024998346667837,-0.0749915492483295,0.01496110986733967,0.898404150188853,0.0,0.0,0.0,0.0,0,0.0381
125,0,0.0,-0.0530633798914864,0.15776670518223682,0.9202405170984636,0.9960529199949768,-0.016702203958245454,0.0228185914954851,0.08413637046235369,0.038940814052877935,-0.03930305993713772,0.20532515035262877,0.769316009862088,0.06719312011927285,-1.8416476257768695,-0.41722821593463094,2.5690349315828573,1.4296292952069247,-0.17068910598754883,0.07954796403646469,-0.24699270725250244,0.0011771009303629398,-0.03734416142106056,0.027553897351026535,0.9938225150108337,-0.17068910598754883,0.07954796403646469,-0.24699270725250244,0.0011771009303629398,-0.03734416142106056,0.027553897351026535,-1.0,0.07668303942933519,0.03753319957690388,0.9093709548372153,0.0716431335718294,0.20060694414490693,0.9024998346667837,-0.0749915492483295,0.01496110986733967,0.898404150188853,0.0,0.0,0.0,0.0,0,0.0377
126,0,0.0,-0.05487835313058681,0.158670384108992,0.9176052914994101,0.9960446595684519,-0.014954237506035584,0.026247702735375668,0.08356114543790183,0.03897951425468657,-0.03893455116766606,0.2076049379258793,0.7706872928798304,0.06529942480939226,-1.8499357607363787,-0.4272893645843993,2.5848928908514925,1.4383068037904505,-0.13356679677963257,0.11587419360876083,-0.17316444218158722,-0.0010506249964237213,-0.03146475553512573,0.02507099136710167,0.9900776743888855,-0.13356679677963257,0.11587419360876083,-0.17316444218158722,-0.0010506249964237213,-0.03146475553512573,0.02507099136710167,-1.0,0.07668303942933519,0.03753319957690388,0.9093709548372153,0.0716431335718294,0.20060694414490693,0.9024998346667837,-0.0749915492483295,0.01496110986733967,0.898404150188853,0.0,0.0,0.0,36.17625118241879,1,0.0406
127,0,0.0,-0.054909595425538804,0.16016286551284312,0.9175142210557631,0.9960326807611213,-0.01397754061848494,0.031083090782094747,0.08220321576132882,0.03901531171363549,-0.03743186450836758,0.20968335412758043,0.7695168031581849,0.06399696493580044,-1.8552094013373208,-0.43524323618132366,2.5982118787002033,1.4461433907749732,-0.1213122308254242,0.1827191412448883,-0.10567184537649155,-0.013285414315760136,-0.056629497557878494,0.012187067419290543,0.9969760179519653,-0.1213122308254242,0.1827191412448883,-0.10567184537649155,-0.013285414315760136,-0.056629497557878494,0.012187067419290543,-1.0,0.07668303942933519,0.03753319957690388,0.9093709548372153,0.0716431335718294,0.20060694414490693,0.9024998346667837,-0.0749915492483295,0.01496110986733967,0.898404150188853,0.0,0.0,0.0,17.430866007984875,1,0.0402
128,1,0.054,-0.05492753651928392,0.16110391807688731,0.9175202973546316,0.9959499325770247,-0.013313178782783541,0.03507695292171934,0.0817073952849036,0.03904927799898769,-0.03647997988863226,0.21185296947191784,0.7683978267350899,0.06220088430536179,-1.8594759016136821,-0.44312886475458335,2.6084051315602896,1.453927284667362,-0.13488683104515076,0.012464150786399841,-0.23745641112327576,0.0006843819282948971,-0.11155728995800018,-0.005290241912007332,0.9686257243156433,-0.13488683104515076,0.012464150786399841,-0.23745641112327576,0.0006843819282948971,-0.11155728995800018,-0.005290241912007332,-1.0,0.07668303942933519,0.03753319957690388,0.9093709548372153,0.0716431335718294,0.20060694414490693,0.9024998346667837,-0.0749915492483295,0.01496110986733967,0.898404150188853,0.0,0.0,0.0,8.494061061040426,1,0.0383
129,0,0.0,-0.05498101995026478,0.16176284986380696,0.9173532175906425,0.9957948308068942,-0.012927625623628147,0.03935943410767129,0.08170903487819793,0.03908229894689495,-0.03582814782661158,0.2144982295453741,0.7674895515662375,0.05950985127132998,-1.8640171117295354,-0.45289076001547596,2.6191985833302383,1.4639250402443515,-0.1320645809173584,0.01811520755290985,-0.16900178790092468,-0.0006116884760558605,-0.020216431468725204,-0.004509663209319115,0.9871425628662109,-0.1320645809173584,0.01811520755290985,-0.16900178790092468,-0.0006116884760558605,-0.020216431468725204,-0.004509663209319115,-1.0,0.07668303942933519,0.03753319957690388,0.9093709548372153,0.0716431335718294,0.20060694414490693,0.9024998346667837,-0.0749915492483295,0.01496110986733967,0.898404150188853,0.0,0.0,0.0,27.525237049797187,1,0.0377
130,0,0.0,-0.05512334237662364,0.16232241589605237,0.9172558555508366,0.9956397763439938,-0.013362440752084093,0.043502601186899324,0.0814272965829134,0.03911383378688227,-0.035264463753843484,0.21694780421140783,0.766261168688203,0.05681186753828073,-1.8688646682973844,-0.4614544009962593,2.6298179541809774,1.4744402338630562,-0.1411895453929901,0.047563984990119934,-0.1530437171459198,0.000797550193965435,-0.0014756284654140472,-0.002645246684551239,1.0313827991485596,-0.1411895453929901,0.047563984990119934,-0.1530437171459198,0.000797550193965435,-0.0014756284654140472,-0.002645246684551239,-1.0,0.07668303942933519,0.03753319957690388,0.9093709548372153,0.0716431335718294,0.20060694414490693,0.9024998346667837,-0.0749915492483295,0.01496110986733967,0.898404150188853,0.0,0.0,0.0,20.12089748730581,1,0.0375
131,0,0.0,-0.055294633295399534,0.16268071345577056,0.9172081197552958,0.9955412038710866,-0.014380484527994564,0.04636564545730937,0.08087731437785006,0.03914413554721603,-0.03488348484667932,0.218626468381838,0.7652135697013289,0.05480890695318344,-1.8726472825470393,-0.46640409563864793,2.637695531820547,1.4822495750305338,-0.0975978672504425,0.08019628375768661,-0.15428291261196136,0.0015573599375784397,-0.0031576668843626976,-0.0027296990156173706,-0.11601652950048447,-0.0975978672504425,0.08019628375768661,-0.15428291261196136,0.0015573599375784397,-0.0031576668843626976,-0.0027296990156173706,1.0,0.07668303942933519,0.03753319957690388,0.9093709548372153,0.0716431335718294,0.20060694414490693,0.9024998346667837,-0.0749915492483295,0.01496110986733967,0.898404150188853,0.0,0.0,0.0,16.097385297635086,1,0.0374
132,1,0.0538,-0.05540421630649472,0.16320484423369397,0.9170649429158821,0.9955004789688596,-0.015155949238794486,0.048364541472334405,0.08006225517440421,0.038876601885570176,-0.03431724297266557,0.2198693741893895,0.7648947060935903,0.05364583353351617,-1.875021094477286,-0.4690191919640839,2.6437580576662554,1.487344547625683,-0.03183479607105255,0.033142559230327606,-0.05172235518693924,-0.013168036006391048,0.0023819273337721825,0.002156483009457588,0.9980280995368958,-0.03183479607105255,0.033142559230327606,-0.05172235518693924,-0.013168036006391048,0.0023819273337721825,0.002156483009457588,-1.0,0.07668303942933519,0.03753319957690388,0.9093709548372153,0.0716431335718294,0.20060694414490693,0.9024998346667837,-0.0749915492483295,0.01496110986733967,0.898404150188853,0.0,0.0,0.0,15.97171989711532,1,0.0392
133,0,0.0,-0.05545299046396975,0.1635451376572795,0.9170421038178234,0.9954554591240159,-0.015444598707012702,0.04966789361720403,0.07976837477724472,0.038266330856647685,-0.03397475595946337,0.2209928127626659,0.7645508854389897,0.052612595589666876,-1.8764373867661153,-0.47109633592182476,2.6471728960883545,1.490594395127315,-0.027757465839385986,-0.003921240568161011,0.027818351984024048,-0.0038555478677153587,0.007809880189597607,-0.0036455094814300537,0.9837908744812012,-0.027757465839385986,-0.003921240568161011,0.027818351984024048,-0.0038555478677153587,0.007809880189597607,-0.0036455094814300537,-1.0,0.07668303942933519,0.03753319957690388,0.9093709548372153,0.0716431335718294,0.20060694414490693,0.9024998346667837,-0.0749915492483295,0.01496110986733967,0.898404150188853,0.0,0.0,0.0,10.347531545031257,1,0.0406
134,0,0.0,-0.05557826990366599,0.16329765720424477,0.9173345018270344,0.9953954293162681,-0.015732396504579804,0.05016955080902156,0.08014641082496814,0.03845084932442134,-0.03439468570229615,0.2217828072645244,0.7633147801234038,0.051483727577354234,-1.8779114370612378,-0.4722252967001487,2.6479149146820307,1.4923407569638956,-0.15944820642471313,-0.019342347979545593,-0.13132324814796448,0.004134485498070717,-0.004577083513140678,-0.003650868311524391,0.9733737111091614,-0.15944820642471313,-0.019342347979545593,-0.13132324814796448,0.004134485498070717,-0.004577083513140678,-0.003650868311524391,-1.0,0.07668303942933519,0.03753319957690388,0.9093709548372153,0.0716431335718294,0.20060694414490693,0.9024998346667837,-0.0749915492483295,0.01496110986733967,0.898404150188853,0.0,0.0,0.0,0.0,0,0.0423
135,0,0.0,-0.05590821312006537,0.16303304637142038,0.9174189675547155,0.9953750667512697,-0.016206637450255745,0.050218754428737876,0.08027389423770417,0.03861667652123447,-0.035242779835810305,0.22224323296304388,0.7623572410353305,0.0506820788213206,-1.8795599353772805,-0.47217660655873317,2.6486526808428934,1.4933631317733784,-0.3006116449832916,-0.019036531448364258,-0.24653178453445435,-0.002085121814161539,-0.0037138969637453556,-0.002782002091407776,1.011988878250122,-0.3006116449832916,-0.019036531448364258,-0.24653178453445435,-0.002085121814161539,-0.0037138969637453556,-0.002782002091407776,-1.0,0.07668303942933519,0.03753319957690388,0.9093709548372153,0.0716431335718294,0.20060694414490693,0.9024998346667837,-0.0749915492483295,0.01496110986733967,0.898404150188853,0.0,0.0,0.0,7.279283720171283,1,0.0419
136,1,0.0535,-0.05608444964040435,0.16268604975508405,0.9174089230062487,0.9953591414781332,-0.016996810061865264,0.05042963143562276,0.08017568332668197,0.03871006012721702,-0.03560269539654068,0.22249755372084218,0.7617529949495698,0.049807040991517504,-1.880944505958977,-0.47186169384834264,2.649983306327387,1.4945753397429222,-0.07804611325263977,-0.029113858938217163,-0.1287422776222229,-0.0013556466437876225,-0.03752670809626579,-0.012271437793970108,1.021271824836731,-0.07804611325263977,-0.029113858938217163,-0.1287422776222229,-0.0013556466437876225,-0.03752670809626579,-0.012271437793970108,-1.0,0.07668303942933519,0.03753319957690388,0.9093709548372153,0.0716431335718294,0.20060694414490693,0.9024998346667837,-0.0749915492483295,0.01496110986733967,0.898404150188853,0.0,0.0,0.0,13.245789874712548,1,0.0387
137,0,0.0,-0.05617864376397881,0.1624194077219016,0.9173776402130454,0.995323952883203,-0.017569866648738497,0.051062541279523144,0.0800883604587916,0.03876623958852955,-0.0358668213993056,0.22296371781078883,0.7612725329624744,0.04871795526586634,-1.88238547199238,-0.47272368889465705,2.6522478887254666,1.49650116713541,-0.2715511918067932,-0.017978012561798096,-0.3323299288749695,0.001333889551460743,-0.043158262968063354,0.013829313218593597,1.0012329816818237,-0.2715511918067932,-0.017978012561798096,-0.3323299288749695,0.001333889551460743,-0.043158262968063354,0.013829313218593597,-1.0,0.07668303942933519,0.03753319957690388,0.9093709548372153,0.0716431335718294,0.20060694414490693,0.9024998346667837,-0.0749915492483295,0.01496110986733967,0.898404150188853,0.0,0.0,0.0,14.908044858908926,1,0.0377
138,0,0.0,-0.05619549828749392,0.1624968317783251,0.9172201180385552,0.9952768165262111,-0.017422699503615413,0.052479855137308754,0.07978955340283322,0.038812956788516484,-0.035779062915164736,0.22381061062127444,0.7611638762380741,0.047471103659442834,-1.8840566307435758,-0.4753538273608217,2.656670588273648,1.4990706151901776,-0.38744860887527466,0.024261631071567535,-0.37864094972610474,0.001825416460633278,-0.023654233664274216,0.017897017300128937,0.984470784664154,-0.38744860887527466,0.024261631071567535,-0.37864094972610474,0.001825416460633278,-0.023654233664274216,0.017897017300128937,-1.0,0.07668303942933519,0.03753319957690388,0.9093709548372153,0.0716431335718294,0.20060694414490693,0.9024998346667837,-0.0749915492483295,0.01496110986733967,0.898404150188853,0.0,0.0,0.0,28.603243992195928,1,0.0374
139,0,0.0,-0.05620278499564176,0.16285280560967988,0.9170834653731493,0.9952366170835718,-0.01711388614466819,0.054274884654625974,0.07915445541977424,0.038856906004951564,-0.03540490959444423,0.22474656806555884,0.761003578985168,0.04635396186652615,-1.8860101014434363,-0.47827193525795286,2.6621915334854203,1.5019867024757103,-0.4968060851097107,0.0722423642873764,-0.3874565660953522,0.0007276944816112518,-0.02943650260567665,0.033376459032297134,0.885276734828949,-0.4968060851097107,0.0722423642873764,-0.3874565660953522,0.0007276944816112518,-0.02943650260567665,0.033376459032297134,-1.0,0.07668303942933519,0.03753319957690388,0.9093709548372153,0.0716431335718294,0.20060694414490693,0.9024998346667837,-0.0749915492483295,0.01496110986733967,0.898404150188853,0.0,0.0,0.0,26.064536469256833,1,0.0405
140,1,0.0534,-0.05632858877364582,0.16324539703221913,0.9171075254016181,0.9951975738319916,-0.01675904725738131,0.05602194385742036,0.07850137056368672,0.03889873707999567,-0.03501885928501251,0.22568387631790335,0.76025908692962,0.04534140007142966,-1.8885171428632916,-0.48118879435631334,2.667583828874488,1.5048345458853631,-0.26203209161758423,0.07375159114599228,-0.5663180351257324,-0.005845766514539719,-0.03389234095811844,0.04771890491247177,1.041953444480896,-0.26203209161758423,0.07375159114599228,-0.5663180351257324,-0.005845766514539719,-0.03389234095811844,0.04771890491247177,-1.0,0.07668303942933519,0.03753319957690388,0.9093709548372153,0.0716431335718294,0.20060694414490693,0.9024998346667837,-0.0749915492483295,0.01496110986733967,0.898404150188853,0.0,0.0,0.0,21.160770437715104,1,0.0389
141,0,0.0,-0.056216035611955206,0.16447246028719284,0.9165218547754572,0.9951903938004368,-0.014916229330808994,0.05837740229443134,0.07723771806076878,0.03894174608291491,-0.03374664285469246,0.22698069636855775,0.7617930039819061,0.0448124019941753,-1.8894288469399365,-0.48529517449827336,2.6754196548467313,1.5065524457212698,-0.18895453214645386,0.0011970996856689453,-0.3270455598831177,0.0003371359780430794,-0.002825288102030754,0.021907370537519455,0.938364565372467,-0.18895453214645386,0.0011970996856689453,-0.3270455598831177,0.0003371359780430794,-0.002825288102030754,0.021907370537519455,-1.0,0.07668303942933519,0.03753319957690388,0.9093709548372153,0.0716431335718294,0.20060694414490693,0.9024998346667837,-0.0749915492483295,0.01496110986733967,0.898404150188853,0.0,0.0,0.0,67.07508245506595,1,0.0381
142,0,0.0,-0.05601464382866844,0.1659122746489676,0.9162370367040923,0.9951793393609214,-0.012837852104561287,0.060608633716751764,0.07602542720359562,0.03897877674973348,-0.03229245431523067,0.2282863763699881,0.7627539793700885,0.04459446551217453,-1.890020868017589,-0.48888979728909493,2.681849140404217,1.5076603433019766,-0.148806631565094,-0.05821734666824341,-0.1516745537519455,0.0013232724741101265,0.04106481373310089,0.01397392526268959,1.0269697904586792,-0.148806631565094,-0.05821734666824341,-0.1516745537519455,0.0013232724741101265,0.04106481373310089,0.01397392526268959,-1.0,0.07668303942933519,0.03753319957690388,0.9093709548372153,0.0716431335718294,0.20060694414490693,0.9024998346667837,-0.0749915492483295,0.01496110986733967,0.898404150188853,0.0,0.0,0.0,40.05182432521171,1,0.0378
143,0,0.0,-0.05598475829172325,0.16603433965277015,0.916355417547571,0.9951747044593207,-0.012319362863862482,0.06134455318694698,0.07558033274089823,0.0390132783647172,-0.03216852913131445,0.22858807694396047,0.7622587758435596,0.044057831953351945,-1.8910882080277296,-0.48917408602944407,2.6841886595268916,1.5072265455496654,-0.08696527779102325,-0.040801405906677246,-0.02272006869316101,-0.0004765545018017292,0.05483768507838249,0.0031075365841388702,0.9938704967498779,-0.08696527779102325,-0.040801405906677246,-0.02272006869316101,-0.0004765545018017292,0.05483768507838249,0.0031075365841388702,-1.0,0.07668303942933519,0.03753319957690388,0.9093709548372153,0.0716431335718294,0.20060694414490693,0.9024998346667837,-0.0749915492483295,0.01496110986733967,0.898404150188853,0.0,0.0,0.0,16.669020872926836,1,0.0413
144,1,0.0538,-0.056177391766316684,0.1654441896600392,0.9166967294238794,0.9952318665959188,-0.012636823702638134,0.060560366314870114,0.07540745606714885,0.03904778953570078,-0.032834904354641314,0.22789425733411098,0.7608676935318829,0.044041365457519216,-1.8922774420812083,-0.48581750863792844,2.683044820399944,1.5040809936992692,-0.2166396975517273,0.014868877828121185,-0.43819791078567505,0.0015298034995794296,-0.0050161611288785934,0.03006027266383171,0.97368323802948,-0.2166396975517273,0.014868877828121185,-0.43819791078567505,0.0015298034995794296,-0.0050161611288785934,0.03006027266383171,-1.0,0.07668303942933519,0.03753319957690388,0.9093709548372153,0.0716431335718294,0.20060694414490693,0.9024998346667837,-0.0749915492483295,0.01496110986733967,0.898404150188853,0.0,0.0,0.0,7.743724705348505,1,0.0391
145,0,0.0,-0.05615421892647947,0.1654003068678205,0.9163428959274734,0.9953416226374521,-0.011851882416727688,0.05989971927137033,0.07460972295776186,0.039084093893616424,-0.03287953522635356,0.22718299922331214,0.7618992406847884,0.04453692437096814,-1.891725452572543,-0.4823529401104031,2.683714384175015,1.4989330336961828,-0.18693479895591736,0.032645225524902344,-0.3699169158935547,0.0007921643555164337,0.016519688069820404,0.03037944808602333,0.9975509643554688,-0.18693479895591736,0.032645225524902344,-0.3699169158935547,0.0007921643555164337,0.016519688069820404,0.03037944808602333,-1.0,0.07668303942933519,0.03753319957690388,0.9093709548372153,0.0716431335718294,0.20060694414490693,0.9024998346667837,-0.0749915492483295,0.01496110986733967,0.898404150188853,0.0,0.0,0.0,49.35142967891265,1,0.0376
146,0,0.0,-0.055925261836882297,0.1662778444815647,0.9159509307394799,0.9954585038809886,-0.00983486499999453,0.05991978577363642,0.07331617662083045,0.039117475573255046,-0.03197548687539909,0.22689173903843712,0.7634996549701337,0.045662595762880905,-1.890441289313029,-0.4799018920339853,2.685611138762423,1.493320097012932,-0.14005306363105774,0.04514919966459274,-0.22790014743804932,-0.0026657835114747286,0.040203552693128586,0.022724788635969162,0.012342617847025394,-0.14005306363105774,0.04514919966459274,-0.22790014743804932,-0.0026657835114747286,0.040203552693128586,0.022724788635969162,1.0,0.07668303942933519,0.03753319957690388,0.9093709548372153,0.0716431335718294,0.20060694414490693,0.9024998346667837,-0.0749915492483295,0.01496110986733967,0.898404150188853,0.0,0.0,0.0,45.69549437631567,1,0.0384
147,0,0.0,-0.05573844355849936,0.16696000806664094,0.9158770520046484,0.9955708065019719,-0.008194407030645112,0.05945290887125099,0.07236693002452707,0.03885174445788115,-0.03127507546248647,0.22647503768998478,0.7643513592503272,0.046911723840539835,-1.889107494178079,-0.47654602083325304,2.6854442049365583,1.4874120488053597,-0.1830044984817505,0.08441940695047379,-0.15455563366413116,-0.023421645164489746,0.03720672056078911,0.003317803144454956,8.36436083773151e-05,-0.1830044984817505,0.08441940695047379,-0.15455563366413116,-0.023421645164489746,0.03720672056078911,0.003317803144454956,1.0,0.07668303942933519,0.03753319957690388,0.9093709548372153,0.0716431335718294,0.20060694414490693,0.9024998346667837,-0.0749915492483295,0.01496110986733967,0.898404150188853,0.0,0.0,0.0,25.65919501159666,1,0.039
148,1,0.0531,-0.0556378997892083,0.16721328014112458,0.9159748341683196,0.9956597886707721,-0.007418133920451486,0.05827703708072024,0.07218270888725761,0.03691778782129786,-0.031022275815651736,0.22615289737206762,0.7647052702989603,0.04792485609624216,-1.8874460933639725,-0.4728058124356508,2.682378665722615,1.4824994083654972,-0.13137927651405334,-0.02156507968902588,-0.2902294397354126,0.0008341111242771149,0.009734037332236767,0.003043331205844879,0.9972463250160217,-0.13137927651405334,-0.02156507968902588,-0.2902294397354126,0.0008341111242771149,0.009734037332236767,0.003043331205844879,-1.0,0.07668303942933519,0.03753319957690388,0.9093709548372153,0.0716431335718294,0.20060694414490693,0.9024998346667837,-0.0749915492483295,0.01496110986733967,0.898404150188853,0.0,0.0,0.0,9.462491141040164,1,0.0389
149,0,0.0,-0.05555240596684041,0.16780201496493258,0.915761426928056,0.9957455896337855,-0.006952036279807117,0.05713882851379256,0.0719551540370765,0.035131200229592915,-0.030419858583188762,0.2261707700579346,0.7660422400848635,0.04910535761973267,-1.8850704742527784,-0.46951095186676334,2.679619977091679,1.4790032470075252,-0.16066911816596985,0.008638158440589905,-0.25630247592926025,0.0003774911165237427,0.013221156783401966,0.010664770379662514,-0.004696030169725418,-0.16066911816596985,0.008638158440589905,-0.25630247592926025,0.0003774911165237427,0.013221156783401966,0.010664770379662514,1.0,0.07668303942933519,0.03753319957690388,0.9093709548372153,0.0716431335718294,0.20060694414490693,0.9024998346667837,-0.0749915492483295,0.01496110986733967,0.898404150188853,0.0,0.0,0.0,35.58169175631421,1,0.0374
150,0,0.0,-0.05545085345945108,0.16857313946485625,0.9155754857284435,0.9958295308913835,-0.0062947092092092705,0.05636377342396599,0.07146360672418454,0.0345488991761863,-0.029631348942643212,0.22622790613674332,0.7672471006438722,0.05032676039766775,-1.8830447223577995,-0.4666573713945274,2.6779065357369887,1.4757225091370696,-0.13510194420814514,0.01473633199930191,-0.18260151147842407,-0.0018997797742486,0.03440190851688385,0.016057860106229782,-0.02158527821302414,-0.13510194420814514,0.01473633199930191,-0.18260151147842407,-0.0018997797742486,0.03440190851688385,0.016057860106229782,1.0,0.07668303942933519,0.03753319957690388,0.9093709548372153,0.0716431335718294,0.20060694414490693,0.9024998346667837,-0.0749915492483295,0.01496110986733967,0.898404150188853,0.0,0.0,0.0,25.74332647128847,1,0.0395
151,0,0.0,-0.05535440193520151,0.16942737375904948,0.915497053589801,0.9959201010629681,-0.005617933572488465,0.055538647880374346,0.07090169047858688,0.03232515413970944,-0.028756686166982286,0.22622658607774687,0.7682687980600056,0.0517577061835352,-1.8809975236491274,-0.4634870488862761,2.675904401300099,1.4721777938227385,-0.08736002445220947,0.05280978977680206,-0.05413506180047989,-0.00473935017362237,0.051185429096221924,0.013372238725423813,-0.005410087760537863,-0.08736002445220947,0.05280978977680206,-0.05413506180047989,-0.00473935017362237,0.051185429096221924,0.013372238725423813,1.0,0.07668303942933519,0.03753319957690388,0.9093709548372153,0.0716431335718294,0.20060694414490693,0.9024998346667837,-0.0749915492483295,0.01496110986733967,0.898404150188853,0.0,0.0,0.0,14.344367051884308,1,0.0441
152,1,0.0537,-0.05546861653529393,0.1704968580373472,0.915575190060425,0.99603881289702,-0.0049532453379659835,0.05408358974002116,0.07040677441942898,0.02889555277554758,-0.027504998561990943,0.22617543560103978,0.7688286218459078,0.053884747176137365,-1.8789077387583937,-0.4592609169128345,2.6720284111630916,1.4679298775561516,-0.3060258626937866,-0.07737182080745697,-0.39708584547042847,-0.00272335740737617,-0.012445790693163872,0.017731372267007828,0.011862313374876976,-0.3060258626937866,-0.07737182080745697,-0.39708584547042847,-0.00272335740737617,-0.012445790693163872,0.017731372267007828,1.0,0.07668303942933519,0.03753319957690388,0.9093709548372153,0.0716431335718294,0.20060694414490693,0.9024998346667837,-0.0749915492483295,0.01496110986733967,0.898404150188853,0.0,0.0,0.0,0.09782039404865811,1,0.0451
153,0,0.0,-0.05576799519017335,0.17135223487211826,0.9150176582950392,0.9961362134399834,-0.0041029083968103786,0.052587918190560703,0.07021624652828551,0.024776692540758743,-0.025773836139789907,0.2263855464799939,0.7705722574275463,0.05537065180275726,-1.876789864095467,-0.4564812437689199,2.669208301838618,1.4645997230445313,-0.23829877376556396,-0.04634840786457062,-0.25918710231781006,-0.0017652418464422226,-0.0039957305416464806,0.0055924393236637115,-0.02341446466743946,-0.23829877376556396,-0.04634840786457062,-0.25918710231781006,-0.0017652418464422226,-0.0039957305416464806,0.0055924393236637115,1.0,0.07668303942933519,0.03753319957690388,0.9093709548372153,0.0716431335718294,0.20060694414490693,0.9024998346667837,-0.0749915492483295,0.01496110986733967,0.898404150188853,0.0,0.0,0.0,26.20932513744182,2,0.0455
154,0,0.0,-0.05570389054550825,0.17280874496303691,0.9147986385157473,0.9961898811478007,-0.003479859729129564,0.05240413441107936,0.06962340103456743,0.02028074202970499,-0.024264026920577317,0.22719399789914888,0.7720434604546665,0.05678678821589446,-1.8746290722656813,-0.45544433911603766,2.6684186109708747,1.4640517525561139,-0.15887174010276794,0.026475943624973297,-0.21231676638126373,-0.010075904428958893,0.0003680689260363579,0.009340398013591766,0.0023628934286534786,-0.15887174010276794,0.026475943624973297,-0.21231676638126373,-0.010075904428958893,0.0003680689260363579,0.009340398013591766,1.0,0.07668303942933519,0.03753319957690388,0.9093709548372153,0.0716431335718294,0.20060694414490693,0.9024998346667837,-0.0749915492483295,0.01496110986733967,0.898404150188853,0.0,0.0,0.0,13.530730618493806,1,0.045
155,0,0.0,-0.05570350493620092,0.17482768971841817,0.9146240928953555,0.9962286329707644,-0.002904088351889045,0.05252191261114317,0.06900381015358681,0.015575210151811217,-0.02201876251037459,0.22860031790523774,0.7736109367338982,0.05849004685084098,-1.8722795980057922,-0.4554608035137436,2.667815672426916,1.4652545503744796,-0.036011725664138794,0.059218697249889374,-0.05068220943212509,-0.03787718340754509,0.029966793954372406,0.005894215777516365,0.0058761173859238625,-0.036011725664138794,0.059218697249889374,-0.05068220943212509,-0.03787718340754509,0.029966793954372406,0.005894215777516365,1.0,0.07668303942933519,0.03753319957690388,0.9093709548372153,0.0716431335718294,0.20060694414490693,0.9024998346667837,-0.0749915492483295,0.01496110986733967,0.898404150188853,0.0,0.0,0.0,13.023963121185439,2,0.0432
156,1,0.0534,-0.05606124033709553,0.17622827159575388,0.9141949706647208,0.9962138290928343,-0.0022482688302364884,0.05181448913062096,0.06977256428992773,0.010700447460759193,-0.016019564429597895,0.23044975324495495,0.7751542328530406,0.059346124395635434,-1.869995751542562,-0.45694194124025483,2.6642924517681825,1.4672393159707842,-0.2611027956008911,0.1055544763803482,-0.19710126519203186,-0.005251335445791483,-0.021083319559693336,0.01163603737950325,0.00763905281201005,-0.2611027956008911,0.1055544763803482,-0.19710126519203186,-0.005251335445791483,-0.021083319559693336,0.01163603737950325,1.0,0.07668303942933519,0.03753319957690388,0.9093709548372153,0.0716431335718294,0.20060694414490693,0.9024998346667837,-0.0749915492483295,0.01496110986733967,0.898404150188853,0.0,0.0,0.0,0.0,0,0.039
157,0,0.0,-0.05719735670680883,0.17730899298243952,0.9131621843487401,0.9961887505430496,-0.0013767325366250138,0.05046429563356797,0.07112968975896922,0.0065311690440249875,-0.009665964657721064,0.2325773902655643,0.7767534605271197,0.059913607340137044,-1.8693915898797628,-0.4594957719589267,2.6609896476962587,1.4700209216013551,-0.1229451596736908,0.1316508799791336,-0.08062000572681427,-0.025289680808782578,0.0059006353840231895,0.0001279972493648529,-0.002058598445728421,-0.1229451596736908,0.1316508799791336,-0.08062000572681427,-0.025289680808782578,0.0059006353840231895,0.0001279972493648529,1.0,0.07668303942933519,0.03753319957690388,0.9093709548372153,0.0716431335718294,0.20060694414490693,0.9024998346667837,-0.0749915492483295,0.01496110986733967,0.898404150188853,0.0,0.0,0.0,0.0,0,0.0419
158,0,0.0,-0.057996315702971486,0.17893443039376639,0.9126926353852334,0.9961381245560408,-0.0007558072404091343,0.05030937102342249,0.07195298985181586,0.004045395164160692,-0.0065931880441297734,0.2350820658391401,0.7775406398284309,0.0605024477240324,-1.8689240205565316,-0.4630126238103638,2.6594483582739272,1.474729599877545,-0.037585824728012085,0.14717479050159454,-0.019011884927749634,-0.02946695312857628,0.006574512459337711,-0.0018979460000991821,-0.003679443383589387,-0.037585824728012085,0.14717479050159454,-0.019011884927749634,-0.02946695312857628,0.006574512459337711,-0.0018979460000991821,1.0,0.07668303942933519,0.03753319957690388,0.9093709548372153,0.0716431335718294,0.20060694414490693,0.9024998346667837,-0.0749915492483295,0.01496110986733967,0.898404150188853,0.0,0.0,0.0,0.06427150470396059,1,0.0438
159,0,0.0,-0.0586632413526388,0.1804092759566968,0.9123731104365318,0.9960534037364412,-0.00046932704322505403,0.05018102529729131,0.07320697601518229,0.0026375544736389,-0.004317082687285324,0.2377900026243326,0.7782452575136881,0.06080235828417407,-1.8679940007239384,-0.4670884444292468,2.656899281668341,1.4804220235835435,-0.014174699783325195,0.16055062413215637,0.014434009790420532,-0.032605789601802826,0.022126443684101105,-0.0012354198843240738,-0.009017949923872948,-0.014174699783325195,0.16055062413215637,0.014434009790420532,-0.032605789601802826,0.022126443684101105,-0.0012354198843240738,1.0,0.07668303942933519,0.03753319957690388,0.9093709548372153,0.0716431335718294,0.20060694414490693,0.9024998346667837,-0.0749915492483295,0.01496110986733967,0.898404150188853,0.0,0.0,0.0,0.3974324405247164,1,0.0448
160,1,0.0532,-0.059236184414461684,0.18199075171144685,0.9121983444414364,0.9959591465343618,-0.00023949816767132592,0.04993722365473238,0.07464311601768328,0.0018520534341148187,-0.00288917368199921,0.24057536176426222,0.7789294627642602,0.061350739554045595,-1.8664332658765104,-0.4710544184571917,2.653173912657202,1.486169826630456,-0.04715836048126221,0.08825470507144928,-0.04678061604499817,-0.007158152759075165,0.059849563986063004,-0.0030354373157024384,-0.00490028178319335,-0.04715836048126221,0.08825470507144928,-0.04678061604499817,-0.007158152759075165,0.059849563986063004,-0.0030354373157024384,1.0,0.07668303942933519,0.03753319957690388,0.9093709548372153,0.0716431335718294,0.20060694414490693,0.9024998346667837,-0.0749915492483295,0.01496110986733967,0.898404150188853,0.0,0.0,0.0,0.0,0,0.0458
161,0,0.0,-0.059917297824072145,0.18382696967449422,0.912006508894281,0.995937494774272,-0.00030871412990823854,0.04891418567385131,0.07560300019308655,0.0014120167477278266,-0.0015012736399842024,0.2427579963852063,0.7798400636113809,0.06298757937551788,-1.864264033050582,-0.472188092928573,2.6481297133114925,1.4900138888779397,-0.0785292387008667,0.07507378607988358,-0.021946415305137634,-0.0016586745623499155,0.04902065917849541,0.001354064792394638,-0.0045107328332960606,-0.0785292387008667,0.07507378607988358,-0.021946415305137634,-0.0016586745623499155,0.04902065917849541,0.001354064792394638,1.0,0.07668303942933519,0.03753319957690388,0.9093709548372153,0.0716431335718294,0.20060694414490693,0.9024998346667837,-0.0749915492483295,0.01496110986733967,0.898404150188853,0.0,0.0,0.0,0.0,0,0.0428
162,0,0.0,-0.060721653319932,0.1854685625692434,0.9118708176222287,0.9959915630524695,-0.0004807227267091818,0.04694494989649316,0.07613637050171192,0.0011557885904983065,-0.0006802110197413703,0.24395546218507014,0.7804783894983766,0.06540881969315175,-1.862160045732018,-0.4703011794740233,2.6418011355311877,1.4907545207310335,-0.11282241344451904,0.09476283937692642,0.008468225598335266,-0.005841210950165987,0.014217526651918888,0.0011242590844631195,-0.004163972567766905,-0.11282241344451904,0.09476283937692642,0.008468225598335266,-0.005841210950165987,0.014217526651918888,0.0011242590844631195,1.0,0.07668303942933519,0.03753319957690388,0.9093709548372153,0.0716431335718294,0.20060694414490693,0.9024998346667837,-0.0749915492483295,0.01496110986733967,0.898404150188853,0.0,0.0,0.0,7.535523216461266,1,0.0371
163,0,0.0,-0.061558177978085125,0.18684212898166183,0.9121009931462056,0.9960392147978595,-0.00043904603135930254,0.04495134041713733,0.07671418915785708,0.001010905188169285,-0.0005225045947392204,0.24480863175222906,0.780025419559025,0.06779752246361169,-1.8609094467255842,-0.46838421379370854,2.63536521601928,1.4906873422764213,-0.11117327213287354,0.07367419451475143,0.0126437246799469,-0.01820223405957222,0.027316618710756302,-0.0037143733352422714,-0.00225811917334795,-0.11117327213287354,0.07367419451475143,0.0126437246799469,-0.01820223405957222,0.027316618710756302,-0.0037143733352422714,1.0,0.07668303942933519,0.03753319957690388,0.9093709548372153,0.0716431335718294,0.20060694414490693,0.9024998346667837,-0.0749915492483295,0.01496110986733967,0.898404150188853,0.0,0.0,0.0,0.0,0,0.0361
164,1,0.0537,-0.06260710610283222,0.18788294833904548,0.9124453005145895,0.9960498528888204,-0.0002727446671401679,0.042958031669184465,0.07771244228316368,0.0009266360580437279,-0.0005067328310441177,0.24568575961911782,0.7788097606169059,0.06981803723566135,-1.8607449618580958,-0.467483913866663,2.628791055963135,1.4911434142037185,0.012618526816368103,0.09313671290874481,0.01628117263317108,-0.010025224648416042,0.045737236738204956,-0.021889211609959602,-0.000705363170709461,0.012618526816368103,0.09313671290874481,0.01628117263317108,-0.010025224648416042,0.045737236738204956,-0.021889211609959602,1.0,0.07668303942933519,0.03753319957690388,0.9093709548372153,0.0716431335718294,0.20060694414490693,0.9024998346667837,-0.0749915492483295,0.01496110986733967,0.898404150188853,0.0,0.0,0.0,0.0,0,0.0385
165,0,0.0,-0.06350977186633938,0.1889352218478873,0.912498425535301,0.996076430055221,-0.0006739241880118207,0.04099590122781475,0.07842593574292146,0.0008779156452023571,-0.0004916664493304858,0.24637871419096916,0.7786383284406534,0.07187795124713646,-1.8597165127509334,-0.46591648714170714,2.6227880891700353,1.4920972935441918,0.025226116180419922,0.1374415010213852,0.060944318771362305,-0.03023873269557953,0.0463377982378006,0.002927446737885475,-0.0019884684588760138,0.025226116180419922,0.1374415010213852,0.060944318771362305,-0.03023873269557953,0.0463377982378006,0.002927446737885475,1.0,0.07668303942933519,0.03753319957690388,0.9093709548372153,0.0716431335718294,0.20060694414490693,0.9024998346667837,-0.0749915492483295,0.01496110986733967,0.898404150188853,0.0,0.0,0.0,0.0,0,0.0374
166,0,0.0,-0.06400533293146231,0.19005449710136033,0.9125776292035587,0.9960919232058512,-0.0008635296457131791,0.03911870339904654,0.0791824594528114,0.0008330804866988045,-0.0004777486965719952,0.24702801498509386,0.7791393323856846,0.07401871330052708,-1.8571448706772986,-0.46438660453963293,2.616021259243722,1.4922945169502404,0.01909351348876953,0.13276422023773193,0.13070930540561676,-0.0380384586751461,0.03829203546047211,0.0061818622052669525,-0.0003566719242371619,0.01909351348876953,0.13276422023773193,0.13070930540561676,-0.0380384586751461,0.03829203546047211,0.0061818622052669525,1.0,0.07668303942933519,0.03753319957690388,0.9093709548372153,0.0716431335718294,0.20060694414490693,0.9024998346667837,-0.0749915492483295,0.01496110986733967,0.898404150188853,0.0,0.0,0.0,0.0,0,0.0367
167,0,0.0,-0.06422101529992139,0.19118859151543446,0.9133739255328058,0.9960408372160361,-0.0003607035701234662,0.037342035076725844,0.08067275195033287,0.0007898239549915981,-0.00046479035468846276,0.24791925392101008,0.7785615177680024,0.076240236040604,-1.8539105019909967,-0.4640539142472448,2.6069501189548383,1.4921268775798537,-0.0005670934915542603,0.11917401850223541,0.18817074596881866,-0.04271551966667175,0.028376977890729904,-0.004396652802824974,-0.0014722890919074416,-0.0005670934915542603,0.11917401850223541,0.18817074596881866,-0.04271551966667175,0.028376977890729904,-0.004396652802824974,1.0,0.07668303942933519,0.03753319957690388,0.9093709548372153,0.0716431335718294,0.20060694414490693,0.9024998346667837,-0.0749915492483295,0.01496110986733967,0.898404150188853,0.0,0.0,0.0,0.0,0,0.0374
168,1,0.0536,-0.06428337948044624,0.1922708751309639,0.9151404357082609,0.995927820942714,5.017696070624966e-05,0.03565472680380454,0.0828040663923896,0.0007480438583027247,-0.00045276505153379925,0.2490377806068113,0.7760996483549488,0.07850135240761803,-1.850804938091595,-0.46433102706304885,2.5955649548980033,1.4926347387410552,-0.08483827114105225,-0.10111105442047119,-0.10509646683931351,0.012144378386437893,0.025516986846923828,0.010117031633853912,-0.006762418895959854,-0.08483827114105225,-0.10111105442047119,-0.10509646683931351,0.012144378386437893,0.025516986846923828,0.010117031633853912,1.0,0.07668303942933519,0.03753319957690388,0.9093709548372153,0.0716431335718294,0.20060694414490693,0.9024998346667837,-0.0749915492483295,0.01496110986733967,0.898404150188853,0.0,0.0,0.0,0.0,0,0.038
169,0,0.0,-0.06485840945306963,0.19312816404079147,0.9158011613162949,0.9958731234038255,0.00028271595815110295,0.03338343208605246,0.084393060234537,0.0007081622284318741,-0.00044114824252471677,0.2496270716782706,0.7754921129077502,0.08070716867337457,-1.8484688362462423,-0.46332388864460267,2.5864518363175373,1.492257995207117,-0.08088308572769165,-0.021751120686531067,-0.11999315768480301,0.008435990661382675,-0.0034657828509807587,0.0020375382155179977,0.008714787662029266,-0.08088308572769165,-0.021751120686531067,-0.11999315768480301,0.008435990661382675,-0.0034657828509807587,0.0020375382155179977,1.0,0.07668303942933519,0.03753319957690388,0.9093709548372153,0.0716431335718294,0.20060694414490693,0.9024998346667837,-0.0749915492483295,0.01496110986733967,0.898404150188853,0.0,0.0,0.0,0.0,0,0.0369
170,0,0.0,-0.0652944172904552,0.19350722502787793,0.9151762772284728,0.9958856129495679,0.0003837334161675421,0.03169943100654811,0.08489313719370184,0.000669634095051482,-0.0004303851112532733,0.24957391943114432,0.7772288679481101,0.08195582789081939,-1.8464213998233643,-0.46205817613691513,2.582564953873319,1.4913247857026048,-0.03002762794494629,0.09061858057975769,-0.14724205434322357,0.005314730107784271,-0.0007546776905655861,0.0070141274482011795,0.012579054571688175,-0.03002762794494629,0.09061858057975769,-0.14724205434322357,0.005314730107784271,-0.0007546776905655861,0.0070141274482011795,1.0,0.07668303942933519,0.03753319957690388,0.9093709548372153,0.0716431335718294,0.20060694414490693,0.9024998346667837,-0.0749915492483295,0.01496110986733967,0.898404150188853,0.0,0.0,0.0,0.0,0,0.0378
171,0,0.0,-0.06540453282541575,0.19419214375466654,0.914001977326896,0.9959280262593027,0.0006868370182709915,0.031074246909961953,0.08462438150520049,0.0006343856546664857,-0.0004184578537788504,0.24962803132692848,0.7805548128833598,0.0829489165272359,-1.8439173706409375,-0.46181972649449116,2.5823568545227444,1.491137711399774,-0.03525826334953308,0.14043539762496948,-0.12693096697330475,0.0005041724070906639,0.004337514750659466,0.000960327684879303,0.006476526614278555,-0.03525826334953308,0.14043539762496948,-0.12693096697330475,0.0005041724070906639,0.004337514750659466,0.000960327684879303,1.0,0.07668303942933519,0.03753319957690388,0.9093709548372153,0.0716431335718294,0.20060694414490693,0.9024998346667837,-0.0749915492483295,0.01496110986733967,0.898404150188853,0.0,0.0,0.0,0.0,0,0.0371
172,1,0.0533,-0.06557732721258665,0.1953304375909347,0.9124522656322802,0.9959827547092157,0.0011545302861036277,0.03066249569720544,0.08412390111780593,0.0006002696876307162,-0.0004074247414938772,0.25002457040740617,0.7847761440223983,0.0841768022446731,-1.8410173290324505,-0.46214677319209974,2.5829884478281495,1.491749751412789,0.03614684194326401,0.01875799149274826,0.03400389850139618,0.0031148409470915794,0.031872376799583435,-0.0014350935816764832,0.983531653881073,0.03614684194326401,0.01875799149274826,0.03400389850139618,0.0031148409470915794,0.031872376799583435,-0.0014350935816764832,-1.0,0.07668303942933519,0.03753319957690388,0.9093709548372153,0.0716431335718294,0.20060694414490693,0.9024998346667837,-0.0749915492483295,0.01496110986733967,0.898404150188853,0.0,0.0,0.0,0.0,0,0.0398
173,0,0.0,-0.06577448875799968,0.1961679254186276,0.9116710908412696,0.9960103543144379,0.0012315927556129092,0.029934890051337253,0.08405807299317171,0.000840587181291221,-0.00025578012621708783,0.2502677678016597,0.7870153817713539,0.08537121175262334,-1.8387886811951668,-0.46176731685933003,2.5813459954000453,1.4921249278306659,-0.02018517255783081,0.03543650358915329,-0.011347204446792603,-0.0009577572345733643,0.01889607682824135,-0.004389146342873573,-0.01392022892832756,-0.02018517255783081,0.03543650358915329,-0.011347204446792603,-0.0009577572345733643,0.01889607682824135,-0.004389146342873573,1.0,0.07668303942933519,0.03753319957690388,0.9093709548372153,0.0716431335718294,0.20060694414490693,0.9024998346667837,-0.0749915492483295,0.01496110986733967,0.898404150188853,0.0,0.0,0.0,5.23283178804182,1,0.0415
174,0,0.0,-0.06576991645648606,0.19629065581315366,0.9117537120744127,0.9960161810279184,0.0009349004293929819,0.02895325636051309,0.08433624391605923,0.0014096094839437321,-0.00016263979166510303,0.2500066594623111,0.7873916142393146,0.08619809916198297,-1.837196414719088,-0.46024938921336145,2.5780426198849726,1.4912512742223583,-0.071989506483078,0.08780568093061447,-0.0033605992794036865,-0.00511582288891077,0.0009178528562188148,-0.005385955795645714,0.0007242205319926143,-0.071989506483078,0.08780568093061447,-0.0033605992794036865,-0.00511582288891077,0.0009178528562188148,-0.005385955795645714,1.0,0.07668303942933519,0.03753319957690388,0.9093709548372153,0.0716431335718294,0.20060694414490693,0.9024998346667837,-0.0749915492483295,0.01496110986733967,0.898404150188853,0.0,0.0,0.0,1.5033358895715494,1,0.0422
175,0,0.0,-0.06591054799388345,0.1967163029319363,0.9119572933143468,0.9960282999729189,0.0007546181831083465,0.028100636387677656,0.08448319619344846,0.0012150427102274716,-9.386616733466594e-05,0.24995409742807653,0.7873475669931368,0.0873316492825359,-1.836111694656043,-0.4590667868284184,2.575061869358618,1.4909026501879543,-0.0452565997838974,0.0713713988661766,-0.03500383347272873,0.0037772832438349724,0.0026434678584337234,-0.002428315579891205,-0.013521172106266022,-0.0452565997838974,0.0713713988661766,-0.03500383347272873,0.0037772832438349724,0.0026434678584337234,-0.002428315579891205,1.0,0.07668303942933519,0.03753319957690388,0.9093709548372153,0.0716431335718294,0.20060694414490693,0.9024998346667837,-0.0749915492483295,0.01496110986733967,0.898404150188853,0.0,0.0,0.0,0.014721231364066124,1,0.0408
176,1,0.0534,-0.06623561400692667,0.1975430782522845,0.9119701300072182,0.9960510246507956,0.0007604942938000958,0.027498270659639848,0.08441340563712305,0.0010485725036148254,-9.581850273597958e-05,0.2501807679385183,0.7876125816208931,0.08868606317199536,-1.8353644874392876,-0.4585516515778776,2.5732226545719015,1.49137538283652,-0.054849639534950256,0.1682461053133011,-0.27074697613716125,0.004103576764464378,0.0007426626980304718,0.021923065185546875,-0.004637946840375662,-0.054849639534950256,0.1682461053133011,-0.27074697613716125,0.004103576764464378,0.0007426626980304718,0.021923065185546875,1.0,0.07668303942933519,0.03753319957690388,0.9093709548372153,0.0716431335718294,0.20060694414490693,0.9024998346667837,-0.0749915492483295,0.01496110986733967,0.898404150188853,0.0,0.0,0.0,0.07728012764708493,1,0.0451
177,0,0.0,-0.0663869161332439,0.19865824217691594,0.9112449732339858,0.9960949036864213,0.0015131534961493887,0.027344647573778573,0.0839340423517267,0.0014752952202623708,0.0004831138784385844,0.25056955425301747,0.7898629486835237,0.08988810805916485,-1.8336071347522642,-0.45885040291881524,2.573589818917186,1.491228942655731,-0.052381739020347595,0.12102542817592621,-0.16587191820144653,0.001714042853564024,0.004460024647414684,0.01963306963443756,0.006630574353039265,-0.052381739020347595,0.12102542817592621,-0.16587191820144653,0.001714042853564024,0.004460024647414684,0.01963306963443756,1.0,0.07668303942933519,0.03753319957690388,0.9093709548372153,0.0716431335718294,0.20060694414490693,0.9024998346667837,-0.0749915492483295,0.01496110986733967,0.898404150188853,0.0,0.0,0.0,55.68734326603542,2,0.0428
178,0,0.0,-0.0663401437387248,0.19878185145960034,0.9112249578067368,0.9960752132260323,0.0026534089247107207,0.02712616658534923,0.08420985752377898,0.001573851288448276,0.0005743492980965854,0.2505832100431189,0.790153138566767,0.0901717914602168,-1.832888970134288,-0.4593059848905754,2.5725529479173,1.4893699726454575,-0.10771492123603821,0.03357234597206116,0.010205477476119995,0.0006721094250679016,0.003942183218896389,0.0028169024735689163,0.008507396094501019,-0.10771492123603821,0.03357234597206116,0.010205477476119995,0.0006721094250679016,0.003942183218896389,0.0028169024735689163,1.0,0.07668303942933519,0.03753319957690388,0.9093709548372153,0.0716431335718294,0.20060694414490693,0.9024998346667837,-0.0749915492483295,0.01496110986733967,0.898404150188853,0.0,0.0,0.0,32.92317912793035,1,0.0408
179,0,0.0,-0.06644904799229348,0.19864412899605866,0.9117160028974538,0.9960571048435354,0.003361381823836773,0.026698771048175245,0.08453473030338053,0.0013087024964017165,0.00027366393586860716,0.2503787412875879,0.788846933093891,0.09047446858223177,-1.8334266465158493,-0.45892152322221663,2.570811415972619,1.4875092690048557,-0.17952513694763184,0.013709023594856262,0.06626400351524353,0.0012492011301219463,-0.0002801138907670975,-0.004978932440280914,0.005986477714031935,-0.17952513694763184,0.013709023594856262,0.06626400351524353,0.0012492011301219463,-0.0002801138907670975,-0.004978932440280914,1.0,0.07668303942933519,0.03753319957690388,0.9093709548372153,0.0716431335718294,0.20060694414490693,0.9024998346667837,-0.0749915492483295,0.01496110986733967,0.898404150188853,0.0,0.0,0.0,0.0,0,0.0371
180,1,0.0548,-0.0674535870751123,0.1988201620717946,0.912625388001777,0.9960518840387677,0.0035191340585560837,0.02565182951037385,0.0849131535221082,0.0010976255857823042,8.519838341545118e-05,0.25033138557041557,0.7853509299518198,0.09160839470744452,-1.836564143282896,-0.4580542823726476,2.5679638705128283,1.487167288368271,-0.025633350014686584,0.04574382305145264,-0.23717853426933289,0.007123776711523533,-0.003285958431661129,0.016163215041160583,1.0357457399368286,-0.025633350014686584,0.04574382305145264,-0.23717853426933289,0.007123776711523533,-0.003285958431661129,0.016163215041160583,-1.0,0.07668303942933519,0.03753319957690388,0.9093709548372153,0.0716431335718294,0.20060694414490693,0.9024998346667837,-0.0749915492483295,0.01496110986733967,0.898404150188853,0.0,0.0,0.0,0.0,0,0.0388
181,0,0.0,-0.06821059529251364,0.1993021972236924,0.9120563978365656,0.9960955024179781,0.00399472184061922,0.025347806055738435,0.08447059244642874,0.0012364958694394918,-0.00043867809904605984,0.25042199598035936,0.7859619852050757,0.09223785981227083,-1.8379271113931275,-0.45821968851865963,2.56978542729212,1.487234179183785,-0.033272817730903625,0.057769350707530975,-0.12672565877437592,0.004956171847879887,0.00015794578939676285,0.0034030601382255554,-0.027455614879727364,-0.033272817730903625,0.057769350707530975,-0.12672565877437592,0.004956171847879887,0.00015794578939676285,0.0034030601382255554,1.0,0.07668303942933519,0.03753319957690388,0.9093709548372153,0.0716431335718294,0.20060694414490693,0.9024998346667837,-0.0749915492483295,0.01496110986733967,0.898404150188853,0.0,0.0,0.0,0.0,0,0.0386
182,0,0.0,-0.06829685581342111,0.200254194287848,0.9113139682286713,0.9961590070925104,0.004705533960516484,0.025900098513377028,0.08351212747623463,0.0016915927361762023,3.3644229601215886e-05,0.2507202449304719,0.7876742184722096,0.09295484485209701,-1.8374492660060815,-0.45875676481992045,2.5727257555591607,1.48741023456757,-0.10528093576431274,0.004758700728416443,-0.10656528919935226,0.00175823038443923,0.00383083987981081,-0.011345043778419495,0.03613665699958801,-0.10528093576431274,0.004758700728416443,-0.10656528919935226,0.00175823038443923,0.00383083987981081,-0.011345043778419495,1.0,0.07668303942933519,0.03753319957690388,0.9093709548372153,0.0716431335718294,0.20060694414490693,0.9024998346667837,-0.0749915492483295,0.01496110986733967,0.898404150188853,0.0,0.0,0.0,25.781194882217953,1,0.0383
183,0,0.0,-0.06830312056649954,0.20051125604008377,0.9114432153662131,0.9961704349241782,0.004579778194370998,0.026040851204321116,0.08333885218322291,0.0013601149075685031,0.00028254097358938984,0.2508108422027767,0.787436797027802,0.09315756262747403,-1.8375251256654315,-0.45868696508318146,2.5728140114807294,1.4879141270119043,-0.13767334818840027,0.04697229713201523,-0.008645057678222656,0.0016348971985280514,-0.0279046930372715,-0.020764756947755814,-0.03645630180835724,-0.13767334818840027,0.04697229713201523,-0.008645057678222656,0.0016348971985280514,-0.0279046930372715,-0.020764756947755814,1.0,0.07668303942933519,0.03753319957690388,0.9093709548372153,0.0716431335718294,0.20060694414490693,0.9024998346667837,-0.0749915492483295,0.01496110986733967,0.898404150188853,0.0,0.0,0.0,11.197431280570871,1,0.0395
184,1,0.0535,-0.06849733684244413,0.2005516895890135,0.91185199460264,0.996165466630444,0.0037893939987715397,0.02611930112945274,0.08341334242541552,0.001126144082063245,0.0001258548012653832,0.250980353424491,0.7860894092230891,0.09322499224273006,-1.8386820865045241,-0.4587731613339667,2.572510194741741,1.4898675434847959,-0.13679468631744385,0.22046221792697906,-0.15848051011562347,-0.013424815610051155,-0.0011297287419438362,0.01698853075504303,1.0161226987838745,-0.13679468631744385,0.22046221792697906,-0.15848051011562347,-0.013424815610051155,-0.0011297287419438362,0.01698853075504303,-1.0,0.07668303942933519,0.03753319957690388,0.9093709548372153,0.0716431335718294,0.20060694414490693,0.9024998346667837,-0.0749915492483295,0.01496110986733967,0.898404150188853,0.0,0.0,0.0,0.0,0,0.0404
185,0,0.0,-0.06919009384880434,0.2015637501089507,0.9115228001191732,0.9961750493397782,0.003978606934777418,0.026316550381375845,0.08322788556590786,0.001253029220112125,0.00013781692427127808,0.25190060637824024,0.7863168536303392,0.0940075169635735,-1.8396944573428307,-0.46044341492326146,2.5737442900939187,1.4925353168733344,-0.035520583391189575,0.1018623411655426,-0.033863313496112823,-0.0020348811522126198,0.0029617566615343094,0.008916670456528664,0.9498171210289001,-0.035520583391189575,0.1018623411655426,-0.033863313496112823,-0.0020348811522126198,0.0029617566615343094,0.008916670456528664,-1.0,0.07668303942933519,0.03753319957690388,0.9093709548372153,0.0716431335718294,0.20060694414490693,0.9024998346667837,-0.0749915492483295,0.01496110986733967,0.898404150188853,0.0,0.0,0.0,23.065366219220717,1,0.0407
186,0,0.0,-0.06920620320258306,0.20174134923767678,0.9115132651791323,0.9961181782337962,0.004528453140910771,0.0267977515585776,0.08372543589457693,0.002972160353792733,0.00023956448151445632,0.2525474614631717,0.7862975099891525,0.09369796130610603,-1.8397522755495863,-0.4626848858862066,2.5739260086719664,1.4938323716784452,-0.013908922672271729,-0.0014459043741226196,0.07405172288417816,0.0012282058596611023,0.0036534154787659645,-0.02823307178914547,0.9549311399459839,-0.013908922672271729,-0.0014459043741226196,0.07405172288417816,0.0012282058596611023,0.0036534154787659645,-0.02823307178914547,-1.0,0.07668303942933519,0.03753319957690388,0.9093709548372153,0.0716431335718294,0.20060694414490693,0.9024998346667837,-0.0749915492483295,0.01496110986733967,0.898404150188853,0.0,0.0,0.0,10.23643113453903,1,0.0391
187,0,0.0,-0.06919685150220752,0.20131663923316914,0.9121179097459543,0.9960756918902545,0.003936707061803102,0.02681693627858862,0.08425301354544729,0.006124459434663442,-0.0019171565304490757,0.25257670581209174,0.7846175227502982,0.09327188590726275,-1.8406511520440954,-0.4628459221597198,2.5726505384508376,1.494912534101013,-0.012127548456192017,-0.00032770633697509766,0.02612990140914917,-0.00774041935801506,0.0005155941471457481,-0.038277946412563324,1.0335087776184082,-0.012127548456192017,-0.00032770633697509766,0.02612990140914917,-0.00774041935801506,0.0005155941471457481,-0.038277946412563324,-1.0,0.07668303942933519,0.03753319957690388,0.9093709548372153,0.0716431335718294,0.20060694414490693,0.9024998346667837,-0.0749915492483295,0.01496110986733967,0.898404150188853,0.0,0.0,0.0,0.0,0,0.0384
188,1,0.0545,-0.06922376800668718,0.20081187203468742,0.9128387702010348,0.996055264260272,0.0021799425497887603,0.026648215740266736,0.08461105712457762,0.010088188104126832,-0.006444833573146054,0.2524427899970541,0.7827034056268442,0.09287729910708618,-1.8416433132010477,-0.46197011626227485,2.571016074119253,1.4971895864999614,-0.06554245948791504,0.10980059951543808,-0.24401496350765228,0.0037295781075954437,-0.013280697166919708,-0.0006739310920238495,0.012042362242937088,-0.06554245948791504,0.10980059951543808,-0.24401496350765228,0.0037295781075954437,-0.013280697166919708,-0.0006739310920238495,1.0,0.07668303942933519,0.03753319957690388,0.9093709548372153,0.0716431335718294,0.20060694414490693,0.9024998346667837,-0.0749915492483295,0.01496110986733967,0.898404150188853,0.0,0.0,0.0,0.0,0,0.0417
189,0,0.0,-0.06921803097970865,0.20086252032643165,0.912696871350403,0.9960712341551377,0.001317794812915385,0.02679640587082997,0.0843937944276493,0.01307584895385932,-0.007265483512794662,0.25250506229631164,0.7831223433006828,0.09284780819968576,-1.8415862859488379,-0.4617977755058507,2.571824823592734,1.4987357761874864,-0.07712890207767487,0.17981700599193573,-0.06012437492609024,0.0014964905567467213,-0.0031777946278452873,0.0021010302007198334,-0.000977593706920743,-0.07712890207767487,0.17981700599193573,-0.06012437492609024,0.0014964905567467213,-0.0031777946278452873,0.0021010302007198334,1.0,0.07668303942933519,0.03753319957690388,0.9093709548372153,0.0716431335718294,0.20060694414490693,0.9024998346667837,-0.0749915492483295,0.01496110986733967,0.898404150188853,0.0,0.0,0.0,34.983269628573275,1,0.0388
190,0,0.0,-0.06921566991172384,0.20169784163341967,0.9126276678397722,0.9961063290127388,0.001500003131811256,0.027259746756704287,0.08382623394934144,0.013228740107976585,-0.006428784286177848,0.25289105643660514,0.7835897450896049,0.09351832975512205,-1.841206441467477,-0.4621703825435139,2.5729907843340802,1.4996185686363117,-0.049647897481918335,0.2514064908027649,0.01589260995388031,-0.023654252290725708,-0.0008125146850943565,0.004294930025935173,0.0025764459278434515,-0.049647897481918335,0.2514064908027649,0.01589260995388031,-0.023654252290725708,-0.0008125146850943565,0.004294930025935173,1.0,0.07668303942933519,0.03753319957690388,0.9093709548372153,0.0716431335718294,0.20060694414490693,0.9024998346667837,-0.0749915492483295,0.01496110986733967,0.898404150188853,0.0,0.0,0.0,5.937185889300547,1,0.0395
191,0,0.0,-0.0692783943637689,0.20278571335462733,0.9128703267182066,0.9960990438516706,0.002005240316877155,0.027660066154381546,0.08377108444680371,0.011570628712440847,-0.005858022372740637,0.2537693124448911,0.783564970771609,0.09446098113543558,-1.840537993177216,-0.46353532427811317,2.5725476677206927,1.5011343229417045,-0.03409682214260101,0.22291940450668335,0.017192333936691284,-0.029688365757465363,0.01571241393685341,-0.0039039961993694305,-0.015166321769356728,-0.03409682214260101,0.22291940450668335,0.017192333936691284,-0.029688365757465363,0.01571241393685341,-0.0039039961993694305,1.0,0.07668303942933519,0.03753319957690388,0.9093709548372153,0.0716431335718294,0.20060694414490693,0.9024998346667837,-0.0749915492483295,0.01496110986733967,0.898404150188853,0.0,0.0,0.0,0.0,0,0.0372
192,1,0.0532,-0.06981163165196937,0.20450649469510432,0.9129747251899211,0.99605808940898,0.0025968975013336837,0.027573064617362704,0.08426900233125986,0.008466537582768552,-0.0052026875401371435,0.2554182206527568,0.7838344262996084,0.09610273460979173,-1.839450953664871,-0.4658205991973639,2.570072449919748,1.5044012081343587,-0.1644485890865326,-0.07778947055339813,-0.28297311067581177,0.0011329581029713154,0.048953164368867874,0.007170077413320541,0.0061399261467158794,-0.1644485890865326,-0.07778947055339813,-0.28297311067581177,0.0011329581029713154,0.048953164368867874,0.007170077413320541,1.0,0.07668303942933519,0.03753319957690388,0.9093709548372153,0.0716431335718294,0.20060694414490693,0.9024998346667837,-0.0749915492483295,0.01496110986733967,0.898404150188853,0.0,0.0,0.0,0.0,0,0.0389
193,0,0.0,-0.07075261295012111,0.2058887498762682,0.9120067576092615,0.9960423858638688,0.002827368515286588,0.02639605031445839,0.08482228526563995,0.005250120498568171,-0.0035807615956304066,0.2567284929111715,0.7860865856589782,0.09764501372045707,-1.837813373305488,-0.4665685784771665,2.567290732933713,1.5067157830372508,-0.09510211646556854,0.013210028409957886,-0.0894145593047142,-0.008625416085124016,0.03610612824559212,0.0004188176244497299,0.005754162557423115,-0.09510211646556854,0.013210028409957886,-0.0894145593047142,-0.008625416085124016,0.03610612824559212,0.0004188176244497299,1.0,0.07668303942933519,0.03753319957690388,0.9093709548372153,0.0716431335718294,0.20060694414490693,0.9024998346667837,-0.0749915492483295,0.01496110986733967,0.898404150188853,0.0,0.0,0.0,30.322985872083436,1,0.0399
194,0,0.0,-0.07076151299633326,0.20703117717371308,0.9119738117517097,0.9960604545936894,0.0027920506396748035,0.025490929807832633,0.08488808953775291,0.003295836267151494,-0.00242200893363226,0.25727339241568215,0.7874237655895465,0.09923068123466461,-1.8347531867175895,-0.4651440793574661,2.5634393398045456,1.5065647658578853,-0.06757982075214386,0.10164852440357208,-0.006793901324272156,-0.02086692303419113,0.05647953227162361,-0.0012169983237981796,0.007229974959045649,-0.06757982075214386,0.10164852440357208,-0.006793901324272156,-0.02086692303419113,0.05647953227162361,-0.0012169983237981796,1.0,0.07668303942933519,0.03753319957690388,0.9093709548372153,0.0716431335718294,0.20060694414490693,0.9024998346667837,-0.0749915492483295,0.01496110986733967,0.898404150188853,0.0,0.0,0.0,6.757492458688748,1,0.0395
195,0,0.0,-0.07113204912716407,0.20794641403553213,0.9121093540563125,0.9960606227544344,0.0027950433512595185,0.023566128661096426,0.08544039507540012,0.002206375726226074,-0.0016286732829738854,0.2575950307817562,0.7880826948281636,0.10126954401945214,-1.8319835049085402,-0.46269029744927176,2.556895401232335,1.5052790156932279,-0.05847235023975372,0.16774651408195496,0.010592460632324219,-0.02492280676960945,0.030789323151111603,-0.006619122810661793,0.007442504167556763,-0.05847235023975372,0.16774651408195496,0.010592460632324219,-0.02492280676960945,0.030789323151111603,-0.006619122810661793,1.0,0.07668303942933519,0.03753319957690388,0.9093709548372153,0.0716431335718294,0.20060694414490693,0.9024998346667837,-0.0749915492483295,0.01496110986733967,0.898404150188853,0.0,0.0,0.0,0.0,0,0.0368
196,1,0.0544,-0.0718541297240598,0.20917198967736944,0.9121845582842488,0.9960401593834638,0.0029449592592522555,0.021220850800525735,0.08628443429510418,0.00160191331007348,-0.0014003810154642157,0.25822802270835843,0.7887614628746754,0.10378862764818322,-1.8291416155595808,-0.4606849234403248,2.5492087021900898,1.5046686752474299,-0.06591854989528656,0.03630436956882477,0.15337933599948883,-0.015136206522583961,0.06561175733804703,-0.008092651143670082,0.001805756357498467,-0.06591854989528656,0.03630436956882477,0.15337933599948883,-0.015136206522583961,0.06561175733804703,-0.008092651143670082,1.0,0.07668303942933519,0.03753319957690388,0.9093709548372153,0.0716431335718294,0.20060694414490693,0.9024998346667837,-0.0749915492483295,0.01496110986733967,0.898404150188853,0.0,0.0,0.0,0.0,0,0.0383
197,0,0.0,-0.07303472819703241,0.21034231941910647,0.912893590079938,0.9959841670243035,0.002809619140139441,0.01821535820649226,0.087611904457096,0.0012473485200037672,-0.0013129843981712476,0.25881549528733233,0.7873633612427935,0.10680632513244435,-1.8276741795484044,-0.45802321004779356,2.5388905192902746,1.5042595157430776,-0.0018256604671478271,0.023032620549201965,0.2139481157064438,-0.003953755833208561,0.07084755599498749,-0.01984846591949463,0.010808289051055908,-0.0018256604671478271,0.023032620549201965,0.2139481157064438,-0.003953755833208561,0.07084755599498749,-0.01984846591949463,1.0,0.07668303942933519,0.03753319957690388,0.9093709548372153,0.0716431335718294,0.20060694414490693,0.9024998346667837,-0.0749915492483295,0.01496110986733967,0.898404150188853,0.0,0.0,0.0,0.0,0,0.0368
198,0,0.0,-0.0742810481629246,0.21133918914361574,0.9146157398153084,0.9959531100001009,0.002040643340952608,0.014650403133769054,0.08864876842855059,0.0010504989103365713,-0.001259906557687229,0.25871316986660126,0.783695171658168,0.11035467328114251,-1.8270928264188735,-0.45270744935454493,2.5268562935073438,1.5024271835898875,0.0044580549001693726,-0.014639347791671753,0.11661611497402191,0.0033251410350203514,0.08453082293272018,-0.012760119512677193,0.015458540990948677,0.0044580549001693726,-0.014639347791671753,0.11661611497402191,0.0033251410350203514,0.08453082293272018,-0.012760119512677193,1.0,0.07668303942933519,0.03753319957690388,0.9093709548372153,0.0716431335718294,0.20060694414490693,0.9024998346667837,-0.0749915492483295,0.01496110986733967,0.898404150188853,0.0,0.0,0.0,0.0,0,0.0378
199,0,0.0,-0.07537339546348809,0.21209215127657327,0.9161767159797948,0.9959759000015251,0.0010954500069531026,0.010615903630514598,0.08898375804347916,0.0009398721262548575,-0.001214395074464689,0.25785474472155306,0.7807267350404226,0.11392438999024601,-1.8259799510812658,-0.4449111821876848,2.5152120535683467,1.4981086899543572,-0.0315118283033371,-0.02063019573688507,-0.013328880071640015,-0.00022842548787593842,0.03652683645486832,-0.03143097832798958,0.002323738532140851,-0.0315118283033371,-0.02063019573688507,-0.013328880071640015,-0.00022842548787593842,0.03652683645486832,-0.03143097832798958,1.0,0.07668303942933519,0.03753319957690388,0.9093709548372153,0.0716431335718294,0.20060694414490693,0.9024998346667837,-0.0749915492483295,0.01496110986733967,0.898404150188853,0.0,0.0,0.0,0.0,0,0.0376
200,1,0.0534,-0.0757910487139731,0.2121712346119337,0.9169628891784625,0.996007144852284,-0.0002039671401230514,0.007068023401138067,0.08899308313462886,0.0008705898182698176,-0.0011716267107545037,0.25662829734926385,0.7800294342442414,0.11613835049807401,-1.8233457147667267,-0.4372529898728655,2.5059915721129156,1.4935541728038848,-0.01942843198776245,0.2958565950393677,-0.01855793595314026,-0.01516860630363226,0.01990431547164917,0.0016048531979322433,0.017711760476231575,-0.01942843198776245,0.2958565950393677,-0.01855793595314026,-0.01516860630363226,0.01990431547164917,0.0016048531979322433,1.0,0.07668303942933519,0.03753319957690388,0.9093709548372153,0.0716431335718294,0.20060694414490693,0.9024998346667837,-0.0749915492483295,0.01496110986733967,0.898404150188853,0.0,0.0,0.0,0.0,0,0.0377
201,0,0.0,-0.0756413509470742,0.2133173082659359,0.9172336029072626,0.9960725206794786,-0.0006156384706957341,0.005095512049486609,0.08839225245153232,0.0008283734233039758,-0.0011194059124387627,0.25629746814520127,0.7816168477085227,0.11863420565872054,-1.8187771780580602,-0.4323803290402286,2.500166778460741,1.4905767208952658,0.010498806834220886,0.1880330592393875,0.04070925712585449,-0.013762218877673149,0.03747019171714783,-0.001149836927652359,0.010555918328464031,0.010498806834220886,0.1880330592393875,0.04070925712585449,-0.013762218877673149,0.03747019171714783,-0.001149836927652359,1.0,0.07668303942933519,0.03753319957690388,0.9093709548372153,0.0716431335718294,0.20060694414490693,0.9024998346667837,-0.0749915492483295,0.01496110986733967,0.898404150188853,0.0,0.0,0.0,0.0,0,0.037
202,0,0.0,-0.07564789077969913,0.21528140773689908,0.9173818606679285,0.996094190233126,-0.0002519332913672456,0.0034337912155802466,0.08822986904283521,0.0007850530591170623,-0.001079101111312075,0.25684399796097734,0.7837685679947468,0.12166269193847384,-1.8134780555545278,-0.4297989195841392,2.493621413238405,1.4892753122444198,-0.0003994554281234741,0.07181248813867569,0.031838446855545044,-0.014069369994103909,0.042351748794317245,-0.0022740457206964493,0.00213736854493618,-0.0003994554281234741,0.07181248813867569,0.031838446855545044,-0.014069369994103909,0.042351748794317245,-0.0022740457206964493,1.0,0.07668303942933519,0.03753319957690388,0.9093709548372153,0.0716431335718294,0.20060694414490693,0.9024998346667837,-0.0749915492483295,0.01496110986733967,0.898404150188853,0.0,0.0,0.0,0.0,0,0.0369
203,0,0.0,-0.07588052201813401,0.21669562043097998,0.917606422104535,0.9960371429676218,-0.00015809862116372697,0.001207124144735748,0.0889299032104579,0.0007420427811895999,-0.0010421716158452404,0.25740469973909796,0.7853911063447501,0.12425770439284085,-1.808537846054695,-0.427601322679467,2.485098593258571,1.4884291094676558,-0.013067394495010376,-0.0026110410690307617,0.0895688533782959,-0.010312875732779503,0.0229167602956295,-0.00932353362441063,-0.002713324734941125,-0.013067394495010376,-0.0026110410690307617,0.0895688533782959,-0.010312875732779503,0.0229167602956295,-0.00932353362441063,1.0,0.07668303942933519,0.03753319957690388,0.9093709548372153,0.0716431335718294,0.20060694414490693,0.9024998346667837,-0.0749915492483295,0.01496110986733967,0.898404150188853,0.0,0.0,0.0,0.0,0,0.0374
204,1,0.0533,-0.07594654014765707,0.21738974346657935,0.9183683760574928,0.9959304115584195,-0.0005121878575056193,-0.0009709661586316011,0.09011886717770605,0.000700511597771416,-0.0010071836444472428,0.2577085142065186,0.7855768817520036,0.12612968381149028,-1.804314825472996,-0.4255193418849189,2.475728937045924,1.487767608593518,-0.014165878295898438,0.15610994398593903,-0.22121432423591614,9.42545011639595e-05,-0.003532564267516136,0.03241267055273056,0.004431596491485834,-0.014165878295898438,0.15610994398593903,-0.22121432423591614,9.42545011639595e-05,-0.003532564267516136,0.03241267055273056,1.0,0.07668303942933519,0.03753319957690388,0.9093709548372153,0.0716431335718294,0.20060694414490693,0.9024998346667837,-0.0749915492483295,0.01496110986733967,0.898404150188853,0.0,0.0,0.0,0.0,0,0.041
205,0,0.0,-0.0756324273173744,0.21867436416624517,0.9179831936317012,0.9959183212116582,0.0002667725964927703,-0.001935086811875899,0.09023791745360507,0.0006650975635094928,-0.0009693638529486101,0.25826418096122183,0.7890445090343959,0.12784340804455616,-1.7989510811988096,-0.4249177140186849,2.471851329892136,1.4864282154254518,-0.03182487189769745,0.19319134950637817,-0.04144245386123657,-0.012846831232309341,-0.0015404503792524338,0.010001447051763535,-0.011693475767970085,-0.03182487189769745,0.19319134950637817,-0.04144245386123657,-0.012846831232309341,-0.0015404503792524338,0.010001447051763535,1.0,0.07668303942933519,0.03753319957690388,0.9093709548372153,0.0716431335718294,0.20060694414490693,0.9024998346667837,-0.0749915492483295,0.01496110986733967,0.898404150188853,0.0,0.0,0.0,0.0,0,0.0366
206,0,0.0,-0.07538355508297571,0.22042465120656482,0.91684119739742,0.9959137154051267,0.0016479264331412113,-0.0022585055542236367,0.09026657719824831,0.0006286860668064604,-0.0009356902707105185,0.2594600311461559,0.7937842330672993,0.12946856146063637,-1.7934175411374145,-0.42620447119212396,2.469835321275203,1.4864323942604456,0.002692282199859619,0.16770011186599731,0.05589361488819122,-0.022212322801351547,-0.005468221381306648,-0.004492033272981644,-0.0030939194839447737,0.002692282199859619,0.16770011186599731,0.05589361488819122,-0.022212322801351547,-0.005468221381306648,-0.004492033272981644,1.0,0.07668303942933519,0.03753319957690388,0.9093709548372153,0.0716431335718294,0.20060694414490693,0.9024998346667837,-0.0749915492483295,0.01496110986733967,0.898404150188853,0.0,0.0,0.0,0.0,0,0.0364
207,0,0.0,-0.07513256113488052,0.2221425015126247,0.9168915882626729,0.9958392084126579,0.0021876117632737,-0.002303052389027581,0.09107239588654643,0.0005929555645218703,-0.00090433930100141,0.26111871785463975,0.7959212126566476,0.13101744068290924,-1.7887081905897588,-0.4283466556552199,2.4655448477336717,1.489013329720071,-0.006145849823951721,0.1450577825307846,0.08215846121311188,-0.02761312946677208,-0.004237666726112366,-0.01617066189646721,-0.00925865862518549,-0.006145849823951721,0.1450577825307846,0.08215846121311188,-0.02761312946677208,-0.004237666726112366,-0.01617066189646721,1.0,0.07668303942933519,0.03753319957690388,0.9093709548372153,0.0716431335718294,0.20060694414490693,0.9024998346667837,-0.0749915492483295,0.01496110986733967,0.898404150188853,0.0,0.0,0.0,0.0,0,0.0367
208,1,0.0536,-0.07491184437767955,0.2237305659399596,0.9177300444904062,0.99571298472245,0.0018314698578459354,-0.002255726678292297,0.09245111935731953,0.0005588011785226266,-0.0008742860880594436,0.2630561910257858,0.7963134011185841,0.13243579848315154,-1.7846525923271184,-0.43080479155785534,2.4595547747577977,1.4936541741708962,0.04501580446958542,0.3176005482673645,0.17497466504573822,-0.040787432342767715,0.004627407528460026,-0.028202269226312637,0.0012451800284907222,0.04501580446958542,0.3176005482673645,0.17497466504573822,-0.040787432342767715,0.004627407528460026,-0.028202269226312637,1.0,0.07668303942933519,0.03753319957690388,0.9093709548372153,0.0716431335718294,0.20060694414490693,0.9024998346667837,-0.0749915492483295,0.01496110986733967,0.898404150188853,0.0,0.0,0.0,0.0,0,0.0384
209,0,0.0,-0.07468039542189728,0.22601803961314365,0.919222085668833,0.9955911882826707,0.0008630938542860678,-0.00195628811227775,0.09377427056351374,0.0005282870147418771,-0.000843348891913756,0.2654935651830905,0.7958502532751838,0.13463589194455522,-1.78013055261654,-0.4332326497313505,2.452413670632955,1.5002732497724944,0.08881483972072601,0.2764975428581238,0.2984684705734253,-0.03495318442583084,0.018285661935806274,-0.032363228499889374,0.020859621465206146,0.08881483972072601,0.2764975428581238,0.2984684705734253,-0.03495318442583084,0.018285661935806274,-0.032363228499889374,1.0,0.07668303942933519,0.03753319957690388,0.9093709548372153,0.0716431335718294,0.20060694414490693,0.9024998346667837,-0.0749915492483295,0.01496110986733967,0.898404150188853,0.0,0.0,0.0,0.0,0,0.0366
210,0,0.0,-0.0744182073737915,0.22899194179113913,0.9217239201232632,0.9954545381430876,-0.0006811459821375321,-0.0017738540567331304,0.09521896855284248,0.000497613828895888,-0.0008152107495784971,0.2682780983868201,0.7939848178895564,0.13781215027147112,-1.7747998553898798,-0.4349498556516154,2.4423306358637693,1.5080177396149692,0.1619245707988739,0.12810766696929932,0.3332632780075073,-0.02344464510679245,0.020031776279211044,-0.02678990736603737,0.014063466340303421,0.1619245707988739,0.12810766696929932,0.3332632780075073,-0.02344464510679245,0.020031776279211044,-0.02678990736603737,1.0,0.07668303942933519,0.03753319957690388,0.9093709548372153,0.0716431335718294,0.20060694414490693,0.9024998346667837,-0.0749915492483295,0.01496110986733967,0.898404150188853,0.0,0.0,0.0,0.0,0,0.0367
211,0,0.0,-0.07372724712547327,0.23156839832909518,0.9251529388353817,0.995290996298393,-0.0026010477628479745,-0.0018339528237741112,0.09687984235601627,0.00046608445628162974,-0.0007904475729651972,0.2706250196754757,0.7909136078519239,0.140814418219273,-1.7686201130550565,-0.43529148249955596,2.429848177743603,1.5143408835715184,0.21205037832260132,0.06543242186307907,0.29725658893585205,-0.028231274336576462,0.02340729534626007,-0.0309213288128376,0.01458196435123682,0.21205037832260132,0.06543242186307907,0.29725658893585205,-0.028231274336576462,0.02340729534626007,-0.0309213288128376,1.0,0.07668303942933519,0.03753319957690388,0.9093709548372153,0.0716431335718294,0.20060694414490693,0.9024998346667837,-0.0749915492483295,0.01496110986733967,0.898404150188853,0.0,0.0,0.0,0.0,0,0.0369
212,1,0.0535,-0.07234731581810581,0.2331701071365783,0.9287224848145933,0.9951119760062986,-0.004629760457654342,-0.002035985137730671,0.09862340133793235,0.0004354407154150426,-0.0007672054522994087,0.27218964064285833,0.7882926140424583,0.1428274543933711,-1.7611328600684226,-0.4344939963627075,2.416744161492093,1.5181965781153608,-0.12562260031700134,0.17876701056957245,-0.2866511344909668,0.017976034432649612,-0.04105016589164734,0.08011292666196823,0.06247453764081001,-0.12562260031700134,0.17876701056957245,-0.2866511344909668,0.017976034432649612,-0.04105016589164734,0.08011292666196823,1.0,0.07668303942933519,0.03753319957690388,0.9093709548372153,0.0716431335718294,0.20060694414490693,0.9024998346667837,-0.0749915492483295,0.01496110986733967,0.898404150188853,0.0,0.0,0.0,0.0,0,0.0391
213,0,0.0,-0.07143925122344102,0.23555323722706453,0.9295108260175494,0.9950832263111127,-0.003344148551193027,-0.002068091213563855,0.09896419748305763,0.0004122810636542406,-0.0007387950778023002,0.2738734518646765,0.7912660711219258,0.14522695139406197,-1.7534453318021261,-0.43524441656392104,2.4110334314504276,1.5175645017637258,-0.06446143984794617,0.4002925157546997,-0.12891146540641785,-0.0019052599091082811,-0.07950334995985031,0.06562675535678864,0.2389581948518753,-0.06446143984794617,0.4002925157546997,-0.12891146540641785,-0.0019052599091082811,-0.07950334995985031,0.06562675535678864,1.0,0.07668303942933519,0.03753319957690388,0.9093709548372153,0.0716431335718294,0.20060694414490693,0.9024998346667837,-0.0749915492483295,0.01496110986733967,0.898404150188853,0.0,0.0,0.0,0.0,0,0.0382
214,0,0.0,-0.07058822324748606,0.23920838788920953,0.9285780802858906,0.9951448338866077,0.0006810260977618832,3.51416319300038e-05,0.098418974579674,0.00038857225322624575,-0.0007131574514136765,0.2766527053704002,0.797246739819991,0.14769828411236108,-1.7460896384086813,-0.44104699895370847,2.4128377846761184,1.5178444015574912,0.0017747730016708374,0.368074893951416,0.008606091141700745,0.0025194650515913963,-0.04677863046526909,0.047008074820041656,0.03166106715798378,0.0017747730016708374,0.368074893951416,0.008606091141700745,0.0025194650515913963,-0.04677863046526909,0.047008074820041656,1.0,0.07668303942933519,0.03753319957690388,0.9093709548372153,0.0716431335718294,0.20060694414490693,0.9024998346667837,-0.0749915492483295,0.01496110986733967,0.898404150188853,0.0,0.0,0.0,0.0,0,0.0379
215,0,0.0,-0.069936383565788,0.24358058968123728,0.9282827138092306,0.9951594127311929,0.0042958800687978305,0.0030581578964319484,0.09813223903091854,0.00036466356645276126,-0.0006898398566372422,0.2802578182994598,0.8017479974865875,0.15064626654095023,-1.7396895616500547,-0.4487406450452607,2.4145867963242393,1.521742416437519,0.06068173795938492,0.35397011041641235,-0.0229293555021286,-0.004020928405225277,-0.06027694046497345,0.016497887670993805,0.015901537612080574,0.06068173795938492,0.35397011041641235,-0.0229293555021286,-0.004020928405225277,-0.06027694046497345,0.016497887670993805,1.0,0.07668303942933519,0.03753319957690388,0.9093709548372153,0.0716431335718294,0.20060694414490693,0.9024998346667837,-0.0749915492483295,0.01496110986733967,0.898404150188853,0.0,0.0,0.0,0.0,0,0.0378
216,1,0.0531,-0.06911613493745727,0.2478981525546344,0.9283233886507078,0.9951490513818216,0.006401606192470433,0.006487683432475841,0.09795557633792763,0.0003407597029214319,-0.000668541569204848,0.28410541900959235,0.8058678915709402,0.1531661002954596,-1.7330573463150045,-0.45661412513615246,2.416184062449742,1.5286861940825658,-0.023550257086753845,0.08074511587619781,-0.12029958516359329,0.0017271446995437145,0.04762003570795059,0.008749941363930702,0.010572289116680622,-0.023550257086753845,0.08074511587619781,-0.12029958516359329,0.0017271446995437145,0.04762003570795059,0.008749941363930702,1.0,0.07668303942933519,0.03753319957690388,0.9093709548372153,0.0716431335718294,0.20060694414490693,0.9024998346667837,-0.0749915492483295,0.01496110986733967,0.898404150188853,0.0,0.0,0.0,0.0,0,0.0395
217,0,0.0,-0.06983711012470267,0.25103256459209145,0.9269027037769375,0.9950794979786981,0.007251778205034143,0.006951439157810033,0.09856917321841156,0.0003324973210195461,-0.0006671260956813053,0.28733019864619114,0.810827665108239,0.1554055920163824,-1.7285830504055895,-0.46109485123358546,2.4146568020428534,1.5348287494291188,-0.01839648187160492,0.11469464004039764,-0.03143368661403656,-0.003476390615105629,0.00046937819570302963,-0.0008872225880622864,-0.003288776148110628,-0.01839648187160492,0.11469464004039764,-0.03143368661403656,-0.003476390615105629,0.00046937819570302963,-0.0008872225880622864,1.0,0.07668303942933519,0.03753319957690388,0.9093709548372153,0.0716431335718294,0.20060694414490693,0.9024998346667837,-0.0749915492483295,0.01496110986733967,0.898404150188853,0.0,0.0,0.0,0.0,0,0.0384
218,0,0.0,-0.07064700882651856,0.25308628077451784,0.9256209215419882,0.9950122688296116,0.007396198266987231,0.006272420055338075,0.09928009808815003,0.00032932152689129555,-0.0006702707630837962,0.2896906236400287,0.8147592273221724,0.1569700232360198,-1.7247597811527275,-0.4629651469749436,2.411765528050616,1.5388892917355466,-0.028374090790748596,0.07614634931087494,-0.04435626417398453,-0.001521787140518427,-0.0033327341079711914,-0.011815294623374939,0.7120634913444519,-0.028374090790748596,0.07614634931087494,-0.04435626417398453,-0.001521787140518427,-0.0033327341079711914,-0.011815294623374939,-1.0,0.07668303942933519,0.03753319957690388,0.9093709548372153,0.0716431335718294,0.20060694414490693,0.9024998346667837,-0.0749915492483295,0.01496110986733967,0.898404150188853,0.0,0.0,0.0,0.0,0,0.0387
219,0,0.0,-0.07093032297775076,0.25467990204158447,0.9250564873100611,0.9949539859896984,0.006939300810887006,0.006120647157284866,0.09990470232097264,0.0006341270754708109,-0.001002569041970905,0.291736547220841,0.8174499735195689,0.1579002653094069,-1.7212133417220365,-0.4643357906628407,2.4090639950610075,1.5429504530377252,-0.02202850580215454,0.1001281589269638,-0.050532057881355286,-0.008960003033280373,0.0020234817638993263,-0.021666033193469048,1.004785418510437,-0.02202850580215454,0.1001281589269638,-0.050532057881355286,-0.008960003033280373,0.0020234817638993263,-0.021666033193469048,-1.0,0.07668303942933519,0.03753319957690388,0.9093709548372153,0.0716431335718294,0.20060694414490693,0.9024998346667837,-0.0749915492483295,0.01496110986733967,0.898404150188853,0.0,0.0,0.0,0.0,0,0.038
