step,query,infer_s,eef_x,eef_y,eef_z,eef_qx,eef_qy,eef_qz,eef_qw,gripper_q0,gripper_q1,joint_0,joint_1,joint_2,joint_3,joint_4,joint_5,joint_6,act_raw_0,act_raw_1,act_raw_2,act_raw_3,act_raw_4,act_raw_5,act_raw_6,act_env_0,act_env_1,act_env_2,act_env_3,act_env_4,act_env_5,act_env_6,akita_black_bowl_1_x,akita_black_bowl_1_y,akita_black_bowl_1_z,plate_1_x,plate_1_y,plate_1_z,force_akita_black_bowl_1,force_plate_1,force_other,n_contacts,sim_s
0,1,0.5022,-0.21053419296826384,0.0058375814507777846,1.1755278607966382,0.999605948194586,2.7999952573520837e-05,-0.02806929780372089,0.0002491401405166783,0.03872255873221507,-0.038723021391825374,-0.00027154326894457246,-0.17087526523959568,0.013057612886136253,-2.448849954559738,0.003048742641964678,2.221787900699679,0.79645087804092,0.07887191026281948,0.14615749706587233,0.019587915253854837,0.000494365840976993,0.027327710608812034,-0.004542058405791055,0.99609375,0.07887191026281948,0.14615749706587233,0.019587915253854837,0.000494365840976993,0.027327710608812034,-0.004542058405791055,-1.0,-0.2275880939530821,0.18960061198831132,0.9343990250862276,0.0606051078239672,0.19244251906979418,0.9024995673059236,0.0,0.0,0.0,0,0.0403
1,0,0.0,-0.21019324390795496,0.00662103369295054,1.1755461729486743,0.9995869248674936,0.0002001720936499196,-0.028739150205855695,2.8469724574329072e-05,0.03886626637021298,-0.038823706794005125,0.0002377272042086004,-0.16917162097113939,0.014209421056939927,-2.44668352233885,0.00396897828497292,2.2199844734786605,0.7971616172997772,0.17300243917928948,0.25025124172768143,0.031470029706162084,0.0002189964522448934,0.039080204256399964,-0.005951970550250901,0.99560546875,0.17300243917928948,0.25025124172768143,0.031470029706162084,0.0002189964522448934,0.039080204256399964,-0.005951970550250901,-1.0,-0.22758760482343623,0.1896024084676801,0.9344009677437322,0.06060510783314129,0.19244251909980234,0.9024997617621902,0.0,0.0,0.0,0,0.0371
2,0,0.0,-0.2093427826969715,0.00873057141867853,1.17536744792483,0.9995701947780865,0.00043124827907004004,-0.0293104349242429,-0.00037167293601343687,0.03895262877435966,-0.03887799662987054,0.0014024630092997182,-0.165654904236037,0.017450650157800014,-2.4431576062406632,0.005907916979493375,2.218864472761291,0.7998423029984243,0.311521078648786,0.3927965634687569,0.04807360860470433,0.0007343075890535178,0.050411293749293484,5.022686473532545e-05,0.998046875,0.311521078648786,0.3927965634687569,0.04807360860470433,0.0007343075890535178,0.050411293749293484,5.022686473532545e-05,-1.0,-0.22758747936866086,0.1896029063390127,0.9344014969388703,0.06060510783529076,0.19244251910874574,0.9024998147869767,0.0,0.0,0.0,0,0.0383
3,0,0.0,-0.20752165525357555,0.012411863671553006,1.1750242296611288,0.9995615282044885,0.0008879045945556219,-0.029582668173742735,-0.0009103310717189003,0.03901722123152219,-0.038922192646954255,0.003324510080498412,-0.15915958185314247,0.02321183234943286,-2.436978489742807,0.008816339634695046,2.2187076493777913,0.8046796905547344,0.4534808559916442,0.5196703455582463,0.04057061676567242,0.00034299319453946764,0.055795902392610675,0.003675715236203525,0.99658203125,0.4534808559916442,0.5196703455582463,0.04057061676567242,0.00034299319453946764,0.055795902392610675,0.003675715236203525,-1.0,-0.2275874493570118,0.18960305470909536,0.9344016482393767,0.060605107835782095,0.19244251911138863,0.9024998292459088,0.0,0.0,0.0,0,0.0356
4,0,0.0,-0.20437233634402271,0.017805875832644917,1.1744240722672417,0.9995628774911005,0.0016564728242536852,-0.029477102075939784,-0.0015525761485695195,0.03907206911957426,-0.03896337527877838,0.00601987585919707,-0.1484973910134831,0.031648791024909924,-2.4271020951583586,0.012449994244446863,2.2198216021012502,0.8118841930291709,0.5327811078792609,0.6131365341389647,0.01613596843817855,-0.0006143582768127903,0.058839376843181246,0.005146052186854516,0.99658203125,0.5327811078792609,0.6131365341389647,0.01613596843817855,-0.0006143582768127903,0.058839376843181246,0.005146052186854516,-1.0,-0.22758744358164457,0.18960310647967793,0.9344016952481626,0.060605107835890557,0.1924425191121641,0.9024998331886069,0.0,0.0,0.0,0,0.0365
5,0,0.0,-0.200022399821499,0.024685280440741496,1.1734402001363282,0.9995625900909186,0.002546201091031708,-0.02938246304729736,-0.0021945878909561123,0.03912034683676368,-0.039002097975148316,0.009324834684000496,-0.1334482662572641,0.04232637992494367,-2.413335672270133,0.01621537418937887,2.2214283622981457,0.8216466125122834,0.5656516786098794,0.6536760858125292,-0.005345981580038406,-0.002001269891114113,0.0628661276547054,0.003554865623821263,1.0029296875,0.5656516786098794,0.6536760858125292,-0.005345981580038406,-0.002001269891114113,0.0628661276547054,0.003554865623821263,-1.0,-0.2275874434617343,0.1896031298944802,0.9344017122078057,0.06060510783591327,0.1924425191123903,0.9024998342637116,0.0,0.0,0.0,0,0.0366
6,0,0.0,-0.1948689311199971,0.03256656367506815,1.1721197558235872,0.9995481558102185,0.0033074497581422335,-0.029751397399730654,-0.0027201737537697925,0.03916381802264165,-0.03903911033753781,0.012969383323878751,-0.11480542199725509,0.05439499566913835,-2.3960483571854594,0.019441756727245314,2.2222047509739475,0.8338073086848071,0.5718149106218703,0.6743212278685113,-0.039651486091201726,-0.0009686346833687187,0.05729422827596853,0.002507502316508231,1.0087890625,0.5718149106218703,0.6743212278685113,-0.039651486091201726,-0.0009686346833687187,0.05729422827596853,0.002507502316508231,-1.0,-0.2275874442954315,0.1896031438546341,0.9344017197276564,0.060605107835917604,0.19244251911245597,0.9024998345568738,0.0,0.0,0.0,0,0.0375
7,0,0.0,-0.18914813302564581,0.04103297148505514,1.1705697685455336,0.9995202048734114,0.0038474332592707827,-0.030571540813440372,-0.0031524909865933287,0.03920549893645379,-0.039074420767767806,0.01674335435239409,-0.0934452736034103,0.06710200571602909,-2.3757941841218866,0.021905201660469102,2.2218857209349756,0.8477245446432046,0.5446966897691102,0.6897112428556977,-0.08118896182363722,-8.777470888648997e-05,0.050598584484713216,0.0013594309988766151,1.013671875,0.5446966897691102,0.6897112428556977,-0.08118896182363722,-8.777470888648997e-05,0.050598584484713216,0.0013594309988766151,-1.0,-0.2275874449945717,0.18960315393392518,0.9344017237722431,0.06060510783591829,0.1924425191124749,0.9024998346368139,0.0,0.0,0.0,0,0.0374
8,1,0.4596,-0.18313514659487246,0.04986822404892423,1.1687797351699847,0.999479352499145,0.004212437017604487,-0.03179039853766021,-0.003556664600190272,0.03924555772266034,-0.03910805049870237,0.020553562501532334,-0.07022039428950717,0.08004668889848887,-2.3534969743299343,0.023629269295295248,2.2206190268576274,0.8627851304505135,0.43314219035207413,0.7043505254044851,-0.1221558678344733,-0.0021949141542429856,0.03992301256578876,0.002265803091743679,0.998046875,0.43314219035207413,0.7043505254044851,-0.1221558678344733,-0.0021949141542429856,0.03992301256578876,0.002265803091743679,-1.0,-0.227587445382679,0.1896031620073883,0.9344017262256749,0.06060510783591834,0.1924425191124803,0.9024998346586124,0.0,0.0,0.0,0,0.0393
9,0,0.0,-0.17742647058958577,0.05895786521842896,1.1668138899693685,0.9994150090805968,0.004525122569945084,-0.03368362077631748,-0.0038179289612319273,0.039284096228737395,-0.03914004108701927,0.024401381828952955,-0.0466886974351384,0.09314714201646414,-2.3305819238639236,0.024469614235765092,2.217670429026038,0.8787256064471675,0.45019379891858236,0.7253710336796666,-0.17008372444882203,-0.0008458457015510373,0.03425746781934197,0.001983820662851715,0.99462890625,0.45019379891858236,0.7253710336796666,-0.17008372444882203,-0.0008458457015510373,0.03425746781934197,0.001983820662851715,-1.0,-0.2275874454924538,0.18960316885408837,0.9344017277869338,0.06060510783591834,0.19244251911248184,0.9024998346645562,0.0,0.0,0.0,0,0.0359
10,0,0.0,-0.17186965995615833,0.06833108003390198,1.1646077121742575,0.9993464177408378,0.0048232269833548,-0.03559712224060697,-0.004039643326826329,0.039321447927868326,-0.03917019466962191,0.028311262767717133,-0.022747427839965792,0.10639698490771152,-2.3074872847710126,0.024588843542708117,2.214999272579676,0.8953675773095343,0.44526321330898966,0.7385088513516551,-0.21652809978701226,-0.00022143353499622098,0.028966504543734672,0.0010975901720483572,0.99560546875,0.44526321330898966,0.7385088513516551,-0.21652809978701226,-0.00022143353499622098,0.028966504543734672,0.0010975901720483572,-1.0,-0.22758744538906653,0.18960317488102485,0.9344017287787093,0.06060510783591834,0.19244251911248228,0.9024998346661771,0.0,0.0,0.0,0,0.0429
11,0,0.0,-0.16625370398553432,0.07795514402624022,1.1618857306471915,0.9992840278501666,0.00503245573417882,-0.03724391965062653,-0.004358499958407968,0.0393573793579763,-0.03919887453030728,0.03226965179960635,0.002291075106960424,0.11965453853438753,-2.2842457253346837,0.02408636134468178,2.2138127253078412,0.9126036628882609,0.43129322074847665,0.7366320202556569,-0.2573808918535285,-0.00012964373875218316,0.02294978966837591,0.00028185528846802477,0.99462890625,0.43129322074847665,0.7366320202556569,-0.2573808918535285,-0.00012964373875218316,0.02294978966837591,0.00028185528846802477,-1.0,-0.22758744512998635,0.18960318033870488,0.9344017293830389,0.06060510783591834,0.19244251911248228,0.9024998346666192,0.0,0.0,0.0,0,0.0361
12,0,0.0,-0.16068993372000806,0.0876723729249996,1.1586446712812901,0.9992251773253067,0.00513830754465594,-0.03873918204789406,-0.004681727143319263,0.03939163154654526,-0.0392264649742036,0.03625270916165445,0.02819004622043999,0.13271335161272932,-2.2610407444011065,0.022703959133219945,2.213798247130164,0.9303657940571899,0.41732322818796386,0.7291246958716635,-0.2968643165882062,-0.0001159557866807076,0.013819366316664167,-0.001027348845673265,0.9931640625,0.41732322818796386,0.7291246958716635,-0.2968643165882062,-0.0001159557866807076,0.013819366316664167,-0.001027348845673265,-1.0,-0.22758744475904724,0.18960318539501586,0.9344017297164968,0.06060510783591834,0.19244251911248228,0.9024998346667397,0.0,0.0,0.0,0,0.0357
13,0,0.0,-0.15517893947584613,0.09736045886995297,1.1549586695369503,0.9991752137270681,0.005138212784589646,-0.03997288734835512,-0.004965815127705955,0.03942423974959773,-0.03925305050539295,0.040253630082386055,0.054701401885782076,0.14540184866706055,-2.2379869206642518,0.02028458197650703,2.2150241584557997,0.9485545123752575,0.3873288323962746,0.7144854133228762,-0.34958495886398977,6.118241659724966e-05,0.0015752344885994751,-0.008942998456712176,0.99267578125,0.3873288323962746,0.7144854133228762,-0.34958495886398977,6.118241659724966e-05,0.0015752344885994751,-0.008942998456712176,-1.0,-0.22758744430822136,0.1896031901666801,0.9344017298585087,0.06060510783591834,0.19244251911248228,0.9024998346667725,0.0,0.0,0.0,0,0.0354
14,0,0.0,-0.14976716517811767,0.10691458769544217,1.1508025820221883,0.9991386689120536,0.004846940392153609,-0.04088326887865468,-0.005194783852960695,0.03945512135602294,-0.0392788280115773,0.04427706135082677,0.08163415529359645,0.15756865099986214,-2.2154192322851753,0.0167885936464436,2.217724351920948,0.9674189609337323,0.34151547444047525,0.6671892697037174,-0.41759686967863685,0.0002447620090853253,-0.007994151524252258,-0.027845891993506067,0.994140625,0.34151547444047525,0.6671892697037174,-0.41759686967863685,0.0002447620090853253,-0.007994151524252258,-0.027845891993506067,-1.0,-0.22758744380046816,0.1896031947360334,0.9344017298646345,0.06060510783591834,0.19244251911248228,0.9024998346667815,0.0,0.0,0.0,0,0.0348
15,0,0.0,-0.1446032344374487,0.11608180221103005,1.1460296315072407,0.9991142128294402,0.0037353293658134445,-0.041575580251995675,-0.005320541649683661,0.03948368048824121,-0.039304503912505825,0.04827362269374085,0.10876776838046455,0.16886373094548635,-2.193998735469776,0.012243157708155719,2.22208385720826,0.9876153330202034,0.3032007154325983,0.5958696880557797,-0.4938249844843152,0.0010161183669957219,-0.01641711338709337,-0.05443280671760617,0.99365234375,0.3032007154325983,0.5958696880557797,-0.4938249844843152,0.0010161183669957219,-0.01641711338709337,-0.05443280671760617,-1.0,-0.22758744325218158,0.1896031991614776,0.9344017297741528,0.06060510783591834,0.19244251911248228,0.9024998346667837,0.0,0.0,0.0,0,0.038
16,1,0.464,-0.13974598067368155,0.12454649481772427,1.1404901284339082,0.999099000419867,0.0012220258742716705,-0.042084830719298104,-0.005344252624365208,0.0395097085517302,-0.039330394668989424,0.05216239409736882,0.1360012304772302,0.17883778120624946,-2.1742705582593924,0.00681451410364539,2.228495388966534,1.0096613820540767,0.1658633620987333,0.3775942315911702,-0.6595184316367777,0.01394237616437942,-0.02578677138912641,-0.08635724598859,0.99853515625,0.1658633620987333,0.3775942315911702,-0.6595184316367777,0.01394237616437942,-0.02578677138912641,-0.08635724598859,-1.0,-0.22758744267504302,0.18960320348452417,0.9344017296149444,0.06060510783591834,0.19244251911248228,0.9024998346667837,0.0,0.0,0.0,0,0.0522
17,0,0.0,-0.13561890702869,0.13149991685011803,1.1336985686674703,0.9990528270769575,-0.0032290339978430227,-0.04307579281535208,-0.005243865206776003,0.03953121425909422,-0.039358599433635975,0.05562575678159019,0.1629885248151342,0.1864183615711409,-2.15787002347148,0.001174206462390991,2.23687564566059,1.0328589718444727,0.10177537922404623,0.3207262493824199,-0.7498966755381209,0.025652821748355287,-0.03672572090473489,-0.11395124081587571,1.0009765625,0.10177537922404623,0.3207262493824199,-0.7498966755381209,0.025652821748355287,-0.03672572090473489,-0.11395124081587571,-1.0,-0.2275874420773698,0.18960320773470207,0.9344017294068323,0.06060510783591834,0.19244251911248228,0.9024998346667837,0.0,0.0,0.0,0,0.036
18,0,0.0,-0.132211427440743,0.13706930205253584,1.125677591795858,0.9989642289017879,-0.009398212453395782,-0.04416743403433173,-0.005601852207883286,0.039552020542134116,-0.03938539411683413,0.05866230752807854,0.18935418735036094,0.19180052656156327,-2.1454275572578005,-0.0031535744298473362,2.248724053179823,1.0559169409130325,0.04699002466745794,0.24715447041928418,-0.8215602325710042,0.03181078983321828,-0.041033407819388634,-0.13650983512723336,1.001953125,0.04699002466745794,0.24715447041928418,-0.8215602325710042,0.03181078983321828,-0.041033407819388634,-0.13650983512723336,-1.0,-0.2275874414650822,0.18960321193302268,0.9344017291639185,0.06060510783591834,0.19244251911248228,0.9024998346667837,0.0,0.0,0.0,0,0.0359
19,0,0.0,-0.12945137001277673,0.14166783817877415,1.1166544291380593,0.9988230476759097,-0.01692952872322845,-0.04497833262004146,-0.006546761286086328,0.039571380867841656,-0.03941161224753511,0.06142892863136421,0.21489921531672124,0.19551747402770964,-2.136858895501999,-0.006024841846267808,2.2645283381111545,1.0787460999373744,-0.009891470776541844,0.19070877520713336,-0.8653799871898372,0.03276411543631422,-0.0415952800256478,-0.1489170619984801,1.001953125,-0.009891470776541844,0.19070877520713336,-0.8653799871898372,0.03276411543631422,-0.0415952800256478,-0.1489170619984801,-1.0,-0.22758744084239363,0.18960321609443825,0.9344017288962382,0.06060510783591834,0.19244251911248228,0.9024998346667837,0.0,0.0,0.0,0,0.0347
20,0,0.0,-0.12745134244624823,0.14534045311159582,1.1068174491119507,0.9986076950546496,-0.02539654019045079,-0.045571616039203504,-0.007804802083887194,0.03958961681964551,-0.039437016859380634,0.06400002386179987,0.2392897186771779,0.19780049314337023,-2.132131911000698,-0.007924072389621478,2.2837041749436975,1.1011041611718628,-0.09299238240488639,0.1363041338118809,-0.8850075856128562,0.03137277536693095,-0.043608655431409876,-0.15383161290202585,1.0078125,-0.09299238240488639,0.1363041338118809,-0.8850075856128562,0.03137277536693095,-0.043608655431409876,-0.15383161290202585,-1.0,-0.22758744021230295,0.18960322022958997,0.9344017286109316,0.06060510783591834,0.19244251911248228,0.9024998346667837,0.0,0.0,0.0,0,0.0358
21,0,0.0,-0.12638232783993522,0.14819412773703275,1.0964904973911267,0.9983082025010408,-0.03431308074807038,-0.0460468335918184,-0.009112322694225508,0.03960688527848942,-0.039461528810879574,0.06645566519058904,0.2619006645827258,0.19897177987044218,-2.131247158566332,-0.00925155771196753,2.3053060277104906,1.1227317461385975,-0.18318101084702065,0.1164449147773482,-0.8918544222720489,0.02879621968288787,-0.04793975368799108,-0.15576520670014224,1.0087890625,-0.18318101084702065,0.1164449147773482,-0.8918544222720489,0.02879621968288787,-0.04793975368799108,-0.15576520670014224,-1.0,-0.22758743957694416,0.18960322434605031,0.9344017283130808,0.06060510783591834,0.19244251911248228,0.9024998346667837,0.0,0.0,0.0,0,0.0374
22,0,0.0,-0.1263450088509627,0.15046997198569592,1.0859956187625905,0.9979295589799055,-0.043346118194588446,-0.04636971190740297,-0.010371073679010825,0.0396237947456919,-0.03948461415854067,0.06890437209876821,0.28225816052774916,0.19948224365970155,-2.1341475826299714,-0.010173933011771342,2.3288324341736018,1.1436758548772639,-0.27501316782568574,0.10210475218448578,-0.8927673338266079,0.025395166179950968,-0.050983228138561654,-0.15624860514967132,1.0107421875,-0.27501316782568574,0.10210475218448578,-0.8927673338266079,0.025395166179950968,-0.050983228138561654,-0.15624860514967132,-1.0,-0.22758743893783606,0.18960322844920857,0.934401728006303,0.06060510783591834,0.19244251911248228,0.9024998346667837,0.0,0.0,0.0,0,0.0367
23,0,0.0,-0.12743411552549191,0.1523864266581167,1.0754671569588636,0.9974777616009103,-0.052364269590783497,-0.04651154415486104,-0.011522787952159592,0.03964015462642692,-0.03950653678362355,0.07144332169093022,0.30019464853542904,0.19969613662075922,-2.1409143082115762,-0.010877717181765405,2.3542014319063886,1.1642987253176493,-0.35102636264024073,0.09405197376321783,-0.8945931569357259,0.025652821748355287,-0.050210653854955295,-0.1556846402918874,1.0126953125,-0.35102636264024073,0.09405197376321783,-0.8945931569357259,0.025652821748355287,-0.050210653854955295,-0.1556846402918874,-1.0,-0.22758743829605962,0.1896032325429003,0.9344017276931719,0.06060510783591834,0.19244251911248228,0.9024998346667837,0.0,0.0,0.0,0,0.0424
24,1,0.4668,-0.12966510436837483,0.1541047401866579,1.0649085755048977,0.9969548723006313,-0.06133152552773513,-0.046467910637053,-0.012655427827551073,0.039656073493513334,-0.03952726027320565,0.07410708422342051,0.31594481168874444,0.19985526321442407,-2.1514468854391424,-0.011229541138631057,2.381602685903809,1.1847041575533952,-0.09843657068214506,0.0871546194854238,-0.42741066889014634,0.0008856802354910431,-0.020615791240897352,-0.04363690801145642,1.01953125,-0.09843657068214506,0.0871546194854238,-0.42741066889014634,0.0008856802354910431,-0.020615791240897352,-0.04363690801145642,-1.0,-0.22758743765238407,0.18960323662985507,0.934401727375519,0.06060510783591834,0.19244251911248228,0.9024998346667837,0.0,0.0,0.0,0,0.0369
25,0,0.0,-0.13191313068864793,0.15569583418323693,1.0564963716183455,0.9966145292028326,-0.06747327070676351,-0.04501621289518659,-0.013430506264552252,0.0396718097689509,-0.039546577096384705,0.07682288626143424,0.3270255418156624,0.20013725982518088,-2.162523211529287,-0.01321843488885543,2.407370675005008,1.2006010209892843,-0.22098216718723174,0.0877880499803233,-0.6106776634678701,0.017047125763651347,-0.03224244892562514,-0.0759641793237145,1.0205078125,-0.22098216718723174,0.0877880499803233,-0.6106776634678701,0.017047125763651347,-0.03224244892562514,-0.0759641793237145,-1.0,-0.2275874370073568,0.18960324071201556,0.934401727054648,0.06060510783591834,0.19244251911248228,0.9024998346667837,0.0,0.0,0.0,0,0.0367
26,0,0.0,-0.13419894662478873,0.15719064362807983,1.0492954891760142,0.9963782368767142,-0.07175323201802009,-0.04336469265900372,-0.014191060707639584,0.03968672373137927,-0.039565194277206665,0.07948195121953554,0.336250946780866,0.20041232273511908,-2.1733763233215955,-0.015029213458058051,2.4312268452558348,1.2130909812714863,-0.29535183346525584,0.07603439524163347,-0.7074462882511264,0.02562705619151487,-0.046160491701503686,-0.09127179689213577,1.01171875,-0.29535183346525584,0.07603439524163347,-0.7074462882511264,0.02562705619151487,-0.046160491701503686,-0.09127179689213577,-1.0,-0.22758743636136772,0.1896032447907642,0.9344017267314868,0.06060510783591834,0.19244251911248228,0.9024998346667837,0.0,0.0,0.0,0,0.0362
27,0,0.0,-0.13695508516754765,0.15857006915424904,1.0412427425944115,0.9960452851499412,-0.07673819625798545,-0.04201520801199529,-0.015484232669122014,0.039700862380292995,-0.039583153125362786,0.08209327552411348,0.3467224511900133,0.20043520343515378,-2.1854618867837643,-0.015408593135419152,2.457445086033216,1.2255664885467823,-0.37609017282233725,0.04971183912025645,-0.7905212397159974,0.03224880429950561,-0.05269225609926667,-0.100214668208424,1.01171875,-0.37609017282233725,0.04971183912025645,-0.7905212397159974,0.03224880429950561,-0.05269225609926667,-0.100214668208424,-1.0,-0.22758743571469386,0.18960324886708504,0.9344017264066954,0.06060510783591834,0.19244251911248228,0.9024998346667837,0.0,0.0,0.0,0,0.0369
28,0,0.0,-0.14033450665187389,0.1597387429391983,1.0322843743668664,0.9956263104974727,-0.08232360997656196,-0.04071840472334476,-0.017119713852811476,0.039714190684242874,-0.03960055195368811,0.0846344742010549,0.35822311213602726,0.200233743712482,-2.1995076553785036,-0.01503883902288378,2.4868277731351105,1.2382718704019986,-0.42539602891826483,0.02991127105747382,-0.8316022596711534,0.032609522095271654,-0.05393305722142239,-0.10436383823354871,1.015625,-0.42539602891826483,0.02991127105747382,-0.8316022596711534,0.032609522095271654,-0.05393305722142239,-0.10436383823354871,-1.0,-0.22758743506753257,0.18960325294167815,0.9344017260807439,0.06060510783591834,0.19244251911248228,0.9024998346667837,0.0,0.0,0.0,0,0.0358
29,0,0.0,-0.1444271078160949,0.16060610295517916,1.0225870656881146,0.9951396307856029,-0.08826516193058787,-0.03934726734213785,-0.01892535288882874,0.03972695149441076,-0.03961720504468872,0.08710962799406038,0.37035886153147657,0.19977621488491185,-2.215744076973684,-0.014409440113253704,2.5193536228972726,1.2510766533516802,-0.4656624780632723,0.03737167466406732,-0.8421007425485821,0.031063588684845794,-0.05465880882117383,-0.10500836949958749,1.015625,-0.4656624780632723,0.03737167466406732,-0.8421007425485821,0.031063588684845794,-0.05465880882117383,-0.10500836949958749,-1.0,-0.22758743442002424,0.18960325701504185,0.9344017257539668,0.06060510783591834,0.19244251911248228,0.9024998346667837,0.0,0.0,0.0,0,0.0364
30,0,0.0,-0.1491920790337525,0.16128754459144354,1.0124691132623367,0.994608647216746,-0.09431347705398135,-0.037739378964895105,-0.020840974137629222,0.03973968550039505,-0.03963262383091236,0.08961671826896472,0.3827813423416016,0.1992349958674149,-2.2339014434652102,-0.013851318216938505,2.5546605079731757,1.2640079073162194,-0.4759345314165906,0.04839805735305769,-0.8297764365620354,0.029594951944941217,-0.051872859131805366,-0.10331647492623566,1.01953125,-0.4759345314165906,0.04839805735305769,-0.8297764365620354,0.029594951944941217,-0.051872859131805366,-0.10331647492623566,-1.0,-0.2275874337722688,0.18960326108753078,0.9344017254266019,0.06060510783591834,0.19244251911248228,0.9024998346667837,0.0,0.0,0.0,0,0.0438
31,0,0.0,-0.1545158799297061,0.16194588253442266,1.0022006391888574,0.9940483610490426,-0.10031484802427848,-0.035797584366584985,-0.022876191009323112,0.039752307047929966,-0.03964694688527073,0.09225424907659144,0.39540878046057293,0.1987708554890682,-2.253411836052978,-0.013543747737682198,2.592279194383399,1.277166890587732,-0.4849739383675106,0.0414068615204638,-0.8087794708071778,0.027739831852430202,-0.05072570337735954,-0.09836164081856247,1.013671875,-0.4849739383675106,0.0414068615204638,-0.8087794708071778,0.027739831852430202,-0.05072570337735954,-0.09836164081856247,-1.0,-0.22758743312433757,0.18960326515939735,0.9344017250988187,0.06060510783591834,0.19244251911248228,0.9024998346667837,0.0,0.0,0.0,0,0.0418
32,1,0.4674,-0.160264984082172,0.16254680256788967,0.9919708172498256,0.9934662529368651,-0.1061855348115453,-0.03354477180344385,-0.02498368982006159,0.03976440453278564,-0.03966063709961163,0.09504741205375251,0.40821026776020836,0.19825713547687937,-2.273733128150593,-0.013615495977259107,2.6315434013788095,1.2904131717469507,0.21301208699046403,0.21515450023251204,-0.026371475820975987,-0.0015856115744876526,-0.01441361464120694,-0.016571630238343155,0.95458984375,0.21301208699046403,0.21515450023251204,-0.026371475820975987,-0.0015856115744876526,-0.01441361464120694,-0.016571630238343155,-1.0,-0.22758743247628102,0.1896032692308211,0.9344017247707375,0.06060510783591834,0.19244251911248228,0.9024998346667837,0.0,0.0,0.0,0,0.0383
33,0,0.0,-0.16354228637247123,0.1637635187229384,0.9854994018919225,0.993164146437935,-0.10987015080340828,-0.028152890218475606,-0.027585194670140756,0.039780375649465745,-0.0396693413155538,0.09803045341647977,0.416220797163886,0.19806242624681103,-2.2893203560419684,-0.01572680231593115,2.6677048816125897,1.3012999038689574,0.3634976686165764,0.22538322970570313,-0.03291876337632893,-0.0016120439157580324,-0.0021120518649764275,-0.024210332821006014,0.94775390625,0.3634976686165764,0.22538322970570313,-0.03291876337632893,-0.0016120439157580324,-0.0021120518649764275,-0.024210332821006014,-1.0,-0.22758743182813518,0.18960327330192997,0.9344017244424443,0.06060510783591834,0.19244251911248228,0.9024998346667837,0.0,0.0,0.0,0,0.0365
34,0,0.0,-0.16394528651986137,0.16563764972803974,0.982266652567558,0.9930312527403393,-0.11182787301867125,-0.02169151041443915,-0.030214835313323737,0.03979410708077554,-0.039679216534043146,0.10117493829571006,0.4223572117021359,0.1978847974096775,-2.2966863922240055,-0.018983117970196844,2.6953208791517773,1.3102349367593313,0.407256615901712,0.22735390235650144,-0.06515595264669438,-0.0031007345119143798,-0.001866232774738047,-0.030011114215355128,0.95458984375,0.407256615901712,0.22735390235650144,-0.06515595264669438,-0.0031007345119143798,-0.001866232774738047,-0.030011114215355128,-1.0,-0.2275874311799258,0.18960327737281485,0.934401724114,0.06060510783591834,0.19244251911248228,0.9024998346667837,0.0,0.0,0.0,0,0.0389
35,0,0.0,-0.16266298548672212,0.16765061770665599,0.9794609981569056,0.9928345783687071,-0.11383272414334511,-0.01628843502953052,-0.032500735281295615,0.0398066415549284,-0.03968927277796726,0.10448188844820021,0.43121958310616704,0.19699703173585317,-2.2967086498417957,-0.02262163625257672,2.71603695036171,1.3190195558727047,0.4413598330347287,0.2102747393829163,-0.11639311364631955,-0.006058137333005101,-0.006150508347464306,-0.03349561137237733,0.89404296875,0.4413598330347287,0.2102747393829163,-0.11639311364631955,-0.006058137333005101,-0.006150508347464306,-0.03349561137237733,-1.0,-0.227587430531671,0.18960328144354052,0.9344017237854484,0.06060510783591834,0.19244251911248228,0.9024998346667837,0.0,0.0,0.0,0,0.0417
36,0,0.0,-0.1600557082389613,0.1695869019481017,0.9765819267914574,0.9925859502017763,-0.116009645755148,-0.011815634450972988,-0.03428242022263551,0.039818462068905165,-0.03969907211787578,0.10803376192947299,0.443019788440616,0.19508520614349964,-2.2907500736060413,-0.027211357046458485,2.7316065117320956,1.3281622342392976,0.47977731257613876,0.16504310996935578,-0.18936898103888133,-0.004170810294443536,-0.006437297286075755,-0.039558233593554704,0.86669921875,0.47977731257613876,0.16504310996935578,-0.18936898103888133,-0.004170810294443536,-0.006437297286075755,-0.039558233593554704,-1.0,-0.22758742988338374,0.18960328551415306,0.9344017234568203,0.06060510783591834,0.19244251911248228,0.9024998346667837,0.0,0.0,0.0,0,0.0364
37,0,0.0,-0.15633378294456163,0.17132019016426986,0.9732738761126583,0.9922848495727927,-0.1184733690402498,-0.0080890407255255,-0.03562871814552036,0.03982964507570308,-0.03970858113247677,0.11178874159816471,0.45803132998351254,0.19205666006528374,-2.2797330369461646,-0.03255589946257939,2.743609532995009,1.3375847615419039,0.46909437708868784,0.10609008571489476,-0.27883431338566556,-0.00045171319925757514,-0.004418069044831829,-0.052680487338063214,0.83154296875,0.46909437708868784,0.10609008571489476,-0.27883431338566556,-0.00045171319925757514,-0.004418069044831829,-0.052680487338063214,-1.0,-0.22758742923507325,0.18960328958468523,0.9344017231281373,0.06060510783591834,0.19244251911248228,0.9024998346667837,0.0,0.0,0.0,0,0.0374
38,0,0.0,-0.1519079237788933,0.17269347498110602,0.9692218938297877,0.9918982202492147,-0.12152943613955935,-0.005258429537770693,-0.0366178335901493,0.03983988718112442,-0.03971814520964961,0.1155806506563283,0.47615075800660733,0.18801096190715222,-2.2648954898249087,-0.0377756805324606,2.752970344562669,1.3470635750734263,0.3770567790429563,0.07296108432193615,-0.4219331995627922,0.010013128746213712,-0.017307475984772308,-0.06617536072075038,0.70166015625,0.3770567790429563,0.07296108432193615,-0.4219331995627922,0.010013128746213712,-0.017307475984772308,-0.06617536072075038,-1.0,-0.22758742858674627,0.18960329365516032,0.9344017227994152,0.06060510783591834,0.19244251911248228,0.9024998346667837,0.0,0.0,0.0,0,0.0369
39,0,0.0,-0.14732388076181113,0.17381295106221753,0.9641402890276977,0.9914075445370324,-0.12527997469056507,-0.003323888282479622,-0.037482800632668276,0.03984984281486668,-0.039727149666214386,0.11934471549571883,0.4971844096097733,0.18345871810978687,-2.247864287222024,-0.04204424334456073,2.7613694056778675,1.3564353754988694,0.2697138215007807,0.08525432800072552,-0.5495125893124155,0.026580381794610808,-0.026758342079116232,-0.08893537105274515,0.75732421875,0.2697138215007807,0.08525432800072552,-0.5495125893124155,0.026580381794610808,-0.026758342079116232,-0.08893537105274515,-1.0,-0.22758742793840742,0.18960329772559498,0.9344017224706654,0.06060510783591834,0.19244251911248228,0.9024998346667837,0.0,0.0,0.0,0,0.0377
40,1,0.4676,-0.14310713865186872,0.17508218698475722,0.9578527262419977,0.9907672788719228,-0.12991610958834943,-0.0020836940206054658,-0.03869963572670967,0.03986005378183952,-0.03973509052929823,0.12309397519896964,0.5208369017071723,0.17926274080543822,-2.230270804321016,-0.04438800895137288,2.770932344040124,1.3660116786225798,0.4160905817855657,0.18357681704233964,0.021271095932573036,-0.0026731873030934744,-0.017472818587135036,-0.023983739797789255,0.95361328125,0.4160905817855657,0.18357681704233964,0.021271095932573036,-0.0026731873030934744,-0.017472818587135036,-0.023983739797789255,-1.0,-0.22758742729005998,0.1896033017960011,0.9344017221418959,0.06060510783591834,0.19244251911248228,0.9024998346667837,0.0,0.0,0.0,0,0.0384
41,0,0.0,-0.1387562383985015,0.1766609523746231,0.9539162905864194,0.9902896353296285,-0.1331818407739327,0.00011748767345216328,-0.03986253433267474,0.03987149368868019,-0.039741020307345144,0.12687959036203555,0.5380095588236152,0.1758836446986739,-2.2143481752178853,-0.047193894801997704,2.7775173742676356,1.3741178445216702,0.6001657778770287,0.22660316991810203,0.05763065144149404,-0.030696451061667185,-0.0044063633738681,-0.03938702997601315,0.9609375,0.6001657778770287,0.22660316991810203,0.05763065144149404,-0.030696451061667185,-0.0044063633738681,-0.03938702997601315,-1.0,-0.22758742664170634,0.18960330586638696,0.934401721813112,0.06060510783591834,0.19244251911248228,0.9024998346667837,0.0,0.0,0.0,0,0.0365
42,0,0.0,-0.13334791099266144,0.17820371070110008,0.9528523981896614,0.9899879478739307,-0.13523723225235168,0.0033814384254468675,-0.04029044491267409,0.03988167526890745,-0.039747455126470405,0.1310563389157666,0.5497698678662685,0.17200972978009205,-2.197250745324524,-0.05224248490847041,2.7787855802874355,1.3824509310617614,0.6749463262891856,0.21928352864370848,-0.015758878999227344,-0.02558198802884165,-0.004137132941702232,-0.047745794832453725,0.9716796875,0.6749463262891856,0.21928352864370848,-0.015758878999227344,-0.02558198802884165,-0.004137132941702232,-0.047745794832453725,-1.0,-0.22758742599334814,0.18960330993675867,0.9344017214843179,0.06060510783591834,0.19244251911248228,0.9024998346667837,0.0,0.0,0.0,0,0.0361
43,0,0.0,-0.12671982273442672,0.17989814131723036,0.9519173663081792,0.9896264094295656,-0.13772440463360125,0.006748471760357274,-0.04032389188513776,0.03989228323360055,-0.03975275045038743,0.13585232608498402,0.5635116108241364,0.16742663668775246,-2.175546094237319,-0.05853305993551463,2.7772919488565213,1.3926505291380171,0.7082277791539365,0.18503136114173835,-0.11393966384344212,-0.01021283337352459,-0.003856196838572634,-0.042690252714461946,0.98046875,0.7082277791539365,0.18503136114173835,-0.11393966384344212,-0.01021283337352459,-0.003856196838572634,-0.042690252714461946,-1.0,-0.22758742534498663,0.1896033140071204,0.9344017211555163,0.06060510783591834,0.19244251911248228,0.9024998346667837,0.0,0.0,0.0,0,0.0379
44,0,0.0,-0.11931270698983706,0.18204309082702128,0.9501628843950255,0.9892021613262962,-0.14052555244316506,0.009670357395337469,-0.04047390919806355,0.039902669725212093,-0.03975758535545516,0.14089104946112124,0.5811178278394571,0.1629983754901879,-2.1493164829924343,-0.06431423743782068,2.774387650705728,1.4030282687562539,0.751781285372006,0.10932908562978572,-0.18149511888080982,-0.006634641667309746,-0.0034874682032150495,-0.03657727648812531,0.9794921875,0.751781285372006,0.10932908562978572,-0.18149511888080982,-0.006634641667309746,-0.0034874682032150495,-0.03657727648812531,-1.0,-0.22758742469662271,0.18960331807747524,0.9344017208267095,0.06060510783591834,0.19244251911248228,0.9024998346667837,0.0,0.0,0.0,0,0.0359
45,0,0.0,-0.11124172663419533,0.18404186093669445,0.9474852658460692,0.9887615543086383,-0.1433552489068065,0.012187090870007664,-0.04063663554181785,0.03991124748084818,-0.03976357647081782,0.1457011037305622,0.6021864857288615,0.1582499598480415,-2.119389184840989,-0.06923695469404195,2.7704886709994665,1.4118884288501912,0.7735580384810407,0.050744096223055646,-0.2448283579783419,-0.004831052688479567,-0.0022993426003961592,-0.03301221292284823,0.9794921875,0.7735580384810407,0.050744096223055646,-0.2448283579783419,-0.004831052688479567,-0.0022993426003961592,-0.03301221292284823,-1.0,-0.22758742404825694,0.18960332214782538,0.9344017204978987,0.06060510783591834,0.19244251911248228,0.9024998346667837,0.0,0.0,0.0,0,0.0365
46,0,0.0,-0.10262344988186331,0.18548702603455494,0.9439998709641476,0.9883385062846699,-0.14604107605516126,0.014370945062558047,-0.04065067081422357,0.03991893685495943,-0.039769831673971925,0.15004027501487122,0.6259618544209711,0.15295213541141797,-2.086553766889102,-0.07321094151028905,2.76562547519291,1.4184710262053442,0.7254848287875112,0.01405204829628759,-0.33589128554560443,-0.0025983061535259783,-0.009998747676791542,-0.03583203721176795,0.98486328125,0.7254848287875112,0.01405204829628759,-0.33589128554560443,-0.0025983061535259783,-0.009998747676791542,-0.03583203721176795,-1.0,-0.22758742339988974,0.18960332621817227,0.9344017201690851,0.06060510783591834,0.19244251911248228,0.9024998346667837,0.0,0.0,0.0,0,0.0365
47,0,0.0,-0.09380297242084698,0.18638399177447976,0.9396906227000683,0.9879311995393147,-0.1486196779753161,0.016169208987961592,-0.04053014897612074,0.03992595553232637,-0.03977616022983201,0.1538891371133864,0.6519069259535022,0.14731293479915566,-2.051854867221773,-0.07609359597397003,2.7602431060972403,1.4229853364512828,0.6502933982412217,-0.017478714116484828,-0.41234762823992255,0.0017778126410909617,-0.012494982009807587,-0.04228742067318772,0.98291015625,0.6502933982412217,-0.017478714116484828,-0.41234762823992255,0.0017778126410909617,-0.012494982009807587,-0.04228742067318772,-1.0,-0.22758742275152138,0.18960333028851706,0.9344017198402695,0.06060510783591834,0.19244251911248228,0.9024998346667837,0.0,0.0,0.0,0,0.0359
48,1,0.4954,-0.08525790685292908,0.18684813421146773,0.9345581624861421,0.9875105129527288,-0.15129510717391137,0.01747885698614277,-0.040339396519162254,0.03993246495815604,-0.03978242693199299,0.15728839223138993,0.6792609302327599,0.14166015957762065,-2.016715708539134,-0.077705114776281,2.7548879460037443,1.4261109660929738,0.36596296142137275,-0.018135605000084265,-0.08307184190491523,-0.0005282046961276043,-0.00033278987848900377,-0.007764714735985001,1.0078125,0.36596296142137275,-0.018135605000084265,-0.08307184190491523,-0.0005282046961276043,-0.00033278987848900377,-0.007764714735985001,-1.0,-0.22758742210315222,0.18960333435886056,0.9344017195114521,0.06060510783591834,0.19244251911248228,0.9024998346667837,0.0,0.0,0.0,0,0.0561
49,0,0.0,-0.07854735885360536,0.1872747105305676,0.9309894206203464,0.9872965497840007,-0.15290641328658305,0.01728361718407741,-0.03957812700815203,0.039938902627621294,-0.039788216963597155,0.16004121081674308,0.6995768316934479,0.13759898530824632,-1.987418267299143,-0.07797005733517128,2.7449397049723663,1.4270204935848358,0.5046356816911689,0.0042925265970961135,-0.113083809261043,-0.0005829565044135204,-0.003545996558033726,-0.01239224781012288,1.01171875,0.5046356816911689,0.0042925265970961135,-0.113083809261043,-0.0005829565044135204,-0.003545996558033726,-0.01239224781012288,-1.0,-0.22758742145478228,0.18960333842920324,0.934401719182634,0.06060510783591834,0.19244251911248228,0.9024998346667837,0.0,0.0,0.0,0,0.0615
50,0,0.0,-0.07239566249435692,0.18780010345556292,0.929399798133626,0.9871747123886845,-0.15384807105460863,0.017221395623510768,-0.03899079103930442,0.03994611261146387,-0.039792708576712965,0.16218747843652076,0.714813619452663,0.13455877198790495,-1.9613533470512718,-0.07743878595840398,2.7337762757750426,1.4266044660085604,0.49662348007558077,0.02038635324528215,-0.1636933435669088,-0.0008567155458431008,-0.006806025921433367,-0.018806718642350728,1.015625,0.49662348007558077,0.02038635324528215,-0.1636933435669088,-0.0008567155458431008,-0.006806025921433367,-0.018806718642350728,-1.0,-0.22758742080641176,0.1896033424995453,0.9344017188538142,0.06060510783591834,0.19244251911248228,0.9024998346667837,0.0,0.0,0.0,0,0.0578
51,0,0.0,-0.06591276882823723,0.18825885914643914,0.927617282991454,0.9869936815607043,-0.15499263825911846,0.017739544516107382,-0.03880803016239106,0.039952428832382474,-0.03979759183818319,0.16406149640761214,0.731097732541885,0.1315546802615238,-1.934532679341723,-0.0766279879893553,2.7242044906750964,1.4260353378909763,0.5075118566300981,0.002603378610697593,-0.24505658586698165,0.00011593422488316574,-0.02203510384524998,-0.023797429978699908,1.0166015625,0.5075118566300981,0.002603378610697593,-0.24505658586698165,0.00011593422488316574,-0.02203510384524998,-0.023797429978699908,-1.0,-0.2275874201580408,0.18960334656988728,0.9344017185249939,0.06060510783591834,0.19244251911248228,0.9024998346667837,0.0,0.0,0.0,0,0.0572
52,0,0.0,-0.05921759234724993,0.18850843262391742,0.9251227924337422,0.986751480569717,-0.15640916320423143,0.018754555528488773,-0.03880664770566536,0.03995814244801769,-0.039802598074985006,0.16583622923173974,0.7493653631130721,0.12821699283955862,-1.906762237705308,-0.07605859327889582,2.7167706419196636,1.4257746683827135,0.4633420272108296,-0.020481643870082222,-0.3486720473094307,0.004463871941705888,-0.03409194493789497,-0.0256252803659818,1.01171875,0.4633420272108296,-0.020481643870082222,-0.3486720473094307,0.004463871941705888,-0.03409194493789497,-0.0256252803659818,-1.0,-0.22758741950966915,0.18960335064022937,0.9344017181961736,0.06060510783591834,0.19244251911248228,0.9024998346667837,0.0,0.0,0.0,0,0.0579
53,0,0.0,-0.05254283484331502,0.1885379199691778,0.9215874359473627,0.9864677768843919,-0.15798093329888901,0.02018536687168621,-0.038934571360582794,0.0399633815253741,-0.039807619908121435,0.16756620735645794,0.7699165914465368,0.1245751377729799,-1.8785019693969973,-0.07580115217339213,2.711967385304361,1.4257335346828943,0.42410278340115404,-0.01804176344528441,-0.4075548425784876,0.004856796683522457,-0.04393641421839439,-0.021711515314976726,1.0009765625,0.42410278340115404,-0.01804176344528441,-0.4075548425784876,0.004856796683522457,-0.04393641421839439,-0.021711515314976726,-1.0,-0.22758741886129702,0.18960335471057202,0.9344017178673522,0.06060510783591834,0.19244251911248228,0.9024998346667837,0.0,0.0,0.0,0,0.0625
54,0,0.0,-0.04616585315212906,0.18846341754486634,0.9171013697823562,0.9861796890259683,-0.1594750766829452,0.021932355155634,-0.03919556948099302,0.03996855582329911,-0.03981226690876628,0.16929863784755825,0.7920689056860769,0.12084964159313487,-1.8505836317394737,-0.0757911612848991,2.7097944982647184,1.4256639697468783,0.3614432579459127,0.003072586384697207,-0.45571092708147604,0.0028213176931284195,-0.05198991584144269,-0.019063838781195303,0.9970703125,0.3614432579459127,0.003072586384697207,-0.45571092708147604,0.0028213176931284195,-0.05198991584144269,-0.019063838781195303,-1.0,-0.2275874182129247,0.1896033587809147,0.9344017175385301,0.06060510783591834,0.19244251911248228,0.9024998346667837,0.0,0.0,0.0,0,0.0575
55,0,0.0,-0.04124210796243945,0.18893293505068556,0.9127449677482405,0.985878852353235,-0.16122189968940004,0.022617396078942247,-0.03922806314127965,0.040580838227792744,-0.03981551260947529,0.1714110625223713,0.8113172825020853,0.11822884486749805,-1.8265070632126086,-0.07567731633578878,2.7059961414518687,1.4277537335590857,0.22492766888031324,-0.0070623015336939154,-0.5449480315396205,-0.00011515061302944107,-0.06805009640368437,-0.021035512795713363,0.99853515625,0.22492766888031324,-0.0070623015336939154,-0.5449480315396205,-0.00011515061302944107,-0.06805009640368437,-0.021035512795713363,-1.0,-0.2275874175645517,0.18960336285125795,0.9344017172097075,0.06060510783591834,0.19244251911248228,0.9024998346667837,0.0,0.0,169.7853013830318,1,0.0608
56,1,0.4842,-0.04030828260708336,0.18922886527498908,0.9124983987741102,0.9853397540277767,-0.16595044722790547,0.017330234719413428,-0.03557641299946695,0.04099696086466974,-0.039822965078377195,0.1743676085675709,0.815707573300188,0.11615330592543632,-1.8126590715489226,-0.07644634346648625,2.683920932007935,1.439208946179394,0.2532785361354716,-0.03249336288447169,-0.16026992523731254,-3.94642898106784e-05,-0.039862840723015325,-0.006616643418353413,1.0224609375,0.2532785361354716,-0.03249336288447169,-0.16026992523731254,-3.94642898106784e-05,-0.039862840723015325,-0.006616643418353413,-1.0,-0.22758741691617862,0.1896033669216016,0.9344017168808846,0.06060510783591834,0.19244251911248228,0.9024998346667837,0.0,0.0,103.94794048592301,1,0.0663
57,0,0.0,-0.03839093731773199,0.18930029732555329,0.9132938109344215,0.9848902641772723,-0.16994134517345127,0.012047247891159383,-0.03108006672624506,0.04058859091196762,-0.03982440727046388,0.17734584083232036,0.8200926602815712,0.11373753862702261,-1.7949457622254859,-0.07850647619619289,2.6579474553527285,1.4496269243018363,0.27752058204930263,-0.04319130013166239,-0.26536886795591996,0.0003043448592788267,-0.04735447013980443,-0.004189580369676094,1.0263671875,0.27752058204930263,-0.04319130013166239,-0.26536886795591996,0.0003043448592788267,-0.04735447013980443,-0.004189580369676094,-1.0,-0.2275874162678049,0.1896033709919457,0.9344017165520615,0.06060510783591834,0.19244251911248228,0.9024998346667837,0.0,0.0,0.0,0,0.0587
58,0,0.0,-0.03368785459403233,0.1901385885033564,0.913000973224695,0.9846730433572752,-0.17149080739622463,0.011914906756352444,-0.02946074780277514,0.04015310287513242,-0.03982733100034217,0.1799990129623783,0.8313742278648344,0.1114719353305211,-1.7720893741983084,-0.08107202995262859,2.6451597974999173,1.4546367199375436,0.24958059692827705,-0.057549058016049814,-0.3774287612780399,-5.6469964576089104e-06,-0.04726082477209456,-0.003454411894350584,1.0322265625,0.24958059692827705,-0.057549058016049814,-0.3774287612780399,-5.6469964576089104e-06,-0.04726082477209456,-0.003454411894350584,-1.0,-0.227587415619431,0.18960337506229047,0.9344017162232384,0.06060510783591834,0.19244251911248228,0.9024998346667837,0.0,0.0,0.0,0,0.0601
59,0,0.0,-0.03133472154246987,0.19098299138810854,0.9116455238078492,0.9843890017112611,-0.1736097354737014,0.009692597632216091,-0.027276484557152182,0.040804872370319885,-0.03983450755094228,0.18262019165439736,0.8407213621185372,0.10999674235250095,-1.7550757096616265,-0.08293419099230995,2.6312875167438463,1.4614051449504795,0.21783995206652362,-0.10306221209401012,-0.5234946100074834,-5.2347068230901295e-05,-0.05463539747924637,-0.0031925710675223262,1.041015625,0.21783995206652362,-0.10306221209401012,-0.5234946100074834,-5.2347068230901295e-05,-0.05463539747924637,-0.0031925710675223262,-1.0,-0.22758741497105658,0.18960337913263567,0.9344017158944153,0.06060510783591834,0.19244251911248228,0.9024998346667837,0.0,0.0,88.82897980310766,1,0.0555
60,0,0.0,-0.030723191828746558,0.1909417322042988,0.9110802506796009,0.9838856666392883,-0.17730077031960684,0.0041829480474039095,-0.02271419757482333,0.04084463583981169,-0.039840587608059655,0.18524896302009325,0.8462533958656813,0.1080605010247763,-1.7404744814835424,-0.08530439184232512,2.608351102110412,1.4716863189584704,0.12189897374653125,-0.12614723457478993,-0.6093082961360315,0.00015458256014382055,-0.06392970022445035,-0.008550237216469775,1.0302734375,0.12189897374653125,-0.12614723457478993,-0.6093082961360315,0.00015458256014382055,-0.06392970022445035,-0.008550237216469775,-1.0,-0.2275874143226818,0.18960338320298123,0.934401715565591,0.06060510783591834,0.19244251911248228,0.9024998346667837,0.0,0.0,88.81340718877438,1,0.0551
61,0,0.0,-0.030065056304421158,0.19087054225953057,0.9103496514058512,0.9832792794365279,-0.18129054023126934,-0.0029220839247766145,-0.01694284742811773,0.04081307515221046,-0.03984533271363914,0.1880049716774484,0.8534898704915649,0.10625303110290518,-1.7218948899898918,-0.0883185759654946,2.579222486857449,1.4831221691021392,0.012142083666325743,-0.1150739311083997,-0.6809718531689148,-0.00011917648128575986,-0.06805009640368437,-0.013641027138073025,1.021484375,0.012142083666325743,-0.1150739311083997,-0.6809718531689148,-0.00011917648128575986,-0.06805009640368437,-0.013641027138073025,-1.0,-0.2275874136743067,0.18960338727332737,0.9344017152367665,0.06060510783591834,0.19244251911248228,0.9024998346667837,0.0,0.0,88.21384337695436,1,0.0586
62,0,0.0,-0.029332585595371413,0.19086754786831242,0.9095655710588725,0.9824976829387825,-0.18566784500252898,-0.010946047596316387,-0.010292637857144451,0.04082068672120882,-0.03985071737361556,0.1908936716472729,0.8621288395959469,0.10464407084856096,-1.7002582387929657,-0.09203530826903414,2.545975123612146,1.4959544224301773,-0.03690697109576879,-0.09574257081961657,-0.6718427376233245,0.0001320376979084409,-0.06580260757864764,-0.021788305172844608,1.01953125,-0.03690697109576879,-0.09574257081961657,-0.6718427376233245,0.0001320376979084409,-0.06580260757864764,-0.021788305172844608,-1.0,-0.22758741302593122,0.18960339134367415,0.9344017149079415,0.06060510783591834,0.19244251911248228,0.9024998346667837,0.0,0.0,85.16460374993713,1,0.0658
63,0,0.0,-0.028470943652841165,0.19120038620425134,0.9091360167228276,0.9816994445730034,-0.18943424489890287,-0.01923862234729136,-0.0032776202976771565,0.04084784119145071,-0.03943918212347787,0.1937884069581282,0.8711980333631447,0.10377666082835971,-1.6765659026046627,-0.09635624688124544,2.5103196966035846,1.5080722099713317,-0.10881134456899655,-0.09593025392921639,-0.6700169145142065,-3.8659116159411866e-05,-0.06739457882971531,-0.031229681140209714,1.0185546875,-0.10881134456899655,-0.09593025392921639,-0.6700169145142065,-3.8659116159411866e-05,-0.06739457882971531,-0.031229681140209714,-1.0,-0.22758741237755542,0.18960339541402146,0.9344017145791165,0.06060510783591834,0.19244251911248228,0.9024998346667837,0.0,0.0,97.29431731011238,2,0.0606
64,1,0.4883,-0.02680850983557946,0.19446991419845902,0.909478276970679,0.981613444838878,-0.18928185663421793,-0.024631659751910635,0.0008396418993371815,0.04032136430405516,-0.03586476592786096,0.19714721530040838,0.880944481870787,0.10637111269039885,-1.652385995561493,-0.10103207894294386,2.4827355276546377,1.5150349431391723,0.2036645184389445,0.005793991473894811,-0.18103866310353023,-0.0005555806002705693,-0.03672572090473489,-0.028107732820334325,0.98291015625,0.2036645184389445,0.005793991473894811,-0.18103866310353023,-0.0005555806002705693,-0.03672572090473489,-0.028107732820334325,-1.0,-0.22758741172917937,0.1896033994843694,0.9344017142502908,0.06060510783591834,0.19244251911248228,0.9024998346667837,0.0,0.0,73.97650097389442,1,0.0781
65,0,0.0,-0.02447936234544694,0.1987463592073317,0.9100512848375351,0.9816993628810642,-0.1886065400155542,-0.02623255981394722,0.002405574334735646,0.040088352919512606,-0.03127803630615718,0.2005494517738769,0.8897074221444325,0.10953808092916743,-1.6318762180556137,-0.1058223214953672,2.466529969353054,1.521642851574257,0.23263170889530194,-0.00030570958809983395,-0.25327278985801294,-0.0005249840015225521,-0.03290967217055793,-0.025262731528834986,0.9951171875,0.23263170889530194,-0.00030570958809983395,-0.25327278985801294,-0.0005249840015225521,-0.03290967217055793,-0.025262731528834986,-1.0,-0.22758741108080288,0.18960340355471794,0.934401713921465,0.06060510783591834,0.19244251911248228,0.9024998346667837,0.0,0.0,37.06243535135604,1,0.0717
66,0,0.0,-0.021945713580668668,0.20190603697508988,0.9101185847430662,0.9816862221699431,-0.18864613641106653,-0.026324662379863636,0.0034363599153614567,0.04004005370961412,-0.02925523092578993,0.20338807035102346,0.8984599304782815,0.11140094821055904,-1.6140690106944322,-0.11019769474642299,2.4561739949638755,1.5279065142774142,0.24269832118155377,-0.03418251087087032,-0.32881622099777197,-0.00032530093600921517,-0.0404949469550569,-0.018689016155290894,0.97216796875,0.24269832118155377,-0.03418251087087032,-0.32881622099777197,-0.00032530093600921517,-0.0404949469550569,-0.018689016155290894,-1.0,-0.2275874104324262,0.1896034076250671,0.9344017135926391,0.06060510783591834,0.19244251911248228,0.9024998346667837,0.0,0.0,46.09009216716807,1,0.0636
67,0,0.0,-0.020138229230384733,0.20539566614320737,0.9097500350461525,0.981833661091135,-0.18789713098933947,-0.026129184304666677,0.003820450487171636,0.040020157934900324,-0.025510243339751146,0.2062097228351437,0.9064521476335633,0.1138149214367561,-1.599620184241023,-0.11426208104408853,2.44946608580927,1.5327533003947098,0.24197927744682146,-0.10606514184760751,-0.4121194003512827,0.0003655380567748473,-0.0477992856364263,-0.012019628171944213,0.97314453125,0.24197927744682146,-0.10606514184760751,-0.4121194003512827,0.0003655380567748473,-0.0477992856364263,-0.012019628171944213,-1.0,-0.227587409784049,0.18960341169541672,0.9344017132638133,0.06060510783591834,0.19244251911248228,0.9024998346667837,0.0,0.0,60.904024941407975,1,0.0601
68,0,0.0,-0.01859346830455068,0.2089637050565396,0.9094514836155065,0.9821163514906556,-0.1865571941983828,-0.025102166168289242,0.003710347850112339,0.04001021107003374,-0.02161979448543809,0.2090340995815828,0.9131231507137442,0.11626649226295498,-1.5880519173251932,-0.11855490622309921,2.446242865536961,1.536760034654692,0.23119362142583733,-0.15580116589156412,-0.46803523306802286,0.0008840698881885101,-0.04463875447621837,-0.022717336568033347,0.96923828125,0.23119362142583733,-0.15580116589156412,-0.46803523306802286,0.0008840698881885101,-0.04463875447621837,-0.022717336568033347,-1.0,-0.22758740913567138,0.189603415765767,0.9344017129349872,0.06060510783591834,0.19244251911248228,0.9024998346667837,0.0,0.0,75.14842778421394,1,0.0601
69,0,0.0,-0.017213507714739534,0.21224664693339484,0.909292976410309,0.9823820468843976,-0.18537422544528714,-0.023472528081295345,0.003309218223824977,0.04000487829464906,-0.018048007314550665,0.2117114939810404,0.9184480430071615,0.11834025006049559,-1.5790483111168827,-0.12265635751884388,2.445549324274755,1.5407763140999542,0.1902081285460976,-0.14285103132917543,-0.5047799231390235,0.0007874490500369008,-0.055127035659723156,-0.027493413957391105,0.98876953125,0.1902081285460976,-0.14285103132917543,-0.5047799231390235,0.0007874490500369008,-0.055127035659723156,-0.027493413957391105,-1.0,-0.2275874084872935,0.18960341983611773,0.9344017126061601,0.06060510783591834,0.19244251911248228,0.9024998346667837,0.0,0.0,82.93743633304588,1,0.0585
70,0,0.0,-0.015978332368862126,0.2153151801628068,0.909150603960984,0.9825578839412078,-0.18470581664131125,-0.02137400100402366,0.0026302252604806604,0.04000236387565242,-0.014725031736811564,0.21432974500290305,0.9228684176995235,0.12007096697532148,-1.5720700641666223,-0.12649424516063532,2.4471206476807223,1.5454783605368627,0.20756789871320536,-0.11338478312200118,-0.4979330864798308,0.00030756555388387896,-0.06261866507651226,-0.022405141736045797,0.984375,0.20756789871320536,-0.11338478312200118,-0.4979330864798308,0.00030756555388387896,-0.06261866507651226,-0.022405141736045797,-1.0,-0.2275874078389152,0.18960342390646895,0.9344017122773327,0.06060510783591834,0.19244251911248228,0.9024998346667837,0.0,0.0,85.10135343743482,1,0.037
71,0,0.0,-0.014759466579807538,0.21843249283544622,0.9090021000466159,0.9827042081151919,-0.18424248071119415,-0.018561161476151004,0.0016220168723041686,0.04000135306129019,-0.011356508975702277,0.21710750232048975,0.9268021809647384,0.12160463896604864,-1.5665023158263751,-0.13059755593557168,2.4511969010683683,1.5508875569291884,0.1965768016251549,-0.07040535102363865,-0.4732844745067372,-0.00043722007353483305,-0.07006347180944644,-0.018402627750947503,0.93701171875,0.1965768016251549,-0.07040535102363865,-0.4732844745067372,-0.00043722007353483305,-0.07006347180944644,-0.018402627750947503,-1.0,-0.22758740719053663,0.18960342797682075,0.934401711948505,0.06060510783591834,0.19244251911248228,0.9024998346667837,0.0,0.0,85.49170217858641,1,0.0391
72,1,0.4648,-0.01372201924460134,0.22110899801919615,0.9089264955383208,0.9828269254673145,-0.18387881023396596,-0.015453357408286229,0.0010057177625846323,0.04040774332594157,-0.008501517684583525,0.21997032258671353,0.9296277516435797,0.1223880655096059,-1.56275510369519,-0.13552363915855414,2.4559547200998613,1.5569453025755664,0.128396047492505,0.09609889267729099,-0.1797834097160116,-0.0040146066060984115,-0.03856351124604096,-0.014451726621137445,0.99072265625,0.128396047492505,0.09609889267729099,-0.1797834097160116,-0.0040146066060984115,-0.03856351124604096,-0.014451726621137445,-1.0,-0.22758740654215762,0.18960343204717317,0.9344017116196769,0.06060510783591834,0.19244251911248228,0.9024998346667837,0.0,0.0,101.54818857936768,2,0.0393
73,0,0.0,-0.01318308625827014,0.22252211342385242,0.9090721563767505,0.9828493770762363,-0.18394133314802852,-0.013063470295387935,0.0014260730767220375,0.040271622988514916,-0.006997644397878685,0.22237111581902053,0.9304887254069605,0.12210020693073273,-1.561467227444103,-0.14034255052157488,2.4591242007180183,1.5629488430989564,0.14305940365436687,0.05065025466825568,-0.2343298751009132,-0.0001497730800337771,-0.04323407396057041,-0.019785474617634247,1.0068359375,0.14305940365436687,0.05065025466825568,-0.2343298751009132,-0.0001497730800337771,-0.04323407396057041,-0.019785474617634247,-1.0,-0.22758740589377835,0.18960343611752625,0.9344017112908486,0.06060510783591834,0.19244251911248228,0.9024998346667837,0.0,0.0,40.342461270111365,1,0.0392
74,0,0.0,-0.012612404768640275,0.22410154914334954,0.9089796531386998,0.9828076986611654,-0.18432636896968208,-0.010559872910770252,0.0011429080906356047,0.040097819094043335,-0.005333287966953152,0.22457297617695446,0.9318371038165648,0.12204007884222304,-1.5603258613983884,-0.14406731893714284,2.4638387320026682,1.5686913005778529,0.10773638018564369,0.03633941756126813,-0.2781496297197462,0.0003268897215141925,-0.0499297177518257,-0.02369672196838135,1.0087890625,0.10773638018564369,0.03633941756126813,-0.2781496297197462,0.0003268897215141925,-0.0499297177518257,-0.02369672196838135,-1.0,-0.22758740524539872,0.18960344018787997,0.93440171096202,0.06060510783591834,0.19244251911248228,0.9024998346667837,0.0,0.0,65.0797307128478,2,0.0438
75,0,0.0,-0.012212928345389727,0.22499995640303314,0.9089868171042761,0.982696292948922,-0.1850325653132519,-0.008326747412706247,0.0012692027288391536,0.04035647368585032,-0.004415782909070686,0.2264710876912604,0.9321921223551187,0.12132566765344435,-1.5604694471819909,-0.14763188342711978,2.467964566275195,1.5744039182182392,0.10716499721786532,0.012315979532489196,-0.35255192141630654,0.00042190021236328257,-0.06313371459891651,-0.025826696386618914,1.0205078125,0.10716499721786532,0.012315979532489196,-0.35255192141630654,0.00042190021236328257,-0.06313371459891651,-0.025826696386618914,-1.0,-0.22758740459701876,0.1896034442582343,0.9344017106331913,0.06060510783591834,0.19244251911248228,0.9024998346667837,0.0,0.0,64.3867732231907,2,0.0398
76,0,0.0,-0.011923569242012698,0.22549045822119343,0.9089466003256291,0.982550578133413,-0.18589244590293463,-0.005997995984916214,0.0015440239909276798,0.04052276911153166,-0.003938914741292901,0.2282263388660067,0.9320200053720746,0.12017579368148505,-1.561789632737386,-0.15134681068923309,2.472817165215768,1.5802537823147547,0.19123533388142933,-0.04037605348766482,-0.3685278736210894,0.00014814117093370216,-0.06346147338590102,-0.0340293638270657,0.9794921875,0.19123533388142933,-0.04037605348766482,-0.3685278736210894,0.00014814117093370216,-0.06346147338590102,-0.0340293638270657,-1.0,-0.22758740394863844,0.18960344832858914,0.9344017103043627,0.06060510783591834,0.19244251911248228,0.9024998346667837,0.0,0.0,74.33717105861838,2,0.0564
77,0,0.0,-0.01159884940015456,0.22582808378550898,0.9089301238645413,0.9823371119372863,-0.1870823013667226,-0.0033202714682272916,0.0017282428701168384,0.040581733239188025,-0.0036220610606082686,0.22995656271711698,0.9315318348198568,0.11876502374410595,-1.5638344207061334,-0.15522219617150837,2.478793141937813,1.5868441178603652,0.17947383279188,-0.05032325829645623,-0.394089397148742,-0.0006997066838467236,-0.06613036636563216,-0.03423077984770284,0.95849609375,0.17947383279188,-0.05032325829645623,-0.394089397148742,-0.0006997066838467236,-0.06613036636563216,-0.03423077984770284,-1.0,-0.22758740330025778,0.18960345239894436,0.9344017099755336,0.06060510783591834,0.19244251911248228,0.9024998346667837,0.0,0.0,83.55083944608951,2,0.0396
78,0,0.0,-0.011314267605293872,0.22604831410833262,0.9088616889880816,0.9820701756113528,-0.18850551819965117,-0.000461038217463469,0.0019045279542629094,0.04061905436181459,-0.003433558490292311,0.2316930279975813,0.9308572880240307,0.11714775544221143,-1.5665041031739164,-0.1593305225145769,2.485480052008717,1.594010138366008,0.15471818421038297,-0.053889237378853094,-0.3774287612780399,-0.0018605657955558241,-0.05568890786598232,-0.03055493747107535,0.96533203125,0.15471818421038297,-0.053889237378853094,-0.3774287612780399,-0.0018605657955558241,-0.05568890786598232,-0.03055493747107535,-1.0,-0.22758740265187657,0.1896034564693002,0.9344017096467038,0.06060510783591834,0.19244251911248228,0.9024998346667837,0.0,0.0,88.68593636463245,2,0.0402
79,0,0.0,-0.011186382516893165,0.22610184415141907,0.9087974978719088,0.9818452632761734,-0.18965650307138043,0.002291674101260083,0.002244561135279525,0.040623244190182733,-0.0034148033590367163,0.23334989062751332,0.929780735344557,0.11543035366708837,-1.5698442783322626,-0.16363865621487833,2.4920481035379374,1.6007078077532118,0.09316290449062348,-0.052200089392454574,-0.3872425604895494,-0.0007431860610149499,-0.05320730562167095,-0.023062261503374426,0.779296875,0.09316290449062348,-0.052200089392454574,-0.3872425604895494,-0.0007431860610149499,-0.05320730562167095,-0.023062261503374426,-1.0,-0.22758740200349523,0.18960346053965665,0.9344017093178738,0.06060510783591834,0.19244251911248228,0.9024998346667837,0.0,0.0,85.25664697861906,2,0.0414
80,1,0.4697,-0.011178849294378635,0.22608721232046533,0.9087941501924424,0.9817339952643639,-0.1901793667164225,0.004822753793579769,0.002629080344132462,0.04059174236779326,-0.0034483344378289566,0.23483226143560115,0.9283977422581438,0.11383842743915498,-1.5735131155732471,-0.1678560371925534,2.4981966031530134,1.6059901786521298,0.09329451517421283,0.088104765227773,-0.17807170055121346,-0.002613604452899987,-0.03590632393727358,-0.018498929785814633,0.986328125,0.09329451517421283,0.088104765227773,-0.17807170055121346,-0.002613604452899987,-0.03590632393727358,-0.018498929785814633,-1.0,-0.22758740135511338,0.18960346461001368,0.9344017089890433,0.06060510783591834,0.19244251911248228,0.9024998346667837,0.0,0.0,80.51378048887891,2,0.041
81,0,0.0,-0.011191872898951048,0.22604437564456345,0.9089423812125021,0.9816538124786944,-0.1905175931782253,0.007093456171310973,0.002919249075623678,0.04048622717793064,-0.0035222191958891955,0.23608368291304663,0.9267531631118283,0.11242976119094199,-1.5771341057378947,-0.1715033632532459,2.503684985892975,1.6103976238994768,0.11251288499493672,0.04445671205146107,-0.2047743635220648,1.6092692126504216e-05,-0.03500498727306614,-0.02473401447466253,0.99853515625,0.11251288499493672,0.04445671205146107,-0.2047743635220648,1.6092692126504216e-05,-0.03500498727306614,-0.02473401447466253,-1.0,-0.22758740070673134,0.18960346868037128,0.9344017086602123,0.06060510783591834,0.19244251911248228,0.9024998346667837,0.0,0.0,48.42417070861851,2,0.0395
82,0,0.0,-0.011166488501462526,0.22599785100296604,0.9089930808338069,0.9815089433892965,-0.1911759548917903,0.009112247920717307,0.0029858425727213754,0.040445724437006246,-0.0036055898817040468,0.23712732168251666,0.925527287068266,0.1111648987431506,-1.5802501353464906,-0.1743328949028784,2.5089167240779844,1.6146632556978289,0.11725086960415476,0.023670807663279225,-0.2537292456352924,0.0003784208351950563,-0.04211032954805205,-0.028722051683277544,0.98681640625,0.11725086960415476,0.023670807663279225,-0.2537292456352924,0.0003784208351950563,-0.04211032954805205,-0.028722051683277544,-1.0,-0.2275874000583489,0.1896034727507295,0.9344017083313813,0.06060510783591834,0.19244251911248228,0.9024998346667837,0.0,0.0,53.68652516865113,2,0.0408
83,0,0.0,-0.011085935881643638,0.22598420442280132,0.9090036767574339,0.9812986266464111,-0.1921526951798706,0.011031501413554818,0.0029416073056400547,0.04046685081353633,-0.0036549424267354356,0.23811938039799305,0.9245843782246648,0.10996515696019092,-1.5829304040477334,-0.1768400673999661,2.513944312316672,1.6192686980211384,0.13966962604777178,0.009453812111091642,-0.3226540680044986,-0.0001095143974706031,-0.05156851168674831,-0.03074628269068061,1.0009765625,0.13966962604777178,0.009453812111091642,-0.3226540680044986,-0.0001095143974706031,-0.05156851168674831,-0.03074628269068061,-1.0,-0.22758739940996617,0.18960347682108836,0.9344017080025498,0.06060510783591834,0.19244251911248228,0.9024998346667837,0.0,0.0,62.004471306807545,2,0.0394
84,0,0.0,-0.010958415980929954,0.22601679976067324,0.9089851647801738,0.9810391262598488,-0.19334915214763987,0.013025980993007521,0.0029431157418153228,0.04054793524809475,-0.0036534156592771348,0.2392339634728659,0.923847255015883,0.10870908654619708,-1.5853161254307684,-0.17964289843686554,2.5189441946788516,1.6246281701685774,0.2011478653673815,-0.042815933912462745,-0.31626368712258546,-0.0002262645769038063,-0.06027753088376567,-0.033475469770313626,0.958984375,0.2011478653673815,-0.042815933912462745,-0.31626368712258546,-0.0002262645769038063,-0.06027753088376567,-0.033475469770313626,-1.0,-0.22758739876158307,0.18960348089144774,0.9344017076737184,0.06060510783591834,0.19244251911248228,0.9024998346667837,0.0,0.0,76.75011549333551,2,0.0428
85,0,0.0,-0.010791336179522666,0.2260278202114052,0.9090110495645717,0.9807104522933753,-0.19485194455984978,0.01517020002525556,0.003097336752981787,0.04060822018351778,-0.0036716318457308632,0.24051807883981255,0.9230553861540336,0.10726260445711287,-1.5876554479348428,-0.18296951147290247,2.52391376961847,1.6311220921198524,0.1872805933404018,-0.046194229885259785,-0.3587140744095799,-0.001351293461131678,-0.0672072880942956,-0.03469403669516821,0.84765625,0.1872805933404018,-0.046194229885259785,-0.3587140744095799,-0.001351293461131678,-0.0672072880942956,-0.03469403669516821,-1.0,-0.22758739811319964,0.18960348496180776,0.934401707344887,0.06060510783591834,0.19244251911248228,0.9024998346667837,0.0,0.0,80.91162405156655,2,0.0408
86,0,0.0,-0.010610468972809107,0.2260135278212617,0.9090261952210456,0.980327994900422,-0.19656952304396613,0.017485325962285456,0.003421754049747521,0.04064631377079704,-0.003713163696145952,0.24199320810880529,0.9222784246530564,0.10561213342802983,-1.59001323348839,-0.18695452780338012,2.528984538796606,1.6386526292082,0.11574858180123193,-0.05342002960485348,-0.3872425604895494,-0.0017111054365400447,-0.0598327153871438,-0.028681768479150105,0.71484375,0.11574858180123193,-0.05342002960485348,-0.3872425604895494,-0.0017111054365400447,-0.0598327153871438,-0.028681768479150105,-1.0,-0.22758739746481566,0.18960348903216825,0.9344017070160552,0.06060510783591834,0.19244251911248228,0.9024998346667837,0.0,0.0,87.03999682286366,2,0.045
87,0,0.0,-0.01049220035256283,0.225954422716975,0.9090345594572995,0.979983797165024,-0.1980442020357034,0.019866865927774643,0.003944486312491783,0.04062822574446565,-0.0038071054175325106,0.24356859705334538,0.9213653406664932,0.10384642523801654,-1.592617491117469,-0.19154543886510225,2.534015557477358,1.6462146557866213,0.00818734312529823,-0.03493324330926961,-0.37081015250748695,-0.0001964731518070556,-0.049297611519784124,-0.02557996176133845,0.066650390625,0.00818734312529823,-0.03493324330926961,-0.37081015250748695,-0.0001964731518070556,-0.049297611519784124,-0.02557996176133845,1.0,-0.22758739681643153,0.18960349310252925,0.9344017066872227,0.06060510783591834,0.19244251911248228,0.9024998346667837,0.0,0.0,83.76867558105369,2,0.04
88,1,0.4787,-0.010471861602956468,0.2257989015756635,0.9090821541232962,0.9797215477314206,-0.19908950977842116,0.022092581648209687,0.004579720848893666,0.04048439662224915,-0.004016235507869461,0.24502378787119786,0.9201773253533124,0.10210815441164015,-1.5955322441597604,-0.19616216738636388,2.5386787955772263,1.652863413669571,0.10507206634712674,0.08234523980192798,-0.1610687228475517,-0.0026691614348371695,-0.03319060827368753,-0.02732221033984955,0.98291015625,0.10507206634712674,0.08234523980192798,-0.1610687228475517,-0.0026691614348371695,-0.03319060827368753,-0.02732221033984955,-1.0,-0.2275873961680468,0.18960349717289077,0.9344017063583897,0.06060510783591834,0.19244251911248228,0.9024998346667837,0.0,0.0,69.09700572390693,2,0.0425
89,0,0.0,-0.010415948398318255,0.22569706435448345,0.9092158490700343,0.9794493568881049,-0.2001786560111511,0.024139964285794218,0.004972433340609013,0.04040663304021443,-0.004201526456547152,0.246265930031697,0.9189848444474802,0.10062096108895638,-1.5981974994524806,-0.20003005379629415,2.5430654421722245,1.6589776014667286,0.14252012085331756,0.05050949233605584,-0.1720236615022599,-0.00014816273273124403,-0.028777570320360185,-0.030726141088616904,0.9716796875,0.14252012085331756,0.05050949233605584,-0.1720236615022599,-0.00014816273273124403,-0.028777570320360185,-0.030726141088616904,-1.0,-0.22758739551966198,0.1896035012432529,0.9344017060295564,0.06060510783591834,0.19244251911248228,0.9024998346667837,0.0,0.0,46.9665825063677,2,0.0412
90,0,0.0,-0.010269333406292581,0.2256646419495752,0.9092846746880763,0.9790976442837893,-0.20166490703038908,0.025944128008281386,0.005096121294418035,0.04042888437157442,-0.004335218938443694,0.24731968302340393,0.9182851801000813,0.09935112121779478,-1.6001070462691476,-0.20298204768067943,2.547061691156892,1.6650295263130086,0.15898108635201014,0.04633354314745941,-0.21869626472908987,5.474102738714515e-05,-0.03807187306556417,-0.03635571886542446,0.951171875,0.15898108635201014,0.04633354314745941,-0.21869626472908987,5.474102738714515e-05,-0.03807187306556417,-0.03635571886542446,-1.0,-0.2275873948712766,0.1896035053136157,0.9344017057007228,0.06060510783591834,0.19244251911248228,0.9024998346667837,0.0,0.0,51.80473493096683,2,0.0409
91,0,0.0,-0.010050993142435726,0.22566983854091427,0.9092940197179664,0.9786738178926129,-0.20349380876359374,0.027592626344233942,0.005145380239447518,0.04050789641466671,-0.004417294542920912,0.2483364071900821,0.9179830637826601,0.09815173294711337,-1.6013661321651502,-0.20555912058312636,2.5506248104300155,1.6714224146246321,0.16945858077239473,0.03300804236587107,-0.28248595960390155,0.0002705275659257572,-0.04962537030676864,-0.03886334832235663,0.95654296875,0.16945858077239473,0.03300804236587107,-0.28248595960390155,0.0002705275659257572,-0.04962537030676864,-0.03886334832235663,-1.0,-0.2275873942228911,0.1896035093839791,0.9344017053718888,0.06060510783591834,0.19244251911248228,0.9024998346667837,0.0,0.0,61.98983927542463,2,0.0411
92,0,0.0,-0.00979128956032406,0.2256863321670474,0.9092713295703192,0.978190880437949,-0.2055642352001904,0.029288243281750403,0.005305227616180596,0.04060379237913277,-0.004467180805805732,0.24949832918723497,0.9178719324268865,0.09683483643093972,-1.6023140845520416,-0.20847168309719644,2.5539989218211456,1.6786291761692849,0.22451678674618047,-0.02733207737047627,-0.2904739357062931,-4.2684984415730653e-05,-0.0517792137640955,-0.03915540155228045,0.93115234375,0.22451678674618047,-0.02733207737047627,-0.2904739357062931,-4.2684984415730653e-05,-0.0517792137640955,-0.03915540155228045,-1.0,-0.2275873935745051,0.18960351345434312,0.9344017050430546,0.06060510783591834,0.19244251911248228,0.9024998346667837,0.0,0.0,74.63247216129731,2,0.0415
93,0,0.0,-0.00949676980042686,0.22566661248846345,0.9092844697554604,0.9776541779987532,-0.20783172320509025,0.031088805932168995,0.005636418800562753,0.040648850745165235,-0.004540415578336431,0.25081575719947485,0.917734186226646,0.09532975485310469,-1.6031506237615472,-0.21185772229426958,2.5571861911330984,1.6866771204214408,0.2189698779353887,-0.037654648398467216,-0.33794533654336223,-0.00107129432390482,-0.056601950201153495,-0.04323407597018217,0.8017578125,0.2189698779353887,-0.037654648398467216,-0.33794533654336223,-0.00107129432390482,-0.056601950201153495,-0.04323407597018217,-1.0,-0.2275873929261189,0.18960351752470775,0.9344017047142205,0.06060510783591834,0.19244251911248228,0.9024998346667837,0.0,0.0,80.0344310087632,2,0.0481
94,0,0.0,-0.009189888716642863,0.2256362614842737,0.9092743865327447,0.9770704529158758,-0.21026017383606077,0.03296433808765067,0.006110789771930407,0.04068713238403073,-0.004610354363510449,0.2522881171873965,0.9176886757856924,0.09367852394755398,-1.60385185071427,-0.21568805770373028,2.56025300253354,1.6954822675054781,0.18101464079487772,-0.043378983241262214,-0.36190926485053654,-0.0019952310887296487,-0.04913373212629185,-0.03560040878803525,0.8125,0.18101464079487772,-0.043378983241262214,-0.36190926485053654,-0.0019952310887296487,-0.04913373212629185,-0.03560040878803525,-1.0,-0.2275873922777322,0.18960352159507285,0.9344017043853863,0.060607080114526785,0.1924416808168113,0.9025018003599022,0.0,0.18885234092342673,87.75602853766085,3,0.0414
95,0,0.0,-0.008956020036686508,0.2255783462974679,0.9092413562026912,0.9765340070948131,-0.21242404102185375,0.034800592231357695,0.0068028349707422745,0.040696437017305985,-0.004705219851281482,0.25384810025624077,0.9175866640375135,0.09196927042250791,-1.604628494625423,-0.21997608287370346,2.562976132343325,1.7041383098689364,0.09266535190632208,-0.02733207737047627,-0.3813086353849158,-0.00012722821779839744,-0.043140428592860575,-0.030383733853533795,0.2442626953125,0.09266535190632208,-0.02733207737047627,-0.3813086353849158,-0.00012722821779839744,-0.043140428592860575,-0.030383733853533795,1.0,-0.2275873916293453,0.18960352566543842,0.9344017040565518,0.06071381843137178,0.19227401736787705,0.9025437000550025,0.0,0.14416235762765198,88.10677675268164,3,0.0415
96,1,0.4643,-0.008834328469938093,0.22547564375345822,0.9092216691974173,0.9761292251953818,-0.21397341719356178,0.03644868368589325,0.007655449793324721,0.04063413961050257,-0.004851587400231621,0.2553202204960522,0.917292490002011,0.09035977537240257,-1.605603112132655,-0.22436298555552467,2.565204885410076,1.7115906703704646,0.11687850767009689,0.07924846849353073,-0.15319486068948007,-0.0023788963335566876,-0.02795817335289888,-0.0306355038793302,0.98046875,0.11687850767009689,0.07924846849353073,-0.15319486068948007,-0.0023788963335566876,-0.02795817335289888,-0.0306355038793302,-1.0,-0.22758739098095773,0.1896035297358046,0.9344017037277164,0.060799388684370036,0.19212100019475417,0.9025467188153541,0.0,0.13061470381820559,82.38894294750519,3,0.0421
97,0,0.0,-0.008693397547240498,0.22536835308733524,0.9094075305392425,0.9757639767069639,-0.21535073751501466,0.03792866818393969,0.008374827911183914,0.04048284025265154,-0.005056597633740682,0.2565509126963474,0.9166261644678517,0.08897743086032134,-1.6066056804466218,-0.228121871731225,2.566995298394443,1.7181245641792176,0.16760961116879747,0.05571769862745124,-0.1470327076962067,5.635137468967821e-05,-0.02584529974394506,-0.032619451682605854,0.95361328125,0.16760961116879747,0.05571769862745124,-0.1470327076962067,5.635137468967821e-05,-0.02584529974394506,-0.032619451682605854,-1.0,-0.22758739033257014,0.18960353380617137,0.9344017033988806,0.06094138952100447,0.19203907208119,0.9026065878152387,0.0,0.07618976853187914,46.118728145113295,3,0.0423
98,0,0.0,-0.008374932015940513,0.2253933584605774,0.9095544758557994,0.975333037312665,-0.21702777440265592,0.03936654277560275,0.008642151015664769,0.04045941409649598,-0.005169884314604885,0.257568472285359,0.9165058249006828,0.0878610442917641,-1.6068568152940401,-0.23094046630258105,2.5690315682503297,1.7243957251914115,0.20027474083234942,0.047647324914658284,-0.18206568860240913,7.567554231999174e-05,-0.03557856515028904,-0.04031354367094392,0.9345703125,0.20027474083234942,0.047647324914658284,-0.18206568860240913,7.567554231999174e-05,-0.03557856515028904,-0.04031354367094392,-1.0,-0.22758738968418188,0.18960353787653864,0.9344017030700446,0.061182341550163784,0.19194136296297334,0.9026347847312676,0.0,0.07629985980675717,48.672502973261246,3,0.0446
99,0,0.0,-0.007880044719052744,0.22548426320035836,0.9096358732591684,0.9748026301433986,-0.2191228462942622,0.04086384780053499,0.008669281420417476,0.0405048853312092,-0.005600998434779296,0.2585511357280133,0.9169172381127046,0.08676962511429488,-1.6063840964436598,-0.23336803445137863,2.5712404059988794,1.7311618002594118,0.2177372315329904,0.0292074593964744,-0.23512867271115234,0.00028179999704344705,-0.04377253482490215,-0.040716375712218145,0.96875,0.2177372315329904,0.0292074593964744,-0.23512867271115234,0.00028179999704344705,-0.04377253482490215,-0.040716375712218145,-1.0,-0.2275873890357936,0.18960354194690654,0.9344017027412082,0.06164670209111475,0.1918069340378661,0.9026632079606004,0.0,0.0,59.776345621838175,2,0.0458
100,0,0.0,-0.007311813517746051,0.22559799914124126,0.9096280033319449,0.9741788616270513,-0.2215790725264259,0.04244743389356755,0.008745029056653874,0.04058757144734342,-0.006181033617370536,0.25968907874724195,0.9176828961935543,0.08553986459844189,-1.6054792186118279,-0.23605351176647807,2.5733996536927766,1.7388924190258523,0.25862000387919715,-0.016352615458885777,-0.25487038507849114,-0.00035428718745469934,-0.04491969057934797,-0.03966901240490511,0.962890625,0.25862000387919715,-0.016352615458885777,-0.25487038507849114,-0.00035428718745469934,-0.04491969057934797,-0.03966901240490511,-1.0,-0.22758738838740472,0.18960354601727505,0.9344017024123714,0.061939260699213135,0.19176033105491277,0.902485987050941,0.0,0.0,68.66216893333805,2,0.0426
101,0,0.0,-0.006705842134883611,0.22568911254581375,0.9096385725010128,0.9735248160443013,-0.22410375240326802,0.04411669753542087,0.008980963381007914,0.04063156675412588,-0.006494130463064112,0.2609703088087297,0.9184957609204009,0.08415342179757959,-1.6043783699667404,-0.2391651075070466,2.575332526255021,1.7471607125459623,0.2512241254648079,-0.02930275002127447,-0.3096450783520325,-0.0008522870907611557,-0.05135780960940112,-0.045812201034337335,0.89892578125,0.2512241254648079,-0.02930275002127447,-0.3096450783520325,-0.0008522870907611557,-0.05135780960940112,-0.045812201034337335,-1.0,-0.22758738773901574,0.18960355008764418,0.9344017020835345,0.062216238355340396,0.19152423479203187,0.9024821014597625,0.0,0.2537058988209477,75.2744433076377,3,0.043
102,0,0.0,-0.006116298126563743,0.22576915254684288,0.9096060142942695,0.9728279410668198,-0.22675562554101897,0.04582366553376687,0.009374168882746201,0.04067543135718503,-0.006505381022897694,0.2624090244235931,0.9193960462630999,0.08262807352553386,-1.6031930420540657,-0.24267967189675535,2.577098069051857,1.7561107843688293,0.2071570165790727,-0.03803001461766686,-0.34068407120703925,-0.001965439663632898,-0.04445146374079867,-0.03874249870997437,0.95947265625,0.2071570165790727,-0.03803001461766686,-0.34068407120703925,-0.001965439663632898,-0.04445146374079867,-0.03874249870997437,-1.0,-0.2275873870906262,0.18960355415801391,0.9344017017546975,0.0625493328396155,0.19126801590905387,0.9025125527360236,0.0,0.14242884436141148,83.92597237349312,3,0.0417
103,0,0.0,-0.00572240750897606,0.22578319946600614,0.9094678125749415,0.9721768205298533,-0.2291857542296052,0.047377113922023886,0.010076148028415591,0.04070947213961284,-0.006531985948624439,0.26394830251697754,0.9201742958912204,0.0810311097015895,-1.6023899892371833,-0.24664263520697677,2.5784494713427852,1.7650094266324603,0.17182115304365786,-0.028082809808875564,-0.359626985964139,-0.0005072701811947578,-0.04564544217909941,-0.029200414732290708,0.89208984375,0.17182115304365786,-0.028082809808875564,-0.359626985964139,-0.0005072701811947578,-0.04564544217909941,-0.029200414732290708,-1.0,-0.2275873864422365,0.1896035582283843,0.9344017014258605,0.06265853485630966,0.190918429886052,0.9025951996837193,0.0,0.32793367923392863,86.55699535192883,3,0.041
104,1,0.4657,-0.005489643158285561,0.22577315120380445,0.9093735759521819,0.9716741673687717,-0.23096755597086344,0.048815712552754506,0.010969355724770943,0.0407317223461199,-0.006572592147819855,0.2654690060008503,0.9205610983157747,0.07951417760050837,-1.6020982859251138,-0.25091775521928367,2.579525696730187,1.7728832490906352,0.11718666927069643,0.07608131601903345,-0.15353720252243974,-0.0045379694794196734,-0.022696474254700894,-0.03387830181158785,0.96630859375,0.11718666927069643,0.07608131601903345,-0.15353720252243974,-0.0045379694794196734,-0.022696474254700894,-0.03387830181158785,-1.0,-0.22758738579384616,0.18960356229875502,0.9344017010970231,0.06271850783251173,0.1906697493041156,0.9026085549365438,0.0,0.31927278300660245,87.74146851387036,3,0.0431
105,0,0.0,-0.005279692108521174,0.22569275559051774,0.9095771775647147,0.971226810813832,-0.23252410925048383,0.05009887518340041,0.011879531936034325,0.0405491885399671,-0.0067627637261316095,0.26677784773397745,0.9202333553287233,0.0781443624114491,-1.6021421846524586,-0.254777769391146,2.579964784701537,1.779879729304669,0.17402964451462133,0.059705964706447734,-0.13961530131541466,0.0003784208351950563,-0.02301838020620356,-0.035550054782875984,0.8740234375,0.17402964451462133,0.059705964706447734,-0.13961530131541466,0.0003784208351950563,-0.02301838020620356,-0.035550054782875984,-1.0,-0.22758738514545576,0.18960356636912631,0.9344017007681851,0.06285569074339271,0.1904034151533702,0.90258030651516,0.0,0.08590297421796057,45.939406387607406,3,0.0401
106,0,0.0,-0.004833921557431767,0.2257538303780031,0.9097674047348139,0.9707145955589289,-0.23434967843495524,0.05141621772289685,0.012238249113683628,0.040471354577076506,-0.0073680790664452205,0.26782954202365866,0.9205172657188017,0.07705613961040772,-1.601360999136695,-0.2576157016744182,2.580958209544035,1.7864772020445703,0.19570367709012282,0.04642738470225938,-0.15467834196563846,0.00032366902690914023,-0.03029930754564547,-0.04605390025910189,0.83349609375,0.19570367709012282,0.04642738470225938,-0.15467834196563846,0.00032366902690914023,-0.03029930754564547,-0.04605390025910189,-1.0,-0.2275873844970647,0.18960357043949813,0.9344017004393464,0.06325147774468012,0.19023188281691278,0.9026348879368749,0.0,0.0,34.685863363571244,1,0.0405
107,0,0.0,-0.0041813373894038705,0.2258770395232248,0.909754324530328,0.9700171564531835,-0.23692738716894085,0.05273015174486293,0.012315051471338921,0.04054890977635009,-0.01094840860509557,0.2688407885153535,0.9216764884712545,0.07597367207407327,-1.59951891807602,-0.25984373779919373,2.582012966414424,1.7940396820178366,0.24793706839174612,0.027189865968276106,-0.21139297229261778,0.0003252793742116733,-0.03614043735654823,-0.047403387597370616,0.87255859375,0.24793706839174612,0.027189865968276106,-0.21139297229261778,0.0003252793742116733,-0.03614043735654823,-0.047403387597370616,-1.0,-0.22758738384867364,0.18960357450987064,0.9344017001105076,0.06338710926342554,0.19020771651239868,0.9024536701847682,0.0,0.0,38.252952344751684,1,0.0404
108,0,0.0,-0.0033809311985160476,0.22600607053323066,0.9097378895943318,0.9691636319563158,-0.24009095006992176,0.054057076415116895,0.01249090377892601,0.04065820324436211,-0.01486745556782858,0.2699958883671566,0.92324743734639,0.07475611275962109,-1.5968050790589865,-0.26213596815770773,2.582463294036505,1.802801775812072,0.2823484471253622,-0.00865760796529258,-0.22383139222348447,-0.0004976080973795871,-0.03786117098821698,-0.04156232299889406,0.9658203125,0.2823484471253622,-0.00865760796529258,-0.22383139222348447,-0.0004976080973795871,-0.03786117098821698,-0.04156232299889406,-1.0,-0.22758738320028188,0.18960357858024374,0.9344016997816683,0.06338617553824026,0.19020565476061013,0.9024872558289566,0.0,0.0,75.75370166423986,2,0.0427
109,0,0.0,-0.002458830895364904,0.22611181190285434,0.9097381766656903,0.9682485626747445,-0.24342955165852254,0.05541425144117186,0.01288545671816153,0.040719702632789664,-0.01935774760424488,0.2713011669101044,0.9251147433071856,0.0733783758383271,-1.5933458452043432,-0.26474464665534087,2.582198771662644,1.8121537107095744,0.2547166236049362,-0.02507988005527817,-0.28134482016070284,-0.00035267684015216627,-0.0461370803595762,-0.04861188372119335,0.84033203125,0.2547166236049362,-0.02507988005527817,-0.28134482016070284,-0.00035267684015216627,-0.0461370803595762,-0.04861188372119335,-1.0,-0.22758738255189012,0.18960358265061744,0.9344016994528289,0.0633859229125714,0.1902050986239806,0.9024964067229445,0.0,0.0,84.43271260463865,2,0.0438
110,0,0.0,-0.0015250432989384628,0.22622736277025468,0.9097475927272296,0.9673110242312161,-0.24678479195542347,0.05678901499083711,0.01347800566269034,0.040748272956615164,-0.02288519734973791,0.27276361525161213,0.9270423526937838,0.07191449658764829,-1.5896333778095009,-0.2677482194319749,2.5814885842996063,1.8219241725686617,0.22277053767611643,-0.03971916260406538,-0.3139814082361879,-0.0011816031141279049,-0.03756852921412365,-0.04035382687507133,0.9716796875,0.22277053767611643,-0.03971916260406538,-0.3139814082361879,-0.0011816031141279049,-0.03756852921412365,-0.04035382687507133,-1.0,-0.22758738190349773,0.18960358672099176,0.9344016991239892,0.06338585485460002,0.19020494911542807,0.9024989004178063,0.0,0.0,86.28380147187505,2,0.0456
111,0,0.0,-0.0007402228690293177,0.22641219181095948,0.9097641589009517,0.9665299455403197,-0.24947636020251807,0.05813048043623708,0.01422171994457809,0.04074825430624172,-0.023990783088325154,0.27428512671368077,0.9287194225351079,0.07057677548939831,-1.5863440563500557,-0.27120612313991654,2.580679325425526,1.8307831814590116,0.17254019677839016,-0.03699775751486778,-0.3450204010911946,-0.0005016339656359059,-0.04072906037433158,-0.03324384134658093,0.9423828125,0.17254019677839016,-0.03699775751486778,-0.3450204010911946,-0.0005016339656359059,-0.04072906037433158,-0.03324384134658093,-1.0,-0.22758738125510528,0.18960359079136666,0.9344016987951494,0.06338583653856045,0.1902049089630914,0.9024995800408214,0.0,0.0,80.99623118329458,2,0.0426
112,1,0.4648,-0.00016242507077596745,0.2266164961983423,0.9097149716413799,0.9659985305788417,-0.251178701920693,0.05942091042545121,0.015008465116870344,0.040733207454377474,-0.023852510641034174,0.2757177490016604,0.9301102062994453,0.06940249763283375,-1.5838732574207774,-0.27496363558844567,2.5803056545825562,1.8379703372017686,0.07380008391961856,0.07779392439413202,-0.13299669254486168,-0.0036410060319121695,-0.018918468951156064,-0.03635571886542446,0.994140625,0.07380008391961856,0.07779392439413202,-0.13299669254486168,-0.0036410060319121695,-0.018918468951156064,-0.03635571886542446,-1.0,-0.2275873806067122,0.189603594861742,0.9344016984663097,0.06338583161064926,0.19020489818271008,0.9024997652686885,0.0,0.0,80.31353505818058,2,0.0406
113,0,0.0,0.00021348629442013121,0.2267161449310473,0.909861355040764,0.9655399926677581,-0.25263068034090624,0.06050148861365953,0.015806067985634824,0.04048171659044422,-0.024012285082099096,0.27692012364002805,0.9305860485612709,0.06838963976348857,-1.582482856559816,-0.278317576298496,2.579795576805572,1.8443053989248603,0.12837036735912177,0.06022209325784733,-0.1413270104802128,-0.00027779569058467013,-0.019184772965580993,-0.03029309664424709,0.974609375,0.12837036735912177,0.06022209325784733,-0.1413270104802128,-0.00027779569058467013,-0.019184772965580993,-0.03029309664424709,-1.0,-0.2275873799583189,0.18960359893211798,0.9344016981374694,0.063385830284897,0.19020489528854806,0.9024998157522546,0.0,0.0,25.068044143425016,1,0.0415
114,0,0.0,0.0006896981018571224,0.22703784556313542,0.9098530991302962,0.9650768297734831,-0.25411074563777447,0.06163199251019862,0.015998096292979293,0.04043625863773247,-0.02462742371358547,0.2779133734282373,0.9316372192665862,0.06771505978984711,-1.5807414913523787,-0.2809064441149442,2.5803206632450757,1.8500653032143226,0.16694192770083172,0.0356825266776688,-0.1148525753980012,0.0003993553501279029,-0.02066554034249321,-0.04166303100921262,0.943359375,0.16694192770083172,0.0356825266776688,-0.1148525753980012,0.0003993553501279029,-0.02066554034249321,-0.04166303100921262,-1.0,-0.22758737930992506,0.18960360300249446,0.9344016978086286,0.06338582992823698,0.19020489451158454,0.9024998295115766,0.0,0.0,27.04851097694797,1,0.0401
115,0,0.0,0.0012905761204637795,0.22716665762797578,0.909846147700377,0.9644348686897677,-0.25628347554036846,0.06262721124528631,0.016186310016089788,0.040536472654012355,-0.028106015146483497,0.27875186593410606,0.9329206100293478,0.0668877294356952,-1.578472425121826,-0.2828567856182763,2.5803477114512066,1.8565337757163296,0.23489156063303196,0.024609223211278453,-0.1341378319880605,9.661005725285221e-05,-0.025734095869789614,-0.04051495969158103,0.98291015625,0.23489156063303196,0.024609223211278453,-0.1341378319880605,9.661005725285221e-05,-0.025734095869789614,-0.04051495969158103,-1.0,-0.2275873786615311,0.18960360707287147,0.9344016974797873,0.06338582983228681,0.19020489430300394,0.9024998332617101,0.0,0.0,53.00749855372271,2,0.0518
116,0,0.0,0.0021559014685843675,0.22725566783639928,0.9098248411784694,0.9635387868946576,-0.25937060874927076,0.06365864390047352,0.01635452608165873,0.04066044358355042,-0.031961513829637134,0.27965850611864435,0.9348249327405388,0.06588269742876207,-1.5749560971887997,-0.284504080728798,2.5797766127252704,1.864435361049629,0.27464440711037363,0.005324783699895197,-0.1688284710613034,-0.0005257891751738186,-0.03569562185992639,-0.041723455815403765,0.96533203125,0.27464440711037363,0.005324783699895197,-0.1688284710613034,-0.0005257891751738186,-0.03569562185992639,-0.041723455815403765,-1.0,-0.22758737801313655,0.18960361114324906,0.9344016971509456,0.06338582980647384,0.19020489424700948,0.9024998342838233,0.0,0.0,45.77909696507489,1,0.042
117,0,0.0,0.0032712815527614226,0.22728927637777116,0.9098314553563159,0.9624521523666804,-0.2630817404192399,0.06474912916095936,0.016775056948450693,0.04074466280846251,-0.03479272226031358,0.2807655120985836,0.9373000863791692,0.06460702337522363,-1.5700853202298959,-0.2863613415269301,2.578116122974506,1.8736975562221971,0.27258999643970994,-0.008094558636492999,-0.24186139542602514,-0.0002029145410171601,-0.0453879174178973,-0.04800763565928198,0.888671875,0.27258999643970994,-0.008094558636492999,-0.24186139542602514,-0.0002029145410171601,-0.0453879174178973,-0.04800763565928198,-1.0,-0.22758737736474197,0.18960361521362726,0.9344016968221037,0.06338582979952948,0.19020489423197756,0.9024998345624057,0.0,0.0,55.63236514178411,1,0.0408
118,0,0.0,0.004521916589393082,0.22736550053715254,0.9098290818961101,0.961233899122754,-0.26716797017037325,0.0659169969102498,0.017481888074288437,0.04081995787559469,-0.036224382035259475,0.2821682963518201,0.9402342762904968,0.0631602670955687,-1.564191516924394,-0.28874326415843776,2.575559637934633,1.8842129844539384,0.21167672005453264,-0.0424405676932631,-0.28910456837445453,-0.0009175061565134951,-0.032827732473811794,-0.038218817056317855,0.98779296875,0.21167672005453264,-0.0424405676932631,-0.28910456837445453,-0.0009175061565134951,-0.032827732473811794,-0.038218817056317855,-1.0,-0.22758737671634674,0.18960361928400607,0.9344016964932613,0.06338582979766125,0.19020489422794232,0.902499834638335,0.0,0.0,87.30919549743243,2,0.0392
119,0,0.0,0.005638271611958186,0.22760531438471684,0.9098844930713268,0.9602085861542502,-0.2705045125162759,0.06697033814003625,0.0184865787369011,0.040823697890263695,-0.036437409273433766,0.28371843291955,0.9429946557829254,0.061958573598879366,-1.5582864768785085,-0.29168237088449345,2.5722015501080766,1.8937326077090746,0.1829663309320082,-0.055859910029651294,-0.3180895102317035,-0.001308417964201905,-0.03011201681022574,-0.03538892196636628,0.9853515625,0.1829663309320082,-0.055859910029651294,-0.3180895102317035,-0.001308417964201905,-0.03011201681022574,-0.03538892196636628,-1.0,-0.2275873760679515,0.18960362335438552,0.9344016961644188,0.06338582979715865,0.190204894226859,0.9024998346590304,0.0,0.0,54.43692775690839,1,0.0418
120,1,0.4694,0.0067180183019975165,0.22821758808962608,0.9099141205472188,0.9595392160419278,-0.2725374052409631,0.06810559996133846,0.01922193736517502,0.04072610118894384,-0.03580990795404464,0.2852364059311012,0.9459570130059786,0.061276686053973836,-1.5523202663759053,-0.2948298739051456,2.5695275218691997,1.9010315980181636,0.071232070581289,0.10236281646018552,-0.08906282398170873,-0.010798999791644392,-0.01168143787782816,-0.043999456848603236,0.50439453125,0.071232070581289,0.10236281646018552,-0.08906282398170873,-0.010798999791644392,-0.01168143787782816,-0.043999456848603236,-1.0,-0.22758737541955562,0.18960362742476564,0.9344016958355763,0.06340522469418768,0.18997099486409194,0.9024967610584216,0.0,0.09353491259607795,29.655580115836063,2,0.0465
121,0,0.0,0.007564411209254352,0.2293180077791161,0.9099230063685407,0.9590136998638549,-0.27410439673191345,0.06909054470493714,0.01964687756484148,0.04034759563805349,-0.03465609425689769,0.2868561664164682,0.9488008574422987,0.06123246391285716,-1.5467452687071792,-0.2977825275093955,2.5671753927370835,1.9078166660598062,0.1374354544434251,0.08586429810692497,-0.1104591885416859,-0.0018511050051534805,-0.0190267464075706,-0.045933050646719625,0.339599609375,0.1374354544434251,0.08586429810692497,-0.1104591885416859,-0.0018511050051534805,-0.0190267464075706,-0.045933050646719625,1.0,-0.22758737477115962,0.18960363149514628,0.9344016955067338,0.06350231133324262,0.18986565331499086,0.9025117543053766,0.0,0.0997802562533211,13.436699226036156,2,0.046
122,0,0.0,0.008518288706268105,0.2302724835515297,0.9099351656894672,0.9583139714312103,-0.2762487904360894,0.07015550914826013,0.019978550460069126,0.040446343567561355,-0.03413870511934918,0.28839842259205206,0.9517414442853835,0.06092729357698199,-1.541004328701206,-0.30043458226852787,2.5649958960403785,1.9153737870651266,0.15220153113882007,0.053137055870453476,-0.13744713637333694,-0.00019405763085326988,-0.017570853581456297,-0.05419110749284162,0.36865234375,0.15220153113882007,0.053137055870453476,-0.13744713637333694,-0.00019405763085326988,-0.017570853581456297,-0.05419110749284162,1.0,-0.227587374122763,0.1896036355655273,0.9344016951778907,0.06350858659426256,0.1897215754628582,0.9025232804164436,0.0,0.021205642313239126,31.087116710332342,2,0.0487
123,0,0.0,0.00959227796890084,0.23076067582205378,0.9099446191313931,0.9573720859943207,-0.2792294959966208,0.07105234165183194,0.020521751147171304,0.04035026616337143,-0.03365518245124556,0.2896997556791582,0.9547405437006847,0.060246003940485474,-1.5349481796352658,-0.3024610591348038,2.5620612977392465,1.923603618941315,0.22020252433778686,0.045535889931660134,-0.07662440405084214,-0.0007729774861117006,-0.009527594420501273,-0.04289166873509909,0.982421875,0.22020252433778686,0.045535889931660134,-0.07662440405084214,-0.0007729774861117006,-0.009527594420501273,-0.04289166873509909,-1.0,-0.22758737347436622,0.18960363963590884,0.9344016948490472,0.06338950536657276,0.189190194785393,0.9025148400717202,0.0,0.3097297682069839,0.0,1,0.0433
124,0,0.0,0.010862547896589385,0.23142118888956814,0.9099428319026578,0.9563790386794981,-0.2823770141478027,0.07190922902241116,0.020770629187679503,0.040349488089638647,-0.03303650022466351,0.2909028944376776,0.9583785508686866,0.05980603940505708,-1.5277944708086666,-0.3038629625789758,2.5589508413727966,1.9315811769645859,0.23622692756896324,0.026861420526476443,-0.11844716464407734,-0.0005193477859637002,-0.02375583747691873,-0.04275067752065309,0.75244140625,0.23622692756896324,0.026861420526476443,-0.11844716464407734,-0.0005193477859637002,-0.02375583747691873,-0.04275067752065309,-1.0,-0.22758737282596891,0.18960364370629107,0.9344016945202029,0.06343533102893006,0.18865278395929846,0.9025580953742177,0.0,0.01664747246062027,34.74464981858481,2,0.0432
125,0,0.0,0.012278541691901982,0.23175314125778804,0.9099711758120433,0.9552749801202246,-0.2858708464259322,0.07259585968127305,0.021387208260117647,0.04061014349622534,-0.0341039405488985,0.29199378774391327,0.9622330345564896,0.059072556243652846,-1.5198306659759777,-0.3050352798669933,2.5545515892593422,1.9396720267507455,0.14133883471768605,-0.00030570958809983395,-0.20397556591182564,-0.0003687803131774414,-0.029784258023241222,-0.04067609250809073,0.08056640625,0.14133883471768605,-0.00030570958809983395,-0.20397556591182564,-0.0003687803131774414,-0.029784258023241222,-0.04067609250809073,1.0,-0.2275873721775714,0.18960364777667388,0.9344016941913585,0.06404485970294331,0.18822476448233355,0.9025021443314204,0.0,0.025403197099818874,0.0,2,0.0421
126,0,0.0,0.01371326919846744,0.2322213231406732,0.9099647212769806,0.9543007305043549,-0.28886133708887407,0.07338624575164945,0.021993240519757366,0.04048727932131003,-0.03466649970434262,0.29316379173606094,0.9663061693471015,0.05848374143409957,-1.5116415061561428,-0.3065910745559392,2.550357366642167,1.9470534515916746,0.21609370299645958,-0.00922065729409205,-0.230792342826997,-0.0005942289355312103,-0.03262873606742833,-0.03490552351683718,0.88232421875,0.21609370299645958,-0.00922065729409205,-0.230792342826997,-0.0005942289355312103,-0.03262873606742833,-0.03490552351683718,-1.0,-0.2275873715291734,0.18960365184705724,0.9344016938625138,0.06528914285874161,0.18836290601312497,0.9025608216723972,0.0,0.0,43.059845007142435,1,0.042
127,0,0.0,0.015144891917540329,0.2328621957244111,0.909980001464023,0.9534776543993,-0.29127628420958507,0.07437029350168309,0.022528831810340218,0.04066742299514705,-0.034426140222653064,0.2944328792897925,0.9704177861790046,0.05798793340413086,-1.5034687853437232,-0.3086330626446115,2.5465554609862737,1.9539211874468188,0.18522618266973823,-0.05942588911204827,-0.22520075955532293,-0.0004492976783037894,-0.028063524391572475,-0.039910711629669665,0.87939453125,0.18522618266973823,-0.05942588911204827,-0.22520075955532293,-0.0004492976783037894,-0.028063524391572475,-0.039910711629669665,-1.0,-0.22758737088077532,0.18960365591744124,0.9344016935336688,0.06636940998963685,0.1884052554049094,0.9026116758586401,0.0,0.0,31.453191745785865,1,0.0486
128,1,0.4635,0.016599585493727753,0.23355905213662212,0.9099779256337559,0.9527006142846077,-0.2934950378919528,0.07545727828978216,0.02298698387413899,0.04058576534593079,-0.03441004119342434,0.295716904205261,0.9746014838893204,0.05754132543212473,-1.4952700159474752,-0.31079322207969506,2.5430452295456085,1.9605031695573574,0.13784633657755785,0.0919288085858696,-0.014432304396508666,-0.015829724764738526,-0.006168066853909915,-0.0392359679605353,0.8232421875,0.13784633657755785,0.0919288085858696,-0.014432304396508666,-0.015829724764738526,-0.006168066853909915,-0.0392359679605353,-1.0,-0.22758737023237663,0.18960365998782586,0.9344016932048235,0.06756975329142033,0.1885063028159669,0.9026270603621401,0.0,0.0,68.14362879639665,2,0.0427
129,0,0.0,0.017970424569345132,0.2342204087143745,0.9100002494918302,0.9519432161404658,-0.29565034108172045,0.07641231957790555,0.023582758089997536,0.040351450184445595,-0.035757276089250396,0.2969923584456182,0.9786463203327505,0.05713555533362239,-1.487160757375247,-0.3129073788050607,2.539060931622273,1.9669269180106919,0.21640186459705912,0.07884964188563104,-0.008416359894395153,-0.005694198842634016,-0.005249171683256865,-0.041300482172065806,0.8486328125,0.21640186459705912,0.07884964188563104,-0.008416359894395153,-0.005694198842634016,-0.005249171683256865,-0.041300482172065806,-1.0,-0.22758736958397785,0.18960366405821105,0.9344016928759782,0.0687443581988201,0.18860270990308636,0.9023981038017623,0.0,0.6166602882934612,15.535385404349173,3,0.0432
130,0,0.0,0.019565906446304328,0.2351115223685111,0.910047518345025,0.9511037486203648,-0.29805604794204266,0.07743736550470222,0.023826583245442876,0.040348464431814696,-0.03688881200866994,0.29824975130552883,0.9833620814974829,0.05692562092203989,-1.4778457156397107,-0.31451495856375294,2.535145818042524,1.9734814607220765,0.2142447333928622,0.053700105199253056,-0.043674002628477426,-0.0005539702529680363,-0.00253345601967081,-0.04651715710656726,0.88037109375,0.2142447333928622,0.053700105199253056,-0.043674002628477426,-0.0005539702529680363,-0.00253345601967081,-0.04651715710656726,-1.0,-0.22758736893557846,0.18960366812859675,0.9344016925471329,0.07005679850551506,0.18877971514175582,0.9026026933600801,0.0,0.030717430490587373,0.0,2,0.0459
131,0,0.0,0.021232990649563407,0.2357907578720504,0.9100495299333713,0.950104604307852,-0.3010360946146856,0.07806088663054835,0.024186950833221945,0.04048009161916099,-0.03781102123331213,0.2992622028833209,0.9884140914515135,0.056717004327872814,-1.4677329636791512,-0.3151055834414067,2.529950076221391,1.9800012748207692,0.24475273185221746,0.03352417091727067,-0.06989168133596935,-0.00047747875609800705,-0.004096163093329164,-0.040031561242051955,0.98779296875,0.24475273185221746,0.03352417091727067,-0.06989168133596935,-0.00047747875609800705,-0.004096163093329164,-0.040031561242051955,-1.0,-0.22758736828717877,0.18960367219898305,0.9344016922182871,0.07136003916543662,0.18900541040002344,0.902428041706304,0.0,0.8849496268968018,0.0,2,0.0412
132,0,0.0,0.022999767681089318,0.23632334221768048,0.9100410701949684,0.9490631412409117,-0.3041747458149044,0.0784196988000129,0.024642012630579312,0.04053224138877413,-0.038331527775201164,0.3000628020566719,0.9938606766141097,0.05654681084224235,-1.4567439552762964,-0.3150765661160641,2.5238598902379334,1.9859544211767244,0.268173013497783,0.00100807217909904,-0.11696368336791885,-0.00044768733100125635,-0.010961539113558572,-0.041763739019531204,0.98828125,0.268173013497783,0.00100807217909904,-0.11696368336791885,-0.00044768733100125635,-0.010961539113558572,-0.041763739019531204,-1.0,-0.22758736763877868,0.18960367626936983,0.9344016918894406,0.07277670876514315,0.18902178114380402,0.9024845022834636,0.0,0.0,45.93414642979295,1,0.0421
133,0,0.0,0.02491668225952446,0.23673234564203047,0.9100236379501585,0.9479810682953147,-0.3074097000940487,0.07870135758745049,0.025244142996981564,0.04062031876832008,-0.03862470642720125,0.30076316715519597,0.9997663430148497,0.05632253231521895,-1.4447719276184887,-0.3148933071359701,2.516930213360456,1.991748962297136,0.2549220646720024,-0.04694496232365908,-0.2016932870254281,-0.0002834319061435081,-0.022433096658016904,-0.04679913953545925,0.88818359375,0.2549220646720024,-0.04694496232365908,-0.2016932870254281,-0.0002834319061435081,-0.022433096658016904,-0.04679913953545925,-1.0,-0.22758736699037832,0.18960368033975714,0.9344016915605937,0.07429483921196854,0.18890467250370108,0.9026245917037986,0.0,0.0,0.0,0,0.0443
134,0,0.0,0.02703474600437826,0.23722208774891418,0.9100248613527389,0.9468912504533147,-0.3105815420467781,0.07920009975777452,0.025756741897229866,0.040646195251227875,-0.0383390223263849,0.3015384992646728,1.0062224813061094,0.05608977921703762,-1.4318440846409288,-0.3149288533577252,2.51010417923399,1.9975491670245238,0.2058216496431413,-0.056141434694051084,-0.23843797709642878,-0.0006997066838467236,-0.023392961677042995,-0.04119977416174725,0.892578125,0.2058216496431413,-0.056141434694051084,-0.23843797709642878,-0.0006997066838467236,-0.023392961677042995,-0.04119977416174725,-1.0,-0.22758736634197754,0.18960368441014505,0.9344016912317465,0.07602137907091604,0.1889453288288321,0.902574157816197,0.0,0.0,32.48253051076778,1,0.0431
135,0,0.0,0.029070617900687858,0.23803894456845257,0.9100338103007665,0.9459398505219625,-0.31328172206548416,0.0797901327125349,0.026189626493835272,0.04059962696875919,-0.03759823709529126,0.30255556953001406,1.0127340310307014,0.056083143150230386,-1.4188637002802789,-0.3153725845870397,2.503416918738722,2.003000829542712,0.15435866234301687,-0.08861061265482273,-0.23250405199179514,0.00016263429665644424,-0.02631937941797624,-0.048853582945957874,0.798828125,0.15435866234301687,-0.08861061265482273,-0.23250405199179514,0.00016263429665644424,-0.02631937941797624,-0.048853582945957874,-1.0,-0.22758736569357654,0.18960368848053352,0.9344016909028989,0.07795621292256076,0.18903295684577673,0.9025891691100608,0.0,0.0,0.0,0,0.0435
136,1,0.4614,0.031016571571557364,0.23882937776602975,0.9100355419684201,0.9451075404724857,-0.31556416846127355,0.08050552568444273,0.026643064006677084,0.040510727929103485,-0.03683846387265274,0.3036328480240687,1.0189728274908914,0.05598262556330744,-1.406505545331927,-0.31611874048778627,2.4972550642834896,2.0079754431551113,0.2759797740463049,0.000351181295499603,0.12341734034190366,-0.003942140977484701,-0.0027441580970180013,-0.03461347028691336,0.623046875,0.2759797740463049,0.000351181295499603,0.12341734034190366,-0.003942140977484701,-0.0027441580970180013,-0.03461347028691336,-1.0,-0.22758736504517507,0.1896036925509227,0.9344016905740511,0.07935525637796392,0.18895509928656803,0.9025911116653231,0.0,0.0,29.81278033412693,1,0.0435
137,0,0.0,0.03337923874682789,0.23948349566684568,0.9106146329689654,0.9442547712449925,-0.3178027715883136,0.08167231064126211,0.02672001172098394,0.04018316358744583,-0.03728123273681438,0.30447292896870604,1.02461178470946,0.055653783759124734,-1.3938477793501505,-0.3165483666012311,2.4915658479334057,2.012226158256794,0.27618521511337135,0.012550583419488892,0.10675670447120145,-0.004272262174502731,-0.00915301294966181,-0.04694013074990522,0.5791015625,0.27618521511337135,0.012550583419488892,0.10675670447120145,-0.004272262174502731,-0.00915301294966181,-0.04694013074990522,-1.0,-0.22758736439677343,0.1896036966213125,0.934401690245203,0.08171819090799726,0.188890300071072,0.9025056956502332,0.0,0.0,0.0,0,0.0414
138,0,0.0,0.03630027964983877,0.2397179705097874,0.911613900588083,0.9432988583121635,-0.3202725682614134,0.08310811300890752,0.026566661030412345,0.04006878464717862,-0.03801885143715658,0.3048450702916554,1.0303430870828152,0.054982839823007154,-1.38006428116022,-0.3162736559607606,2.4856713045393244,2.0156956209078696,0.23088545982523778,0.009641495220691465,0.06396397535124732,-0.000261692217559395,-0.00558278330572326,-0.05475507235062557,0.6162109375,0.23088545982523778,0.009641495220691465,0.06396397535124732,-0.000261692217559395,-0.00558278330572326,-0.05475507235062557,-1.0,-0.22758736374837127,0.18960370069170288,0.934401689916355,0.08442087222923904,0.18881043730735658,0.9025494129039568,0.0,0.3603171898584011,0.0,2,0.0409
139,0,0.0,0.03913210403600863,0.23982065360372082,0.9123900350016149,0.94222444701651,-0.3231613394993888,0.08415352626351391,0.026420146002769148,0.040035292545835835,-0.038449949519244686,0.3049889552737783,1.0365372068853502,0.05443092216846436,-1.3659442061868226,-0.31523991466227524,2.479272755603118,2.0192304012354754,0.2232841403437823,-0.0020886991292983215,0.000548716856235254,-0.00040340278018176357,-0.0030426527065932074,-0.04696027235196895,0.982421875,0.2232841403437823,-0.0020886991292983215,0.000548716856235254,-0.00040340278018176357,-0.0030426527065932074,-0.04696027235196895,-1.0,-0.22758736309996883,0.18960370476209376,0.9344016895875069,0.08711696634686164,0.18901004531678253,0.9025924082307928,0.0,0.020638143757165123,0.0,2,0.0405
140,0,0.0,0.04177368787018038,0.2398543104401932,0.9126174613347299,0.9411642993599433,-0.3260661767019972,0.0848526801515355,0.026279891406718124,0.04001889899535794,-0.038690597810121796,0.30499641035504504,1.043696590418275,0.05395729911913538,-1.351537846608721,-0.3138029136019542,2.4731085221823346,2.022377021865622,0.2254412715479791,-0.0409391028164644,-0.062360161010857396,-0.00027618534328213706,-0.003914725193391311,-0.04792706925102713,0.9921875,0.2254412715479791,-0.0409391028164644,-0.062360161010857396,-0.00027618534328213706,-0.003914725193391311,-0.04792706925102713,-1.0,-0.22758736245156597,0.18960370883248504,0.9344016892586583,0.08950866496216736,0.18859968811962022,0.9024704381774403,0.0,0.495593720012471,0.0,2,0.0408
141,0,0.0,0.04439555117767714,0.23959363991887186,0.9121076009370982,0.9401369896111774,-0.3288529286084403,0.0855167290729766,0.026174055076403944,0.04001202262476054,-0.03882798915958817,0.30484634263268007,1.052306335349765,0.05313041680958718,-1.336549433386496,-0.3122727854116706,2.4678258105034874,2.025032517796623,0.21095767631980045,-0.09593025392921639,-0.1699696105045021,0.00014169978172359765,-0.0096183133704702,-0.05193524806170585,0.85498046875,0.21095767631980045,-0.09593025392921639,-0.1699696105045021,0.00014169978172359765,-0.0096183133704702,-0.05193524806170585,-1.0,-0.22758736180316275,0.18960371290287698,0.9344016889298089,0.09182701438592178,0.18835432205318958,0.9026319998089726,0.0,0.6968637145432103,0.0,2,0.0403
142,0,0.0,0.04703573237304747,0.2387702130409466,0.9105944348119824,0.9390475708546221,-0.33176117990286064,0.08625470926080658,0.02615921084108257,0.040007227888022405,-0.038908724852832206,0.3044546362822099,1.0627873286475493,0.05159990254396862,-1.320997478222132,-0.31070770360947525,2.4639628981425568,2.0276013188820508,0.1545641034100832,-0.11338478312200118,-0.23661215398731072,0.0004074070866405405,-0.010089466626760468,-0.04873273333357561,0.89013671875,0.1545641034100832,-0.11338478312200118,-0.23661215398731072,0.0004074070866405405,-0.010089466626760468,-0.04873273333357561,-1.0,-0.2275873611547592,0.1896037169732695,0.9344016886009593,0.09383483381301658,0.1875898321293867,0.902363964188243,0.0,0.7345759207260639,0.0,2,0.043
143,0,0.0,0.048523355464120746,0.2389017855713527,0.9098884271967097,0.9378223783965725,-0.3353633938419428,0.08539145658809923,0.026997773818826475,0.0407679095826257,-0.038958212661787714,0.3048528682967146,1.0702141945767814,0.05167022813939765,-1.3073563514247268,-0.30858389296505395,2.4547210315483845,2.032286948224642,-0.012151322514271867,-0.1006223316692123,-0.2993748233632435,0.005478390742297862,-0.02116888419393373,-0.052096380878215554,0.019287109375,-0.012151322514271867,-0.1006223316692123,-0.2993748233632435,0.005478390742297862,-0.02116888419393373,-0.052096380878215554,1.0,-0.22758736050635534,0.1896037210436626,0.9344016882721092,0.09496286988911168,0.18805669286744228,0.9023620548084031,0.0,0.0,53.73572769678626,1,0.0423
144,1,0.4706,0.04929052692893719,0.23872419494596275,0.9099868602620914,0.9365010702301871,-0.3392367618871687,0.08379700251331382,0.029363705689252326,0.04067876609508657,-0.03870271496327799,0.30553909454587497,1.0748079752382158,0.0515705401826436,-1.2962093744396408,-0.3073349372916267,2.4420580464061716,2.038088765196511,0.14424068978999838,0.012738266529088826,0.048130665576864295,-0.0009336096295387564,0.0033310851331594116,-0.03307263772903937,0.96728515625,0.14424068978999838,0.012738266529088826,0.048130665576864295,-0.0009336096295387564,0.0033310851331594116,-0.03307263772903937,-1.0,-0.2275873598579511,0.18960372511405627,0.934401687943259,0.09526406320478845,0.18812264888457264,0.9025512750396998,0.0,0.11911036333763303,48.902357138185636,4,0.0428
145,0,0.0,0.05062926384911705,0.2389879735373811,0.9106559794844368,0.9355120353513695,-0.3419563751230816,0.08337674695942783,0.030518638434290063,0.04004474100322928,-0.03821835083802426,0.30616140534680697,1.0791051681884463,0.05165756667312771,-1.2850100588372129,-0.306613948937478,2.43272024731452,2.0420944918191406,0.20212371043594668,0.048351136575657705,0.09648644948241247,-0.00150387386804611,0.006889609106134231,-0.0411192077534924,1.005859375,0.20212371043594668,0.048351136575657705,0.09648644948241247,-0.00150387386804611,0.006889609106134231,-0.0411192077534924,-1.0,-0.22758735920954662,0.18960372918445056,0.9344016876144083,0.09670289275610545,0.18847113933693685,0.9027533371705039,0.0,0.02092258154628031,0.0,2,0.0424
146,0,0.0,0.05255781322832845,0.23950097035873905,0.9114651168015846,0.9346543339023432,-0.344212340886324,0.08368887933375319,0.030582870613858455,0.0399928752619949,-0.03848659551894309,0.30658241112432527,1.0842443854598618,0.05180872661049362,-1.2725779568747784,-0.30554365965925884,2.425594970916439,2.044906463744577,0.25995537081512843,0.057313005059049904,0.11771164312590976,-0.0035202299842226475,0.001809347907874126,-0.05441266511554246,0.8349609375,0.25995537081512843,0.057313005059049904,0.11771164312590976,-0.0035202299842226475,0.001809347907874126,-0.05441266511554246,-1.0,-0.22758735856114168,0.1896037332548455,0.9344016872855575,0.09844546236391599,0.1886488734151193,0.9027538718456115,0.0,0.14330154539886883,0.0,2,0.0417
147,0,0.0,0.05500512824428064,0.23992272356105943,0.9124212643673578,0.9336208961828748,-0.34685122729069645,0.08448446278265143,0.030143388760206023,0.03999512426929016,-0.03870279157891586,0.3068368242299275,1.0901889781878809,0.05168657556286492,-1.258574120100259,-0.30418052295818204,2.419155948167687,2.048031798662645,0.2890252818050191,0.06263851329394521,0.04459313330294801,-0.0018625787296839835,-0.0006371373235460609,-0.05473493074856184,0.763671875,0.2890252818050191,0.06263851329394521,0.04459313330294801,-0.0018625787296839835,-0.0006371373235460609,-0.05473493074856184,-1.0,-0.2275873579127365,0.18960373732524097,0.9344016869567067,0.10060566336875137,0.18863160295428033,0.902966307607065,0.0,0.13931397578761973,0.0,2,0.0403
148,0,0.0,0.057847155412700656,0.24028538954116657,0.9129467681704272,0.932445788487644,-0.3497799028868823,0.08569320637892232,0.02924970852157955,0.03999757294597467,-0.038825564457689435,0.3069954130709526,1.098064579096491,0.05131713803154102,-1.2425897012566132,-0.3027072957377316,2.413916182506487,2.0514910941358298,0.2485533915929452,0.02906669706427456,-0.05688269168350324,-0.0004782839297492736,-0.004242483980375827,-0.05257977932774463,0.4833984375,0.2485533915929452,0.02906669706427456,-0.05688269168350324,-0.0004782839297492736,-0.004242483980375827,-0.05257977932774463,1.0,-0.22758735726433085,0.18960374139563707,0.9344016866278558,0.1032135338162002,0.1884605653051692,0.9028571320619697,0.0,0.0,0.0,0,0.041
149,0,0.0,0.06064903798829406,0.24046595545182578,0.9124240923206195,0.9312579546584898,-0.35271996939951183,0.08684373858719249,0.028379748770772588,0.039567689738514246,-0.038660405363892925,0.3070964476232567,1.1082217867686226,0.050698401764472135,-1.2252688668390652,-0.3012203483858375,2.409481292377445,2.0548912055654696,0.1509688847364219,-0.030053482459673875,-0.17179543361362015,0.00032850006881672555,-0.004851178870489942,-0.04416058966511294,0.037109375,0.1509688847364219,-0.030053482459673875,-0.17179543361362015,0.00032850006881672555,-0.004851178870489942,-0.04416058966511294,1.0,-0.2275873566159248,0.1896037454660336,0.9344016862990043,0.1058757655812209,0.1873914983325359,0.9026903811848443,0.0,0.0,0.0,0,0.0389
150,0,0.0,0.06291325301248346,0.24029250499461405,0.9107546893670063,0.9301681236040364,-0.3554701236452303,0.08737460915270712,0.028176775933404584,0.03745353599291887,-0.036888742416753925,0.30715097459235674,1.1197206044002486,0.0498851698439623,-1.2081765434818543,-0.2997740464444389,2.404777489139247,2.0578713437236664,0.22307869927671597,-0.08954902820282196,-0.2318193683258759,0.0003381621526318823,-0.010385034818594707,-0.036174444446851056,0.46044921875,0.22307869927671597,-0.08954902820282196,-0.2318193683258759,0.0003381621526318823,-0.010385034818594707,-0.036174444446851056,1.0,-0.22758735596751847,0.18960374953643067,0.9344016859701523,0.10856736085475886,0.18670140371583058,0.9029028635075711,0.0,0.0,0.0,0,0.0431
151,0,0.0,0.0649834518198481,0.2415538501104293,0.9101571247533794,0.9291273305010255,-0.35816719271669634,0.08766115145755095,0.027462489009819582,0.03877573182493584,-0.0336704147135974,0.30807751625812657,1.1298004466627718,0.05059691534736611,-1.1903896307909196,-0.29820772022481207,2.3981135960621667,2.0617856409687145,0.16550384023136722,-0.0884229295452229,-0.23193348227019572,0.0007890593973394339,-0.01713042771144585,-0.034049505429129406,0.27099609375,0.16550384023136722,-0.0884229295452229,-0.23193348227019572,0.0007890593973394339,-0.01713042771144585,-0.034049505429129406,1.0,-0.22758735531911173,0.18960375360682827,0.9344016856412998,0.1105035526937277,0.1863358884358876,0.902346724740321,0.0,0.0,40.77031171286337,1,0.0381
152,1,0.4639,0.06677749117333764,0.24276397379847364,0.9103804060306008,0.9279664810504471,-0.3611442392263663,0.08755712808369398,0.028049916973033946,0.040631342094431165,-0.029716471838627443,0.3095213024806375,1.1383927364537503,0.0510436734809506,-1.1725867683878997,-0.2974864865866414,2.3871735848455566,2.066837415158803,0.1548209047439162,0.004198685042296257,0.061111126743250366,-0.00034140440903447644,0.004630414610133776,-0.03388837261261973,0.986328125,0.1548209047439162,0.004198685042296257,0.061111126743250366,-0.00034140440903447644,0.004630414610133776,-0.03388837261261973,-1.0,-0.2275873546707047,0.18960375767722648,0.9344016853124472,0.11049809919927875,0.1863357821233265,0.9024579614317233,0.0,0.0,52.49423814731254,1,0.0427
153,0,0.0,0.06850740370123369,0.24308668988695134,0.9113569815624409,0.9268821697758641,-0.36389094784568254,0.0871033417050378,0.02976288445986132,0.036659212328577696,-0.02674757757251791,0.3106012722555227,1.145110089991716,0.05091976011529614,-1.1557329959907994,-0.2966967609740985,2.3736955337229015,2.070411708664207,0.18882140134339964,0.030568161941073257,0.08113812397138886,-0.0004066234747868158,0.002523393836661836,-0.04583234263640104,0.99853515625,0.18882140134339964,0.030568161941073257,0.08113812397138886,-0.0004066234747868158,0.002523393836661836,-0.04583234263640104,-1.0,-0.2275873540222973,0.18960376174762536,0.934401684983594,0.11262339178496765,0.18674563362774338,0.902711358453705,0.0,0.022745617326570305,0.0,2,0.0393
154,0,0.0,0.07064318717458906,0.24363786024668072,0.9123928955016912,0.9259057790411173,-0.36631257692567964,0.08716888890673767,0.030251762446076278,0.032738238124715185,-0.02659226680714861,0.31139318814193473,1.152473236109651,0.05093545043573468,-1.1383036551744097,-0.2951778931853851,2.3628769234206746,2.0728549257776976,0.2557438289402679,0.060409776367447154,0.09699996223185203,-0.0005410874745478272,0.002113695352931183,-0.05624555090334027,1.001953125,0.2557438289402679,0.060409776367447154,0.09699996223185203,-0.0005410874745478272,0.002113695352931183,-0.05624555090334027,-1.0,-0.22758735337388958,0.18960376581802488,0.9344016846547405,0.11625375376770912,0.18709485931551184,0.9028181253216196,0.0,0.022408727348057413,0.0,2,0.0439
155,0,0.0,0.07318688603180744,0.2441580966046694,0.9133500219374323,0.924748142875262,-0.3691094294727903,0.08776401272261126,0.029942935625107435,0.03228688268749103,-0.02824679913220251,0.3119901213768417,1.1608530265456416,0.050730389826634525,-1.119725621890788,-0.2932573703241935,2.353868672475182,2.0756956288781603,0.2731035991073757,0.06883205591073982,0.07406305942355651,-0.00038649413350523576,0.0010250679533040097,-0.05819928630352034,1.0078125,0.2731035991073757,0.06883205591073982,0.07406305942355651,-0.00038649413350523576,0.0010250679533040097,-0.05819928630352034,-1.0,-0.22758735272548158,0.189603769888425,0.934401684325887,0.11841600714805686,0.18670937332874488,0.9029533282469854,0.0,0.020725547801886963,0.0,2,0.047
156,0,0.0,0.07598740658154983,0.24465167321306663,0.9139961489132318,0.9234518603178179,-0.37218102457684066,0.08870874195492115,0.02913255432103666,0.03367662299732206,-0.03134934702203595,0.3125069678086379,1.1706150342342558,0.05033815357140582,-1.0997709683072527,-0.2911230727211127,2.3460442288485117,2.0788877290748595,0.2822457265918291,0.06428074050294375,0.05865767694037294,-1.0780898770934577e-08,-0.0007424883622196565,-0.06359723565659521,0.9228515625,0.2822457265918291,0.06428074050294375,0.05865767694037294,-1.0780898770934577e-08,-0.0007424883622196565,-0.06359723565659521,-1.0,-0.22758735207707317,0.1896037739588257,0.9344016839970334,0.12001471945064784,0.18594233832692864,0.9028732011332863,0.0,0.09963249144142007,0.0,2,0.0387
157,0,0.0,0.07889175332771366,0.24506063522403698,0.9142928084781166,0.9220443968658076,-0.375468117441677,0.08980892975385797,0.028145676926263786,0.035890568608026044,-0.03455125031355363,0.3130020992621231,1.1816146430798948,0.049739397950804176,-1.0785841749402716,-0.2888813401294901,2.3386882493541883,2.082416150165753,0.2891280023385522,0.02765907374227572,0.007969689297787297,-3.463324790309308e-05,-0.0018896441166655065,-0.06432233333088885,0.94677734375,0.2891280023385522,0.02765907374227572,0.007969689297787297,-3.463324790309308e-05,-0.0018896441166655065,-0.06432233333088885,-1.0,-0.22758735142866435,0.18960377802922687,0.9344016836681798,0.12130020733234681,0.1849448584533148,0.9027965524806948,0.0,0.11268439225860728,0.0,2,0.0421
158,0,0.0,0.08186544061716383,0.24521885828229167,0.9141205308623502,0.9205353965458616,-0.3789301925111875,0.09104741501322729,0.027145186110905627,0.03726604733968617,-0.03649155790137193,0.3134137961053479,1.1939766090460324,0.04876167960433207,-1.0562476733031643,-0.28659545361706296,2.3317921182384183,2.086129934789248,0.2547166236049362,-0.012692794821689057,-0.027969071041454185,9.338936264778608e-05,-0.005670575837951247,-0.06109967700069491,0.9677734375,0.2547166236049362,-0.012692794821689057,-0.027969071041454185,9.338936264778608e-05,-0.005670575837951247,-0.06109967700069491,-1.0,-0.22758735078025524,0.18960378209962853,0.9344016833393255,0.12303814285722164,0.18374797910153756,0.9025874247797429,0.0,0.0,0.0,0,0.0386
159,0,0.0,0.08474490435828341,0.2450224083362847,0.9134748166113733,0.9190083299074805,-0.38239449680431814,0.09219498752981213,0.02642390298218977,0.038069047642906015,-0.037588165281099005,0.31370943896934894,1.207278276575711,0.04742201214711723,-1.0333009547882859,-0.28425329951304035,2.324723875538963,2.0896049365196045,0.16668512636699873,-0.024704513836078523,-0.1693990407829027,0.0005893763318260831,-0.02044605901192323,-0.06464459896390824,0.1953125,0.16668512636699873,-0.024704513836078523,-0.1693990407829027,0.0005893763318260831,-0.02044605901192323,-0.06464459896390824,1.0,-0.2275873501318456,0.1896037861700308,0.9344016830104707,0.12491897759540789,0.18310170223528152,0.9025626660675304,0.0,0.0,0.0,0,0.0409
160,1,0.4667,0.08729309154124529,0.2445746960733426,0.9120601368466389,0.9174617195941537,-0.38588644525500715,0.09315525362450996,0.026033500916039256,0.03816002076487176,-0.03779054392035023,0.3140159014241826,1.2215673214824547,0.04579633780515761,-1.010527741628952,-0.2820515211146999,2.3180800814332687,2.0933734949920253,0.048068590269556344,0.08693174579277396,0.005159633418910348,-0.00041628555860198646,-0.005266730189702473,-0.0339588682198427,0.9970703125,0.048068590269556344,0.08693174579277396,0.005159633418910348,-0.00041628555860198646,-0.005266730189702473,-0.0339588682198427,-1.0,-0.2275873494834358,0.1896037902404336,0.9344016826816154,0.1265668053816612,0.1821843594975105,0.902758536685671,0.0,0.0,0.0,0,0.0427
161,0,0.0,0.08892898235277197,0.24491815525262003,0.9112002463583599,0.916277561120018,-0.3887159430942582,0.09293785065510858,0.02641784411908423,0.03843328579626964,-0.03757855009316607,0.3150306514752648,1.2335494448333122,0.045389635735460246,-0.989429646582747,-0.2799134890400474,2.307746852631779,2.0963463677513214,0.10692745598406994,0.11240972792095172,0.0493573904783029,-0.000470232193236636,-0.007918064662988,-0.050162787080099164,0.99560546875,0.10692745598406994,0.11240972792095172,0.0493573904783029,-0.000470232193236636,-0.007918064662988,-0.050162787080099164,-1.0,-0.22758734883502554,0.189603794310837,0.9344016823527598,0.1272148614559947,0.1814970683195966,0.9023996970696864,0.0,0.0,1.781046009736933,1,0.0394
162,0,0.0,0.09045440091010677,0.24595101205343867,0.911797420791115,0.915230302080678,-0.3912101177776669,0.09266207905330152,0.026867768928838236,0.03912193179775294,-0.03808820477628144,0.3166075023244283,1.243177318101461,0.045500096723013375,-0.9689709041022664,-0.2781202755190912,2.2956346319979724,2.0994093769298354,0.1636035103610033,0.12811645815558803,0.06327929168532798,-0.00010387818191175124,-0.004289306664230774,-0.06545026304645674,0.9951171875,0.1636035103610033,0.12811645815558803,0.06327929168532798,-0.00010387818191175124,-0.004289306664230774,-0.06545026304645674,-1.0,-0.22758734818661505,0.18960379838124097,0.934401682023904,0.12772051316216979,0.18165448642963244,0.9026379253412525,0.0,0.08717714374138609,0.0,2,0.0381
163,0,0.0,0.09224523984976142,0.24719222657298917,0.9125411100420128,0.9138750671159731,-0.3942838484481092,0.09308616186639718,0.026600282436585913,0.03917372968051772,-0.03846719357972304,0.31836065559567345,1.2532111579662961,0.04541073502672791,-0.9479883192963101,-0.2764863989424844,2.2852726931336615,2.104168907054559,0.17582725385145204,0.14686130872687164,0.012769607080742151,-0.00034784579824459483,-0.004979941251090997,-0.06939801705094432,0.99658203125,0.17582725385145204,0.14686130872687164,0.012769607080742151,-0.00034784579824459483,-0.004979941251090997,-0.06939801705094432,-1.0,-0.22758734753820414,0.18960380245164557,0.9344016816950477,0.1287315570793044,0.1819921055035455,0.9027945712131515,0.0,0.08178414673967273,0.0,2,0.0401
164,0,0.0,0.09410158510930483,0.24853471122502627,0.9127821096112911,0.9122805040364093,-0.39780745703342935,0.093955409748657,0.025804845719986782,0.03921176787793312,-0.03868465849918695,0.32023083703423333,1.2645903953844084,0.04514075197473296,-0.926297195162647,-0.2749893916497926,2.2768074080787573,2.1102680481544085,0.1878969165416009,0.13027481391598617,-0.006312384045997432,-0.00020613523562221236,-0.004248336815857706,-0.07278180619764797,1.0,0.1878969165416009,0.13027481391598617,-0.006312384045997432,-0.00020613523562221236,-0.004248336815857706,-0.07278180619764797,-1.0,-0.22758734688979296,0.18960380652205078,0.9344016813661913,0.1297176694347563,0.18231762245989058,0.9028549795732916,0.0,0.03816342786188244,0.0,2,0.0403
165,0,0.0,0.09591921660543733,0.24982685156109508,0.9123989073925064,0.910538307146054,-0.40157154797038674,0.09510288177582303,0.024813805798345353,0.03924892463319441,-0.03880857429952912,0.3221785425180616,1.27732691467294,0.044587943866404474,-0.9039242547634544,-0.2736803448464076,2.269608042645659,2.1172053550586596,0.1862020277383034,0.09812235120266422,-0.05748178989118258,3.461168610556509e-05,-0.005401345405785407,-0.07161359327795266,1.0078125,0.1862020277383034,0.09812235120266422,-0.05748178989118258,3.461168610556509e-05,-0.005401345405785407,-0.07161359327795266,-1.0,-0.22758734624138138,0.1896038105924566,0.9344016810373349,0.13054989726556068,0.18220577042000063,0.9024365756492312,0.0,0.0,0.0,0,0.0406
166,0,0.0,0.09777520547409096,0.2509802849259553,0.9117402099345746,0.9087074277337146,-0.40543233931280326,0.09649817041686405,0.023738831629223994,0.03989454443798458,-0.038876690365351914,0.324134704472725,1.2909268977634332,0.04372981724613007,-0.8807178112646964,-0.27245963830792064,2.2629280383339756,2.124402035207855,0.18168232426284336,0.09266781082991904,-0.07074753591836835,-9.099540349154223e-05,-0.008971575049723957,-0.06549054625058416,1.0107421875,0.18168232426284336,0.09266781082991904,-0.07074753591836835,-9.099540349154223e-05,-0.008971575049723957,-0.06549054625058416,-1.0,-0.2275873455929695,0.18960381466286302,0.9344016807084785,0.13096130413019139,0.18206759819717322,0.9024897572657252,0.0,0.0,17.894539695217524,1,0.0426
167,0,0.0,0.09974604769381082,0.2517824557795967,0.912311699349418,0.9068424563146411,-0.4093082391255894,0.09773508075806811,0.023481456478466563,0.04065521908200176,-0.038928714809684836,0.32607378853332325,1.30312965875423,0.04254153830314828,-0.8565490247603992,-0.27129091718563825,2.252433059509964,2.131017831432526,0.19005404774579782,0.10561941166660149,-0.05454335582494574,-0.000349456145547114,-0.011274665811838419,-0.06379865167723234,1.0126953125,0.19005404774579782,0.10561941166660149,-0.05454335582494574,-0.000349456145547114,-0.011274665811838419,-0.06379865167723234,-1.0,-0.22758734494455704,0.18960381873326984,0.9344016803796213,0.13165363308960087,0.1820383996113059,0.9026501322982996,0.0,0.0951080713579336,0.0,2,0.0704
168,1,0.5107,0.10165209898411984,0.25253868579132144,0.9123584662174132,0.9050769241604828,-0.41290638786085515,0.09907966900162041,0.022962913718192375,0.040577121813337176,-0.038972871968757365,0.32795532428511504,1.316503498859379,0.04123438664824285,-0.8317723605657014,-0.26993722895510613,2.243142564044059,2.1370341068418335,0.1097137504561575,0.15594047915376374,0.011264729440023769,-0.0002979250318662502,-0.0003796125623439506,-0.032035345222758194,0.9912109375,0.1097137504561575,0.15594047915376374,0.011264729440023769,-0.0002979250318662502,-0.0003796125623439506,-0.032035345222758194,-1.0,-0.22758734429614447,0.18960382280367719,0.9344016800507637,0.13267162116141665,0.18176346795376458,0.9026551404222902,0.0,0.0,0.0,0,0.0657
169,0,0.0,0.10310928972499073,0.25387197779756376,0.9124231455144827,0.9037834804751557,-0.415578147304051,0.09982557892405658,0.022473933701568458,0.04020289725642765,-0.039014508066960926,0.33022888656657384,1.3298025753094105,0.040725204362554654,-0.8069814942878692,-0.26825920501345907,2.2329418756272097,2.1411223916559905,0.13063021909685169,0.18883194411113502,0.023767338464570353,-0.00029711985821498366,-0.005764221205661113,-0.03834973746973197,0.9931640625,0.13063021909685169,0.18883194411113502,0.023767338464570353,-0.00029711985821498366,-0.005764221205661113,-0.03834973746973197,-1.0,-0.2275873436477313,0.18960382687408509,0.9344016797219058,0.1332013729784038,0.181636136753739,0.9024926573373513,0.0,0.0,0.0,0,0.0636
170,0,0.0,0.10442771835775157,0.255576230225149,0.9125644019401439,0.9028118560404702,-0.41753296703367454,0.10061310624753386,0.02177101017499221,0.04013213066935687,-0.039054063426433354,0.33277385572666845,1.343182844940499,0.04043678274594627,-0.7819522001241478,-0.26668116963741023,2.223093979526065,2.144165774241916,0.1791143109245138,0.17963547174074312,0.02341073238857072,-0.00024156287627781492,-0.0063085349054747,-0.05964948165210762,0.9931640625,0.1791143109245138,0.17963547174074312,0.02341073238857072,-0.00024156287627781492,-0.0063085349054747,-0.05964948165210762,-1.0,-0.22758734299931804,0.18960383094449368,0.9344016793930475,0.13338951205368027,0.18159209389292041,0.9025014819411236,0.0,0.0,0.0,0,0.0642
171,0,0.0,0.1059838769730835,0.2571206052663306,0.9127621759311744,0.9015374066134998,-0.4199922367734244,0.10202871263766346,0.02066318765730655,0.04023891826744931,-0.03909223467606621,0.33528953561060787,1.3571706412142877,0.03957623156440056,-0.7560961011448307,-0.2651682271388396,2.214413583861624,2.1484664319367095,0.19298158295149348,0.1970900009335278,-0.03922355880000217,-0.0006699152587499729,-0.013681644403756021,-0.06710187441568113,0.998046875,0.19298158295149348,0.1970900009335278,-0.03922355880000217,-0.0006699152587499729,-0.013681644403756021,-0.06710187441568113,-1.0,-0.22758734235090428,0.18960383501490286,0.9344016790641888,0.13367779206035146,0.1814989786885673,0.9025408511030074,0.0,0.0,0.0,0,0.0672
172,0,0.0,0.10778201749200357,0.2583122159052634,0.9130374660215101,0.8998820076945984,-0.423108867941307,0.10400685161035407,0.019334759245073805,0.04050347168179053,-0.03912862097507309,0.3376860599531607,1.3717921462560478,0.037986634843004685,-0.7291949094453043,-0.26362977977095403,2.206331182822924,2.1540361321036476,0.21783995206652362,0.18606361824453743,-0.050378196857270185,-0.0005298150434301374,-0.007420573647029333,-0.07108991162429615,1.005859375,0.21783995206652362,0.18606361824453743,-0.050378196857270185,-0.0005298150434301374,-0.007420573647029333,-0.07108991162429615,-1.0,-0.22758734170249031,0.18960383908531264,0.9344016787353298,0.1341998034618715,0.18139477288797887,0.9025195807414265,0.0,0.0,0.0,0,0.0645
173,0,0.0,0.10966019079835682,0.2592993758974539,0.9133408552915702,0.8980227703444051,-0.4265493295093502,0.10626215767126988,0.01786413404363473,0.04058287147707651,-0.03916327018197181,0.3400317296922507,1.387090984030454,0.03592525100201691,-0.7012411619219692,-0.2618537522823203,2.1984467606810236,2.1601180715129815,0.1780357453224154,0.16114868544515926,-0.1065222574626501,-6.764536760489603e-05,-0.01031187437507139,-0.06283185477817416,1.0166015625,0.1780357453224154,0.16114868544515926,-0.1065222574626501,-6.764536760489603e-05,-0.01031187437507139,-0.06283185477817416,-1.0,-0.2275873410540759,0.18960384315572307,0.9344016784064706,0.13478157160349385,0.1810749403741582,0.902557214066577,0.0,0.0,49.12040642157778,1,0.0661
174,0,0.0,0.11139839564459396,0.26007071036353596,0.9136149456748834,0.896175911769811,-0.4299364183436426,0.1083848394154562,0.01661739842071346,0.04064446073027514,-0.03919669296669832,0.3423307397430007,1.402786497224445,0.03350686850958969,-0.672528980386498,-0.25972354859299385,2.189667026731278,2.16572127584238,0.14619237992712886,0.15734810247576259,-0.10657931443481006,9.016866804273382e-05,-0.01525331363174598,-0.05409039948252306,1.025390625,0.14619237992712886,0.15734810247576259,-0.10657931443481006,9.016866804273382e-05,-0.01525331363174598,-0.05409039948252306,-1.0,-0.22758734040566125,0.18960384722613405,0.9344016780776114,0.13528734193011574,0.1807121976919678,0.9024570900888763,0.0,0.38944835384027,0.0,2,0.0664
175,0,0.0,0.11294628857587367,0.26078580549581165,0.9138548670230144,0.8945102223844841,-0.43292657706734544,0.11038569722963538,0.015525423199990063,0.04059697306672266,-0.0392281871188255,0.34469723719031486,1.4188054426521313,0.030853122680966346,-0.6433375397975227,-0.25728431593847084,2.1804617884899806,2.170349005858658,0.08583122640969254,0.13187012034758483,-0.08740817178907057,0.0003993553501279029,-0.023632927931799524,-0.060696844959420654,1.02734375,0.08583122640969254,0.13187012034758483,-0.08740817178907057,0.0003993553501279029,-0.023632927931799524,-0.060696844959420654,-1.0,-0.22758733975724607,0.1896038512965455,0.9344016777487523,0.13580417888299304,0.18042225653371202,0.9024848260235252,0.0,0.0,44.90634517614302,1,0.0742
176,1,0.4887,0.1142172369338197,0.2614298204209031,0.9140533945780986,0.8928707980321883,-0.43586415775254317,0.11219115624276449,0.014741725439710418,0.040492917142001594,-0.03925854494234789,0.34720293005806885,1.43484533092221,0.027823326095488887,-0.6140524227411295,-0.2545575116044485,2.1703917724903548,2.1749181039390555,0.16206270235800557,0.1898642012139341,0.05660362594261514,-0.0005056598338922247,-0.007801007953350647,-0.04597333385084704,0.9853515625,0.16206270235800557,0.1898642012139341,0.05660362594261514,-0.0005056598338922247,-0.007801007953350647,-0.04597333385084704,-1.0,-0.22758733910883072,0.18960385536695756,0.9344016774198923,0.13614044070385856,0.1801988146848134,0.9025298649304813,0.0,0.0,0.0,0,0.0683
177,0,0.0,0.11543287812705753,0.2625407892395622,0.914329980400031,0.8913752372040518,-0.4384324548862416,0.11424672261024947,0.013223289101427949,0.04029651373032676,-0.039285881784215416,0.35005642013884725,1.4512235475172937,0.02474464930834518,-0.584459529942241,-0.2512417450720348,2.1619539616569265,2.178949002685104,0.18132280239547727,0.23823952271329196,0.05808710721877364,-0.00040098725922797784,-0.008766725807858644,-0.04667828992307696,0.9853515625,0.18132280239547727,0.23823952271329196,0.05808710721877364,-0.00040098725922797784,-0.008766725807858644,-0.04667828992307696,-1.0,-0.22758733846041468,0.18960385943737013,0.934401677091032,0.13631727358264706,0.18011360494003018,0.9024991642500553,0.0,0.0,0.0,0,0.061
178,0,0.0,0.11674300891960354,0.2639947722724655,0.9147120905996509,0.8900423553222263,-0.4405180509465993,0.11683624024507504,0.010851059306228074,0.0403280984363105,-0.039312231014075036,0.3531679860277176,1.4680673331834673,0.021183873739928017,-0.5543871743626759,-0.24730588628769581,2.155512489541808,2.182298346965495,0.20756789871320536,0.24950050928928214,0.01168552460970329,-0.0007343291508510458,-0.014773929825559362,-0.050243353488354014,0.9853515625,0.20756789871320536,0.24950050928928214,0.01168552460970329,-0.0007343291508510458,-0.014773929825559362,-0.050243353488354014,-1.0,-0.22758733781199864,0.18960386350778324,0.9344016767621712,0.13642838143024516,0.1800908831731271,0.902498073035629,0.0,0.0,33.05477360522613,1,0.0667
179,0,0.0,0.11823927383523905,0.26532493841306887,0.9152021927370622,0.8886512115157583,-0.4424942250101171,0.12014176026128087,0.007990153039264938,0.04051030518014649,-0.03933732866083111,0.3563686486296604,1.4853451799190391,0.01627272133420911,-0.5239022564819301,-0.24261714343216367,2.150833524912132,2.1856043892474952,0.23335075263003413,0.24180550179568883,-0.09357032478234395,-0.0007053428994055616,-0.014239126983403794,-0.05143170801011304,0.9873046875,0.23335075263003413,0.24180550179568883,-0.09357032478234395,-0.0007053428994055616,-0.014239126983403794,-0.05143170801011304,-1.0,-0.22758733716358195,0.18960386757819692,0.93440167643331,0.1366409519469762,0.18003181576662727,0.9025088169085363,0.0,0.012633779596525483,45.95605866440599,2,0.071
180,0,0.0,0.11988982334017487,0.26637999734630113,0.9157505988884356,0.8871577603521201,-0.4444498056579719,0.12406687934390186,0.004784134975691849,0.04073801932752349,-0.03936117474739629,0.35973437194263536,1.5029024814510723,0.009033448136418631,-0.49329609647328093,-0.23610344682525436,2.1476951885793087,2.188723055375567,0.22143517074018504,0.21093163026651573,-0.12523694433111,-0.0002407577026265484,-0.005734957028251775,-0.054452948319669875,0.9912109375,0.22143517074018504,0.21093163026651573,-0.12523694433111,-0.0002407577026265484,-0.005734957028251775,-0.054452948319669875,-1.0,-0.22758733651516522,0.18960387164861123,0.9344016761044486,0.13678592942437068,0.17994234292832548,0.902587591074085,0.0,0.012665253691753472,60.87090255573584,2,0.0674
181,0,0.0,0.12143004325155021,0.2671743689588187,0.9162722213632295,0.8856135650714114,-0.4464334192286089,0.12799704754618704,0.0016035513139629823,0.04077688168298912,-0.03938411341550395,0.3643471633619539,1.5192182632981501,-0.004467331362808944,-0.4652399754115156,-0.22282529848324925,2.145939487201343,2.190844256815136,0.19775808776078652,0.2080225420677183,-0.1797834097160116,0.00027696895513586173,-0.01773765939268951,-0.05159284082662274,1.0048828125,0.19775808776078652,0.2080225420677183,-0.1797834097160116,0.00027696895513586173,-0.01773765939268951,-0.05159284082662274,-1.0,-0.22758733586674793,0.18960387571902615,0.9344016757755867,0.13672481540569958,0.17956950643698452,0.9025429271326885,0.0,0.0,49.70360726113376,1,0.0689
182,0,0.0,0.12233062636152132,0.2674304691724564,0.9165620352506088,0.8840707362443012,-0.4486835346240081,0.13077468099710315,4.340357967290431e-05,0.04072251615793392,-0.039407028087561434,0.36837526768561396,1.5178042115932098,-0.018144706244209496,-0.46905317772904737,-0.21145848046333784,2.1538289562799715,2.1963603275897254,0.1748000485161202,0.179682392518143,-0.18126689099216997,0.0003590966675647289,-0.022187277567778496,-0.0483903260984925,1.015625,0.1748000485161202,0.179682392518143,-0.18126689099216997,0.0003590966675647289,-0.022187277567778496,-0.0483903260984925,-1.0,-0.2275873352183305,0.18960387978944168,0.9344016754467248,0.13680425597236792,0.17941968386217766,0.9025287787854159,0.0,0.023732637516754872,40.88517435623103,2,0.0689
183,0,0.0,0.12334386446496078,0.26762645379414074,0.9169316937678119,0.8824713331237448,-0.45093655450898845,0.13377953780126606,-0.0018987596060922943,0.040748863912528355,-0.039425737507169864,0.3726539415331587,1.505522618210001,-0.03269502707110007,-0.49294437597214463,-0.20018812823472315,2.172011551843013,2.2035261593626863,0.10570764964836332,0.12921909642448715,-0.22771126633036032,0.0007922800919444861,-0.02517222366353042,-0.05294232816489147,1.0048828125,0.10570764964836332,0.12921909642448715,-0.22771126633036032,0.0007922800919444861,-0.02517222366353042,-0.05294232816489147,-1.0,-0.22758733456991254,0.18960388385985788,0.9344016751178629,0.1369300501280803,0.17923144628694002,0.9024900022962798,0.0,0.0812198389533265,56.13495009373199,2,0.0784
184,1,0.4999,0.12447351958490466,0.2677932671713276,0.9174109699170032,0.8807674580616478,-0.45325419265047057,0.13707758412012677,-0.004365500679428196,0.04079130135296593,-0.03944505950979915,0.37703056398951534,1.493606105258898,-0.0468169424862852,-0.5164298570427451,-0.1891890927910904,2.1910033256142287,2.210697115957481,0.18928364374429896,0.21862663776010904,0.018789117643615683,-0.0003808579179463839,-0.0015033569748623132,-0.053103460981401146,0.98583984375,0.18928364374429896,0.21862663776010904,0.018789117643615683,-0.0003808579179463839,-0.0015033569748623132,-0.053103460981401146,-1.0,-0.2275873339214944,0.18960388793027458,0.9344016747890009,0.13735528829581234,0.17913463925924297,0.9025283644922449,0.0,0.011777825628867332,49.543805228477744,2,0.07
185,0,0.0,0.12553585433479975,0.26821561825265716,0.9178399818520493,0.8790796249844998,-0.4554861280317368,0.14034366767902656,-0.007419909040259048,0.04057002575819336,-0.03946191684989534,0.38071417559534443,1.4824732804056928,-0.057250499600282695,-0.5388862888222277,-0.18148461035723637,2.210652024093423,2.2182149184530764,0.21547737979526038,0.2869432896544494,0.017448278797857153,-0.0003687803131774414,-0.001070247149204201,-0.04768537002626258,0.990234375,0.21547737979526038,0.2869432896544494,0.017448278797857153,-0.0003687803131774414,-0.001070247149204201,-0.04768537002626258,-1.0,-0.2275873332730756,0.1896038920006917,0.9344016744601382,0.13775031660030704,0.17931436288609717,0.9024710712249594,0.0,0.11486163087800799,39.199226201075916,2,0.0702
186,0,0.0,0.12677580447614822,0.2689579913596281,0.9184540776134653,0.8775189514631054,-0.4572584634644322,0.14403123059782758,-0.011410172028184479,0.04061516574064217,-0.03947752409990544,0.38345876968403286,1.4722564389396875,-0.06396392368679198,-0.5598048046866259,-0.17756840652075043,2.231661074559431,2.2256811607329996,0.21599098246292636,0.28450340922965156,-0.01172209821891157,-0.00032932680426553396,-0.001070247149204201,-0.04508710336004371,0.990234375,0.21599098246292636,0.28450340922965156,-0.01172209821891157,-0.00032932680426553396,-0.001070247149204201,-0.04508710336004371,-1.0,-0.22758733262465675,0.18960389607110933,0.9344016741312751,0.13805419819522946,0.17951040494576365,0.9025130407136007,0.0,0.012499113559625743,49.78916654602678,2,0.0438
187,0,0.0,0.12807409563723343,0.26975340210540005,0.9190922262014676,0.876071740398574,-0.4586495770497885,0.14795740371830102,-0.015731428161546664,0.04068312532536134,-0.03949254086584076,0.3852109003146807,1.4629996480008685,-0.06765782311835045,-0.5791045175812144,-0.17719940365012532,2.2527769127707513,2.2332214261866707,0.21660730566412545,0.28074974703765476,-0.10560934590809101,-0.0005306202170813901,-0.00416639711911157,-0.044925970543534005,0.98974609375,0.21660730566412545,0.28074974703765476,-0.10560934590809101,-0.0005306202170813901,-0.00416639711911157,-0.044925970543534005,-1.0,-0.22758733197623723,0.18960390014152764,0.9344016738024115,0.1384828857404838,0.1796927879814688,0.9024814433077293,0.0,0.22831551065821842,53.13553579559251,3,0.0433
188,0,0.0,0.12944323351579326,0.27045122137673666,0.9197728955279526,0.8746435046856994,-0.45986084273492805,0.15204937889844566,-0.02019236011056358,0.040811395902786374,-0.03950631906630473,0.386005153697978,1.4548315156327691,-0.06911447774861741,-0.5964569470636759,-0.1796383331622017,2.273510776780295,2.24102230138348,0.18774283574130113,0.23082603988409844,-0.17031195233746177,-0.00018278519973558005,-0.004201514132002759,-0.0497196718346975,0.994140625,0.18774283574130113,0.23082603988409844,-0.17031195233746177,-0.00018278519973558005,-0.004201514132002759,-0.0497196718346975,-1.0,-0.22758733132781772,0.18960390421194653,0.9344016734735475,0.13887153173985464,0.17956864842439893,0.9024846581434428,0.0,0.0,67.54139114426775,1,0.0428
189,0,0.0,0.1307435017754598,0.2709572985072771,0.9203809905690786,0.8731433673379361,-0.46118124719618137,0.1560042787535348,-0.02439635872281397,0.04085268292248871,-0.03951954215550399,0.3860136877798614,1.4477490638778663,-0.06897044943987052,-0.6117666481498957,-0.184169428572738,2.292605578825059,2.249449286137009,0.15928924795260968,0.2063333940813198,-0.20888246551758038,0.00036875875137989955,-0.015343666779497306,-0.05211652248027926,0.9970703125,0.15928924795260968,0.2063333940813198,-0.20888246551758038,0.00036875875137989955,-0.015343666779497306,-0.05211652248027926,-1.0,-0.22758733067939751,0.189603908282366,0.9344016731446833,0.13934284239460043,0.17946010586935143,0.9025224998706916,0.0,0.0,68.15176408955797,1,0.042
190,0,0.0,0.13197920816529446,0.27132987468834047,0.9209544305691939,0.8715069405164655,-0.46273234410504227,0.15985375441173177,-0.02830560988841515,0.040861332676991255,-0.03953135330774851,0.3855114784610764,1.4417901904708632,-0.0678156398168633,-0.6248694519550646,-0.1902891284899033,2.309969387004778,2.2587769127263386,0.10585531041531726,0.1879404493405359,-0.2692487420627958,0.0006521798766246367,-0.031130410184070506,-0.05062604392756456,1.005859375,0.10585531041531726,0.1879404493405359,-0.2692487420627958,0.0006521798766246367,-0.031130410184070506,-0.05062604392756456,-1.0,-0.2275873300309773,0.1896039123527861,0.9344016728158187,0.13972218154103236,0.1793488921023078,0.9025516661318074,0.0,0.0,65.92090994852263,1,0.0454
191,0,0.0,0.1331418299651357,0.2716411079987833,0.9214800340997417,0.8697809901303988,-0.4643996587997689,0.16370888522044066,-0.031833740187432444,0.04085734628087699,-0.03954230408877427,0.3847759877502041,1.4369780263909169,-0.06608657502438339,-0.6358249633967062,-0.19786075466642397,2.3256263681220815,2.268977121718199,0.035151483177758625,0.12591118161779002,-0.318545966008983,0.0010241701035083595,-0.03569562185992639,-0.056265692505403975,1.005859375,0.035151483177758625,0.12591118161779002,-0.318545966008983,0.0010241701035083595,-0.03569562185992639,-0.056265692505403975,-1.0,-0.2275873293825565,0.18960391642320681,0.934401672486954,0.14015449249997278,0.17926181162922597,0.9025139558749838,0.0,0.1277440882943123,66.04379708227634,2,0.0413
192,1,0.48,0.13402067549848698,0.2717545915547381,0.9218578275987165,0.8679696871122755,-0.46637742014911693,0.1671559270196058,-0.03434560075886902,0.04084168142158901,-0.039553050069041015,0.38397918947972604,1.4328596827299758,-0.06411484684718939,-0.6451622462229083,-0.2064956584003156,2.3380126111304866,2.2801717244309723,0.11762323153821252,0.186626667573337,0.09346242995793563,-0.0013237162635759137,0.0015986458305269347,-0.05008222067184434,0.986328125,0.11762323153821252,0.186626667573337,0.09346242995793563,-0.0013237162635759137,0.0015986458305269347,-0.05008222067184434,-1.0,-0.2275873287341356,0.18960392049362804,0.9344016721580893,0.14038285154845823,0.17916700037346436,0.9024749324864971,0.0,0.0,59.29717576495639,1,0.0454
193,0,0.0,0.13463535132418591,0.27223436059740524,0.9223532710141757,0.8662502279022862,-0.46839047865133615,0.16993841075108174,-0.03663111681896347,0.04038186475160351,-0.03956175034332611,0.3833155431194318,1.4291669903676905,-0.06128886959450172,-0.6529134988410805,-0.21497333438897978,2.348081242190112,2.291129031382799,0.1586729247514106,0.22331871550010496,0.0911801510715382,-0.001140136671087838,0.00028761068258884026,-0.044200872869240376,0.9921875,0.1586729247514106,0.22331871550010496,0.0911801510715382,-0.001140136671087838,0.00028761068258884026,-0.044200872869240376,-1.0,-0.22758732808571402,0.1896039245640498,0.9344016718292246,0.140768265766725,0.17921873284278755,0.9025081002902021,0.0,0.0,0.0,0,0.0417
194,0,0.0,0.1353401893440382,0.273114211195585,0.9227041688395501,0.8646645677891118,-0.4700053889683016,0.172836520555442,-0.03971972700197284,0.04037772197877314,-0.03956935106902705,0.38258415755325664,1.4269509912306872,-0.05809134181310158,-0.6587538450925094,-0.22319760720847956,2.3592646586103037,2.301324906840018,0.1485549521983921,0.1993421982487259,0.03360966616215977,-0.000429973510673462,-0.0011053641620953902,-0.04464398811464204,0.986328125,0.1485549521983921,0.1993421982487259,0.03360966616215977,-0.000429973510673462,-0.0011053641620953902,-0.04464398811464204,-1.0,-0.22758732743729232,0.18960392863447217,0.9344016715003591,0.14099232165492262,0.17927662422891902,0.9024897821600553,0.0,0.0,0.0,0,0.0424
195,0,0.0,0.13624250480347444,0.2738237146248947,0.9231335583266742,0.8631443557686781,-0.47139520397718554,0.17586501568363713,-0.04289381109874112,0.040483717606330585,-0.03957697618828442,0.38159533798246015,1.4258265591421777,-0.055169432227196946,-0.6624842689325364,-0.2310896074730627,2.3697333352875023,2.310637027750065,0.17772758372181585,0.20511345386892088,-0.08746522876123053,-0.00019325245720200335,-0.003984959219173717,-0.04561078501370022,0.98876953125,0.17772758372181585,0.20511345386892088,-0.08746522876123053,-0.00019325245720200335,-0.003984959219173717,-0.04561078501370022,-1.0,-0.22758732678887003,0.18960393270489506,0.9344016711714931,0.14127015099788742,0.17931131704806083,0.9025120233680785,0.0,0.0,35.60636288375742,1,0.0424
196,0,0.0,0.13746869636697062,0.27438452802686597,0.9237197639850818,0.8615828313503487,-0.4726523492341288,0.17922092351635538,-0.046418122104621755,0.040681019917982994,-0.03958315922135449,0.38038480524311546,1.4261938706262622,-0.05269027113560503,-0.6635797375855099,-0.2384566299173026,2.38024707793678,2.319284838368749,0.18419897733440638,0.19666771393692817,-0.1565041650747565,0.0001980619373120468,-0.0037859628127902556,-0.04647687390243985,0.99072265625,0.18419897733440638,0.19666771393692817,-0.1565041650747565,0.0001980619373120468,-0.0037859628127902556,-0.04647687390243985,-1.0,-0.22758732614044763,0.18960393677531848,0.9344016708426267,0.1416130615615323,0.17926598312592049,0.9024849869370413,0.0,0.10099604523449077,62.17172759983926,2,0.0474
197,0,0.0,0.13892772694300154,0.27493172128703836,0.9242945869121071,0.8599643171169093,-0.4738257332487923,0.18279954130652912,-0.05034754706054582,0.040776681799111314,-0.03958884569456916,0.3791069704436038,1.4283100914726707,-0.05063005445832993,-0.661779186037592,-0.2450995417982575,2.39054380586048,2.3273804796860427,0.1639630322283694,0.18498444036433837,-0.20671430057550277,0.0005716625114982887,-0.017834231178140314,-0.04683942273958666,0.99560546875,0.1639630322283694,0.18498444036433837,-0.20671430057550277,0.0005716625114982887,-0.017834231178140314,-0.04683942273958666,-1.0,-0.22758732549202465,0.18960394084574247,0.93440167051376,0.14216466699349198,0.1791884822560362,0.9025030211352878,0.0,0.10512987113290727,0.0,1,0.0448
198,0,0.0,0.14052439974533937,0.27546379889587597,0.9248561821036787,0.8582677142085504,-0.47500456861228846,0.18651963984090775,-0.054383954419486555,0.040780292472390005,-0.03959393540838512,0.3779419181844899,1.4321220912410937,-0.04911478242318054,-0.6571270702895842,-0.25113464350195036,2.400063562809097,2.335249959002523,0.1364596093748598,0.16039795300675985,-0.19302062725711744,0.000790669744641953,-0.022269217264524632,-0.04416058966511294,1.0068359375,0.1364596093748598,0.16039795300675985,-0.19302062725711744,0.000790669744641953,-0.022269217264524632,-0.04416058966511294,-1.0,-0.2275873248436016,0.18960394491616708,0.934401670184893,0.14273063423822507,0.17909465291182125,0.9024535060699166,0.0,0.0,74.1853165322686,1,0.0423
199,0,0.0,0.14208425085733883,0.27596714217788404,0.9253774666460008,0.8565465011775066,-0.4762322021859786,0.1901603320800018,-0.058051951085964906,0.04072474294336402,-0.03959870276874986,0.3770673786474069,1.4371671858718376,-0.04817716057443171,-0.6501180562418368,-0.2566531091592748,2.407700323685251,2.342960075978278,0.09675892566845301,0.13158859568318504,-0.18058220732625074,0.0011546082350130382,-0.02250333068379931,-0.05149213281630419,1.0107421875,0.09675892566845301,0.13158859568318504,-0.18058220732625074,0.0011546082350130382,-0.02250333068379931,-0.05149213281630419,-1.0,-0.22758732419517794,0.18960394898659233,0.9344016698560256,0.14333949503101448,0.17902328064272252,0.9025723066170647,0.0,0.0,68.93967911184127,1,0.0424
200,1,0.4674,0.1434357544770556,0.27636057790313234,0.9257913191675021,0.8547744011331295,-0.47775791838614534,0.19337448032481175,-0.060945918205775794,0.04065583558603881,-0.03960319747734128,0.3765308756300042,1.4428996953417235,-0.04780174541229954,-0.6414616255703959,-0.2614877011613294,2.412489402441068,2.350806312359836,0.1036275588443164,0.1664976540687546,0.11828221284750917,-0.0016367275205045884,0.00101336228234028,-0.04464398811464204,0.99365234375,0.1036275588443164,0.1664976540687546,0.11828221284750917,-0.0016367275205045884,0.00101336228234028,-0.04464398811464204,-1.0,-0.22758732354675426,0.18960395305701827,0.9344016695271581,0.14384832263866296,0.17895375237776287,0.9025370110157132,0.0,0.041784807426074176,54.999271374874695,2,0.0404
201,0,0.0,0.14427273263054902,0.2771093654105132,0.926135640819149,0.8531299041588101,-0.4795477668286361,0.19553167999747176,-0.0630132373157668,0.04025702079229181,-0.03960715238865618,0.3766736638970486,1.4485751269461078,-0.04718977936733639,-0.6320734273434567,-0.2651515717173266,2.4137234917063974,2.358312704695568,0.14069683138310363,0.19873222814252645,0.11793987101454939,-0.004201406893191539,0.0004514900760810847,-0.04246869509176113,0.99951171875,0.14069683138310363,0.19873222814252645,0.11793987101454939,-0.004201406893191539,0.0004514900760810847,-0.04246869509176113,-1.0,-0.22758732289832995,0.18960395712744477,0.9344016691982906,0.1439734695426641,0.1789437396915283,0.9024898355812407,0.0,0.0,0.0,0,0.0381
202,0,0.0,0.14498634508292416,0.27827581599295026,0.9263318740808786,0.8515736783858682,-0.4811348444660182,0.19761786584399338,-0.06541185534967248,0.04019020618166683,-0.03960954104898389,0.3772566733943311,1.4550413569304812,-0.04678305232277919,-0.6217599021025159,-0.2681618418258803,2.415443464202519,2.365470652866389,0.12998821576226938,0.18010467951474263,0.058600619968213086,-0.0011884470901636496,-0.002229108574613753,-0.0447446961249606,0.99658203125,0.12998821576226938,0.18010467951474263,0.058600619968213086,-0.0011884470901636496,-0.002229108574613753,-0.0447446961249606,-1.0,-0.22758732224990544,0.18960396119787176,0.9344016688694231,0.14397289859718213,0.17894321153484036,0.902497084775897,0.0,0.0,0.0,0,0.0382
203,0,0.0,0.14594067832146929,0.27917986877522305,0.9266989042399298,0.8499957877427914,-0.482556448665386,0.20008570698906286,-0.06791277147670728,0.0402937893660315,-0.039612204379704294,0.3777546125727858,1.4621809225988665,-0.047175873036261216,-0.6101488548090211,-0.27062590314773405,2.417223184717218,2.3719999573111283,0.14619237992712886,0.1826853222717404,-0.07148927655644766,-0.000596644456484996,-0.0038854610159819725,-0.04119977416174725,0.99462890625,0.14619237992712886,0.1826853222717404,-0.07148927655644766,-0.000596644456484996,-0.0038854610159819725,-0.04119977416174725,-1.0,-0.22758732160148037,0.18960396526829915,0.9344016685405547,0.1439727456530268,0.17894307082253086,0.902499084577553,0.0,0.0,31.094284821300846,1,0.0408
204,0,0.0,0.14721003614922062,0.2798823291275201,0.9272292496806629,0.8484139427345045,-0.4836863688354357,0.20300911792324677,-0.07091245600391649,0.04056291739163116,-0.03961379171106589,0.3780472530096167,1.4703592403109627,-0.04829730046370063,-0.5969126723738121,-0.2722508162863638,2.4200700730699714,2.3774719481687074,0.15220153113882007,0.17377037456574818,-0.13470840170965992,3.3806512454298554e-05,-0.0029197431614740033,-0.04363690801145642,0.99658203125,0.15220153113882007,0.17377037456574818,-0.13470840170965992,3.3806512454298554e-05,-0.0029197431614740033,-0.04363690801145642,-1.0,-0.22758732095305514,0.18960396933872717,0.9344016682116859,0.1439727045793615,0.17894303301890532,0.9024996300602571,0.0,0.0,60.58951954571264,1,0.0406
205,0,0.0,0.1486805515071002,0.2805223517487945,0.9277256843705242,0.8468240342542619,-0.4845628061439432,0.20623377255717684,-0.07453571605664955,0.04065369701279421,-0.0396151395972051,0.3782235670861248,1.4798611244159774,-0.050033943618933915,-0.5818395423361771,-0.2727706430799118,2.4238997998124705,2.3819863365094474,0.13317255230179803,0.16307243731855758,-0.18286448621264828,0.0005700521641957695,-0.011514632066594949,-0.044845404135279154,0.99951171875,0.13317255230179803,0.16307243731855758,-0.18286448621264828,0.0005700521641957695,-0.011514632066594949,-0.044845404135279154,-1.0,-0.2275873203046294,0.18960397340915577,0.9344016678828168,0.14397269355137746,0.17894302286488564,0.9024997788548701,0.0,0.0,65.08842439186421,1,0.0386
206,0,0.0,0.15022367308390733,0.2810910467493618,0.9282163746591713,0.8451681387645478,-0.4853886714178624,0.20962899281610736,-0.07838584213603689,0.040659291381265616,-0.03961629902278628,0.3784517987816458,1.490498837185822,-0.05247145831338855,-0.5651045957111446,-0.2724064162696145,2.4278354121583106,2.3861486761610613,0.08633198901066685,0.1329023774503839,-0.21766923923021098,0.0014493017913754652,-0.010733278529765772,-0.04512738656417112,1.01171875,0.08633198901066685,0.1329023774503839,-0.21766923923021098,0.0014493017913754652,-0.010733278529765772,-0.04512738656417112,-1.0,-0.22758731965620352,0.18960397747958496,0.9344016675539473,0.14397269059062928,0.1789430201376965,0.9024998194426354,0.0,0.0,72.20145016225302,1,0.0383
207,0,0.0,0.15160184936293222,0.28154924455985963,0.9286989160551182,0.8435143292233198,-0.48634850621342324,0.21276969563562734,-0.08171758389738913,0.04065934123356157,-0.03961736758727802,0.3789454710950038,1.501540120892796,-0.05568063343633509,-0.5472318053104077,-0.27103631127415445,2.429781173332507,2.3900375466245496,0.036332769313390245,0.09314874879826862,-0.25966317073992606,0.0052336179523137655,-0.004997499757536605,-0.053365301808229404,1.017578125,0.036332769313390245,0.09314874879826862,-0.25966317073992606,0.0052336179523137655,-0.004997499757536605,-0.053365301808229404,-1.0,-0.22758731900777707,0.1896039815500148,0.9344016672250776,0.1439726897957547,0.1789430194052362,0.9024998305140206,0.0,0.0,61.60598776184163,1,0.039
208,1,0.4677,0.15265702729321612,0.28180476478292515,0.9290394166721057,0.8418511374107259,-0.4877242486290575,0.21524420640925568,-0.08415254807037637,0.04064093264175635,-0.039618446526220576,0.3797478409451731,1.5125845170266499,-0.05981107549342597,-0.5289347101284818,-0.26808090232733284,2.428960581344113,2.3937970110119666,0.14095363271693662,0.16607536707215487,0.09300597418065615,-0.0008973768152319012,0.0010601849661952267,-0.03641614367161561,1.001953125,0.14095363271693662,0.16607536707215487,0.09300597418065615,-0.0008973768152319012,0.0010601849661952267,-0.03641614367161561,-1.0,-0.22758731835935056,0.1896039856204452,0.9344016668962074,0.1439726895823555,0.17894301920851577,0.9024998335340205,0.0,0.0,53.440809129826114,1,0.0526
209,0,0.0,0.15357303799772093,0.2823812679248693,0.9292840132419409,0.8402902797793275,-0.48886447275524214,0.2176077308767799,-0.08700947332777137,0.040318640190736055,-0.039618059867920934,0.38108909850800987,1.5240874275483434,-0.06501514556321569,-0.5103755270340098,-0.2630984178047362,2.4291456132746783,2.3966891175651246,0.15702939621487966,0.17128357336355038,0.088555530352181,-0.0012301148266165296,0.0011538303339050648,-0.03964887080284141,1.009765625,0.15702939621487966,0.17128357336355038,0.088555530352181,-0.0012301148266165296,0.0011538303339050648,-0.03964887080284141,-1.0,-0.22758731771092341,0.18960398969087622,0.9344016665673371,0.14397268952506467,0.17894301915568184,0.902499834357798,0.0,0.0,35.217064462904,1,0.0372
210,0,0.0,0.15464785613485083,0.2830622733607234,0.9298023924828143,0.838766459393331,-0.48957565484374654,0.22045035557188586,-0.09048837223268255,0.04036238948236653,-0.03961687072850641,0.3829734439886175,1.5357588405922848,-0.0726688243127618,-0.49163756134682707,-0.25543467721554663,2.431031457745811,2.398571220619632,0.15389641994211756,0.1801985210695426,0.04952856139478279,-0.0006409290073044888,-0.0002625558527066252,-0.03873242790894252,1.0087890625,0.15389641994211756,0.1801985210695426,0.04952856139478279,-0.0006409290073044888,-0.0002625558527066252,-0.03873242790894252,-1.0,-0.22758731706249616,0.18960399376130777,0.9344016662384669,0.14397268950968398,0.17894301914149205,0.902499834582502,0.0,0.0,0.0,0,0.0374
211,0,0.0,0.15577296181349312,0.28376333298729045,0.9302939370751039,0.8372051914943575,-0.4900642024114954,0.22360423108711686,-0.09447588416955505,0.04041165201825993,-0.039616014359609764,0.3860737031835558,1.5472371476229372,-0.08527147952485467,-0.4742422981496248,-0.2420996763686718,2.4353771444648555,2.399372662274477,0.12613619575477497,0.17958855096334314,-0.057082391086063056,-0.00040501312748429663,-0.0025100446777433505,-0.039256109562599034,1.0,0.12613619575477497,0.17958855096334314,-0.057082391086063056,-0.00040501312748429663,-0.0025100446777433505,-0.039256109562599034,-1.0,-0.22758731641406832,0.18960399783173995,0.9344016659095966,0.14397268950555478,0.1789430191376811,0.9024998346437948,0.0,0.0,48.90812807153878,1,0.0389
212,0,0.0,0.1569619636695595,0.2844216603706841,0.9308440932802784,0.8355798760348185,-0.490407176698716,0.2270501278067647,-0.09876897929493014,0.04052093991374026,-0.03961469187121264,0.39285388015943346,1.553042653526472,-0.11038951539802595,-0.46828324628290047,-0.21510759301580287,2.4462861154224655,2.3985736985125827,0.1014896877401571,0.16931290071275207,-0.11199972679000425,-0.00021096627752979769,-0.003282618961349737,-0.04512738656417112,0.99853515625,0.1014896877401571,0.16931290071275207,-0.11199972679000425,-0.00021096627752979769,-0.003282618961349737,-0.04512738656417112,-1.0,-0.2275873157656402,0.18960400190217258,0.9344016655807253,0.14397268950444622,0.17894301913665758,0.9024998346605139,0.0,0.0,56.8663219293251,1,0.0386
213,0,0.0,0.15820465282009474,0.28485311811065056,0.9314099132120498,0.8337465007416047,-0.4909768792061382,0.23061467799925162,-0.10307932322939962,0.04055361101230948,-0.03961311993183729,0.4037617621012743,1.5501486596218659,-0.1472788758022589,-0.47970996300925,-0.17540161954740374,2.4654227537994213,2.397080664355808,0.05433454281508043,0.14728359572347127,-0.15718884874067585,0.00011432387758064655,-0.00842726134991037,-0.047040838760223774,0.99853515625,0.05433454281508043,0.14728359572347127,-0.15718884874067585,0.00011432387758064655,-0.00842726134991037,-0.047040838760223774,-1.0,-0.22758731511721167,0.1896040059726057,0.9344016652518539,0.1439726895041486,0.17894301913638277,0.9024998346650742,0.0,0.0,60.051956897398526,1,0.038
214,0,0.0,0.1592795961781145,0.28512779631312823,0.9318628411351402,0.8318051010859362,-0.49189541796419645,0.23391044999156146,-0.10688813300824367,0.040542140449688374,-0.03961155315696342,0.4140866328764409,1.5475588399182598,-0.1806283900354849,-0.49083161759128263,-0.1395977314371453,2.4826602724458944,2.396565373913441,-0.015951982254999608,0.11422790804520022,-0.2338734193236337,0.0014299776237451517,-0.012696904833931988,-0.043959173644475824,1.0078125,-0.015951982254999608,0.11422790804520022,-0.2338734193236337,0.0014299776237451517,-0.012696904833931988,-0.043959173644475824,-1.0,-0.2275873144687829,0.18960401004303942,0.9344016649229819,0.14397268950406872,0.17894301913630895,0.9024998346663182,0.0,0.0,52.29356525787054,1,0.0383
215,0,0.0,0.1600371318141477,0.28529432875526567,0.9322330985168167,0.8300744048368196,-0.49293993698127525,0.236635145884517,-0.10950118125348605,0.04054899113407241,-0.03960986342043484,0.42213328618839896,1.5452540656753015,-0.20507665557357965,-0.5001433942311383,-0.11456159577224632,2.49541459644271,2.397923292476559,-0.07018842396051994,0.04225143551366306,-0.331554955661449,0.006554102740385856,-0.00723913574709148,-0.0486924501294482,1.025390625,-0.07018842396051994,0.04225143551366306,-0.331554955661449,0.006554102740385856,-0.00723913574709148,-0.0486924501294482,-1.0,-0.22758731382035366,0.18960401411347375,0.9344016645941097,0.1439726895040473,0.17894301913628913,0.9024998346666574,0.0,0.0,43.123218214901826,1,0.0414
216,1,0.4707,0.16038373449045704,0.2852501142987426,0.9322072135953536,0.8285471154351842,-0.4943344960170615,0.2384775989479575,-0.11077688545725578,0.04055018711953762,-0.039608512683213346,0.4276542004360507,1.5429019600651959,-0.22057018207674636,-0.5083697880628809,-0.10023145437793066,2.5038405027844903,2.40158517215782,0.13568920537336093,0.16391701131175684,0.06453454507284673,-0.005542826196196476,-0.0007776053751108736,-0.03029309664424709,1.017578125,0.13568920537336093,0.16391701131175684,0.06453454507284673,-0.005542826196196476,-0.0007776053751108736,-0.03029309664424709,-1.0,-0.22758731317192427,0.1896040181839087,0.934401664265237,0.1439726895040415,0.17894301913628385,0.9024998346667501,0.0,0.0,47.03441001555405,1,0.0401
217,0,0.0,0.1611954814815179,0.28559283826781634,0.9329094014719492,0.8270334274468427,-0.49488350979787626,0.2412275001336807,-0.11364556654316839,0.04036245359875993,-0.03960394194251414,0.430540658446957,1.541222275169909,-0.22853755077617827,-0.5143075750496319,-0.09519540156408783,2.515371623948631,2.4063305840116618,0.14033730951573753,0.16837448516475295,0.0631081207688482,-0.006058137333005101,0.0014230607660709327,-0.035630621191130835,1.0244140625,0.14033730951573753,0.16837448516475295,0.0631081207688482,-0.006058137333005101,0.0014230607660709327,-0.035630621191130835,-1.0,-0.22758731252349435,0.1896040222543443,0.934401663936364,0.14397268950403994,0.17894301913628247,0.9024998346667754,0.0,0.0,0.0,0,0.0385
218,0,0.0,0.16221005309173792,0.2861218513393173,0.9333397225174225,0.8254842586030919,-0.49477277614941406,0.24465442370449098,-0.11798242132507683,0.0403841350923692,-0.0396005338655628,0.431202172252408,1.5409587570319165,-0.23072643807392365,-0.5188130346098088,-0.0974020011388962,2.5303720707848174,2.4124715834114205,0.14573013752622954,0.15063843130756838,0.04122677194551161,-0.0006473703965145933,0.0019146989465477215,-0.034401983465244396,1.01953125,0.14573013752622954,0.15063843130756838,0.04122677194551161,-0.0006473703965145933,0.0019146989465477215,-0.034401983465244396,-1.0,-0.22758731187506429,0.18960402632478054,0.934401663607491,0.14397268950403952,0.1789430191362821,0.9024998346667821,0.0,0.0,0.0,0,0.0428
219,0,0.0,0.16331508938599074,0.28658067638192825,0.9338150755768622,0.8238593939033071,-0.49460040178662534,0.2481406574171756,-0.12268804247503118,0.040408148082797524,-0.03959701459652937,0.4301584543579922,1.5412811395216415,-0.2288806935406048,-0.5218001676959209,-0.1045603239315159,2.5454800567569635,2.41974004093253,0.15363961860828457,0.1199170523049452,-0.07342921360988552,-0.000550749558362984,0.001458177778962122,-0.038057684239808154,1.0078125,0.15363961860828457,0.1199170523049452,-0.07342921360988552,-0.000550749558362984,0.001458177778962122,-0.038057684239808154,-1.0,-0.22758731122663367,0.18960403039521734,0.934401663278618,0.14397268950403952,0.1789430191362821,0.9024998346667837,0.0,0.0,54.489657502783324,1,0.039
