step,query,infer_s,eef_x,eef_y,eef_z,eef_qx,eef_qy,eef_qz,eef_qw,gripper_q0,gripper_q1,joint_0,joint_1,joint_2,joint_3,joint_4,joint_5,joint_6,act_raw_0,act_raw_1,act_raw_2,act_raw_3,act_raw_4,act_raw_5,act_raw_6,act_env_0,act_env_1,act_env_2,act_env_3,act_env_4,act_env_5,act_env_6,akita_black_bowl_1_x,akita_black_bowl_1_y,akita_black_bowl_1_z,plate_1_x,plate_1_y,plate_1_z,force_akita_black_bowl_1,force_plate_1,force_other,n_contacts,sim_s
0,1,0.491,-0.20235169827856442,-0.006790259489859377,1.1801015965092299,0.9995910419005526,-0.0009293257646006414,-0.028580167937234256,-0.00024352919446678396,0.03872383662692308,-0.0387217534331716,-0.010019822715975275,-0.15352342930851243,-0.004662556068785734,-2.4166237574643663,-0.0012591693892538556,2.205953353664624,0.7738910454936132,0.085523064809093,0.007389297905493475,0.05728830960853448,0.00024798270369037756,0.006070212138672926,-0.00040295918169819256,0.98583984375,0.085523064809093,0.007389297905493475,0.05728830960853448,0.00024798270369037756,0.006070212138672926,-0.00040295918169819256,-1.0,-0.07499154926823225,-0.003153235095231286,0.8984038567263857,0.06768787701788316,0.1869358244277915,0.9024995673059236,0.0,0.0,0.0,0,0.0378
1,0,0.0,-0.2021061042654059,-0.006723087016160433,1.1802541189603932,0.9996073359226376,-0.0007495555766456885,-0.028010031058127376,-0.00022426815755872964,0.038846803548095325,-0.03884333334496963,-0.009576985395467388,-0.1535754448965607,-0.004937224154584138,-2.416459976433752,-0.001333028442683883,2.206908837814494,0.7737700751658672,0.21003319151800182,0.04253296017806274,0.10447442558480402,0.0004686002841365611,0.008680576763585385,-0.0034241994912550255,0.98486328125,0.21003319151800182,0.04253296017806274,0.10447442558480402,0.0004686002841365611,0.008680576763585385,-0.0034241994912550255,-1.0,-0.07499154925425672,-0.0031532351050743922,0.8984040701014814,0.06768787702705724,0.18693582445779966,0.9024997617621902,0.0,0.0,0.0,0,0.0379
2,0,0.0,-0.20099087203202579,-0.00646719856918902,1.1807594582944005,0.9996414565922517,-0.0006819163580875642,-0.026766015888938257,-0.0002713772912723879,0.03891949780757891,-0.038907360364977335,-0.009048823303102515,-0.15224175034640408,-0.004894839927524543,-2.414072675910326,-0.001119109811386583,2.208399238982562,0.7740768594547742,0.38157648251841636,0.11806954669482184,0.1195374662350277,-0.0021719667051819797,0.01845481201830243,-0.005055669258415718,0.99169921875,0.38157648251841636,0.11806954669482184,0.1195374662350277,-0.0021719667051819797,0.01845481201830243,-0.005055669258415718,-1.0,-0.0749915492500775,-0.003153235108290943,0.8984041283326119,0.06768787702920671,0.18693582446674306,0.9024998147869767,0.0,0.0,0.0,0,0.0347
3,0,0.0,-0.19854318607320728,-0.005646742493085655,1.1813150559952976,0.9996923060686056,-0.0006134809379007566,-0.024795009974039262,-0.00035257447184054366,0.038972473193012724,-0.038953246561609776,-0.008219482214347082,-0.1477385432291618,-0.003907755568937395,-2.408436345988638,-0.0005404130722477349,2.21125133898117,0.7753784291826392,0.5582558001954901,0.20445656298532144,0.12558550528398138,-0.02122760892280881,0.02435447018402387,-0.011636937732733665,0.99267578125,0.5582558001954901,0.20445656298532144,0.12558550528398138,-0.02122760892280881,0.02435447018402387,-0.011636937732733665,-1.0,-0.07499154924884087,-0.0031532351093086545,0.8984041442241787,0.06768787702969808,0.18693582446938595,0.9024998292459088,0.0,0.0,0.0,0,0.0358
4,0,0.0,-0.19441161645847627,-0.0040397351123937515,1.1816427618579914,0.9997528295364713,-0.000677868679874849,-0.022222059239605678,2.0273695139981507e-05,0.03901833126502856,-0.038996435825343886,-0.007003293810570826,-0.13855356497020438,-0.0013544922303914823,-2.3985473494895824,-0.0007822349193272883,2.2157377448659292,0.7794094290355601,0.6975448436664856,0.2824388950240534,0.12022214990094704,-0.03275769560890167,0.022879555642593502,-0.017922376426740855,0.9990234375,0.6975448436664856,0.2824388950240534,0.12022214990094704,-0.03275769560890167,0.022879555642593502,-0.017922376426740855,-1.0,-0.07499154924847806,-0.0031532351096233264,0.8984041485610657,0.06768787702980653,0.1869358244701614,0.9024998331886069,0.0,0.0,0.0,0,0.0344
5,0,0.0,-0.1885263821317652,-0.0014964098911402115,1.1817103245449516,0.9998136597764422,-0.0010700551444071116,-0.0192416258548189,0.0011227381198890864,0.03906258772755831,-0.039037301835385105,-0.005361589767940701,-0.1243059271382118,0.003099433756687037,-2.383848496387931,-0.002538141331166773,2.221269780336888,0.787362385588318,0.7846518561026244,0.3336763839448086,0.11115009132751674,-0.041621047162009914,0.02011701729515253,-0.019457544159034418,1.001953125,0.7846518561026244,0.3336763839448086,0.11115009132751674,-0.041621047162009914,0.02011701729515253,-0.019457544159034418,-1.0,-0.07499154924837238,-0.003153235109718955,0.8984041497446229,0.06768787702982924,0.18693582447038762,0.9024998342637116,0.0,0.0,0.0,0,0.0376
6,0,0.0,-0.18115939149129423,0.001942390139102447,1.1815794112193156,0.9998631426544184,-0.001764480037371341,-0.016197416254376498,0.0028681488993258153,0.03910490234060151,-0.03907645016579588,-0.0033516312996249523,-0.10558246306703072,0.009223984694697073,-2.364459250457682,-0.00590448492698834,2.2266353783298953,0.7989695315718324,0.8220421303087028,0.3507555469183936,0.08547445385554431,-0.042600138321946285,0.016043443799773432,-0.020014585341108976,0.99853515625,0.8220421303087028,0.3507555469183936,0.08547445385554431,-0.042600138321946285,0.016043443799773432,-0.020014585341108976,-1.0,-0.0749915492483418,-0.003153235109747628,0.8984041500676215,0.06768787702983359,0.1869358244704533,0.9024998345568738,0.0,0.0,0.0,0,0.0343
7,0,0.0,-0.1727354384712122,0.006025228729882735,1.1812810254751254,0.999893527965121,-0.0026909720658916947,-0.013433165038990391,0.005024089951249575,0.03914502090153139,-0.03911429585577984,-0.0011190589088202756,-0.08333751456173877,0.016381553017749916,-2.3410119931355724,-0.010613872411241614,2.2307843908456007,0.8131655463116261,0.8471059404907993,0.3496294482607947,0.07429128731219614,-0.0391217881484881,0.012414685801016206,-0.01539586421787395,0.99853515625,0.8471059404907993,0.3496294482607947,0.07429128731219614,-0.0391217881484881,0.012414685801016206,-0.01539586421787395,-1.0,-0.07499154924833296,-0.003153235109756132,0.8984041501557689,0.06768787702983428,0.18693582447047222,0.9024998346368139,0.0,0.0,0.0,0,0.0328
8,1,0.4542,-0.16356183028512253,0.010473525763768716,1.180901401897668,0.9999061301382084,-0.0036796152421491074,-0.011016100181583601,0.007268898162131789,0.03918297586688949,-0.03915095908578389,0.0011965348580383283,-0.05853768308987591,0.023903925904371588,-2.314139206880213,-0.01608401140629638,2.233255263181031,0.8284084978085132,0.8130027233577827,0.36182885038478396,0.04781685222998455,-0.04690298631429825,0.01702672016072701,-0.01454991693119806,0.99560546875,0.8130027233577827,0.36182885038478396,0.04781685222998455,-0.04690298631429825,0.01702672016072701,-0.01454991693119806,-1.0,-0.07499154924833043,-0.0031532351097586313,0.8984041501798249,0.0676878770298343,0.18693582447047763,0.9024998346586124,0.0,0.0,0.0,0,0.0347
9,0,0.0,-0.15413778300083392,0.015046474548157059,1.1804133798521443,0.9998986268493724,-0.0046022999018551225,-0.009337173457386832,0.00971452789274881,0.03921881815581775,-0.03918653503727755,0.0035256712409952205,-0.03222754739528094,0.031451071573167476,-2.2848387240542016,-0.022666044882701505,2.233139601793149,0.8442344148196301,0.8454624119542683,0.37628044982397135,0.02721928528024664,-0.04821702971316023,0.015411337567731859,-0.014053929980379132,1.0009765625,0.8454624119542683,0.37628044982397135,0.02721928528024664,-0.04821702971316023,0.015411337567731859,-0.014053929980379132,-1.0,-0.07499154924832971,-0.003153235109759362,0.8984041501863897,0.0676878770298343,0.18693582447047916,0.9024998346645562,0.0,0.0,0.0,0,0.0337
10,0,0.0,-0.14441962883488957,0.019771568533705437,1.179805442068748,0.9998762991917634,-0.005468042062432676,-0.0079950076055712,0.012392202547263165,0.03925318897319458,-0.0392205205105805,0.005912035352609006,-0.004559703292854844,0.03905427539694842,-2.253433743663384,-0.030385855191396582,2.231492748763531,0.8607198914188463,0.8660065186609048,0.3775942315911702,0.004895744922670531,-0.04396571283448912,0.012391274459088747,-0.01230664600135209,1.0029296875,0.8660065186609048,0.3775942315911702,0.004895744922670531,-0.04396571283448912,0.012391274459088747,-0.01230664600135209,-1.0,-0.0749915492483295,-0.0031532351097595733,0.8984041501881814,0.0676878770298343,0.1869358244704796,0.9024998346661771,0.0,0.0,0.0,0,0.0353
11,0,0.0,-0.13427949098143138,0.024677821194415486,1.179004659747875,0.999844875725465,-0.00629644714835581,-0.006678581199399219,0.015032491210686698,0.03928593198261978,-0.039253201932338784,0.00836601931811349,0.024622746608150416,0.0465988736642081,-2.2199876292439162,-0.03862265947550263,2.229102322928382,0.877379802440646,0.8754568077459576,0.35488457532959017,-0.03619953927552544,-0.03497353349717873,0.00951167940201042,-0.00930554729385899,1.005859375,0.8754568077459576,0.35488457532959017,-0.03619953927552544,-0.03497353349717873,0.00951167940201042,-0.00930554729385899,-1.0,-0.0749915492483295,-0.003153235109759634,0.8984041501886704,0.0676878770298343,0.1869358244704796,0.9024998346666192,0.0,0.0,0.0,0,0.033
12,0,0.0,-0.12381871988390128,0.029613431296139067,1.177874801678056,0.9998089135835262,-0.007080651131040616,-0.005449976653386288,0.01738673209564129,0.03931673974062305,-0.03928501272585414,0.010821125559667938,0.05525335826585999,0.0537418096676409,-2.18486076299269,-0.04674244922205372,2.226188999080391,0.8933663550822777,0.8775112184166213,0.2833773105720525,-0.11028801762520601,-0.021678506167516362,0.006702318370714527,-0.00528729768214839,1.009765625,0.8775112184166213,0.2833773105720525,-0.11028801762520601,-0.021678506167516362,0.006702318370714527,-0.00528729768214839,-1.0,-0.0749915492483295,-0.003153235109759652,0.8984041501888038,0.0676878770298343,0.1869358244704796,0.9024998346667397,0.0,0.0,0.0,0,0.0338
13,0,0.0,-0.113122285496677,0.034191355121917,1.1761292042294478,0.9997741626083463,-0.007826339117796788,-0.004406213084034457,0.01926025656760549,0.03934502738458224,-0.0393166602679462,0.013108540930467764,0.08747932836071873,0.05985389864475383,-2.148553494753591,-0.0541895574630225,2.223309322021462,0.9075487702595098,0.8364230050033482,0.17977623407294296,-0.23113468465995657,-0.0023801040940335805,0.003951485694237256,-0.0053577932893713875,1.0078125,0.8364230050033482,0.17977623407294296,-0.23113468465995657,-0.0023801040940335805,0.003951485694237256,-0.0053577932893713875,-1.0,-0.0749915492483295,-0.0031532351097596566,0.8984041501888405,0.0676878770298343,0.1869358244704796,0.9024998346667725,0.0,0.0,0.0,0,0.0332
14,0,0.0,-0.10242136329086145,0.03795767154592349,1.173333504230924,0.9997469615839116,-0.008639484746402193,-0.003853971127625491,0.02040879745600714,0.03937080178461875,-0.03934825591675053,0.015020463715622222,0.12133575081957228,0.0642788978313509,-2.1119920668658803,-0.06009916849783332,2.2209460258630265,0.9187891447834173,0.7854736203708897,0.09971179253708784,-0.33954293176384054,-0.000598254803787529,0.0006036637986096272,-0.008932927655680295,0.99951171875,0.7854736203708897,0.09971179253708784,-0.33954293176384054,-0.000598254803787529,0.0006036637986096272,-0.008932927655680295,-1.0,-0.0749915492483295,-0.0031532351097596566,0.8984041501888503,0.0676878770298343,0.1869358244704796,0.9024998346667815,0.0,0.0,0.0,0,0.0327
15,0,0.0,-0.09193627333169425,0.04056262452842481,1.169331240098675,0.9997247720893139,-0.009610685320260048,-0.0038628167472566314,0.021049784925741784,0.03939437095254459,-0.03937960456422379,0.016478785789247743,0.15634454565286646,0.06671515563588329,-2.076044470943916,-0.06480957190175349,2.2194185340435375,0.9271248690989573,0.7106930719587331,0.03929542653746554,-0.4353986449925378,0.000615141888666515,-0.0020301121682302914,-0.01269437184107855,0.9951171875,0.7106930719587331,0.03929542653746554,-0.4353986449925378,0.000615141888666515,-0.0020301121682302914,-0.01269437184107855,-1.0,-0.0749915492483295,-0.0031532351097596566,0.898404150188853,0.0676878770298343,0.1869358244704796,0.9024998346667837,0.0,0.0,0.0,0,0.0349
16,1,0.4594,-0.0819107974011559,0.042083168711882904,1.164223389610862,0.999701104823224,-0.010715088809299833,-0.004406157637137814,0.021528438445690523,0.039416875850319215,-0.03940967053032113,0.017603904772611548,0.19169807184311724,0.06748542734835788,-2.0414421731023356,-0.06888129992287018,2.2186352329017613,0.9333199453999945,0.7456180533600151,0.14395222052807422,-0.350269642529909,-0.0018635851967480632,0.0020785783400399938,-0.010715459438318836,0.9951171875,0.7456180533600151,0.14395222052807422,-0.350269642529909,-0.0018635851967480632,0.0020785783400399938,-0.010715459438318836,-1.0,-0.0749915492483295,-0.0031532351097596566,0.898404150188853,0.0676878770298343,0.1869358244704796,0.9024998346667837,0.0,0.0,0.0,0,0.0361
17,0,0.0,-0.07210733448659477,0.04355007160900351,1.158968944798223,0.9996870845576136,-0.011564024210152679,-0.004703468407404907,0.021676800910306056,0.03944086768495265,-0.039435997008673326,0.018834367530602334,0.2263151601338247,0.06801888014422074,-2.0072529237809684,-0.07210694947659073,2.218215283360584,0.9382352776216346,0.6749463262891856,0.08601679063347478,-0.4415607979858112,-0.00035187166650089974,-0.0019364668005204255,-0.012679265639530785,0.99609375,0.6749463262891856,0.08601679063347478,-0.4415607979858112,-0.00035187166650089974,-0.0019364668005204255,-0.012679265639530785,-1.0,-0.0749915492483295,-0.0031532351097596566,0.898404150188853,0.0676878770298343,0.1869358244704796,0.9024998346667837,0.0,0.0,0.0,0,0.0348
18,0,0.0,-0.06266489293513793,0.04502320039099751,1.1535143141937472,0.9996739528128434,-0.012357271748807519,-0.005047568370644942,0.02176713017403015,0.03946252902459796,-0.039462495167312955,0.020227068478421203,0.2603077638018223,0.06834169336813753,-1.9736460788380261,-0.07510436284142333,2.2175995100735846,0.9428273154759206,0.6046854813524888,0.021465531125481108,-0.5253204331166015,0.0002866310389510185,-0.009264216823817284,-0.011994451169364567,0.99853515625,0.6046854813524888,0.021465531125481108,-0.5253204331166015,0.0002866310389510185,-0.009264216823817284,-0.011994451169364567,-1.0,-0.0749915492483295,-0.0031532351097596566,0.898404150188853,0.0676878770298343,0.1869358244704796,0.9024998346667837,0.0,0.0,0.0,0,0.0364
19,0,0.0,-0.05380221749223822,0.04594360120121885,1.1473132436668556,0.9996532214018,-0.013279322893898104,-0.00572949776690809,0.022006121417027267,0.039482608567145534,-0.039488513111500756,0.02154793555872379,0.29394784646992295,0.0678713185356394,-1.9415799327580472,-0.07811703537706184,2.2175282949944686,0.9468307893233233,0.5574340359272248,-0.0064054106500944785,-0.5819209494992609,0.0007165937687257096,-0.02282523663530195,-0.011903813960077864,0.9990234375,0.5574340359272248,-0.0064054106500944785,-0.5819209494992609,0.0007165937687257096,-0.02282523663530195,-0.011903813960077864,-1.0,-0.0749915492483295,-0.0031532351097596566,0.898404150188853,0.0676878770298343,0.1869358244704796,0.9024998346667837,0.0,0.0,0.0,0,0.0358
20,0,0.0,-0.04537811214992114,0.04636183115224719,1.1404827555612287,0.9996308930590883,-0.014208592562035549,-0.006251285668925787,0.02229607514294918,0.039502031565066466,-0.03951321387997634,0.022767908330498157,0.32705203269144223,0.06670124789935832,-1.9112598842774722,-0.0810118709486525,2.21907577991662,0.9500449090409769,0.514702293977421,-0.03164878889127243,-0.6289358945590505,0.0033849392490128416,-0.03781434830436206,-0.009219945485088199,1.001953125,0.514702293977421,-0.03164878889127243,-0.6289358945590505,0.0033849392490128416,-0.03781434830436206,-0.009219945485088199,-1.0,-0.0749915492483295,-0.0031532351097596566,0.898404150188853,0.0676878770298343,0.1869358244704796,0.9024998346667837,0.0,0.0,0.0,0,0.0395
21,0,0.0,-0.037310326384593445,0.04644381300028739,1.1331642862405924,0.9996134961484917,-0.01504944240519418,-0.0062665750646415976,0.02251893954075641,0.03952079190382041,-0.039536686873526634,0.023922620987038925,0.3594126082549709,0.06501530473611403,-1.8828441009603911,-0.08361648361488984,2.222879328793286,0.9524292047322959,0.4503992399856488,-0.05163704006365499,-0.6741250165097221,0.008866561466814527,-0.04957854762291369,-0.006042607759537605,1.0029296875,0.4503992399856488,-0.05163704006365499,-0.6741250165097221,0.008866561466814527,-0.04957854762291369,-0.006042607759537605,-1.0,-0.0749915492483295,-0.0031532351097596566,0.898404150188853,0.0676878770298343,0.1869358244704796,0.9024998346667837,0.0,0.0,0.0,0,0.0496
22,0,0.0,-0.029745126564271484,0.04629766152699262,1.1253876377211807,0.9996049148463267,-0.01572722024343659,-0.005849204752186074,0.022548959227606937,0.03953889792795678,-0.03955900398755337,0.025001278600819774,0.3906942136526014,0.06295963359052865,-1.85682033279228,-0.08559079260786284,2.228943693540621,0.9537987853428086,0.3657575203543063,-0.0792264571748309,-0.7357465464424561,0.023771936099003826,-0.05332436233130827,-0.0019337209385403287,1.001953125,0.3657575203543063,-0.0792264571748309,-0.7357465464424561,0.023771936099003826,-0.05332436233130827,-0.0019337209385403287,-1.0,-0.0749915492483295,-0.0031532351097596566,0.898404150188853,0.0676878770298343,0.1869358244704796,0.9024998346667837,0.0,0.0,0.0,0,0.0325
23,0,0.0,-0.022978140796435235,0.04604116460291801,1.1170382610481921,0.9996091533900253,-0.016264227827463507,-0.005383265258904245,0.022091532477505352,0.039556435253507674,-0.039580156712462525,0.025914007562197923,0.4206351205158242,0.060706558524246154,-1.8338860155624197,-0.08608709551828407,2.2370104901229677,0.9537874245035813,0.268173013497783,-0.09668098636761568,-0.7941728859342335,0.025678587305195733,-0.05606348933682179,-0.0004734547889211904,0.99658203125,0.268173013497783,-0.09668098636761568,-0.7941728859342335,0.025678587305195733,-0.05606348933682179,-0.0004734547889211904,-1.0,-0.0749915492483295,-0.0031532351097596566,0.898404150188853,0.0676878770298343,0.1869358244704796,0.9024998346667837,0.0,0.0,0.0,0,0.0348
24,1,0.4602,-0.017214812236669555,0.04554663867862378,1.1080550258121222,0.9996208207946364,-0.016723257364657962,-0.0050957091098296145,0.021273952280663772,0.039572884436394506,-0.03960073940651214,0.026582054127644247,0.4489865020386623,0.058189796708328814,-1.8146041979820853,-0.08536812130465238,2.2469271461350053,0.9525472202798639,0.30299527436553186,-0.0944287890524177,-0.6964913495964181,0.0017649298626707527,-0.03597655796305596,0.00047320050807328484,1.0107421875,0.30299527436553186,-0.0944287890524177,-0.6964913495964181,0.0017649298626707527,-0.03597655796305596,0.00047320050807328484,-1.0,-0.0749915492483295,-0.0031532351097596566,0.898404150188853,0.0676878770298343,0.1869358244704796,0.9024998346667837,0.0,0.0,0.0,0,0.0428
25,0,0.0,-0.012148405074714423,0.044545412450966736,1.0990648593043253,0.9996270532472469,-0.017035133697340443,-0.0045805340451923,0.02084651875011373,0.03958813048306109,-0.039620935912655704,0.02715364768991544,0.4753968896437173,0.05513789645844666,-1.7979378273169304,-0.08526414783737427,2.2579481207374763,0.9509305399587438,0.2499914790624097,-0.08635841533962474,-0.728443254005984,0.0043092786006633105,-0.047448115507514294,0.0006746165287103978,1.0078125,0.2499914790624097,-0.08635841533962474,-0.728443254005984,0.0043092786006633105,-0.047448115507514294,0.0006746165287103978,-1.0,-0.0749915492483295,-0.0031532351097596566,0.898404150188853,0.0676878770298343,0.1869358244704796,0.9024998346667837,0.0,0.0,0.0,0,0.035
26,0,0.0,-0.007546340968270258,0.04342829752579124,1.0902203250471119,0.9996303783625061,-0.01719107576542106,-0.00371402828470066,0.02073112545810392,0.03960394763135891,-0.03963903977805463,0.027813351349474116,0.5003187184108481,0.051993173774289296,-1.7830775691604535,-0.08568493088124339,2.269918378185965,0.9494579046519018,0.2072597371126058,-0.062334977310845696,-0.7727194644020965,0.00438335457657954,-0.05451834076960904,-0.0019236501375084758,1.0029296875,0.2072597371126058,-0.062334977310845696,-0.7727194644020965,0.00438335457657954,-0.05451834076960904,-0.0019236501375084758,-1.0,-0.0749915492483295,-0.0031532351097596566,0.898404150188853,0.0676878770298343,0.1869358244704796,0.9024998346667837,0.0,0.0,0.0,0,0.0351
27,0,0.0,-0.0034355575857691507,0.042503992900728614,1.0810848253039678,0.9996349827321147,-0.01735287892077625,-0.002508295262123061,0.02055449698246869,0.03961940734850784,-0.03965604697625844,0.028579182321398312,0.524394687596873,0.04904418612284884,-1.7703137942914193,-0.0860455217155431,2.2838122541897974,0.9484095346091987,0.16730144956819792,-0.033994827761270385,-0.8005632668161466,0.0018808748684526894,-0.06495979926925885,-0.0068382010410542315,1.0,0.16730144956819792,-0.033994827761270385,-0.8005632668161466,0.0018808748684526894,-0.06495979926925885,-0.0068382010410542315,-1.0,-0.0749915492483295,-0.0031532351097596566,0.898404150188853,0.0676878770298343,0.1869358244704796,0.9024998346667837,0.0,0.0,0.0,0,0.0353
28,0,0.0,0.0002195155960120711,0.04180138087473305,1.071588205319234,0.9996363136089076,-0.0176564628195654,-0.0008475735632458752,0.020365938577650167,0.039634240219760974,-0.039672289541570066,0.02949953471205417,0.5477748912139239,0.046290342228526356,-1.7596859560708749,-0.08659484788139521,2.300037598047892,0.948268088737619,0.12259233734788022,-0.03465171864486982,-0.8242989672346812,0.0017069573597797844,-0.07085945743498029,-0.011848424554402659,1.001953125,0.12259233734788022,-0.03465171864486982,-0.8242989672346812,0.0017069573597797844,-0.07085945743498029,-0.011848424554402659,-1.0,-0.0749915492483295,-0.0031532351097596566,0.898404150188853,0.0676878770298343,0.1869358244704796,0.9024998346667837,0.0,0.0,0.0,0,0.0408
29,0,0.0,0.003361191754824615,0.04122029357295625,1.0617807043037242,0.9996295532509943,-0.018162120027954087,0.001213312475744988,0.020234167542625515,0.03964816428666742,-0.03968810876841593,0.030554487020058207,0.5703208404791819,0.04359901568398591,-1.7513348432940925,-0.08742723613176,2.3184486015289556,0.9490968317127944,0.06288602723171788,-0.04319130013166239,-0.8448394772122593,0.001193256570273693,-0.07413704530482551,-0.01582639096198582,1.0078125,0.06288602723171788,-0.04319130013166239,-0.8448394772122593,0.001193256570273693,-0.07413704530482551,-0.01582639096198582,-1.0,-0.0749915492483295,-0.0031532351097596566,0.898404150188853,0.0676878770298343,0.1869358244704796,0.9024998346667837,0.0,0.0,0.0,0,0.035
30,0,0.0,0.00584413154076846,0.040631295581886655,1.0516941158050503,0.9996104249642495,-0.018968264673157154,0.0034539355187331693,0.020181019981969077,0.039661292134269104,-0.039703448745171434,0.03167309597319143,0.5918105328023491,0.040852308782597824,-1.7455164762456605,-0.08846676122680246,2.33864210314177,0.9508667453594997,0.0039244409836711736,-0.05370155426925327,-0.8722268238490299,8.050658422757706e-05,-0.08017717152211173,-0.02102670084481051,1.0068359375,0.0039244409836711736,-0.05370155426925327,-0.8722268238490299,8.050658422757706e-05,-0.08017717152211173,-0.02102670084481051,-1.0,-0.0749915492483295,-0.0031532351097596566,0.898404150188853,0.0676878770298343,0.1869358244704796,0.9024998346667837,0.0,0.0,0.0,0,0.0338
31,0,0.0,0.007630390060177337,0.03995236604808755,1.0413563103280283,0.9995763208223533,-0.020098788594305472,0.005870321987201855,0.020217736472079195,0.03967372309505295,-0.03971826465149335,0.03281111308610066,0.6121778185199961,0.037966129941086536,-1.7423766404987193,-0.08972704605099122,2.360719262199543,0.9535429695753767,-0.056012990332940715,-0.05295082183085387,-0.8941367011584465,-0.0007802240489730716,-0.0805517529929512,-0.025715917575268504,0.99951171875,-0.056012990332940715,-0.05295082183085387,-0.8941367011584465,-0.0007802240489730716,-0.0805517529929512,-0.025715917575268504,-1.0,-0.0749915492483295,-0.0031532351097596566,0.898404150188853,0.0676878770298343,0.1869358244704796,0.9024998346667837,0.0,0.0,0.0,0,0.0341
32,1,0.4616,0.008662428217919972,0.03921342141812541,1.0307370231990818,0.9995262504458801,-0.021542051852887878,0.008407172573640981,0.02031093599230704,0.03968575567316558,-0.03973231051321286,0.03397010063438108,0.6314617150444157,0.034987017353575955,-1.7420164702906265,-0.09117820069455625,2.384692601008398,0.9571307064829485,-0.13408059581815945,-0.032305679774871865,-0.5385576506577073,-0.0034364919244912473,-0.03265214740935579,-0.008429387604087513,1.0146484375,-0.13408059581815945,-0.032305679774871865,-0.5385576506577073,-0.0034364919244912473,-0.03265214740935579,-0.008429387604087513,-1.0,-0.0749915492483295,-0.0031532351097596566,0.898404150188853,0.0676878770298343,0.1869358244704796,0.9024998346667837,0.0,0.0,0.0,0,0.0362
33,0,0.0,0.00834118343411384,0.03867956196571399,1.0216654000570138,0.9994840141071994,-0.02264509982870111,0.00982238779647587,0.02055299724812901,0.03969761203734309,-0.03974541402425298,0.03519303457606672,0.6455349599546534,0.032495832224438116,-1.7451522921351603,-0.09259184381890828,2.4045211913142603,0.9603925272374854,-0.19037144819434337,-0.010440597506490956,-0.6198067790134603,-0.003178836356086942,-0.05170897973831312,-0.007120183469946223,1.0205078125,-0.19037144819434337,-0.010440597506490956,-0.6198067790134603,-0.003178836356086942,-0.05170897973831312,-0.007120183469946223,-1.0,-0.0749915492483295,-0.0031532351097596566,0.898404150188853,0.0676878770298343,0.1869358244704796,0.9024998346667837,0.0,0.0,0.0,0,0.0357
34,0,0.0,0.007213487245184598,0.03842533595732894,1.0142382098695575,0.9994549206679086,-0.0232287190650598,0.01080571466371084,0.02082125581962542,0.03970903714174648,-0.039757878043876385,0.03646987548848525,0.6555101255464665,0.030487986229897585,-1.7507985965265365,-0.09402692749519541,2.422065346982408,0.9631227552520097,-0.24255347922920012,0.00326026949429703,-0.6389779216591998,-0.0026788235186523263,-0.06346147338590102,-0.008630803624724626,1.013671875,-0.24255347922920012,0.00326026949429703,-0.6389779216591998,-0.0026788235186523263,-0.06346147338590102,-0.008630803624724626,-1.0,-0.0749915492483295,-0.0031532351097596566,0.898404150188853,0.0676878770298343,0.1869358244704796,0.9024998346667837,0.0,0.0,0.0,0,0.0364
35,0,0.0,0.0056729877376816736,0.03833435736253423,1.0068838789315697,0.999423118245022,-0.023714496514803007,0.012207376147961337,0.021024588938378764,0.039719837647703454,-0.03976994175654233,0.037811523436935376,0.664387570182137,0.02864307473437361,-1.7586193047567396,-0.09574765387642711,2.4415092580406625,0.9662307255236925,-0.2717261107526239,0.0004450228502994591,-0.6741250165097221,-0.0041353826537879335,-0.06931430886776754,-0.01308713308132095,1.005859375,-0.2717261107526239,0.0004450228502994591,-0.6741250165097221,-0.0041353826537879335,-0.06931430886776754,-0.01308713308132095,-1.0,-0.0749915492483295,-0.0031532351097596566,0.898404150188853,0.0676878770298343,0.1869358244704796,0.9024998346667837,0.0,0.0,0.0,0,0.0349
36,0,0.0,0.0036844079816709136,0.03825599006139743,0.9992972026065089,0.9993789325403014,-0.024355665110136593,0.014052453474961951,0.02123862808619447,0.039729839578135494,-0.03978182338750737,0.03921221907561626,0.6727161354207495,0.026724719977241275,-1.7686615767370881,-0.09793461025139968,2.4634866839421345,0.9702006405143447,-0.2787111070328803,-0.015320358356086694,-0.6827976762780328,-0.004681290389344561,-0.06608354368177721,-0.013635991737557113,1.0029296875,-0.2787111070328803,-0.015320358356086694,-0.6827976762780328,-0.004681290389344561,-0.06608354368177721,-0.013635991737557113,-1.0,-0.0749915492483295,-0.0031532351097596566,0.898404150188853,0.0676878770298343,0.1869358244704796,0.9024998346667837,0.0,0.0,0.0,0,0.0345
37,0,0.0,0.0012677981633894748,0.038077153011618556,0.9913449291087262,0.9993193036944902,-0.025168309334029026,0.016283882209270087,0.021501642937698053,0.03973924934399244,-0.039793359032534836,0.040638840301704865,0.6809212451615588,0.024596263041901843,-1.7805706503380392,-0.10062618440086815,2.4879399421633837,0.9749405713612523,-0.2910375710568622,-0.022921524294880147,-0.6581490643049392,-0.006151537476551658,-0.05913037512931982,-0.014464315122427268,1.009765625,-0.2910375710568622,-0.022921524294880147,-0.6581490643049392,-0.006151537476551658,-0.05913037512931982,-0.014464315122427268,-1.0,-0.0749915492483295,-0.0031532351097596566,0.898404150188853,0.0676878770298343,0.1869358244704796,0.9024998346667837,0.0,0.0,0.0,0,0.0319
38,0,0.0,-0.0015969946191613069,0.03777318148268154,0.9832463013289668,0.9992477978879868,-0.026058567762272056,0.018674601401675678,0.021818540846603,0.039748210721350645,-0.03980444474118712,0.04206573098069286,0.6887450408966457,0.022267759027607123,-1.794021307139465,-0.10371975252562052,2.5138311679740157,0.9801484783803818,-0.2992552137395168,-0.020763168534482013,-0.649019948759349,-0.007030787103731367,-0.055127035659723156,-0.01825597171092108,1.0107421875,-0.2992552137395168,-0.020763168534482013,-0.649019948759349,-0.007030787103731367,-0.055127035659723156,-0.01825597171092108,-1.0,-0.0749915492483295,-0.0031532351097596566,0.898404150188853,0.0676878770298343,0.1869358244704796,0.9024998346667837,0.0,0.0,0.0,0,0.0335
39,0,0.0,-0.004844125850927303,0.03739220898493632,0.9751631146677834,0.9991640148525672,-0.027070798418795616,0.021159026553770246,0.022152627202286394,0.03975688728148252,-0.039814955295497625,0.043513369952449685,0.6961808968369352,0.019790046144062035,-1.8085771956908816,-0.10711533559027878,2.540617439163087,0.9858898806790455,-0.30521300468444135,-0.004622421108896102,-0.6166115885725036,-0.0026989528599339063,-0.04381935750875707,-0.015778554657084498,1.0107421875,-0.30521300468444135,-0.004622421108896102,-0.6166115885725036,-0.0026989528599339063,-0.04381935750875707,-0.015778554657084498,-1.0,-0.0749915492483295,-0.0031532351097596566,0.898404150188853,0.0676878770298343,0.1869358244704796,0.9024998346667837,0.0,0.0,0.0,0,0.0353
40,1,0.4685,-0.008473270891905495,0.03716857397190325,0.9671545480126603,0.9990779110619951,-0.02809964054518832,0.023561362122071813,0.022329353868457087,0.039765716783706065,-0.03982449021406359,0.04500275685101828,0.7032554354754967,0.017498626492041636,-1.8239106505614333,-0.11045371490499599,2.5676564473762777,0.9918787967869316,0.11836795540632805,0.22838615945930052,-0.06150430642845828,-0.0014153047664071244,-0.032265860267552626,0.0007853953400608349,0.99658203125,0.11836795540632805,0.22838615945930052,-0.06150430642845828,-0.0014153047664071244,-0.032265860267552626,0.0007853953400608349,-1.0,-0.0749915492483295,-0.0031532351097596566,0.898404150188853,0.0676878770298343,0.1869358244704796,0.9024998346667837,0.0,0.0,0.0,0,0.0351
41,0,0.0,-0.01045797870702933,0.038326090657308645,0.9620087521808403,0.9989650818714713,-0.02837167415798142,0.028163089407522716,0.02169455466288166,0.03977738915599631,-0.039830392523489064,0.04690474221203394,0.707462176157308,0.016814531159457538,-1.8362198012034,-0.11350136831495804,2.59356537871025,0.9974933333120403,0.1420065181856517,0.29247994138764455,-0.04983615562175081,-0.005410777717389265,-0.037076891033646864,0.0014601390091951993,0.9931640625,0.1420065181856517,0.29247994138764455,-0.04983615562175081,-0.005410777717389265,-0.037076891033646864,0.0014601390091951993,-1.0,-0.0749915492483295,-0.0031532351097596566,0.898404150188853,0.0676878770298343,0.1869358244704796,0.9024998346667837,0.0,0.0,0.0,0,0.0341
42,0,0.0,-0.01084473571204235,0.04075283713469194,0.9594730178133476,0.9988215190212962,-0.028015884213172304,0.033747281852660016,0.02077990229285545,0.03978705100790794,-0.03983754858020512,0.04948124669842194,0.7098665815514719,0.017309150578582636,-1.8442035958885856,-0.11702328599995793,2.6150001672605687,1.0035979490262525,0.14293100298745032,0.3092775796968299,-0.04726859187455357,-0.0031417983681288203,-0.04257855638660138,-0.0015208180962342221,0.96875,0.14293100298745032,0.3092775796968299,-0.04726859187455357,-0.0031417983681288203,-0.04257855638660138,-0.0015208180962342221,-1.0,-0.0749915492483295,-0.0031532351097596566,0.898404150188853,0.0676878770298343,0.1869358244704796,0.9024998346667837,0.0,0.0,0.0,0,0.0356
43,0,0.0,-0.010614000294694927,0.04376042783577167,0.9576324785476649,0.9986581129899261,-0.027665308172059477,0.038941908876078256,0.020003295134330242,0.039795933300738044,-0.03984476151235227,0.05262679228979795,0.7126448266682556,0.018167915043047708,-1.848926641773598,-0.12120626325118708,2.6326588733893415,1.0109739729205616,0.09138776527050319,0.32410454535521693,-0.07571149249628306,-0.0015636328499758212,-0.05367553246022025,-0.0022761281736234373,0.95556640625,0.09138776527050319,0.32410454535521693,-0.07571149249628306,-0.0015636328499758212,-0.05367553246022025,-0.0022761281736234373,-1.0,-0.0749915492483295,-0.0031532351097596566,0.898404150188853,0.0676878770298343,0.1869358244704796,0.9024998346667837,0.0,0.0,0.0,0,0.0473
44,0,0.0,-0.010114670182372582,0.04716718443666387,0.9560775992442709,0.9984821810387794,-0.027472406267980753,0.04364577633092577,0.019329957329467868,0.03980443472343158,-0.03985166420886682,0.05622373455290786,0.715820417887226,0.019222041887256312,-1.8516145623587523,-0.12587301160604317,2.647614855568853,1.0195655744588326,0.10623409238272086,0.3550722584391899,-0.09026102039706752,-0.0009646088151123999,-0.06538120342395323,-0.003514836700541729,0.96044921875,0.10623409238272086,0.3550722584391899,-0.09026102039706752,-0.0009646088151123999,-0.06538120342395323,-0.003514836700541729,-1.0,-0.0749915492483295,-0.0031532351097596566,0.898404150188853,0.0676878770298343,0.1869358244704796,0.9024998346667837,0.0,0.0,0.0,0,0.0599
45,0,0.0,-0.009291254613671666,0.05095277621116713,0.9546646638739904,0.9982791681657751,-0.02738354569257001,0.04837592303551439,0.018671205156928137,0.03981291045306379,-0.03985793140284959,0.06025717666974487,0.7196218795232379,0.020381351162747696,-1.8526774802139505,-0.1311335677102761,2.6616252864124275,1.0293488082784923,0.1371016127094422,0.39673790877035353,-0.0990477941096981,-0.0006143582768127903,-0.06350829606975597,-0.008227971583450372,0.95263671875,0.1371016127094422,0.39673790877035353,-0.0990477941096981,-0.0006143582768127903,-0.06350829606975597,-0.008227971583450372,-1.0,-0.0749915492483295,-0.0031532351097596566,0.898404150188853,0.0676878770298343,0.1869358244704796,0.9024998346667837,0.0,0.0,0.0,0,0.0605
46,0,0.0,-0.008131601779079534,0.05517201551645068,0.9531749448272128,0.9980420941013537,-0.02746027938722262,0.05325087318356184,0.01795148915681514,0.03982145792991944,-0.039863494067883545,0.06475980668772349,0.7245114933909214,0.021657544173782954,-1.8520596246691945,-0.1369797667606,2.6752617320218466,1.0405200319224561,0.19857985202905193,0.4551073558559027,-0.12386757699927153,-0.0003703906604799606,-0.053160482937816,-0.007432378301933745,0.9384765625,0.19857985202905193,0.4551073558559027,-0.12386757699927153,-0.0003703906604799606,-0.053160482937816,-0.007432378301933745,-1.0,-0.0749915492483295,-0.0031532351097596566,0.898404150188853,0.0676878770298343,0.1869358244704796,0.9024998346667837,0.0,0.0,0.0,0,0.0545
47,0,0.0,-0.006621866227202079,0.05998385041115013,0.9513177984218483,0.9977805167170017,-0.027615895177640404,0.05813162726140666,0.017091421983857966,0.03983047918209916,-0.039867977212834436,0.06979007944062736,0.7312943616991248,0.023216021259975406,-1.849122139558884,-0.1433535772771015,2.688443875274677,1.0529879490747518,0.23263170889530194,0.4819460405286793,-0.12078650050263484,-0.0001304489124034497,-0.043866180192612014,-0.005126164865638716,0.8828125,0.23263170889530194,0.4819460405286793,-0.12078650050263484,-0.0001304489124034497,-0.043866180192612014,-0.005126164865638716,-1.0,-0.0749915492483295,-0.0031532351097596566,0.898404150188853,0.0676878770298343,0.1869358244704796,0.9024998346667837,0.0,0.0,0.0,0,0.0526
48,1,0.48,-0.004769160841925642,0.06533826010375361,0.9491118953641573,0.9975112552564139,-0.02771968373143724,0.06277805388201602,0.01618118417755579,0.03983928302192381,-0.03987209795753039,0.07533481614160069,0.7399321269295177,0.024999454100717827,-1.843544251979404,-0.15026243030947148,2.7002999336497404,1.066407359191746,0.2521486102666066,0.28600487410645026,-0.15251017702356084,-4.026946346194493e-05,-0.03238291697718995,0.002144953479361389,0.939453125,0.2521486102666066,0.28600487410645026,-0.15251017702356084,-4.026946346194493e-05,-0.03238291697718995,0.002144953479361389,-1.0,-0.0749915492483295,-0.0031532351097596566,0.898404150188853,0.0676878770298343,0.1869358244704796,0.9024998346667837,0.0,0.0,0.0,0,0.0533
49,0,0.0,-0.0026899933768859408,0.07007811492872426,0.9465718445722598,0.9972502679851369,-0.02790005954328717,0.0668170048133841,0.015779022429169634,0.03984455591276189,-0.039879195851014924,0.08087359648883254,0.7500337993448358,0.02578629410180518,-1.8357002582381245,-0.15756470204499767,2.7099897401469444,1.0795281819823714,0.24660170145581473,0.3070253823816319,-0.1813810049364899,7.8896236925044e-05,-0.04639460512077834,-0.0006849416105901562,0.97705078125,0.24660170145581473,0.3070253823816319,-0.1813810049364899,7.8896236925044e-05,-0.04639460512077834,-0.0006849416105901562,-1.0,-0.0749915492483295,-0.0031532351097596566,0.898404150188853,0.0676878770298343,0.1869358244704796,0.9024998346667837,0.0,0.0,0.0,0,0.0625
50,0,0.0,-0.0002558536260802314,0.07421702987492834,0.9438326872163868,0.9969838364071235,-0.02805047851270981,0.07066474088506672,0.015585088828362025,0.039850848549818275,-0.039884744725487635,0.08617865225089277,0.7613720268629585,0.025918936907163022,-1.8258617786358002,-0.16451657333065867,2.7186128273281227,1.0915220360338964,0.30299527436553186,0.3477526171647962,-0.1705401802261015,0.0016409331203761784,-0.05702335435584788,-0.002618535408706546,0.97900390625,0.30299527436553186,0.3477526171647962,-0.1705401802261015,0.0016409331203761784,-0.05702335435584788,-0.002618535408706546,-1.0,-0.0749915492483295,-0.0031532351097596566,0.898404150188853,0.0676878770298343,0.1869358244704796,0.9024998346667837,0.0,0.0,0.0,0,0.0537
51,0,0.0,0.0027896041589559172,0.07846731744026035,0.9411539112122458,0.9966681688261563,-0.028171592239295384,0.07502950721314003,0.015149115049131563,0.03985779119147758,-0.03988913602157626,0.09150843770124216,0.7738780233523003,0.02603277845670816,-1.8138427317441062,-0.1711386898145107,2.7273738021204323,1.1031500411696724,0.29251777994514716,0.3841631404271646,-0.15935701368275346,0.001299539492240459,-0.055571851156345,-0.0037464651242744285,0.98974609375,0.29251777994514716,0.3841631404271646,-0.15935701368275346,0.001299539492240459,-0.055571851156345,-0.0037464651242744285,-1.0,-0.0749915492483295,-0.0031532351097596566,0.898404150188853,0.0676878770298343,0.1869358244704796,0.9024998346667837,0.0,0.0,0.0,0,0.0495
52,0,0.0,0.006124422982491863,0.08298684023783094,0.9385598602771991,0.9963290642351958,-0.02828848039102838,0.07947410660702484,0.014561044481761813,0.039864754046328714,-0.03989302100819968,0.09702888848899102,0.7869529640294171,0.026273404798452048,-1.8003556008487775,-0.17760949877693652,2.73534440550705,1.1148521042033162,0.28758719433555446,0.39054436615355903,-0.1840056256558471,0.0013542913005263751,-0.057280879117050015,-0.0022660573725915845,1.0048828125,0.28758719433555446,0.39054436615355903,-0.1840056256558471,0.0013542913005263751,-0.057280879117050015,-0.0022660573725915845,-1.0,-0.0749915492483295,-0.0031532351097596566,0.898404150188853,0.0676878770298343,0.1869358244704796,0.9024998346667837,0.0,0.0,0.0,0,0.0526
53,0,0.0,0.009517092271010302,0.08770247557274519,0.9359479274371719,0.9959852249688602,-0.028378510487500952,0.08374284170566541,0.013972410289518726,0.039871374901061275,-0.03989678271668567,0.10279594165667542,0.8004705487855714,0.026504623813379438,-1.785851443571888,-0.18414813734019794,2.74237408887463,1.1267416828775922,0.24372552651688562,0.40142998651034945,-0.2275971523860404,0.002006481958049783,-0.0464180164627058,0.00024157208434058552,1.0048828125,0.24372552651688562,0.40142998651034945,-0.2275971523860404,0.002006481958049783,-0.0464180164627058,0.00024157208434058552,-1.0,-0.0749915492483295,-0.0031532351097596566,0.898404150188853,0.0676878770298343,0.1869358244704796,0.9024998346667837,0.0,0.0,0.0,0,0.0536
54,0,0.0,0.012642599241540632,0.09261188314443472,0.9329606212210007,0.9956761207297755,-0.028357760956671363,0.08743349684151039,0.013426974048322785,0.03987798212893968,-0.03990011274643197,0.10878859587932448,0.8146305710161749,0.026822488078577997,-1.7708529693088118,-0.19067897306213566,2.748309037266093,1.1386337839227367,0.23273442942883504,0.4322100164847227,-0.25395747352393216,0.0024863654542028185,-0.051872859131805366,-0.0005137379930486019,0.9912109375,0.23273442942883504,0.4322100164847227,-0.25395747352393216,0.0024863654542028185,-0.051872859131805366,-0.0005137379930486019,-1.0,-0.0749915492483295,-0.0031532351097596566,0.898404150188853,0.0676878770298343,0.1869358244704796,0.9024998346667837,0.0,0.0,0.0,0,0.0512
55,0,0.0,0.015616878144201776,0.09776330823865116,0.9296723510408845,0.9953793003648657,-0.028257490765928373,0.09086626059143497,0.012840767379392885,0.039884632099167,-0.03990297383055191,0.11503893383256796,0.8294561397640028,0.027199664967928756,-1.7552627698541425,-0.1972674580798265,2.753862673533933,1.1506987743806645,0.22277053767611643,0.4308962347175238,-0.24391544642378293,0.003674801763467697,-0.04791634234606362,-0.0008964284322591498,0.98046875,0.22277053767611643,0.4308962347175238,-0.24391544642378293,0.003674801763467697,-0.04791634234606362,-0.0008964284322591498,-1.0,-0.0749915492483295,-0.0031532351097596566,0.898404150188853,0.0676878770298343,0.1869358244704796,0.9024998346667837,0.0,3.206070824514119,0.0,1,0.0542
56,1,0.476,0.01850257341304669,0.10305497435961139,0.926314002461334,0.9950782870707391,-0.02818693118918747,0.09420482015009583,0.012253626850322021,0.039890846633539125,-0.03982052286585092,0.12152412683188926,0.8444497745762178,0.0274952716482045,-1.7393369128640987,-0.20394251726552784,2.75901064813821,1.1630680215548737,-0.05539666713174163,0.20558266164292038,-0.26011962651720555,-0.015494772525812925,-0.026746636408152502,0.002769343143336489,0.95703125,-0.05539666713174163,0.20558266164292038,-0.26011962651720555,-0.015494772525812925,-0.026746636408152502,0.002769343143336489,-1.0,-0.0749915492483295,-0.0031532351097596566,0.898404150188853,0.06726181329834256,0.18677372079209756,0.9066823560644929,0.0,0.0,0.0,0,0.058
57,0,0.0,0.019828757706311824,0.1070729098137591,0.9229817700136893,0.9949565862679961,-0.028208885086747182,0.0953734185974475,0.013021569380582874,0.039892270468660604,-0.039797861636262324,0.12788181597715548,0.8560358150030944,0.026467387801342536,-1.7279191312393025,-0.21125129248432556,2.76019344650821,1.1752266471719197,0.059958492026022214,0.23636269161729362,-0.28705051737669673,-0.016924760930456847,-0.04534109473404235,0.0023463694999985296,0.92236328125,0.059958492026022214,0.23636269161729362,-0.28705051737669673,-0.016924760930456847,-0.04534109473404235,0.0023463694999985296,-1.0,-0.0749915492483295,-0.0031532351097596566,0.898404150188853,0.06621265824674484,0.18662139342690204,0.9109510324587009,0.0,0.0,0.0,0,0.0545
58,0,0.0,0.020803043880743034,0.11023598196451717,0.9199499063097174,0.9948162747607432,-0.02807249596172201,0.09668412345178948,0.014307156041459823,0.03989613139322418,-0.039794625320308794,0.13407541522368555,0.8661832543560254,0.024415936628400043,-1.7185239319839454,-0.2191780438022659,2.76246932108213,1.186991375277752,0.032429389039129286,0.22557091281530295,-0.2514469667488949,-0.008435009951534844,-0.05369894380214771,-0.0010374196467051178,1.021484375,0.032429389039129286,0.22557091281530295,-0.2514469667488949,-0.008435009951534844,-0.05369894380214771,-0.0010374196467051178,-1.0,-0.0749915492483295,-0.0031532351097596566,0.898404150188853,0.06435292880794793,0.1864838236683196,0.9157860240702502,0.0,1.6673163505485928,0.0,1,0.0667
59,0,0.0,0.022081871701380946,0.11310028532922463,0.9171594797209822,0.9945764799727751,-0.02800768195877873,0.09897395304320612,0.015406227807608686,0.03990102081466042,-0.038567578507708866,0.14006641349921162,0.876009584245789,0.0218805932939102,-1.7095850726906396,-0.22708736881143604,2.76678470278188,1.1986138423079207,0.06442683523471571,0.23382896963769573,-0.27312861616967166,-0.006399530961140806,-0.0477992856364263,-0.0008158620240042991,1.021484375,0.06442683523471571,0.23382896963769573,-0.27312861616967166,-0.006399530961140806,-0.0477992856364263,-0.0008158620240042991,-1.0,-0.0749915492483295,-0.0031532351097596566,0.898404150188853,0.06463882201621607,0.18648083013731895,0.9158611045029319,0.0,11.947759588162807,0.0,3,0.0823
60,0,0.0,0.02311444864163205,0.11578430354978066,0.9147341336044892,0.9943270264903917,-0.02776874369186222,0.10137846557532997,0.016280908517096196,0.039906988491862805,-0.03622269070922327,0.14566443774708485,0.8844278426840622,0.019484183163508587,-1.702418619747078,-0.2344006372626372,2.7717928186881147,1.2091138645032289,0.08397583677274945,0.22181725062330626,-0.3352066018796851,-0.0008925457733243297,-0.04276584712202111,0.0008760325493475385,1.03515625,0.08397583677274945,0.22181725062330626,-0.3352066018796851,-0.0008925457733243297,-0.04276584712202111,0.0008760325493475385,-1.0,-0.0749915492483295,-0.0031532351097596566,0.898404150188853,0.06516158342951847,0.18652676122021578,0.9148548433935388,0.0,28.85741266394363,0.0,3,0.0653
61,0,0.0,0.023894620418451015,0.11866511690549639,0.9124328796767548,0.9940949586346337,-0.026973649146335044,0.10377097102732921,0.01670990846714183,0.03991060065673599,-0.03359169157526956,0.15086793177202337,0.8921522819476702,0.01772070299876359,-1.6963723930047874,-0.2409201335104441,2.777473299568852,1.2178806233128312,0.11107479752547211,0.22960609967169943,-0.36715850628925095,-0.0006803825162163962,-0.02606770749225598,0.00141985580506776,1.0341796875,0.11107479752547211,0.22960609967169943,-0.36715850628925095,-0.0006803825162163962,-0.02606770749225598,0.00141985580506776,-1.0,-0.0749915492483295,-0.0031532351097596566,0.898404150188853,0.06527370095507867,0.1866723676558021,0.9139493453147626,0.0,45.71457401812451,0.0,4,0.068
62,0,0.0,0.024624848899844308,0.12214154267395891,0.9110379479464774,0.9938799514685147,-0.02546987706233861,0.10621846012946544,0.016479264519287936,0.039915751688406484,-0.03021984813911253,0.15568941629586747,0.8977336576835858,0.017280137992935228,-1.6914589661012864,-0.24625440349983613,2.7825621538135215,1.2244239678723106,0.0716301126487301,0.2284800010141005,-0.35323660508222576,-0.0007125894622669326,-0.0232349351190326,0.0026082103268267876,1.02734375,0.0716301126487301,0.2284800010141005,-0.35323660508222576,-0.0007125894622669326,-0.0232349351190326,0.0026082103268267876,-1.0,-0.0749915492483295,-0.0031532351097596566,0.898404150188853,0.06531149048589073,0.1868512262861363,0.913399198172568,0.0,53.10803097913875,41.39927597842954,7,0.063
63,0,0.0,0.025244571855234054,0.12572642101892614,0.9110958645470886,0.9937067674900666,-0.02355012125716971,0.10831970936406765,0.01609635351556004,0.03991773792971866,-0.0267160696696044,0.1600548452661332,0.8999581136928596,0.0175224541493969,-1.6882706412574127,-0.2504763891064211,2.785398497170494,1.2289994596472193,-0.019341759861594587,0.1749903147781472,-0.32607748633409495,-0.0012945287187176163,-0.030229073519863064,0.001621271825704873,0.9912109375,-0.019341759861594587,0.1749903147781472,-0.32607748633409495,-0.0012945287187176163,-0.030229073519863064,0.001621271825704873,-1.0,-0.0749915492483295,-0.0031532351097596566,0.898404150188853,0.065304355717563,0.1870487897324699,0.9136190011190224,0.0,52.380229531431716,31.79063767382137,7,0.0636
64,1,0.4861,0.02572768415523401,0.12803978715343722,0.9112290663579503,0.9935631191950816,-0.02216612058820816,0.10989820871620617,0.016228832193864205,0.03991798217793347,-0.024526354112777607,0.16365777275139082,0.9013268553706236,0.016804270269700942,-1.6860769566912117,-0.2538737425400682,2.787258205104249,1.2326083780315957,0.022362776752877456,0.07523674202583419,-0.22132088544844708,-1.3698732970246486e-05,-0.002709041084126812,0.0015809886215774616,0.94873046875,0.022362776752877456,0.07523674202583419,-0.22132088544844708,-1.3698732970246486e-05,-0.002709041084126812,0.0015809886215774616,-1.0,-0.0749915492483295,-0.0031532351097596566,0.898404150188853,0.06533247052148668,0.1872178642109772,0.9137866392898492,0.0,50.929214356355814,17.316471764708844,7,0.0701
65,0,0.0,0.02610413280706934,0.1290187974830443,0.9113651368511546,0.9934566241540719,-0.021358816918265022,0.11093877121328034,0.01674293600100155,0.03991788999926009,-0.023719836173801648,0.1662400811224047,0.9020449334725713,0.015324136991745625,-1.6847503161391688,-0.2559372629479586,2.788245387650002,1.2347074259032595,0.03191578637146342,0.12025722794109495,-0.2541857014125719,0.00034299319453946764,0.007264190576973695,6.029766576717832e-05,0.9423828125,0.03191578637146342,0.12025722794109495,-0.2541857014125719,0.00034299319453946764,0.007264190576973695,6.029766576717832e-05,-1.0,-0.0749915492483295,-0.0031532351097596566,0.898404150188853,0.06540644536407715,0.18736230177353422,0.9138518584528562,0.0,52.04022536149798,0.0,6,0.0709
66,0,0.0,0.026470564810885878,0.12959610290378348,0.9113602918058757,0.993406858622116,-0.02068111295333458,0.11147204864757024,0.01700256392027096,0.03992025254544376,-0.023271004828953598,0.16788392134779023,0.903006199533374,0.01439505372169109,-1.6831260482075956,-0.256206416079142,2.788475376420164,1.2346911249046775,-0.01245948411487141,0.08978218301982155,-0.22622778505420182,-0.000517737438661181,0.008118704557326217,-0.00017133075796549324,0.99951171875,-0.01245948411487141,0.08978218301982155,-0.22622778505420182,-0.000517737438661181,0.008118704557326217,-0.00017133075796549324,-1.0,-0.0749915492483295,-0.0031532351097596566,0.898404150188853,0.0655023116216669,0.18748888205650954,0.9137825838707859,0.0,51.398174104985294,13.921285551214433,7,0.0589
67,0,0.0,0.026812350737375028,0.12987565757274003,0.9113966248669259,0.9934016133428044,-0.02009299474061571,0.11160187399311759,0.017161814924115407,0.039921418621851945,-0.023140692414998873,0.1688016316068744,0.9037455120626926,0.013823157754538743,-1.681519731793453,-0.2555076505534257,2.787815405132242,1.233410551919537,-0.011124117178940018,0.07948307238053054,-0.21755512528589116,-0.0009376354977950752,0.006234091532165198,0.001883112652533131,1.0078125,-0.011124117178940018,0.07948307238053054,-0.21755512528589116,-0.0009376354977950752,0.006234091532165198,0.001883112652533131,-1.0,-0.0749915492483295,-0.0031532351097596566,0.898404150188853,0.06561461669747684,0.18761156517894076,0.9137266483499906,0.0,51.22007481646854,0.0,6,0.0549
68,0,0.0,0.027150019540201364,0.12987956734373907,0.9114848740738896,0.9934197550378847,-0.019511089180355046,0.11152581422598609,0.0172771658756633,0.03992306522596294,-0.023268361629303937,0.16917034640169448,0.9042837040094879,0.013472049729667904,-1.6800226677054515,-0.25426354683396124,2.786763364369681,1.2311647837051798,0.017791713010650856,0.105312960339208,-0.21629987189837252,-0.0012415885511470326,0.005800981706507086,0.0033131663990567106,1.001953125,0.017791713010650856,0.105312960339208,-0.21629987189837252,-0.0012415885511470326,0.005800981706507086,0.0033131663990567106,-1.0,-0.0749915492483295,-0.0031532351097596566,0.898404150188853,0.06573647846320277,0.18773066458152057,0.913685039529171,0.0,51.520355118035624,0.0,6,0.041
69,0,0.0,0.02753566581543638,0.12988022889654866,0.9115034981252201,0.9934453844900158,-0.0187301554631627,0.11143661392624228,0.017243270816838994,0.03992514535607307,-0.02339103591019044,0.1692145000241141,0.9051133166813388,0.013442198527685743,-1.678252823699123,-0.2527403228364667,2.78582465639056,1.2281083933945263,0.03823309918375417,0.1097425749806229,-0.2109365165153383,-0.0038664546542659384,0.0048411166874809675,0.002507502316508231,1.0068359375,0.03823309918375417,0.1097425749806229,-0.2109365165153383,-0.0038664546542659384,0.0048411166874809675,0.002507502316508231,-1.0,-0.0749915492483295,-0.0031532351097596566,0.898404150188853,0.06586397783441998,0.18786659620130647,0.9135893416444504,0.0,51.323245494992904,0.0,6,0.0443
70,0,0.0,0.027974117715257023,0.12992130147574565,0.9114357675271699,0.9934741017702233,-0.017756649799524682,0.11135128068349716,0.017169822069227226,0.039926992045538984,-0.023480141004179545,0.16917550623800398,0.906267982072277,0.013534178014987961,-1.676123757210813,-0.25120632160986334,2.7848836059847137,1.2246404233220587,0.0021781919136071304,0.0747206134744347,-0.20500259141070465,-0.005104811729909148,0.002769212926900244,0.003152033582547009,1.0087890625,0.0021781919136071304,0.0747206134744347,-0.20500259141070465,-0.005104811729909148,0.002769212926900244,0.003152033582547009,-1.0,-0.0749915492483295,-0.0031532351097596566,0.898404150188853,0.06599704385381824,0.18801882907625203,0.9134374126652849,0.0,53.04443596725391,0.0,6,0.0423
71,0,0.0,0.02838359738994929,0.12980997774647393,0.9115088529203053,0.9935104063018916,-0.01674716851486624,0.11117140045951615,0.017248902470989654,0.03992827547725931,-0.023722900060045148,0.16905429877361158,0.9069501633672619,0.013516052046920515,-1.674304688713053,-0.24982560347309646,2.7835163820775226,1.2210854327403973,-0.040194028168830664,0.05351242208965323,-0.25190342252617437,-0.0030991241646118606,-0.0008712507428207394,0.0033131663990567106,0.98828125,-0.040194028168830664,0.05351242208965323,-0.25190342252617437,-0.0030991241646118606,-0.0008712507428207394,0.0033131663990567106,-1.0,-0.0749915492483295,-0.0031532351097596566,0.898404150188853,0.06612279778790285,0.1881736581783026,0.9133565056318551,0.0,51.26439715927771,0.0,6,0.0463
72,1,0.4663,0.028741626430269694,0.1295044638730672,0.9116283015709205,0.9935455186037907,-0.01582591070432454,0.1109713316538664,0.017384089382815472,0.039929643553553724,-0.024150256010421808,0.16876829899611256,0.907367938969412,0.013396909093885342,-1.6729010776545694,-0.24847139871473214,2.7822662590082463,1.2175367119291838,0.027036561028637274,0.07678512768003287,-0.22839594999627955,-0.00017151276861789022,-0.0022525199165412124,0.0015407054174500223,0.96142578125,0.027036561028637274,0.07678512768003287,-0.22839594999627955,-0.00017151276861789022,-0.0022525199165412124,0.0015407054174500223,-1.0,-0.0749915492483295,-0.0031532351097596566,0.898404150188853,0.0662343408248326,0.1883174040945571,0.9132940312904362,0.0,50.678273989658706,0.0,6,0.0437
73,0,0.0,0.02916054085794449,0.12930408527511109,0.9116030142222842,0.9935586439345759,-0.014891555498962428,0.11099706254359501,0.01729493406750412,0.03993163359929731,-0.024462076042200253,0.16839677090094807,0.9082742610027391,0.013453657415992557,-1.6712811496887294,-0.24702085974904772,2.781864975673339,1.2139276240638905,0.025752554359472435,0.11598157210052362,-0.26582532373319945,0.00043639333808602465,0.01232104043330634,0.00010058086989461756,0.9609375,0.025752554359472435,0.11598157210052362,-0.26582532373319945,0.00043639333808602465,0.01232104043330634,0.00010058086989461756,-1.0,-0.0749915492483295,-0.0031532351097596566,0.898404150188853,0.06636019047768703,0.18846017714118732,0.9131826149467253,0.0,52.68318643476247,0.0,6,0.0421
74,0,0.0,0.02958571735247881,0.12942504923112064,0.9113996856639154,0.9935795911830687,-0.013912664973395772,0.11099219729410666,0.016934163033603396,0.03993388186267705,-0.02443903398459903,0.1680108653173179,0.9097169246548953,0.01399391285884989,-1.669164720611612,-0.24524798084534072,2.7815114104126715,1.210178771822777,-0.02838116681251468,0.07350067326203569,-0.22063620178252785,-0.00035509236110596587,0.013117026058840187,0.000261713686404319,1.0078125,-0.02838116681251468,0.07350067326203569,-0.22063620178252785,-0.00035509236110596587,0.013117026058840187,0.000261713686404319,-1.0,-0.0749915492483295,-0.0031532351097596566,0.898404150188853,0.0664813179808015,0.1886027756052369,0.9129727677655723,0.0,53.720354683607,13.022637912272364,7,0.042
75,0,0.0,0.029932389133014173,0.1294631646711734,0.9115913786497489,0.9936358442835582,-0.013058563126936262,0.11063092511104439,0.016675769638418856,0.0399345495579156,-0.024505798975922657,0.16748451775204878,0.9100768966345985,0.014634238891656994,-1.6675185291398653,-0.24315009627686981,2.7797698898369636,1.2062384222699603,-0.0051663262340154725,0.07462677191963474,-0.1964440455867138,-0.0006819928635189293,0.009628736111647773,0.0022859446938073846,1.009765625,-0.0051663262340154725,0.07462677191963474,-0.1964440455867138,-0.0006819928635189293,0.009628736111647773,0.0022859446938073846,-1.0,-0.0749915492483295,-0.0031532351097596566,0.898404150188853,0.06659393436418425,0.18873147036560695,0.912982346486285,0.0,50.90138219055628,0.0,6,0.0409
76,0,0.0,0.030283803601464668,0.1292519505660155,0.9118576035763141,0.9937018595025242,-0.0123044557656114,0.1101434082509857,0.016542200832835346,0.03993575843192469,-0.02482328864676802,0.16680445895426801,0.9102378770547807,0.015129035040556345,-1.6659404010093086,-0.24092408072993818,2.7776503917696265,1.2020892077697771,0.033713395708294125,0.10805709267995867,-0.1954170200878349,-0.0010113088868856784,0.007767534428414213,0.00361529043001238,1.005859375,0.033713395708294125,0.10805709267995867,-0.1954170200878349,-0.0010113088868856784,0.007767534428414213,0.00361529043001238,-1.0,-0.0749915492483295,-0.0031532351097596566,0.898404150188853,0.06671394694851103,0.1888520677178918,0.9130297748263504,0.0,48.48299111511021,0.0,5,0.0395
77,0,0.0,0.030708532324355085,0.12915831963690938,0.9119493423808233,0.9937587418900633,-0.011352129643148967,0.10976633147643453,0.016310871952424248,0.03993751589392356,-0.025030602086493027,0.166119292335299,0.9110293576268734,0.015763096869141322,-1.663843514937109,-0.23876149476063088,2.7759196504143975,1.1976800765877895,0.057082317087093104,0.11196984563282719,-0.1813810049364899,-0.004765028449075975,0.00456018058435137,0.004179255287796335,1.009765625,0.057082317087093104,0.11196984563282719,-0.1813810049364899,-0.004765028449075975,0.00456018058435137,0.004179255287796335,-1.0,-0.0749915492483295,-0.0031532351097596566,0.898404150188853,0.0668376574104668,0.1889905510264503,0.9129885403324421,0.0,48.88697927272201,0.0,5,0.0393
78,0,0.0,0.031208562142195764,0.12916079412401218,0.9119114785326501,0.9938044842854548,-0.010177519937772883,0.10949581001497466,0.016116224471036816,0.03993888569539791,-0.025155522673874633,0.16554535796727704,0.9122921055130999,0.01637253319682068,-1.6612747671239665,-0.23698816782929358,2.774358869496636,1.193280585107545,0.0058247708540350995,0.06683792287124157,-0.1907383483707199,-0.0051821084004304435,0.002605333533407972,0.005689875442574738,1.0107421875,0.0058247708540350995,0.06683792287124157,-0.1907383483707199,-0.0051821084004304435,0.002605333533407972,0.005689875442574738,-1.0,-0.0749915492483295,-0.0031532351097596566,0.898404150188853,0.06697811028692834,0.18915255399456063,0.9128675226736142,0.0,49.86627234247515,0.0,5,0.0396
79,0,0.0,0.03166166825274755,0.12899965788318352,0.9119872058536942,0.993851292524712,-0.008966619845693413,0.10917007201219907,0.016158695874104973,0.03993963922098541,-0.025442848344308065,0.16502741663418252,0.913099554053165,0.016704796327407092,-1.6590928767506985,-0.23562261387563482,2.7724911101657916,1.189094656743261,-0.04337836470835932,0.039248505760065666,-0.24208962331466488,-0.0022782496271487457,0.0012474757016149307,0.0058912914632118785,0.99658203125,-0.04337836470835932,0.039248505760065666,-0.24208962331466488,-0.0022782496271487457,0.0012474757016149307,0.0058912914632118785,-1.0,-0.0749915492483295,-0.0031532351097596566,0.898404150188853,0.06710158605968466,0.1893192891279533,0.9127731243317592,0.0,48.60329455305237,0.0,5,0.05
80,1,0.4609,0.03203708817522641,0.12864287316847328,0.9120987215911215,0.9938955531883743,-0.00790893991710545,0.10883251610090668,0.016265345397754347,0.039940544404291276,-0.025909395948009954,0.16442086550911,0.9136011808715696,0.016858926365262376,-1.6574439901169864,-0.23426133011714653,2.7708252619497906,1.185074026099134,0.06399027296719961,0.09273819199601896,-0.2328463938247548,0.0002254378414549979,-0.001199009529805256,0.00110766097308021,0.95068359375,0.06399027296719961,0.09273819199601896,-0.2328463938247548,0.0002254378414549979,-0.001199009529805256,0.00110766097308021,-1.0,-0.0749915492483295,-0.0031532351097596566,0.898404150188853,0.06720252891428939,0.18946878951479879,0.9126805891855576,0.0,47.636001824198814,0.0,4,0.0417
81,0,0.0,0.032538953358888754,0.12853735851926115,0.9119003336285318,0.9939062695766394,-0.006840279966209617,0.10884075104232747,0.016038353368532394,0.039942504073605806,-0.026123477554144153,0.16382029699959139,0.9151952190713698,0.017276831058286545,-1.6550837176306141,-0.23278748395692905,2.7703995206916017,1.18112204398311,0.06835589564235989,0.11874989796712121,-0.2427743069805841,0.0004074070866405405,0.016605316006032628,0.0011982981823669137,0.9296875,0.06835589564235989,0.11874989796712121,-0.2427743069805841,0.0004074070866405405,0.016605316006032628,0.0011982981823669137,-1.0,-0.0749915492483295,-0.0031532351097596566,0.898404150188853,0.06734712152810074,0.18962077074553133,0.9124698354912282,0.0,52.36073436340567,0.0,5,0.0408
82,0,0.0,0.03306727893345461,0.12873210294275048,0.9114366577454128,0.9939279476697159,-0.005710035341603359,0.10876976233848105,0.015613107899869944,0.03994397545981817,-0.026056691193843236,0.16324612729995167,0.9175542582719567,0.01809242350011649,-1.6519590078605495,-0.2310994588730371,2.769814914341738,1.177078967882865,-0.009891470776541844,0.07971767626753035,-0.21299056751309609,-0.0003486509718958475,0.018712336779504568,0.002406794306189647,1.0029296875,-0.009891470776541844,0.07971767626753035,-0.21299056751309609,-0.0003486509718958475,0.018712336779504568,0.002406794306189647,-1.0,-0.0749915492483295,-0.0031532351097596566,0.898404150188853,0.06749964047052458,0.18978293169174026,0.9120922523959214,0.0,57.003798510115516,18.917185159093943,7,0.0396
83,0,0.0,0.03346529125693423,0.12891413674892707,0.911544080855974,0.9940015330884343,-0.004639528872858012,0.10819168954914857,0.015296578119936864,0.03994462096384052,-0.025971491181631307,0.16254802373067165,0.9183323040973075,0.019165284673119433,-1.6495234087752568,-0.22901871915044597,2.767262954955229,1.1727074371845674,-0.00408776063191707,0.0804449483172297,-0.1948464503662355,-0.0007335239771997931,0.014732408651835338,0.004199396889860041,1.0087890625,-0.00408776063191707,0.0804449483172297,-0.1948464503662355,-0.0007335239771997931,0.014732408651835338,0.004199396889860041,-1.0,-0.0749915492483295,-0.0031532351097596566,0.898404150188853,0.06761963673434604,0.18992688300323918,0.9120454506346103,0.0,54.00957873441908,0.0,6,0.0405
84,0,0.0,0.033840855715093446,0.12889521433423026,0.9118563274269573,0.9940927685516443,-0.0036948842584509367,0.10741527533353726,0.015095494979075405,0.03994540382946331,-0.026081695653353845,0.16171824273388,0.9186221677065637,0.020148934623736098,-1.6472857438826574,-0.2267525576365832,2.7640310044453464,1.168181488745281,0.013580171135790353,0.10416486756720267,-0.21584341612109303,-0.0010229839048290085,0.011010005285368246,0.007522761230372571,1.009765625,0.013580171135790353,0.10416486756720267,-0.21584341612109303,-0.0010229839048290085,0.011010005285368246,0.007522761230372571,-1.0,-0.0749915492483295,-0.0031532351097596566,0.898404150188853,0.06774570999068191,0.19006094008918215,0.9121107545491032,0.0,51.21328521460442,0.0,5,0.0385
85,0,0.0,0.034272065605127314,0.12891545922227626,0.9119659914471103,0.9941735982557652,-0.002571027466339637,0.10673245222354666,0.014846884902195143,0.03994663156272798,-0.026163425693970083,0.1608786026207785,0.9195480540124589,0.021165983528630306,-1.644604007560098,-0.2245719442400443,2.7612224250729214,1.1633867666217643,0.05674847535311023,0.09994053132691261,-0.19575936192079446,-0.00478274226940377,0.0027223902430452973,0.009315363814042937,1.0166015625,0.05674847535311023,0.09994053132691261,-0.19575936192079446,-0.00478274226940377,0.0027223902430452973,0.009315363814042937,-1.0,-0.0749915492483295,-0.0031532351097596566,0.898404150188853,0.06787682315974176,0.19021186370648116,0.9120492418555396,0.0,51.49238707560202,0.0,5,0.0423
86,0,0.0,0.03481257386259255,0.12896399109097206,0.9119056603188053,0.9942266017564323,-0.0011252768861053641,0.10628905447407982,0.014657251133507358,0.039947557853553466,-0.026237662148598836,0.16014156272945151,0.9210602421323875,0.022035646203524634,-1.6414744069097091,-0.2228895501479863,2.759005589075107,1.1584385937129653,0.028063766363969123,0.05712532194945008,-0.1995251220833505,-0.003118448332242174,0.001411355095107203,0.009839045467699453,1.0146484375,0.028063766363969123,0.05712532194945008,-0.1995251220833505,-0.003118448332242174,0.001411355095107203,0.009839045467699453,-1.0,-0.0749915492483295,-0.0031532351097596566,0.898404150188853,0.0680319216435382,0.19039338470249026,0.9118891192061489,0.0,52.99802906124224,0.0,5,0.0387
87,0,0.0,0.035340093612390155,0.12887900113349213,0.9118908599165036,0.9942656312955522,0.00044358287603118995,0.10593169283062194,0.014633321999018716,0.039948104690351864,-0.026448409707207673,0.15945065416256243,0.9223310320130541,0.022645462899302835,-1.6386783338663848,-0.22159983702257324,2.756962300016203,1.1535567484573104,-0.022731537468189678,0.05036873000385589,-0.2172127834529315,-0.0012224656769295322,-0.0010234244653492541,0.007281062005608019,0.99755859375,-0.022731537468189678,0.05036873000385589,-0.2172127834529315,-0.0012224656769295322,-0.0010234244653492541,0.007281062005608019,-1.0,-0.0749915492483295,-0.0031532351097596566,0.898404150188853,0.06817317123090418,0.190584142804379,0.9117511279851911,0.0,53.28466452721249,0.0,5,0.0405
88,1,0.4579,0.0357886433998047,0.12865257621870715,0.9120318052425952,0.9942984799274859,0.0018212110000878634,0.10560963908809703,0.014622589923287129,0.039948774301287834,-0.02677507230466736,0.15869519570909885,0.9229818682681294,0.023129113057125956,-1.6366324867427018,-0.2202594147971289,2.75512750543004,1.1489320493968527,0.03443243944302643,0.06526607682834296,-0.17590353560913574,5.79617219921974e-05,0.000521724101863491,-1.2714042393890956e-07,0.96826171875,0.03443243944302643,0.06526607682834296,-0.17590353560913574,5.79617219921974e-05,0.000521724101863491,-1.2714042393890956e-07,-1.0,-0.0749915492483295,-0.0031532351097596566,0.898404150188853,0.06828591604047707,0.19075431687298178,0.9116677257363591,0.0,44.66789326799903,0.0,4,0.04
89,0,0.0,0.036288382654535545,0.12844202968045443,0.9123017527038851,0.994309816618646,0.0029269017552930876,0.10549982278124571,0.01446406633812775,0.03994970914908168,-0.027069096562001606,0.1579089732576964,0.9234339002193747,0.023629536987133125,-1.634790348511622,-0.21875530717916944,2.75377305528361,1.1447123407932744,0.03171034530439709,0.07523674202583419,-0.16300865990098956,0.0006199729305741003,0.017635415050841124,-0.0005741627992397469,0.9814453125,0.03171034530439709,0.07523674202583419,-0.16300865990098956,0.0006199729305741003,0.017635415050841124,-0.0005741627992397469,-1.0,-0.0749915492483295,-0.0031532351097596566,0.898404150188853,0.06841991737674323,0.19090395230627832,0.9116437984732846,0.0,42.38937935586083,0.0,4,0.0379
90,0,0.0,0.03673211971569726,0.12831757781470063,0.9125023540093453,0.9943414511874828,0.0038094015039428775,0.10520980150679422,0.014193821805682124,0.03995067237759691,-0.02728047864876827,0.15708458940640765,0.9239969625318868,0.024336016239827563,-1.6328112025598798,-0.2169050574337156,2.7520262818377743,1.1406799746129759,-0.016054702788532826,0.0739698810360353,-0.17019783839314184,-0.00031000263663520655,0.01634779124483049,0.0004933421101369906,1.0048828125,-0.016054702788532826,0.0739698810360353,-0.17019783839314184,-0.00031000263663520655,0.01634779124483049,0.0004933421101369906,-1.0,-0.0749915492483295,-0.0031532351097596566,0.898404150188853,0.06854693565598136,0.1910320724108023,0.9116356835647403,0.0,40.34494503817844,0.0,4,0.0373
91,0,0.0,0.037112709716948,0.1281599854643866,0.9127824640952875,0.9944070097354303,0.00452985666655259,0.10459303624104324,0.013945470859709874,0.039951285531679814,-0.027519596039741644,0.15617884936711116,0.9242895659172872,0.025147934352984565,-1.630810766948797,-0.21474611231183102,2.749334710012811,1.1366100734071036,-0.003214636096884993,0.07204612916263697,-0.1866302463752043,-0.0008965716415806346,0.014006657052083898,0.003293024796993005,1.009765625,-0.003214636096884993,0.07204612916263697,-0.1866302463752043,-0.0008965716415806346,0.014006657052083898,0.003293024796993005,-1.0,-0.0749915492483295,-0.0031532351097596566,0.898404150188853,0.06866181233657578,0.19114298886466238,0.9116524091385833,0.0,37.03312287941229,0.0,4,0.0398
92,0,0.0,0.03750169629508909,0.12794952796969053,0.9129701599121134,0.9944783456782624,0.005292350076042562,0.10390460593973219,0.013734768735093512,0.039952026106481325,-0.027820534518330334,0.15523848976563878,0.9248642032820409,0.02592765232240241,-1.628553764455091,-0.2125861623301775,2.7465412922193417,1.1323755921140246,0.015377780472621061,0.07751239972973223,-0.2141317069562948,-0.001115578874724299,0.009909672214777343,0.006958796372588616,1.0107421875,0.015377780472621061,0.07751239972973223,-0.2141317069562948,-0.001115578874724299,0.009909672214777343,0.006958796372588616,-1.0,-0.0749915492483295,-0.0031532351097596566,0.898404150188853,0.068780775790042,0.19125720400358245,0.9116322773762898,0.0,36.27614794008403,0.0,4,0.0379
93,0,0.0,0.03795484273289207,0.1278117051715587,0.9128391828971902,0.9945352690407201,0.006316938054949095,0.10333336351051234,0.013487435386882438,0.03995299433027059,-0.028072486188112197,0.1543305877023937,0.9263446051211452,0.026731558735570978,-1.625679525301772,-0.21060753220156592,2.7443006396332206,1.1278322445254458,0.08331457333812953,0.0804449483172297,-0.18788549976272295,-0.0028060409555519528,0.0030969717138847608,0.007724177251009684,1.0166015625,0.08331457333812953,0.0804449483172297,-0.18788549976272295,-0.0028060409555519528,0.0030969717138847608,0.007724177251009684,-1.0,-0.0749915492483295,-0.0031532351097596566,0.898404150188853,0.06890599557351884,0.19139200441470317,0.9114790787861005,0.0,38.57241136894121,0.0,4,0.0411
94,0,0.0,0.03858066466450889,0.12778234971930896,0.9125403541531868,0.9945556248510905,0.007688338322419164,0.1030776346366251,0.013228747809771294,0.039953905542060957,-0.02824590131739567,0.15352656362779657,0.9285706094329556,0.02749710495299592,-1.6220999818627129,-0.20902871635284095,2.7427401472556205,1.1230438735625516,0.08725647381246548,0.1003393579348123,-0.17076840811474125,-0.0008752345398221617,0.0021019896819674533,0.011551081643114997,1.009765625,0.08725647381246548,0.1003393579348123,-0.17076840811474125,-0.0008752345398221617,0.0021019896819674533,0.011551081643114997,-1.0,-0.0749915492483295,-0.0031532351097596566,0.898404150188853,0.06907695233325405,0.19156301418802613,0.9112704233578915,0.0,42.06570826189674,0.0,4,0.0403
95,0,0.0,0.039296024689427354,0.12791516404810369,0.9123213243753011,0.994551981897517,0.009390282216472756,0.10300539541094683,0.012964043344938392,0.03995487872315208,-0.02827864057318647,0.15283006224691087,0.9308134805961017,0.028358448213189755,-1.6183177940784723,-0.2077488878225249,2.741329086433008,1.118016845752637,0.04003070852058488,0.0854185507216253,-0.17133897783634067,-0.0006449548755608076,7.6908605241649e-05,0.002708918337145344,0.99462890625,0.04003070852058488,0.0854185507216253,-0.17133897783634067,-0.0006449548755608076,7.6908605241649e-05,0.002708918337145344,-1.0,-0.0749915492483295,-0.0031532351097596566,0.898404150188853,0.06927833488623172,0.191776679890317,0.911097836454361,0.0,43.258932498747434,0.0,4,0.0413
96,1,0.4537,0.039912689949476075,0.1280119191735092,0.9123245457413848,0.9945588250643502,0.010948817744549644,0.10281037778464104,0.012762957979813527,0.03995534472579315,-0.02830726240835644,0.15216527464186339,0.9323090137233351,0.02917282117583707,-1.6151546710441869,-0.206481601166073,2.7394817995080314,1.1133433182379582,0.009676790861529394,0.06545375993794278,-0.19108069020367946,-5.8788457441005804e-05,0.0010250679533040097,0.0013997142030040544,0.9892578125,0.009676790861529394,0.06545375993794278,-0.19108069020367946,-5.8788457441005804e-05,0.0010250679533040097,0.0013997142030040544,-1.0,-0.0749915492483295,-0.0031532351097596566,0.898404150188853,0.06943474020276202,0.19196254078529473,0.9109789282041212,0.0,41.413060776857044,0.0,4,0.0415
97,0,0.0,0.04042571065992616,0.12798983964280597,0.9124604640116605,0.9945745941335247,0.012129229186285395,0.10254459006700598,0.012604187854428402,0.03995573817332241,-0.02843140901477083,0.1515114355654858,0.9332518716400017,0.02983009829043823,-1.6126237903156004,-0.20516152452686803,2.737557054166244,1.1093162320431242,-0.024888668672386483,0.06270889446004513,-0.15216783519060118,0.0011835944864585224,0.019321031669618682,0.0012788645906217644,0.99658203125,-0.024888668672386483,0.06270889446004513,-0.15216783519060118,0.0011835944864585224,0.019321031669618682,0.0012788645906217644,-1.0,-0.0749915492483295,-0.0031532351097596566,0.898404150188853,0.06957134526413442,0.19211123118553344,0.9109314368562439,0.0,39.8425145281245,0.0,4,0.0415
98,0,0.0,0.0408077079064436,0.12789378267657192,0.9128230106403368,0.9946211801980148,0.0129698326144701,0.10201103585776836,0.012419336000169631,0.03995623754215201,-0.02860083602697155,0.1507546825062604,0.9333754091758012,0.030569207238225822,-1.6107064222735832,-0.2034144175481096,2.734867346628135,1.1055196164730678,-0.03177094441910966,0.07361797520553559,-0.16814378739538405,6.762380580735416e-05,0.011759168227047173,0.0014601390091951993,1.001953125,-0.03177094441910966,0.07361797520553559,-0.16814378739538405,6.762380580735416e-05,0.011759168227047173,0.0014601390091951993,-1.0,-0.0749915492483295,-0.0031532351097596566,0.898404150188853,0.06967349472535807,0.1922255917271031,0.9109959005837593,0.0,34.90791114595054,0.0,4,0.0382
99,0,0.0,0.04115599056260842,0.1277168437647807,0.9132416378039658,0.9946866446414784,0.013629773501193543,0.101309351966694,0.012211611288888976,0.039956730812260914,-0.02885002392547486,0.14989636863529796,0.93336341508166,0.031326003091868095,-1.6088289093628414,-0.20137619570070944,2.731802872014155,1.1016932735234597,-0.004652723566349493,0.07305492587673612,-0.19153714598095906,-0.0007182256778257845,0.00857522572491179,0.0034541576135027063,1.0078125,-0.004652723566349493,0.07305492587673612,-0.19153714598095906,-0.0007182256778257845,0.00857522572491179,0.0034541576135027063,-1.0,-0.0749915492483295,-0.0031532351097596566,0.898404150188853,0.06978096556285776,0.1923257388012303,0.911105949625839,0.0,31.915734787219684,0.0,4,0.0399
100,0,0.0,0.041548377786477506,0.1275240072229475,0.9133181752185644,0.9947352532748897,0.014405678905902997,0.1007490930158435,0.011994688986563699,0.03995738490669757,-0.029142804664110185,0.14906474978268494,0.9342330064150977,0.031979632662433734,-1.6064943492393418,-0.19951609673235457,2.7294668674184708,1.097781855059996,0.03587052691249093,0.07751239972973223,-0.20705664240846244,-0.000805184432162237,0.00429095015218553,0.0048036449517714075,1.013671875,0.03587052691249093,0.07751239972973223,-0.20705664240846244,-0.000805184432162237,0.00429095015218553,0.0048036449517714075,-1.0,-0.0749915492483295,-0.0031532351097596566,0.898404150188853,0.06989905358482287,0.19243578674453934,0.9110711401781895,0.0,32.80524462784274,0.0,4,0.0375
101,0,0.0,0.042059120523253404,0.12742935938739522,0.9130169302173328,0.9947513886818495,0.015433829843389202,0.10046877270282459,0.011725925271961347,0.039958232105269435,-0.02937019056106774,0.14832145788434095,0.936219569950369,0.03260369096272167,-1.6034162502661993,-0.19794952124829968,2.728086501327103,1.0937200204030137,0.10633039288290824,0.09062675701302081,-0.18206568860240913,-0.0011183969825037249,0.004408006861822855,0.005609309034319887,1.0185546875,0.10633039288290824,0.09062675701302081,-0.18206568860240913,-0.0011183969825037249,0.004408006861822855,0.005609309034319887,-1.0,-0.0749915492483295,-0.0031532351097596566,0.898404150188853,0.07003653109734322,0.19256731350902392,0.9108698919662233,0.0,36.7023471250623,0.0,4,0.0394
102,0,0.0,0.04276347740005441,0.12752707881238518,0.9125609840643559,0.994730180225422,0.016767323828324132,0.10050395356975012,0.01138774416573567,0.03995916104987741,-0.029442165515684297,0.1476969632899667,0.93900611255986,0.03330835684673192,-1.5994723146378325,-0.1966611579410395,2.727279995119886,1.089443446490362,0.11228176379448707,0.1302630837216362,-0.16437802723282813,-0.0003575078820597516,0.0048411166874809675,0.008187434098475055,1.009765625,0.11228176379448707,0.1302630837216362,-0.16437802723282813,-0.0003575078820597516,0.0048411166874809675,0.008187434098475055,-1.0,-0.0749915492483295,-0.0031532351097596566,0.898404150188853,0.07024996309938109,0.19274102720758843,0.9106208387024299,0.0,41.28455800291994,0.0,4,0.0394
103,0,0.0,0.04361079314649216,0.12781223519344562,0.912239666904021,0.9946916945922526,0.018382868064488078,0.10064261793053218,0.011025712086043318,0.03996003030461638,-0.029380611172124198,0.1471570127357856,0.9418508870879678,0.03418633905429202,-1.5949878711221859,-0.19549835124207277,2.7261723116431256,1.0848453250890289,0.04529513586416045,0.11036280900687856,-0.14417985908820974,-0.00048230979800559237,0.002734095914009027,0.0009263865545068029,1.005859375,0.04529513586416045,0.11036280900687856,-0.14417985908820974,-0.00048230979800559237,0.002734095914009027,0.0009263865545068029,-1.0,-0.0749915492483295,-0.0031532351097596566,0.898404150188853,0.0705558061810703,0.19297941311510394,0.9104383194172296,0.0,43.30896319784684,0.0,4,0.0401
104,1,0.461,0.0442978525536763,0.1280192401358628,0.9122823080130952,0.9946883349239342,0.019871380943502437,0.10041523631068444,0.010817804875206529,0.039960238321893674,-0.02933292037269899,0.1466296184192772,0.9435028687661399,0.03503148454638132,-1.5913028885455676,-0.19429655895891,2.7238337087922844,1.0804778992154973,0.018818918345982594,0.06894935785423972,-0.15524891168723787,-0.0005789306361572016,0.0022190463916047787,0.0027290599392090498,0.99755859375,0.018818918345982594,0.06894935785423972,-0.15524891168723787,-0.0005789306361572016,0.0022190463916047787,0.0027290599392090498,-1.0,-0.0749915492483295,-0.0031532351097596566,0.898404150188853,0.07076174599529221,0.19317589347286926,0.9103205644866805,0.0,39.773327784423806,0.0,4,0.0399
105,0,0.0,0.04484167857782519,0.12806546808141672,0.912604323432439,0.9947047735819883,0.021070730417201866,0.1000178331573281,0.01071777884653647,0.039960469190397765,-0.029390656007105383,0.1460880883544116,0.9441998740638514,0.03571293348831474,-1.5885071972921871,-0.1930597135107776,2.721083272286875,1.0765531716469112,-0.022217934800523698,0.04074997063686436,-0.11770542400599815,0.0009082250977264228,0.027444767318449387,0.004078547277477779,0.99365234375,-0.022217934800523698,0.04074997063686436,-0.11770542400599815,0.0009082250977264228,0.027444767318449387,0.004078547277477779,-1.0,-0.0749915492483295,-0.0031532351097596566,0.898404150188853,0.07091415429963806,0.19332652453404395,0.9103481640118973,0.0,36.3996507799435,0.0,4,0.0357
106,0,0.0,0.045219630793552366,0.12793327211059538,0.913151040383414,0.9947654437283646,0.021965418662919123,0.09922734186979816,0.010637996631196012,0.039960608021354475,-0.029594601110383954,0.1453590675129426,0.9439997865157971,0.03642423319696898,-1.5863950665049746,-0.19129418487332014,2.7172935717596007,1.0726049334269747,0.006287013254934415,0.058861390713248474,-0.13642011087445804,0.00011593422488316574,0.01630096856097557,0.0019233958566605702,0.9951171875,0.006287013254934415,0.058861390713248474,-0.13642011087445804,0.00011593422488316574,0.01630096856097557,0.0019233958566605702,-1.0,-0.0749915492483295,-0.0031532351097596566,0.898404150188853,0.07101442265540885,0.19344187677256242,0.9104995710245652,0.0,30.261514918525734,0.0,4,0.0401
107,0,0.0,0.045616714899503086,0.12767105319019673,0.9136211825521316,0.994844879850123,0.022674239809665597,0.09828328458829652,0.01048522081708405,0.03996101089917436,-0.029941913579449107,0.14445008066600135,0.9441057524672083,0.0371493178899488,-1.583945384735354,-0.18907365852823882,2.713281618857841,1.068411342389792,0.04008206878735143,0.049101869014057,-0.16278043201234982,-0.0003848837862027027,0.00856352005394806,0.0028096263474639005,1.001953125,0.04008206878735143,0.049101869014057,-0.16278043201234982,-0.0003848837862027027,0.00856352005394806,0.0028096263474639005,-1.0,-0.0749915492483295,-0.0031532351097596566,0.898404150188853,0.07114582988504413,0.19354915699731418,0.9106468385856008,0.0,28.285962218402233,0.0,4,0.039
108,0,0.0,0.04613207118014474,0.12737221851972488,0.9136116064959063,0.9948945909159994,0.02350361683967095,0.0976027280949216,0.010297593406639886,0.03996147555807333,-0.0303708638018047,0.1435515122385001,0.9455189867307888,0.037721709878803786,-1.580713839322326,-0.1870323006712152,2.7103544959659014,1.0640841616033248,0.053050536145915705,0.0591663757663482,-0.16666030611922567,-0.000429973510673462,0.0024531598108794295,0.002507502316508231,1.0078125,0.053050536145915705,0.0591663757663482,-0.16666030611922567,-0.000429973510673462,0.0024531598108794295,0.002507502316508231,-1.0,-0.0749915492483295,-0.0031532351097596566,0.898404150188853,0.07130991320703409,0.19367043125608194,0.9105639046578989,0.0,30.382743297998275,0.0,4,0.0505
109,0,0.0,0.04673409797052078,0.12715840647095,0.9133348597862194,0.9949107490920178,0.024531716331514797,0.09720734487054028,0.010076127143328978,0.039962201186570255,-0.030726757656084725,0.14274977833477132,0.9476719800715271,0.03825543269781762,-1.5770744519010602,-0.18530404961236388,2.708326794420137,1.0597401104725845,0.10702375648425722,0.07671474651393295,-0.175675307720496,-0.0007238618933846225,0.00525081517121162,0.0020442454690428324,1.01171875,0.10702375648425722,0.07671474651393295,-0.175675307720496,-0.0007238618933846225,0.00525081517121162,0.0020442454690428324,-1.0,-0.0749915492483295,-0.0031532351097596566,0.898404150188853,0.0714862658700157,0.19380563696674327,0.910343445739282,0.0,32.81272790872283,0.0,4,0.0483
110,0,0.0,0.047501735079754324,0.12715826111195455,0.9129183619703111,0.9948892086075898,0.025722099582271563,0.09715291292682346,0.009754368204828466,0.039963122017310504,-0.030902862331688083,0.14209158535059985,0.9505670897689714,0.03888078894938029,-1.5727101192876296,-0.18382706180701322,2.7070137417129043,1.0554802010816586,0.10903322692150008,0.1125211647672767,-0.15764530451795533,-3.382807425184042e-05,0.009347800008518176,0.0038972728589043715,1.0087890625,0.10903322692150008,0.1125211647672767,-0.15764530451795533,-3.382807425184042e-05,0.009347800008518176,0.0038972728589043715,-1.0,-0.0749915492483295,-0.0031532351097596566,0.898404150188853,0.07176369428390092,0.19397832404115578,0.9100869159758581,0.0,37.18482731986519,0.0,4,0.0467
111,0,0.0,0.04834918967251235,0.127380878421049,0.912532598314851,0.9948609854524493,0.02708620311397464,0.09710771623783342,0.009383425415157128,0.03996390217866109,-0.030897897340182102,0.14154492067424376,0.9536499208793888,0.039716146521918426,-1.5678078939259577,-0.18243626573600089,2.705328113919003,1.0511233140344758,0.054103421614630776,0.10703060903219119,-0.13162732521302323,-0.0003285216306142674,0.0042207161264031234,0.0005839793194236942,1.0126953125,0.054103421614630776,0.10703060903219119,-0.13162732521302323,-0.0003285216306142674,0.0042207161264031234,0.0005839793194236942,-1.0,-0.0749915492483295,-0.0031532351097596566,0.898404150188853,0.07208378471578442,0.19418803201748633,0.9098496398431193,0.0,39.65030285580954,0.0,4,0.0425
112,1,0.4604,0.04906915475169989,0.12758353406035775,0.9125343855400877,0.9948625705293281,0.028409641026190924,0.09673517782260241,0.009146771461512566,0.03996419247399691,-0.030864463636838906,0.14103557874571174,0.9555921972326775,0.04056642781925628,-1.5635682171476823,-0.1810803089329512,2.702435553356127,1.0469188509846818,-0.0009547843591549698,0.06444496322384363,-0.16255220412371008,-0.0007625102286452773,0.0024765711528069168,0.005347468207491629,0.98486328125,-0.0009547843591549698,0.06444496322384363,-0.16255220412371008,-0.0007625102286452773,0.0024765711528069168,0.005347468207491629,-1.0,-0.0749915492483295,-0.0031532351097596566,0.898404150188853,0.07231316923821976,0.19436924673667097,0.9097199973764807,0.0,36.59696940762095,0.0,4,0.0404
113,0,0.0,0.04962274606308928,0.1276644721017764,0.9128115165754808,0.9948812137829472,0.02962336873788851,0.09618766000327242,0.009042154028917455,0.039964396664608035,-0.030896223931816055,0.14053527939868185,0.9565412750205873,0.04128113340996459,-1.5603080231981998,-0.1798263173828214,2.6991562166032232,1.042973889934778,-0.04553549591255612,0.02639221275247683,-0.15410777224403915,5.957206929473047e-05,0.016183911851338245,0.008106867690220204,0.99658203125,-0.04553549591255612,0.02639221275247683,-0.15410777224403915,5.957206929473047e-05,0.016183911851338245,0.008106867690220204,-1.0,-0.0749915492483295,-0.0031532351097596566,0.898404150188853,0.0724576437222715,0.1945131556295129,0.9097260131255649,0.0,33.40900952437248,0.0,4,0.0379
114,0,0.0,0.05001923797989284,0.12754696690557651,0.9132479791827192,0.9949235736799827,0.030683480854165057,0.09541818240124464,0.008998722451838016,0.039964388815465636,-0.0310947984502144,0.13989758547281259,0.9567157282040647,0.041895494119102844,-1.5578736087139136,-0.1783415068015854,2.695455314838325,1.0389873147338387,-0.01348668945020326,0.049758759897656435,-0.17088252205906118,-9.743679270164674e-05,0.010050140266342156,0.004642512135261706,0.998046875,-0.01348668945020326,0.049758759897656435,-0.17088252205906118,-9.743679270164674e-05,0.010050140266342156,0.004642512135261706,-1.0,-0.0749915492483295,-0.0031532351097596566,0.898404150188853,0.07254683464362194,0.19463197403148208,0.9098398325254919,0.0,28.934135059734803,0.0,4,0.0385
115,0,0.0,0.05043791624004878,0.12733777700418564,0.9135526504469599,0.9949652619275531,0.0315992422227675,0.09469488962805479,0.008859645969866669,0.039964831267122476,-0.03140127890545115,0.13914346929537788,0.957266493235015,0.0424824344218577,-1.5552818890497024,-0.1765791036690143,2.692162923325671,1.0349219170836699,0.005670690053735328,0.04408134583226142,-0.21287645356877616,-0.000563632336783193,0.0013645324112522839,0.004823786553835113,1.00390625,0.005670690053735328,0.04408134583226142,-0.21287645356877616,-0.000563632336783193,0.0013645324112522839,0.004823786553835113,-1.0,-0.0749915492483295,-0.0031532351097596566,0.898404150188853,0.0726494602031326,0.19474480469843586,0.9099231062973322,0.0,28.211600902317834,0.0,4,0.0396
116,0,0.0,0.05095032315633638,0.1271380276868498,0.9133713698249144,0.9949741998016546,0.032568638128430694,0.09429069450914149,0.008653927923169765,0.03996527451486346,-0.031732805814781564,0.1384351426908912,0.9590677760338377,0.04294415302307347,-1.5520756220419112,-0.17500484333587674,2.6901744744061142,1.0309154485427705,0.012912487667824712,0.04032768364026473,-0.22702658266444098,-0.0008824811026835327,-5.185377535943392e-05,0.0037562816444583758,1.0078125,0.012912487667824712,0.04032768364026473,-0.22702658266444098,-0.0008824811026835327,-5.185377535943392e-05,0.0037562816444583758,-1.0,-0.0749915492483295,-0.0031532351097596566,0.898404150188853,0.07277647207202446,0.1948658508375481,0.9097570978168135,0.0,31.57335823647005,0.0,4,0.0391
117,0,0.0,0.051514723096989554,0.126991428091929,0.9129248308410728,0.9949544169936884,0.03365126370081267,0.0941394438834825,0.008430045159788898,0.03996581020963117,-0.032013646203027,0.13781377409952564,0.9615072706072447,0.04334037093419658,-1.548614121432367,-0.1736962403231867,2.68905580897392,1.026996259732604,0.023646783422042184,0.041500703075263656,-0.239122660762348,-0.0012870808624434182,0.003401319158941818,0.0038368480527132265,1.0126953125,0.023646783422042184,0.041500703075263656,-0.239122660762348,-0.0012870808624434182,0.003401319158941818,0.0038368480527132265,-1.0,-0.0749915492483295,-0.0031532351097596566,0.898404150188853,0.0729058138971602,0.1949904963283218,0.9094407627347373,0.0,35.10380370620113,0.0,4,0.0385
118,0,0.0,0.05210569999384672,0.1269489574100483,0.9124397339287976,0.9949210889740973,0.03481439159759658,0.09409121994806287,0.008174789353184012,0.039966414436783566,-0.032186156266884335,0.1372677521265091,0.9641144519507779,0.04379555879902466,-1.545015570305475,-0.17251104824739932,2.688160468329,1.0231271641624293,0.023698143688808848,0.06451534438994355,-0.21812569500749057,-0.0008816759290322662,0.011454820781990116,0.010423151927547114,1.009765625,0.023698143688808848,0.06451534438994355,-0.21812569500749057,-0.0008816759290322662,0.011454820781990116,0.010423151927547114,-1.0,-0.0749915492483295,-0.0031532351097596566,0.898404150188853,0.07303428070658388,0.19511685125739173,0.9091168487846993,0.0,38.574796312159016,0.0,4,0.0396
119,0,0.0,0.05269737658864339,0.12706015001006132,0.9121215353163894,0.9948885282972089,0.03618395784301842,0.09394433106447378,0.007874015384570457,0.0399670644025052,-0.032210134592578904,0.13674010336992373,0.9664298543142946,0.044487906053581494,-1.541337716608693,-0.17126402003790653,2.6866837794307634,1.0188793163690442,0.0025377137809732275,0.08037456715112978,-0.1995251220833505,-0.0006586428276322831,0.004454829545677774,0.009013239783087268,1.01171875,0.0025377137809732275,0.08037456715112978,-0.1995251220833505,-0.0006586428276322831,0.004454829545677774,0.009013239783087268,-1.0,-0.0749915492483295,-0.0031532351097596566,0.898404150188853,0.07315018222000841,0.1952578369208658,0.9088836553775851,0.0,39.92642851257657,0.0,5,0.0392
120,1,0.4653,0.05328622973911469,0.12721402594509412,0.9121420185942094,0.9948614085124959,0.037686719403562385,0.09366374655484183,0.007588913916966953,0.03996745174713687,-0.032190671728299765,0.1361885642008712,0.9680259389401232,0.045300989339334845,-1.5378729471349837,-0.16993829766554933,2.684436993038698,1.0143283286251836,-0.028073005211915136,0.075471345912834,-0.1767023332193749,-0.0010878003837557215,0.00038125605029870613,0.011047541591522186,0.91650390625,-0.028073005211915136,0.075471345912834,-0.1767023332193749,-0.0010878003837557215,0.00038125605029870613,0.011047541591522186,-1.0,-0.0749915492483295,-0.0031532351097596566,0.898404150188853,0.07326274221646324,0.1954076095206177,0.9088291455975243,0.0,38.318605486800635,0.0,5,0.0416
121,0,0.0,0.05381788711457341,0.12733492847536573,0.9124975569425817,0.9948368443966955,0.03918318907691731,0.09332727841448454,0.007372233605334691,0.03996773571026568,-0.032187023527096015,0.1356499676505585,0.9687123264935844,0.04607922030746543,-1.5350740133767524,-0.16868623600411092,2.6818095602768204,1.0098631567070948,-0.07357820156711492,0.06913704096383955,-0.18959720892752108,-0.0010628400005665423,0.0013762380822160136,0.01743242944571896,0.98095703125,-0.07357820156711492,0.06913704096383955,-0.18959720892752108,-0.0010628400005665423,0.0013762380822160136,0.01743242944571896,-1.0,-0.0749915492483295,-0.0031532351097596566,0.898404150188853,0.0733578588025609,0.1955547769188618,0.9089458320593173,0.0,34.628139109981646,0.0,4,0.0397
122,0,0.0,0.05423965514569284,0.1274196073892956,0.9129999844470822,0.9948124604179635,0.040699844043387945,0.09295080042245811,0.007199999501733233,0.03996805426029647,-0.03220347358346392,0.13511633224761607,0.9688061558368882,0.046817837105835695,-1.5329839992918541,-0.1675138893222084,2.6792024200881244,1.0054389669263257,-0.03906410229996571,0.0883393691147728,-0.2555550687444105,-0.0002053300619709597,0.006280914216020117,0.017835261486993215,0.9853515625,-0.03906410229996571,0.0883393691147728,-0.2555550687444105,-0.0002053300619709597,0.006280914216020117,0.017835261486993215,-1.0,-0.0749915492483295,-0.0031532351097596566,0.898404150188853,0.0734089853448438,0.19569678264399218,0.9091421747948694,0.0,29.694682685702354,0.0,4,0.0379
123,0,0.0,0.054682960303601286,0.1275515056662911,0.9130222788569347,0.9947677747921093,0.042258582101093234,0.09275536595048936,0.006908586060127071,0.03996859656339241,-0.03221191234302518,0.1345881428412771,0.9701074241216209,0.04756474813217552,-1.5303497834864748,-0.16630552163815474,2.6776793572446604,1.0009281407652215,-0.002701033429219124,0.08006958209802995,-0.2911586193722123,-7.891779872258586e-05,0.0040451310619471215,0.01938616484589903,0.98779296875,-0.002701033429219124,0.08006958209802995,-0.2911586193722123,-7.891779872258586e-05,0.0040451310619471215,0.01938616484589903,-1.0,-0.0749915492483295,-0.0031532351097596566,0.898404150188853,0.0734518714326893,0.19584934514076108,0.9090987251498793,0.0,32.64076927862768,0.0,4,0.0407
124,0,0.0,0.05526473486200551,0.12773242483952413,0.912432922334751,0.9946908469930783,0.04399084768155398,0.09280360919841525,0.006512629898718713,0.039969005676743136,-0.032208160537758254,0.13406174239169402,0.9730690620181782,0.048302525398096825,-1.5265534888809484,-0.16510278808520873,2.677182553565071,0.9960435060652167,0.0237495039555754,0.08013996326412998,-0.28202950382662206,-0.000993595066557884,0.0010835963081226863,0.016707331771425332,0.9912109375,0.0237495039555754,0.08013996326412998,-0.28202950382662206,-0.000993595066557884,0.0010835963081226863,0.016707331771425332,-1.0,-0.0749915492483295,-0.0031532351097596566,0.898404150188853,0.07351581184249745,0.19601277942991255,0.9087018675421312,0.0,38.08067184861028,0.0,5,0.0493
125,0,0.0,0.056012718382936595,0.12793289519537462,0.9117950360968267,0.9945868583133657,0.04590708489273593,0.09301745126046636,0.006105291803465095,0.039969371504044705,-0.03219867472949101,0.13353072636605692,0.9764764070203223,0.049043287882547484,-1.5220817891399807,-0.16392208260609442,2.6767744230100754,0.9907799014814029,0.010190393529195374,0.12492584529239081,-0.2619454496263236,-0.021292022814909897,0.0011655360048688224,0.017915827895248065,0.99267578125,0.010190393529195374,0.12492584529239081,-0.2619454496263236,-0.021292022814909897,0.0011655360048688224,0.017915827895248065,-1.0,-0.0749915492483295,-0.0031532351097596566,0.898404150188853,0.0736017258366059,0.19617926333520866,0.9083211290810905,0.0,41.99432856256809,0.0,5,0.0517
126,0,0.0,0.056795360730860334,0.12810622630638066,0.9114171487991777,0.9944726032689544,0.04809098310418575,0.09313703939494991,0.0060819885139911725,0.03996965903094928,-0.03221609432171741,0.13329110583979997,0.979394609141582,0.0494942013131522,-1.5175309467474134,-0.16359943215979794,2.6754446844488955,0.9858037929390049,-0.009994191310075062,0.1381575045191793,-0.21846803684045013,-0.02089265668388321,-0.000941484768603118,0.019567439264472464,0.99658203125,-0.009994191310075062,0.1381575045191793,-0.21846803684045013,-0.02089265668388321,-0.000941484768603118,0.019567439264472464,-1.0,-0.0749915492483295,-0.0031532351097596566,0.898404150188853,0.07368437404636767,0.19636010871859338,0.9081056745158681,0.0,46.292214665201975,0.0,6,0.0493
127,0,0.0,0.057475989969263314,0.12832890770622513,0.9114567420997642,0.9943651817477137,0.0504592591407822,0.09300120076727406,0.00652113108621161,0.03997007222639821,-0.032189052663010774,0.13347174808772125,0.9812186046790718,0.0496762783872984,-1.5134868785390727,-0.16423924218309624,2.6728481020519195,0.981566677114187,-0.0453300548454898,0.08666195132272425,-0.19370531092303667,-0.012615471548894766,0.00598827244192679,0.015619685259984861,0.99951171875,-0.0453300548454898,0.08666195132272425,-0.19370531092303667,-0.012615471548894766,0.00598827244192679,0.015619685259984861,-1.0,-0.0749915492483295,-0.0031532351097596566,0.898404150188853,0.07376013725468968,0.19656316096457255,0.9080922685021635,0.0,44.95737845144571,0.0,6,0.0412
128,1,0.4639,0.057977341113742926,0.12850658136714627,0.9118676755025444,0.9942986704349486,0.052527433659514955,0.09252537915108142,0.007076503189165053,0.03997016076527527,-0.03216863634882459,0.13371775537559216,0.9818531440813891,0.049797253791912,-1.5103369911811764,-0.16481911434659796,2.6692309135304604,0.9779729718914691,-0.009377868108875975,0.08091415609122932,-0.17715878899665438,-0.0047537560179582855,0.0027106845720815675,0.01553911885173001,0.94970703125,-0.009377868108875975,0.08091415609122932,-0.17715878899665438,-0.0047537560179582855,0.0027106845720815675,0.01553911885173001,-1.0,-0.0749915492483295,-0.0031532351097596566,0.898404150188853,0.073817062908155,0.1967442180955518,0.9082882947871678,0.0,40.547550191295116,0.0,5,0.0448
129,0,0.0,0.05846420556746215,0.1286714121897423,0.9123043697517496,0.9942444149224897,0.05426753759772629,0.09207714046032528,0.007407966196184539,0.0399703699712696,-0.03216314159349322,0.1338008198501126,0.9824331976230788,0.050054176726904986,-1.507364967139651,-0.16484041435298744,2.6659167185731243,0.97444497912602,-0.013794851050802803,0.09787015202413951,-0.1911948041479994,-0.008731313855199804,0.0019146989465477215,0.017593562262228662,0.9833984375,-0.013794851050802803,0.09787015202413951,-0.1911948041479994,-0.008731313855199804,0.0019146989465477215,0.017593562262228662,-1.0,-0.0749915492483295,-0.0031532351097596566,0.898404150188853,0.07389069486340401,0.1969077869225715,0.9084946999807825,0.0,38.17098111988705,0.0,5,0.045
130,0,0.0,0.05897003655259364,0.128842751535043,0.912498842969146,0.9941719014210745,0.05604734565208236,0.09177567118052189,0.007625722885384382,0.039970501725755066,-0.03217421659142371,0.13379904475322846,0.9835658676621953,0.05036913603886682,-1.5042263446657285,-0.1647973266088735,2.663306868921675,0.9707258248793756,-0.030538298016711485,0.09423965687281766,-0.2957231771450074,-0.0012884899163331381,0.002558510849553025,0.01843950954890458,0.98828125,-0.030538298016711485,0.09423965687281766,-0.2957231771450074,-0.0012884899163331381,0.002558510849553025,0.01843950954890458,-1.0,-0.0749915492483295,-0.0031532351097596566,0.898404150188853,0.07396090687102397,0.19707281789972894,0.9085368547026628,0.0,37.58229958164534,0.0,5,0.0477
131,0,0.0,0.05949635141948704,0.12907301751800868,0.9121644604504301,0.9940817900367314,0.05784506908047454,0.09163318987578724,0.0076616717255347105,0.03997074851979446,-0.03215141421992109,0.1337296056131447,0.9859737856804678,0.05078651940969765,-1.5004880967277079,-0.16455271288032428,2.661759713267085,0.966803422529528,-0.04728174498262028,0.06085552375274672,-0.3621374927391763,9.016866804273382e-05,0.0016805855272730708,0.02309221962562208,0.98779296875,-0.04728174498262028,0.06085552375274672,-0.3621374927391763,9.016866804273382e-05,0.0016805855272730708,0.02309221962562208,-1.0,-0.0749915492483295,-0.0031532351097596566,0.898404150188853,0.07402246166769345,0.197237313749594,0.9082525825284753,0.0,42.38788896718414,0.0,5,0.0432
132,0,0.0,0.06006257632966165,0.1292894040864184,0.9114276396302319,0.993974041579961,0.05975750336926,0.09158909756070233,0.007488835976668919,0.039970736282821065,-0.03212693481363456,0.13346083076639084,0.9893177069774397,0.051341026011054176,-1.4962460636216186,-0.16388221431934596,2.66090627191264,0.9621339521808465,-0.02067712679752598,0.05050949233605584,-0.35414951663678484,-6.603502030237685e-05,-0.0010000131234217946,0.020594660969721762,0.9912109375,-0.02067712679752598,0.05050949233605584,-0.35414951663678484,-6.603502030237685e-05,-0.0010000131234217946,0.020594660969721762,-1.0,-0.0749915492483295,-0.0031532351097596566,0.898404150188853,0.07408233217460279,0.19739663761961596,0.9077334485763205,0.0,50.00876128997955,0.0,6,0.0439
133,0,0.0,0.06060872042550933,0.12956420665150456,0.9111702557269947,0.9938450784112067,0.06212908968964309,0.09143400698771184,0.007194351835163055,0.03997088389978946,-0.031997458724973525,0.13296881421678755,0.9914899534269818,0.052257113142553144,-1.4926048360260555,-0.16282147639606911,2.6592895067670357,0.9561302295197783,-0.04666542178142119,0.0773247166201324,-0.3452486289798343,-0.008158030215500212,-0.0017023533812457747,0.02514666303612073,0.85791015625,-0.04666542178142119,0.0773247166201324,-0.3452486289798343,-0.008158030215500212,-0.0017023533812457747,0.02514666303612073,-1.0,-0.0749915492483295,-0.0031532351097596566,0.898404150188853,0.07412840806601187,0.197566420048993,0.9075644554000694,0.0,49.09296511799262,18.12838516320108,7,0.0447
134,0,0.0,0.06112030950122771,0.12973000436521476,0.9112683927899601,0.9936961464242217,0.06484133942098375,0.09118444980853004,0.00699752791057839,0.03997073556774462,-0.03197183878642843,0.13236883662827947,0.9928196657022699,0.05315291508899311,-1.489523812665157,-0.1618034888078501,2.657201133162605,0.949396794061094,-0.12339766033070843,0.08060917103812948,-0.318545966008983,-0.00797445062301215,-0.005506696444459003,0.020836360194486314,0.17724609375,-0.12339766033070843,0.08060917103812948,-0.318545966008983,-0.00797445062301215,-0.005506696444459003,0.020836360194486314,1.0,-0.0749915492483295,-0.0031532351097596566,0.898404150188853,0.07414782329866831,0.1977511207972983,0.9076153409441569,0.0,48.47976270213382,13.02634737416924,7,0.0412
135,0,0.0,0.061539507130432256,0.1298694175528855,0.9113924612212607,0.9935621271559487,0.06726030499253044,0.09090048364972754,0.00688860841556288,0.0395335283912031,-0.031959358187336945,0.1319041040057582,0.9938354527979593,0.05389183940656274,-1.4869268965980815,-0.16100820214360836,2.655168406483154,0.9435945762538797,-0.0705993060946527,0.06582912615714243,-0.2603478544058453,-0.010187067816684159,0.0028628582946100822,0.016324641332214784,0.681640625,-0.0705993060946527,0.06582912615714243,-0.2603478544058453,-0.010187067816684159,0.0028628582946100822,0.016324641332214784,-1.0,-0.0749915492483295,-0.0031532351097596566,0.898404150188853,0.07415374467667278,0.1979183072627161,0.9076620154718607,0.0,47.08911084923566,0.0,6,0.0419
136,1,0.466,0.06190804472932032,0.1300323527974221,0.9115719341152515,0.9934533308018707,0.06919089194137812,0.09064203273978043,0.006864538719002111,0.03875008901849497,-0.03191907998683997,0.13165002292485684,0.9946087297543614,0.05443423862336001,-1.4846229918531675,-0.16051799269923714,2.6531849490403396,0.9391425081154398,0.01774035274388419,0.106170730801051,-0.15912878579411371,-0.008325506334963026,0.007650477718776888,0.014693171565054092,0.95166015625,0.01774035274388419,0.106170730801051,-0.15912878579411371,-0.008325506334963026,0.007650477718776888,0.014693171565054092,-1.0,-0.0749915492483295,-0.0031532351097596566,0.898404150188853,0.07418533222503478,0.1980586732823561,0.9077404069708362,0.0,45.933788151197014,0.0,6,0.0434
137,0,0.0,0.06236226749471344,0.130151216357163,0.9118668001930437,0.9933447952514936,0.071001900059674,0.09042297241893286,0.0069666343099112175,0.038815700201541674,-0.03196779498307467,0.13149038480250264,0.9953234535891109,0.05483222647725808,-1.4820538398233767,-0.1602525558321902,2.6509242588714614,0.9350898491687193,0.03078586050259835,0.11639212890277328,-0.16414979934418839,-0.01573954531579702,0.0028628582946100822,0.013665949859804766,0.98876953125,0.03078586050259835,0.11639212890277328,-0.16414979934418839,-0.01573954531579702,0.0028628582946100822,0.013665949859804766,-1.0,-0.0749915492483295,-0.0031532351097596566,0.898404150188853,0.07426635982393945,0.19821591668074606,0.9078685113772337,0.0,44.620651901160684,0.0,6,0.0411
138,0,0.0,0.06289401127587932,0.13024743255091506,0.9120819489309233,0.993225916787169,0.07286057028091486,0.0902290496647089,0.007234232317889579,0.038882019937848414,-0.032069597200861714,0.13149052774023354,0.9964402872409842,0.05502125261498237,-1.478958943118951,-0.16036038908072298,2.648545254371764,0.9312869313038235,-0.011329558246006344,0.12487892451499083,-0.2646841842900006,-0.01185538762210206,0.0013645324112522839,0.01719073022095441,0.984375,-0.011329558246006344,0.12487892451499083,-0.2646841842900006,-0.01185538762210206,0.0013645324112522839,0.01719073022095441,-1.0,-0.0749915492483295,-0.0031532351097596566,0.898404150188853,0.07438713157439196,0.19838654396419858,0.90785994843005,0.0,44.63709672808769,0.0,6,0.0414
139,0,0.0,0.06341812566778632,0.13042749269696138,0.9118794619085452,0.9930952325034398,0.07478731699174546,0.09006552671248645,0.007544355116016484,0.03893034209565741,-0.03209761468807766,0.13165967441151502,0.9985575553185992,0.05515366332783851,-1.4752771412979813,-0.1607084075504655,2.646624691794289,0.9276737543177794,-0.03382535508977336,0.08328365534992721,-0.3418252106502381,-0.00047506323514422133,0.0014815891208896093,0.02119890903163313,0.986328125,-0.03382535508977336,0.08328365534992721,-0.3418252106502381,-0.00047506323514422133,0.0014815891208896093,0.02119890903163313,-1.0,-0.0749915492483295,-0.0031532351097596566,0.898404150188853,0.07449062927846882,0.19856023069889256,0.9075373965429536,0.0,47.67372138241987,0.0,6,0.0426
140,0,0.0,0.06393955058271937,0.13067992039420284,0.9113355238064987,0.9929526685761374,0.07679918763844135,0.08993704095721654,0.0076296401921730275,0.03897507307915485,-0.032042166341723195,0.13168725982749702,1.0014200540845537,0.05551212188802103,-1.471210571853573,-0.16060920501635662,2.6451905357134495,0.9234560526119985,0.0006887441773759662,0.08074993337032943,-0.3361195134342442,-0.00035187166650089974,0.0012123586887237414,0.018600642365414255,0.98046875,0.0006887441773759662,0.08074993337032943,-0.3361195134342442,-0.00035187166650089974,0.0012123586887237414,0.018600642365414255,-1.0,-0.0749915492483295,-0.0031532351097596566,0.898404150188853,0.07457219460043465,0.19872844328223813,0.9070631673113924,0.0,51.39819527481538,21.79997631389768,8,0.0417
141,0,0.0,0.06442526643446035,0.13101380529664786,0.9113250919194841,0.9927864351107655,0.0792774929366592,0.08963419094295037,0.007475639620680114,0.03901761592103383,-0.03186456179219483,0.13138430836941434,1.0030617245691842,0.056360581312202986,-1.4677581978106853,-0.15984325656102702,2.642884013130511,0.9176377229097302,0.0008941852444422915,0.0927616523847189,-0.32607748633409495,-0.008673341352308836,0.0022775747464234553,0.022125422726563898,0.98486328125,0.0008941852444422915,0.0927616523847189,-0.32607748633409495,-0.008673341352308836,0.0022775747464234553,0.022125422726563898,-1.0,-0.0749915492483295,-0.0031532351097596566,0.898404150188853,0.074637366548139,0.1988993595066477,0.9069903556166768,0.0,51.49568151085423,19.427149904456545,8,0.04
142,0,0.0,0.06499596728151247,0.1311968853834752,0.9114305876040938,0.9925914114169402,0.08198415276088465,0.08936939618778182,0.00734844898177883,0.03905820294680493,-0.03185642416548904,0.1309172008363294,1.0046122096900987,0.05715914296720797,-1.464178444741565,-0.15897142224748026,2.640462133592351,0.9110783567403662,-0.050774243122748475,0.12172350223484363,-0.28499646637893894,-0.010277247265625664,-0.0011521868459503093,0.027080256834237093,0.9599609375,-0.050774243122748475,0.12172350223484363,-0.28499646637893894,-0.010277247265625664,-0.0011521868459503093,0.027080256834237093,-1.0,-0.0749915492483295,-0.0031532351097596566,0.898404150188853,0.07468436004900492,0.19908235672699054,0.906894524011624,0.0,43.917528572279856,0.0,4,0.0383
143,0,0.0,0.06564015962998432,0.1313925651538195,0.9114966958784491,0.9923854437213399,0.08462193705298499,0.0892018905014175,0.007299423975367671,0.03909729638776016,-0.0318975307869453,0.13056781210928795,1.0064338320388275,0.05784803828068704,-1.4602661858585102,-0.15836943006413987,2.6381261233940814,0.904962497746269,-0.0678258516892567,0.06435112166904378,-0.26993342572871504,-0.002258522872692792,0.006866197764206772,0.018600642365414255,0.982421875,-0.0678258516892567,0.06435112166904378,-0.26993342572871504,-0.002258522872692792,0.006866197764206772,0.018600642365414255,-1.0,-0.0749915492483295,-0.0031532351097596566,0.898404150188853,0.07470090143599668,0.19927739840383624,0.9068160419380766,0.0,43.76170766019861,0.0,4,0.0385
144,1,0.4641,0.06617997189648922,0.1315057711320433,0.9116168510047397,0.9922361172553896,0.08677103222530064,0.08880117268686966,0.007254468274112715,0.039134404636018805,-0.03198717489875364,0.13020523817611485,1.0078849570474742,0.058457103331064665,-1.4566818306477536,-0.15754848561632143,2.6352540674404987,0.8996437080627215,0.06910061951047541,0.09141268003447012,-0.13162732521302323,-0.015584951974754443,0.01911032959227149,0.010664851152311666,0.97265625,0.06910061951047541,0.09141268003447012,-0.13162732521302323,-0.015584951974754443,0.01911032959227149,0.010664851152311666,-1.0,-0.0749915492483295,-0.0031532351097596566,0.898404150188853,0.0747209692437996,0.1994347986737335,0.9068350512498916,0.0,42.614641606227245,0.0,4,0.0396
145,0,0.0,0.06684622757566074,0.13137897522976816,0.9119696755691712,0.9921232800153873,0.0885403533736514,0.08830395689877951,0.007376603011932506,0.03916963108741302,-0.03233208418045577,0.12982647014736892,1.0091142175292707,0.05875142731728585,-1.4526711588772954,-0.15676741078681908,2.6315255444242216,0.8948654511457934,0.08276245047038877,0.09585842369311626,-0.15627593718611676,-0.017826555419871937,0.010518367104891457,0.008006159679901648,0.99072265625,0.08276245047038877,0.09585842369311626,-0.15627593718611676,-0.017826555419871937,0.010518367104891457,0.008006159679901648,-1.0,-0.0749915492483295,-0.0031532351097596566,0.898404150188853,0.0748148363315293,0.1995845971333858,0.906962628108868,0.0,41.340220017309775,0.0,4,0.0413
146,0,0.0,0.06767458317831014,0.13120540488909652,0.9122372818940716,0.9920079286320409,0.09027310582664083,0.08780963836553898,0.007778387088099626,0.03920386844519704,-0.03277093465373065,0.1296701256999532,1.011022917761296,0.058776464200366314,-1.447582338457208,-0.15659691923850627,2.627350833840039,0.8906902800228453,0.02631751729390497,0.10211354983024823,-0.2521316504148141,-0.01287956850650919,0.0024999824947343763,0.009093806191342119,0.982421875,0.02631751729390497,0.10211354983024823,-0.2521316504148141,-0.01287956850650919,0.0024999824947343763,0.009093806191342119,-1.0,-0.0749915492483295,-0.0031532351097596566,0.898404150188853,0.07495973198489839,0.1997662392501549,0.9068227404690995,0.0,38.41453671771837,0.0,3,0.0404
147,0,0.0,0.0684724212525252,0.13122955764286354,0.9120816689336908,0.9918939567522526,0.09196336570781422,0.08730780523063923,0.008152611352163535,0.03923701846348894,-0.03301538915670601,0.12973528433243067,1.0139509652575034,0.058863770941003285,-1.441854230588506,-0.15662992529700998,2.6235218233055204,0.8869981343239177,0.01589138314028693,0.08449186536797615,-0.3144378640134674,-0.000898584575708794,0.0028979753075012993,0.012900568981383725,0.98583984375,0.01589138314028693,0.08449186536797615,-0.3144378640134674,-0.000898584575708794,0.0028979753075012993,0.012900568981383725,-1.0,-0.0749915492483295,-0.0031532351097596566,0.898404150188853,0.07509152456874871,0.19994200804462117,0.9065059600628589,0.0,41.09829559617138,0.0,3,0.0448
148,0,0.0,0.06921417895599788,0.13146395683324386,0.9115472829938336,0.9917696746046181,0.09370118728477184,0.08686052087630824,0.0082613527445465,0.03926862557400308,-0.03304149185909051,0.12977125042193655,1.017642435375438,0.05926299604132034,-1.4358433820385086,-0.15634026878725793,2.6203272155094095,0.8830287555239025,0.06699484857304516,0.07415756414563512,-0.3039393811360386,-0.000752042971178854,0.008352817976600868,0.012175471307090069,0.98193359375,0.06699484857304516,0.07415756414563512,-0.3039393811360386,-0.000752042971178854,0.008352817976600868,0.012175471307090069,-1.0,-0.0749915492483295,-0.0031532351097596566,0.898404150188853,0.07520548744172348,0.20010792623233747,0.9060500391857645,0.0,44.86218689046916,25.987360004981156,5,0.0571
149,0,0.0,0.06998529211020763,0.1317523176699355,0.9116063055913614,0.9916075652539894,0.09594439206529509,0.08627078685599578,0.008152392134971945,0.039298299507383526,-0.03300576312946049,0.12948075284601296,1.0201859892319403,0.06009509440801503,-1.4301841029760132,-0.15539422004922032,2.6161320530039385,0.8773650865606464,0.07260595771729528,0.07249187654793665,-0.30530874846787714,-0.00941410111147123,0.008224055595999813,0.014612605156799241,0.9873046875,0.07260595771729528,0.07249187654793665,-0.30530874846787714,-0.00941410111147123,0.008224055595999813,0.014612605156799241,-1.0,-0.0749915492483295,-0.0031532351097596566,0.898404150188853,0.07529843093913374,0.20028482936357717,0.9058894322578015,0.0,44.49741212828675,29.35332890791853,5,0.0395
150,0,0.0,0.07084200810851152,0.1318801933834868,0.9116082815077557,0.9914194132166102,0.09842481363582933,0.08564478561356303,0.008066836752453021,0.039326605103816546,-0.03314021405469846,0.12903588787891807,1.0230364051768301,0.060861994294222246,-1.4240405880750577,-0.15430584855828042,2.611681762745919,0.8708703078483779,0.004746205251936697,0.09115461575877037,-0.3046240648019579,-0.009633108344614894,0.0031555000687034096,0.02113848422544201,0.99072265625,0.004746205251936697,0.09115461575877037,-0.3046240648019579,-0.009633108344614894,0.0031555000687034096,0.02113848422544201,-1.0,-0.0749915492483295,-0.0031532351097596566,0.898404150188853,0.07538937603561711,0.2004718389443274,0.9057133326053279,0.0,43.976369947593824,26.220235549852852,5,0.0406
151,0,0.0,0.07167090911148735,0.1319947242140485,0.9116180362091881,0.9912184448125504,0.1010547472042399,0.08490432656786691,0.008073912368361622,0.03935408519011682,-0.03330167103719103,0.1286431273387675,1.0258751756757376,0.06159636611636272,-1.4178294088993124,-0.15339563730235423,2.6069069058916234,0.8642757705248579,-0.0762489354389777,0.04436287049666121,-0.2957231771450074,-0.001670544813857644,0.01302338069113032,0.014250056319652427,0.99072265625,-0.0762489354389777,0.04436287049666121,-0.2957231771450074,-0.001670544813857644,0.01302338069113032,0.014250056319652427,-1.0,-0.0749915492483295,-0.0031532351097596566,0.898404150188853,0.07545178741546968,0.20066615800179485,0.9055358187068442,0.0,43.62983762626211,19.150988924860197,5,0.0382
152,1,0.462,0.072322791714146,0.13205804254722503,0.9117471832394766,0.9910963388941537,0.10313870418821325,0.08382515801660248,0.007987340763446083,0.03938010428642754,-0.03347693232545791,0.128193844317945,1.0280707954031312,0.06234740904268872,-1.4122378147208272,-0.1520480947956131,2.6014164401494635,0.8584765542086662,0.08200488653558147,0.06625141315374206,-0.1325402367675822,-0.015649365866855516,0.021147116339961025,0.0033131663990567106,0.98095703125,0.08200488653558147,0.06625141315374206,-0.1325402367675822,-0.015649365866855516,0.021147116339961025,0.0033131663990567106,-1.0,-0.0749915492483295,-0.0031532351097596566,0.898404150188853,0.07548757565322232,0.20081749370936308,0.9054479760097934,0.0,41.39084457031605,0.0,3,0.0391
153,0,0.0,0.07314467534425605,0.13183054950045384,0.9122012960807266,0.991028089585704,0.10462115491399676,0.08278044182734745,0.008070814546213112,0.03940445824641499,-0.03397533839481387,0.12773591887624447,1.0298974748586538,0.06266592017784742,-1.4063300781382135,-0.15075908679660904,2.5953289098587833,0.8536458447822218,0.1071585771845196,0.03793472399286679,-0.14440808697684948,-0.01459297803639785,0.012672210562218345,0.002588068724763082,1.0107421875,0.1071585771845196,0.03793472399286679,-0.14440808697684948,-0.01459297803639785,0.012672210562218345,0.002588068724763082,-1.0,-0.0749915492483295,-0.0031532351097596566,0.898404150188853,0.07561767924697083,0.20096460751199158,0.9053993143561679,0.0,37.906837092285365,0.0,3,0.0401
154,0,0.0,0.07418566220237072,0.1314636769778081,0.9126444112174286,0.9909511018284765,0.10600088359359522,0.08190440540782651,0.008449546561453705,0.03942823570707629,-0.03465794912500121,0.12742621650789343,1.0323028883494816,0.06263066803295696,-1.3994564268959893,-0.15007146013181544,2.58915161993804,0.8494263712895728,0.03910622371878614,0.0042925265970961135,-0.2452848137556215,-0.0003470406245933283,0.0010835963081226863,0.0012285105854625,1.001953125,0.03910622371878614,0.0042925265970961135,-0.2452848137556215,-0.0003470406245933283,0.0010835963081226863,0.0012285105854625,-1.0,-0.0749915492483295,-0.0031532351097596566,0.898404150188853,0.0758789005918249,0.20114604350035187,0.9053069922849394,0.0,36.65533465197627,0.0,3,0.04
155,0,0.0,0.07514088528717983,0.13117163149476357,0.9125973338260145,0.9908880545849644,0.10723557792678984,0.08103209217846916,0.008671455743432758,0.03945145522892251,-0.03523239764038771,0.1271062785053186,1.0356473883280894,0.06270505553160802,-1.3923470664347504,-0.14919058795416204,2.5836873441637653,0.8454092758045529,0.03910622371878614,0.03901390187306586,-0.2749544392787897,7.72858896225248e-05,0.0019498159594389108,0.00504534417653596,1.0048828125,0.03910622371878614,0.03901390187306586,-0.2749544392787897,7.72858896225248e-05,0.0019498159594389108,0.00504534417653596,-1.0,-0.0749915492483295,-0.0031532351097596566,0.898404150188853,0.07607393227345448,0.20129614343282715,0.9049713143660473,0.0,38.21812552417292,0.0,3,0.0393
156,0,0.0,0.07601704754016067,0.13109324496737,0.9121812759672612,0.99081257785203,0.10846702397624591,0.0803268911755787,0.00853995515311717,0.039473867976463156,-0.03556816722335619,0.12674422556342232,1.0396358645412536,0.0630928728106515,-1.3852728263325231,-0.14787362571071871,2.579315144046235,0.8411396633275925,0.052665334145166276,0.04056228752726454,-0.25966317073992606,8.855832074021464e-05,0.008891278840932576,0.006153132290040136,1.0068359375,0.052665334145166276,0.04056228752726454,-0.25966317073992606,8.855832074021464e-05,0.008891278840932576,0.006153132290040136,-1.0,-0.0749915492483295,-0.0031532351097596566,0.898404150188853,0.07622192873678682,0.20142405777000816,0.9045725942272339,0.0,41.633954425822786,0.0,3,0.0396
157,0,0.0,0.07688639502754702,0.13114937462238369,0.9117587205622244,0.990717086056476,0.10984395166019334,0.07966100882949095,0.008251384835566773,0.0394949720225843,-0.035773584896208216,0.12635947157894123,1.0436681609916414,0.06368305052792683,-1.378136737166408,-0.14635055506025813,2.5750025012746587,0.8364829115583825,0.07223359578323751,0.034181061800870105,-0.2722157046151126,-0.000724667067035889,0.011244118704642925,0.009416071824361494,0.994140625,0.07223359578323751,0.034181061800870105,-0.2722157046151126,-0.000724667067035889,0.011244118704642925,0.009416071824361494,-1.0,-0.0749915492483295,-0.0031532351097596566,0.898404150188853,0.0763569915276053,0.20155037824948724,0.9042100657797959,0.0,43.735184614531576,0.0,3,0.0433
158,0,0.0,0.07777457386329734,0.13124631563104888,0.9116799015652085,0.9905916005260701,0.11157730102921709,0.07884314805963187,0.007908531234069864,0.039515038109015334,-0.03594311082876675,0.1258774258900683,1.0471131073701407,0.06446570111061864,-1.3709929379738184,-0.14462100348462073,2.5698062576333007,0.8308853817334326,0.024057665556174945,0.060902444530146704,-0.2729003882810319,-0.0023732601179978358,0.006971548802880367,0.013041560195829693,0.96435546875,0.024057665556174945,0.060902444530146704,-0.2729003882810319,-0.0023732601179978358,0.006971548802880367,0.013041560195829693,-1.0,-0.0749915492483295,-0.0031532351097596566,0.898404150188853,0.07647460483773391,0.20168455991780618,0.9039863063793312,0.0,43.63231403352332,0.0,3,0.0424
159,0,0.0,0.07864222670840561,0.13136547794124528,0.91164688028239,0.990448318854378,0.1135012900311217,0.0779282636447856,0.007534624417613794,0.039534469090056375,-0.036098555597289785,0.1253774035098576,1.050494429804695,0.06532778237662167,-1.3637915099383568,-0.1428188399582553,2.564291739283795,0.824878199295352,-0.062895266079664,0.032632676146671424,-0.27153102094919335,-0.0045122039225792415,0.01981266985009547,0.012034480092644101,0.7587890625,-0.062895266079664,0.032632676146671424,-0.27153102094919335,-0.0045122039225792415,0.01981266985009547,0.012034480092644101,-1.0,-0.0749915492483295,-0.0031532351097596566,0.898404150188853,0.07656700663891353,0.20182474648298795,0.9037820711381129,0.0,42.82727842297451,0.0,3,0.0432
160,1,0.4771,0.07929719960355497,0.1314483060469861,0.9117817150543129,0.9903684498992156,0.1151486472960278,0.076545619423489,0.007203514225251791,0.03955287742180589,-0.03624007534924593,0.12491566173499878,1.0531009984754973,0.06615872293551552,-1.3571988960805175,-0.14093791070163827,2.5576132925645556,0.8194621170875594,0.08128584280084927,0.07411064336823525,-0.10041716144153667,-0.021614092275415275,0.02220062672669701,0.0006141917225192806,0.98681640625,0.08128584280084927,0.07411064336823525,-0.10041716144153667,-0.021614092275415275,0.02220062672669701,0.0006141917225192806,-1.0,-0.0749915492483295,-0.0031532351097596566,0.898404150188853,0.07661784391843347,0.2019323557336762,0.903673425630796,0.0,39.49058496804761,0.0,3,0.0403
161,0,0.0,0.08012738922296106,0.13133219984634392,0.9124836836139525,0.990318730578915,0.11646439776732248,0.07517803474729066,0.0072882788636830995,0.03957001680680831,-0.03663097278248177,0.12466570056073108,1.0549119382399983,0.06649430895781912,-1.3503768463195953,-0.139782660425264,2.5499340150122536,0.8152319734925382,0.12094880881134928,0.041219178410863866,-0.10555228893593116,-0.01620332533892478,0.01583274172242624,-0.0004835255899530433,1.0234375,0.12094880881134928,0.041219178410863866,-0.10555228893593116,-0.01620332533892478,0.01583274172242624,-0.0004835255899530433,-1.0,-0.0749915492483295,-0.0031532351097596566,0.898404150188853,0.07673803650672549,0.2020480276530296,0.9036862734028445,0.0,33.69117754264809,0.0,3,0.039
162,0,0.0,0.0812577822749231,0.13119491405783631,0.9132322362620927,0.99025491877167,0.11759218243100192,0.07421428548543524,0.007714551802448191,0.03958691970564358,-0.03712901466441366,0.12469183765926323,1.0574025071708955,0.06650235916812793,-1.3424105073842603,-0.13951068054508423,2.5425611449990906,0.8121454858593926,0.06894653871017564,0.025172272540077922,-0.2218914551700465,-0.005085487562278834,0.00036955037933497636,-0.0005238087940804548,1.0146484375,0.06894653871017564,0.025172272540077922,-0.2218914551700465,-0.005085487562278834,0.00036955037933497636,-0.0005238087940804548,-1.0,-0.0749915492483295,-0.0031532351097596566,0.898404150188853,0.0768870002463748,0.20218039323305242,0.9035039015344195,0.0,30.43360418283592,0.0,3,0.0403
163,0,0.0,0.0824561532634599,0.13119836433887186,0.913339470468599,0.9901892182415224,0.11851749961880989,0.0735872570337891,0.007989365718870337,0.039603459748775896,-0.037505153923549424,0.1247895551524231,1.0615071233189617,0.06658979377527542,-1.3335940248825897,-0.1392685172114494,2.5366080049992243,0.8095629602501252,0.05780136082182541,0.024656143988678325,-0.2786060854970257,-0.0005064650075434912,0.0015869401595632049,0.0023060862958710904,1.0146484375,0.05780136082182541,0.024656143988678325,-0.2786060854970257,-0.0005064650075434912,0.0015869401595632049,0.0023060862958710904,-1.0,-0.0749915492483295,-0.0031532351097596566,0.898404150188853,0.077026923990332,0.20230092432948246,0.9031069691424664,0.0,32.186683391707334,0.0,3,0.0397
164,0,0.0,0.08350947086030364,0.13133728697046726,0.9127370051833502,0.9901187056256063,0.11944136585714954,0.07304053743801875,0.007986788041300107,0.03961924045641382,-0.03769233054570535,0.12484581044488567,1.0668128222042734,0.06688131131598589,-1.3246503587498664,-0.13869974188616865,2.5319165142565003,0.8067729280381314,0.047683388268806914,0.01672653260808532,-0.27997545282886427,-0.0006111375822077381,0.004934762055190833,0.007019221178779761,1.01171875,0.047683388268806914,0.01672653260808532,-0.27997545282886427,-0.0006111375822077381,0.004934762055190833,0.007019221178779761,-1.0,-0.0749915492483295,-0.0031532351097596566,0.898404150188853,0.07715828562348452,0.20239947834295316,0.9026050474397691,0.0,37.203816614310064,0.0,3,0.0382
165,0,0.0,0.08443423801893123,0.13149914128822196,0.9120185307068771,0.990032752700326,0.12058342861423621,0.07234174225221203,0.007839493106347403,0.03963404912977649,-0.037808164942613014,0.1248009259782775,1.072077059467409,0.06731681288328584,-1.3159782593712661,-0.13779271524771602,2.527163738353746,0.803244553282469,0.05112452614216856,0.017664948156084437,-0.28568115004485817,-0.00149310467046046,0.008856161828041387,0.010221735906910001,0.98974609375,0.05112452614216856,0.017664948156084437,-0.28568115004485817,-0.00149310467046046,0.008856161828041387,0.010221735906910001,-1.0,-0.0749915492483295,-0.0031532351097596566,0.898404150188853,0.07727853112987229,0.20248752023657565,0.9021690367292667,0.0,40.783281370091956,0.0,3,0.0464
166,0,0.0,0.08532682839814892,0.1316518522528691,0.9115883442468148,0.9899197906136673,0.12202124329332908,0.07149675779720764,0.007605127285550902,0.03964825164779846,-0.037918294655372206,0.12463885148082235,1.0766720063176434,0.06788667634644366,-1.3075896385269687,-0.13654834704710686,2.521749669846995,0.7987800094633491,-0.03423623722390612,0.039670792756665296,-0.31626368712258546,-0.0022396012918881048,0.004255833139294313,0.005146052186854516,0.1986083984375,-0.03423623722390612,0.039670792756665296,-0.31626368712258546,-0.0022396012918881048,0.004255833139294313,0.005146052186854516,1.0,-0.0749915492483295,-0.0031532351097596566,0.898404150188853,0.07738077866928961,0.2025713975766197,0.9018786418411098,0.0,40.57920868767389,17.91097923722964,4,0.0701
167,0,0.0,0.08606355317881864,0.13188712446926326,0.9116085748274849,0.9898218365020834,0.12352286845974705,0.07030290387865315,0.007234269648458438,0.03929299899841373,-0.03790381898943999,0.12443144864085258,1.080115994271639,0.06867546227098993,-1.2999986455436212,-0.13493140850901858,2.5153190594877377,0.7940673426435875,-0.11600178191631927,0.0150373846216868,-0.29070216359493284,-0.0027408218897996134,0.010448133079109079,0.0013292185957810565,0.046356201171875,-0.11600178191631927,0.0150373846216868,-0.29070216359493284,-0.0027408218897996134,0.010448133079109079,0.0013292185957810565,1.0,-0.0749915492483295,-0.0031532351097596566,0.898404150188853,0.07745148054121638,0.20264022143237426,0.9017930423729275,0.0,40.76833212206603,0.0,3,0.0673
168,1,0.495,0.08646372164153879,0.13243933645108538,0.9117893349986951,0.9898195103942077,0.12445810080820038,0.06872311190788738,0.006682205914314683,0.03723858459036829,-0.03744278685323529,0.12445900453139239,1.0825162957467247,0.0697502887588026,-1.2936331970181263,-0.1332036396863567,2.5082423668487515,0.7908450477434693,0.053692539480498125,0.11283494746613887,-0.07839317018780023,-0.027024859211905783,0.008879573169968846,0.0017622630401508688,0.96923828125,0.053692539480498125,0.11283494746613887,-0.07839317018780023,-0.027024859211905783,0.008879573169968846,0.0017622630401508688,-1.0,-0.0749915492483295,-0.0031532351097596566,0.898404150188853,0.07750990195209181,0.20266681928506547,0.9018344638916093,0.0,36.47084830365169,0.0,3,0.0687
169,0,0.0,0.08704766958473895,0.13328414387715326,0.9126997391124341,0.9897871633691105,0.12535539924116734,0.06755807815804392,0.006580363698751281,0.03535479933096627,-0.03678787958363034,0.12508248301952182,1.0838228315663383,0.07061546374538206,-1.287457355696766,-0.13298547743125583,2.5010793216280542,0.789301388845082,0.10593235081546715,0.06406959700464399,-0.12044415866967517,-0.020738063342840632,0.01089294857573092,0.0014601390091951993,1.021484375,0.10593235081546715,0.06406959700464399,-0.12044415866967517,-0.020738063342840632,0.01089294857573092,0.0014601390091951993,-1.0,-0.0749915492483295,-0.0031532351097596566,0.898404150188853,0.07762878453961526,0.20270953613618004,0.9020162767989779,0.0,28.50734034570722,0.0,3,0.0645
170,0,0.0,0.08805256581296748,0.1338037433216651,0.9134544503724363,0.9897043795934619,0.12619483287860042,0.06713982729808714,0.007235244200739208,0.03561767842069946,-0.03668075821664842,0.1260560020941104,1.0862922617431654,0.07055938956822856,-1.2800420200926694,-0.13418170924176998,2.4952290024355133,0.7888852750809856,0.047811788935723354,0.04431594971926123,-0.2291947476065187,-0.015675131423695948,-0.0019715838134116426,0.0001811472781494683,1.029296875,0.047811788935723354,0.04431594971926123,-0.2291947476065187,-0.015675131423695948,-0.0019715838134116426,0.0001811472781494683,-1.0,-0.0749915492483295,-0.0031532351097596566,0.898404150188853,0.07772260729425541,0.20278499412975032,0.9018970871157883,0.0,26.628230068927582,0.0,3,0.0643
171,0,0.0,0.08908806992948524,0.13401925311685878,0.9133397056416748,0.9896277619778886,0.1268690196787375,0.06690775438419104,0.008031000663420496,0.03695402571839403,-0.03688477090920557,0.12696909989735924,1.090548139549323,0.07008529511296578,-1.2718623271091472,-0.13547999370148092,2.4907237715914956,0.7886058173608265,0.02200325488551136,0.01574119628268611,-0.2911586193722123,-0.002155058058505438,-0.0018896441166655065,0.0013997142030040544,1.01953125,0.02200325488551136,0.01574119628268611,-0.2911586193722123,-0.002155058058505438,-0.0018896441166655065,0.0013997142030040544,-1.0,-0.0749915492483295,-0.0031532351097596566,0.898404150188853,0.07781699755463878,0.20285464669166067,0.9015881010022634,0.0,29.78239200154392,0.0,3,0.0633
172,0,0.0,0.08992137844896977,0.1342030676088864,0.9126279757616138,0.9895632720727784,0.12752919473290808,0.06654833143361544,0.008494388665083112,0.03783748314620475,-0.036991933550629436,0.12763311180501036,1.0955563763141754,0.06980745672960176,-1.2639107739386355,-0.13601171114082986,2.4870060495024497,0.7876299274719494,0.006903336456133502,0.0015711215078985097,-0.29549494925636766,-0.0023140798546299746,6.674579459242658e-06,0.003353449603184122,1.009765625,0.006903336456133502,0.0015711215078985097,-0.29549494925636766,-0.0023140798546299746,6.674579459242658e-06,0.003353449603184122,-1.0,-0.0749915492483295,-0.0031532351097596566,0.898404150188853,0.07791720937690974,0.20290772274908556,0.9012329210981309,0.0,35.39716265153284,0.0,3,0.0643
173,0,0.0,0.09066857607395164,0.13427189154574046,0.9119711124882618,0.9894956077829072,0.1282994118359561,0.06605399076134592,0.008635589463475556,0.03833091426427808,-0.03715352074063331,0.12788815026279424,1.1001541003718738,0.06976599379304518,-1.256473665320095,-0.1357388497423327,2.4831947500495675,0.7855384915537353,-0.020060803596326893,0.008984604337092028,-0.30074419069508207,-0.004647473095991506,-0.00016891048499675931,0.00732134520973543,0.953125,-0.020060803596326893,0.008984604337092028,-0.30074419069508207,-0.004647473095991506,-0.00016891048499675931,0.00732134520973543,-1.0,-0.0749915492483295,-0.0031532351097596566,0.898404150188853,0.07801124938778509,0.20294898220744736,0.9009879395088206,0.0,38.89287337933172,0.0,3,0.0659
174,0,0.0,0.09141525161717873,0.13428617461136802,0.911691167676123,0.9894132128516211,0.12921219930517805,0.0655106596758553,0.008605536251996098,0.03860988378527851,-0.037506912790854816,0.1279126793811242,1.1039026156082192,0.06989397119635692,-1.2495576356330667,-0.13499523610457426,2.479005135013251,0.7826673463433639,-0.07142107036291812,0.038826218763466036,-0.33908647598656094,-0.004697393862369836,-0.003686464609598511,0.0033131663990567106,0.2337646484375,-0.07142107036291812,0.038826218763466036,-0.33908647598656094,-0.004697393862369836,-0.003686464609598511,0.0033131663990567106,1.0,-0.0749915492483295,-0.0031532351097596566,0.898404150188853,0.07808980332909445,0.20297976837667492,0.9008958797623563,0.0,40.24902296514559,0.0,3,0.0658
175,0,0.0,0.09205294197910843,0.1345427236716944,0.9116105164834993,0.9893373232393494,0.13010976476489342,0.06490991675222235,0.008355397395865445,0.03849928369183403,-0.0376361297902368,0.1279904478816708,1.107040594636946,0.07034463225400697,-1.2432711872181035,-0.13400924220187324,2.4747123594448475,0.7798826829156512,-0.12442486566604027,0.04492591982546068,-0.3005159628064423,-0.0017336502987754243,0.006983254473844097,-0.0026688894138658104,0.07763671875,-0.12442486566604027,0.04492591982546068,-0.3005159628064423,-0.0017336502987754243,0.006983254473844097,-0.0026688894138658104,1.0,-0.0749915492483295,-0.0031532351097596566,0.898404150188853,0.07815492987822217,0.2029966653229277,0.9009441146812106,0.0,38.74005992791727,0.0,3,0.062
176,1,0.485,0.09233536519321711,0.1352851327410023,0.9116863446556904,0.9893311144371092,0.13069307469438182,0.06389253975137271,0.007810864079929314,0.03678642911539452,-0.03712851994803134,0.128308624163119,1.1092299766182874,0.07133632106474205,-1.2381240580553914,-0.13284456414162849,2.469739899651878,0.7781568166566837,0.06879245790987587,0.14470295296647362,-0.05368750124254662,-0.025169739119394755,0.009394622692373095,0.006012141075594141,0.916015625,0.06879245790987587,0.14470295296647362,-0.05368750124254662,-0.025169739119394755,0.009394622692373095,0.006012141075594141,-1.0,-0.0749915492483295,-0.0031532351097596566,0.898404150188853,0.07820920116068815,0.20299988433328492,0.9011006043313919,0.0,36.17973545433985,0.0,3,0.0573
177,0,0.0,0.09280137798818364,0.1364362458783924,0.9123151854329653,0.9892649346149976,0.131491090450702,0.06329762195885699,0.007641552697101539,0.03509972995731971,-0.03634219903297273,0.12924124172451917,1.1107770406313597,0.0722746547220188,-1.2328068907471064,-0.13308285298138506,2.4647986117212763,0.7775157102103499,0.13604872724072714,0.10462821024402735,-0.058594400848301365,-0.028403316502868828,0.011244118704642925,0.009416071824361494,0.9404296875,0.13604872724072714,0.10462821024402735,-0.058594400848301365,-0.028403316502868828,0.011244118704642925,0.009416071824361494,-1.0,-0.0749915492483295,-0.0031532351097596566,0.898404150188853,0.07845762644063227,0.2030401509498804,0.9015639118819766,0.0,31.212750666814074,0.0,3,0.0601
178,0,0.0,0.09380593906422934,0.1371876665096556,0.9130148387627671,0.9890928259854879,0.13264202592362945,0.06348100381125407,0.008463846526920565,0.03543812134044816,-0.03618631276635635,0.13054286973678433,1.1132923770795213,0.07218151052092586,-1.2258910489633337,-0.13509985542499156,2.460652996525734,0.7773647794452446,0.08385385613917873,0.07877926071953112,-0.14783150530644584,-0.024061820175256224,-0.0016321193554633684,0.005851008259084439,0.9873046875,0.08385385613917873,0.07877926071953112,-0.14783150530644584,-0.024061820175256224,-0.0016321193554633684,0.005851008259084439,-1.0,-0.0749915492483295,-0.0031532351097596566,0.898404150188853,0.07906121765724053,0.2032345014038181,0.9018827335050469,0.0,28.33977958215529,0.0,3,0.0647
179,0,0.0,0.0949312060262657,0.13757753841646908,0.9131625868489965,0.9889077548837869,0.13378873873851577,0.06378540959412207,0.00966681128262693,0.03685015579899328,-0.036432166124008736,0.13185955677950145,1.1172100133333431,0.07155242265668589,-1.2179299822091965,-0.1375732273745612,2.4570169067917154,0.777316644456861,0.047169785601141045,0.013207474303088329,-0.21458816273357428,-0.00996161919433039,-0.0026973354131630822,0.0012788645906217644,1.0048828125,0.047169785601141045,0.013207474303088329,-0.21458816273357428,-0.00996161919433039,-0.0026973354131630822,0.0012788645906217644,-1.0,-0.0749915492483295,-0.0031532351097596566,0.898404150188853,0.07963213292398934,0.20346305436587664,0.9015938314282056,0.0,27.041090639799158,0.0,2,0.0629
180,0,0.0,0.09584148482223533,0.13777639482470905,0.9127812747183918,0.9887712038045599,0.1347371920894462,0.06374693706220094,0.010664127246041296,0.03777387847129118,-0.03670873434663431,0.13290471334603565,1.1217483710966596,0.07091890166977283,-1.210099028869315,-0.13930228916035178,2.453487483122526,0.7768815852844194,0.011166238597760558,-0.0020886991292983215,-0.255098612967131,-0.001928200382261963,-0.0028143921228004076,0.0012285105854625,1.0029296875,0.011166238597760558,-0.0020886991292983215,-0.255098612967131,-0.001928200382261963,-0.0028143921228004076,0.0012285105854625,-1.0,-0.0749915492483295,-0.0031532351097596566,0.898404150188853,0.07989265268503704,0.2035686961918558,0.9011972734883378,0.0,29.203541128526567,0.0,2,0.0631
181,0,0.0,0.09657662360198443,0.13783660442832596,0.9121965996184319,0.9886908908123677,0.13543215476252934,0.06344006634090113,0.011127077949133429,0.03829501955660618,-0.03697398041613266,0.1334728591795951,1.1262442788937115,0.07054410259531257,-1.2027909921880666,-0.13965762414059127,2.4500250999720867,0.7756035393124472,-0.030641018550244703,0.0006327059598993934,-0.2744979835015101,-0.0036393956846096365,-0.002451516322924674,0.002386652704125941,0.96044921875,-0.030641018550244703,0.0006327059598993934,-0.2744979835015101,-0.0036393956846096365,-0.002451516322924674,0.002386652704125941,-1.0,-0.0749915492483295,-0.0031532351097596566,0.898404150188853,0.07998714462816015,0.20359604074593846,0.9009933019460554,0.0,33.684261442679976,0.0,3,0.0668
182,0,0.0,0.0971874588008923,0.13781421865571167,0.9118267377595994,0.988628921940287,0.13612906258907576,0.06289038197607581,0.011248683332154607,0.038586279855418494,-0.0372397139333311,0.13365431587945692,1.1299038878526555,0.07045978555576449,-1.1962914814550774,-0.13921638956405574,2.446096447114312,0.7734852337517005,-0.0964848805450147,0.010016861439891112,-0.3331525508819273,-0.0054236604958094875,-0.007923917498469851,0.0005336253142644298,0.370361328125,-0.0964848805450147,0.010016861439891112,-0.3331525508819273,-0.0054236604958094875,-0.007923917498469851,0.0005336253142644298,1.0,-0.0749915492483295,-0.0031532351097596566,0.898404150188853,0.08006655959062982,0.20361622143398056,0.9008945060129729,0.0,34.45659000259156,12.915899938048597,4,0.0633
183,0,0.0,0.09761272877474447,0.13786369068640375,0.9118388351181206,0.9885771504885479,0.1368923758938675,0.06205714334067245,0.011162701934062564,0.038479650941396264,-0.037343725176282205,0.13370310639829347,1.1323303459531815,0.07066016076482314,-1.190991601239806,-0.13837159351181555,2.4416211238761076,0.7710114977028476,-0.10367531789233742,0.01419281062848754,-0.2537292456352924,-0.0033575849066674324,0.008703988105512844,-0.003736394323242548,0.40771484375,-0.10367531789233742,0.01419281062848754,-0.2537292456352924,-0.0033575849066674324,0.008703988105512844,-0.003736394323242548,1.0,-0.0749915492483295,-0.0031532351097596566,0.898404150188853,0.08012934214871999,0.20362700259739605,0.9009230660348372,0.0,34.448323051509504,10.672301780626322,4,0.0648
184,1,0.4983,0.09780068617943687,0.13831191001531595,0.9119566579802374,0.9885822629408192,0.13733139749907097,0.061068446586421826,0.010762968516197449,0.036770157914026914,-0.036978256532878846,0.133918226015688,1.134042013475947,0.07130640520437408,-1.1866887588288675,-0.1372638957225533,2.4370927529946553,0.7694304945484776,0.06226970403051879,0.14334225042187476,-0.046526851236474376,-0.02215516896906433,0.01346819618775219,0.00019121807918132117,0.90966796875,0.06226970403051879,0.14334225042187476,-0.046526851236474376,-0.02215516896906433,0.01346819618775219,0.00019121807918132117,-1.0,-0.0749915492483295,-0.0031532351097596566,0.898404150188853,0.08017971787005934,0.20363218457965251,0.9009961082200229,0.0,32.9686400062138,0.0,3,0.0735
185,0,0.0,0.09815537831930564,0.13932482786300326,0.912517694236476,0.9885300811913342,0.13796313803201452,0.06052994170209115,0.010515573296480483,0.03509154105559903,-0.036185814297117834,0.1347248242737164,1.1353948982958646,0.07216590967552206,-1.1820523028908383,-0.13720530600884526,2.4327722549797013,0.768775246939678,0.08079792026656663,0.10522791643017049,-0.09094570406298674,-0.02139508504227161,0.0062575028740926575,0.0033333080011204164,0.9423828125,0.08079792026656663,0.10522791643017049,-0.09094570406298674,-0.02139508504227161,0.0062575028740926575,0.0033333080011204164,-1.0,-0.0749915492483295,-0.0031532351097596566,0.898404150188853,0.08040555291717232,0.20367188258552704,0.9012358846030577,0.0,28.901947323550086,0.0,3,0.0708
186,0,0.0,0.09890869209390532,0.14005554415831226,0.9130518108694357,0.9883926185277924,0.13885793166860455,0.06063261528115439,0.011054067878277549,0.035430854095390006,-0.03594061982858677,0.1358464139890251,1.1376306565716612,0.07220325902401228,-1.176213095496254,-0.13855161741453947,2.4293011227266303,0.7685638555716884,0.032429389039129286,0.05543617396305145,-0.17213777544657982,-0.01792961764723365,-0.002439810651960944,0.0014399974071314658,1.005859375,0.032429389039129286,0.05543617396305145,-0.17213777544657982,-0.01792961764723365,-0.002439810651960944,0.0014399974071314658,-1.0,-0.0749915492483295,-0.0031532351097596566,0.898404150188853,0.08082094234282569,0.2038104588924425,0.9013988837196647,0.0,26.16645123751944,0.0,2,0.0587
187,0,0.0,0.09967014818409697,0.14030896067396778,0.9130166648846739,0.9882567856406379,0.1397043917681161,0.060732956409679364,0.011946403712964123,0.03684139682157627,-0.03611630957736777,0.1368495104798231,1.140894275060104,0.0716542722760468,-1.1699933610703144,-0.14017315600585495,2.4264041210924976,0.7683208142616189,0.005670690053735328,0.017336502714284774,-0.21378936512333513,-0.004046813552148962,-0.006185625360355496,-0.0017524465199669215,1.01953125,0.005670690053735328,0.017336502714284774,-0.21378936512333513,-0.004046813552148962,-0.006185625360355496,-0.0017524465199669215,-1.0,-0.0749915492483295,-0.0031532351097596566,0.898404150188853,0.08106995694515433,0.20389411754074938,0.9012646918939702,0.0,26.553719734259687,0.0,2,0.0391
188,0,0.0,0.10032063717467868,0.14038836990917966,0.912689993615389,0.9881694771037073,0.140278661717372,0.06070586539438458,0.012561030773250832,0.03776801563412509,-0.03636205481644136,0.13754508409872465,1.1443885221118826,0.07113781545189367,-1.1640773223079304,-0.14095857948040763,2.4238727206186117,0.7677800055872605,-0.009891470776541844,0.003354111049096997,-0.24140493964874565,-0.0013766564311464835,-0.0032533547839403987,-0.0006950124116220091,1.0126953125,-0.009891470776541844,0.003354111049096997,-0.24140493964874565,-0.0013766564311464835,-0.0032533547839403987,-0.0006950124116220091,-1.0,-0.0749915492483295,-0.0031532351097596566,0.898404150188853,0.08115962780488194,0.20391633023341865,0.9011191395277913,0.0,29.22149754493359,0.0,3,0.0398
189,0,0.0,0.10091431713992413,0.14036415628161092,0.9123389188293741,0.9881057011399859,0.1407477618692702,0.06061576360650253,0.01276401605480881,0.0382892293527427,-0.03664266319590158,0.13783948968227205,1.1476917019948867,0.07084077125450429,-1.1585890774355219,-0.14079728654873327,2.421528545122307,0.7664637780610619,-0.0326954292209084,0.004667892816295871,-0.27929076916294504,-0.011011565635577952,-0.001597002342572179,0.001178156580303208,1.0087890625,-0.0326954292209084,0.004667892816295871,-0.27929076916294504,-0.011011565635577952,-0.001597002342572179,0.001178156580303208,-1.0,-0.0749915492483295,-0.0031532351097596566,0.898404150188853,0.08123885302461208,0.20393588971855875,0.9010031687453386,0.0,31.32390104542585,0.0,3,0.041
190,0,0.0,0.10148673537430387,0.14018064495587126,0.9120023445975812,0.988034971103228,0.14128774418255766,0.06048028038062972,0.012915297361139607,0.03857963511028419,-0.03703712692322692,0.13790079052653528,1.150820018417119,0.07055647740487897,-1.1533807042460775,-0.14049220650242816,2.419219319845227,0.7646905154192128,-0.07049658556111948,0.014662018402487043,-0.32311052378177807,-0.013633211044091792,-0.009589049193060889,0.0019032542545968645,0.93212890625,-0.07049658556111948,0.014662018402487043,-0.32311052378177807,-0.013633211044091792,-0.009589049193060889,0.0019032542545968645,-1.0,-0.0749915492483295,-0.0031532351097596566,0.898404150188853,0.08131003802749585,0.20395130425245991,0.9009113064836792,0.0,33.455413045136446,18.2681936077054,4,0.0422
191,0,0.0,0.10198249231027359,0.13999484485133298,0.9120326439035426,0.9879389376760068,0.14208876228113912,0.060121995140531806,0.013144761593040856,0.03874547614415102,-0.03739216025093101,0.13791414466331625,1.152983467264911,0.07039645202096899,-1.1488016091030124,-0.14036737513344846,2.4161058791638195,0.7625304477555344,-0.159760729201455,-0.0029332731224975817,-0.29344089825860986,-0.0014531479280165127,-0.0010234244653492541,-0.0032227834706179126,0.07330322265625,-0.159760729201455,-0.0029332731224975817,-0.29344089825860986,-0.0014531479280165127,-0.0010234244653492541,-0.0032227834706179126,1.0,-0.0749915492483295,-0.0031532351097596566,0.898404150188853,0.08137492775306403,0.2039608990542093,0.9009509800192007,0.0,32.62772151291043,0.0,3,0.0413
192,1,0.4734,0.10220899344824716,0.1400404662978435,0.9121314857332663,0.9879274928935994,0.14246272083941947,0.059438539764160934,0.013065295507571488,0.03859326133071922,-0.037459643459908,0.1379517505093065,1.1544043298129973,0.07059026265130108,-1.1452922322460695,-0.1397514143088651,2.412651554954934,0.7611820548238418,0.03361067517476091,0.13534225787518173,-0.03987971397984147,-0.022850839003755966,0.008938101524787523,-0.0017625173209987743,0.900390625,0.03361067517476091,0.13534225787518173,-0.03987971397984147,-0.022850839003755966,0.008938101524787523,-0.0017625173209987743,-1.0,-0.0749915492483295,-0.0031532351097596566,0.898404150188853,0.08141044544452117,0.2039720953900258,0.9010131027130521,0.0,31.476344562610237,0.0,3,0.0417
193,0,0.0,0.10254420358999347,0.1404636185082861,0.9127324075957997,0.9878914808521292,0.1428751171974315,0.05904609212047626,0.013064530259699461,0.038131093366887886,-0.03725891639492773,0.13839044419009394,1.1551059607979552,0.0709082026528458,-1.141874368382193,-0.13975417296178436,2.4091839434929097,0.7605341358695522,0.03617868851309047,0.13149475412838507,-0.06167547734493817,-0.025182621897814964,0.0016220571724543942,3.0085262671619706e-05,0.8994140625,0.03617868851309047,0.13149475412838507,-0.06167547734493817,-0.025182621897814964,0.0016220571724543942,3.0085262671619706e-05,-1.0,-0.0749915492483295,-0.0031532351097596566,0.898404150188853,0.08152169787183407,0.2040101455437553,0.9012142668224844,0.0,27.340638302754087,0.0,3,0.0392
194,0,0.0,0.10313057688238987,0.14087985020845273,0.9135085896129127,0.9877770991290098,0.1435883738995453,0.059085816113213084,0.013698454343366839,0.038422436497490685,-0.03724470506979183,0.13925450986496007,1.1560416951035377,0.07077122946072995,-1.1378038803465695,-0.14107204456680128,2.4060456260181033,0.7604386548857578,0.010036312728895602,0.07209304994003696,-0.13584954115285863,-0.01403257717511848,0.0004983127599360315,-0.0012891896725015228,0.97607421875,0.010036312728895602,0.07209304994003696,-0.13584954115285863,-0.01403257717511848,0.0004983127599360315,-0.0012891896725015228,-1.0,-0.0749915492483295,-0.0031532351097596566,0.898404150188853,0.08170354571359774,0.20407517670869507,0.9013582257824214,0.0,22.65629984424714,0.0,2,0.0402
195,0,0.0,0.10365367567667357,0.14121209020899,0.9137778215146454,0.9876611310324203,0.14428425835145575,0.0591502030073271,0.014449793213793952,0.03865280749423276,-0.03724125909549854,0.1401802436384373,1.157862884641019,0.07041575784733109,-1.1335332323208955,-0.14250140696711466,2.403604049066422,0.7604827585561488,-0.006758494503779744,0.02667373741687662,-0.1975851850299125,-0.000845443114725411,-0.001737470394136964,-0.0034946950984780234,1.0009765625,-0.006758494503779744,0.02667373741687662,-0.1975851850299125,-0.000845443114725411,-0.001737470394136964,-0.0034946950984780234,-1.0,-0.0749915492483295,-0.0031532351097596566,0.898404150188853,0.08181506095743021,0.20410825775752964,0.901334061624818,0.0,21.677860629196335,0.0,2,0.0404
196,0,0.0,0.10411797811541795,0.1414401922980731,0.913566901298984,0.9875973831862106,0.14464015516012557,0.059258042825647,0.014802655149528695,0.03878304184542351,-0.03725417142659381,0.1408133011163888,1.1604389563232194,0.07012627507749909,-1.1292286791981494,-0.14296815780221145,2.402068235171736,0.7603030965758321,-0.00357415796425109,0.014286652183287396,-0.2395791165396276,-0.00037361135508501286,0.000872894230775495,-0.0031321462613311812,1.0029296875,-0.00357415796425109,0.014286652183287396,-0.2395791165396276,-0.00037361135508501286,0.000872894230775495,-0.0031321462613311812,-1.0,-0.0749915492483295,-0.0031532351097596566,0.898404150188853,0.081881934383778,0.20412540224175432,0.901247776413396,0.0,22.99701921990984,0.0,2,0.0386
197,0,0.0,0.10461648234069908,0.14158167450402345,0.9130560695507283,0.9875463829599959,0.14487855150720064,0.05952960339819881,0.014784219122316306,0.03885497015148849,-0.03732470550794967,0.1411049682406566,1.1636231418271172,0.07000265271832028,-1.1247408027460326,-0.14271187927744283,2.4013566840774465,0.759554436789122,-0.019547200928661024,-0.003871688670496698,-0.2818012759379823,-0.0008361836177358806,0.002125401023894913,-0.0026386770107702517,1.0068359375,-0.019547200928661024,-0.003871688670496698,-0.2818012759379823,-0.0008361836177358806,0.002125401023894913,-0.0026386770107702517,-1.0,-0.0749915492483295,-0.0031532351097596566,0.898404150188853,0.08194496509052769,0.2041396817890502,0.9011427125806089,0.0,25.899843774606538,0.0,2,0.0393
198,0,0.0,0.1051254227249629,0.14158642880691527,0.9123919659602352,0.987493130317705,0.14515755781190945,0.05977659233759639,0.014606847501287802,0.03890271608654236,-0.03751763810283195,0.14113087427372667,1.1671277224070513,0.06994666181498427,-1.120051625361059,-0.1420610366023487,2.4007298656773757,0.7581926985603169,-0.03361991402270703,0.000351181295499603,-0.30804748313155417,-0.0016401746701990572,-0.0035752607354430643,-0.0014603932900430772,0.97265625,-0.03361991402270703,0.000351181295499603,-0.30804748313155417,-0.0016401746701990572,-0.0035752607354430643,-0.0014603932900430772,-1.0,-0.0749915492483295,-0.0031532351097596566,0.898404150188853,0.08200950466338061,0.2041532934310004,0.9009978718435213,0.0,31.30147117498253,0.0,3,0.0407
199,0,0.0,0.10560034573422789,0.14151355589409417,0.9120817810949614,0.9874171386906281,0.14572163454166973,0.059722645708619855,0.014345906596613963,0.038947499641403066,-0.0377533144439689,0.14097174038889884,1.1698466915898522,0.07001719495416951,-1.1155732640821252,-0.14104447971586484,2.3989366616153416,0.7558117959303554,-0.11076303470612703,-0.012223587047689444,-0.3039393811360386,-0.0007262774143384221,-0.0015267683167897728,-0.006062749361601311,0.183837890625,-0.11076303470612703,-0.012223587047689444,-0.3039393811360386,-0.0007262774143384221,-0.0015267683167897728,-0.006062749361601311,1.0,-0.0749915492483295,-0.0031532351097596566,0.898404150188853,0.08207843821022716,0.20416567950389858,0.9009521570130286,0.0,32.08855368772875,14.950481315992102,5,0.0398
200,1,0.4589,0.10590673594010493,0.1414684539796825,0.9121546860669172,0.9873899401949433,0.14615696340440587,0.05920838193762574,0.01391458078981359,0.03874324667027926,-0.03787347085540308,0.1407510559125356,1.171515277922851,0.07023761182107943,-1.111850125886585,-0.13951336157350208,2.395962702272631,0.7534395854252834,0.06226970403051879,0.11684374138524789,-0.022306166554580287,-0.01711800260676008,0.006971548802880367,-0.003061650654108211,0.89697265625,0.06226970403051879,0.11684374138524789,-0.022306166554580287,-0.01711800260676008,0.006971548802880367,-0.003061650654108211,-1.0,-0.0749915492483295,-0.0031532351097596566,0.898404150188853,0.0821265609028425,0.20417223897947975,0.9009992727853493,0.0,31.328288766499583,0.0,4,0.0431
201,0,0.0,0.10641980309669286,0.141768594141363,0.9127467083459426,0.9873301116634539,0.1466202831468429,0.059119843406233795,0.013659695757672096,0.03823065878002346,-0.03777961774438932,0.140952015567755,1.172626728879095,0.0705333608813842,-1.1078596886303866,-0.13878897583630326,2.3930146653368918,0.7518979519147488,0.06393891270043306,0.11718978211857256,-0.04698330701375386,-0.02058347000179804,0.0023243974302783743,-0.0011784108611511135,0.89404296875,0.06393891270043306,0.11718978211857256,-0.04698330701375386,-0.02058347000179804,0.0023243974302783743,-0.0011784108611511135,-1.0,-0.0749915492483295,-0.0031532351097596566,0.898404150188853,0.08231916514382269,0.20422815848413908,0.901227006432742,0.0,26.579662152581243,0.0,3,0.0395
202,0,0.0,0.10718896127543528,0.14213609971473865,0.9135733246485995,0.9872025658455964,0.1473175919644033,0.059440967808095366,0.013978284290851557,0.03848347231186401,-0.03778900111977256,0.14157700788622413,1.1739810543390123,0.07049840964333483,-1.1030692502034372,-0.13933884267552346,2.3902049930586826,0.751043747445443,0.022208695952577684,0.05853294527144881,-0.11171444192920454,-0.011533318161596667,0.0018444649207653152,-0.0020243581478270323,0.9677734375,0.022208695952577684,0.05853294527144881,-0.11171444192920454,-0.011533318161596667,0.0018444649207653152,-0.0020243581478270323,-1.0,-0.0749915492483295,-0.0031532351097596566,0.898404150188853,0.08265940811589273,0.2043447559524589,0.901429812582994,0.0,21.73905506002516,0.0,2,0.0532
203,0,0.0,0.10779954991607069,0.14242248136658042,0.9139215045388951,0.987103639128288,0.1478941068435098,0.05953217294628716,0.014479612043974056,0.03868701076503401,-0.03779972751132699,0.14229369952643167,1.1760280300446277,0.07027307375825717,-1.0981766209287158,-0.14015729053737289,2.3874495219894203,0.7506792505506041,-0.012151322514271867,0.01348899896748812,-0.19256417147983795,-0.0007367446718048454,-0.002662218400271865,-0.005589421713104087,0.99267578125,-0.012151322514271867,0.01348899896748812,-0.19256417147983795,-0.0007367446718048454,-0.002662218400271865,-0.005589421713104087,-1.0,-0.0749915492483295,-0.0031532351097596566,0.898404150188853,0.08281238616985052,0.20439186516167715,0.9013754898644731,0.0,19.652471310304964,0.0,2,0.038
204,0,0.0,0.10827119876818724,0.14258576405390389,0.9137657520991125,0.9870646527832083,0.14813785634447213,0.05951285426205647,0.014723006527597823,0.03880204175841945,-0.03782684767198558,0.142783656757521,1.1787208589304052,0.07005979601667174,-1.0934343526859072,-0.140329715044678,2.3853589438971605,0.7503588289616436,-0.013692130517269585,0.006732407021894038,-0.24825177630793827,-0.0002681336067694995,-0.00034449554945273353,-0.003655827914987725,0.998046875,-0.013692130517269585,0.006732407021894038,-0.24825177630793827,-0.0002681336067694995,-0.00034449554945273353,-0.003655827914987725,-1.0,-0.0749915492483295,-0.0031532351097596566,0.898404150188853,0.08287705075761771,0.20440809162239237,0.9012988032430592,0.0,20.93859379776117,0.0,2,0.0408
205,0,0.0,0.10874734029358396,0.14269315432497937,0.9132151125039083,0.9870298850147494,0.1483024918818095,0.05969279731897044,0.014667887975153945,0.038866676573135736,-0.03788868296772776,0.14301009859596617,1.1821160862854525,0.0699877876605348,-1.0886140949064382,-0.13999995193889894,2.3843506018484524,0.7496325029308437,-0.01348668945020326,-0.012505111712089234,-0.26856405839687647,-0.00046218045672399843,0.001540117475708258,-0.004189580369676094,1.0048828125,-0.01348668945020326,-0.012505111712089234,-0.26856405839687647,-0.00046218045672399843,0.001540117475708258,-0.004189580369676094,-1.0,-0.0749915492483295,-0.0031532351097596566,0.898404150188853,0.08293656104667216,0.20442081046276994,0.9011785337768505,0.0,25.35861013085145,0.0,3,0.0421
206,0,0.0,0.10925917933785706,0.14268164137597386,0.9125723234836213,0.9869866384373048,0.14852295080097125,0.05990729205742196,0.01447152341485339,0.03891326163027868,-0.03807319929205189,0.14300536366214636,1.185734984258419,0.06996097347309381,-1.0836095292329857,-0.13931095771668908,2.383460033562165,0.7483203630784014,-0.022012493733457372,-0.01090980528049057,-0.2692487420627958,-0.0011856289823842237,-0.0025100446777433505,-0.003393987088159467,0.98193359375,-0.022012493733457372,-0.01090980528049057,-0.2692487420627958,-0.0011856289823842237,-0.0025100446777433505,-0.003393987088159467,-1.0,-0.0749915492483295,-0.0031532351097596566,0.898404150188853,0.08300158767064666,0.20443525813626182,0.9009921255379119,0.0,31.143264927541434,0.0,4,0.0431
207,0,0.0,0.10976165182594066,0.14256464646131017,0.9121606925958959,0.986934218904769,0.1488920567163708,0.05991668523409121,0.014212453418044732,0.038957562611335074,-0.03833688557878893,0.14283766093532896,1.1888702483317943,0.06997484864576287,-1.0786847952610148,-0.13830903884374057,2.381759164283968,0.7463102273481049,-0.08302849065216777,-0.011003646835290537,-0.2619454496263236,-0.0006747463006575583,-0.0005551976267999525,-0.010257237991369378,0.1787109375,-0.08302849065216777,-0.011003646835290537,-0.2619454496263236,-0.0006747463006575583,-0.0005551976267999525,-0.010257237991369378,1.0,-0.0749915492483295,-0.0031532351097596566,0.898404150188853,0.08307686064095744,0.2044501337738987,0.9008982393966046,0.0,33.80097666003722,12.551488827019858,5,0.0413
208,1,0.4641,0.11006474678763165,0.14249559615791652,0.912212545103416,0.9869273478562159,0.1492079834178322,0.059331305206508374,0.013826928811947302,0.03875147493703921,-0.038464610609268764,0.14264883665417533,1.1907640910800152,0.070157757053167,-1.0745282360760016,-0.13688355870070112,2.37841307244177,0.7442408515842605,0.06707188897319505,0.12148889834784382,-0.026200304904496097,-0.01698917482255792,0.009207331956953363,-0.002054570550922591,0.9052734375,0.06707188897319505,0.12148889834784382,-0.026200304904496097,-0.01698917482255792,0.009207331956953363,-0.002054570550922591,-1.0,-0.0749915492483295,-0.0031532351097596566,0.898404150188853,0.0831394994126915,0.20445685600347305,0.9010175171790501,0.0,33.808151916938904,0.0,4,0.0428
209,0,0.0,0.11056579421902424,0.14284624954847616,0.9127632498144871,0.9868732858753475,0.1496459143931792,0.05918289507380361,0.013586863571328468,0.0382376690541617,-0.03830430109654094,0.1429260865683016,1.1922007747035164,0.07048618085050565,-1.0700309170932232,-0.136251621982496,2.375161806273587,0.7428579433354535,0.06686644790612872,0.12591118161779002,-0.05528509646302493,-0.014051901342748793,0.0017391138820917196,-0.002497685796324256,0.8974609375,0.06686644790612872,0.12591118161779002,-0.05528509646302493,-0.014051901342748793,0.0017391138820917196,-0.002497685796324256,-1.0,-0.0749915492483295,-0.0031532351097596566,0.898404150188853,0.08344421635612707,0.2045365350540732,0.9013737600875045,0.0,30.340996666425337,0.0,4,0.0414
210,0,0.0,0.1113643490217084,0.1433107103434785,0.91350653318138,0.9867553805366547,0.15024681437132104,0.05957978010729114,0.013782726711270891,0.03848852820518424,-0.03827380205145325,0.14360060609792688,1.1940605848730104,0.07053550735483112,-1.0645945161966976,-0.13658381395521313,2.372389346752438,0.7420838667034694,0.024468547690307707,0.06885551629943976,-0.11490963237016105,-0.0014550602154382586,-0.00013379347210554227,-0.004622624814045906,0.900390625,0.024468547690307707,0.06885551629943976,-0.11490963237016105,-0.0014550602154382586,-0.00013379347210554227,-0.004622624814045906,-1.0,-0.0749915492483295,-0.0031532351097596566,0.898404150188853,0.08397206233873183,0.20474071815771316,0.9016106970484581,0.0,25.333215085378153,0.0,3,0.0405
211,0,0.0,0.11201983316804294,0.1437276962160383,0.9138011352601795,0.986675855285947,0.15067066297008136,0.059786474658243105,0.01395296971399488,0.03869002000423914,-0.038238300446068664,0.14425972576776686,1.1965758342596258,0.07052352432449169,-1.0590696110700981,-0.13677188715235894,2.3697455904303597,0.7415584343904612,0.010858076997161015,0.04295524717466237,-0.1620957483464306,-0.0007959249351727066,-0.005442315254158475,-0.007331670291615189,0.94970703125,0.010858076997161015,0.04295524717466237,-0.1620957483464306,-0.0007959249351727066,-0.005442315254158475,-0.007331670291615189,-1.0,-0.0749915492483295,-0.0031532351097596566,0.898404150188853,0.0843148985195891,0.2048847041222344,0.901519809605767,0.0,23.12591965924363,0.0,3,0.0412
212,0,0.0,0.11254675847288147,0.1439559822174553,0.9136917930492287,0.9866331573794842,0.15092140006956833,0.05984587939295798,0.014007657909640982,0.038802762599630385,-0.03823706815739136,0.14467713072011643,1.1995186937632094,0.07048122322726193,-1.05377301239664,-0.13665325786390486,2.3675324363382733,0.7409504173138223,-0.02067712679752598,0.03216346837267181,-0.24437190220106242,-0.0004943874027745349,-0.004072751751401704,-0.004088872359357537,0.77880859375,-0.02067712679752598,0.03216346837267181,-0.24437190220106242,-0.0004943874027745349,-0.004072751751401704,-0.004088872359357537,-1.0,-0.0749915492483295,-0.0031532351097596566,0.898404150188853,0.08445713329025738,0.20493464730111632,0.9013291298330112,0.0,22.950417352309337,0.0,3,0.0401
213,0,0.0,0.11301648400536851,0.14410942982587055,0.9132496501349677,0.9865911310856054,0.15115820480075204,0.05995839556435647,0.013932981948845373,0.038867762596309696,-0.038249724872045164,0.1449325540382625,1.2029009365516845,0.07048116472896569,-1.048634595686008,-0.13630444616238915,2.366045009443742,0.7400855401705404,-0.00408776063191707,-0.0030271146772974378,-0.268107602619597,-0.0003381837144294242,0.00046319574704484223,-0.0036759695170514306,1.001953125,-0.00408776063191707,-0.0030271146772974378,-0.268107602619597,-0.0003381837144294242,0.00046319574704484223,-0.0036759695170514306,-1.0,-0.0749915492483295,-0.0031532351097596566,0.898404150188853,0.08452840398716202,0.204955172168341,0.901158472919999,0.0,27.272612339367917,0.0,3,0.0406
214,0,0.0,0.1135131532540197,0.1441486817158429,0.9126429222536787,0.9865374864771413,0.1514452743715415,0.06016044692921735,0.013741807419995,0.038914363242528206,-0.038340723560529144,0.144996954964488,1.2066009036216123,0.07047311824109599,-1.0433783333317677,-0.13564090851735616,2.3649654407115412,0.7387127193120161,-0.03166822388557655,0.0005388644050994262,-0.25806557551944775,-0.0006465652228633406,-0.002053523510157751,-0.002054570550922591,0.9755859375,-0.03166822388557655,0.0005388644050994262,-0.25806557551944775,-0.0006465652228633406,-0.002053523510157751,-0.002054570550922591,-1.0,-0.0749915492483295,-0.0031532351097596566,0.898404150188853,0.08460274641360442,0.20497118420653504,0.9009617490265835,0.0,33.799552917177564,0.0,4,0.0412
215,0,0.0,0.11398380458921904,0.14409893469048837,0.9122855879488246,0.9864824078116272,0.15184729858017254,0.060113756196112936,0.013460806367799385,0.03895876415179972,-0.03851245567462531,0.14492047886071888,1.2097750227902628,0.0705047036899398,-1.0382258959368655,-0.13459004407407443,2.362967329773994,0.7367076995623674,-0.07039386502758627,0.0042925265970961135,-0.2592067149626466,-0.0007810292226243382,0.0017391138820917196,-0.006717351428671969,0.447021484375,-0.07039386502758627,0.0042925265970961135,-0.2592067149626466,-0.0007810292226243382,0.0017391138820917196,-0.006717351428671969,1.0,-0.0749915492483295,-0.0031532351097596566,0.898404150188853,0.08468046395149433,0.20498646167237608,0.9008852946302408,0.0,36.161524271110345,0.0,4,0.0566
216,1,0.4643,0.11429219769888677,0.1441313867112017,0.9121859672177763,0.9864684500564246,0.1521608977734928,0.059638097042541915,0.01305203482923012,0.03875204685982877,-0.0385654952877804,0.14487301543616687,1.2121800619925927,0.07067728821425551,-1.0335778262987376,-0.1332051344383803,2.359847127014133,0.7347731438981662,0.07214371531639596,0.0941810059010677,-0.029680780206252422,-0.005906764686567562,0.02269226490717377,-0.005730412927550055,0.916015625,0.07214371531639596,0.0941810059010677,-0.029680780206252422,-0.005906764686567562,0.02269226490717377,-0.005730412927550055,-1.0,-0.0749915492483295,-0.0031532351097596566,0.898404150188853,0.08475025427690418,0.20499657898377402,0.9009383013361091,0.0,36.42431184673623,0.0,4,0.0442
217,0,0.0,0.11470412191184728,0.1445158165117091,0.9126930537583087,0.9864435238273398,0.152527216819611,0.059219274060071464,0.01255786638570058,0.038238158533055455,-0.03835150373436272,0.1450613164261826,1.2138519319555872,0.07116109137764996,-1.0286100701959233,-0.1319482671124759,2.355822631605374,0.7330626558922253,0.07618833632426503,0.10394932524602163,-0.0725733590274864,-0.001958193100771527,0.009839438188994964,-0.00536786409040324,0.912109375,0.07618833632426503,0.10394932524602163,-0.0725733590274864,-0.001958193100771527,0.009839438188994964,-0.00536786409040324,-1.0,-0.0749915492483295,-0.0031532351097596566,0.898404150188853,0.08496686676126917,0.20504969126081649,0.9012193812196676,0.0,28.61920952527051,0.0,4,0.042
218,0,0.0,0.1154684247319672,0.1449150462665926,0.9134842841608606,0.9863722047125915,0.1529677252108899,0.05934252050261592,0.012215321306589269,0.03848778521788769,-0.038318068213213693,0.1453398635107976,1.2159461772146207,0.07152323019333806,-1.0224949163876587,-0.13102340559607306,2.3521696394922267,0.7314056814175934,0.024057665556174945,0.070849649338938,-0.1205582726139951,-0.0010873977969300813,0.0016571741853455835,-0.009094060472189996,0.888671875,0.024057665556174945,0.070849649338938,-0.1205582726139951,-0.0010873977969300813,0.0016571741853455835,-0.009094060472189996,-1.0,-0.0749915492483295,-0.0031532351097596566,0.898404150188853,0.0853303988689427,0.20518327674069817,0.9014245421900945,0.0,23.39592565033953,0.0,3,0.0452
219,0,0.0,0.11615988549827552,0.14520390033278546,0.913842820677195,0.986325861409864,0.1532630645378314,0.05940110516773294,0.01196816056931816,0.038690519953853995,-0.03831569558530955,0.14563444074747764,1.218770630611487,0.07169986618325865,-1.0161471110653366,-0.13021287370724366,2.3487931689336676,0.7300992796667178,0.008238703392064894,0.060269014035247315,-0.14794561925076566,-0.0006723307797037725,-0.004517567248023546,-0.009522069516043896,0.8154296875,0.008238703392064894,0.060269014035247315,-0.14794561925076566,-0.0006723307797037725,-0.004517567248023546,-0.009522069516043896,-1.0,-0.0749915492483295,-0.0031532351097596566,0.898404150188853,0.08560898099959992,0.2052824177818549,0.9014339272281517,0.0,21.22086080796013,0.0,3,0.0418
