step,query,infer_s,eef_x,eef_y,eef_z,eef_qx,eef_qy,eef_qz,eef_qw,gripper_q0,gripper_q1,joint_0,joint_1,joint_2,joint_3,joint_4,joint_5,joint_6,act_raw_0,act_raw_1,act_raw_2,act_raw_3,act_raw_4,act_raw_5,act_raw_6,act_env_0,act_env_1,act_env_2,act_env_3,act_env_4,act_env_5,act_env_6,akita_black_bowl_1_x,akita_black_bowl_1_y,akita_black_bowl_1_z,plate_1_x,plate_1_y,plate_1_z,force_akita_black_bowl_1,force_plate_1,force_other,n_contacts,sim_s
0,1,0.4905,-0.2046781611520502,-0.004528024466727361,1.1795610474634572,0.9996180497821388,-0.0006814582109502809,-0.027626925040522977,-0.0002077913967329665,0.0387238518488667,-0.038721734573919475,-0.00937178806501825,-0.16049009535530892,-0.0005318481795398893,-2.4261888310354296,-0.00022959198947769562,2.210412800907429,0.7774841488440875,0.04647642199979207,0.028691330845074803,0.041426471348071425,-0.00048230979800559237,0.004864528029408427,-0.0020847829540181495,0.99560546875,0.04647642199979207,0.028691330845074803,0.041426471348071425,-0.00048230979800559237,0.004864528029408427,-0.0020847829540181495,-1.0,0.07741580145268888,0.04248827112090331,0.917163822076788,0.06757807731922803,0.21170738476174408,0.9024995673059236,0.0,0.0,0.0,0,0.0385
1,0,0.0,-0.20445762785182386,-0.0043574344539845655,1.1797557054100265,0.999618437663575,-0.0005259964291702834,-0.0276164075051225,-0.00019091175823293845,0.038849259649307126,-0.03884085424558573,-0.008840545999905712,-0.16015798049633145,-0.0006595027519656988,-2.4252454900451648,-0.00027315196417095826,2.209858707041647,0.7776166071153418,0.15826204261727783,0.06456226516734354,0.09591587976081306,-0.005800481764600782,0.0013411210693247966,-0.003796819129433693,0.9990234375,0.15826204261727783,0.06456226516734354,0.09591587976081306,-0.005800481764600782,0.0013411210693247966,-0.003796819129433693,-1.0,0.07741580147884558,0.04248827094672045,0.9171640138125946,0.06757807732840211,0.21170738479175225,0.9024997617621902,0.0,0.0,0.0,0,0.0347
2,0,0.0,-0.20353310579031172,-0.0039182620474514695,1.1803623107023173,0.9996417938425475,-0.00048238266696543075,-0.026758896456956067,-0.00011300717018542308,0.038921906457361516,-0.03890489954205344,-0.008176555685144873,-0.1591906833416971,-0.0002872412946345161,-2.422793933954504,-0.0003211183062126964,2.210166174726372,0.7785973321037998,0.3343250370931524,0.13928360317677835,0.13848038099212756,-0.01133363509608333,0.0013060040564336073,-0.0033839162871275863,1.005859375,0.3343250370931524,0.13928360317677835,0.13848038099212756,-0.01133363509608333,0.0013060040564336073,-0.0033839162871275863,-1.0,0.07741580148493453,0.042488270908515716,0.9171640658369243,0.06757807733055159,0.21170738480069565,0.9024998147869767,0.0,0.0,0.0,0,0.0348
3,0,0.0,-0.20128376448486732,-0.0028810573601317914,1.1812879953804163,0.9996949523686032,-0.000406089179097735,-0.024694527044939348,0.00013279435545485163,0.03897445930884185,-0.03895086381636675,-0.007209960757797909,-0.15594294722930446,0.0012054146516195924,-2.417510420086982,-0.0004793656716991118,2.212355647168019,0.7809696330858306,0.5870175495847813,0.2694887604616647,0.16872057623689507,-0.024396772414181825,0.0036822552620714155,0.001943537458724276,1.01171875,0.5870175495847813,0.2694887604616647,0.16872057623689507,-0.024396772414181825,0.0036822552620714155,0.001943537458724276,-1.0,0.07741580148630228,0.042488270900618255,0.9171640799529795,0.06757807733104296,0.21170738480333853,0.9024998292459088,0.0,0.0,0.0,0,0.035
4,0,0.0,-0.19700386467417902,-0.0007139145357049794,1.1822313135577007,0.9997755940887372,9.006087861529455e-06,-0.02117039308976206,0.0007588411073580076,0.03902404365926261,-0.03899316823661843,-0.005695444239558551,-0.14810211671057327,0.004811321245771126,-2.40783613214147,-0.0011542714705307367,2.2176816371827766,0.7855944404143276,0.7846518561026244,0.3567614064255884,0.17522507106312823,-0.02979465657225211,0.003003326346174895,0.006012141075594141,1.013671875,0.7846518561026244,0.3567614064255884,0.17522507106312823,-0.02979465657225211,0.003003326346174895,0.006012141075594141,-1.0,0.07741580148657923,0.04248827089926134,0.9171640837831744,0.0675780773311514,0.211707384804114,0.9024998331886069,0.0,0.0,0.0,0,0.0354
5,0,0.0,-0.19048637114513528,0.002785001066607708,1.1829267156627086,0.9998604981485811,0.0007718813126270097,-0.016582796960128536,0.0018437153490428277,0.0390690232693919,-0.03903333157988495,-0.0035938135072297967,-0.134323260986336,0.010766535388351147,-2.3927434481995427,-0.0027014781375225482,2.2255806247473258,0.793018620918558,0.8561453474417194,0.4108141419903413,0.16290076507658124,-0.03293805450678468,0.0031555000687034096,0.007059504382907172,1.0107421875,0.8561453474417194,0.4108141419903413,0.16290076507658124,-0.03293805450678468,0.0031555000687034096,0.007059504382907172,-1.0,0.0774158014866101,0.042488270899249135,0.9171640848224447,0.06757807733117412,0.2117073848043402,0.9024998342637116,0.0,0.0,0.0,0,0.0408
6,0,0.0,-0.18236058764108956,0.007336650041807377,1.1833292933970652,0.9999215247184716,0.0016348724871872444,-0.011988163372341732,0.0032489283762371624,0.03911173209383528,-0.03907196926505575,-0.0010950949633128635,-0.11542536321611999,0.018409503128546202,-2.3725444428230618,-0.00524346888621963,2.2333661933877784,0.8030019504845507,0.8898376824406032,0.429394769840725,0.14270259693196308,-0.03943097483057327,0.0019498159594389108,0.007301203607671725,1.009765625,0.8898376824406032,0.429394769840725,0.14270259693196308,-0.03943097483057327,0.0019498159594389108,0.007301203607671725,-1.0,0.07741580148658733,0.042488270899491906,0.9171640851044363,0.06757807733117846,0.21170738480440587,0.9024998345568738,0.0,0.0,0.0,0,0.0406
7,0,0.0,-0.1732279226305298,0.012489739794988965,1.1835691675164253,0.9999530566490242,0.0024234899300802915,-0.007922025119988785,0.005025207739860059,0.03915197157893478,-0.03910958158029371,0.0015691315930143554,-0.0928388122986672,0.026931759135045495,-2.3479985187645394,-0.009309647693547125,2.2393342681900537,0.8151851171195874,0.9136688462203014,0.41982293125113346,0.11303297140879476,-0.04437796174393602,0.0024063371270245104,0.008006159679901648,1.0087890625,0.9136688462203014,0.41982293125113346,0.11303297140879476,-0.04437796174393602,0.0024063371270245104,0.008006159679901648,-1.0,0.07741580148655348,0.042488270899775804,0.9171640851809508,0.06757807733117915,0.2117073848044248,0.9024998346368139,0.0,0.0,0.0,0,0.035
8,1,0.4636,-0.16337479313926964,0.01783556926861676,1.1836472764405794,0.9999592061859884,0.003103429408235714,-0.004437307931282074,0.0072294528228499105,0.03918977928503264,-0.03914628728517945,0.004223294055335546,-0.06736209596810032,0.035645009437543326,-2.319798902681506,-0.015242579632240854,2.243237598089876,0.8289649633291287,0.8413535906129411,0.5222979090926441,0.08444742835666541,-0.04664533074589394,0.00879763347322271,0.022689387584347853,1.00390625,0.8413535906129411,0.5222979090926441,0.08444742835666541,-0.04664533074589394,0.00879763347322271,0.022689387584347853,-1.0,0.07741580148651757,0.04248827090006367,0.917164085201712,0.06757807733117917,0.21170738480443022,0.9024998346586124,0.0,0.0,0.0,0,0.0364
9,0,0.0,-0.1534593265715055,0.023846748468167006,1.1835366526631326,0.9999424932008829,0.004309273940047598,-0.0020578747339605047,0.00960237475260273,0.03922781086970783,-0.039179571844166435,0.007123588175896459,-0.04037275032570851,0.045203187934454415,-2.2891733677044885,-0.02220561017660774,2.2438003217350717,0.8433266172839005,0.8495712332955957,0.527928402380639,0.06847147615188254,-0.04989179090778824,0.0007324261792106823,0.02131975864401542,1.0029296875,0.8495712332955957,0.527928402380639,0.06847147615188254,-0.04989179090778824,0.0007324261792106823,0.02131975864401542,-1.0,0.07741580148648122,0.042488270900350796,0.9171640852073452,0.06757807733117917,0.21170738480443174,0.9024998346645562,0.0,0.0,0.0,0,0.0363
10,0,0.0,-0.14344842383842515,0.030472023676599395,1.1834504093999438,0.9999086223579915,0.00586920474264957,-0.00011547485748798336,0.012177275368026163,0.039263348199404344,-0.03921228900862028,0.010242574157248281,-0.012542661646788236,0.05537653866706568,-2.2565877661683356,-0.030438786917242198,2.2422650920851788,0.8586119569047744,0.8655956365267722,0.5114122887358534,0.06384986140692739,-0.05442652891170409,-0.011824832347133885,0.020211970530511242,1.0009765625,0.8655956365267722,0.5114122887358534,0.06384986140692739,-0.05442652891170409,-0.011824832347133885,0.020211970530511242,-1.0,0.0774158014864448,0.04248827090063723,0.9171640852088737,0.06757807733117917,0.21170738480443219,0.9024998346661771,0.0,0.0,0.0,0,0.0343
11,0,0.0,-0.1330544046888177,0.037137979911996556,1.183455085495297,0.9998572957071301,0.007298865394842868,0.002114137814997835,0.01508791590878846,0.03929639206068792,-0.039244574885515644,0.013380373020379715,0.01615414362394379,0.06533275053714802,-2.222130500499086,-0.0404410543610316,2.240057080950276,0.874957507929828,0.8853179789651432,0.48494897028227646,0.053750777334618194,-0.059321984711385965,-0.023796807325291797,0.018217951926203735,0.99853515625,0.8853179789651432,0.48494897028227646,0.053750777334618194,-0.059321984711385965,-0.023796807325291797,0.018217951926203735,-1.0,0.07741580148640836,0.04248827090092337,0.9171640852092885,0.06757807733117917,0.21170738480443219,0.9024998346666192,0.0,0.0,0.0,0,0.0358
12,0,0.0,-0.12225973521201429,0.04359007451007522,1.1835052103058623,0.9997832435073037,0.008538969338311553,0.004820403087150564,0.018366156885172513,0.03932717119857204,-0.03927632881056369,0.016486158335025626,0.04564854701173671,0.07469822330968952,-2.1860829433556237,-0.05231703235930928,2.2376949856505335,0.8920595724683362,0.9017532643304523,0.44722466525270943,0.036918970547436314,-0.060404138098684064,-0.029948137416733467,0.013827082676314467,0.99755859375,0.9017532643304523,0.44722466525270943,0.036918970547436314,-0.060404138098684064,-0.029948137416733467,0.013827082676314467,-1.0,0.07741580148637194,0.04248827090120943,0.917164085209401,0.06757807733117917,0.21170738480443219,0.9024998346667397,0.0,0.0,0.0,0,0.0377
13,0,0.0,-0.11115263615230156,0.04969048607138884,1.1834464189548926,0.9996834856155025,0.009505306564726035,0.007900737754936668,0.021912463980030304,0.03935581367629731,-0.039307543405676104,0.01955035576415755,0.07596555589619428,0.0832389163279715,-2.14876221400078,-0.06572327017796023,2.2352814144312125,0.9095848923356823,0.9153123747568325,0.3935472959071564,0.028845408986804877,-0.06061026255340751,-0.02955014460396657,0.009597346242934901,0.99609375,0.9153123747568325,0.3935472959071564,0.028845408986804877,-0.06061026255340751,-0.02955014460396657,0.009597346242934901,-1.0,0.0774158014863355,0.042488270901495484,0.9171640852094314,0.06757807733117917,0.21170738480443219,0.9024998346667725,0.0,0.0,0.0,0,0.0359
14,0,0.0,-0.0998569947689693,0.055275725706341566,1.1831991925143284,0.9995588079425519,0.010120332678115018,0.011119025848864778,0.0256151438629715,0.03938217957731533,-0.039338473615367416,0.022550980933741364,0.10700219718825883,0.09070243440338299,-2.1103459633164205,-0.08018216966463593,2.23244207546006,0.9270539235495879,0.9247626638418852,0.33480248260240764,0.02215547900105208,-0.05803370686936442,-0.026705666559779434,0.007301203607671725,0.99560546875,0.9247626638418852,0.33480248260240764,0.02215547900105208,-0.05803370686936442,-0.026705666559779434,0.007301203607671725,-1.0,0.07741580148629908,0.04248827090178154,0.9171640852094398,0.06757807733117917,0.21170738480443219,0.9024998346667815,0.0,0.0,0.0,0,0.0372
15,0,0.0,-0.08845446880521436,0.06023308458029757,1.1827791639409357,0.9994124842401511,0.01043770007467315,0.014286640017854573,0.02935358034516055,0.0394065152848493,-0.03936898304550607,0.025478893041488083,0.13860888264287105,0.096935455294888,-2.0708563815283263,-0.09510210399697044,2.2287519149083237,0.943764651764795,0.9296932494514779,0.28074974703765476,0.0055590322240298695,-0.053292844410725126,-0.020378751403881762,0.00693865477052491,0.994140625,0.9296932494514779,0.28074974703765476,0.0055590322240298695,-0.053292844410725126,-0.020378751403881762,0.00693865477052491,-1.0,0.07741580148626265,0.04248827090206758,0.9171640852094419,0.06757807733117917,0.21170738480443219,0.9024998346667837,0.0,0.0,0.0,0,0.0356
16,1,0.4654,-0.07701289511662343,0.06455414547067842,1.182133797474532,0.9992522066744809,0.010596783641391827,0.01721553658652112,0.032959989876737275,0.039429137827986335,-0.039398858779343945,0.028346711268212848,0.17078837560791807,0.10192541979429375,-2.030326660656065,-0.10978094677041467,2.223985242134109,0.9589672486245726,0.8955900323184615,0.3956118101127546,-0.012813312811470468,-0.05045863315827772,-0.006168066853909915,0.011571223245178702,1.0107421875,0.8955900323184615,0.3956118101127546,-0.012813312811470468,-0.05045863315827772,-0.006168066853909915,0.011571223245178702,-1.0,0.07741580148622622,0.04248827090235363,0.9171640852094419,0.06757807733117917,0.21170738480443219,0.9024998346667837,0.0,0.0,0.0,0,0.0398
17,0,0.0,-0.06582904626278974,0.06912419908999448,1.1811696809110883,0.9990957945317589,0.011117438670700308,0.019526771468539907,0.0360929508681556,0.03945300937289919,-0.039425233271489356,0.031531889349427855,0.20342761072478624,0.1068863169339001,-1.9889555293568015,-0.12328991550397717,2.217548935451943,0.9725512760658588,0.9161341390250978,0.3783449640295695,-0.012649274016510614,-0.05344743775176771,-0.008444819856355978,0.00963762944706234,1.0068359375,0.9161341390250978,0.3783449640295695,-0.012649274016510614,-0.05344743775176771,-0.008444819856355978,0.00963762944706234,-1.0,0.07741580148618979,0.04248827090263968,0.9171640852094419,0.06757807733117917,0.21170738480443219,0.9024998346667837,0.0,0.0,0.0,0,0.035
18,0,0.0,-0.054696279061331086,0.07396392789779535,1.1801038464843268,0.9989312788789099,0.011806524585705025,0.021676990214256647,0.039077028415710174,0.0394743625878735,-0.03945196867687475,0.035124840797418476,0.23655889281486686,0.1117481527156234,-1.9462818735158756,-0.13667701273026184,2.209900962454129,0.9856076854736375,0.9325694243904071,0.34174675765760165,-0.010545298168112893,-0.052932126614959094,-0.013403634718367363,0.007220637199416874,1.005859375,0.9325694243904071,0.34174675765760165,-0.010545298168112893,-0.052932126614959094,-0.013403634718367363,0.007220637199416874,-1.0,0.07741580148615336,0.04248827090292573,0.9171640852094419,0.06757807733117917,0.21170738480443219,0.9024998346667837,0.0,0.0,0.0,0,0.0369
19,0,0.0,-0.04334984835000581,0.078529326459317,1.1790595923784697,0.9987439993218916,0.012310297333511633,0.024075616575695617,0.04218109866483953,0.03949381919414806,-0.03947854116095055,0.0389910926767737,0.2702799703830873,0.11586370351311143,-1.9020132592537171,-0.15044829069126048,2.201562664382678,0.998291034932417,0.934212952926938,0.2967966529084408,-0.007824393808235852,-0.04935071421413919,-0.014788196112046403,0.006455256320995806,1.005859375,0.934212952926938,0.2967966529084408,-0.007824393808235852,-0.04935071421413919,-0.014788196112046403,0.006455256320995806,-1.0,0.07741580148611693,0.04248827090321177,0.9171640852094419,0.06757807733117917,0.21170738480443219,0.9024998346667837,0.0,0.0,0.0,0,0.0349
20,0,0.0,-0.03188460354707038,0.0827025125809631,1.1780328487609684,0.9985398828755562,0.012622146659165223,0.026587085575454583,0.04529801983737733,0.03951179175009149,-0.03950462699674493,0.04307075015581607,0.30442278785107224,0.11910036605046002,-1.8563157093177718,-0.16406584206750616,2.19234722973936,1.010060781122722,0.9346238350610708,0.2527849637072792,-0.020394757987222345,-0.04298662167455275,-0.015053036917600876,0.006253840300358693,1.0068359375,0.9346238350610708,0.2527849637072792,-0.020394757987222345,-0.04298662167455275,-0.015053036917600876,0.006253840300358693,-1.0,0.0774158014860805,0.04248827090349781,0.9171640852094419,0.06757807733117917,0.21170738480443219,0.9024998346667837,0.0,0.0,0.0,0,0.0342
21,0,0.0,-0.020386817107230424,0.08644986824184375,1.1769490859232903,0.9983301346713784,0.01281414474080017,0.02907326556733697,0.04824401652888627,0.039528490055297724,-0.03953010024964681,0.047304192142563546,0.3389668142639958,0.12141761653578804,-1.8093689385204963,-0.17687725242330055,2.182312732176129,1.0203076822281356,0.9362673635976017,0.20046829690632495,-0.04475808509951629,-0.03319571007518898,-0.013301210097434707,0.006092707483848991,1.0068359375,0.9362673635976017,0.20046829690632495,-0.04475808509951629,-0.03319571007518898,-0.013301210097434707,0.006092707483848991,-1.0,0.07741580148604407,0.042488270903783855,0.9171640852094419,0.06757807733117917,0.21170738480443219,0.9024998346667837,0.0,0.0,0.0,0,0.0376
22,0,0.0,-0.008877448675352093,0.08972260930575265,1.1756474741236334,0.9981286953278095,0.012918329932395556,0.03145543893470563,0.05082105544344964,0.03954392200504232,-0.03955503317117133,0.051604749822253444,0.37409185446180426,0.12274117885509613,-1.7612959488457587,-0.18827381893327244,2.171788876967225,1.0285354343313045,0.9424305956095925,0.15983490367796038,-0.08478355106971336,-0.024705959096266994,-0.010203596918656854,0.005609309034319887,1.0078125,0.9424305956095925,0.15983490367796038,-0.08478355106971336,-0.024705959096266994,-0.010203596918656854,0.005609309034319887,-1.0,0.07741580148600764,0.042488270904069904,0.9171640852094419,0.06757807733117917,0.21170738480443219,0.9024998346667837,0.0,0.0,0.0,0,0.0343
23,0,0.0,0.002655210094313903,0.09248487205212708,1.1739336080902822,0.9979468753399738,0.012974258005241449,0.033695416513115035,0.05289916383463966,0.03955833558376521,-0.03957925486088283,0.055900155755354196,0.4100894402446513,0.12303463882773201,-1.7121353017784033,-0.19789371722697588,2.1611815451361207,1.0344571906127535,0.9473611812191854,0.11915458967219583,-0.14543511247572838,-0.015469006968972493,-0.006735791895650961,0.004984919370344815,1.0078125,0.9473611812191854,0.11915458967219583,-0.14543511247572838,-0.015469006968972493,-0.006735791895650961,0.004984919370344815,-1.0,0.07741580148597121,0.042488270904355946,0.9171640852094419,0.06757807733117917,0.21170738480443219,0.9024998346667837,0.0,0.0,0.0,0,0.0355
24,1,0.4612,0.01421503713590469,0.09475895220850157,1.1715654013900876,0.9977926262387757,0.013020290672293822,0.035760122729455106,0.05442022304905452,0.03957188651194665,-0.039602683446862866,0.06012092778008121,0.4473218396047135,0.12237586900944189,-1.6619084072970218,-0.2056172842730949,2.1508861433586826,1.0380691912741389,0.9062729678059124,0.13743023246947994,-0.15011378419284338,-0.006547682912973279,-0.02606185465677413,0.0032728831949292714,0.99755859375,0.9062729678059124,0.13743023246947994,-0.15011378419284338,-0.006547682912973279,-0.02606185465677413,0.0032728831949292714,-1.0,0.07741580148593478,0.042488270904641995,0.9171640852094419,0.06757807733117917,0.21170738480443219,0.9024998346667837,0.0,0.0,0.0,0,0.0364
25,0,0.0,0.0257694362169883,0.09681938534550869,1.1689452715880373,0.9976592457582577,0.01305877175177178,0.038009082959971796,0.05532456457976574,0.039585335743228325,-0.03962462825775016,0.06436916740817494,0.48504877382650574,0.12113401998948814,-1.6107234292049712,-0.2115003225666807,2.141020149142164,1.0398974134064582,0.9181885496957615,0.13201088267978467,-0.17190954755794008,-0.007749002000658381,-0.017554758283881172,0.0036555736341398193,0.99755859375,0.9181885496957615,0.13201088267978467,-0.17190954755794008,-0.007749002000658381,-0.017554758283881172,0.0036555736341398193,-1.0,0.07741580148589836,0.04248827090492804,0.9171640852094419,0.06757807733117917,0.21170738480443219,0.9024998346667837,0.0,0.0,0.0,0,0.0358
26,0,0.0,0.03719239207468021,0.09874339091003335,1.1661356199746615,0.9975326241862501,0.013122779483697833,0.0404396697086966,0.05586671152453915,0.039597914503724255,-0.03964592578603554,0.0687501621758081,0.523100123218486,0.11941166685861085,-1.5587946738664755,-0.21614891227852354,2.1313942984156613,1.040459411982846,0.9214756067688233,0.09932469612353823,-0.19450410853327582,-0.0071402907203031996,-0.018172232427218105,0.002467219112380792,1.001953125,0.9214756067688233,0.09932469612353823,-0.19450410853327582,-0.0071402907203031996,-0.018172232427218105,0.002467219112380792,-1.0,0.07741580148586193,0.042488270905214086,0.9171640852094419,0.06757807733117917,0.21170738480443219,0.9024998346667837,0.0,0.0,0.0,0,0.0352
27,0,0.0,0.048533548609873224,0.10033694079383805,1.1629372809087413,0.9974002838976735,0.013086222124387259,0.04300686507420537,0.056319037880984024,0.039609524945805476,-0.03966674003342755,0.07324001776559529,0.5619159879024423,0.11701457991053456,-1.5058498260666258,-0.22004741960948085,2.1220264982358126,1.0401525300923604,0.9243517817077526,0.06594642810064233,-0.24756709264201904,-0.00225570476491338,-0.016291277424233253,0.0015205638153863166,1.005859375,0.9243517817077526,0.06594642810064233,-0.24756709264201904,-0.00225570476491338,-0.016291277424233253,0.0015205638153863166,-1.0,0.0774158014858255,0.04248827090550013,0.9171640852094419,0.06757807733117917,0.21170738480443219,0.9024998346667837,0.0,0.0,0.0,0,0.0351
28,0,0.0,0.059801188587718115,0.10157399089536354,1.1591721425572836,0.997265382593304,0.012929010421293019,0.045698712274161855,0.05662353810068259,0.03962065348452999,-0.039686646986783064,0.07776470223584095,0.601833603480095,0.11392830841233152,-1.4518139287321463,-0.2229952596898941,2.1131817216143323,1.0389126070432846,0.9243517817077526,0.04356521728086182,-0.3096450783520325,-0.0008458457015510373,-0.01852925539161196,0.0015608470195137558,1.0048828125,0.9243517817077526,0.04356521728086182,-0.3096450783520325,-0.0008458457015510373,-0.01852925539161196,0.0015608470195137558,-1.0,0.07741580148578907,0.04248827090578618,0.9171640852094419,0.06757807733117917,0.21170738480443219,0.9024998346667837,0.0,0.0,0.0,0,0.0347
29,0,0.0,0.07101267406805113,0.10246164460205999,1.1546381498297436,0.9971258390683984,0.012742277973186833,0.04856155376025669,0.05674038165702893,0.039631266562852624,-0.03970573947889721,0.0822751316153555,0.6431970169780025,0.11015783860153415,-1.3966155993298395,-0.22493682634273418,2.105269148612205,1.0366142231011575,0.9185994318298943,0.019494858474682908,-0.3641915437369341,0.00010627214106800897,-0.023322727651260616,0.0006041209214874277,1.00390625,0.9185994318298943,0.019494858474682908,-0.3641915437369341,0.00010627214106800897,-0.023322727651260616,0.0006041209214874277,-1.0,0.07741580148575264,0.042488270906072226,0.9171640852094419,0.06757807733117917,0.21170738480443219,0.9024998346667837,0.0,0.0,0.0,0,0.0473
30,0,0.0,0.08215843816867757,0.10299695013199656,1.1493299035047888,0.9969689644443533,0.012545645867713784,0.05171444805713776,0.05675479333642209,0.03964135896008742,-0.039724079709386365,0.08675763386651163,0.6860364038373294,0.10571692724317691,-1.3402070081361104,-0.22604114918796367,2.0984509205549915,1.033416718198562,0.8968226787208596,6.965663109981257e-05,-0.4255848457810283,0.0004975865355820452,-0.02675248924363438,0.0003523508956910226,1.0009765625,0.8968226787208596,6.965663109981257e-05,-0.4255848457810283,0.0004975865355820452,-0.02675248924363438,0.0003523508956910226,-1.0,0.07741580148571621,0.042488270906358275,0.9171640852094419,0.06757807733117917,0.21170738480443219,0.9024998346667837,0.0,0.0,0.0,0,0.0405
31,0,0.0,0.09311329231068402,0.103216482808115,1.1432448525381245,0.9967920379417232,0.012344782405595056,0.055093038512182925,0.05672738801353954,0.03965110531780775,-0.03974154747260859,0.09119871253493501,0.730234954101251,0.10069447161735066,-1.2827275330727728,-0.22635985351817184,2.092551151070594,1.0294834637700634,0.8187550732356409,-0.035965500412068696,-0.5120832155754957,0.001285046366517717,-0.03554344813739785,0.0004228465029140205,0.998046875,0.8187550732356409,-0.035965500412068696,-0.5120832155754957,0.001285046366517717,-0.03554344813739785,0.0004228465029140205,-1.0,0.07741580148567978,0.04248827090664432,0.9171640852094419,0.06757807733117917,0.21170738480443219,0.9024998346667837,0.0,0.0,0.0,0,0.0351
32,1,0.4653,0.10358227674598723,0.10309632775192809,1.136340132155019,0.9966021635408029,0.012153640908664443,0.05835802453435628,0.05683975378993503,0.03966032589979297,-0.03975837467566198,0.0955475030135894,0.7753543065234978,0.09518456788523925,-1.2248272394334112,-0.22608687540333086,2.0869806788755536,1.0250226334554418,0.5368899292205883,0.04211067318146311,-0.5047799231390235,0.0016908538867545092,-0.08401663159821617,0.00010058086989461756,1.0068359375,0.5368899292205883,0.04211067318146311,-0.5047799231390235,0.0016908538867545092,-0.08401663159821617,0.00010058086989461756,-1.0,0.07741580148564335,0.04248827090693036,0.9171640852094419,0.06757807733117917,0.21170738480443219,0.9024998346667837,0.0,0.0,0.0,0,0.0379
33,0,0.0,0.11278176817066257,0.10324812168481107,1.1297614292713885,0.9964377977687862,0.01195686006354113,0.06087726844858651,0.057120109080340764,0.03967059073984268,-0.03977304011667769,0.10013857432947045,0.8182508655137745,0.09007310678098122,-1.1684774303676184,-0.2253408040578485,2.0790835499947082,1.0209989076180723,0.5755128498290648,0.04886726512705719,-0.5431222084305024,0.0011143495524498642,-0.062244083605672795,-0.00046338398788933755,1.0107421875,0.5755128498290648,0.04886726512705719,-0.5431222084305024,0.0011143495524498642,-0.062244083605672795,-0.00046338398788933755,-1.0,0.07741580148560692,0.04248827090721641,0.9171640852094419,0.06757807733117917,0.21170738480443219,0.9024998346667837,0.0,0.0,0.0,0,0.0354
34,0,0.0,0.12100030693855436,0.10391583288138553,1.1234837132701692,0.9962630166303985,0.011730071866235259,0.06343571449170658,0.057430978012194586,0.03968019460956425,-0.03978729569045722,0.1050370998465117,0.8593564726166892,0.08537431439867663,-1.1140452308509496,-0.22456907427116468,2.0713578529597063,1.0179650851617226,0.5249743473307392,0.013723602854487926,-0.6252842483408144,0.004505740971571595,-0.06678588393960119,-0.00021161396209293248,1.01171875,0.5249743473307392,0.013723602854487926,-0.6252842483408144,0.004505740971571595,-0.06678588393960119,-0.00021161396209293248,-1.0,0.07741580148557049,0.04248827090750246,0.9171640852094419,0.06757807733117917,0.21170738480443219,0.9024998346667837,0.0,0.0,0.0,0,0.0414
35,0,0.0,0.12865052450908554,0.10458720899296389,1.1163637849815158,0.9960645982113256,0.011428158785982911,0.0662450386211136,0.05776078457707359,0.039688650070298266,-0.03980167591659876,0.10988388768761291,0.9006765722174644,0.08048519309450407,-1.060978025250099,-0.2236268727699773,2.06565132347462,1.0154211653552987,0.450604681052715,-0.024422989171678733,-0.7033381862556108,0.012473739424474856,-0.07886613637417364,-1.0197941455791781e-05,1.0068359375,0.450604681052715,-0.024422989171678733,-0.7033381862556108,0.012473739424474856,-0.07886613637417364,-1.0197941455791781e-05,-1.0,0.07741580148553406,0.042488270907788506,0.9171640852094419,0.06757807733117917,0.21170738480443219,0.9024998346667837,0.0,0.0,0.0,0,0.0378
36,0,0.0,0.13565757001721546,0.1050656004402006,1.1084058776574939,0.9958598235130913,0.010989457038691974,0.06909674547430664,0.05803519200732227,0.03969651433277529,-0.03981566830501092,0.11444243819883142,0.941958157939635,0.07531809873552502,-1.009597188893957,-0.22209792815856083,2.0617198736025477,1.01308275905865,0.3838363342561465,-0.029959640904873908,-0.7635903488565063,0.01328535446494844,-0.0941771539947364,0.00017107647711761542,1.00390625,0.3838363342561465,-0.029959640904873908,-0.7635903488565063,0.01328535446494844,-0.0941771539947364,0.00017107647711761542,-1.0,0.07741580148549763,0.04248827090807455,0.9171640852094419,0.06757807733117917,0.21170738480443219,0.9024998346667837,0.0,0.0,0.0,0,0.0355
37,0,0.0,0.1420581433773631,0.1053740125301758,1.0998559089298654,0.9956399481661466,0.01045800460684998,0.07214023310200418,0.05820232403730485,0.039704082296993196,-0.039829019995711534,0.11866894964817866,0.9828201117780397,0.06993684059214127,-0.9601036154952617,-0.21999534330713816,2.0597062185088495,1.0109148326137134,0.3347359192272853,-0.03418251087087032,-0.8101488381390164,0.010187046254886617,-0.1022306556177847,0.0003019968905317305,1.0048828125,0.3347359192272853,-0.03418251087087032,-0.8101488381390164,0.010187046254886617,-0.1022306556177847,0.0003019968905317305,-1.0,0.0774158014854612,0.0424882709083606,0.9171640852094419,0.06757807733117917,0.21170738480443219,0.9024998346667837,0.0,0.0,0.0,0,0.0355
38,0,0.0,0.14787906979724846,0.10554694015597536,1.0908156434959484,0.9953874394905131,0.009903631859370932,0.07544716040516022,0.05842507481647871,0.039711295376407545,-0.039841829669593556,0.12264182854195245,1.0231626075767701,0.06435949788077017,-0.9125416222189904,-0.21773704326956972,2.0595787578799953,1.0090828145577608,0.2744389660433072,-0.03896843016566609,-0.8443830214349798,0.015063177886938173,-0.10068550705057194,4.015606370347258e-05,0.9990234375,0.2744389660433072,-0.03896843016566609,-0.8443830214349798,0.015063177886938173,-0.10068550705057194,4.015606370347258e-05,-1.0,0.07741580148542478,0.042488270908646646,0.9171640852094419,0.06757807733117917,0.21170738480443219,0.9024998346667837,0.0,0.0,0.0,0,0.0357
39,0,0.0,0.15300824442373454,0.10569865252176897,1.0812968530072407,0.9951297575378277,0.009322084060713831,0.0787078957438661,0.0586082891666385,0.039718470494506664,-0.03985381860645697,0.12637552048427017,1.0628686226713582,0.05878736462776056,-0.866973852594175,-0.21511727304999242,2.060649488728317,1.0075995920538854,0.15451274314331664,-0.06599479794804253,-0.8717703680717503,0.02758523851138761,-0.09895306774793947,0.0015004222133226108,0.990234375,0.15451274314331664,-0.06599479794804253,-0.8717703680717503,0.02758523851138761,-0.09895306774793947,0.0015004222133226108,-1.0,0.07741580148538835,0.042488270908932695,0.9171640852094419,0.06757807733117917,0.21170738480443219,0.9024998346667837,0.0,0.0,0.0,0,0.0357
40,1,0.4638,0.1571395598476849,0.1058709138045343,1.0715142576711412,0.9949480708278572,0.008640301488384516,0.08110311569261781,0.05853175352800952,0.039725250220667016,-0.03986538092001823,0.1297567626387945,1.101175659937374,0.05348524204200728,-0.8237777105759929,-0.21147108651691854,2.0609653981724665,1.0061750268883445,-0.08703459145996184,-0.2004697459763251,-0.6800589416143558,0.000574883206103341,-0.05828756681993105,0.002064387071106538,0.99755859375,-0.08703459145996184,-0.2004697459763251,-0.6800589416143558,0.000574883206103341,-0.05828756681993105,0.002064387071106538,-1.0,0.07741580148535192,0.04248827090921875,0.9171640852094419,0.06757807733117917,0.21170738480443219,0.9024998346667837,0.0,0.0,0.0,0,0.0359
41,0,0.0,0.1593599979100876,0.1050940871072663,1.0628882366409589,0.994978452022237,0.007777234086785156,0.08005890899423293,0.05956480279530918,0.03972867942939954,-0.03987950935810913,0.1326010641058326,1.1346095242829635,0.04779189843092955,-0.7839119233712548,-0.20765605644415808,2.052296978832968,1.0041063910241994,-0.06885305702458855,-0.19765449933232754,-0.7407675599925307,0.00021577575763984114,-0.07582266192360307,0.002386652704125941,1.0078125,-0.06885305702458855,-0.19765449933232754,-0.7407675599925307,0.00021577575763984114,-0.07582266192360307,0.002386652704125941,-1.0,0.07741580148531549,0.0424882709095048,0.9171640852094419,0.06757807733117917,0.21170738480443219,0.9024998346667837,0.0,0.0,0.0,0,0.0354
42,0,0.0,0.16084737291333415,0.10369409165032116,1.0557917119203162,0.9950273223746574,0.0070851700929173145,0.07822902675587712,0.06124252987508673,0.03973403373187085,-0.03989096085929549,0.13495477037131068,1.164557685341888,0.041788742033192966,-0.7462668490569204,-0.2040464713126162,2.0411234699550063,1.0013343196498852,-0.09340326453901915,-0.17212959642674985,-0.7832179472795253,0.000655400571229689,-0.08752833288733607,0.002144953479361389,1.01171875,-0.09340326453901915,-0.17212959642674985,-0.7832179472795253,0.000655400571229689,-0.08752833288733607,0.002144953479361389,-1.0,0.07741580148527906,0.04248827090979085,0.9171640852094419,0.06757807733117917,0.21170738480443219,0.9024998346667837,0.0,0.0,0.0,0,0.0355
43,0,0.0,0.16225166467221508,0.10230023156480945,1.0485800879565645,0.9950150683413949,0.006541437808660011,0.07725198976741474,0.06272442460428251,0.03973992301758608,-0.03990115618851058,0.13696784195867898,1.193765456730431,0.035811835980760535,-0.7107669739069193,-0.20042001730282333,2.033016620982056,0.9987188046621102,-0.12257589606244301,-0.12520881902679082,-0.813344028579973,0.00021577575763984114,-0.09581594792965901,0.003474299215566412,1.0126953125,-0.12257589606244301,-0.12520881902679082,-0.813344028579973,0.00021577575763984114,-0.09581594792965901,0.003474299215566412,-1.0,0.07741580148524263,0.0424882709100769,0.9171640852094419,0.06757807733117917,0.21170738480443219,0.9024998346667837,0.0,0.0,0.0,0,0.0371
44,0,0.0,0.1633913719012157,0.10119351772551298,1.0409900659466753,0.9949793812723938,0.00607643460488394,0.07670458894067156,0.0639962016118021,0.03974599114862501,-0.039910483084372506,0.1389239705194121,1.22238153390035,0.030101929557216883,-0.6775028198910399,-0.19687929486322492,2.0273550781702134,0.9967293871894468,-0.16756748974997693,-0.09893318368281379,-0.8256683345665198,-1.6114253924046085e-05,-0.10082597510213674,0.0024269359082533803,1.01171875,-0.16756748974997693,-0.09893318368281379,-0.8256683345665198,-1.6114253924046085e-05,-0.10082597510213674,0.0024269359082533803,-1.0,0.0774158014852062,0.042488270910362946,0.9171640852094419,0.06757807733117917,0.21170738480443219,0.9024998346667837,0.0,0.0,0.0,0,0.0342
45,0,0.0,0.1641465478841763,0.1004425784296611,1.0331669928403617,0.9949398157091013,0.005587391027790267,0.07623079322736041,0.0652105079122058,0.03975157658018768,-0.039919632366248015,0.14100714070013834,1.250145443119521,0.02467458069269231,-0.6463502380979523,-0.19361543205639095,2.022936234797674,0.9956839296914333,-0.21420261197404167,-0.08063408049682974,-0.8256683345665198,7.245484771493949e-05,-0.09979587605732824,0.003091608776355864,1.0048828125,-0.21420261197404167,-0.08063408049682974,-0.8256683345665198,7.245484771493949e-05,-0.09979587605732824,0.003091608776355864,-1.0,0.07741580148516977,0.042488270910649,0.9171640852094419,0.06757807733117917,0.21170738480443219,0.9024998346667837,0.0,0.0,0.0,0,0.0364
46,0,0.0,0.16442766814128285,0.10000888717523067,1.0253191938835748,0.9949160715289774,0.0050407445151192665,0.07547850555751985,0.06648004743441635,0.03975673294986156,-0.03992857820710719,0.14328271951076285,1.2767660799522116,0.019485701898173873,-0.6171343783806943,-0.19062279698937218,2.0185779218043938,0.9954977610168502,-0.2376228936196073,-0.07406517166083548,-0.8302328923393149,-0.00028504225344604117,-0.09249153737595885,0.004441096114624593,1.0009765625,-0.2376228936196073,-0.07406517166083548,-0.8302328923393149,-0.00028504225344604117,-0.09249153737595885,0.004441096114624593,-1.0,0.07741580148513334,0.04248827091093505,0.9171640852094419,0.06757807733117917,0.21170738480443219,0.9024998346667837,0.0,0.0,0.0,0,0.0366
47,0,0.0,0.16427812949645104,0.09979731059622203,1.0174513551563498,0.9949075820066027,0.004618619702517535,0.07441257255158283,0.0678258111936234,0.039761352900655,-0.039937455230683164,0.1456958469590205,1.3023864837940407,0.014403145037212932,-0.5896300218890886,-0.18776402706783826,2.014211986839496,0.9956172526482516,-0.261659498466372,-0.051824723173254816,-0.8083230150298983,-0.00033496301982437193,-0.08902665877069389,0.00993975347801801,0.998046875,-0.261659498466372,-0.051824723173254816,-0.8083230150298983,-0.00033496301982437193,-0.08902665877069389,0.00993975347801801,-1.0,0.07741580148509691,0.0424882709112211,0.9171640852094419,0.06757807733117917,0.21170738480443219,0.9024998346667837,0.0,0.0,0.0,0,0.0352
48,1,0.4681,0.16377875595637817,0.09982278536684519,1.009655891278638,0.9949106408788981,0.004427121609713203,0.07313251222957422,0.06917263125819922,0.03976580800821104,-0.03994591781707961,0.1482739311722993,1.3270834878446902,0.009372594942528715,-0.5634919354650594,-0.184833775140598,2.009822034100177,0.9957098102770776,-0.08487746025576504,0.022732392115279998,-0.2042037938004655,-0.002389363591023111,-0.008193147930635719,-0.002819951429343659,0.9765625,-0.08487746025576504,0.022732392115279998,-0.2042037938004655,-0.002389363591023111,-0.008193147930635719,-0.002819951429343659,-1.0,0.07741580148506048,0.04248827091150715,0.9171640852094419,0.06757807733117917,0.21170738480443219,0.9024998346667837,0.0,0.0,0.0,0,0.0376
49,0,0.0,0.16320273657398496,0.10029495519549561,1.0044757644610107,0.9949334894462919,0.004141473966076892,0.07179756804347279,0.07025175438845108,0.039769457328790954,-0.039954631665763685,0.15119796851322026,1.3484177321185755,0.0045382291341759555,-0.5363981821898504,-0.18113621959115805,2.0010573170551993,0.9956614579027956,-0.14312000276907944,0.015694275505286237,-0.21538696034381344,-0.0007617050549940108,-0.022994968864276072,-0.005448430498658091,1.005859375,-0.14312000276907944,0.015694275505286237,-0.21538696034381344,-0.0007617050549940108,-0.022994968864276072,-0.005448430498658091,-1.0,0.07741580148502406,0.04248827091179319,0.9171640852094419,0.06757807733117917,0.21170738480443219,0.9024998346667837,0.0,0.0,0.0,0,0.036
50,0,0.0,0.1625595574854094,0.10102466414440003,1.002038199393128,0.9949847067139087,0.0035457070675348756,0.07023324716453849,0.07113474790530827,0.03977265378031833,-0.03996326812247377,0.15441342422718335,1.3666882461855312,-0.0006632048096949985,-0.5081286096956004,-0.17627815214195303,1.9876001414003024,0.995541994832691,-0.20865570316324988,0.014427414515487347,-0.30165710224964104,-0.0012727890301334893,-0.03454846610548054,-0.0043909963903132065,0.9951171875,-0.20865570316324988,0.014427414515487347,-0.30165710224964104,-0.0012727890301334893,-0.03454846610548054,-0.0043909963903132065,-1.0,0.07741580148498763,0.04248827091207924,0.9171640852094419,0.06757807733117917,0.21170738480443219,0.9024998346667837,0.0,0.0,0.0,0,0.0351
51,0,0.0,0.16162823312250157,0.10181070262523717,1.0000163243071416,0.9950567034629016,0.002848264321564764,0.06826089778113874,0.0720728389756404,0.03977599619685867,-0.03997125131530165,0.1581346388782184,1.3840670909556698,-0.007688876532534713,-0.48040419180733185,-0.16946739615079426,1.9729542620445144,0.9953408150713671,-0.20208158901712614,0.020151749358282345,-0.3283597652204925,-0.0007303032825947409,-0.03948825925217586,-0.003847173134592985,1.0087890625,-0.20208158901712614,0.020151749358282345,-0.3283597652204925,-0.0007303032825947409,-0.03948825925217586,-0.003847173134592985,-1.0,0.0774158014849512,0.042488270912365296,0.9171640852094419,0.06757807733117917,0.21170738480443219,0.9024998346667837,0.0,0.0,0.0,0,0.0346
52,0,0.0,0.16057912133004576,0.10271473967126657,0.9976326264808012,0.9951098511768092,0.0022162403869265823,0.06646165914837213,0.0730364308592668,0.03977937178740825,-0.03997871544678778,0.16341493619580003,1.3967416550933063,-0.020641090798598192,-0.4624772063086726,-0.15697770250797577,1.9638258545443026,0.9950503532474275,-0.16366410947571597,0.02836288540327514,-0.3363477413228839,0.00025603444020301513,-0.047448115507514294,-0.0028501638324392176,0.8349609375,-0.16366410947571597,0.02836288540327514,-0.3363477413228839,0.00025603444020301513,-0.047448115507514294,-0.0028501638324392176,-1.0,0.07741580148491477,0.042488270912651345,0.9171640852094419,0.06757807733117917,0.21170738480443219,0.9024998346667837,0.0,0.0,0.0,0,0.0352
53,0,0.0,0.15975858432148077,0.10362953870842675,0.99492192874532,0.9951141835529287,0.0016418898043879526,0.06545765895000427,0.07389425400152441,0.03978220734108668,-0.03998625454428516,0.16497186549080384,1.393952981323295,-0.020540959223777987,-0.47387075688131436,-0.15923066560029897,1.9697205125223878,0.9995328977909717,-0.14168191529961494,0.017524185823884597,-0.3196871054521817,0.0004669899368340419,-0.03741635549159514,-0.0025379690004516953,0.3515625,-0.14168191529961494,0.017524185823884597,-0.3196871054521817,0.0004669899368340419,-0.03741635549159514,-0.0025379690004516953,1.0,0.07741580148487834,0.042488270912937394,0.9171640852094419,0.06757807733117917,0.21170738480443219,0.9024998346667837,0.0,0.0,0.0,0,0.0342
54,0,0.0,0.15901788669849679,0.10441483163220708,0.9920354728832148,0.9950961027508655,0.0010944242546852556,0.0648870911367697,0.07464726337513736,0.039357449003862906,-0.03959480325642101,0.16745825930725208,1.38432964667586,-0.024251847098742108,-0.49851302187080493,-0.15789412842169173,1.9829181840005146,1.004037027248587,-0.14024382783015032,0.018603363704083664,-0.28134482016070284,0.00023993096717773998,-0.021163031358451878,-0.0013898976828200793,0.12890625,-0.14024382783015032,0.018603363704083664,-0.28134482016070284,0.00023993096717773998,-0.021163031358451878,-0.0013898976828200793,1.0,0.07741580148484191,0.04248827091322344,0.9171640852094419,0.06757807733117917,0.21170738480443219,0.9024998346667837,0.0,0.0,0.0,0,0.034
55,0,0.0,0.15811204210498642,0.105044665355606,0.9891399749790719,0.9950969158136195,0.0006294821441304999,0.06410999555918459,0.07531029385052739,0.03721111405934728,-0.0374846865311253,0.17018356201894552,1.3746077623641468,-0.029031993725219127,-0.5232822744684251,-0.15511165444543254,1.9958045550444674,1.007761858897235,-0.12873912807443388,0.005230942145095341,-0.1949605643105553,-0.00047345288784168826,-0.01798640490066883,-0.002366765382910141,0.060760498046875,-0.12873912807443388,0.005230942145095341,-0.1949605643105553,-0.00047345288784168826,-0.01798640490066883,-0.002366765382910141,1.0,0.07741580148480548,0.04248827091350949,0.9171640852094419,0.06757807733117917,0.21170738480443219,0.9024998346667837,0.0,0.0,0.0,0,0.0341
56,1,0.4622,0.15713396829901358,0.10552393063265174,0.9867992123025775,0.9951058122993637,0.00021883660748794886,0.06322868207455253,0.07593752828264358,0.03381638395251236,-0.034115904875681655,0.1725846880572361,1.3643630543133474,-0.03296308325881038,-0.5475088161793848,-0.1530343302313077,2.00749968997249,1.011101992115891,-0.07429724530184723,-0.024329147616878877,-0.3450204010911946,-0.0007918990669163878,-0.008731608794967427,-0.0018330129282217722,0.98779296875,-0.07429724530184723,-0.024329147616878877,-0.3450204010911946,-0.0007918990669163878,-0.008731608794967427,-0.0018330129282217722,-1.0,0.07741580148476905,0.04248827091379555,0.9171640852094419,0.06757807733117917,0.21170738480443219,0.9024998346667837,0.0,0.0,0.0,0,0.0362
57,0,0.0,0.156284311274126,0.10569770100435154,0.9838789455307616,0.9950832950195188,-3.3349483022471205e-05,0.06299424845329518,0.07642617040460004,0.031181665177546527,-0.03149442382801159,0.1742325027566158,1.3552323665299484,-0.035800863274578876,-0.5718491247736677,-0.1521838941203747,2.021878829368313,1.0142121085005071,-0.11189296057499198,-0.027144394260876448,-0.3657891389574124,-0.00020774558292474543,-0.024984932928110687,-0.0025178273983879618,1.01171875,-0.11189296057499198,-0.027144394260876448,-0.3657891389574124,-0.00020774558292474543,-0.024984932928110687,-0.0025178273983879618,-1.0,0.07741580148473262,0.0424882709140816,0.9171640852094419,0.06757807733117917,0.21170738480443219,0.9024998346667837,0.0,0.0,0.0,0,0.0356
58,0,0.0,0.1553947643785987,0.1055841749552696,0.9798953173956776,0.9950483935927866,-0.000259657714234085,0.06314696464756453,0.07675342234770088,0.03115722597089313,-0.03147696358696442,0.17514952110898488,1.3474116753283385,-0.03753179848220818,-0.5965817764630496,-0.15248122701660605,2.0387365779115303,1.0175002744106267,-0.1638695505427823,-0.024141464507279053,-0.42010737645367424,-0.0003220802414041629,-0.04051835829698436,-0.003847173134592985,1.0126953125,-0.1638695505427823,-0.024141464507279053,-0.42010737645367424,-0.0003220802414041629,-0.04051835829698436,-0.003847173134592985,-1.0,0.07741580148469619,0.042488270914367646,0.9171640852094419,0.06757807733117917,0.21170738480443219,0.9024998346667837,0.0,0.0,0.0,0,0.0358
59,0,0.0,0.15432325535351776,0.10541397795052629,0.9755904821931309,0.9950175555097466,-0.0006438419765850689,0.06326830330390487,0.0770504477077279,0.03294338419215024,-0.03326440641180492,0.17567847213152527,1.3399212835777436,-0.03820198010691653,-0.621511214675852,-0.15396259263536485,2.0560020829904073,1.021459328022899,-0.1562682310613268,-0.023859939842879263,-0.39568699236922034,0.00044283472729614304,-0.04543474010175222,-0.0035047658995098763,1.0224609375,-0.1562682310613268,-0.023859939842879263,-0.39568699236922034,0.00044283472729614304,-0.04543474010175222,-0.0035047658995098763,-1.0,0.07741580148465976,0.042488270914653695,0.9171640852094419,0.06757807733117917,0.21170738480443219,0.9024998346667837,0.0,0.0,0.0,0,0.0354
60,0,0.0,0.15319646184346264,0.10527479705023138,0.971283649072882,0.9949674753396992,-0.0011294751513599155,0.06366475269475241,0.07736437530506333,0.035394909392172824,-0.03571665524606193,0.17595713214930808,1.3324782226210052,-0.038040545606855804,-0.6464919089421904,-0.15664799021284379,2.073876128725753,1.0261320891082857,-0.11456369444685477,-0.005279311992495539,-0.35323660508222576,0.0014637949170982073,-0.042016684180342184,-0.004219792772771652,0.92626953125,-0.11456369444685477,-0.005279311992495539,-0.35323660508222576,0.0014637949170982073,-0.042016684180342184,-0.004219792772771652,-1.0,0.07741580148462333,0.04248827091493973,0.9171640852094419,0.06757807733117917,0.21170738480443219,0.9024998346667837,0.0,0.0,0.0,0,0.04
61,0,0.0,0.1521825591173002,0.10524623353918315,0.96718013194819,0.9948854285385822,-0.001609718855276665,0.06471149169974821,0.07754234797064344,0.036909010373916834,-0.037228390145584545,0.17602237388472622,1.3250783626202054,-0.037207143105513645,-0.671261786941208,-0.16021594060924535,2.0928935574754406,1.0312755423212565,-0.13182074408042943,0.02540687642707773,-0.31672014289986494,0.000763293840499002,-0.03271067576417447,-0.006546147811130415,0.267333984375,-0.13182074408042943,0.02540687642707773,-0.31672014289986494,0.000763293840499002,-0.03271067576417447,-0.006546147811130415,1.0,0.0774158014845869,0.04248827091522578,0.9171640852094419,0.06757807733117917,0.21170738480443219,0.9024998346667837,0.0,0.0,0.0,0,0.048
62,0,0.0,0.15101826395482779,0.10543189245048032,0.9632599191279342,0.9948134363044959,-0.0021140543269284606,0.06573749003642856,0.07759085078830294,0.03728222136065976,-0.037598682240129425,0.17602622015081945,1.3174421186656584,-0.035680558447560656,-0.6959684597122962,-0.16436938052031816,2.1114632593190223,1.0368699074866594,-0.13880574036068583,0.024374619324278646,-0.2630865890695224,7.08445004124203e-05,-0.027419712488567144,-0.006515935408034856,0.1490478515625,-0.13880574036068583,0.024374619324278646,-0.2630865890695224,7.08445004124203e-05,-0.027419712488567144,-0.006515935408034856,1.0,0.07741580148455048,0.042488270915511835,0.9171640852094419,0.06757807733117917,0.21170738480443219,0.9024998346667837,0.0,0.0,0.0,0,0.0353
63,0,0.0,0.14964042945513198,0.10577215368271156,0.9597982169577769,0.994757495181501,-0.0026601317001793134,0.0664518129311876,0.07768272676548288,0.03601060008348687,-0.03633128684538263,0.17602410983570316,1.3091305561984246,-0.03366790867087775,-0.7205575687900485,-0.16909277761712974,2.128555694078109,1.0428439589953995,-0.1119956811085252,-0.020669326979682046,-0.15810176029523482,7.245484771493949e-05,-0.025482423944069355,-0.01161679613066996,0.08447265625,-0.1119956811085252,-0.020669326979682046,-0.15810176029523482,7.245484771493949e-05,-0.025482423944069355,-0.01161679613066996,1.0,0.07741580148451405,0.042488270915797884,0.9171640852094419,0.06757807733117917,0.21170738480443219,0.9024998346667837,0.0,0.0,0.0,0,0.0355
64,1,0.4641,0.14830728729609816,0.10592530668283133,0.9572562609116194,0.9946812759286463,-0.003398854576924182,0.06720677024501948,0.07797985084467451,0.033134973643824325,-0.03347478170742069,0.17581035389389812,1.2997959728484063,-0.0316822898094412,-0.7446742787026354,-0.17429186212898817,2.144156490790009,1.0491419418542833,0.010498555129794918,-0.1374082211507801,-0.400708005919295,-0.0006997066838467236,-0.022907176332048085,-0.000956853238450267,0.978515625,0.010498555129794918,-0.1374082211507801,-0.400708005919295,-0.0006997066838467236,-0.022907176332048085,-0.000956853238450267,-1.0,0.07741580148447762,0.04248827091608393,0.9171640852094419,0.06757807733117917,0.21170738480443219,0.9024998346667837,0.0,0.0,0.0,0,0.0387
65,0,0.0,0.14748462006184207,0.10523132701878476,0.9536775361475974,0.9944900020534857,-0.003863051901689063,0.06964721829422738,0.07825584725461496,0.030784330021374425,-0.031149354556560874,0.17462015393933356,1.2930923975848365,-0.03050745322715305,-0.768195748074285,-0.1798197586540792,2.165486633365031,1.0547153797786986,0.02282501915377677,-0.12314430482119265,-0.4048161079148106,0.0011175702470549165,-0.03390465420247524,-0.0011985524632148192,0.9990234375,0.02282501915377677,-0.12314430482119265,-0.4048161079148106,0.0011175702470549165,-0.03390465420247524,-0.0011985524632148192,-1.0,0.07741580148444119,0.04248827091636998,0.9171640852094419,0.06757807733117917,0.21170738480443219,0.9024998346667837,0.0,0.0,0.0,0,0.0357
66,0,0.0,0.14690062706906695,0.10378665077774894,0.9482232069045016,0.994225805035284,-0.003969661356214571,0.07339996910020333,0.0781775858334505,0.03087655317090554,-0.031240341695126832,0.1724827972488708,1.2897724031213114,-0.029899794047061234,-0.7910364360623492,-0.1850495336993357,2.192326374050251,1.0593323287000287,-0.004601363299582939,-0.10156074721721142,-0.4018491453624937,0.0003848622244051608,-0.03873909631049696,0.00043291730394587336,0.99169921875,-0.004601363299582939,-0.10156074721721142,-0.4018491453624937,0.0003848622244051608,-0.03873909631049696,0.00043291730394587336,-1.0,0.07741580148440476,0.04248827091665603,0.9171640852094419,0.06757807733117917,0.21170738480443219,0.9024998346667837,0.0,0.0,0.0,0,0.0355
67,0,0.0,0.1462237822741452,0.10221619526515324,0.942352796164713,0.9939583973076671,-0.004000406679800117,0.07729139681706325,0.07782506759416896,0.032778991311072654,-0.033132351570142986,0.17006895766624397,1.2875633922871046,-0.029332971348743048,-0.8130364879333757,-0.18995330274429964,2.2198184772251572,1.0635965087322292,-0.019958083062793675,-0.06468101618084365,-0.37286420350524474,0.000830928427205127,-0.039745784013378,0.005206476993045661,0.98828125,-0.019958083062793675,-0.06468101618084365,-0.37286420350524474,0.000830928427205127,-0.039745784013378,0.005206476993045661,-1.0,0.07741580148436833,0.042488270916942086,0.9171640852094419,0.06757807733117917,0.21170738480443219,0.9024998346667837,0.0,0.0,0.0,0,0.04
68,0,0.0,0.1454239224995813,0.10087521782916903,0.9367021713259011,0.9936971923506807,-0.003830833537227518,0.08109193340605389,0.07730014854611664,0.03526839582653645,-0.03564134392622769,0.1677753740525872,1.2855448651549535,-0.02858875817683264,-0.8341114344754668,-0.1947743137253365,2.24649791709229,1.0675642153990414,-0.023758742803521526,-0.02789512669927574,-0.31055798990659156,0.0009468734329870637,-0.03451334909258935,0.003172175184610715,0.947265625,-0.023758742803521526,-0.02789512669927574,-0.31055798990659156,0.0009468734329870637,-0.03451334909258935,0.003172175184610715,-1.0,0.07729846424006251,0.04250818262784354,0.917016549195659,0.06757807733117917,0.21170738480443219,0.9024998346667837,5.304440246869091,0.0,0.0,1,0.041
69,0,0.0,0.1448471609447101,0.10002242508866832,0.9322696964930256,0.9934054908658589,-0.0033587744562769695,0.08520051871181226,0.0766493376550059,0.0364830323397924,-0.03718332205097263,0.16586610611184416,1.282793384755779,-0.02759843460395939,-0.85348063107102,-0.19974918826729307,2.271408460353435,1.0712295668800464,-0.00526904676754858,-0.01288047793128888,-0.26285836118088257,0.0004718209787416272,-0.03309696290597766,0.0037965648485857872,0.8525390625,-0.00526904676754858,-0.01288047793128888,-0.26285836118088257,0.0004718209787416272,-0.03309696290597766,0.0037965648485857872,-1.0,0.07628633161111761,0.04261710896650264,0.9167005063809712,0.06757807733117917,0.21170738480443219,0.9024998346667837,12.238066932952078,0.0,0.0,3,0.0404
70,0,0.0,0.14503524733467715,0.09980295743394614,0.9300763133713604,0.9930116142162999,-0.0024684305264865425,0.09030171353123544,0.07594367265016992,0.036672290787059664,-0.038052249962592655,0.1644850205040865,1.278855622698866,-0.0264464340837235,-0.8697704519857699,-0.20513400010179028,2.2940090528276484,1.0744514304188693,0.013734251936090125,0.007201614795893652,-0.23307462171339455,0.0002592551348080674,-0.027876233656152744,-0.001732304917903188,0.399169921875,0.013734251936090125,0.007201614795893652,-0.23307462171339455,0.0002592551348080674,-0.027876233656152744,-0.001732304917903188,1.0,0.07631803183806084,0.042580370416947295,0.9157334310377171,0.06757807733117917,0.21170738480443219,0.9024998346667837,15.171455382544274,0.0,0.0,4,0.0407
71,0,0.0,0.1456234737956709,0.0997779424784055,0.9290647121434338,0.9925576401208224,-0.0015302829196731094,0.09563338486208643,0.07537403380334923,0.036719452580643006,-0.03816443942763263,0.163375033821071,1.2749296176491356,-0.025447151172641173,-0.8831868160103341,-0.21058492537098292,2.3140841578389706,1.0775709532727284,0.029501853833433622,-0.013818893479287997,-0.14018587103701408,8.694797343768157e-05,-0.025997473466473603,-0.010639928430579926,0.141845703125,0.029501853833433622,-0.013818893479287997,-0.14018587103701408,8.694797343768157e-05,-0.025997473466473603,-0.010639928430579926,1.0,0.07632886364263823,0.042550731288721076,0.9154305922922861,0.06757807733117917,0.21170738480443219,0.9024998346667837,16.877256991976072,0.0,0.0,5,0.0428
72,1,0.4661,0.1463811245852782,0.09970359914883782,0.9288344158442234,0.9920941598828625,-0.001033494668714774,0.1006218696243638,0.07498899364828744,0.03647943587000771,-0.036666083061218234,0.16239779046007163,1.2711515325624894,-0.024731361169642703,-0.8940242158874302,-0.21570380688092666,2.3308870542505966,1.0810922575001871,0.03432971890949321,-0.04497428967286088,-0.27153102094919335,-0.0011091374855141944,-0.028332754823738315,-0.0015812429024253671,0.9013671875,0.03432971890949321,-0.04497428967286088,-0.27153102094919335,-0.0011091374855141944,-0.028332754823738315,-0.0015812429024253671,-1.0,0.07627203259894894,0.04252662207616533,0.9157290664137285,0.06757807733117917,0.21170738480443219,0.9024998346667837,17.387003628001956,0.0,0.0,5,0.041
73,0,0.0,0.14728296577715352,0.09955035606515135,0.92836350721566,0.9915990576725938,-0.0005831161891225456,0.1056620204861612,0.07460902241093327,0.03615729524192181,-0.03510876331310358,0.16141932301661366,1.2692584154530808,-0.024324440543433797,-0.9022771220624035,-0.22048668404938784,2.3472318677388175,1.0843697463477961,0.046116900132425864,-0.021513900972881306,-0.318545966008983,-0.0007753930070654863,-0.04019059950999984,-0.0026588186128339575,0.8994140625,0.046116900132425864,-0.021513900972881306,-0.318545966008983,-0.0007753930070654863,-0.04019059950999984,-0.0026588186128339575,-1.0,0.07621472417433442,0.042483936931697316,0.9159021850044761,0.06757807733117917,0.21170738480443219,0.9024998346667837,19.00417000099045,0.0,0.0,5,0.0404
74,0,0.0,0.14853959765469654,0.09954221283915089,0.9273968266085464,0.991006497519489,0.0001413996268622708,0.11145218881824757,0.07405748772353493,0.036126332743648605,-0.035508488329479844,0.16055376710731858,1.2700474963157555,-0.02415134518374779,-0.9073386805090279,-0.22515006715056776,2.3646782738020136,1.0873252573669139,0.10467402427968575,0.03479103190706956,-0.3135249524589083,-0.0012661463475105716,-0.04911032078436439,-0.0011582692590874077,0.90478515625,0.10467402427968575,0.03479103190706956,-0.3135249524589083,-0.0012661463475105716,-0.04911032078436439,-0.0011582692590874077,-1.0,0.07618973566021178,0.042449023553169304,0.9160398617547777,0.06757807733117917,0.21170738480443219,0.9024998346667837,21.393734716136557,0.0,0.0,5,0.0411
75,0,0.0,0.15033941617107752,0.0997760178879615,0.9263228822063103,0.9902675399544749,0.0010066008946176264,0.11828210536855137,0.07333845932887467,0.036254402074254635,-0.03697300167958061,0.15989159203646677,1.2734054424419847,-0.02420844788268651,-0.9086253941956998,-0.2298655526880136,2.3830736330226285,1.0903342937294132,0.04817131080308956,0.029113617841674433,-0.3304138162182503,-0.00031000263663520655,-0.04468557716007332,-0.0014402516879793714,0.7734375,0.04817131080308956,0.029113617841674433,-0.3304138162182503,-0.00031000263663520655,-0.04468557716007332,-0.0014402516879793714,-1.0,0.07616060241719094,0.042456422175429075,0.9166314653318253,0.06757807733117917,0.21170738480443219,0.9024998346667837,23.36524584762595,0.0,0.0,5,0.0445
76,0,0.0,0.1521836087697695,0.10008594744370418,0.9251665372405424,0.9895103277903928,0.0019033890567628498,0.12476706587237475,0.07279332098376975,0.036389601002926306,-0.03793009802595816,0.15943998610089777,1.2782214812055106,-0.024394775932468228,-0.907142669702105,-0.2344514895872914,2.399235358438889,1.0931756908014558,0.008495504725897773,0.026861420526476443,-0.32082824489538053,0.0003043448592788267,-0.02915215179119965,-0.003323491480936469,0.393798828125,0.008495504725897773,0.026861420526476443,-0.32082824489538053,0.0003043448592788267,-0.02915215179119965,-0.003323491480936469,1.0,0.0761302137286485,0.042478698392229314,0.9173944807250551,0.06757807733117917,0.21170738480443219,0.9024998346667837,24.694127864953515,0.0,0.0,5,0.0409
77,0,0.0,0.1537644476800297,0.10040764200160018,0.9241960026021397,0.9888599727845385,0.002729302881267437,0.12994850704445085,0.07253889058471408,0.036437607241705826,-0.03807834421052113,0.15918532016177,1.2832361542533934,-0.024536699183742055,-0.9038856786702473,-0.23850387660870984,2.4111152068086863,1.0955016825796626,0.02986137570079972,0.036433259116068095,-0.20911069340622024,-8.938505618900916e-05,-0.022872059319156895,-0.00127911887146967,0.6318359375,0.02986137570079972,0.036433259116068095,-0.20911069340622024,-8.938505618900916e-05,-0.022872059319156895,-0.00127911887146967,-1.0,0.07608640908399072,0.042513539090885344,0.918257871946981,0.06757807733117917,0.21170738480443219,0.9024998346667837,25.210292712157617,0.0,0.0,5,0.0397
78,0,0.0,0.15525974628079378,0.10075642820659496,0.9238077789996356,0.9883093699756289,0.0034874911847439516,0.13410100350315943,0.07245238079633219,0.03644312597966118,-0.037836020438466164,0.1590664075392593,1.2878932490603163,-0.024580548253543492,-0.8989838512262645,-0.24181487634920168,2.418964380286637,1.097056491068746,0.1243642665513276,0.06432766128034373,-0.095396147891462,-0.014837750826381946,-0.017739122601559965,-0.004088872359357537,0.767578125,0.1243642665513276,0.06432766128034373,-0.095396147891462,-0.014837750826381946,-0.017739122601559965,-0.004088872359357537,-1.0,0.07602815462380573,0.04256839058981365,0.9195315876850639,0.06757807733117917,0.21170738480443219,0.9024998346667837,23.143696088599363,0.0,0.0,5,0.0428
79,0,0.0,0.15697133288048404,0.10109531208003315,0.9239050358616046,0.9877437099977491,0.004203001679706164,0.13814528238618465,0.07252984965656255,0.03660671769609479,-0.038326415869960544,0.15909539440664958,1.2930214375685471,-0.024852385649614245,-0.8918955111192343,-0.24485157585050837,2.4249343642386854,1.0983227890407365,0.1411077135172364,0.07544788552413406,-0.05528509646302493,-0.009884322523809094,-0.0052959943671118115,-0.013263372099378418,0.802734375,0.1411077135172364,0.07544788552413406,-0.05528509646302493,-0.009884322523809094,-0.0052959943671118115,-0.013263372099378418,-1.0,0.07599035700313253,0.042638660654255506,0.9210959323128393,0.06757807733117917,0.21170738480443219,0.9024998346667837,18.446845483600324,0.0,0.0,5,0.0409
80,1,0.4677,0.15866370405560934,0.10147208952359185,0.9238766271686112,0.9872150722388652,0.004566572809367009,0.1417984640325808,0.0726549596048898,0.03678202421023772,-0.03868770083223604,0.15926206403021753,1.2992749070720317,-0.025178232923216644,-0.8827722987065699,-0.24742260735274868,2.429067793483683,1.0999285619968417,0.1774194221212163,0.023107758334479755,-0.13653422481877797,-0.0013537089820854775,-0.0016321193554633684,-0.005659917320327085,0.951171875,0.1774194221212163,0.023107758334479755,-0.13653422481877797,-0.0013537089820854775,-0.0016321193554633684,-0.005659917320327085,-1.0,0.07600520684279648,0.042682443844166335,0.9226091287057575,0.06757807733117917,0.21170738480443219,0.9024998346667837,13.857805703237911,0.0,0.0,5,0.0408
81,0,0.0,0.16038505605631345,0.10176445418181158,0.923098618885515,0.9866909021992754,0.004794967522309401,0.14549004139092941,0.0724618496845358,0.03693154970923481,-0.03889470059349599,0.15920677989506066,1.307987529465808,-0.025580441972593272,-0.8712615956435626,-0.2490106154193039,2.4336694854306553,1.100975203458889,0.1525096927394196,0.05839218293924897,-0.19085246231503972,-0.0006191893187203756,-0.008280940462863706,-0.0035047658995098763,0.9130859375,0.1525096927394196,0.05839218293924897,-0.19085246231503972,-0.0006191893187203756,-0.008280940462863706,-0.0035047658995098763,-1.0,0.07612536867700107,0.04265379780444298,0.9238183706213342,0.06757807733117917,0.21170738480443219,0.9024998346667837,12.421935193315004,0.0,0.0,4,0.0381
82,0,0.0,0.1621913864048329,0.10203084783844604,0.9215709521362785,0.9861409136900278,0.005215161957178915,0.14942413996003187,0.07191193801839448,0.03706108668615895,-0.039006184068061715,0.15897002699455234,1.3192277140677715,-0.025988423136466893,-0.8571942891006373,-0.24967359439546316,2.438956219530722,1.1009865664327259,0.17187251331042452,0.07906078538393091,-0.22485841772236337,-0.00045010285195504207,-0.023112025573913425,-0.005116094064606835,0.90380859375,0.17187251331042452,0.07906078538393091,-0.22485841772236337,-0.00045010285195504207,-0.023112025573913425,-0.005116094064606835,-1.0,0.0763130075246689,0.04267923458666583,0.9249473843360746,0.06757807733117917,0.21170738480443219,0.9024998346667837,12.547469386325597,0.0,0.0,4,0.0423
83,0,0.0,0.16400967366052954,0.10242197053780787,0.9193208058722244,0.9855477929621114,0.005582662787846526,0.15363964623794224,0.07112834011550594,0.03749092815954605,-0.03906658692735218,0.15880914076160976,1.3329143393744993,-0.026489462117698082,-0.8408428671625969,-0.24991386250925623,2.4450410620019696,1.1010972031090795,0.1359203265738106,0.05534233240825159,-0.28088836438342335,2.092373403407566e-05,-0.021672228045374248,-0.0054786429017536775,0.83251953125,0.1359203265738106,0.05534233240825159,-0.28088836438342335,2.092373403407566e-05,-0.021672228045374248,-0.0054786429017536775,-1.0,0.07196931829056023,0.04261982337303347,0.9312228746362201,0.06757807733117917,0.21170738480443219,0.9024998346667837,0.005828219689892306,0.0,0.0,1,0.0384
84,0,0.0,0.16573900862459637,0.10383339721578054,0.9175751209166119,0.9850314730494647,0.006251750455076643,0.15748988255583588,0.06979147233579307,0.038103939129245264,-0.03774221356662386,0.15933473288108177,1.346121813445627,-0.02583353103606678,-0.8231607019297882,-0.24944270747643138,2.448759795632606,1.100381334620006,0.1184963560732446,0.038966981095665876,-0.327903309443213,0.0014364190129552562,-0.019389622207446333,-0.004471562798568057,0.705078125,0.1184963560732446,0.038966981095665876,-0.327903309443213,0.0014364190129552562,-0.019389622207446333,-0.004471562798568057,-1.0,0.07047864832546345,0.04200656180224265,0.9309599197183774,0.06757807733117917,0.21170738480443219,0.9024998346667837,0.0,0.0,52.202439206353326,1,0.0362
85,0,0.0,0.16774007419747683,0.10570468632058307,0.9174202738502513,0.9845356960177586,0.007365916920627602,0.16111957390525913,0.06837901314974709,0.03842671443452508,-0.036478481697134295,0.16011332912204762,1.3580026541237622,-0.024735883701830517,-0.804133246671345,-0.24849650191422543,2.449396616640046,1.0982355232132155,0.16113821755620694,0.029160538619074416,-0.25760911974216827,0.0003188379850015688,-0.01652319603020222,-0.003323491480936469,0.98388671875,0.16113821755620694,0.029160538619074416,-0.25760911974216827,0.0003188379850015688,-0.01652319603020222,-0.003323491480936469,-1.0,0.0698178078162497,0.04138533451193247,0.9293487856647502,0.06757807733117917,0.21170738480443219,0.9024998346667837,0.0,0.0,76.35631024764193,1,0.0382
86,0,0.0,0.16984742135605738,0.10723210191696882,0.9172566256294451,0.9839877039243465,0.008463735881502288,0.16492664922797395,0.0670504591710804,0.03860920669857391,-0.03570995455767514,0.16068237230198334,1.3707606034091009,-0.024017885786329685,-0.7835584224254736,-0.2470991389699325,2.4498671985590366,1.09548634069269,0.1580566015502114,0.030943528160272904,-0.11565137300824035,-0.0005934237618799437,-0.004552684260914763,-0.001017278044641412,0.97705078125,0.1580566015502114,0.030943528160272904,-0.11565137300824035,-0.0005934237618799437,-0.004552684260914763,-0.001017278044641412,-1.0,0.069106554651621,0.041346468266833254,0.9279043414534092,0.06757807733117917,0.21170738480443219,0.9024998346667837,0.0,0.0,75.79532351968942,1,0.0394
87,0,0.0,0.17182334927807993,0.10828452167580863,0.9171898535045024,0.98351281008255,0.009356067386117106,0.16808679013527147,0.06604428354227167,0.038709114438742254,-0.03571343935818835,0.16104637238150224,1.383594311480821,-0.023682034166317277,-0.7620609417959133,-0.24513482721103147,2.4480399114421774,1.0922223513957556,0.12421018575102782,0.051307145551855116,-0.04681213609727408,-0.00015540929559261507,0.0003578447083712466,-0.008560308017501628,0.986328125,0.12421018575102782,0.051307145551855116,-0.04681213609727408,-0.00015540929559261507,0.0003578447083712466,-0.008560308017501628,-1.0,0.0684844248576773,0.04135834501093535,0.9261991894041028,0.06757807733117917,0.21170738480443219,0.9024998346667837,0.0,0.0,0.0,0,0.0365
88,1,0.474,0.17343161618592734,0.10897780195666411,0.9172152991736316,0.9832233765661875,0.009726672392254998,0.17000065094052574,0.06539848849748224,0.03877085627919269,-0.03627296980808452,0.1613798348377494,1.3958884584949631,-0.023610717588654146,-0.7404526034839335,-0.24261188317879503,2.4428961941172487,1.0892082342044074,0.21249848432279816,0.04520744448986047,-0.21801158106317065,-0.0011920703715943282,-0.00016891048499675931,-0.003454411894350584,0.9638671875,0.21249848432279816,0.04520744448986047,-0.21801158106317065,-0.0011920703715943282,-0.00016891048499675931,-0.003454411894350584,-1.0,0.06792557336296434,0.04137051235304339,0.9241656002712673,0.06757807733117917,0.21170738480443219,0.9024998346667837,0.0,0.0,0.0,0,0.0401
89,0,0.0,0.1754177115691019,0.10993982091765636,0.9170911926666425,0.9826902379354522,0.010365267310588955,0.1734959798616905,0.06412177845144033,0.038832233482515896,-0.03620932088655633,0.16169454940338054,1.4103007659310562,-0.023575408490050187,-0.7167743786499732,-0.23966209527346036,2.4416473949731388,1.085723002515901,0.23335075263003413,0.0685270708576401,-0.20956714918349972,-0.0001900317625969511,0.007615360705885699,-0.002356694581878288,0.91845703125,0.23335075263003413,0.0685270708576401,-0.20956714918349972,-0.0001900317625969511,0.007615360705885699,-0.002356694581878288,-1.0,0.06750031277238987,0.041380076621180026,0.9217691703986239,0.06757807733117917,0.21170738480443219,0.9024998346667837,0.0,0.0,0.0,0,0.0527
90,0,0.0,0.17776430271184784,0.11131001021204469,0.9168701593561153,0.9819099983878371,0.011664922647521947,0.17849242093269663,0.06210587987629359,0.03888186224092155,-0.03569002226612567,0.16201953029168156,1.427018520095442,-0.0233378529854567,-0.6903064007616295,-0.2359345831944186,2.4431131241242356,1.0807844341658737,0.21855899580125593,0.08796400289557316,-0.2667382352877584,0.0002608654821105866,0.00017055397295151487,-0.0021653493622730002,0.85009765625,0.21855899580125593,0.08796400289557316,-0.2667382352877584,0.0002608654821105866,0.00017055397295151487,-0.0021653493622730002,-1.0,0.06730673185436667,0.04138442379263787,0.9189921386934498,0.06757807733117917,0.21170738480443219,0.9024998346667837,0.0,0.0,73.46991338337017,1,0.0382
91,0,0.0,0.18018254509007825,0.1128420285349604,0.9166145760912815,0.9810077522681058,0.013209428078116314,0.18406281686153148,0.059750987010463,0.0389249887174112,-0.03508063451356909,0.16240906862533866,1.4454478490872098,-0.023127925479153027,-0.6613599839326649,-0.2314372136331841,2.4451813204125674,1.0749769769778206,0.17017762450712703,0.061254350360646415,-0.3190024217862625,0.0005475073019603899,-0.0009063677557119287,-0.00044324238582560405,0.71923828125,0.17017762450712703,0.061254350360646415,-0.3190024217862625,0.0005475073019603899,-0.0009063677557119287,-0.00044324238582560405,-1.0,0.06737135908631935,0.04138318470066488,0.9171568919382742,0.06757807733117917,0.21170738480443219,0.9024998346667837,0.0,0.0,79.52288053980318,1,0.0394
92,0,0.0,0.182488416198683,0.11436015191999653,0.9163739225310185,0.9800642759918643,0.01485540613502001,0.18964191582736414,0.05735220653498903,0.038965432287073255,-0.03443652009678244,0.16288164904242425,1.4650013249196923,-0.023174829659184246,-0.6304638823486381,-0.22619459978603215,2.4464191332945604,1.0684770992653572,0.14069683138310363,0.03624557600646827,-0.3514107819731078,0.0007600731458939358,-0.005266730189702473,-0.0014100392848838128,0.9404296875,0.14069683138310363,0.03624557600646827,-0.3514107819731078,0.0007600731458939358,-0.005266730189702473,-0.0014100392848838128,-1.0,0.06736602965071559,0.041383196600751654,0.9171626692172244,0.06757807733117917,0.21170738480443219,0.9024998346667837,0.0,0.0,82.77431026719984,1,0.037
93,0,0.0,0.18464621513302554,0.11564946943217186,0.9161799701213721,0.9790918550905742,0.016479340008478782,0.19513880484286925,0.05503105934541312,0.039004092430896024,-0.033909860227967485,0.1633164340246113,1.4853471294106568,-0.02372981024966055,-0.598046639100664,-0.22013406449994496,2.44684741657887,1.0614165722670978,0.171050749042159,0.04220451473626308,-0.3377171086547225,0.0002721379132282764,-0.0035284380515881175,-0.00667706822454453,0.990234375,0.171050749042159,0.04220451473626308,-0.3377171086547225,0.0002721379132282764,-0.0035284380515881175,-0.00667706822454453,-1.0,0.06736585021312426,0.041383193430169565,0.9171632008463628,0.06757807733117917,0.21170738480443219,0.9024998346667837,0.0,0.0,0.0,0,0.0361
94,0,0.0,0.18682199156627763,0.11672628967076908,0.9159704088955694,0.9779308203570014,0.01798627519561996,0.20141025668714363,0.05255200283231051,0.03904132092676428,-0.03367799315505724,0.1636525962455961,1.5070693580809862,-0.025107864115089834,-0.5641069610206837,-0.2131261074374273,2.448849558438884,1.054263503211084,0.15831340288404439,0.019166413032883134,-0.2977772281427652,-0.0002681336067694995,-0.007256694253537088,-0.0062540945812065984,0.98974609375,0.15831340288404439,0.019166413032883134,-0.2977772281427652,-0.0002681336067694995,-0.007256694253537088,-0.0062540945812065984,-1.0,0.06736579935664219,0.04138319309226594,0.9171632737547202,0.06757807733117917,0.21170738480443219,0.9024998346667837,0.0,0.0,93.97608721344433,1,0.0389
95,0,0.0,0.18891147108101342,0.11752608748510265,0.9157953718102603,0.9766238167475153,0.019313404652431865,0.20814859088703833,0.05007072072564809,0.03907684536863237,-0.03365595987166101,0.16400506682050006,1.5296653690271682,-0.027703931950321704,-0.5289361957639133,-0.2048069194494009,2.4514218463436674,1.0470079876686809,0.13324959270194792,-0.01832328810968409,-0.2318193683258759,-0.00013608512796230154,-0.002486633335815891,-0.009038671066514792,1.01171875,0.13324959270194792,-0.01832328810968409,-0.2318193683258759,-0.00013608512796230154,-0.002486633335815891,-0.009038671066514792,-1.0,0.06736578586634215,0.04138319302293454,0.917163291226646,0.06757807733117917,0.21170738480443219,0.9024998346667837,0.0,0.0,79.85000506681723,1,0.0372
96,1,0.464,0.19065571403393347,0.1178235407341153,0.9156294908393668,0.9753758104915928,0.020317952759811908,0.21431376032737218,0.047946024213268025,0.03911064959857695,-0.03405304488980604,0.16453177080710504,1.5522600328740797,-0.03252765115457686,-0.49349629772364595,-0.1941119457359153,2.452407020494982,1.0395233717711219,0.15476954447714963,-0.0014318082456988845,-0.2744979835015101,-0.0006884342527290338,0.0007324261792106823,-0.004995244452224573,1.0224609375,0.15476954447714963,-0.0014318082456988845,-0.2744979835015101,-0.0006884342527290338,0.0007324261792106823,-0.004995244452224573,-1.0,0.06736578231513861,0.041383193006297544,0.917163295943187,0.06757807733117917,0.21170738480443219,0.9024998346667837,0.0,0.0,61.437399155550466,1,0.06
97,0,0.0,0.19234504493020976,0.11810520971078237,0.915511640161331,0.9738959185397147,0.021487862080798614,0.2213405406947556,0.04553434615577413,0.03914454580826614,-0.034303528737799724,0.16663719098956248,1.5731570915151631,-0.04382507532235296,-0.46235210640177915,-0.1756340313987399,2.4581631695401143,1.030519190485736,0.1293718925610703,0.009735336775491432,-0.31626368712258546,-0.00046459597767779803,-0.003329441645204656,-0.0024473317911649917,0.99951171875,0.1293718925610703,0.009735336775491432,-0.31626368712258546,-0.00046459597767779803,-0.003329441645204656,-0.0024473317911649917,-1.0,0.06736578138080376,0.04138319300232173,0.9171632972372709,0.06757807733117917,0.21170738480443219,0.9024998346667837,0.0,0.0,68.08203736516091,1,0.0614
98,0,0.0,0.19407365026738688,0.11852382118916403,0.9153448826756279,0.9721330449820327,0.022937680306403918,0.22935759758790122,0.042735209193686285,0.039176826258859314,-0.034297095349779996,0.16654833386529735,1.5801498823581672,-0.04751945442957104,-0.45753580201240274,-0.16862383893695565,2.4780590485933676,1.026131348619588,0.13178582509910008,-0.005091628882895605,-0.33178318355008884,-7.247640951248135e-05,-0.01218185531152774,0.00013079327299017618,0.99755859375,0.13178582509910008,-0.005091628882895605,-0.33178318355008884,-7.247640951248135e-05,-0.01218185531152774,0.00013079327299017618,-1.0,0.06736578113461686,0.04138319300147782,0.9171632975928982,0.06757807733117917,0.21170738480443219,0.9024998346667837,0.0,0.0,77.47823093005438,1,0.0587
99,0,0.0,0.19586253090116248,0.1188485315622329,0.9151100015232636,0.9701306272885328,0.02451090405073786,0.23805256659713087,0.039708401074470046,0.039207721150409734,-0.03435957614918693,0.16134848428565382,1.579326083492613,-0.03417238629561324,-0.46730685027561164,-0.184176784925537,2.5059590067395177,1.0278226275952271,0.09747877190735355,-0.030335007124073665,-0.37446179872572305,-1.1283212016460764e-05,-0.009896323055858858,0.0010975901720483572,0.99267578125,0.09747877190735355,-0.030335007124073665,-0.37446179872572305,-1.1283212016460764e-05,-0.009896323055858858,0.0010975901720483572,-1.0,0.06736578106936499,0.04138319300140975,0.9171632976905999,0.06757807733117917,0.21170738480443219,0.9024998346667837,0.0,0.0,79.04774421335023,1,0.0546
100,0,0.0,0.19754862963419645,0.11912011744123079,0.9148904962208859,0.9679433998794067,0.026341516474190585,0.24710693660142785,0.03646725960627538,0.039237434166446,-0.034413705148415796,0.15679765810898263,1.5671464144190228,-0.02426528758569103,-0.49849454924887615,-0.19761965592572242,2.54464464840046,1.0306101965457921,0.07757506352696297,-0.06993614324963904,-0.39728458758969865,0.0004718209787416272,-0.006806025921433367,-0.0018128713261580387,0.99951171875,0.07757506352696297,-0.06993614324963904,-0.39728458758969865,0.0004718209787416272,-0.006806025921433367,-0.0018128713261580387,-1.0,0.06736578105168639,0.0413831930015334,0.9171632977174279,0.06757807733117917,0.21170738480443219,0.9024998346667837,0.0,0.0,80.92684968464233,1,0.0703
101,0,0.0,0.19904807854912476,0.11903379517625169,0.9146277643599128,0.9655677612659148,0.02807742534957053,0.2565048139128734,0.0331034292663197,0.039265714756306004,-0.034598549761832124,0.1540582724521934,1.5548111370913835,-0.022318159152277,-0.5309485552481057,-0.20120909168997458,2.585524946681681,1.031134184748185,0.1116911207266712,-0.07256370678403679,-0.35529065607998367,0.00011271353027811348,0.00024078799873389345,-0.001480534892106783,1.001953125,0.1116911207266712,-0.07256370678403679,-0.35529065607998367,0.00011271353027811348,0.00024078799873389345,-0.001480534892106783,-1.0,0.06736578104651648,0.041383193001704226,0.9171632977247908,0.06757807733117917,0.21170738480443219,0.9024998346667837,0.0,0.0,81.79180845341763,1,0.0642
102,0,0.0,0.20053885621477185,0.11878817515241841,0.9143881714113776,0.9627340421701585,0.02968364346171587,0.26721645536879013,0.029281587007605095,0.039293510951148664,-0.034822213549185486,0.15197846429974482,1.5446155589426742,-0.02349540115165229,-0.5611701457743156,-0.20037719175714047,2.629468360609615,1.0304408661061535,0.09822189076713272,-0.04488044811806091,-0.3112426735725108,-0.0005241788278712856,0.001235770030651201,-0.0011280568559918214,1.00390625,0.09822189076713272,-0.04488044811806091,-0.3112426735725108,-0.0005241788278712856,0.001235770030651201,-0.0011280568559918214,-1.0,0.06736578104463557,0.041383193001886635,0.9171632977268106,0.06757807733117917,0.21170738480443219,0.9024998346667837,0.0,0.0,82.87917939515373,1,0.0601
103,0,0.0,0.20188996851576269,0.11848503165657673,0.9140549680433966,0.9595596539243413,0.03122397016281231,0.2786298550850613,0.025213847448301394,0.03932058636694754,-0.035076797409761516,0.15031631800299283,1.537239531137417,-0.02598209386218001,-0.5875603389188698,-0.19717242200010576,2.673914636621403,1.0287266705162537,0.11537621986717417,-0.03709159906966775,-0.21755512528589116,-0.0007902887196138686,-0.0007658997041471438,-0.01311734548441651,1.015625,0.11537621986717417,-0.03709159906966775,-0.21755512528589116,-0.0007902887196138686,-0.0007658997041471438,-0.01311734548441651,-1.0,0.0673657810436195,0.0413831930020719,0.9171632977273643,0.06757807733117917,0.21170738480443219,0.9024998346667837,0.0,0.0,78.99598964434108,1,0.0604
104,1,0.4872,0.20315449150003473,0.11797517827207588,0.9138050976667007,0.956180744860601,0.03228390434443834,0.29021259633323065,0.02127866555097152,0.039346217514022654,-0.03552487201598794,0.14891460309070256,1.5330088153916324,-0.02938843977809299,-0.6084427547693838,-0.1927039050084086,2.7163510813206266,1.0271254288601086,0.17906295065774724,-0.006780776869294236,-0.3247081190022564,-0.0009336096295387564,0.0019264046175114513,0.0007451121359333956,1.0087890625,0.17906295065774724,-0.006780776869294236,-0.3247081190022564,-0.0009336096295387564,0.0019264046175114513,0.0007451121359333956,-1.0,0.06736578104283081,0.04138319300225784,0.9171632977275159,0.06757807733117917,0.21170738480443219,0.9024998346667837,0.0,0.0,72.29468509744953,1,0.0594
105,0,0.0,0.20480230877702527,0.1177984492361259,0.9133744531932882,0.9515536256202365,0.03355778336081644,0.3052034159267307,0.016445292686516524,0.03937274537013218,-0.03568197021154241,0.14753630636698006,1.5373224115036281,-0.03294044344120887,-0.6182460622639894,-0.18695663590997932,2.7642393818239124,1.024430393835243,0.15533450741158217,0.0008203890694992166,-0.36761496206653044,-0.00090140268348822,-0.0015501796587172323,0.005367609809555363,0.98828125,0.15533450741158217,0.0008203890694992166,-0.36761496206653044,-0.00090140268348822,-0.0015501796587172323,0.005367609809555363,-1.0,0.06736578104210193,0.041383193002443974,0.9171632977275573,0.06757807733117917,0.21170738480443219,0.9024998346667837,0.0,0.0,113.9369644995522,1,0.0594
106,0,0.0,0.20685185353572447,0.11805751560914794,0.9129748803374999,0.9455648370487693,0.03527533152656642,0.32334053948488817,0.010662337841480754,0.039397868000541646,-0.03543628595195855,0.1460217804307883,1.5520040839643872,-0.03585724240821822,-0.6125576348308057,-0.17900956353205974,2.813743991338282,1.0188580539796415,0.1170197484037051,-0.05295082183085387,-0.391350662485065,0.00012720665600085557,-0.005407198241267258,0.0076234692406911275,0.9951171875,0.1170197484037051,-0.05295082183085387,-0.391350662485065,0.00012720665600085557,-0.005407198241267258,0.0076234692406911275,-1.0,0.0673657810413888,0.04138319300263011,0.9171632977275687,0.06757807733117917,0.21170738480443219,0.9024998346667837,0.0,0.0,121.0992337040144,1,0.0616
107,0,0.0,0.20885356991322845,0.1181021375122058,0.912389439225184,0.9390616380383873,0.036768794393034654,0.3417407294383235,0.004956769765166638,0.0394212150766936,-0.03543256054494358,0.14420391894785237,1.5766300167236162,-0.038353749887583645,-0.5898744816911259,-0.16820947744048392,2.856823090049798,1.0103252700096899,0.10509774648051007,-0.05792442423524957,-0.4340292776606993,0.0005378452181452192,-0.006507531311858161,0.0049244945641536975,1.0068359375,0.10509774648051007,-0.05792442423524957,-0.4340292776606993,0.0005378452181452192,-0.006507531311858161,0.0049244945641536975,-1.0,0.0673657810406798,0.041383193002816246,0.9171632977275718,0.06757807733117917,0.21170738480443219,0.9024998346667837,0.0,0.0,126.34849702916925,1,0.072
108,0,0.0,0.2108466043662415,0.11816049624083602,0.9119493715534144,0.931273992591371,0.03782771902118276,0.362348296840477,-0.0012353839022034852,0.03944495288638448,-0.0354494679110589,0.14223567403305845,1.6164749853934033,-0.040783006466498094,-0.5422575094558114,-0.15288349492344297,2.8956066586830436,0.9984669719812486,0.07659921845839779,-0.06543174861924295,-0.45320042030643876,0.0006087004994564105,-0.01008361379127859,0.003434016011438973,1.0166015625,0.07659921845839779,-0.06543174861924295,-0.45320042030643876,0.0006087004994564105,-0.01008361379127859,0.003434016011438973,-1.0,0.06720930298781425,0.041372623182493566,0.914073039888601,0.06757807733117917,0.21170738480443219,0.9024998346667837,0.0,0.0,119.22925953663332,1,0.0771
109,0,0.0,0.2119142984376151,0.1176827314053176,0.9112514677073817,0.9198342729640916,0.03619304753730346,0.39049483304460464,-0.01042875620817263,0.0394656087355782,-0.0357834694922954,0.14088722466568404,1.688965112492824,-0.04901318196715956,-0.44709772412495546,-0.11575071959990366,2.9370806508291367,0.9788819630414589,0.11763607160490419,-0.05998893844084774,-0.40915243779896593,0.00016102394935392506,-0.007525924685702928,0.002245661489679973,1.01953125,0.11763607160490419,-0.05998893844084774,-0.40915243779896593,0.00016102394935392506,-0.007525924685702928,0.002245661489679973,-1.0,0.06679946397588266,0.04130734813110283,0.9075965202188343,0.06757807733117917,0.21170738480443219,0.9024998346667837,0.0,0.0,16.593099627466792,1,0.0873
110,0,0.0,0.211372481330186,0.11826241036323513,0.9120326614752899,0.9111867923554261,0.027106912192851995,0.41025858984476854,-0.026300840423455263,0.04033485946556346,-0.03657645459598972,0.1491830875339439,1.732123728414403,-0.07170899177616596,-0.39327995535911603,-0.016862670780621425,2.9714741561115385,0.9345172196221255,0.13712729284282554,-0.03690391596006792,-0.3997950943647359,0.0003107862484889312,-0.0033352944806865348,0.00028185528846802477,1.0087890625,0.13712729284282554,-0.03690391596006792,-0.3997950943647359,0.0003107862484889312,-0.0033352944806865348,0.00028185528846802477,-1.0,0.06576163604955017,0.04136624586054869,0.90268376795884,0.06757807733117917,0.21170738480443219,0.9024998346667837,0.0,0.0,16.802756648681324,1,0.0755
111,0,0.0,0.2122806379200926,0.11800475628206028,0.9131297758395266,0.9114265739225998,0.026961486320775607,0.40954667905551234,-0.02908945303174279,0.04014352481647458,-0.03762479569584387,0.1603957263578392,1.7045720575338106,-0.0941308460021711,-0.4404765260374764,0.05117681441497368,2.9877727906990392,0.8943582385098949,0.19616591949102213,-0.03408866931607035,-0.3388582480979212,-0.001437648335229691,-0.003107033896893735,-0.00591168734612349,1.009765625,0.19616591949102213,-0.03408866931607035,-0.3388582480979212,-0.001437648335229691,-0.003107033896893735,-0.00591168734612349,-1.0,0.06528615984793841,0.041173241230490785,0.9039990251297447,0.06757807733117917,0.21170738480443219,0.9024998346667837,0.0,0.0,0.0,0,0.0672
112,1,0.4997,0.2151229356829703,0.11798812005975197,0.9202514422282325,0.9168082622903494,0.032528565070656046,0.3973370244163286,-0.02297371712568899,0.04005653267031104,-0.038240225296675784,0.16945900844651177,1.6463127789002856,-0.10768647529530927,-0.5121746570859792,0.0692717529328388,2.9724434721181634,0.8747321940898981,0.13532968350599484,0.013723602854487926,-0.2754108950560692,-0.008467216897585395,0.011829402252829552,-0.003957951945943394,0.9921875,0.13532968350599484,0.013723602854487926,-0.2754108950560692,-0.008467216897585395,0.011829402252829552,-0.003957951945943394,-1.0,0.06624748138831155,0.040717424706962546,0.9112754394030693,0.06757807733117917,0.21170738480443219,0.9024998346667837,0.0,0.0,0.0,0,0.0769
113,0,0.0,0.21856799016132522,0.11416929619482598,0.9278211041384119,0.9192230113076743,0.040870022510455184,0.3914185332013289,-0.012256778082557651,0.040025278230241323,-0.03863846285894572,0.15791514339276277,1.6536225654709924,-0.10145213617978979,-0.4702508030784197,0.021624662231696526,2.9250020933610172,0.8865186801838771,0.15759435914931208,-0.005936202876094976,-0.33817356443200197,-0.001903441292485611,0.003705666603998875,-0.0008964284322591498,0.99462890625,0.15759435914931208,-0.005936202876094976,-0.33817356443200197,-0.001903441292485611,0.003705666603998875,-0.0008964284322591498,-1.0,0.06764793575975571,0.03959819465135155,0.9142250391781491,0.06757807733117917,0.21170738480443219,0.9024998346667837,0.0,0.0,0.0,0,0.0749
114,0,0.0,0.2157540781955603,0.11173543831607714,0.919858105005782,0.9203500240100022,0.044296082618801136,0.3885138868168509,-0.007116889761580314,0.04001663912404652,-0.038752236759354595,0.1448185468396234,1.6913182846965196,-0.07844115776232234,-0.41893611809126874,-0.035291973879245445,2.903881094413903,0.9074120968329831,0.17228339544455717,-0.019637069876882962,-0.3543777445254246,-0.0014182235208929639,0.00013543696006029782,-0.001480534892106783,1.0068359375,0.17228339544455717,-0.019637069876882962,-0.3543777445254246,-0.0014182235208929639,0.00013543696006029782,-0.001480534892106783,-1.0,0.0675413656639251,0.03850749526620103,0.9123712704823133,0.06757807733117917,0.21170738480443219,0.9024998346667837,0.0,0.0,0.0,0,0.0849
115,0,0.0,0.211812718044812,0.1122960239928323,0.9090704827266161,0.9228989319069552,0.04080196454701307,0.38274142485362395,-0.010087758676834868,0.03989299863670117,-0.038757451009188204,0.14263710533798202,1.6707279238412147,-0.0618481819724048,-0.4773211927138631,-0.054793920113538966,2.931707053336459,0.921607501732744,0.14958215753372395,-0.027425918925276127,-0.401620917473854,-0.00041387003764818686,-0.0021588745488313466,-0.0019337209385403287,1.0078125,0.14958215753372395,-0.027425918925276127,-0.401620917473854,-0.00041387003764818686,-0.0021588745488313466,-0.0019337209385403287,-1.0,0.06692782561223085,0.03827602204566738,0.9085834514037173,0.06757807733117917,0.21170738480443219,0.9024998346667837,0.0,0.0,37.326463842068385,4,0.0811
116,0,0.0,0.21526194189824766,0.10630563798392666,0.916192069003384,0.9156089578073059,0.025454590444287495,0.4005319645420023,-0.024216638669625534,0.03844454413714424,-0.03953551772833384,0.13964326787827638,1.6769362777620274,-0.06766432024928624,-0.4702437114679126,0.017540468006868353,2.9731537004938744,0.8911353973562445,0.1410306731170865,-0.02395378139767923,-0.4096088935762454,0.0004283416015733871,-0.004833620364044361,-0.008791936441234327,1.013671875,0.1410306731170865,-0.02395378139767923,-0.4096088935762454,0.0004283416015733871,-0.004833620364044361,-0.008791936441234327,-1.0,0.06720765908839957,0.03659091479119628,0.9074842106790016,0.06757807733117917,0.21170738480443219,0.9024998346667837,0.0,0.0,0.0,0,0.0742
117,0,0.0,0.21774452065925304,0.10488419430009017,0.9225724069875703,0.9129932979511515,0.02675639309977662,0.4061558847073503,-0.027653763616533544,0.03873008064271951,-0.039555081599681484,0.14178327460919898,1.6766431834526878,-0.07413433468833137,-0.46133218750608657,0.06306841988154054,2.974245966375335,0.85155605305963,0.09809188509187972,-0.030053482459673875,-0.39203534615098423,0.00012559630869833638,-0.0007658997041471438,-0.013016637474097953,1.0068359375,0.09809188509187972,-0.030053482459673875,-0.39203534615098423,0.00012559630869833638,-0.0007658997041471438,-0.013016637474097953,-1.0,0.06813121941734995,0.03628061126501672,0.9107206080802713,0.06757807733117917,0.21170738480443219,0.9024998346667837,0.0,0.0,0.0,0,0.0708
118,0,0.0,0.22018798450461144,0.10386780269349742,0.9286636119531422,0.9166584054024122,0.04024514066588625,0.39731015868258246,-0.01619673626104598,0.038853627241547194,-0.03957761556110077,0.13816291291268248,1.6542100928410177,-0.07209614454591491,-0.47290957507986897,0.024492544031382346,2.9426830574577107,0.8497354155538565,0.11897143854083558,-0.0028394315676976145,-0.3454768568684742,-0.0012721851498950498,0.008259172608891002,-0.012397283210638793,0.99853515625,0.11897143854083558,-0.0028394315676976145,-0.3454768568684742,-0.0012721851498950498,0.008259172608891002,-0.012397283210638793,-1.0,0.06911888345125283,0.03549308358670067,0.9139730713559014,0.06757807733117917,0.21170738480443219,0.9024998346667837,0.0,0.0,0.0,0,0.0702
119,0,0.0,0.2184293726808747,0.10021221400765545,0.9228316065549884,0.9201411511470811,0.04727123086457369,0.3887063240330027,-0.0036175067410857964,0.038976615709568556,-0.03959452518171127,0.12345099895273819,1.6667777672041384,-0.0483220873855856,-0.4554147052119792,-0.06602856093273868,2.9167582272692028,0.8904224287689441,0.19180029681586186,0.03737167466406732,-0.27153102094919335,-0.026187478614591767,0.019227386301908816,-0.01616628049681096,0.98583984375,0.19180029681586186,0.03737167466406732,-0.27153102094919335,-0.026187478614591767,0.019227386301908816,-0.01616628049681096,-1.0,0.0692738469305478,0.032876001566570626,0.913071140637419,0.06757807733117917,0.21170738480443219,0.9024998346667837,0.0,0.0,0.0,0,0.0526
120,1,0.4653,0.2136609370363109,0.09630984721215283,0.9088123731999119,0.9213245549321216,0.03298554026414302,0.3871723297578203,-0.01306161102280659,0.038316727335065366,-0.04057332480605032,0.11808578391254676,1.683533081974864,-0.04025442193293572,-0.4607315025945095,-0.04605285392687874,2.94022666681715,0.8966135470158481,0.08014307686529254,0.0408907329690642,-0.3527801493049463,-0.0072208080854295476,0.007755828757450484,0.001983820662851715,0.9697265625,0.08014307686529254,0.0408907329690642,-0.3527801493049463,-0.0072208080854295476,0.007755828757450484,0.001983820662851715,-1.0,0.06822614592250889,0.03163792075277267,0.9066555464309198,0.06757807733117917,0.21170738480443219,0.9024998346667837,0.0,0.0,88.06441601004056,2,0.0522
121,0,0.0,0.21678882167096386,0.09710079372012323,0.9174892743385417,0.9153300944107916,0.02006866889807518,0.40108826126888736,-0.02993782668950218,0.039593162207543955,-0.04027628029981742,0.12720001886918994,1.6705306570696585,-0.05146743098941078,-0.4786804954699837,0.051464635065255546,2.9774273315664646,0.8497095566137768,0.1058424703486256,0.05210479876765439,-0.3637350879596546,-0.014657391928498922,-0.008637963427257561,0.004259821696051186,0.94580078125,0.1058424703486256,0.05210479876765439,-0.3637350879596546,-0.014657391928498922,-0.008637963427257561,0.004259821696051186,-1.0,0.06774595798502839,0.030406763459414846,0.9092916620813254,0.06757807733117917,0.21170738480443219,0.9024998346667837,0.0,0.0,0.0,0,0.0446
122,0,0.0,0.22578567190936716,0.09592837358202319,0.9421655398890463,0.910736340591104,0.028639318996163454,0.41114931005369765,-0.026369531215555325,0.03964058143853946,-0.04008194411571844,0.12485083056390736,1.6455066495517214,-0.05311840260632671,-0.46861392856899153,0.05421637601047145,2.962890735464508,0.8254178928898896,0.1391560233801059,-0.007343826198093706,-0.3961434481464998,-0.004851987203412428,-0.020551410050596824,0.0010573069679209457,1.0078125,0.1391560233801059,-0.007343826198093706,-0.3961434481464998,-0.004851987203412428,-0.020551410050596824,0.0010573069679209457,-1.0,0.07000859534070755,0.029867117237980623,0.915977184327836,0.06757807733117917,0.21170738480443219,0.9024998346667837,0.0,0.0,0.0,0,0.0394
123,0,0.0,0.23287778971602988,0.09222649123883818,0.9625202318282143,0.9112695066701713,0.043375361841611615,0.40941946838626364,-0.009064386604743513,0.03964844840103627,-0.040041742537208026,0.10893113859603093,1.614100387664073,-0.03124040465443228,-0.4690863663221382,-0.04720508693790441,2.925478522980346,0.85660136807909,0.08793699734712279,-0.03277488754887148,-0.44909231831092317,-0.00038166309159765044,-0.01795421430551855,-0.0006345876054308919,1.0068359375,0.08793699734712279,-0.03277488754887148,-0.44909231831092317,-0.00038166309159765044,-0.01795421430551855,-0.0006345876054308919,-1.0,0.07084002560223535,0.02985706940752213,0.9170719410265055,0.06757807733117917,0.21170738480443219,0.9024998346667837,0.0,0.0,0.0,0,0.0409
124,0,0.0,0.23026351666990258,0.08638734566749771,0.9526385849614414,0.9140586179239525,0.03549089170630437,0.4039036705417509,-0.009953116484035185,0.03966070915574331,-0.040022491322724986,0.09871047694737847,1.630225849202243,-0.019461078115646863,-0.4624563921879277,-0.06304954431364963,2.922889779819824,0.8733811309795536,0.08538824410883072,-0.02479835539087849,-0.4575367501905941,0.0007310868944484517,-0.010215302589620584,-0.0024171193880694053,1.0107421875,0.08538824410883072,-0.02479835539087849,-0.4575367501905941,0.0007310868944484517,-0.010215302589620584,-0.0024171193880694053,-1.0,0.07096858616634537,0.029928073031607938,0.9169344452892718,0.06757807733117917,0.21170738480443219,0.9024998346667837,0.0,0.0,0.0,0,0.0493
125,0,0.0,0.21670907971716724,0.0786417078701918,0.9121843355198218,0.9184784359307155,0.015757934721704392,0.39429243443391043,-0.026125205678657032,0.039679014043879135,-0.039994110586052664,0.09518924595395768,1.682879512196681,-0.01840073135489963,-0.46510272690284554,0.017803852299686465,2.960634296300945,0.8416971025674276,0.058674485356857486,-0.03643470818606831,-0.453885103972358,0.0005893763318260831,0.0013411210693247966,-0.0015611013003616336,1.00390625,0.058674485356857486,-0.03643470818606831,-0.453885103972358,0.0005893763318260831,0.0013411210693247966,-0.0015611013003616336,-1.0,0.06850969632425023,0.029580700763087546,0.9057678410645391,0.06757807733117917,0.21170738480443219,0.9024998346667837,0.0,0.0,305.18190414439607,1,0.0564
126,0,0.0,0.21715885734484025,0.07426898727924944,0.9128445014173217,0.9140376661514862,0.01386911033096272,0.4041964831313072,-0.031112628613699622,0.03650656807817848,-0.039987577840110804,0.09698095133075975,1.6894175741359763,-0.028971555916472953,-0.46086501524041695,0.08386424462212813,2.984924370069933,0.7912280374387323,0.09274720733148134,-0.015601883020486484,-0.4198791485650344,-0.0005740995942496163,0.006011683783854277,0.0003120676915635834,0.95751953125,0.09274720733148134,-0.015601883020486484,-0.4198791485650344,-0.0005740995942496163,0.006011683783854277,0.0003120676915635834,-1.0,0.06755405837817421,0.028671121964490166,0.9025591257006897,0.06757807733117917,0.21170738480443219,0.9024998346667837,0.0,0.0,0.0,1,0.0652
127,0,0.0,0.2220288295010077,0.07159044679702996,0.9251822366704523,0.9142288613176741,0.02277129792030308,0.40373341805953705,-0.025814419745091854,0.037316050801681024,-0.039984351644517635,0.09465340531290081,1.6543724154252963,-0.0311979718263031,-0.48862112269235386,0.08698532821772138,2.9754040163032327,0.7665351158371659,0.14816975019764267,0.026345291975076846,-0.36715850628925095,-0.01691187815203664,0.01065883515645627,-0.0010676320498007041,0.6025390625,0.14816975019764267,0.026345291975076846,-0.36715850628925095,-0.01691187815203664,0.01065883515645627,-0.0010676320498007041,-1.0,0.06906039052274132,0.02742176282543941,0.9087809087245984,0.06757807733117917,0.21170738480443219,0.9024998346667837,0.0,0.0,0.0,0,0.0468
128,1,0.4623,0.22905196790435176,0.06564851036437475,0.9436508176646722,0.9147062619247461,0.04042364947491517,0.40203568024261327,-0.006759790724920806,0.03798026524626533,-0.04000496664785191,0.07548102508972594,1.6469552490870318,-0.011260698178211601,-0.4500286851435641,-0.021423110832710018,2.923660012755089,0.7966439277488533,0.07385144418638512,0.028738251622474786,-0.30576520424515663,-0.006782793619142219,0.011478232123917576,0.006132990687976403,0.955078125,0.07385144418638512,0.028738251622474786,-0.30576520424515663,-0.006782793619142219,0.011478232123917576,0.006132990687976403,-1.0,0.07200180172739092,0.02282847777042495,0.9168757970669303,0.06757807733117917,0.21170738480443219,0.9024998346667837,0.0,0.0,0.0,0,0.0431
129,0,0.0,0.22659764530904258,0.0648116351984607,0.9367306220417917,0.9200824445458511,0.04243065662191964,0.38941971181736956,0.0004718741773735713,0.03853304049039191,-0.039995505619305836,0.06207169621965815,1.6395009710836446,0.02163239368398268,-0.46922571850904826,-0.11382745706029057,2.9066121601166026,0.8451812706365531,0.07132195104813055,0.05665611417545047,-0.3397711596524803,-0.010741027288753424,-0.008286793298345585,0.009758479059444602,0.8818359375,0.07132195104813055,0.05665611417545047,-0.3397711596524803,-0.010741027288753424,-0.008286793298345585,0.009758479059444602,-1.0,0.07476031897657788,0.017797950972240923,0.9190028233093013,0.06757807733117917,0.21170738480443219,0.9024998346667837,0.0,0.0,0.0,0,0.0491
130,0,0.0,0.2181445559503477,0.06317062569573165,0.9129243957600021,0.9224972587269258,0.03324910690590821,0.3845466615640565,-0.004143622956342963,0.03869563126253215,-0.04000098887019944,0.055364588817765834,1.682255482236865,0.03775606188842794,-0.4506956773024629,-0.13366930221836928,2.9209493406148064,0.8691069976235332,0.1325305489672156,0.07045082273103842,-0.3970563597010589,-0.01099868285715773,-0.027349478462784765,0.006958796372588616,0.9755859375,0.1325305489672156,0.07045082273103842,-0.3970563597010589,-0.01099868285715773,-0.027349478462784765,0.006958796372588616,-1.0,0.07211535503257892,0.017535234868929495,0.9075337683738679,0.06757807733117917,0.21170738480443219,0.9024998346667837,0.0,0.0,0.0,0,0.0577
131,0,0.0,0.21813705826351187,0.06038369618712095,0.9122177966800843,0.9176526861503116,0.01217998206553944,0.39645485500723,-0.024264038806339122,0.03783761281298537,-0.040471842114383774,0.057260094534125054,1.676654493963041,0.033308427568919524,-0.4759026328833092,-0.03881284586639774,2.970336350720527,0.8361015816144025,0.08214612726918957,0.017101898827284967,-0.47511029761585527,-0.0005088805284972769,-0.025780918553644533,0.001742121438087163,0.994140625,0.08214612726918957,0.017101898827284967,-0.47511029761585527,-0.0005088805284972769,-0.025780918553644533,0.001742121438087163,-1.0,0.0708003033042127,0.016290753855198955,0.9038944869820318,0.06757807733117917,0.21170738480443219,0.9024998346667837,0.0,0.0,0.0,1,0.0488
132,0,0.0,0.22617625634977961,0.05536154906379106,0.9335328523247896,0.9114629988449338,0.002748217102693018,0.4097732534768561,-0.03624265131509505,0.03820031950012608,-0.04013783764111543,0.06416806832175635,1.6505550399145983,0.011172697975727189,-0.48055016307065873,0.08479931908862665,2.9792876336743275,0.7601612693782555,0.07707430092598877,0.02667373741687662,-0.5098009366890981,0.0002640861767156527,-0.020121226642679624,-0.002356694581878288,1.005859375,0.07707430092598877,0.02667373741687662,-0.5098009366890981,0.0002640861767156527,-0.020121226642679624,-0.002356694581878288,-1.0,0.07256093861902357,0.012691999740641977,0.9150661977650167,0.06757807733117917,0.21170738480443219,0.9024998346667837,0.0,0.0,0.0,0,0.0391
133,0,0.0,0.23477677457612064,0.04525750643548458,0.9571044155402225,0.9101183990901986,0.016836461549485482,0.4132207713079689,-0.02548778844138308,0.038421243763705225,-0.040062947376635225,0.05167107904514611,1.6237055620363678,0.008216437538522001,-0.4696286289449316,0.07832986961242461,2.945368503494343,0.7246464190111904,0.0543859030818471,-0.016164932349285954,-0.5088880251345391,-0.00014333169082367259,-0.003241649112976669,-0.001540959698297928,1.0009765625,0.0543859030818471,-0.016164932349285954,-0.5088880251345391,-0.00014333169082367259,-0.003241649112976669,-0.001540959698297928,-1.0,0.07441485269163198,0.01241702949680556,0.9191327356523471,0.06757807733117917,0.21170738480443219,0.9024998346667837,0.0,0.0,0.0,0,0.0383
134,0,0.0,0.2364657997607688,0.03740723873911529,0.961392777420421,0.9132483585055694,0.034565231302232824,0.4058987682563506,-0.005373118264344862,0.03888967655984362,-0.04000774126564174,0.030363100906770166,1.6168880644690256,0.036191076596905056,-0.46542091913119393,-0.0357959183902268,2.917185550318347,0.7537089808867209,0.07508409058878329,-0.01888633743848367,-0.4878910593796816,-0.0009207268511185474,-0.0007658997041471438,0.0013392893968129094,0.97265625,0.07508409058878329,-0.01888633743848367,-0.4878910593796816,-0.0009207268511185474,-0.0007658997041471438,0.0013392893968129094,-1.0,0.0748846544799447,0.01270325629383681,0.9176171161847616,0.06757807733117917,0.21170738480443219,0.9024998346667837,0.0,0.0,0.0,0,0.043
135,0,0.0,0.22636572204079441,0.03708411048435831,0.9311587422444156,0.9175244559530056,0.02937429994018015,0.39651288605779417,-0.007972102688961397,0.039009319781189176,-0.040003053612264715,0.01620080039019407,1.6598392312315333,0.07672523819502047,-0.4610468271378515,-0.10163879996230735,2.933794559705773,0.7903495417070556,0.10599655114892548,0.005418625254695164,-0.3865578768236301,-0.005955075105643373,0.004946467726154563,0.012054621694707807,0.775390625,0.10599655114892548,0.005418625254695164,-0.3865578768236301,-0.005955075105643373,0.004946467726154563,0.012054621694707807,-1.0,0.07466283389996047,0.012357226873350058,0.9143892383323694,0.06757807733117917,0.21170738480443219,0.9024998346667837,0.0,0.0,0.0,0,0.0596
136,1,0.4817,0.2187370243284963,0.03615479055056792,0.9103616785731954,0.9168523715331672,0.006826117023788714,0.3980129428941943,-0.030345184611185266,0.03782100946161088,-0.04001368379445712,0.011780780304168728,1.6903951045039634,0.1022419163423149,-0.4602784355620508,-0.04185295818922171,2.969694212694723,0.7664376088139148,0.09923946605244571,0.07162384216603734,-0.3071345715769952,-0.031598245551082274,0.00012373128909656805,0.006354548310677249,0.95849609375,0.09923946605244571,0.07162384216603734,-0.3071345715769952,-0.031598245551082274,0.00012373128909656805,0.006354548310677249,-1.0,0.07194573207909974,0.01261877902153029,0.9007986381312135,0.06757807733117917,0.21170738480443219,0.9024998346667837,0.0,0.0,24.077571913407684,3,0.0616
137,0,0.0,0.2230411094221465,0.025719784919213465,0.9208841848500088,0.9142006660851394,-0.0025004702023781467,0.4032315146084837,-0.04043804402788906,0.0350591673444841,-0.04001579356261063,0.0019212134617042098,1.6668384663748386,0.1073334094607597,-0.4786877022070304,0.037815633885972144,2.974546491704955,0.7012684811688613,0.057364798554309315,0.04642738470225938,-0.38108040749627603,-0.02778494313869849,-0.004289306664230774,0.004159113685732629,0.87451171875,0.057364798554309315,0.04642738470225938,-0.38108040749627603,-0.02778494313869849,-0.004289306664230774,0.004159113685732629,-1.0,0.07214053178505897,0.011125620072402172,0.9047140872213532,0.06757807733117917,0.21170738480443219,0.9024998346667837,0.0,0.0,0.0,0,0.0468
138,0,0.0,0.2321464522168606,0.011429883971378695,0.945791278997968,0.9133398619502946,0.008695937354158967,0.40577970091846355,-0.03282547133966196,0.03647065179614768,-0.04001547437613488,-0.017779254150691776,1.6416686547915358,0.11857581632915862,-0.4594624828993757,0.029246387895055664,2.9324413542472234,0.660646116147136,0.0820305666689648,0.0042925265970961135,-0.4276388967787861,-0.007484905043043957,-0.03239462264815368,0.005669733840511032,0.82421875,0.0820305666689648,0.0042925265970961135,-0.4276388967787861,-0.007484905043043957,-0.03239462264815368,0.005669733840511032,-1.0,0.07706733290739078,0.0062538376218230635,0.9159178869105132,0.06757807733117917,0.21170738480443219,0.9024998346667837,0.0,0.0,0.0,0,0.0388
139,0,0.0,0.23121997817705103,0.00670548166833652,0.9431085442814304,0.9172283533906558,0.022095522724437378,0.3970872264271757,-0.022927499213209218,0.0378281381891333,-0.039984182962072956,-0.034641274596920665,1.6381532431384116,0.1476372233231001,-0.468956667338138,-0.04147887161797899,2.9165233267894273,0.6661074457826089,0.019743403147781335,-0.03324409532287109,-0.48560878049328404,-0.0007914964800907615,-0.032265860267552626,0.0015608470195137558,0.99072265625,0.019743403147781335,-0.03324409532287109,-0.48560878049328404,-0.0007914964800907615,-0.032265860267552626,0.0015608470195137558,-1.0,0.08075460011776067,0.002906083845979983,0.9171532951528332,0.06757807733117917,0.21170738480443219,0.9024998346667837,0.0,0.0,0.0,0,0.051
140,0,0.0,0.22144077359985054,0.009941970124577818,0.9155556394519617,0.9193528789062458,0.017794469675603053,0.3919911586031639,-0.0285757322340143,0.03837996450368975,-0.039983888323699444,-0.035103996839014086,1.6831498164499392,0.16637508063372053,-0.45729023735470103,-0.047599499342430865,2.9384665293169587,0.6676198214685433,-0.013178527849603716,-0.030335007124073665,-0.5175606849028498,-0.00012722821779839744,-0.02681101759845303,0.00020128888021317404,0.99169921875,-0.013178527849603716,-0.030335007124073665,-0.5175606849028498,-0.00012722821779839744,-0.02681101759845303,0.00020128888021317404,-1.0,0.07873826546586093,0.000887897184478482,0.9051829996703601,0.06757807733117917,0.21170738480443219,0.9024998346667837,0.0,0.0,0.0,0,0.0665
141,0,0.0,0.22151175031052117,0.00041053557457471253,0.9157912972720575,0.9138867394817238,0.0018791422335315833,0.40417111648824944,-0.03812092365840797,0.03324909771930408,-0.040008822603923265,-0.04161565398934728,1.6758228792880492,0.1625101305155035,-0.4787008293009129,0.03308741109754726,2.980077775467346,0.6223700649813826,-0.020985288398125523,-0.01916786210288335,-0.5038670115844645,-0.0009283760008055447,-0.011380016850512015,0.0013795726009403486,1.0,-0.020985288398125523,-0.01916786210288335,-0.5038670115844645,-0.0009283760008055447,-0.011380016850512015,0.0013795726009403486,-1.0,0.0782801384783768,-0.000353391383985378,0.9017175599976622,0.06757807733117917,0.21170738480443219,0.9024998346667837,0.0,0.0,0.0,0,0.0568
142,0,0.0,0.2284589108977931,-0.01122633118866483,0.9352636976299931,0.9094936496836594,0.0025842420888354534,0.41400822123156783,-0.0375741351277015,0.03515517965622691,-0.04000608311967415,-0.05289935237490115,1.6504000910924086,0.1639575900452103,-0.48180525354600584,0.07281124591589032,2.976253771326939,0.5736596782288349,0.02883417036546798,0.002509537055897737,-0.47830548805681183,-0.0056909781480289495,-0.008637963427257561,0.00554888422812877,0.93896484375,0.02883417036546798,0.002509537055897737,-0.47830548805681183,-0.0056909781480289495,-0.008637963427257561,0.00554888422812877,-1.0,0.08037948336531694,-0.0018185976317759954,0.9096888572902102,0.06757807733117917,0.21170738480443219,0.9024998346667837,0.0,0.0,0.0,0,0.0411
143,0,0.0,0.23601066869356613,-0.026521418594637188,0.9585619843734456,0.9094934942073968,0.016833399475702726,0.4146612948825933,-0.024376857525144985,0.03658917419135261,-0.040012313447738306,-0.07669343095003707,1.6276911829547802,0.1790411868967719,-0.46308092723668975,0.019154536324277296,2.932206942269651,0.5629081795044171,0.131349262831584,0.045113602935060504,-0.35574711185726315,-0.023958757947894496,0.0020902840110037235,0.011611506449306142,0.4599609375,0.131349262831584,0.045113602935060504,-0.35574711185726315,-0.023958757947894496,0.0020902840110037235,0.011611506449306142,1.0,0.0840425589292051,-0.00621569788260102,0.9140140191299323,0.06757807733117917,0.21170738480443219,0.9024998346667837,0.0,0.0,0.0,0,0.0425
144,1,0.4621,0.2356431000727312,-0.03285227675234785,0.9583891658262482,0.9133455179472199,0.026937490362387462,0.40602261471183193,-0.014831480076750087,0.03726049035280259,-0.03939949674270552,-0.09765475589581266,1.6245366364052847,0.21405057449330464,-0.4667652171391225,-0.06825405340829468,2.9117846216451335,0.5843155423128698,0.1509688847364219,-0.040000687268465174,-0.3737771150598038,-0.011720118448689795,-0.025055166953893093,0.0012184397844306472,0.9892578125,0.1509688847364219,-0.040000687268465174,-0.3737771150598038,-0.011720118448689795,-0.025055166953893093,0.0012184397844306472,-1.0,0.08464815343022022,-0.003540145979011367,0.9155025762179674,0.06757807733117917,0.21170738480443219,0.9024998346667837,0.0,0.0,0.0,0,0.0439
145,0,0.0,0.22570278308351008,-0.029440542484346313,0.9284516188950207,0.916428189909041,0.019369041014553168,0.3990383721989281,-0.02350724362923079,0.03728168283783477,-0.038529437348587665,-0.09955613971803853,1.6702405923684636,0.23791682115768886,-0.4601552823191173,-0.07242325134643975,2.932111286902339,0.5856843387304917,0.13101542109760123,-0.03071037334327331,-0.3883836999327481,-0.011900477346572819,-0.026857840282307976,0.002406794306189647,0.95947265625,0.13101542109760123,-0.03071037334327331,-0.3883836999327481,-0.011900477346572819,-0.026857840282307976,0.002406794306189647,-1.0,0.08407027900413566,-0.004896133516552485,0.9136559384404394,0.06757807733117917,0.21170738480443219,0.9024998346667837,0.0,0.0,0.0,0,0.0734
146,0,0.0,0.21889863005542431,-0.03106336994406566,0.9104924377649838,0.9115428243360593,-0.0016239348648789398,0.4091696347886337,-0.040831999754242454,0.03371521430583878,-0.03893164269198951,-0.09504060458443386,1.7001152251947171,0.2420874017519502,-0.4583359778680307,0.03305789458046102,2.9835202950143316,0.52829804929236,0.12220713534713079,-0.049009476529257356,-0.4390502912107739,-0.004755366365260805,-0.030006665771552143,0.000261713686404319,0.9814453125,0.12220713534713079,-0.049009476529257356,-0.4390502912107739,-0.004755366365260805,-0.030006665771552143,0.000261713686404319,-1.0,0.08192809482885517,-0.007357625802551634,0.9014991176238423,0.06757807733117917,0.21170738480443219,0.9024998346667837,0.0,0.0,15.45231807151023,3,0.0602
147,0,0.0,0.2212067170590158,-0.04518568848943448,0.9187458923375772,0.9068387404241148,-0.004807576430643612,0.4194679267908092,-0.04082945589507109,0.030055154646127135,-0.03914486485428296,-0.1060563630392049,1.6773129991821167,0.23386661818343304,-0.48354574810443923,0.11701485503138864,3.0044043899858455,0.45140346241085516,0.06658396643891251,-0.06974846014003921,-0.4956508075934333,-0.006634641667309746,-0.025230752018349095,0.006012141075594141,0.97900390625,0.06658396643891251,-0.06974846014003921,-0.4956508075934333,-0.006634641667309746,-0.025230752018349095,0.006012141075594141,-1.0,0.08273815959397174,-0.00855396185751182,0.9049128845158588,0.06757807733117917,0.21170738480443219,0.9024998346667837,0.0,0.0,0.0,0,0.0512
148,0,0.0,0.22584302883901505,-0.06125635711676368,0.9340081673131619,0.9063285901325466,0.0040663761412682575,0.4210196432403074,-0.03597792794521512,0.033522831408267076,-0.039213483207149485,-0.1279722555270413,1.6484415986727652,0.2415793663159775,-0.4941443361948416,0.1347429682476097,2.9837685707816033,0.39690500367266257,0.0314535439705641,-0.05426460359805274,-0.5595546164125649,-0.0022460426810982093,-0.02087916883758134,0.007341486811799136,0.99951171875,0.0314535439705641,-0.05426460359805274,-0.5595546164125649,-0.0022460426810982093,-0.02087916883758134,0.007341486811799136,-1.0,0.0843154587191434,-0.010538387753926067,0.9115035575155752,0.06757807733117917,0.21170738480443219,0.9024998346667837,0.0,0.0,0.0,0,0.0395
149,0,0.0,0.23027293325168352,-0.08160111915764934,0.9513045670125025,0.9081810278609443,0.02290025054119066,0.4174659259341758,-0.020124607884630913,0.03553949799271408,-0.039455942263945276,-0.1586160300201161,1.6493023521627614,0.26885006233780184,-0.4464134737151437,0.04704735338058817,2.9232898419121116,0.3938729425243314,0.04539785639769356,-0.02930275002127447,-0.5390141064349868,-0.004067748067081808,-0.022696474254700894,0.00736162841386287,0.9912109375,0.04539785639769356,-0.02930275002127447,-0.5390141064349868,-0.004067748067081808,-0.022696474254700894,0.00736162841386287,-1.0,0.08534532916111211,-0.011026776358970815,0.9143000510912673,0.06757807733117917,0.21170738480443219,0.9024998346667837,0.0,0.0,0.0,0,0.0358
150,0,0.0,0.22785521021141328,-0.08865488336727849,0.9466032705440073,0.915173454923395,0.035813376542872255,0.40128061555028305,-0.012199059298153653,0.03730813081071236,-0.039474123987839074,-0.19121424853566812,1.6390661595844511,0.3203166205100757,-0.47321333569555807,-0.07413376085557145,2.898279900190734,0.42552188406006364,0.09262683170624719,-0.011848220828489797,-0.5038670115844645,-0.0034896333854746303,-0.024926404573292038,0.004058405675414073,0.9462890625,0.09262683170624719,-0.011848220828489797,-0.5038670115844645,-0.0034896333854746303,-0.024926404573292038,0.004058405675414073,-1.0,0.0858301312914063,-0.010231220352262926,0.9132796060419655,0.06757807733117917,0.21170738480443219,0.9024998346667837,0.0,0.0,0.0,0,0.0433
151,0,0.0,0.219277302512285,-0.08477504567788875,0.9209603732276513,0.9178206121752803,0.033538062982235495,0.3952347391410871,-0.01643238186231416,0.038196046225125894,-0.03948350731476965,-0.1967180258065847,1.6904343009118363,0.36574317072752804,-0.44962633619437503,-0.12875064539538505,2.907638431382264,0.4384537118789905,0.13866810084582326,-0.01288047793128888,-0.47647966494769384,-0.007858505617230213,-0.008854518340086631,0.0016011302236411673,0.9306640625,0.13866810084582326,-0.01288047793128888,-0.47647966494769384,-0.007858505617230213,-0.008854518340086631,0.0016011302236411673,-1.0,0.08609040553180508,-0.009325239943491211,0.9113733041680305,0.06757807733117917,0.21170738480443219,0.9024998346667837,13.508765422768153,0.0,0.0,3,0.0646
152,1,0.4683,0.21483034155828562,-0.08560903089905482,0.9091925789894408,0.9117596044596872,0.016756095678773064,0.4095853590610146,-0.025563461736958615,0.03543824109749893,-0.04121971927788838,-0.19691815462754791,1.7137707153913488,0.3793692363236888,-0.4517473999283823,-0.07727964821130716,2.9628042943969435,0.41069212765131274,0.08671719101141628,-0.0444112403440613,-0.45023345775412194,-0.016564043134690815,-0.015491267974305611,0.014713313167117825,0.98828125,0.08671719101141628,-0.0444112403440613,-0.45023345775412194,-0.016564043134690815,-0.015491267974305611,0.014713313167117825,-1.0,0.08638946489005737,-0.0109418938840371,0.9043379889694174,0.06757807733117917,0.21170738480443219,0.9024998346667837,37.38878567390089,0.0,54.963825659668316,7,0.0616
153,0,0.0,0.21669206940196717,-0.09807350265942777,0.9183106884812842,0.9048433425938244,0.0015229753592078121,0.42467341271089915,-0.03014462549390265,0.03119583953081156,-0.04044644305337958,-0.206413952689602,1.6735903522647373,0.3529246818849271,-0.5099302484718844,0.04878866554307514,3.012701016525161,0.33869121205725716,0.03525420371129184,-0.0692792523660396,-0.4214767437855127,-0.013716949103823192,-0.013264629875673034,0.0130617017978934,0.99658203125,0.03525420371129184,-0.0692792523660396,-0.4214767437855127,-0.013716949103823192,-0.013264629875673034,0.0130617017978934,-1.0,0.08860539140955981,-0.012468253293549454,0.9086243908476351,0.06757807733117917,0.21170738480443219,0.9024998346667837,3.82653405313974,0.0,0.0,3,0.049
154,0,0.0,0.2178059657567985,-0.09898840294389395,0.9222546901519304,0.9014372674106887,0.0057417772487724505,0.4319452644398331,-0.028305007422313927,0.0344895065447228,-0.03993604876763443,-0.19687469486867037,1.66658486903413,0.33651284557336125,-0.513637918999889,0.12169161895008741,3.0258747609805465,0.276399887109537,0.06332258949923397,-0.07753730918843238,-0.4349421892152583,-0.006351220542064995,-0.028379577507593262,0.007704035648945978,1.005859375,0.06332258949923397,-0.07753730918843238,-0.4349421892152583,-0.006351220542064995,-0.028379577507593262,0.007704035648945978,-1.0,0.08870465046625674,-0.012565892632608714,0.9096872556364927,0.06757807733117917,0.21170738480443219,0.9024998346667837,3.323655704066357,0.0,0.0,3,0.0419
155,0,0.0,0.21837823330784845,-0.09833303278519095,0.9231189237608475,0.900752380896028,0.014173241450435359,0.43336447224128183,-0.025288371556079936,0.03648015341739042,-0.03991591813416682,-0.1850586324931655,1.6858868469163832,0.32657914940010113,-0.47226425478424666,0.14330857561237337,3.0079601563195486,0.2492339816022403,0.031145382369964558,-0.07932029872963087,-0.4618730800747495,-0.006847207511243292,-0.043140428592860575,0.00816729249641135,1.0087890625,0.031145382369964558,-0.07932029872963087,-0.4618730800747495,-0.006847207511243292,-0.043140428592860575,0.00816729249641135,-1.0,0.08864288652769724,-0.012572098657921806,0.9093480324453285,0.06757807733117917,0.21170738480443219,0.9024998346667837,7.367717375295318,0.0,0.0,3,0.0478
156,0,0.0,0.2178525071726647,-0.09899876747235331,0.9218712602403725,0.9012835353943173,0.022007684132011873,0.43219528414510444,-0.020270348516910813,0.037584044285294854,-0.0399198743652358,-0.1821233608641331,1.6997928564440783,0.323619142442443,-0.4483877228442439,0.13028871263385847,2.996209534197263,0.24576420911039734,0.028320567697802,-0.060364304660047385,-0.4527439645291592,-0.0022689901301592152,-0.04712035672052978,0.007119929189098317,1.0,0.028320567697802,-0.060364304660047385,-0.4527439645291592,-0.0022689901301592152,-0.04712035672052978,0.007119929189098317,-1.0,0.0885198993354671,-0.012747037408360987,0.9083491131721738,0.06757807733117917,0.21170738480443219,0.9024998346667837,18.22634171976125,0.0,0.0,3,0.0491
157,0,0.0,0.2171675715305247,-0.10034862307177606,0.9202699223484438,0.9022173345652005,0.027826441063837637,0.43012454562864555,-0.014914611477879952,0.03820074181610966,-0.03992397127906216,-0.18675002339140861,1.6918994095108737,0.3194644984576282,-0.46647735015047276,0.11712409385432282,3.003026272493645,0.24573005710163864,0.0015618687124080433,-0.043378983241262214,-0.49838954225711035,-0.004362441623444235,-0.045504974127534625,0.007845026863391946,1.01171875,0.0015618687124080433,-0.043378983241262214,-0.49838954225711035,-0.004362441623444235,-0.045504974127534625,0.007845026863391946,-1.0,0.08843947402586039,-0.012961250320009568,0.907925781928305,0.06757807733117917,0.21170738480443219,0.9024998346667837,28.53273509115452,0.0,0.0,4,0.0521
158,0,0.0,0.21659132296663525,-0.10153202340728795,0.9193114290577957,0.902603303870307,0.031216275431036333,0.42919251002868514,-0.01125208095843247,0.03856419093466742,-0.03992604814475408,-0.1979217785781707,1.6768957370444428,0.328457058373751,-0.5005451684307202,0.08874419955238111,3.019113131531527,0.2530432522545954,0.06072889602752107,-0.026862869596476657,-0.47054573984306014,-0.006251379009308333,-0.029198974475054568,0.012417170531854621,0.986328125,0.06072889602752107,-0.026862869596476657,-0.47054573984306014,-0.006251379009308333,-0.029198974475054568,0.012417170531854621,-1.0,0.0883645277596201,-0.013137369011423004,0.9076807311646928,0.06757807733117917,0.21170738480443219,0.9024998346667837,36.43848027571394,0.0,0.0,5,0.0506
159,0,0.0,0.216440878840942,-0.10196136683204653,0.9190321105612259,0.9023143682744386,0.03234474125300139,0.4297393536688819,-0.010328912190016233,0.03876161059342093,-0.03992872311013205,-0.20490082012463537,1.6809188995342146,0.34623584754142045,-0.49911163501968664,0.05317957196497726,3.0207740682659554,0.2659915068577077,0.06997374404550749,0.010392227659090869,-0.4486358625336436,-0.020905539462303432,0.0010601849661952267,0.007683894046882245,0.9482421875,0.06997374404550749,0.010392227659090869,-0.4486358625336436,-0.020905539462303432,0.0010601849661952267,0.007683894046882245,-1.0,0.08822574265050644,-0.013211830498320882,0.9076026307882809,0.06757807733117917,0.21170738480443219,0.9024998346667837,37.214829017916244,0.0,0.0,5,0.052
160,1,0.4745,0.21642667288995393,-0.102416233641188,0.9189059936381132,0.9018720149051709,0.03222318799373164,0.4306845444010146,-0.009967853354531653,0.038858904422701436,-0.03993257931604339,-0.20587933185482504,1.7001290145371941,0.3642300928018324,-0.467935979755464,0.018354863792270804,3.0094913356506856,0.2813207621142642,0.07510977072216662,-0.01916786210288335,-0.35414951663678484,-0.018328983778260338,-0.011341973419879886,0.00782488526132824,0.970703125,0.07510977072216662,-0.01916786210288335,-0.35414951663678484,-0.018328983778260338,-0.011341973419879886,0.00782488526132824,-1.0,0.08808111350334372,-0.013270674625134076,0.9076049868911557,0.06757807733117917,0.21170738480443219,0.9024998346667837,39.75495859953472,0.0,0.0,5,0.0539
161,0,0.0,0.21622275481891506,-0.10282392212737566,0.9185633561509656,0.9018179277010183,0.0311261664634922,0.43087620287216133,-0.010064036804119325,0.038921235471899206,-0.03993543083868315,-0.2085512776206299,1.7097567516507752,0.37854358188979115,-0.4541328559626657,-0.009803300940708954,3.0044153533124627,0.29589876948156935,0.017945793810950628,-0.041689835254863694,-0.3571164791891016,-0.01934672327345735,-0.011842390853579465,0.009113947793405824,1.0009765625,0.017945793810950628,-0.041689835254863694,-0.3571164791891016,-0.01934672327345735,-0.011842390853579465,0.009113947793405824,-1.0,0.0879299049109853,-0.0133095958797353,0.9075052439998296,0.06757807733117917,0.21170738480443219,0.9024998346667837,37.7566807072162,0.0,0.0,5,0.0534
162,0,0.0,0.21623439216398657,-0.10278156024535774,0.9185733038473691,0.9016900649114746,0.02916203926464983,0.43125147381886186,-0.011259157824915295,0.03896866974331424,-0.03993772567455618,-0.21526743251370337,1.7018530390552364,0.38711360728682626,-0.47241927768749903,-0.02437220464784507,3.0134356295791416,0.30533644085582523,0.03766813624932164,-0.07490974565403474,-0.39272002981690357,-0.011501111215546131,-0.027864527985189014,0.0019032542545968645,1.00390625,0.03766813624932164,-0.07490974565403474,-0.39272002981690357,-0.011501111215546131,-0.027864527985189014,0.0019032542545968645,-1.0,0.08776690352059165,-0.013281482267100226,0.9074514939736488,0.06757807733117917,0.21170738480443219,0.9024998346667837,32.89656600423171,0.0,0.0,5,0.0545
163,0,0.0,0.2162889881727194,-0.1022365798220569,0.918809076480983,0.9016751723429084,0.02694733586979281,0.4313639400382321,-0.0134490112870157,0.03901377321266754,-0.03993953635782702,-0.22119971387038437,1.6869829699540886,0.3886551282539617,-0.5014002606245141,-0.022114301021340994,3.0257523385805016,0.30729547076589325,0.039465745586152345,-0.08767219710682361,-0.44589712786996655,-0.0052207567356910844,-0.03927755717482867,0.0006242625235511334,0.99365234375,0.039465745586152345,-0.08767219710682361,-0.44589712786996655,-0.0052207567356910844,-0.03927755717482867,0.0006242625235511334,-1.0,0.0876102039748628,-0.01320506698516301,0.9075419507899752,0.06757807733117917,0.21170738480443219,0.9024998346667837,26.859176637838214,0.0,0.0,5,0.0521
164,0,0.0,0.21658803381478703,-0.10141922514187818,0.9193762184956897,0.9015711611753694,0.0245308971957221,0.431638050852854,-0.01600841889811691,0.039056466988087526,-0.039941738663381327,-0.21866317987646555,1.6845413352716776,0.3854631286585787,-0.5029956013267878,-0.005044556717538899,3.025608006578159,0.30158938681508846,0.0565430342860439,-0.05651680091325073,-0.46141662429746994,-0.0011562401441131132,-0.04353842140562747,-0.0005439503961441883,1.0087890625,0.0565430342860439,-0.05651680091325073,-0.46141662429746994,-0.0011562401441131132,-0.04353842140562747,-0.0005439503961441883,-1.0,0.08736001706520422,-0.013087228370285097,0.9076362361488447,0.06757807733117917,0.21170738480443219,0.9024998346667837,20.092349949642596,0.0,0.0,3,0.0497
165,0,0.0,0.21708087781633975,-0.1006718055627051,0.9201474577559887,0.9012613587541586,0.02313625556985216,0.43228901870161973,-0.01785724516277326,0.03909713401314576,-0.039944039241150746,-0.20909571675548252,1.6966838064889955,0.38025019524703974,-0.4748697131029031,0.01662193013305261,3.012687717359553,0.29165731559231534,0.07282423885105327,-0.05379539582405313,-0.5221252426756449,-0.0013418326707293343,-0.044310995689233856,-0.0005540211971760411,1.017578125,0.07282423885105327,-0.05379539582405313,-0.5221252426756449,-0.0013418326707293343,-0.044310995689233856,-0.0005540211971760411,-1.0,0.08709986549017533,-0.012982239448667028,0.9078037305903803,0.06757807733117917,0.21170738480443219,0.9024998346667837,15.809002231953652,0.0,0.0,3,0.0483
166,0,0.0,0.21719272595415623,-0.10036761280431628,0.9203555219299003,0.9012891617756039,0.023930345759224925,0.43218659444063723,-0.017886671112211844,0.03913531952556999,-0.039946977125393426,-0.20175916758407822,1.7054057139239314,0.3723603211447257,-0.45457872948769007,0.03325213380330148,3.002572008442013,0.28291166694710124,0.09410183436745023,-0.03615318352166852,-0.5038670115844645,-0.0021196304178498493,-0.035824384240527446,0.0003019968905317305,1.0126953125,0.09410183436745023,-0.03615318352166852,-0.5038670115844645,-0.0021196304178498493,-0.035824384240527446,0.0003019968905317305,-1.0,0.08692716294893002,-0.012959978173069634,0.9078097765214965,0.06757807733117917,0.21170738480443219,0.9024998346667837,16.458264340649706,0.0,0.0,3,0.0495
167,0,0.0,0.2170453555270931,-0.10080556841343025,0.9200469907581843,0.9016650734197331,0.025924638419724366,0.43136742051770566,-0.01581635273043175,0.03917154312265281,-0.039950116631370707,-0.20095789241365722,1.6956449834597476,0.3575339973847075,-0.4705887887206652,0.051105365283298704,3.0088527553023665,0.2744620780785128,0.1024077525086099,-0.04103294437126426,-0.5148219502391728,-0.0013436443114446806,-0.0012458322136601752,0.003474299215566412,0.98095703125,0.1024077525086099,-0.04103294437126426,-0.5148219502391728,-0.0013436443114446806,-0.0012458322136601752,0.003474299215566412,-1.0,0.08682559359298113,-0.013026941452045469,0.9076833046013323,0.06757807733117917,0.21170738480443219,0.9024998346667837,19.66389338112404,0.0,0.0,3,0.0473
168,1,0.4658,0.216597705763695,-0.10170904018055946,0.9192987225056786,0.9022204490034254,0.02819189776970199,0.43015973069149804,-0.012887373340482816,0.03920667142147483,-0.0399526645098769,-0.20448904593234393,1.6831178035516152,0.3488265667630878,-0.49487293903777374,0.05279694927314114,3.019123717649678,0.2735788321968571,0.07457048792111742,-0.029208908466474615,-0.37126660828476654,-0.015816841986318317,-0.013538981538885525,0.0082478589046662,0.974609375,0.07457048792111742,-0.029208908466474615,-0.37126660828476654,-0.015816841986318317,-0.013538981538885525,0.0082478589046662,-1.0,0.08675245467456591,-0.013151039441680475,0.9075489406140131,0.06757807733117917,0.21170738480443219,0.9024998346667837,24.819546988351505,0.0,0.0,3,0.0494
169,0,0.0,0.21636883374636734,-0.10239264862413257,0.9188308258447986,0.9023406110459162,0.029408295898969927,0.429878338871869,-0.011008522078909594,0.039241097402987986,-0.039954295733472873,-0.2045868152261728,1.6878661342893009,0.3491815861019918,-0.48757919515755044,0.04256783476330389,3.016733951163378,0.2788007484291362,0.015120979138788071,-0.04722648698805887,-0.37195129195068577,-0.017169533720440944,-0.01313294107733104,0.010040461488336594,1.0029296875,0.015120979138788071,-0.04722648698805887,-0.37195129195068577,-0.017169533720440944,-0.01313294107733104,0.010040461488336594,-1.0,0.08664336671923242,-0.013240658990631017,0.907490709828958,0.06757807733117917,0.21170738480443219,0.9024998346667837,26.52356487507993,0.0,0.0,3,0.0513
170,0,0.0,0.21624231261516502,-0.10287531852750309,0.9185462111805021,0.9023075054956131,0.02960175574949747,0.4299562571731447,-0.010125141998534898,0.03927357367442099,-0.039956327975402356,-0.20343432134148656,1.6992843844183056,0.35410311034689945,-0.4679524249023649,0.02806631866459716,3.0089876046899757,0.28662724494867864,0.03263483010619572,-0.07594200275683383,-0.40572901946936957,-0.009839232799338335,-0.029725729668422546,0.0025679271226993483,1.0078125,0.03263483010619572,-0.07594200275683383,-0.40572901946936957,-0.009839232799338335,-0.029725729668422546,0.0025679271226993483,-1.0,0.08651645019071035,-0.013302407804100089,0.9074629861502962,0.06757807733117917,0.21170738480443219,0.9024998346667837,28.126571677047814,0.0,0.0,4,0.0669
171,0,0.0,0.21606935063754534,-0.10327873891718904,0.918230675539725,0.9023280853345181,0.029452865114998616,0.42993415615962416,-0.009652798577144545,0.03930472449415213,-0.039958205437518726,-0.20793112394221727,1.6982027468090752,0.3618332019903319,-0.4733149923259859,0.009850295787709884,3.0121623829003554,0.2955978161854345,0.042085119191248466,-0.09273964106601917,-0.45730852230195435,-0.004889025191370536,-0.04037789024541957,0.0007048289318059842,1.0,0.042085119191248466,-0.09273964106601917,-0.45730852230195435,-0.004889025191370536,-0.04037789024541957,0.0007048289318059842,-1.0,0.08638869634845493,-0.013349787977915088,0.9072748244204257,0.06757807733117917,0.21170738480443219,0.9024998346667837,27.288422739903616,0.0,0.0,4,0.051
172,0,0.0,0.21602533548048597,-0.10321925994181136,0.918200586877476,0.9022732471089641,0.028598025290619555,0.43009036444103665,-0.010364309716420744,0.03933518475498012,-0.03995935855386773,-0.21328912295582816,1.691734848850497,0.36886059859710196,-0.4880534770335189,-0.0016794405095132627,3.019040938423631,0.3014356568810958,0.06306578816540098,-0.055859910029651294,-0.46871991673394214,-0.000993595066557884,-0.04587955559837409,-0.00040295918169819256,1.0107421875,0.06306578816540098,-0.055859910029651294,-0.46871991673394214,-0.000993595066557884,-0.04587955559837409,-0.00040295918169819256,-1.0,0.08625906012703265,-0.013341777368850909,0.9071994921949311,0.06757807733117917,0.21170738480443219,0.9024998346667837,25.599941642448147,0.0,0.0,3,0.0505
173,0,0.0,0.21620612115550863,-0.10275172281129061,0.9185268682357767,0.9020822634119963,0.027300143361603968,0.4305342917148257,-0.01193800098583675,0.03936403458171699,-0.0399607668862198,-0.21342442820970361,1.6927958489454578,0.37324876498164494,-0.48606233686208916,-0.002190874539853771,3.0181658443147232,0.30173324667661505,0.07916723179672736,-0.05248161405685425,-0.5271462562257195,-0.0013351899881064166,-0.047143768062457236,-0.0006345876054308919,1.017578125,0.07916723179672736,-0.05248161405685425,-0.5271462562257195,-0.0013351899881064166,-0.047143768062457236,-0.0006345876054308919,-1.0,0.08616001869420307,-0.013294087355662733,0.9072773372864801,0.06757807733117917,0.21170738480443219,0.9024998346667837,22.106026720999964,0.0,0.0,3,0.049
174,0,0.0,0.21645237231112988,-0.10225722532547606,0.9189370954816635,0.9018657449000437,0.026544324344615566,0.430997143894227,-0.013230229627457957,0.03939113325267726,-0.03996262778997956,-0.20949974605990598,1.7005827238529183,0.37486690009966067,-0.46975440576134425,0.003089295340283879,3.0107217443940595,0.2983647893854575,0.10322309674352947,-0.034276352425670176,-0.5075186578027006,-0.0021945115674173454,-0.038001639039781765,0.0008659617483156856,1.01171875,0.10322309674352947,-0.034276352425670176,-0.5075186578027006,-0.0021945115674173454,-0.038001639039781765,0.0008659617483156856,-1.0,0.08596352827526925,-0.013239894578898494,0.9073663485828487,0.06757807733117917,0.21170738480443219,0.9024998346667837,19.715234699460552,0.0,0.0,3,0.049
175,0,0.0,0.21654466257804744,-0.10200977359585563,0.9190947279689803,0.9018467643214798,0.02674301717613936,0.43101585697921935,-0.013511319242118042,0.039416745977272086,-0.03996473189041741,-0.20684569136285963,1.7024277361328592,0.37154921461603324,-0.464548814478051,0.011737121971114156,3.0079095244546945,0.2936132451229452,0.11562018113431549,-0.03211799666527204,-0.5221252426756449,-0.0012919119043510036,-0.0032943246323134667,0.0033333080011204164,0.9853515625,0.11562018113431549,-0.03211799666527204,-0.5221252426756449,-0.0012919119043510036,-0.0032943246323134667,0.0033333080011204164,-1.0,0.08579308535999221,-0.013219973647667997,0.9073711306296771,0.06757807733117917,0.21170738480443219,0.9024998346667837,19.0570916676131,0.0,0.0,3,0.0522
176,1,0.4664,0.21645102193692123,-0.1022109586476594,0.9189272139957747,0.9020904606046805,0.02749223476713808,0.43048583967595055,-0.012606337772522014,0.03944081626754215,-0.03996719047592218,-0.20746320488992892,1.6934321217798443,0.3625865194699473,-0.4801946041087458,0.02291780348362859,3.01427085636684,0.28918711710178424,0.0805154387993503,-0.03615318352166852,-0.3730924313938846,-0.016241973674185423,-0.009082778923879431,0.008469416527367019,0.9755859375,0.0805154387993503,-0.03615318352166852,-0.3730924313938846,-0.016241973674185423,-0.009082778923879431,0.008469416527367019,-1.0,0.08566354145547442,-0.013252144349078815,0.9073085620848402,0.06757807733117917,0.21170738480443219,0.9024998346667837,20.4642509152712,0.0,0.0,3,0.051
177,0,0.0,0.21626177835896937,-0.1025696410179549,0.9186062117248861,0.9023482906085704,0.0281476256763723,0.42993343766052694,-0.011511419807061829,0.03946483506514547,-0.03996856242639328,-0.20823528937313313,1.6886604747298843,0.35752702295847427,-0.4890627150087095,0.025760905392758847,3.017910991089133,0.28891182120468045,0.016096824207353366,-0.053889237378853094,-0.3746900266143628,-0.017337009839903744,-0.012130643001061397,0.010282160713101118,1.0029296875,0.016096824207353366,-0.053889237378853094,-0.3746900266143628,-0.017337009839903744,-0.012130643001061397,0.010282160713101118,-1.0,0.08552779208393839,-0.013298989296638648,0.9072340941803548,0.06757807733117917,0.21170738480443219,0.9024998346667837,21.42474451438543,0.0,0.0,3,0.0489
178,0,0.0,0.216211089601484,-0.10275545741422756,0.9184801544240662,0.9024248873805422,0.028421723776429375,0.4297692748285131,-0.010949824983287726,0.03948788830453466,-0.039969810778024834,-0.20665090781451592,1.6913259054360712,0.3550238490024,-0.4836051489802176,0.027327077924328796,3.01550480884373,0.28895479884155595,0.038284459450520725,-0.08082176360642956,-0.4055007915807298,-0.010844089516115138,-0.029210680146018297,0.002769343143336489,1.005859375,0.038284459450520725,-0.08082176360642956,-0.4055007915807298,-0.010844089516115138,-0.029210680146018297,0.002769343143336489,-1.0,0.08539762355774161,-0.013326353966336014,0.9071882282080594,0.06757807733117917,0.21170738480443219,0.9024998346667837,21.225462092844253,0.0,0.0,3,0.0492
179,0,0.0,0.21617365984574655,-0.10294397746385639,0.9183807273801831,0.9024566879881065,0.02870363285573274,0.4296955154772083,-0.010478155619933455,0.03950948310904037,-0.039971475214615984,-0.20484237568183256,1.6967482309116864,0.35456041572982905,-0.47328234658321106,0.02578291878422545,3.0110003797993548,0.2900126515330347,0.04383136826131262,-0.09180122551801995,-0.45685206652467486,-0.005558929669221752,-0.040331067561564654,0.0010875193710165043,0.994140625,0.04383136826131262,-0.09180122551801995,-0.45685206652467486,-0.005558929669221752,-0.040331067561564654,0.0010875193710165043,-1.0,0.0852596441020152,-0.013357081094377195,0.9071549751553926,0.06757807733117917,0.21170738480443219,0.9024998346667837,21.634505232646134,0.0,0.0,3,0.0528
180,0,0.0,0.21603840174983036,-0.10328565854799132,0.9181266665092548,0.9024721931351526,0.029106211514195568,0.4296521436539654,-0.00978797847718016,0.03952995526116653,-0.039973264541676344,-0.20658632808070215,1.6998689996743253,0.3597846781006118,-0.46954871701033307,0.012536283816707216,3.009901946044245,0.29582694116865615,0.0591367277577568,-0.05679832557765052,-0.4710021956203397,-0.0010431132461105885,-0.04513039265669516,-0.0003022511713796361,1.005859375,0.0591367277577568,-0.05679832557765052,-0.4710021956203397,-0.0010431132461105885,-0.04513039265669516,-0.0003022511713796361,-1.0,0.08510661168044546,-0.013404828151085808,0.9070374001817595,0.06757807733117917,0.21170738480443219,0.9024998346667837,22.192189787271587,0.0,0.0,3,0.068
181,0,0.0,0.2159504407028664,-0.10343905510693917,0.9179792676897011,0.9023825989126646,0.0289680392413883,0.42984933384983104,-0.009800411776539952,0.0395505138599451,-0.03997401264585527,-0.21150713933795154,1.6979139650759414,0.3691411388242701,-0.47654146838688355,-0.005138307390647537,3.0137594213245555,0.30327593097285444,0.07242619678361228,-0.05370155426925327,-0.5285156235575581,-0.0013432417246190542,-0.045739087546809276,-0.0005338795951123354,1.0166015625,0.07242619678361228,-0.05370155426925327,-0.5285156235575581,-0.0013432417246190542,-0.045739087546809276,-0.0005338795951123354,-1.0,0.08496654141344688,-0.013424418112359641,0.9068663305904735,0.06757807733117917,0.21170738480443219,0.9024998346667837,21.33249354387494,0.0,0.0,3,0.0487
182,0,0.0,0.21604137870762777,-0.10311949436273826,0.918165124694399,0.9022188476338239,0.028363455650032454,0.4302083073049943,-0.010838712269181067,0.03957023427417909,-0.03997468563606827,-0.2141633917247737,1.6954924601856995,0.3751793026142415,-0.48235393528115744,-0.01097877461007988,3.016480632975858,0.3049396037445959,0.09926354117749259,-0.04046989504246479,-0.5047799231390235,-0.0019505439510845157,-0.03638625644678661,0.0008156077431563935,1.009765625,0.09926354117749259,-0.04046989504246479,-0.5047799231390235,-0.0019505439510845157,-0.03638625644678661,0.0008156077431563935,-1.0,0.08484859074035808,-0.013396284491409142,0.9069689298362057,0.06757807733117917,0.21170738480443219,0.9024998346667837,19.822166045876134,0.0,0.0,3,0.0487
183,0,0.0,0.21624471759050198,-0.10263002488910192,0.9185199159389955,0.9020371336311335,0.027795441376642194,0.4305942417711405,-0.012042505667087922,0.039588607092444834,-0.03997583140770675,-0.21271695314552197,1.697618427191797,0.3770027486349819,-0.47739783776711925,-0.006780969793886066,3.0140683353139717,0.3017423875266781,0.10905248702153758,-0.04300361702206257,-0.5157348617937317,-0.001262321772667066,-0.0018077044199193704,0.004098688879541484,0.97021484375,0.10905248702153758,-0.04300361702206257,-0.5157348617937317,-0.001262321772667066,-0.0018077044199193704,0.004098688879541484,-1.0,0.08474153036343073,-0.013363789939602761,0.907107225519215,0.06757807733117917,0.21170738480443219,0.9024998346667837,17.49042155476382,0.0,0.0,3,0.0457
184,1,0.4616,0.21637184375040025,-0.10233744199526723,0.9187291945078915,0.9019986664328258,0.027753920741924454,0.4306643695130128,-0.012503058378385584,0.03960555158888124,-0.03997756792760577,-0.20943829307456133,1.70047612249674,0.37361372122010894,-0.4700033182923632,0.002887007372100555,3.010303976573761,0.2968078032056961,0.08200488653558147,-0.03793617306286701,-0.3621374927391763,-0.016267739231025855,-0.0071103733664904245,0.006757380351951503,0.97265625,0.08200488653558147,-0.03793617306286701,-0.3621374927391763,-0.016267739231025855,-0.0071103733664904245,0.006757380351951503,-1.0,0.08449429082116387,-0.013334209595060164,0.90719163819784,0.06757807733117917,0.21170738480443219,0.9024998346667837,16.45431103161279,0.0,0.0,3,0.0492
185,0,0.0,0.21632452801442753,-0.10244480377072787,0.9186296683948408,0.9021391284580849,0.028275608569275246,0.4303524723648766,-0.011926122352263091,0.03962173018932249,-0.03997926964138483,-0.20841851143150528,1.6983221315985455,0.3680191346174842,-0.4729460529020599,0.010082938514982619,3.0112296343451046,0.29388227031692105,0.016867228208852225,-0.05154319850885514,-0.36190926485053654,-0.018676818795606148,-0.012061872184149475,0.007925593271646797,1.001953125,0.016867228208852225,-0.05154319850885514,-0.36190926485053654,-0.018676818795606148,-0.012061872184149475,0.007925593271646797,-1.0,0.0842969456342708,-0.013354559679387437,0.9071573666703913,0.06757807733117917,0.21170738480443219,0.9024998346667837,17.110496591507818,0.0,0.0,3,0.0497
186,0,0.0,0.2162162243488972,-0.10262137035667054,0.9184426135266238,0.9023156567406028,0.028756881079650742,0.4299685557728395,-0.011248930525294493,0.039637925548900145,-0.039980187734011,-0.20935840779680615,1.6925138778598225,0.36330869675744093,-0.48355082716296993,0.014643836417667583,3.0156411715940736,0.2924309039906653,0.044961294130177576,-0.08016487272283013,-0.3979692712556179,-0.011803856508421195,-0.02981937503613241,0.0015809886215774616,1.0029296875,0.044961294130177576,-0.08016487272283013,-0.3979692712556179,-0.011803856508421195,-0.02981937503613241,0.0015809886215774616,-1.0,0.08412005690372552,-0.013382207450187823,0.9071207288590756,0.06757807733117917,0.21170738480443219,0.9024998346667837,17.286345441638638,0.0,0.0,3,0.0491
187,0,0.0,0.21616725422367794,-0.10269797491567455,0.9183628667287926,0.9024496445931462,0.028963671118126588,0.4296813571393176,-0.010939655203796417,0.03965339033953761,-0.03998110222540484,-0.208835533229078,1.6901487427851487,0.35925233202152035,-0.48715847174909904,0.02018485494901617,3.0168194366749215,0.2904437611062557,0.04645074186640874,-0.09405342283321805,-0.4525157366405195,-0.005507398555540888,-0.040331067561564654,0.0005034129111688435,0.990234375,0.04645074186640874,-0.09405342283321805,-0.4525157366405195,-0.005507398555540888,-0.040331067561564654,0.0005034129111688435,-1.0,0.08393331127970131,-0.013398575467423735,0.9071042981489025,0.06757807733117917,0.21170738480443219,0.9024998346667837,16.680876724914746,0.0,0.0,3,0.0506
188,0,0.0,0.2161898392614634,-0.10275857169581251,0.9183639853099497,0.902452775889654,0.029363771431754948,0.4296562235060953,-0.01059650031096307,0.03966792925808588,-0.03998224018463794,-0.206115676488916,1.6954438626982908,0.3573438427452127,-0.4762970009552488,0.022927369197961473,3.011929688088246,0.28890139622835115,0.05718503762062632,-0.05604759313925123,-0.4662094099589048,-0.0011755643117434267,-0.045294272050187434,-0.0006144460033671584,1.0078125,0.05718503762062632,-0.05604759313925123,-0.4662094099589048,-0.0011755643117434267,-0.045294272050187434,-0.0006144460033671584,-1.0,0.08376860643919706,-0.01341788432605956,0.9070812603728019,0.06757807733117917,0.21170738480443219,0.9024998346667837,16.61622862786135,0.0,0.0,3,0.0536
189,0,0.0,0.21611131310887566,-0.10295583882615243,0.9181983693246774,0.902439853394549,0.030113783792403592,0.4296472535925737,-0.00993521571415773,0.039681600011383,-0.039983574123342,-0.20592252363103164,1.7008360646454241,0.36077683068714855,-0.46730509539499065,0.014432294227245268,3.008258596200996,0.29163019935460033,0.07151455204850521,-0.05351387115965334,-0.5253204331166015,-0.0013309628264372847,-0.04571567620488182,-0.0009669240394821477,1.0166015625,0.07151455204850521,-0.05351387115965334,-0.5253204331166015,-0.0013309628264372847,-0.04571567620488182,-0.0009669240394821477,-1.0,0.08358516301775572,-0.013451661507449282,0.9069466180574857,0.06757807733117917,0.21170738480443219,0.9024998346667837,17.23548372082861,0.0,0.0,3,0.0489
190,0,0.0,0.21597946858694256,-0.10320978299552097,0.9179675314756989,0.9023807033122775,0.03044220024387817,0.4297564002065389,-0.009579938176569575,0.039695093112649356,-0.03998444170236023,-0.2118481667404461,1.697583764417094,0.37064601121724067,-0.477249049539777,-0.005594833875741473,3.0134430123121345,0.2994393186973901,0.09390923336707546,-0.04525581433726056,-0.5075186578027006,-0.0018038010531417487,-0.03711200804653808,-7.062274764693677e-05,1.0107421875,0.09390923336707546,-0.04525581433726056,-0.5075186578027006,-0.0018038010531417487,-0.03711200804653808,-7.062274764693677e-05,-1.0,0.08346934193930082,-0.013492127100499863,0.906652914537406,0.06757807733117917,0.21170738480443219,0.9024998346667837,16.772025631166798,0.0,0.0,3,0.0595
191,0,0.0,0.21603218893836557,-0.10297249411477637,0.9180893992340913,0.9022172119481505,0.03025068020930166,0.4300965604025668,-0.010293082204107157,0.03970867114040543,-0.03998460856304971,-0.21510380484281122,1.69514147316889,0.37756628340222753,-0.48360502965456764,-0.014100342103840542,3.0165189435404356,0.3016657481640463,0.10075459392206021,-0.05163704006365499,-0.5157348617937317,-0.0009811148749633014,-0.0013628889232975283,0.003554865623821263,0.97265625,0.10075459392206021,-0.05163704006365499,-0.5157348617937317,-0.0009811148749633014,-0.0013628889232975283,0.003554865623821263,-1.0,0.08337884585634091,-0.013481028534081046,0.9067281777106596,0.06757807733117917,0.21170738480443219,0.9024998346667837,16.078874891540693,0.0,0.0,3,0.0653
192,1,0.4807,0.2161935439741437,-0.10260911977829569,0.9183610248322942,0.9020738132204768,0.029844650142716367,0.43040365776447576,-0.01117245464015984,0.03972075303188331,-0.03998568209922517,-0.21338384596830873,1.698174786390605,0.3788641957303521,-0.47701642232254804,-0.010736045009295932,3.013442112342425,0.29914099915002307,0.07444208725420098,-0.030898056452873135,-0.3621374927391763,-0.018741232687707235,-0.010098245879983259,0.007965876475774236,0.9765625,0.07444208725420098,-0.030898056452873135,-0.3621374927391763,-0.018741232687707235,-0.010098245879983259,0.007965876475774236,-1.0,0.08335380644337327,-0.013472645676870572,0.9069369015748054,0.06757807733117917,0.21170738480443219,0.9024998346667837,15.06215196951186,0.0,0.0,3,0.0495
193,0,0.0,0.2162879589057083,-0.1023927818286109,0.9185070849509767,0.9020807086680902,0.03005747634388095,0.4303704924876201,-0.011321764909909465,0.039732167770286785,-0.0399868583136463,-0.20997130760924781,1.7003968402668765,0.3740371691796975,-0.4706527124955057,0.00019761062188621665,3.01010703763583,0.2936047306129876,0.011114878330994005,-0.0466634376592594,-0.36099635329597746,-0.021085898360186442,-0.012398410224356782,0.009113947793405824,1.0029296875,0.011114878330994005,-0.0466634376592594,-0.36099635329597746,-0.021085898360186442,-0.012398410224356782,0.009113947793405824,-1.0,0.08323971059429867,-0.013483608409112597,0.9070109166643188,0.06757807733117917,0.21170738480443219,0.9024998346667837,14.67346228009687,0.0,0.0,3,0.0483
194,0,0.0,0.21629340380545242,-0.10235394339206572,0.9185046147723281,0.9022052421975089,0.03077158369124211,0.43007073874806956,-0.010861411563676732,0.03974310086621005,-0.039987976663932195,-0.20829962346739592,1.696794418314665,0.3663105183884118,-0.47545477664104346,0.012832802138465998,3.011624446042736,0.28754827176044256,0.0380790183834544,-0.08091560516122942,-0.3938611692601023,-0.013394879643317814,-0.02963208430071268,0.0022859446938073846,1.001953125,0.0380790183834544,-0.08091560516122942,-0.3938611692601023,-0.013394879643317814,-0.02963208430071268,0.0022859446938073846,-1.0,0.0830031930716252,-0.01349113235902951,0.907045517756501,0.06757807733117917,0.21170738480443219,0.9024998346667837,14.079068524738684,0.0,0.0,3,0.0493
195,0,0.0,0.21623268887146313,-0.10244154846525488,0.9184082388227959,0.9023844076718799,0.03153956460163515,0.42965492033688024,-0.010212055900636785,0.039753618029741346,-0.03998899422483589,-0.2079280686406026,1.6914965148762948,0.3595737604672935,-0.4840951245540335,0.02237876981218109,3.014818108516595,0.2829765213370848,0.04868491347075543,-0.09818245124441438,-0.4554826991928363,-0.005211094651875928,-0.039745784013378,0.0009465281565705363,0.994140625,0.04868491347075543,-0.09818245124441438,-0.4554826991928363,-0.005211094651875928,-0.039745784013378,0.0009465281565705363,-1.0,0.0827862564987029,-0.013510640033810346,0.9070229820799987,0.06757807733117917,0.21170738480443219,0.9024998346667837,14.826929627753906,0.0,0.0,3,0.05
196,0,0.0,0.21619439803973642,-0.10256648133023927,0.9183236463042382,0.9024645425777688,0.032440961555580905,0.4294360981520253,-0.009485304803249855,0.03976366083020049,-0.039989991548538675,-0.20645022782736036,1.6924470104289864,0.35606655496148776,-0.4814872168373405,0.02650974407408609,3.013409810845292,0.2802377777728064,0.0609343370945874,-0.060364304660047385,-0.47419738606129624,-0.0009879588509990461,-0.04454510910850851,-0.00040295918169819256,1.0107421875,0.0609343370945874,-0.060364304660047385,-0.47419738606129624,-0.0009879588509990461,-0.04454510910850851,-0.00040295918169819256,-1.0,0.08262255178869744,-0.013541799295759466,0.9069639563336073,0.06757807733117917,0.21170738480443219,0.9024998346667837,15.102084434712314,0.0,0.0,3,0.0514
197,0,0.0,0.21613736463279615,-0.10278107471558984,0.9181913798267574,0.9024476531465347,0.03358499839912754,0.42940276921410614,-0.008575721782919571,0.03977304489092543,-0.03999117444558419,-0.20504309368279572,1.6986955101692351,0.3572324770165285,-0.47012408174174536,0.021838719219853094,3.008599365731761,0.2807087922641147,0.07711282112606366,-0.056986008687250345,-0.5317108139985147,-0.00121924498232448,-0.04393641421839439,-0.0009266408353547084,1.017578125,0.07711282112606366,-0.056986008687250345,-0.5317108139985147,-0.00121924498232448,-0.04393641421839439,-0.0009266408353547084,-1.0,0.08242121453617576,-0.01358085103778872,0.906849228617619,0.06757807733117917,0.21170738480443219,0.9024998346667837,15.380042802237389,0.0,0.0,3,0.0486
198,0,0.0,0.21596105925037154,-0.10318973959981653,0.9178678749415368,0.9024034159009666,0.034356250936618704,0.42945207132615265,-0.00765776896514983,0.03978182123492113,-0.039992511524376745,-0.20904130058273962,1.7006968329755507,0.3666022705280866,-0.47000820140117094,0.000697444824311555,3.009493721329652,0.2889171920969709,0.10206107070793535,-0.04797721942645827,-0.5107138482436571,-0.0016693873767339579,-0.03480599086668268,-5.0481145583231024e-05,1.0146484375,0.10206107070793535,-0.04797721942645827,-0.5107138482436571,-0.0016693873767339579,-0.03480599086668268,-5.0481145583231024e-05,-1.0,0.08225293927011154,-0.013634913335333862,0.9064243865209547,0.06757807733117917,0.21170738480443219,0.9024998346667837,15.487863013949845,0.0,0.0,3,0.0501
199,0,0.0,0.21590358019349942,-0.10324474020120307,0.9177897383860475,0.9022791855068886,0.03433582702580934,0.42971144662760286,-0.0078354974756836,0.03979151126827874,-0.0399925004100875,-0.21445147171743048,1.697303466168906,0.37619665716908013,-0.47969693025142773,-0.01613157855211179,3.0144261883123695,0.29526860025450236,0.10105954550598684,-0.05248161405685425,-0.5225816984529243,-0.0009650114019380401,-0.0017959987489556406,0.0033131663990567106,0.990234375,0.10105954550598684,-0.05248161405685425,-0.5225816984529243,-0.0009650114019380401,-0.0017959987489556406,0.0033131663990567106,-1.0,0.08215286133626487,-0.013656289124435231,0.9062687096884395,0.06757807733117917,0.21170738480443219,0.9024998346667837,14.90450802978987,0.0,0.0,3,0.0495
200,1,0.4797,0.21601752968484725,-0.10289578837842145,0.9180056747836132,0.9021412046518775,0.033816038583044494,0.43002334351691457,-0.008811721417637863,0.039800163483900995,-0.03999311234221758,-0.21547384918498608,1.6961223173566167,0.379615626350891,-0.48223153489709536,-0.017192467617571296,3.01551737497009,0.2949043263915761,0.06098569736135406,-0.02930275002127447,-0.3758311660575616,-0.01522423417898841,-0.013701397723507314,0.008570124537685603,0.97802734375,0.06098569736135406,-0.02930275002127447,-0.3758311660575616,-0.01522423417898841,-0.013701397723507314,0.008570124537685603,-1.0,0.08213030121732375,-0.013640880640827656,0.9065343880037933,0.06757807733117917,0.21170738480443219,0.9024998346667837,14.606258688051302,0.0,0.0,3,0.0507
201,0,0.0,0.2161838610578117,-0.10249952113789926,0.918279248345972,0.9020674151144826,0.03351493799562094,0.4301857690596807,-0.00955675773235895,0.03980816351371525,-0.03999397892043254,-0.21253606934240804,1.6977642871461318,0.37664058441089243,-0.47709810659525237,-0.0066979270306470814,3.01282239110042,0.28954660810854643,0.002075471380073912,-0.043660507905662005,-0.3808521796076363,-0.01776214152777085,-0.015252399126201938,0.010262019111037413,1.00390625,0.002075471380073912,-0.043660507905662005,-0.3808521796076363,-0.01776214152777085,-0.015252399126201938,0.010262019111037413,-1.0,0.08213609148305745,-0.013646739852184566,0.9067586290313978,0.06757807733117917,0.21170738480443219,0.9024998346667837,13.659881713230728,0.0,0.0,3,0.049
202,0,0.0,0.21630451715722265,-0.1022026996906868,0.9184786499696379,0.9021022100205582,0.03389606649520449,0.4300791791706724,-0.009724145003910861,0.03981561533353076,-0.039995013136935306,-0.20906868497381154,1.6969533895536557,0.3690588183001984,-0.47569901700146705,0.009656908627626012,3.0114125579046434,0.2813149244510501,0.02477670929090725,-0.07406517166083548,-0.4112064887967237,-0.01154620094001689,-0.031622048364547295,0.002708918337145344,1.001953125,0.02477670929090725,-0.07406517166083548,-0.4112064887967237,-0.01154620094001689,-0.031622048364547295,0.002708918337145344,-1.0,0.08184193085906746,-0.013707794231779848,0.906924891618902,0.06757807733117917,0.21170738480443219,0.9024998346667837,12.425947206239695,0.0,0.0,3,0.0512
203,0,0.0,0.2163269196495175,-0.10213131023370839,0.9185166966431034,0.9022214634944004,0.03478682198029209,0.42976758221778,-0.009280792057601517,0.039822544889976816,-0.03999620624114781,-0.20701309883090033,1.6937986805644185,0.3612188467520025,-0.4793798007935572,0.02331849128812157,3.012247348815701,0.2741189715009979,0.04360024706086296,-0.09311500728521882,-0.46506827051570604,-0.005446205358044867,-0.04065882634854917,0.0015608470195137558,0.98828125,0.04360024706086296,-0.09311500728521882,-0.46506827051570604,-0.005446205358044867,-0.04065882634854917,0.0015608470195137558,-1.0,0.08143633296669645,-0.013717315736642149,0.9069708100064511,0.06757807733117917,0.21170738480443219,0.9024998346667837,12.026456010731714,0.0,0.0,3,0.0458
204,0,0.0,0.21627173825407864,-0.10227321405305824,0.9184078782552847,0.9023140860335636,0.036154072671276516,0.42948035113248295,-0.008294646816644546,0.03982913262017105,-0.039997393806279334,-0.2058769264422135,1.6933287373118695,0.35699757051171443,-0.47941531440554613,0.02820770026977623,3.01191901784286,0.2701961688769398,0.06735437044041137,-0.046475754549659576,-0.4824135900523275,-0.0010894107310582407,-0.045013335947057836,0.0003019968905317305,1.0087890625,0.06735437044041137,-0.046475754549659576,-0.4824135900523275,-0.0010894107310582407,-0.045013335947057836,0.0003019968905317305,-1.0,0.08125721257129911,-0.013751434910940892,0.9068542511418243,0.06757807733117917,0.21170738480443219,0.9024998346667837,12.879220052072835,0.0,0.0,3,0.0495
205,0,0.0,0.21617536995375913,-0.10255292436239856,0.9182123444149262,0.9023132331267847,0.037770911277270836,0.4293652821605094,-0.007045712227931905,0.03983546158591146,-0.039998507448135094,-0.20564041077946563,1.697008844463649,0.35818200664535804,-0.47326682497229117,0.0224775710235309,3.0094453300899198,0.2703327457508419,0.08774439634674802,-0.04347282479606218,-0.5344495486621917,-0.0013895392095666925,-0.04468557716007332,-0.0004734547889211904,1.0146484375,0.08774439634674802,-0.04347282479606218,-0.5344495486621917,-0.0013895392095666925,-0.04468557716007332,-0.0004734547889211904,-1.0,0.08106054462739246,-0.01379857265684354,0.9066516447448538,0.06757807733117917,0.21170738480443219,0.9024998346667837,13.871560968585442,0.0,0.0,3,0.0474
206,0,0.0,0.2160294350319616,-0.10291036033950897,0.9179386019361447,0.9022663242168573,0.03914544069947529,0.42935833575091603,-0.0058765787536227965,0.03984146623144127,-0.039999625899123974,-0.20771460102598766,1.7004707310725196,0.3645204962013233,-0.46924765037378535,0.007214380832081213,3.0083318423296532,0.2748150444790604,0.10586815048200893,-0.03446403553527,-0.5166477733482908,-0.0025322819141223724,-0.03625749406618556,0.0005537669163281356,1.0107421875,0.10586815048200893,-0.03446403553527,-0.5166477733482908,-0.0025322819141223724,-0.03625749406618556,0.0005537669163281356,-1.0,0.08090540676975656,-0.013850475714850386,0.906297416005055,0.06757807733117917,0.21170738480443219,0.9024998346667837,14.32025970657638,0.0,0.0,3,0.0471
207,0,0.0,0.21594419001499843,-0.10308085301795802,0.9177883332599003,0.9021883323430204,0.039732124071589714,0.4294737734641695,-0.005463442808857605,0.03984774880963134,-0.04000011411689175,-0.21127822462877427,1.6996791422684023,0.3715660361337593,-0.4733080302755396,-0.006726241077073993,3.0106984631377216,0.27940340796617474,0.1074795788518107,-0.045912705220859995,-0.524863977339322,-0.0012079725512067901,-0.002802686451836678,0.0034541576135027063,0.96923828125,0.1074795788518107,-0.045912705220859995,-0.524863977339322,-0.0012079725512067901,-0.002802686451836678,0.0034541576135027063,-1.0,0.0807980079086389,-0.013883666710507746,0.9060839440876503,0.06757807733117917,0.21170738480443219,0.9024998346667837,14.35688334055736,0.0,0.0,3,0.0475
208,1,0.5014,0.21596451825987983,-0.1029658662082618,0.9178358765159798,0.9021425505143591,0.03975186882706511,0.4295646242508092,-0.005730712736048582,0.039853485178698446,-0.04000042077456151,-0.21300075246853953,1.696624103764563,0.37334362353644607,-0.4796255678696364,-0.008485538200014239,3.0134890820161355,0.27946528468445764,0.09453277910578861,-0.04966636741285679,-0.3669302784006111,-0.01602296644104176,-0.004248336815857706,0.006999079576716027,0.9775390625,0.09453277910578861,-0.04966636741285679,-0.3669302784006111,-0.01602296644104176,-0.004248336815857706,0.006999079576716027,-1.0,0.08075439159291746,-0.013890575680175283,0.9061578108117244,0.06757807733117917,0.21170738480443219,0.9024998346667837,14.534583284772761,0.0,0.0,3,0.0802
209,0,0.0,0.21601549791135066,-0.10281841166665717,0.9179173307608551,0.9021538864302725,0.039773772401422325,0.42953638685150575,-0.005908011363205928,0.039858615537447295,-0.04000073251651839,-0.21176138526734772,1.6960693150413713,0.37059415435013693,-0.4795795554687016,-0.0021665595327792987,3.0131636881676256,0.2764200484019467,0.028012406097202458,-0.06468101618084365,-0.34844381942079095,-0.01789096931197301,-0.008076091220998394,0.007784602057200829,1.001953125,0.028012406097202458,-0.06468101618084365,-0.34844381942079095,-0.01789096931197301,-0.008076091220998394,0.007784602057200829,-1.0,0.08076449522785327,-0.01390055275054848,0.906364230303444,0.06757807733117917,0.21170738480443219,0.9024998346667837,15.114333232620154,0.0,0.0,3,0.0827
210,0,0.0,0.21605011241945615,-0.10273990305501415,0.9179577706366976,0.9022266591681727,0.04007415109839246,0.4293577802107251,-0.005745822177771059,0.03986345409056127,-0.04000092209345428,-0.20911464657307754,1.6963003394160943,0.3647231580762761,-0.47722995188754636,0.008390352637748002,3.011624459966348,0.2717054400507733,0.06327122923246731,-0.09161354240842012,-0.3680714178438099,-0.014122756624059984,-0.029210680146018297,0.0006444041256148392,1.0,0.06327122923246731,-0.09161354240842012,-0.3680714178438099,-0.014122756624059984,-0.029210680146018297,0.0006444041256148392,-1.0,0.08072900383058702,-0.013930618834989146,0.9064568928095196,0.06757807733117917,0.21170738480443219,0.9024998346667837,15.091100614811236,0.0,0.0,3,0.0793
211,0,0.0,0.21602604953721016,-0.10282514063804761,0.9179007697925493,0.9023524138023478,0.04068566099688303,0.42904295514208385,-0.0051904659974151834,0.03986784135531505,-0.04000111850551196,-0.2069432279204442,1.696199436696751,0.35866064697480987,-0.4758275939332764,0.017196147255623885,3.010472960025848,0.26773296618301184,0.07395416471991834,-0.10418831075160917,-0.43311636610614024,-0.005459088136465076,-0.03976919535530546,-6.0551946615083896e-05,0.98876953125,0.07395416471991834,-0.10418831075160917,-0.43311636610614024,-0.005459088136465076,-0.03976919535530546,-6.0551946615083896e-05,-1.0,0.08061222812542516,-0.013969876291028693,0.9064610678351266,0.06757807733117917,0.21170738480443219,0.9024998346667837,15.5975081300328,0.0,0.0,3,0.0738
212,0,0.0,0.21593916380372885,-0.10306066131502446,0.9177307674620143,0.9024428589153892,0.04164021991819972,0.4287711937885981,-0.004271048452293591,0.03987208406334023,-0.04000119679258292,-0.20618707612447779,1.6972078474571148,0.35623689837356337,-0.4737282693118151,0.017953083374950773,3.0094170347386395,0.2667343278261861,0.09546127642842839,-0.06468101618084365,-0.45114636930868096,-0.0009682320965430924,-0.04395982556032188,-0.0008057912229724462,1.009765625,0.09546127642842839,-0.06468101618084365,-0.45114636930868096,-0.0009682320965430924,-0.04395982556032188,-0.0008057912229724462,-1.0,0.08048838365303353,-0.014008663548351058,0.906285729451835,0.06757807733117917,0.21170738480443219,0.9024998346667837,15.939440163613671,0.0,0.0,3,0.0744
213,0,0.0,0.21584640716659453,-0.10328816686250435,0.9175545283832965,0.9024478974145723,0.04253564858309672,0.42867979422837965,-0.0034849780409706432,0.039876358895627455,-0.04000114251680948,-0.20710752890548653,1.6986176218841382,0.3584785431460673,-0.4721870937631053,0.011184193953677674,3.008991367611425,0.26848611068838235,0.10769143995222297,-0.0638364421876444,-0.5098009366890981,-0.001082566755022496,-0.04466216581814586,-0.0005842336002715998,1.0205078125,0.10769143995222297,-0.0638364421876444,-0.5098009366890981,-0.001082566755022496,-0.04466216581814586,-0.0005842336002715998,-1.0,0.08035465983658156,-0.014041405643225162,0.9060481202168883,0.06757807733117917,0.21170738480443219,0.9024998346667837,16.104523134381072,0.0,0.0,3,0.0739
214,0,0.0,0.21579778453954587,-0.10338736186076933,0.9174638218121177,0.902391627812073,0.0430948110279713,0.4287450423493162,-0.003142606883268728,0.0398805118405137,-0.040001087524573924,-0.20877854353383693,1.6993310496456824,0.36274636902468615,-0.4722724756921603,0.0028455873675477185,3.009347361054191,0.270768624137194,0.13982370684807155,-0.06130272020804661,-0.4901733382660791,-0.0014358366945143447,-0.03264044173839206,-0.0002418263651884911,1.013671875,0.13982370684807155,-0.06130272020804661,-0.4901733382660791,-0.0014358366945143447,-0.03264044173839206,-0.0002418263651884911,-1.0,0.08023109193223626,-0.014062905945387292,0.9059235615864077,0.06757807733117917,0.21170738480443219,0.9024998346667837,16.193326081028978,0.0,0.0,3,0.0746
215,0,0.0,0.2158001011399731,-0.10335750758962814,0.9174643412888109,0.9023424174176609,0.043355900609563236,0.42882236632536186,-0.0031314134670286375,0.03988434961906558,-0.04000112446989718,-0.2095579935381925,1.6994523880877295,0.3649785248869814,-0.4726240554848942,-0.0004709038949849346,3.0095889289276,0.27124082467971894,0.14424068978999838,-0.06552559017404291,-0.5029541000299054,-0.0009307915217593443,0.00043978440511735495,0.003977839267159222,0.98193359375,0.14424068978999838,-0.06552559017404291,-0.5029541000299054,-0.0009307915217593443,0.00043978440511735495,0.003977839267159222,-1.0,0.08016165980032117,-0.014074815431953528,0.9059539957660913,0.06757807733117917,0.21170738480443219,0.9024998346667837,16.472595818291452,0.0,0.0,3,0.0758
216,1,0.4893,0.21578033113615464,-0.10339792810391593,0.9174194955154955,0.9023984489931729,0.04342753597861987,0.4286982224816119,-0.0029870411189356905,0.039887561445880626,-0.040001347692650915,-0.20900887926169695,1.6991951501700209,0.3629991674041022,-0.4726928112462119,0.002001185102292429,3.0094470839389103,0.27056410796489405,0.09519685130499733,-0.055578385365251615,-0.3621374927391763,-0.01604873199788219,-0.004096163093329164,0.006676813943696652,0.97705078125,0.09519685130499733,-0.055578385365251615,-0.3621374927391763,-0.01604873199788219,-0.004096163093329164,0.006676813943696652,-1.0,0.08013017648032594,-0.01409525116005503,0.9059929027031854,0.06757807733117917,0.21170738480443219,0.9024998346667837,16.79488154409608,0.0,0.0,3,0.0661
217,0,0.0,0.2157108099344314,-0.10355789779563745,0.9172848742867618,0.9025309501348352,0.04362606467794128,0.42840206712350937,-0.0025138444124708503,0.039890783302100795,-0.04000139299469593,-0.20848716630555578,1.697557637166016,0.3589792097015982,-0.47518844620304357,0.006104264998534524,3.010312693046209,0.2696819676225942,0.025855274893005653,-0.06346107596844475,-0.35255192141630654,-0.016667105362052542,-0.009044735493247302,0.0069185131684612045,1.001953125,0.025855274893005653,-0.06346107596844475,-0.35255192141630654,-0.016667105362052542,-0.009044735493247302,0.0069185131684612045,-1.0,0.08009317644517608,-0.01412459981839777,0.9059309721780552,0.06757807733117917,0.21170738480443219,0.9024998346667837,17.175672358451095,0.0,0.0,3,0.0666
218,0,0.0,0.2156596532260033,-0.10362898918029924,0.9171905422506761,0.9026531095796351,0.0436976940104869,0.4281388355279552,-0.00223893214414031,0.0398941853799576,-0.04000128145006438,-0.2083137167373317,1.6943880940501468,0.3549148032803334,-0.4804981452151379,0.011305019919384573,3.0123803578751853,0.26829314358195944,0.06411867363411605,-0.09011207753162143,-0.37126660828476654,-0.012770064889937358,-0.028520045559158047,0.0010774485699846514,1.0,0.06411867363411605,-0.09011207753162143,-0.37126660828476654,-0.012770064889937358,-0.028520045559158047,0.0010774485699846514,-1.0,0.08006202205026652,-0.014143035705353035,0.9059189404236753,0.06757807733117917,0.21170738480443219,0.9024998346667837,17.381186400721838,0.0,0.0,3,0.0668
219,0,0.0,0.21564586458023172,-0.10366334047418922,0.9171606942730645,0.9027463968689702,0.04374692480861814,0.4279378019131479,-0.0020945652586624175,0.0398971491857955,-0.0400013477158169,-0.20721547343151828,1.6937206329564596,0.35134171744774667,-0.48082325722771607,0.01673434332808811,3.012162841744076,0.26643200928141286,0.07220791564985418,-0.10381294453240952,-0.4328881382175005,-0.005513839944750992,-0.039909663406870244,0.00015093487505388192,0.98779296875,0.07220791564985418,-0.10381294453240952,-0.4328881382175005,-0.005513839944750992,-0.039909663406870244,0.00015093487505388192,-1.0,0.08003070078692924,-0.014160537291792515,0.9060129956354532,0.06757807733117917,0.21170738480443219,0.9024998346667837,17.859103073933035,0.0,0.0,3,0.073
