step,query,infer_s,eef_x,eef_y,eef_z,eef_qx,eef_qy,eef_qz,eef_qw,gripper_q0,gripper_q1,joint_0,joint_1,joint_2,joint_3,joint_4,joint_5,joint_6,act_raw_0,act_raw_1,act_raw_2,act_raw_3,act_raw_4,act_raw_5,act_raw_6,act_env_0,act_env_1,act_env_2,act_env_3,act_env_4,act_env_5,act_env_6,akita_black_bowl_1_x,akita_black_bowl_1_y,akita_black_bowl_1_z,plate_1_x,plate_1_y,plate_1_z,force_akita_black_bowl_1,force_plate_1,force_other,n_contacts,sim_s
0,1,0.4955,-0.20865388550906516,-0.013307972056615318,1.178458991815519,0.9996131094400496,-0.0004005159329383279,-0.027811336467740987,2.421693175647978e-05,0.03872215605635873,-0.03872337886983709,-0.009850924025123452,-0.16980674046188518,-0.01890331659880452,-2.4393583105458836,-0.005997210770624265,2.213948944160978,0.7620187650202961,-0.03372263455624014,0.04074997063686436,0.012926513754181967,0.00018678950619435697,0.004197304784475664,0.0026887767350816383,0.998046875,-0.03372263455624014,0.04074997063686436,0.012926513754181967,0.00018678950619435697,0.004197304784475664,0.0026887767350816383,-1.0,0.0071370557647211785,0.29824631861827444,0.8984038567263857,0.055186063443025,0.18896035738226993,0.9024995673059236,0.0,0.0,0.0,0,0.0393
1,0,0.0,-0.20882287245867678,-0.013078900412795066,1.1785333988789328,0.9996021169705247,-0.00019193953955637388,-0.028205856615056077,-2.366154123805038e-05,0.0388501216962018,-0.0388399509845768,-0.009592273753723686,-0.17008182084253995,-0.018665835925954256,-2.439244513801261,-0.0058325416276521855,2.212747982965427,0.7619765105534054,-0.029511092681379636,0.05140098710665497,-0.003756409996270138,0.00010627214106800897,0.0038695459974911195,0.002950617561909896,0.99609375,-0.029511092681379636,0.05140098710665497,-0.003756409996270138,0.00010627214106800897,0.0038695459974911195,0.002950617561909896,-1.0,0.007137055778696669,0.2982463186084314,0.8984040701014814,0.05518606345219909,0.1889603574122781,0.9024997617621902,0.0,0.0,0.0,0,0.0505
2,0,0.0,-0.20909310324880648,-0.01260908521988674,1.178639864796607,0.9995896239427531,0.00014724898817786158,-0.02864534413575584,-7.926578012098368e-05,0.03892013728982429,-0.03890669672053224,-0.009184487432184451,-0.17063873846843006,-0.018076898985922237,-2.439360452224101,-0.0055620844395487595,2.2114280299884808,0.7621101581577302,0.048736273737521985,0.11102849753624044,0.04105560102903183,-0.00022948527150885856,-0.0007893110460746033,0.004300104900178597,0.9970703125,0.048736273737521985,0.11102849753624044,0.04105560102903183,-0.00022948527150885856,-0.0007893110460746033,0.004300104900178597,-1.0,0.007137055782875848,0.29824631860521483,0.8984041283326119,0.05518606345434856,0.1889603574212215,0.9024998147869767,0.0,0.0,0.0,0,0.034
3,0,0.0,-0.20897077165950306,-0.011710709466410136,1.1788913085255555,0.99959412461907,0.000639654372874443,-0.02848064603263177,-0.00017225237582454284,0.03897123978181525,-0.03895330243629641,-0.008533348279506628,-0.17087848835298722,-0.016775043061099077,-2.43895075163683,-0.0049388965373614825,2.2111637039638876,0.7626497692400391,0.20140466670121449,0.19319557640933127,0.08570268174418394,-4.832119997458251e-05,-0.002053523510157751,0.007401911617990281,1.0009765625,0.20140466670121449,0.19319557640933127,0.08570268174418394,-4.832119997458251e-05,-0.002053523510157751,0.007401911617990281,-1.0,0.007137055784112488,0.29824631860419715,0.8984041442241787,0.055186063454839895,0.18896035742386438,0.9024998292459088,0.0,0.0,0.0,0,0.0352
4,0,0.0,-0.20783466764587186,-0.009986743848061107,1.179432732848914,0.9996300984229184,0.001392938401920396,-0.02715900549937752,-0.0003383339741451479,0.03901830161038562,-0.03899627175397088,-0.0074523393725400644,-0.16970695995579152,-0.014100847645610154,-2.4367113266911615,-0.0036505137719521257,2.2128204084223926,0.7640195049169085,0.3558963491351209,0.2799051730444555,0.10898192638543902,0.0006505695293221175,-0.0024281049809972144,0.010302302315164852,0.99951171875,0.3558963491351209,0.2799051730444555,0.10898192638543902,0.0006505695293221175,-0.0024281049809972144,0.010302302315164852,-1.0,0.0071370557844752935,0.29824631860388245,0.8984041485610657,0.05518606345494836,0.18896035742463985,0.9024998331886069,0.0,0.0,0.0,0,0.0389
5,0,0.0,-0.20530222177616733,-0.007213404341103726,1.1800600326577833,0.9996915985722208,0.0024149692006701917,-0.024709019847312844,-0.0005831003872560619,0.039062992163413315,-0.0390367866236324,-0.005850595992864937,-0.16564899720325632,-0.009701003016887543,-2.4316329729537016,-0.001620640554762519,2.2167565381665604,0.7666058079771723,0.5278505222696682,0.38998131682475945,0.09625822159377262,0.0048310311266820255,-0.012576921706553723,0.00812700929228391,1.0,0.5278505222696682,0.38998131682475945,0.09625822159377262,0.0048310311266820255,-0.012576921706553723,0.00812700929228391,-1.0,0.007137055784580978,0.29824631860378686,0.8984041497446229,0.05518606345497107,0.18896035742486605,0.9024998342637116,0.0,0.0,0.0,0,0.0372
6,0,0.0,-0.201042584790303,-0.003171798197849331,1.180512928556318,0.9997705638382571,0.0035556687280109966,-0.0210968587819657,-0.001048547549184934,0.03910677584918316,-0.03907452172318933,-0.0036568556094488474,-0.15731122104091474,-0.003321235221030882,-2.422956464706843,0.0014812456698471452,2.22372138372231,0.7708467824838797,0.598111367206365,0.46636834243189274,0.07959758572307063,0.0013140326179632011,-0.0303110132166092,0.0055086010240013306,1.001953125,0.598111367206365,0.46636834243189274,0.07959758572307063,0.0013140326179632011,-0.0303110132166092,0.0055086010240013306,-1.0,0.007137055784611578,0.2982463186037581,0.8984041500676215,0.055186063454975405,0.18896035742493172,0.9024998345568738,0.0,0.0,0.0,0,0.0355
7,0,0.0,-0.19526456915431856,0.0020437660739172653,1.1807110834636392,0.9998491057888657,0.004574115893470065,-0.016681976719007605,-0.001598364709438819,0.03914883979595392,-0.039110412041531255,-0.0009726725120418361,-0.1448808074624499,0.004857322030753943,-2.4108131373747934,0.004951497787187799,2.232896550916778,0.7773899185245651,0.6428975198268326,0.4930193439950694,0.0688138179848421,0.00023348957796763548,-0.04089293976782382,0.004501520920815738,1.001953125,0.6428975198268326,0.4930193439950694,0.0688138179848421,0.00023348957796763548,-0.04089293976782382,0.004501520920815738,-1.0,0.007137055784620389,0.2982463186037496,0.8984041501557689,0.05518606345497609,0.18896035742495065,0.9024998346368139,0.0,0.0,0.0,0,0.0338
8,1,0.4679,-0.18847249310585415,0.008022756708670177,1.1807846698103222,0.9999126744356416,0.005367889634104173,-0.011905825826965285,-0.002020043369578793,0.03918889244811713,-0.039144963171067935,0.0019703035671641256,-0.12953759908915954,0.014176521299162392,-2.395828963311677,0.007849504313748425,2.2428758564050453,0.7861542002671712,0.38219280571961545,0.34324822253440024,0.11206300288207571,-0.00015460412194136242,-0.007262547089018939,0.009154230997533236,1.0078125,0.38219280571961545,0.34324822253440024,0.11206300288207571,-0.00015460412194136242,-0.007262547089018939,0.009154230997533236,-1.0,0.007137055784622916,0.2982463186037471,0.8984041501798249,0.05518606345497614,0.18896035742495607,0.9024998346586124,0.0,0.0,0.0,0,0.0556
9,0,0.0,-0.18276067529739584,0.013538903736150647,1.1810182499652186,0.9999365093861554,0.005847029719729724,-0.009409878509201407,-0.002060006438916304,0.03922414062677228,-0.03918112275538904,0.0045968437375458766,-0.11556804686408008,0.022679315912421193,-2.3805070191685993,0.009119948336228968,2.2463006180494123,0.7954993979220867,0.4869677499234616,0.4132540224151391,0.09928224111824946,0.0008244870379950225,-0.016918262425228203,0.010684992754375372,1.005859375,0.4869677499234616,0.4132540224151391,0.09928224111824946,0.0008244870379950225,-0.016918262425228203,0.010684992754375372,-1.0,0.007137055784623638,0.29824631860374645,0.8984041501863897,0.05518606345497614,0.1889603574249576,0.9024998346645562,0.0,0.0,0.0,0,0.0499
10,0,0.0,-0.17738623990923388,0.018759295501324325,1.1818329714116278,0.9999483259066902,0.00649236508882689,-0.007539169366023328,-0.0020870163465699187,0.039259751372246895,-0.03921386410605454,0.007048853172899534,-0.10256282828072559,0.03065077553662428,-2.3642719148297866,0.009971957881344034,2.2469465131401876,0.8040660523320252,0.5742802034266666,0.505031063009459,0.06282283590804849,0.0013365774801985808,-0.029093623436380972,0.008952814976896123,1.0029296875,0.5742802034266666,0.505031063009459,0.06282283590804849,0.0013365774801985808,-0.029093623436380972,0.008952814976896123,-1.0,0.007137055784623843,0.29824631860374645,0.8984041501881814,0.05518606345497614,0.18896035742495804,0.9024998346661771,0.0,0.0,0.0,0,0.0514
11,0,0.0,-0.17104935684722675,0.024693815510415707,1.1825204745530824,0.9999587539099268,0.007401094125571772,-0.00468398870888143,-0.0024030260973836245,0.039295453919387324,-0.039243579261592595,0.00972837396307496,-0.08726199464482802,0.03945868285046116,-2.3461692683874387,0.01111169931741581,2.2500128039811096,0.8130238922923269,0.617833709644736,0.5568316012590138,0.050470001435421796,0.0015104949888714997,-0.046464839146560744,0.008650690945940454,0.99560546875,0.617833709644736,0.5568316012590138,0.050470001435421796,0.0015104949888714997,-0.046464839146560744,0.008650690945940454,-1.0,0.007137055784623902,0.29824631860374645,0.8984041501886704,0.05518606345497614,0.18896035742495804,0.9024998346666192,0.0,0.0,0.0,0,0.0504
12,0,0.0,-0.1638475370765833,0.031428052084304325,1.182927798155722,0.999960578639365,0.008347300980665662,-0.0009756136531547877,-0.002865643306982429,0.0393300687102883,-0.03927157190949465,0.012649702562926234,-0.06963624143338501,0.049216064560024204,-2.326361742362293,0.011959991902111966,2.255422526285544,0.8233054600684442,0.6355016414124434,0.5684679540542037,0.03928683489207374,0.0014187051926274619,-0.057514992536324666,0.009980036682145449,0.9921875,0.6355016414124434,0.5684679540542037,0.03928683489207374,0.0014187051926274619,-0.057514992536324666,0.009980036682145449,-1.0,0.00713705578462392,0.29824631860374645,0.8984041501888038,0.05518606345497614,0.18896035742495804,0.9024998346667397,0.0,0.0,0.0,0,0.0546
13,0,0.0,-0.15611243025962546,0.03864426307447079,1.1831891897246531,0.999946358031098,0.009238801174641431,0.0032972633859365543,-0.0033247056051744746,0.039363039000403215,-0.03929852182582338,0.015676014866331436,-0.05055024969192217,0.05944756046753238,-2.305278075269373,0.01195577697132911,2.2621234100652696,0.8348228624353665,0.6507042803753545,0.5699694189310023,0.018104433977696455,0.0011755427499458848,-0.0601838855160558,0.009718195855317191,0.990234375,0.6507042803753545,0.5699694189310023,0.018104433977696455,0.0011755427499458848,-0.0601838855160558,0.009718195855317191,-1.0,0.007137055784623921,0.29824631860374645,0.8984041501888405,0.05518606345497614,0.18896035742495804,0.9024998346667725,0.0,0.0,0.0,0,0.0615
14,0,0.0,-0.14809714477184716,0.046057395825805626,1.1832415117700241,0.9999120722101567,0.010032924485530226,0.007809994421036647,-0.0037672618438717924,0.03939440201491489,-0.03932450961113285,0.01869537410988088,-0.030333388111792276,0.06971261313317163,-2.2833018186057736,0.010971897854993702,2.269508419928525,0.8471765311103566,0.6806986761670438,0.5793535744109941,0.006557529236828841,0.0008486422475329214,-0.05767887192981694,0.009577204640871195,0.99072265625,0.6806986761670438,0.5793535744109941,0.006557529236828841,0.0008486422475329214,-0.05767887192981694,0.009577204640871195,-1.0,0.007137055784623921,0.29824631860374645,0.8984041501888503,0.05518606345497614,0.18896035742495804,0.9024998346667815,0.0,0.0,0.0,0,0.0603
15,0,0.0,-0.13984454058147391,0.05357662292859096,1.1830199684684914,0.9998559210810383,0.010767212303721851,0.012431630446847322,-0.0042022354559706,0.03942450835553603,-0.03934929591632603,0.021689905268247555,-0.008903918336969767,0.07985968249637901,-2.2603927421194103,0.008967955050090645,2.277360649425618,0.8601258691671396,0.7069951327515384,0.5898638285485849,-0.007703147742395888,-0.00018439554703809924,-0.05753840387825215,0.006717097147824064,0.98876953125,0.7069951327515384,0.5898638285485849,-0.007703147742395888,-0.00018439554703809924,-0.05753840387825215,0.006717097147824064,-1.0,0.007137055784623921,0.29824631860374645,0.898404150188853,0.05518606345497614,0.18896035742495804,0.9024998346667837,0.0,0.0,0.0,0,0.0606
16,1,0.4831,-0.1313165388770403,0.06118993498024373,1.182535670956307,0.9997772320407046,0.011402058139105942,0.01714673307610954,-0.0046334553019646355,0.03945339238380357,-0.0393729518636913,0.02467640565966209,0.013834073516305624,0.0898386663971643,-2.2363350742960457,0.00587317115258542,2.285517918061726,0.8737581515698776,0.617833709644736,0.6097582381661677,-0.00196446446437204,0.0005249624397250102,-0.046722363907762854,0.011410090428669,1.0029296875,0.617833709644736,0.6097582381661677,-0.00196446446437204,0.0005249624397250102,-0.046722363907762854,0.011410090428669,-1.0,0.007137055784623921,0.29824631860374645,0.898404150188853,0.05518606345497614,0.18896035742495804,0.9024998346667837,0.0,0.0,0.0,0,0.0491
17,0,0.0,-0.12316233992197771,0.06900521992869404,1.1819214234208955,0.9996903964511122,0.012114770633658123,0.0211415503507112,-0.005037700336419035,0.03948159585178523,-0.03939503607253763,0.027754776491834266,0.03652663461862084,0.09987277731401954,-2.21188786332476,0.0019851773599178684,2.291655902076986,0.8878028500346284,0.6461845768998945,0.6236467882765555,-0.004119256678599803,-1.4503906621513019e-05,-0.053160482937816,0.010403010325483408,0.9990234375,0.6461845768998945,0.6236467882765555,-0.004119256678599803,-1.4503906621513019e-05,-0.053160482937816,0.010403010325483408,-1.0,0.007137055784623921,0.29824631860374645,0.898404150188853,0.05518606345497614,0.18896035742495804,0.9024998346667837,0.0,0.0,0.0,0,0.0477
18,0,0.0,-0.11515610974661725,0.07702426412344013,1.181466069049539,0.9995887767187376,0.012911519702168195,0.025018214375693286,-0.005446013805439021,0.03950863711875617,-0.03941612652548065,0.030941845653945102,0.059058362487490836,0.1098929247939867,-2.1867993775581227,-0.002742407946603162,2.2968152800209793,0.9022505398622773,0.6654960372041326,0.6281511829069515,-0.0007511122907833956,-0.00045010285195504207,-0.0524113199961371,0.008026301281965353,0.99609375,0.6654960372041326,0.6281511829069515,-0.0007511122907833956,-0.00045010285195504207,-0.0524113199961371,0.008026301281965353,-1.0,0.007137055784623921,0.29824631860374645,0.898404150188853,0.05518606345497614,0.18896035742495804,0.9024998346667837,0.0,0.0,0.0,0,0.05
19,0,0.0,-0.10696236615313742,0.08513317298897508,1.1810237639120886,0.9994649030914448,0.013609403915153973,0.029161920483657525,-0.0058544006683863056,0.0395344466141251,-0.03943638588215937,0.03421617111969092,0.08217543605475632,0.11968525551411216,-2.1607311858219003,-0.008521464554840407,2.302003150703607,0.9173256463548677,0.6786442654963801,0.6285265491261511,-0.0114439454796319,-0.0010801512340687103,-0.051615334370603255,0.004481379318752005,0.99658203125,0.6786442654963801,0.6285265491261511,-0.0114439454796319,-0.0010801512340687103,-0.051615334370603255,0.004481379318752005,-1.0,0.007137055784623921,0.29824631860374645,0.898404150188853,0.05518606345497614,0.18896035742495804,0.9024998346667837,0.0,0.0,0.0,0,0.0485
20,0,0.0,-0.09863269267576537,0.0932523185024004,1.1804677473989669,0.9993237942169586,0.014112719649956806,0.033373712005603344,-0.006243460808684969,0.039559057525986326,-0.03945586981957403,0.03758544422023559,0.10605755932735686,0.129128332330694,-2.133673232181549,-0.015362452226294626,2.306985601795304,0.9330811503111391,0.6843966153742383,0.6292772815645507,-0.02711321645905518,-0.0007959249351727066,-0.055384560420925266,0.0024873607144444976,0.9951171875,0.6843966153742383,0.6292772815645507,-0.02711321645905518,-0.0007959249351727066,-0.055384560420925266,0.0024873607144444976,-1.0,0.007137055784623921,0.29824631860374645,0.898404150188853,0.05518606345497614,0.18896035742495804,0.9024998346667837,0.0,0.0,0.0,0,0.0501
21,0,0.0,-0.09016195525068431,0.10137085038562695,1.1797545479789968,0.9991642396512428,0.014430354659933087,0.037665668454155865,-0.0066245366964748365,0.039582646559731455,-0.0394744863794608,0.0410847564672004,0.1307584090551166,0.13818662567451356,-2.105639177424623,-0.023239185583571874,2.311856738144313,0.949441063803994,0.6930251401910256,0.6270250842493525,-0.046526851236474376,-0.0007697567915066483,-0.06257184239265734,0.0017622630401508688,0.994140625,0.6930251401910256,0.6270250842493525,-0.046526851236474376,-0.0007697567915066483,-0.06257184239265734,0.0017622630401508688,-1.0,0.007137055784623921,0.29824631860374645,0.898404150188853,0.05518606345497614,0.18896035742495804,0.9024998346667837,0.0,0.0,0.0,0,0.0524
22,0,0.0,-0.08151370589611792,0.10947800702418595,1.1788813297152843,0.9989782977275037,0.014634753756843144,0.042180518933459005,-0.006999176697184655,0.03960517908599916,-0.039492351205715384,0.04475132495132229,0.15627077926914953,0.14681483034880616,-2.076692096861084,-0.03220119394454061,2.31694378626888,0.9662561012370571,0.701653665007813,0.6266497180301529,-0.060106410610539784,-0.0010576063718333306,-0.06673906125574627,0.0013392893968129094,0.994140625,0.701653665007813,0.6266497180301529,-0.060106410610539784,-0.0010576063718333306,-0.06673906125574627,0.0013392893968129094,-1.0,0.007137055784623921,0.29824631860374645,0.898404150188853,0.05518606345497614,0.18896035742495804,0.9024998346667837,0.0,0.0,0.0,0,0.0497
23,0,0.0,-0.07270766398226644,0.11756229372031876,1.1778257251547453,0.9987608302679296,0.014784942184853989,0.04694783317581909,-0.0073559749320187915,0.03962673807232147,-0.039509458903114636,0.04862831341307385,0.18254773134599597,0.15497996531098798,-2.0469286295737725,-0.04226682767831826,2.322318090987751,0.9834089917412362,0.7094604255563347,0.6213945909613574,-0.08963339370330814,-0.0024863870160003604,-0.06636447978490681,0.0008659617483156856,0.99365234375,0.7094604255563347,0.6213945909613574,-0.08963339370330814,-0.0024863870160003604,-0.06636447978490681,0.0008659617483156856,-1.0,0.007137055784623921,0.29824631860374645,0.898404150188853,0.05518606345497614,0.18896035742495804,0.9024998346667837,0.0,0.0,0.0,0,0.0549
24,1,0.5086,-0.06381214807481646,0.1255868622105919,1.1764604234227303,0.998516002788002,0.014895664231121375,0.051819248099155085,-0.007660084191542852,0.039647225894109676,-0.03952598136099905,0.052755522800292,0.2096934125826835,0.16261769710797286,-2.0164446710365964,-0.053437733678521886,2.3278483473263427,1.000829791317105,0.6289275272663198,0.6142626327965637,-0.06310190164893659,0.00011432387758064655,-0.040331067561564654,0.00024157208434058552,1.0078125,0.6289275272663198,0.6142626327965637,-0.06310190164893659,0.00011432387758064655,-0.040331067561564654,0.00024157208434058552,-1.0,0.007137055784623921,0.29824631860374645,0.898404150188853,0.05518606345497614,0.18896035742495804,0.9024998346667837,0.0,0.0,0.0,0,0.0495
25,0,0.0,-0.05551286409850794,0.13360017180589973,1.1748612907558995,0.9983017068271389,0.01495890486765461,0.05574540138986293,-0.007898324826383387,0.03966707972867473,-0.03954155217611378,0.0571750277222204,0.2364849869489298,0.1699608688829956,-1.985976399723262,-0.06477525928673067,2.3309034605726024,1.0181980489306757,0.6601545694604073,0.6341570424141463,-0.08529706381915281,4.9909985479559826e-05,-0.04070564903240409,-0.0003324635744751947,1.0048828125,0.6601545694604073,0.6341570424141463,-0.08529706381915281,4.9909985479559826e-05,-0.04070564903240409,-0.0003324635744751947,-1.0,0.007137055784623921,0.29824631860374645,0.898404150188853,0.05518606345497614,0.18896035742495804,0.9024998346667837,0.0,0.0,0.0,0,0.0505
26,0,0.0,-0.04747544242275625,0.14170046148747148,1.1732720548735238,0.9980951732610297,0.014962555243849873,0.05927582908407432,-0.00827787049936269,0.0396862954774058,-0.03955624293014412,0.061920722889867094,0.26329009736701053,0.1770002417036684,-1.9548251133598595,-0.07604623419263201,2.3325742487637906,1.0353524482060728,0.6798769118987783,0.6337816761949466,-0.10389763674329289,-6.845054125616257e-05,-0.037018362678828215,-0.0004835255899530433,1.001953125,0.6798769118987783,0.6337816761949466,-0.10389763674329289,-6.845054125616257e-05,-0.037018362678828215,-0.0004835255899530433,-1.0,0.007137055784623921,0.29824631860374645,0.898404150188853,0.05518606345497614,0.18896035742495804,0.9024998346667837,0.0,0.0,0.0,0,0.0469
27,0,0.0,-0.03927160547268609,0.14983034904714976,1.1714153607388278,0.9978714697314025,0.014923902583980353,0.06287168358560169,-0.008772595446352567,0.039704534733922124,-0.03957045730196243,0.06703178452335144,0.2911928433201422,0.1835308516281441,-1.9224165233045984,-0.08772253131866906,2.334107873471005,1.052354766572399,0.6934360223251584,0.6232714220573559,-0.11998770289239569,9.338936264778608e-05,-0.036561841511242615,-0.0007957204219405933,0.99853515625,0.6934360223251584,0.6232714220573559,-0.11998770289239569,9.338936264778608e-05,-0.036561841511242615,-0.0007957204219405933,-1.0,0.007137055784623921,0.29824631860374645,0.898404150188853,0.05518606345497614,0.18896035742495804,0.9024998346667837,0.0,0.0,0.0,0,0.0474
28,0,0.0,-0.0309079564114228,0.15787750522324587,1.1692601630694321,0.9976351646009674,0.014834775143356183,0.06646539751458493,-0.009292939861724057,0.03972176960329712,-0.03958428591704253,0.07251335974748217,0.32019846102615723,0.1894172563582581,-1.8886748531607835,-0.09984620690584124,2.335298447671787,1.0690899930017663,0.7041189578126094,0.6165148301117618,-0.14395163119957,0.00035426562565715747,-0.03611702601462077,-0.0010877736518644099,0.99560546875,0.7041189578126094,0.6165148301117618,-0.14395163119957,0.00035426562565715747,-0.03611702601462077,-0.0010877736518644099,-1.0,0.007137055784623921,0.29824631860374645,0.898404150188853,0.05518606345497614,0.18896035742495804,0.9024998346667837,0.0,0.0,0.0,0,0.056
29,0,0.0,-0.022397468872236766,0.16581667810786108,1.1668029549168901,0.9973860848727985,0.014707574726671113,0.07005770835859307,-0.009828654399821942,0.0397382001124517,-0.03959758845667471,0.07839000114673296,0.35027515229763767,0.19462712735043763,-1.8535923750648167,-0.11231131138555957,2.3361172928815974,1.0854292934211363,0.7176780682389895,0.6056292097549711,-0.1730506870011388,0.0002979034700687083,-0.03083776840997718,-0.0013093312745652286,0.9931640625,0.7176780682389895,0.6056292097549711,-0.1730506870011388,0.0002979034700687083,-0.03083776840997718,-0.0013093312745652286,-1.0,0.007137055784623921,0.29824631860374645,0.898404150188853,0.05518606345497614,0.18896035742495804,0.9024998346667837,0.0,0.0,0.0,0,0.0588
30,0,0.0,-0.013782132862589627,0.1736373067715281,1.163933445034271,0.9971318908451443,0.014544752882339418,0.07354367637011928,-0.010381237360978485,0.03975379107664031,-0.03961045709092952,0.08468670119660499,0.3815372252166074,0.19914048385921224,-1.8171650746790602,-0.12494103202309993,2.3364839566371005,1.1012392694243918,0.7279501215923075,0.5943682231789811,-0.19324885514575718,0.0003107862484889312,-0.021256676726161744,-0.0012992604735333757,0.9931640625,0.7279501215923075,0.5943682231789811,-0.19324885514575718,0.0003107862484889312,-0.021256676726161744,-0.0012992604735333757,-1.0,0.007137055784623921,0.29824631860374645,0.898404150188853,0.05518606345497614,0.18896035742495804,0.9024998346667837,0.0,0.0,0.0,0,0.0562
31,0,0.0,-0.005126156216321228,0.18132586385009145,1.1606039912735864,0.996886227443881,0.014346117740946851,0.07675906431795661,-0.010958306598216113,0.03976861629300998,-0.03962287261537072,0.09141189047601143,0.413987294265093,0.20296312001676917,-1.7793163775501477,-0.13743099585323126,2.3360452788229615,1.1163093639618626,0.7382221749456258,0.5804796730685933,-0.2072848702971022,0.0005861556372210308,-0.013443141357869975,-0.0015711721013934865,0.99609375,0.7382221749456258,0.5804796730685933,-0.2072848702971022,0.0005861556372210308,-0.013443141357869975,-0.0015711721013934865,-1.0,0.007137055784623921,0.29824631860374645,0.898404150188853,0.05518606345497614,0.18896035742495804,0.9024998346667837,0.0,0.0,0.0,0,0.057
32,1,0.5177,0.003561370800027115,0.1888620854701704,1.1568972152848627,0.9966528309914852,0.014103050295650288,0.07968755439465006,-0.011581542367703028,0.03978264741632169,-0.03963491562118884,0.09855864495328658,0.4475104311260304,0.20608870942764806,-1.7398990243522656,-0.14950158591547555,2.334582915468811,1.1304375956076727,0.590715488791976,0.531306698353436,-0.2400355723169071,2.404740055014787e-06,-0.02211119070651424,-0.019546607805659894,1.0078125,0.590715488791976,0.531306698353436,-0.2400355723169071,2.404740055014787e-06,-0.02211119070651424,-0.019546607805659894,-1.0,0.007137055784623921,0.29824631860374645,0.898404150188853,0.05518606345497614,0.18896035742495804,0.9024998346667837,0.0,0.0,0.0,0,0.0339
33,0,0.0,0.011708113866245894,0.19593325329574168,1.1530929392272637,0.996492965086076,0.013356884454136353,0.08175480638377655,-0.011811680862162985,0.03979506491126214,-0.039647456417484975,0.10606559536709008,0.48030014787923736,0.2084031408728972,-1.7003811423939617,-0.16112377727568847,2.330381817393978,1.1445550163729699,0.6170119453764705,0.5361864592030319,-0.2646841842900006,0.0006715040442549641,-0.016984106824399187,-0.01648351072931442,1.00390625,0.6170119453764705,0.5361864592030319,-0.2646841842900006,0.0006715040442549641,-0.016984106824399187,-0.01648351072931442,-1.0,0.007137055784623921,0.29824631860374645,0.898404150188853,0.05518606345497614,0.18896035742495804,0.9024998346667837,0.0,0.0,0.0,0,0.0342
34,0,0.0,0.019446951371343318,0.20284318508983915,1.1492633334623945,0.9963548459632894,0.012229947517082729,0.08357247523124278,-0.011962052203578485,0.03980779274558939,-0.039658618588022526,0.11400642646902032,0.5125850907786327,0.21017774523195898,-1.6608857303820956,-0.1721580624679882,2.325331447093085,1.1585823860912488,0.6235860595225943,0.5065325278862578,-0.30165710224964104,0.001190035875668627,-0.014679552853414268,-0.018089174068830982,1.0048828125,0.6235860595225943,0.5065325278862578,-0.30165710224964104,0.001190035875668627,-0.014679552853414268,-0.018089174068830982,-1.0,0.007137055784623921,0.29824631860374645,0.898404150188853,0.05518606345497614,0.18896035742495804,0.9024998346667837,0.0,0.0,0.0,0,0.0324
35,0,0.0,0.027152519863027108,0.20960466564876126,1.1449919821411803,0.996205247351972,0.011000004311495393,0.08547169746663696,-0.012194014339587344,0.03981939839067224,-0.03966987963942409,0.12235413355267931,0.5456106818566253,0.21124330883620426,-1.6207312361588606,-0.18266582388730995,2.320623109073089,1.171880928757274,0.6186554739130016,0.44516015104711126,-0.34593331264575367,0.0009356010018693739,-0.014978001737712243,-0.028304113440455525,1.0048828125,0.6186554739130016,0.44516015104711126,-0.34593331264575367,0.0009356010018693739,-0.014978001737712243,-0.028304113440455525,-1.0,0.007137055784623921,0.29824631860374645,0.898404150188853,0.05518606345497614,0.18896035742495804,0.9024998346667837,0.0,0.0,0.0,0,0.0333
36,0,0.0,0.03483646601958869,0.2158303063688046,1.1401790477097984,0.996061111800938,0.009365198838109157,0.08731351441458496,-0.012284331857043147,0.03982943101002318,-0.03968173572690057,0.13094531383031627,0.5793284270601473,0.21122313042770552,-1.580012106804633,-0.19267319410047612,2.3159731723617076,1.1846833998375121,0.5927698994626395,0.38622765463276276,-0.38381914215995305,0.000869576762465768,-0.023082761396504087,-0.0414414733865118,1.005859375,0.5927698994626395,0.38622765463276276,-0.38381914215995305,0.000869576762465768,-0.023082761396504087,-0.0414414733865118,-1.0,0.007137055784623921,0.29824631860374645,0.898404150188853,0.05518606345497614,0.18896035742495804,0.9024998346667837,0.0,0.0,0.0,0,0.0328
37,0,0.0,0.04246580296085307,0.22134222034839707,1.1349638034595932,0.9959198384635101,0.00705700141174781,0.0891445086622639,-0.012129742835420374,0.03983836392494619,-0.039693756860713095,0.13965588662170106,0.6132801882713496,0.2100235759959752,-1.5390334485720214,-0.20217855496104328,2.3113034093433114,1.1974247988668187,0.5430531612325792,0.30421013573763434,-0.47647966494769384,0.01597785515477347,-0.03738123847870392,-0.06311383720706612,1.009765625,0.5430531612325792,0.30421013573763434,-0.47647966494769384,0.01597785515477347,-0.03738123847870392,-0.06311383720706612,-1.0,0.007137055784623921,0.29824631860374645,0.898404150188853,0.05518606345497614,0.18896035742495804,0.9024998346667837,0.0,0.0,0.0,0,0.0333
38,0,0.0,0.04993425478169278,0.22614550143531315,1.1292707546163847,0.9957751467698339,0.003689871306831405,0.09096800183283502,-0.0119609601535598,0.039846491259874973,-0.03970569058728497,0.14835795764631,0.6472076481719237,0.20767377939308823,-1.498538482983127,-0.21057219747842493,2.3072871132748,1.2106493284855662,0.5029921531546381,0.2343920189664953,-0.5568158817488877,0.028564329671323996,-0.03941802522639348,-0.07423200154623526,1.0068359375,0.5029921531546381,0.2343920189664953,-0.5568158817488877,0.028564329671323996,-0.03941802522639348,-0.07423200154623526,-1.0,0.007137055784623921,0.29824631860374645,0.898404150188853,0.05518606345497614,0.18896035742495804,0.9024998346667837,0.0,0.0,0.0,0,0.0339
39,0,0.0,0.05707518300644325,0.23031021156407133,1.12283892129837,0.9956274435772631,-0.000732244947286298,0.09262524677827547,-0.012083917924409448,0.03985409815916387,-0.03971729137387238,0.15687215482070319,0.6810416578236441,0.2043352264042814,-1.459351157897796,-0.217110445577092,2.304605127700142,1.2240198363665908,0.4253354298035522,0.18958267654953442,-0.649019948759349,0.03768533679283653,-0.037708997265688465,-0.07310407183066737,1.001953125,0.4253354298035522,0.18958267654953442,-0.649019948759349,0.03768533679283653,-0.037708997265688465,-0.07310407183066737,-1.0,0.007137055784623921,0.29824631860374645,0.898404150188853,0.05518606345497614,0.18896035742495804,0.9024998346667837,0.0,0.0,0.0,0,0.0323
40,1,0.4687,0.06359040458827316,0.2339939833524369,1.1155012751117548,0.9955006709407646,-0.005580839473194155,0.09375566722560735,-0.01253567909379058,0.03986153709640012,-0.03972824104831011,0.16509866281981636,0.7144981265445345,0.20037164594239618,-1.422272654407064,-0.22149300142439504,2.3031057377832553,1.236461219573394,0.1375381749769583,0.23899025515169126,-0.605200194140516,0.011069516576671379,-0.039745784013378,-0.07169415968620751,0.99853515625,0.1375381749769583,0.23899025515169126,-0.605200194140516,0.011069516576671379,-0.039745784013378,-0.07169415968620751,-1.0,0.007137055784623921,0.29824631860374645,0.898404150188853,0.05518606345497614,0.18896035742495804,0.9024998346667837,0.0,0.0,0.0,0,0.0324
41,0,0.0,0.06838032051349227,0.2373395554073834,1.1081678551219325,0.9955187693472393,-0.010147448444667306,0.09322552152715924,-0.01218241779815709,0.039868961199435546,-0.03973841734385812,0.1732941312715141,0.7440750453607661,0.19644832571674606,-1.389812790217994,-0.2250407116414721,2.2985898811337333,1.2483815180957025,0.13535536363937817,0.2030958604407226,-0.650845771868467,0.01627415905843843,-0.04295313785744084,-0.08547101549778666,0.994140625,0.13535536363937817,0.2030958604407226,-0.650845771868467,0.01627415905843843,-0.04295313785744084,-0.08547101549778666,-1.0,0.007137055784623921,0.29824631860374645,0.898404150188853,0.05518606345497614,0.18896035742495804,0.9024998346667837,0.0,0.0,0.0,0,0.0318
42,0,0.0,0.07198893170994043,0.24057846214351894,1.1013330998708641,0.9955475286477506,-0.01491646532101687,0.09238858824063584,-0.01126792033092246,0.03987614201693755,-0.03974808314686987,0.18160076092352348,0.7701001749777773,0.1924123846611644,-1.3615723642795587,-0.22869590441360582,2.2940050569335355,1.2615631289200695,0.14187811751873525,0.14918388720816966,-0.7065333766965674,0.03760804012231525,-0.04157186868372034,-0.10420270541703901,0.9970703125,0.14187811751873525,0.14918388720816966,-0.7065333766965674,0.03760804012231525,-0.04157186868372034,-0.10420270541703901,-1.0,0.007137055784623921,0.29824631860374645,0.898404150188853,0.05518606345497614,0.18896035742495804,0.9024998346667837,0.0,0.0,0.0,0,0.0359
43,0,0.0,0.07526527944283734,0.24363379752147535,1.0940232321295906,0.995477175832967,-0.02072681409505983,0.0920716508753204,-0.010881299471130899,0.03988278223713564,-0.039757573195811545,0.18966218259259665,0.7952633430453593,0.18790192962449012,-1.3362328008504687,-0.23125174558983833,2.2928992899780254,1.2762889857969528,0.07763926386042119,0.10678033433867695,-0.7544612333109161,0.05672608329791501,-0.045551796811389544,-0.1109702837104463,1.0087890625,0.07763926386042119,0.10678033433867695,-0.7544612333109161,0.05672608329791501,-0.045551796811389544,-0.1109702837104463,-1.0,0.007137055784623921,0.29824631860374645,0.898404150188853,0.05518606345497614,0.18896035742495804,0.9024998346667837,0.0,0.0,0.0,0,0.0331
44,0,0.0,0.07803254486850819,0.2464591374379603,1.0860756367677065,0.9953463832976085,-0.027447244608647614,0.09168271490754729,-0.011247480026373113,0.03988904877513387,-0.03976675300786974,0.1971697293928692,0.8194749943851045,0.18318601153958958,-1.3140762515447735,-0.23178503675940654,2.2945284099834278,1.2915802276775792,0.034637880510092756,0.07528366280323417,-0.7914341512705565,0.06357972141746965,-0.048361157842685465,-0.10992292040313327,1.0078125,0.034637880510092756,0.07528366280323417,-0.7914341512705565,0.06357972141746965,-0.048361157842685465,-0.10992292040313327,-1.0,0.007137055784623921,0.29824631860374645,0.898404150188853,0.05518606345497614,0.18896035742495804,0.9024998346667837,0.0,0.0,0.0,0,0.0344
45,0,0.0,0.08024204731356976,0.24896764560698775,1.077694472246892,0.9951620646036123,-0.034469684141723966,0.09119806467951116,-0.012133385667518384,0.03989481692895369,-0.03977577327570493,0.20399344896341345,0.8422768302380776,0.17837544546290765,-1.2954179087570856,-0.23076960814195668,2.298600647780048,1.306483084269515,0.0034108383160053046,0.04684967169885901,-0.8279506134529173,0.06440421923636344,-0.051896270473732825,-0.11290387750856268,1.00390625,0.0034108383160053046,0.04684967169885901,-0.8279506134529173,0.06440421923636344,-0.051896270473732825,-0.11290387750856268,-1.0,0.007137055784623921,0.29824631860374645,0.898404150188853,0.05518606345497614,0.18896035742495804,0.9024998346667837,0.0,0.0,0.0,0,0.032
46,0,0.0,0.08202779188584913,0.25101465175057636,1.0688891427607208,0.9949070915443221,-0.041593296475028796,0.09084581223914237,-0.01330095040844224,0.03990007575962308,-0.039784671006775345,0.2101323673374657,0.8637852073466942,0.17330016240732043,-1.2801651224504218,-0.22886471771842906,2.3053770174716557,1.320919107559788,-0.04584365751315567,0.0282221230710753,-0.874052646958148,0.06589862153310844,-0.05156851168674831,-0.10871442427931054,1.0029296875,-0.04584365751315567,0.0282221230710753,-0.874052646958148,0.06589862153310844,-0.05156851168674831,-0.10871442427931054,-1.0,0.007137055784623921,0.29824631860374645,0.898404150188853,0.05518606345497614,0.18896035742495804,0.9024998346667837,0.0,0.0,0.0,0,0.0331
47,0,0.0,0.08329716141775925,0.25267909044565906,1.0595487882932675,0.9945997715656286,-0.04863955801743636,0.09050466128577363,-0.01464220212310188,0.03990543824728428,-0.03979285899552846,0.21566278803623448,0.8840891984413457,0.16810919517171952,-1.2684449622926892,-0.22634555054373168,2.3146994127865606,1.334825897039752,-0.08898628159709232,0.038122407102466616,-0.9105691091405088,0.05739598777576621,-0.05037453324844754,-0.10379987337576477,1.001953125,-0.08898628159709232,0.038122407102466616,-0.9105691091405088,0.05739598777576621,-0.05037453324844754,-0.10379987337576477,-1.0,0.007137055784623921,0.29824631860374645,0.898404150188853,0.05518606345497614,0.18896035742495804,0.9024998346667837,0.0,0.0,0.0,0,0.032
48,1,0.4635,0.08398596282632685,0.25407452910463413,1.0496348263877684,0.9942573645624773,-0.055371954771946674,0.09016724668350762,-0.016003351634107963,0.03991082209845663,-0.03980044298427777,0.22073957711157985,0.9032852701262337,0.16290799306139447,-1.260215686515148,-0.2237604061070967,2.3264644522857694,1.348251672909123,-0.19571291593806883,0.0202455909130822,-0.5367318275485893,0.0067344616382688655,-0.041478223316010476,-0.0728220894017754,1.0244140625,-0.19571291593806883,0.0202455909130822,-0.5367318275485893,0.0067344616382688655,-0.041478223316010476,-0.0728220894017754,-1.0,0.007137055784623921,0.29824631860374645,0.898404150188853,0.05518606345497614,0.18896035742495804,0.9024998346667837,0.0,0.0,0.0,0,0.0361
49,0,0.0,0.0837376155553714,0.25485080320209674,1.041434049878512,0.9940117655026423,-0.06093774879979136,0.08932251120005619,-0.015769901916246238,0.039915271185481487,-0.0398083988925494,0.22558572656972947,0.9167911374974,0.15768949434969562,-1.256325901165709,-0.22304788138562984,2.334446075026081,1.360681606495594,-0.211531878102179,0.01658577027588537,-0.6138728539088266,0.010096866805945112,-0.041969861496487265,-0.07805890593834057,1.015625,-0.211531878102179,0.01658577027588537,-0.6138728539088266,0.010096866805945112,-0.041969861496487265,-0.07805890593834057,-1.0,0.007137055784623921,0.29824631860374645,0.898404150188853,0.05518606345497614,0.18896035742495804,0.9024998346667837,0.0,0.0,0.0,0,0.0315
50,0,0.0,0.08282593544759533,0.25545116841821924,1.0350290975565077,0.9938032205843903,-0.06568876645285365,0.08847380977983327,-0.014578398438682215,0.03992084721648579,-0.0398146898096503,0.2303599385678058,0.9256904834159843,0.1527200074804946,-1.2560901998283023,-0.2237552228839805,2.3407170988456087,1.3730557126303318,-0.22200937252256359,0.02850364773547498,-0.6531280507548646,0.011507531042958694,-0.042438088335036595,-0.08140241188091679,1.0078125,-0.22200937252256359,0.02850364773547498,-0.6531280507548646,0.011507531042958694,-0.042438088335036595,-0.08140241188091679,-1.0,0.007137055784623921,0.29824631860374645,0.898404150188853,0.05518606345497614,0.18896035742495804,0.9024998346667837,0.0,0.0,0.0,0,0.0307
51,0,0.0,0.08158831675141881,0.25615045421580723,1.0283556760810633,0.9935254169293096,-0.07051594759206925,0.08803741533263067,-0.013570576707818058,0.03992618871006537,-0.03982070595489554,0.23503269260996087,0.933819808685507,0.14792023211420027,-1.2584247091558523,-0.22500755889738971,2.349588616368602,1.3864404330803215,-0.24625141843639464,0.02836288540327514,-0.7060769209192879,0.012319146083432278,-0.0432574853024979,-0.08522931627302212,1.0078125,-0.24625141843639464,0.02836288540327514,-0.7060769209192879,0.012319146083432278,-0.0432574853024979,-0.08522931627302212,-1.0,0.007137055784623921,0.29824631860374645,0.898404150188853,0.05518606345497614,0.18896035742495804,0.9024998346667837,0.0,0.0,0.0,0,0.0313
52,0,0.0,0.07999073366631376,0.2568699683766096,1.02101953823809,0.9931815911988788,-0.07553984906143518,0.08787575482037308,-0.012724379049175286,0.03993099862107287,-0.03982676744947922,0.23958628063639323,0.9418055682174232,0.14320678922661015,-1.263141204004893,-0.22683048364316463,2.361208784568643,1.401011874671417,-0.27727301956341577,0.023060837557079772,-0.7380288253288536,0.009910066518851984,-0.048571859920032656,-0.08740460929590303,1.0029296875,-0.27727301956341577,0.023060837557079772,-0.7380288253288536,0.009910066518851984,-0.048571859920032656,-0.08740460929590303,-1.0,0.007137055784623921,0.29824631860374645,0.898404150188853,0.05518606345497614,0.18896035742495804,0.9024998346667837,0.0,0.0,0.0,0,0.0322
53,0,0.0,0.07801939843435773,0.2574917149707468,1.0130907901201864,0.9927745346128363,-0.08073153503176667,0.08797782108476149,-0.011876265105542093,0.03993537256354261,-0.03983279986040037,0.24402647547488904,0.9495062139677838,0.13846115216905716,-1.2702237881068217,-0.22950307551074978,2.3752744838192656,1.4168274564887529,-0.30233682974551224,0.019166413032883134,-0.7645032604110653,0.009021154807857118,-0.05072570337735954,-0.08974103513529365,1.0029296875,-0.30233682974551224,0.019166413032883134,-0.7645032604110653,0.009021154807857118,-0.05072570337735954,-0.08974103513529365,-1.0,0.007137055784623921,0.29824631860374645,0.898404150188853,0.05518606345497614,0.18896035742495804,0.9024998346667837,0.0,0.0,0.0,0,0.0483
54,0,0.0,0.07566356031836095,0.258015364768676,1.0047184948256247,0.9923027923607862,-0.08604299668059356,0.08837844575201013,-0.011000969124031545,0.039939587148036755,-0.03983854596784858,0.24838385877100827,0.9567606665005023,0.1336887500336602,-1.2796307184257982,-0.23314823252501451,2.391610231111757,1.433926723216559,-0.3208265257814851,0.018603363704083664,-0.7759146548430531,0.007211124439816835,-0.05243473133806456,-0.08535016588540438,1.0068359375,-0.3208265257814851,0.018603363704083664,-0.7759146548430531,0.007211124439816835,-0.05243473133806456,-0.08535016588540438,-1.0,0.007137055784623921,0.29824631860374645,0.898404150188853,0.05518606345497614,0.18896035742495804,0.9024998346667837,0.0,0.0,0.0,0,0.0347
55,0,0.0,0.07292527360592013,0.2584982873295494,0.9959985826215305,0.9917769801755478,-0.09129415019111242,0.08910987739679624,-0.01016019119309633,0.03994369516513011,-0.039843971105557756,0.25268408070447457,0.9635680397798206,0.12895447606476146,-1.291177619731611,-0.23779848151230287,2.410140424114715,1.4520096334020156,-0.320210202580286,0.026063767310677166,-0.7603951584155497,0.005188528227843006,-0.05568890786598232,-0.08494733384413014,1.005859375,-0.320210202580286,0.026063767310677166,-0.7603951584155497,0.005188528227843006,-0.05568890786598232,-0.08494733384413014,-1.0,0.007137055784623921,0.29824631860374645,0.898404150188853,0.05518606345497614,0.18896035742495804,0.9024998346667837,0.0,0.0,0.0,0,0.0338
56,1,0.4644,0.06993150820437954,0.25895497850742616,0.9871477410864051,0.9911861849622627,-0.09641702061639118,0.09035885804075092,-0.0094330084799952,0.03994766870235546,-0.03984912070753416,0.2569533488934428,0.9699300292862376,0.12420699520272277,-1.304410459227081,-0.24353168564766456,2.430836295011536,1.4710105235417763,-0.14044926889721676,0.01433357296068738,-0.2982336839200447,-0.00011917648128575986,-0.027220716082183682,-0.049477972609932974,0.64794921875,-0.14044926889721676,0.01433357296068738,-0.2982336839200447,-0.00011917648128575986,-0.027220716082183682,-0.049477972609932974,-1.0,0.007137055784623921,0.29824631860374645,0.898404150188853,0.05518606345497614,0.18896035742495804,0.9024998346667837,0.0,0.0,0.0,0,0.0358
57,0,0.0,0.06722652913887658,0.2595420136895773,0.9804124433114312,0.9905738249397658,-0.10068080647138639,0.09244537075401271,-0.008984763693380436,0.03995233960614159,-0.039853177927792235,0.2609501000206597,0.9730374002762523,0.11997518457026467,-1.3180869648484186,-0.24971542863543555,2.450433422606072,1.488573775820253,-0.20413599968778984,-0.021607742527681273,-0.3425098943161573,0.00354919467387059,-0.023908011199447243,-0.04917584857897728,0.603515625,-0.20413599968778984,-0.021607742527681273,-0.3425098943161573,0.00354919467387059,-0.023908011199447243,-0.04917584857897728,-1.0,0.007137055784623921,0.29824631860374645,0.898404150188853,0.05518606345497614,0.18896035742495804,0.9024998346667837,0.0,0.0,0.0,0,0.0358
58,0,0.0,0.06456004392967224,0.2599845561563286,0.9755805793593356,0.9900537809514068,-0.10412278492246907,0.0942291717710707,-0.008533444272404225,0.03995548747059146,-0.039858379018556205,0.2643629841537928,0.9731689101162938,0.11636296326485424,-1.332217771726539,-0.25518777998663345,2.466853943151671,1.503729067655303,-0.2452242131010628,-0.037748489953267184,-0.3762876218348411,0.0018261230601667733,-0.024569381608898183,-0.051713690439005006,0.783203125,-0.2452242131010628,-0.037748489953267184,-0.3762876218348411,0.0018261230601667733,-0.024569381608898183,-0.051713690439005006,-1.0,0.007137055784623921,0.29824631860374645,0.898404150188853,0.05518606345497614,0.18896035742495804,0.9024998346667837,0.0,0.0,0.0,0,0.0372
59,0,0.0,0.061630638552602354,0.2600307466639005,0.9709203081688934,0.9895918809589032,-0.10744138041571832,0.09539819362415175,-0.007965147069106386,0.03995823458040025,-0.03986362152660424,0.2672744613561032,0.9725041777135184,0.11288714723785485,-1.3471483505367308,-0.26012733604466365,2.482135423779077,1.5179271255576763,-0.27193155181969025,-0.07284523144843646,-0.4369962402130161,0.0042416440139571715,-0.031177232867925453,-0.05473493074856184,0.888671875,-0.27193155181969025,-0.07284523144843646,-0.4369962402130161,0.0042416440139571715,-0.031177232867925453,-0.05473493074856184,-1.0,0.007137055784623921,0.29824631860374645,0.898404150188853,0.05518606345497614,0.18896035742495804,0.9024998346667837,0.0,0.0,0.0,0,0.036
60,0,0.0,0.058564015293216684,0.2596473748854426,0.9660032057028058,0.9891235179648357,-0.11084151966260258,0.09640763106218733,-0.0073751203873420115,0.039960731941324774,-0.039868770907860555,0.2698047536754769,0.9719168155696782,0.10922190112274104,-1.362746869749555,-0.2650121559215458,2.4979140585588766,1.531956680338392,-0.2608377341981066,-0.07894493251043122,-0.47921839961137086,0.004988845162329669,-0.05030429922266516,-0.05606427648476686,0.90771484375,-0.2608377341981066,-0.07894493251043122,-0.47921839961137086,0.004988845162329669,-0.05030429922266516,-0.05606427648476686,-1.0,0.007137055784623921,0.29824631860374645,0.898404150188853,0.05518606345497614,0.18896035742495804,0.9024998346667837,0.0,0.0,0.0,0,0.0349
61,0,0.0,0.05567660897274484,0.2588947399115081,0.960737453378773,0.9885712715377817,-0.11431062464047942,0.09803321539113324,-0.007029286204980292,0.03996344046142536,-0.039873381081250464,0.2720960677252471,0.9720969615217934,0.10506350118527363,-1.378498612382031,-0.27045185638141056,2.5160378823205214,1.546300255597389,-0.28179272303887576,-0.0998715992308129,-0.523951065784763,0.008673319790511294,-0.057959808032946536,-0.060696844959420654,0.90771484375,-0.28179272303887576,-0.0998715992308129,-0.523951065784763,0.008673319790511294,-0.057959808032946536,-0.060696844959420654,-1.0,0.007137055784623921,0.29824631860374645,0.898404150188853,0.05518606345497614,0.18896035742495804,0.9024998346667837,0.0,0.0,0.0,0,0.0464
62,0,0.0,0.05303590413502017,0.25787826445895395,0.9552888561983487,0.9878954769305698,-0.11797657910464582,0.10047047446743249,-0.0070524607886234825,0.03996634659693849,-0.04005293376824037,0.27425105081075235,0.9728836619556125,0.10039486136871119,-1.3942989405867803,-0.27653959357944136,2.5366436680648037,1.5614611175123676,-0.2598105288627747,-0.0906751268604209,-0.5271462562257195,0.004267409570797603,-0.06908019544849286,-0.06871320258077811,0.7998046875,-0.2598105288627747,-0.0906751268604209,-0.5271462562257195,0.004267409570797603,-0.06908019544849286,-0.06871320258077811,-1.0,0.0065365243748212705,0.2982171284344551,0.8983012435125891,0.05518606345497614,0.18896035742495804,0.9024998346667837,9.888761270685414,0.0,0.0,1,0.044
63,0,0.0,0.052016010863999776,0.2568587422022394,0.951700750446638,0.9868340589381887,-0.1224626688903856,0.10531757866362534,-0.008345206543489109,0.039970833442173725,-0.04019910365546154,0.27620708621499834,0.9731695109506033,0.09511263020651625,-1.4073165798778675,-0.28287477816472933,2.559635561665569,1.577997669972215,-0.2347467186806782,-0.06796547059884073,-0.5125396713527752,-0.00011354026572692189,-0.06968889033860698,-0.06766583927346508,0.229736328125,-0.2347467186806782,-0.06796547059884073,-0.5125396713527752,-0.00011354026572692189,-0.06968889033860698,-0.06766583927346508,1.0,0.005803448460090381,0.2981941167193111,0.8975402552756251,0.05518606345497614,0.18896035742495804,0.9024998346667837,20.236954547414527,0.0,0.0,3,0.0437
64,1,0.4661,0.05231766223049629,0.2561702301382184,0.94991742987742,0.985500292355834,-0.12740984945170647,0.11155952151857385,-0.010506054816372935,0.039557680885701545,-0.04023043836682528,0.2781874981520963,0.9732247139761008,0.0898488303050735,-1.416804515421703,-0.28912288472256237,2.581910346473191,1.595083056818484,-0.0621762223449317,-0.02170158408248113,-0.27723671816518725,-0.001439258682532224,-0.0067592032375784206,-0.04101849974317384,0.152587890625,-0.0621762223449317,-0.02170158408248113,-0.27723671816518725,-0.001439258682532224,-0.0067592032375784206,-0.04101849974317384,1.0,0.005494151735812095,0.2983337709243514,0.8975410986633247,0.05518606345497614,0.18896035742495804,0.9024998346667837,20.985108746440197,0.0,0.0,3,0.0427
65,0,0.0,0.05275808123420406,0.2561034616765002,0.948806597691296,0.9842881319923065,-0.1316644182343492,0.11695346782599045,-0.012776562666883519,0.03743067096418761,-0.03997807839113904,0.280128907350906,0.9735599567353338,0.08582103812488541,-1.4233629764145244,-0.2941522704309886,2.60004471216539,1.609786659837277,-0.09576583681028239,-0.04159599370006384,-0.31215558512706987,0.00012881700330338863,-0.014462997940585198,-0.03916547235331233,0.104248046875,-0.09576583681028239,-0.04159599370006384,-0.31215558512706987,0.00012881700330338863,-0.014462997940585198,-0.03916547235331233,1.0,0.005287969918438903,0.29845044997565345,0.8980105064604851,0.05518606345497614,0.18896035742495804,0.9024998346667837,15.106282882921661,0.0,0.0,3,0.0424
66,0,0.0,0.05328442703762343,0.2562236261347798,0.947988865654432,0.9832953361482385,-0.13517188370310623,0.12100555387539734,-0.014713928659048955,0.03404245731151717,-0.0386216330923545,0.2817659820057439,0.974599857271579,0.08274336977832454,-1.4268966728859185,-0.29754289349498114,2.6132894138247824,1.6212688491980676,-0.13531324222055763,-0.07087455879763827,-0.3678431899551702,0.0006070901521538774,-0.020299738124876565,-0.044623846512578336,0.480712890625,-0.13531324222055763,-0.07087455879763827,-0.3678431899551702,0.0006070901521538774,-0.020299738124876565,-0.044623846512578336,1.0,0.005159785017418511,0.29852840294781313,0.898578480881712,0.05518606345497614,0.18896035742495804,0.9024998346667837,14.243098020855854,0.0,0.0,2,0.04
67,0,0.0,0.05396486336428673,0.25633277557125933,0.94722301025926,0.9823860349257953,-0.13856623889673236,0.12430188045275493,-0.016313133871051225,0.029948759436577408,-0.03663750035078735,0.28329867869728925,0.9764556756733419,0.07997788492741642,-1.4281271324403804,-0.3000853319931521,2.6234567462802265,1.631526237672067,-0.16366410947571597,-0.07059303413323847,-0.4075548425784876,0.001246398031257076,-0.024990785763592566,-0.04313336795986361,0.11956787109375,-0.16366410947571597,-0.07059303413323847,-0.4075548425784876,0.001246398031257076,-0.024990785763592566,-0.04313336795986361,1.0,0.005071486349454288,0.2985775557594355,0.8991802166902934,0.05518606345497614,0.18896035742495804,0.9024998346667837,14.766963163005364,0.0,0.0,2,0.0439
68,0,0.0,0.05478876493386837,0.25652803458811974,0.9465053458490724,0.9814973119954525,-0.14201141707391224,0.12720556092076013,-0.017734972150920257,0.0254626026390812,-0.03395108873452379,0.2848837927612619,0.9789743497561191,0.0774101609796148,-1.4276387532515258,-0.3022125697481265,2.6317035163692424,1.6414176868315609,-0.1548301435918623,-0.0650563824000433,-0.4246719342264693,0.0006119211940614627,-0.03690130596919089,-0.04184430542778603,0.0283966064453125,-0.1548301435918623,-0.0650563824000433,-0.4246719342264693,0.0006119211940614627,-0.03690130596919089,-0.04184430542778603,1.0,0.00388136830228702,0.2981245201006395,0.9012808199678316,0.05613844296962099,0.18834928854124836,0.9028752748438805,13.49554518124832,0.0,0.0,2,0.0397
69,0,0.0,0.05498610118372283,0.2563372806829902,0.9444332428472818,0.9807938883734407,-0.14512851788371856,0.12903502486428065,-0.01819407003546812,0.020726189602428797,-0.027618632041520225,0.286609758050765,0.9830692124569711,0.07448378524966451,-1.4273878496249348,-0.3048528058005603,2.6387424510558053,1.65098531513147,-0.1470233830433404,-0.06881004459203999,-0.4442995326494883,-8.159545500374676e-07,-0.03838792618158496,-0.04204572144842317,0.01279449462890625,-0.1470233830433404,-0.06881004459203999,-0.4442995326494883,-8.159545500374676e-07,-0.03838792618158496,-0.04204572144842317,1.0,-0.007052334492524253,0.2929452265066722,0.9104887441262451,0.05640815868534823,0.18821077757022886,0.9027814153554954,0.0,0.0,0.0,0,0.0359
70,0,0.0,0.05414359190787829,0.25553766082089935,0.9401274879569221,0.980305066179682,-0.1477427305346049,0.12986330758474723,-0.01759500326161377,0.015879188727050998,-0.01984669687665265,0.28854275937261387,0.9891839248452028,0.07079766194371681,-1.4288062380123392,-0.30872155027069736,2.6468503864752697,1.6607844155415186,-0.14743426517747316,-0.07218834056483714,-0.4513745971973207,-0.0002810163851897224,-0.04281266980587603,-0.043838324032093534,0.0097503662109375,-0.14743426517747316,-0.07218834056483714,-0.4513745971973207,-0.0002810163851897224,-0.04281266980587603,-0.043838324032093534,1.0,-0.0077611087113208885,0.29286164715506474,0.911138366987388,0.056566046724349624,0.1882323758347568,0.9024247961199382,0.0,0.0,0.0,0,0.0438
71,0,0.0,0.05325728355970033,0.25451266463587086,0.9353582152727273,0.9797514331963927,-0.15029789266151444,0.13117960985381832,-0.017017125777329258,0.012206873929909481,-0.014079228973103161,0.2906132105250991,0.9958394685513331,0.06643368323359036,-1.4308020523027554,-0.3134997845437874,2.6570049306145407,1.6714087035893335,-0.17249807535956962,-0.07106224190723809,-0.484695868938725,-0.0011437599525185305,-0.04697988866896499,-0.0480680604654731,0.005229949951171875,-0.17249807535956962,-0.07106224190723809,-0.484695868938725,-0.0011437599525185305,-0.04697988866896499,-0.0480680604654731,1.0,-0.00753460392394249,0.29428020201621646,0.911005661295335,0.05648998823917663,0.18789007903740548,0.9046914833069996,19.23440657975035,0.0,0.0,4,0.0439
72,1,0.4709,0.053427045745305796,0.2531415699832927,0.9319809797037218,0.9789227922308312,-0.15315747618014497,0.13403790637587074,-0.016934993223885947,0.01172181545729166,-0.011997809405847321,0.2924818724352726,1.0013230953228895,0.061218994895092964,-1.4318604993935027,-0.3185190807261862,2.6683786419185735,1.682423346213786,-0.1554464667930614,0.0192602545876831,-0.23626981215435106,-0.014689598874549459,-0.007566894534075996,-0.01846808795765456,0.168212890625,-0.1554464667930614,0.0192602545876831,-0.23626981215435106,-0.014689598874549459,-0.007566894534075996,-0.01846808795765456,1.0,-0.007239071154700084,0.2943082314270809,0.9107708384330185,0.05692685125110582,0.18689308997348197,0.9074250049640696,27.679878979619026,0.0,0.0,4,0.0478
73,0,0.0,0.05373344188810044,0.2523301603490451,0.9305638817588721,0.9782160367887829,-0.1553138204518471,0.13668701931973024,-0.016960580632292013,0.011659166052389161,-0.011007431829112815,0.2942490783832813,1.0033797851935307,0.05724819031897828,-1.4334355557124288,-0.3226874457446344,2.6763204939029377,1.691283164893928,-0.13531324222055763,6.965663109981257e-05,-0.24391544642378293,-0.006425296517981238,-0.012137959045413732,-0.020782483919787986,0.085205078125,-0.13531324222055763,6.965663109981257e-05,-0.24391544642378293,-0.006425296517981238,-0.012137959045413732,-0.020782483919787986,1.0,-0.007042192502306915,0.29435669111324336,0.9113842808538266,0.05713117405590086,0.18648409143399083,0.9082992437414262,26.33559756252399,0.0,0.0,4,0.0442
74,0,0.0,0.05388110084244131,0.2519494882871034,0.9301657655330867,0.9777221073918474,-0.15679426067380747,0.1385334433953367,-0.016838218374545605,0.011623462002549828,-0.010515639869678982,0.29582416952189877,1.003657888304236,0.05441721755882336,-1.435048661203727,-0.3257597281697648,2.6810458446604413,1.6979026222663667,-0.15873352386612316,0.010955276987890339,-0.2701616536173548,-0.005703860926449172,-0.022942293344939274,-0.0250713863092297,0.0419921875,-0.15873352386612316,0.010955276987890339,-0.2701616536173548,-0.005703860926449172,-0.022942293344939274,-0.0250713863092297,1.0,-0.006961844101197131,0.2944429930354607,0.9118284321307433,0.05724195003422942,0.18649523008030858,0.9082893415640886,25.575922057708418,0.0,0.0,4,0.0417
75,0,0.0,0.05404101397062839,0.2516225564704502,0.9297902916475937,0.977269606696056,-0.158256446224253,0.1400683833406317,-0.016729047939019692,0.011586035183790947,-0.010144973226094279,0.2972633580734557,1.0041101534293646,0.05188452914278114,-1.436107995511991,-0.3282431681952414,2.6849002689325436,1.7038841355568015,-0.1295608923426994,0.006075516138294601,-0.30896039468611325,-0.0009613881205073477,-0.022690621419219015,-0.03078656589480805,0.01302337646484375,-0.1295608923426994,0.006075516138294601,-0.30896039468611325,-0.0009613881205073477,-0.022690621419219015,-0.03078656589480805,1.0,-0.006871979150000061,0.29452292944953484,0.9121819713646819,0.057354283890433025,0.1865043304450594,0.9084407559845489,25.374600623349632,0.0,0.0,4,0.0417
76,0,0.0,0.05434414730506468,0.2512126721452038,0.9291024210311198,0.9767696198692033,-0.15994574697344532,0.14162840231629453,-0.01672911781928737,0.011568103276074484,-0.009747355269351426,0.29860637656425537,1.0056133340302702,0.04924382049654749,-1.436213662319798,-0.3304467409621747,2.689049346195556,1.7099735064704937,-0.12052148539177931,-0.00011802647850001069,-0.3326960951046478,-9.099540349154223e-05,-0.030486598281065203,-0.03303235452491196,0.01432037353515625,-0.12052148539177931,-0.00011802647850001069,-0.3326960951046478,-9.099540349154223e-05,-0.030486598281065203,-0.03303235452491196,1.0,-0.006698513325316965,0.2945386544131729,0.9126999371641865,0.05744935240213905,0.18634932581889718,0.9090987230181948,26.084430768497523,0.0,0.0,4,0.042
77,0,0.0,0.054802097122287716,0.25070234172317735,0.928035895901756,0.9762183031800129,-0.16180240437808785,0.14329512726034774,-0.016861582880780233,0.011575102544601892,-0.00932143704306175,0.2998660717567481,1.0082313464416104,0.04642839721051133,-1.4354173692204806,-0.33251098933833106,2.693767278855918,1.7161634430744288,-0.1260683942025712,-0.01119132994489036,-0.3441074895366356,-0.00020210936736590746,-0.03084947408094091,-0.03658734728915716,0.01019287109375,-0.1260683942025712,-0.01119132994489036,-0.3441074895366356,-0.00020210936736590746,-0.03084947408094091,-0.03658734728915716,1.0,-0.006425222476114822,0.2945163329463149,0.9133178789072197,0.057534540379074524,0.18608240431232728,0.9097296196246679,26.711112042956035,0.0,0.0,4,0.0453
78,0,0.0,0.05529000076038014,0.25015620192636173,0.9268209695533371,0.9756407158159367,-0.1637600387907689,0.14497906317606996,-0.016997487402576013,0.011579885968813913,-0.008964357785260568,0.3011386116702949,1.0112243394793439,0.04352790833300075,-1.434326057307828,-0.33461664304852207,2.69856428015843,1.72260949398755,-0.11076303470612703,-0.01935554521248317,-0.3454768568684742,-0.0001771489841767282,-0.026863693117789827,-0.032780584499115556,0.0123748779296875,-0.11076303470612703,-0.01935554521248317,-0.3454768568684742,-0.0001771489841767282,-0.026863693117789827,-0.032780584499115556,1.0,-0.006077976227962598,0.29446665553824397,0.9140638223264769,0.05761771544452662,0.1857949066488238,0.9104230743858498,29.445691609925788,0.0,0.0,5,0.0458
79,0,0.0,0.055778199158343936,0.24964237001689066,0.9255769280625146,0.9750660935199718,-0.16569420482761799,0.14662179765962774,-0.01713453253820927,0.011597314767992573,-0.008669732115174697,0.30240887609400424,1.0143614972112154,0.04068421693829235,-1.4330196217248583,-0.33669491545900476,2.703213279219832,1.7289875497265337,-0.13182074408042943,-0.029208908466474615,-0.379254584387158,-0.0012297122397909033,-0.03274579277706566,-0.03540906356842999,0.0102386474609375,-0.13182074408042943,-0.029208908466474615,-0.379254584387158,-0.0012297122397909033,-0.03274579277706566,-0.03540906356842999,1.0,-0.005681564486253969,0.29438796791258104,0.9148739166092329,0.05767664778336969,0.18556051916054908,0.911137345902504,33.08425612423399,0.0,0.0,5,0.0429
80,1,0.4657,0.056341232505678907,0.24894701282862156,0.9242296867995206,0.9744815944886658,-0.1676372076990626,0.14828690274101727,-0.017157595203420264,0.011608762510312353,-0.008470819474604626,0.3036108219379178,1.0178088364654752,0.037620066184622526,-1.4314224138304628,-0.33881735177450667,2.7078176737766095,1.7353020938950814,-0.12730104060496938,0.020198670135682217,-0.20078037547086913,-0.0012113945392246556,-0.0020652291811215084,-0.04081708372253673,0.117919921875,-0.12730104060496938,0.020198670135682217,-0.20078037547086913,-0.0012113945392246556,-0.0020652291811215084,-0.04081708372253673,1.0,-0.005118386057566358,0.2942760784116503,0.9165933644010669,0.05774235799179051,0.18531368269675028,0.9115662171027905,36.08628065017751,0.0,0.0,5,0.0524
81,0,0.0,0.05656479246790999,0.24868113097057448,0.9235611024145123,0.9739542952168758,-0.1697599468387465,0.14933073643709047,-0.017173305827926047,0.011594498502896974,-0.008313784353802077,0.3048824188807523,1.019263030175374,0.03548708584676152,-1.4309621861727413,-0.3402774300674475,2.7102826746981648,1.7416733637094295,-0.10655149283126653,-0.0028394315676976145,-0.22634189899852175,-0.00021418697213484994,-0.0031831207581579923,-0.03853101188830538,0.0894775390625,-0.10655149283126653,-0.0028394315676976145,-0.22634189899852175,-0.00021418697213484994,-0.0031831207581579923,-0.03853101188830538,1.0,-0.0048449205179616804,0.29428563957870607,0.9169865865284406,0.057756046448487613,0.18521454790018346,0.9118546139499609,35.53823506166859,0.0,0.0,5,0.0439
82,0,0.0,0.0566848634222505,0.2485587501287928,0.9234770803775214,0.9734727964422756,-0.17205416996308026,0.14985522066362023,-0.017073078955708657,0.0115828039266402,-0.00817268932146006,0.3060200509876648,1.0195683815585255,0.03391935425205259,-1.430734912603932,-0.3409978073512756,2.71082422241764,1.7475843879473054,-0.11990516219058023,0.009641495220691465,-0.2234890503905248,-0.00041789590590450565,-0.009752928586553133,-0.04317365116399105,0.032379150390625,-0.11990516219058023,0.009641495220691465,-0.2234890503905248,-0.00041789590590450565,-0.009752928586553133,-0.04317365116399105,1.0,-0.004650332920804323,0.2943751484318643,0.9173799940332432,0.05775139776737995,0.18520379031548267,0.9118288665824749,35.24385559137086,0.0,0.0,5,0.0391
83,0,0.0,0.056822183310182156,0.2484266871637088,0.9233732022531439,0.9729973687435497,-0.17440382937716448,0.15024236258843304,-0.016930953917422338,0.011566658876829112,-0.008039309562220228,0.3070885342271804,1.0199952483877641,0.03246154985882026,-1.4302070316974094,-0.3415224110769879,2.7109079493266215,1.7533624894890618,-0.1119956811085252,0.006075516138294601,-0.2649124121786405,5.625434660067041e-06,-0.00770150975015893,-0.03947766718529985,0.013275146484375,-0.1119956811085252,0.006075516138294601,-0.2649124121786405,5.625434660067041e-06,-0.00770150975015893,-0.03947766718529985,1.0,-0.004439306957003961,0.29446796779366324,0.9177435681975766,0.05775103388888187,0.18521529933884281,0.9118647244817414,34.39333798984681,0.0,0.0,5,0.0423
84,0,0.0,0.05703547963175949,0.24828735973488142,0.923103326437422,0.9725049981679943,-0.17675982811947927,0.15068788318659354,-0.01682716738443276,0.01152718138814082,-0.007893842908370339,0.30812244579052767,1.0210286690281252,0.03097091545987431,-1.4291031430166112,-0.3420817296274249,2.71119266334405,1.7591351569401048,-0.10254539202347246,0.0036356357134966766,-0.2815730480493426,0.0002705275659257572,-0.007221577240645871,-0.03754407338718349,0.00942230224609375,-0.10254539202347246,0.0036356357134966766,-0.2815730480493426,0.0002705275659257572,-0.007221577240645871,-0.03754407338718349,1.0,-0.004185033878433978,0.29455340486926085,0.9180863138272609,0.057742748084312095,0.1852197897659901,0.9119941263628117,34.803095107045166,0.0,0.0,5,0.0401
85,0,0.0,0.05747905244078645,0.24810169738193455,0.9226422346657763,0.9719894334599362,-0.17906724096523668,0.15128758007056115,-0.016838425452591517,0.011435625144429354,-0.007737977345597885,0.309019915027432,1.023012608945346,0.029452169460018045,-1.4268881243875569,-0.3425033942822367,2.7117271052808976,1.7645364365297256,-0.10182634828874015,0.00241569550109777,-0.2514469667488949,9.177901534526689e-05,-0.0034289398483964006,-0.041139349355556104,0.007080078125,-0.10182634828874015,0.00241569550109777,-0.2514469667488949,9.177901534526689e-05,-0.0034289398483964006,-0.041139349355556104,1.0,-0.003787718649942298,0.294590288760513,0.9187332506913616,0.05764608089937173,0.18511353484543405,0.9121841903222422,32.9451338045723,0.0,0.0,5,0.0423
86,0,0.0,0.05793395315527654,0.24792491082113627,0.9221743590905784,0.9714873385651098,-0.1814113890181091,0.1517216207436541,-0.016816918300274347,0.011327314603603844,-0.007571357543117909,0.3098164910628529,1.0250677229507985,0.028115239306970706,-1.424372230065251,-0.34265248792039676,2.7116892763221685,1.7696925516129896,-0.06114901700959985,0.011189880874890146,-0.2379815213191493,-0.0008305474021770426,-0.0023461652842510783,-0.03565076279319454,0.00531768798828125,-0.06114901700959985,0.011189880874890146,-0.2379815213191493,-0.0008305474021770426,-0.0023461652842510783,-0.03565076279319454,1.0,-0.003350875669518135,0.29462106577580166,0.919471367640249,0.05756779513098626,0.18500506067221942,0.9122279183158089,31.146879097827483,0.0,0.0,5,0.0456
87,0,0.0,0.05845901802810401,0.2478151209889422,0.9217241965318336,0.9710029732841334,-0.1836382227084894,0.15213829084078945,-0.016857327602025046,0.01127112476185513,-0.007329696518582018,0.3105265946788051,1.027379413253832,0.026959506584575584,-1.4213642270671873,-0.3426590041968027,2.7114997304398485,1.77440001909002,-0.07111290876231857,0.005230942145095341,-0.2043179077447853,-0.0006199944923716422,-0.0010585414782404712,-0.03825910026044527,0.0081787109375,-0.07111290876231857,0.005230942145095341,-0.2043179077447853,-0.0006199944923716422,-0.0010585414782404712,-0.03825910026044527,1.0,-0.0028689839711437894,0.29463308461603605,0.92029465122835,0.05759498768923294,0.18491544416314856,0.9121651027122158,29.692196141287248,0.5858254772809081,0.0,6,0.0444
88,1,0.4653,0.05897098424074379,0.24772385928009816,0.9213524412156725,0.9705597708331584,-0.1857450353931308,0.15241603292233566,-0.01678886462237699,0.011201216322543924,-0.00709339773076892,0.31115335404564276,1.029507147403455,0.025998738820582935,-1.418274539984068,-0.3426522585984469,2.7106399531866554,1.7787858361674065,-0.11148207844085933,0.01954177925208289,-0.20956714918349972,-0.0013567283832777166,-0.0015618853296809898,-0.04780621963864484,0.1258544921875,-0.11148207844085933,0.01954177925208289,-0.20956714918349972,-0.0013567283832777166,-0.0015618853296809898,-0.04780621963864484,1.0,-0.002380534316557557,0.29464381804957496,0.9211610435889,0.05768743119582813,0.18485151257114882,0.911849590823734,27.99960152518184,0.6796461269746871,0.0,7,0.0468
89,0,0.0,0.05930075788813076,0.24758536155453936,0.9211237286787856,0.9701113928487308,-0.18813066259369554,0.15237722746546412,-0.016489991118536988,0.01102746766638175,-0.006949887607870207,0.31177240772882225,1.0309112605076018,0.025163424062771732,-1.4158342596476383,-0.342649786863988,2.708831984040607,1.7837254387582493,-0.10069642241987509,0.0036356357134966766,-0.21926683445068929,-0.00030517159472762123,-0.0025568673615982696,-0.04510724496210741,0.0701904296875,-0.10069642241987509,0.0036356357134966766,-0.21926683445068929,-0.00030517159472762123,-0.0025568673615982696,-0.04510724496210741,1.0,-0.0019519182320598897,0.2947195455854925,0.9219028877780558,0.0576450849159963,0.18482202727678035,0.9118616546684618,26.40595985524384,0.6259725301462339,0.0,7,0.0451
90,0,0.0,0.059579103543015405,0.2473878879831501,0.9208881898586476,0.9696171415319574,-0.19075789827583878,0.1522935351646051,-0.016146276346196364,0.01080964554737634,-0.006848813536480051,0.3124033558473239,1.0322030131971272,0.024244608284030147,-1.4136124956104756,-0.3426838828078226,2.70701089833621,1.7891518861900515,-0.09134885386835556,0.018603363704083664,-0.19473233642191556,-0.0005193477859637002,-0.004950677073681686,-0.04800763565928198,0.0150604248046875,-0.09134885386835556,0.018603363704083664,-0.19473233642191556,-0.0005193477859637002,-0.004950677073681686,-0.04800763565928198,1.0,-0.0015337839657084723,0.2948225182277599,0.9225609536542884,0.057599703536741174,0.18488282225834304,0.9123225934492875,25.075628504730652,0.7479181204943202,0.0,7,0.0491
91,0,0.0,0.05990711910578368,0.24717098315374297,0.920659628581081,0.9690831641488269,-0.19344568981448101,0.15233168368068747,-0.01586329734020841,0.010640372983217976,-0.006687010631668742,0.3130380469229362,1.033539332028873,0.023251054129862905,-1.4113704153375506,-0.34281646855499165,2.705473559751068,1.7948065267583448,-0.08785635572822736,0.011049118542690195,-0.22987943127243793,0.00038808291901022696,-0.006917229795588814,-0.04448285529813234,0.01412200927734375,-0.08785635572822736,0.011049118542690195,-0.22987943127243793,0.00038808291901022696,-0.006917229795588814,-0.04448285529813234,1.0,-0.0010964975324286215,0.2949080475988863,0.9232324675695287,0.0574989515477,0.1849379312316482,0.9127401064649595,22.172761372629576,0.7395676785996467,0.0,7,0.053
92,0,0.0,0.060254195867996796,0.24694330011723167,0.9202424249043376,0.9685248974484518,-0.19612001724772005,0.1524861844547494,-0.015634110388864593,0.010403598025700077,-0.0064365344016486005,0.31368912884329436,1.0353527986281061,0.022147742015250944,-1.408930214236991,-0.343153287533057,2.7044762337324038,1.8006480602743362,-0.0790223898443736,0.005137100590295374,-0.2427743069805841,0.0007037109903055005,-0.006566059666676838,-0.03859143669449652,0.01116943359375,-0.0790223898443736,0.005137100590295374,-0.2427743069805841,0.0007037109903055005,-0.006566059666676838,-0.03859143669449652,1.0,-0.0005567891252157405,0.29493345511232966,0.924092815405675,0.05737497112428805,0.18486539535751423,0.9124433022530922,21.28457264246003,1.3092047949834749,0.0,7,0.0691
93,0,0.0,0.06065074662856147,0.24671408816036694,0.9195567838239888,0.9679744124898877,-0.19860370981715342,0.15278006414223455,-0.015503393577354606,0.010121296601029636,-0.0061649118364612895,0.3143013257069006,1.037853621055882,0.02099837029294009,-1.4061034685523133,-0.34363629882801533,2.704152388664264,1.806245945231959,-0.0713183498293849,-0.004340896444496312,-0.21584341612109303,0.00043478299078350546,-0.0026388070583444057,-0.04152203979476665,0.01025390625,-0.0713183498293849,-0.004340896444496312,-0.21584341612109303,0.00043478299078350546,-0.0026388070583444057,-0.04152203979476665,1.0,8.665471266081158e-05,0.29485517824915375,0.9250783780734749,0.05721085110253595,0.18484932771601167,0.9123232102615701,20.61301180939034,3.5988290332213584,0.0,7,0.0489
94,0,0.0,0.061028847651501725,0.2465145632608478,0.9188998952549237,0.9674359735642957,-0.2010378064828367,0.15301953865486906,-0.015377197668061449,0.009810157073398437,-0.005906926112648193,0.3148727958474395,1.040247428364721,0.019964212329906344,-1.4033088297757244,-0.3440469353639847,2.7036385892858905,1.8116940258217011,0.010601275663328025,-0.0030271146772974378,-0.13025795788118466,-0.00032932680426553396,-0.0032650604549041284,-0.03712109974384553,0.93017578125,0.010601275663328025,-0.0030271146772974378,-0.13025795788118466,-0.00032932680426553396,-0.0032650604549041284,-0.03712109974384553,-1.0,0.0007321384732188333,0.2947498897311547,0.9260318286162084,0.05723359741292079,0.18499858815118758,0.9125495361208199,20.105519361422967,4.936914182409158,0.0,8,0.05
95,0,0.0,0.06166044214944087,0.2463856894549897,0.9186860917764086,0.9668692989158831,-0.20338565868217862,0.1534970307256228,-0.01538486966932194,0.009527645565716692,-0.005658999157642662,0.3153767513436425,1.0423004977175307,0.019007459151484756,-1.4000121713144895,-0.3443793870227917,2.7029005544608924,1.8167698310173552,0.001715949512707815,-0.016540298568485712,-0.09967542080345737,-0.0008893250787192636,0.00014714263102402758,-0.041300482172065806,0.9873046875,0.001715949512707815,-0.016540298568485712,-0.09967542080345737,-0.0008893250787192636,0.00014714263102402758,-0.041300482172065806,-1.0,0.001330684457891249,0.2946899526236832,0.9269002497761929,0.05774807799630612,0.18531982752835752,0.9131978926578111,14.712151758224008,5.286999691526011,0.0,9,0.0548
96,1,0.4627,0.062459186425487416,0.2461649444215335,0.9188447280475329,0.9662957883881358,-0.20575375930778267,0.15396201070423288,-0.015281987239058513,0.009379710452497993,-0.005655893013786674,0.31574628711711944,1.0438761906930722,0.01809341648168873,-1.3964451806684965,-0.34447700004628146,2.7012220101052242,1.821458171023208,-0.08765091466116093,0.04647430547965936,-0.19621581769807406,-0.007565422408170305,-0.0044063633738681,-0.050908026356456526,0.1859130859375,-0.08765091466116093,0.04647430547965936,-0.19621581769807406,-0.007565422408170305,-0.0044063633738681,-0.050908026356456526,1.0,0.0018990880215369525,0.2946783109267984,0.9279546053053771,0.05794169502081646,0.18531671680889403,0.913171126235277,8.638400445869332,4.668799246787061,0.0,8,0.0581
97,0,0.0,0.06303527198180583,0.24603424988349717,0.9188057563229377,0.9657220882755326,-0.20836672847766718,0.15407815764183364,-0.014969168913319252,0.009252714300991187,-0.005727549471114908,0.3162768574712653,1.045599621867698,0.01734035427189562,-1.3929259357218173,-0.34470089176387625,2.6987890893304227,1.8269036596548447,-0.06607960261919266,0.04060920830466441,-0.1990686663060709,-0.0060935649736606895,-0.006530942653785621,-0.04857160051706591,0.194091796875,-0.06607960261919266,0.04060920830466441,-0.1990686663060709,-0.0060935649736606895,-0.006530942653785621,-0.04857160051706591,1.0,0.002331781311225121,0.29477269663566236,0.9285570401592671,0.05797865500606407,0.18546457805898758,0.9136632623879153,8.15576064302734,4.978798923416187,0.0,11,0.0537
98,0,0.0,0.06356162690097794,0.2459678564023959,0.9185633676134424,0.9650927201268452,-0.2111633013358556,0.15425771503751257,-0.014514099300809352,0.008549665393381381,-0.005370598277484856,0.3170759224860844,1.0477546816541279,0.016375770232564327,-1.3890871264991003,-0.34550806183253513,2.6963624518409475,1.8334109299420873,-0.05591026979940761,0.05224556109985434,-0.16745910372946482,-0.004895466580580654,-0.007841977801723715,-0.05147199121424048,0.11541748046875,-0.05591026979940761,0.05224556109985434,-0.16745910372946482,-0.004895466580580654,-0.007841977801723715,-0.05147199121424048,1.0,0.002583653700730272,0.2949425991827758,0.928594144402333,0.05800913969749567,0.1858993519615822,0.914566733264445,7.891865643212108,6.373483354016399,0.0,9,0.0485
99,0,0.0,0.06417776593406505,0.24595804630175896,0.9183980079688419,0.9643920044160553,-0.2141082879290916,0.15462146406687177,-0.014067896369836366,0.00739530643704803,-0.0043919948501173305,0.3180157947521875,1.0499827255703154,0.015300997522204254,-1.3849472065913486,-0.34663835872020293,2.693938237193036,1.8406053207891457,-0.06618232315272587,0.019025650700683294,-0.19359119697871685,-3.302290060057389e-05,-0.006624588021495487,-0.04595319224878333,0.0489501953125,-0.06618232315272587,0.019025650700683294,-0.19359119697871685,-3.302290060057389e-05,-0.006624588021495487,-0.04595319224878333,1.0,0.0027307039219757493,0.2951316702209349,0.9289211654289163,0.057449038442792776,0.18634914789651724,0.9154823721293714,5.619441014019037,6.211518384338508,0.0,8,0.047
100,0,0.0,0.06463952917922348,0.24596602905222323,0.9180352530498923,0.9637027103956017,-0.21706745188970739,0.15484045620601855,-0.013536632823252306,0.00667267674159265,-0.003539372593392221,0.3189860763929045,1.052343294163749,0.014281541525051069,-1.3810542882999,-0.3478805683379801,2.691495149003987,1.8479743957543875,-0.07655709703957725,0.007013931686293828,-0.194389994588956,0.0003333311107243109,-0.009922660815527257,-0.04299237674541764,0.015167236328125,-0.07655709703957725,0.007013931686293828,-0.194389994588956,0.0003333311107243109,-0.009922660815527257,-0.04299237674541764,1.0,0.0028683717491131753,0.29533396716569127,0.92916956739842,0.05713088558455068,0.18653388335956816,0.9157064123809844,4.788730458146848,6.524421730701447,0.0,8,0.0492
101,0,0.0,0.06496142334034224,0.24583243152477025,0.9174745968346347,0.9630468273147726,-0.21990924327906064,0.15496406537186225,-0.012917877643231948,0.006310048317500985,-0.0027427364062913516,0.31984916158448157,1.0546667963997778,0.013209039272477418,-1.377743281857445,-0.3491984780726477,2.6893727127716858,1.8551108715879723,-0.040194028168830664,-0.0035901640060970186,-0.1632368877896293,0.0005555590384730275,-0.008029268537143447,-0.04333478398050075,0.421875,-0.040194028168830664,-0.0035901640060970186,-0.1632368877896293,0.0005555590384730275,-0.008029268537143447,-0.04333478398050075,1.0,0.0029168662144905978,0.2957171110312913,0.9294189272421334,0.05698058640026044,0.1865749267204239,0.9154996537824213,3.0856854678743373,7.628499907046352,0.0,6,0.0469
102,0,0.0,0.06526859544662915,0.2456607184613151,0.9168941657769454,0.9623827615288455,-0.2226686764475041,0.15519096205727154,-0.012403472778516098,0.0060511822039003545,-0.002198474834747905,0.320632932991291,1.0569092975359426,0.012115681220457687,-1.374769588557473,-0.3505913646285983,2.687837743224453,1.8621631620984023,0.024571268223840814,-0.0013379666908989174,-0.09819193952729899,8.050658422757706e-05,-0.002943154503401463,-0.0414414733865118,0.99658203125,0.024571268223840814,-0.0013379666908989174,-0.09819193952729899,8.050658422757706e-05,-0.002943154503401463,-0.0414414733865118,-1.0,0.0029928723211515664,0.29588858408087093,0.9297797614130081,0.05687739993764211,0.18655318101678153,0.9150791704789385,2.331207656706341,8.877498822026023,0.0,8,0.0441
103,0,0.0,0.0657215064971752,0.24560131299711568,0.9164793670416267,0.9616975721006267,-0.22533198159879225,0.15561422372611772,-0.012144597920013225,0.00600916856444589,-0.0020909409154609535,0.3213431743343854,1.0591784447950163,0.011167492732123493,-1.371469873226998,-0.35188209445555263,2.6866482495503443,1.8689334461210583,0.025238951691806566,-0.006686935314494269,-0.09602377458522138,-0.000543502995501613,0.00026419934066138073,-0.04267011111239824,1.009765625,0.025238951691806566,-0.006686935314494269,-0.09602377458522138,-0.000543502995501613,0.00026419934066138073,-0.04267011111239824,-1.0,0.0029572624597855378,0.2960197183672507,0.9300718108753842,0.05684418898482341,0.1864752318159397,0.9146136420495926,0.0,9.639310060679257,0.0,2,0.0524
104,1,0.4646,0.06621559894232963,0.2458182576388338,0.9161589112972002,0.9610348600452404,-0.22787500523554366,0.1560104027176176,-0.012072034236690149,0.006364649368294175,-0.0034955298758346386,0.3220793378922541,1.0615956774489617,0.010602799938482493,-1.3676482167297637,-0.3529915832609182,2.6852178480090467,1.8754188908781895,-0.0418375567053616,0.05867370760364865,-0.17316480094545872,-0.00023512148706769653,-0.00467559380603394,-0.05308331937933744,0.50927734375,-0.0418375567053616,0.05867370760364865,-0.17316480094545872,-0.00023512148706769653,-0.00467559380603394,-0.05308331937933744,-1.0,0.001531209798509861,0.29676474428459754,0.9289240889742999,0.05673044624588771,0.18643603045204257,0.9143996676931501,0.0,10.210198743806135,0.0,1,0.0384
105,0,0.0,0.06671611477330963,0.2465437569691647,0.915861349126303,0.960330736594944,-0.2305370473445683,0.15641926828002875,-0.01227023485513469,0.00736459705314945,-0.006450837335155601,0.3231083073441407,1.0644719591416267,0.010457356967238712,-1.3629613440344341,-0.35417016579255856,2.683594960652558,1.882632264432523,-0.040194028168830664,0.037840882438066825,-0.20808366790734134,-0.0005612168158294073,-0.01229452239455367,-0.055178045993963504,0.38916015625,-0.040194028168830664,0.037840882438066825,-0.20808366790734134,-0.0005612168158294073,-0.01229452239455367,-0.055178045993963504,1.0,-0.0008089741134778547,0.2978127736635337,0.9255708939216674,0.05634281122328055,0.18640809178871798,0.9142771512778868,0.0,11.378242585441383,0.0,1,0.0362
106,0,0.0,0.06738726126407975,0.2474137054602746,0.9155015870695657,0.9595095827818032,-0.23345786078966024,0.15711024340607108,-0.012456291674901004,0.008522496980080481,-0.008846338110073368,0.32445318778480065,1.068091997688494,0.010048999630917044,-1.357142689057653,-0.35592142975149277,2.6818823430159973,1.8910627665207353,-0.05858100367127028,0.05294937276085365,-0.20774132607438167,-0.0005676582050395118,-0.011502926395631219,-0.05717206459827101,0.1912841796875,-0.05858100367127028,0.05294937276085365,-0.20774132607438167,-0.0005676582050395118,-0.011502926395631219,-0.05717206459827101,1.0,-0.003392483429010994,0.2989543525691162,0.9206936127198625,0.05612094758358386,0.18632291281403868,0.9139371421595852,0.0,13.141380929304034,0.0,1,0.0409
107,0,0.0,0.06798589642809227,0.24801099240691615,0.9149382842819167,0.9586446851446684,-0.23659511381896714,0.1577201528550513,-0.012143852117312254,0.00908127857044303,-0.008782807139541972,0.32594346527379175,1.0718487576923974,0.009200458365821857,-1.3513319913404789,-0.35815478113207266,2.6794734947140335,1.9002613406407884,-0.06381975088146263,0.03526023968106906,-0.1929065133127975,6.923415310988723e-05,-0.009217394139962365,-0.055923285270320866,0.1436767578125,-0.06381975088146263,0.03526023968106906,-0.1929065133127975,6.923415310988723e-05,-0.009217394139962365,-0.055923285270320866,1.0,-0.005600889673134364,0.30001851536151924,0.9158577457733449,0.05600257118154462,0.1864928836197168,0.914118391858204,0.0,14.948628786350486,0.0,1,0.0365
108,0,0.0,0.06844275208795206,0.24825950902998167,0.9143998385455459,0.9577794300326257,-0.23984619782718775,0.1581250259831548,-0.01135081283634088,0.00914821435219839,-0.006913851934608488,0.3273840395514309,1.0749650086162397,0.008064318108391769,-1.3463231281929562,-0.36053019895260546,2.6762972413937445,1.9095716040929025,-0.06340886874732987,0.017899552043084244,-0.17008372444882203,0.0004170691704557111,-0.009963630663900325,-0.04877301653770302,0.1541748046875,-0.06340886874732987,0.017899552043084244,-0.17008372444882203,0.0004170691704557111,-0.009963630663900325,-0.04877301653770302,1.0,-0.00655367356473201,0.3009328505054665,0.9137182236613592,0.0558424913822541,0.18661479377683035,0.9140692540934835,0.0,16.156948768626133,0.0,1,0.0362
109,0,0.0,0.06881758910143554,0.24829507766926648,0.9140933213370909,0.9569571972199082,-0.24294535058625832,0.15843928781363464,-0.010366841112175576,0.008957790504596108,-0.0044440963860888335,0.3286612254752055,1.077149863689954,0.006892416915398829,-1.3423036095138166,-0.3628582169988657,2.672866605104247,1.9182971011960246,-0.08292577011863456,-0.007249984643293739,-0.1626663180680299,0.0018164609763516165,-0.011649247282677883,-0.0482291932819828,0.1431884765625,-0.08292577011863456,-0.007249984643293739,-0.1626663180680299,0.0018164609763516165,-0.011649247282677883,-0.0482291932819828,1.0,-0.007193297370219282,0.30190950918099535,0.9113963624252528,0.05568821689382945,0.1866883763636324,0.9139097240089147,0.0,17.63037931201987,0.0,2,0.0354
110,0,0.0,0.06913229220264559,0.24833305806945988,0.914160277181827,0.9561753978811387,-0.2458455310952849,0.1587424395932559,-0.009456278300871507,0.008762327931019085,-0.003630661381784376,0.329800909764405,1.0782523028949182,0.00590802996912863,-1.3393179428228952,-0.36506435951028565,2.6694807891511623,1.9264588240281841,0.009265908727396632,0.0015711215078985097,-0.11428200567640179,0.0004605485476239374,-0.009229099810926095,-0.0444425720940049,0.92236328125,0.009265908727396632,0.0015711215078985097,-0.11428200567640179,0.0004605485476239374,-0.009229099810926095,-0.0444425720940049,-1.0,-0.007753179256164446,0.30285225774628893,0.9085754186976865,0.05549921896822053,0.18677767584126787,0.9139363173878877,0.0,16.917089938551936,0.0,2,0.0362
111,0,0.0,0.06959927884491901,0.24846208674243622,0.9143780907267431,0.955377869945515,-0.24858428803499516,0.1593086795105614,-0.008928717326950712,0.008741116145290351,-0.0034240454288297422,0.3307956384261626,1.0794277339308003,0.005047711343907989,-1.3361655386667406,-0.3671397451541811,2.6669965673796487,1.934184771121488,0.01666178714178579,-0.015038833691687015,-0.0987625092488984,0.0002383206198752208,-0.0026388070583444057,-0.046356024290057585,0.99951171875,0.01666178714178579,-0.015038833691687015,-0.0987625092488984,0.0002383206198752208,-0.0026388070583444057,-0.046356024290057585,-1.0,-0.008442581695897561,0.3033611685331357,0.906222345485026,0.05536012563479236,0.18687825201867547,0.9141250235411729,0.0,15.823105444828391,0.0,2,0.0346
112,1,0.4665,0.07019673516582232,0.24872420226732345,0.9146117316727798,0.9545726106845726,-0.25126757629623037,0.15993940766482395,-0.008667289592566942,0.009076307887515353,-0.004273042783139631,0.33167500315631543,1.08097490225896,0.0044276457308310415,-1.3323657352948417,-0.368896819254635,2.6646389756400883,1.9415130406971963,-0.03906410229996571,0.06327194378884471,-0.1418975802018122,-7.489193046626708e-05,-0.009375420697972758,-0.06633649353726007,0.4453125,-0.03906410229996571,0.06327194378884471,-0.1418975802018122,-7.489193046626708e-05,-0.009375420697972758,-0.06633649353726007,1.0,-0.008947223572839745,0.30344684280969825,0.9039834821949166,0.055254015942914625,0.18682732566143684,0.9139441434850871,0.0,14.369485002283414,0.0,1,0.0362
113,0,0.0,0.07081775067714752,0.24915235137064629,0.9148518487217479,0.9536523804096189,-0.2543987692357557,0.16048646188592205,-0.008514640435013723,0.009545834475593477,-0.005456075633068731,0.33265219425522824,1.0828031339023798,0.003970606542490853,-1.3279826554521634,-0.3704653743844851,2.6618292462324704,1.9497497391965466,-0.038242338031700185,0.04577049381865994,-0.14144112442453272,-0.000470232193236636,-0.013978675804460744,-0.0647251653721631,0.494873046875,-0.038242338031700185,0.04577049381865994,-0.14144112442453272,-0.000470232193236636,-0.013978675804460744,-0.0647251653721631,1.0,-0.009262496994814923,0.30350412379459124,0.9013722617073533,0.055101837648121564,0.1868802658947411,0.914060612510475,0.0,14.488964897155263,0.0,1,0.0342
114,0,0.0,0.0713633531038394,0.24936443564834895,0.9149034139241469,0.9526091144574,-0.2579947520004552,0.1609678701995832,-0.007995483495091209,0.009589517153443874,-0.004891872599137054,0.3337652495755819,1.0847799912111165,0.0031339693681920575,-1.3236211933894233,-0.37243511405397367,2.658499995803095,1.9591963153261935,-0.04810350925088569,0.060761682197946865,-0.1553630256315578,-0.0003993769119254448,-0.013928926702864886,-0.06766583927346508,0.315673828125,-0.04810350925088569,0.060761682197946865,-0.1553630256315578,-0.0003993769119254448,-0.013928926702864886,-0.06766583927346508,1.0,-0.009286300114209554,0.30350759262490856,0.898394505318021,0.05495200763140935,0.18708385666644206,0.914461462962272,0.0,14.702084096129386,0.0,1,0.039
115,0,0.0,0.07182086962659698,0.2494411131914836,0.9147944475144378,0.9515132290420569,-0.2617273579655493,0.16145763101093044,-0.007266253413461217,0.009421345452096313,-0.0032718814220801364,0.3349601196900011,1.0868208339773882,0.0020693558352364422,-1.3195205686922904,-0.3747876168953961,2.6551816872640805,1.9692835054262576,-0.051287845790414344,0.051729432548454746,-0.15969935551571313,-3.785394250815921e-05,-0.012151127925247945,-0.06746442325282795,0.1258544921875,-0.051287845790414344,0.051729432548454746,-0.15969935551571313,-3.785394250815921e-05,-0.012151127925247945,-0.06746442325282795,1.0,-0.009230962519710909,0.3034986864897714,0.8983431452263068,0.05474975673128514,0.18729447883866504,0.9147192632043244,0.0,15.190422666747208,0.0,1,0.0372
116,0,0.0,0.072231731573493,0.2494891094299297,0.9146158488211322,0.9503760732043437,-0.26552361825991927,0.16198868662088103,-0.0064956164982942,0.009251775712060019,-0.002240299595166203,0.3361926586002615,1.088867990917487,0.0009311171892874476,-1.3155982058404028,-0.37736184796184025,2.652000976468837,1.9797350946677887,-0.05139056632394756,0.03422798257826998,-0.14988555630420364,0.00010788248837052816,-0.011052258063527498,-0.06130109302133202,0.080322265625,-0.05139056632394756,0.03422798257826998,-0.14988555630420364,0.00010788248837052816,-0.011052258063527498,-0.06130109302133202,1.0,-0.009237454396810858,0.30349946644294457,0.898386965010531,0.05449405302480636,0.18743996147536168,0.9147298544413838,0.0,16.088507499133197,0.0,2,0.0393
117,0,0.0,0.07262288498160958,0.2495584221321285,0.9145384301073648,0.9492578358265593,-0.26917364899060686,0.16254956239594487,-0.005722549767755387,0.009116307775832198,-0.001892847251211236,0.3373992982865355,1.0906252753189156,-0.0001301914898663892,-1.3119408326145017,-0.38003989642738933,2.6488223120028622,1.9899488727709038,-0.057245636735339,0.006638565467094071,-0.13368137621078102,0.001634491731166074,-0.008140472411298921,-0.05751447183335412,0.09033203125,-0.057245636735339,0.006638565467094071,-0.13368137621078102,0.001634491731166074,-0.008140472411298921,-0.05751447183335412,1.0,-0.009239052155650013,0.30349969977791796,0.8983993875421125,0.05423978016174234,0.18755531360594935,0.9146975542149205,0.0,16.098057288187036,0.0,2,0.0419
118,0,0.0,0.07294012837557642,0.24956532960467526,0.9146335010630344,0.9482013010161834,-0.2726240110307637,0.16299343073047196,-0.0048562227528277935,0.00888711118670299,-0.0017453276062318387,0.33846749033897594,1.0917357432881971,-0.001049449510623222,-1.3089233714109771,-0.3826016092361159,2.6453475813210163,1.999514116613316,0.014864177804955081,0.007013931686293828,-0.09265741322778498,0.00047021063143909414,-0.004985794086572876,-0.05257977932774463,0.60009765625,0.014864177804955081,0.007013931686293828,-0.09265741322778498,0.00047021063143909414,-0.004985794086572876,-0.05257977932774463,-1.0,-0.009239449095281578,0.30349975779756044,0.8984028489507402,0.054000699499587974,0.18770235312061823,0.9148328547684673,0.0,15.429262777965064,0.0,2,0.0372
119,0,0.0,0.0733918069358725,0.2496353016021693,0.9148712469010315,0.9471795130625629,-0.2758302026270132,0.1635553384882287,-0.00428025762150832,0.008826162367796304,-0.0018049118218892066,0.33933284456166,1.0929032161143737,-0.0017629443056904476,-1.3056421802786669,-0.38487069078243974,2.642365991076032,2.0082376268543682,0.026882480228337502,-0.009126815739292082,-0.09499674908634248,0.0005088589666997351,-0.002931448832437733,-0.05127057519360334,0.634765625,0.026882480228337502,-0.009126815739292082,-0.09499674908634248,0.0005088589666997351,-0.002931448832437733,-0.05127057519360334,-1.0,-0.009239553567482559,0.30349977306318066,0.8984037946836313,0.05382200008984417,0.18782457488952378,0.9149947614312067,0.0,14.269386672413578,0.0,1,0.0345
120,1,0.4681,0.0740306529090286,0.2498532481995302,0.9151086191338553,0.9461820672329633,-0.27884499350167885,0.16422133483981222,-0.004039607559361003,0.009170774609354677,-0.003338353206830483,0.3400408955548863,1.0946607248584053,-0.0022162539632103848,-1.3014431921459437,-0.3867688595413161,2.6396926516806243,2.0162166328599698,-0.04728174498262028,0.04999336378465624,-0.10794868176664851,-4.3490158066997187e-05,-0.007678098408231471,-0.06597394470011325,0.37255859375,-0.04728174498262028,0.04999336378465624,-0.10794868176664851,-4.3490158066997187e-05,-0.007678098408231471,-0.06597394470011325,1.0,-0.009239581082274661,0.30349977708270676,0.8984040530667795,0.05372424716863645,0.18773597651394383,0.9146676374088538,0.0,13.68856225822332,0.0,1,0.0384
121,0,0.0,0.07459267505324199,0.25024855539540575,0.9154672723368024,0.9451347227995153,-0.2821194188177463,0.16466594917362373,-0.0037569225928372127,0.009578371557603438,-0.004913560592476894,0.34084986391401945,1.0961694142398652,-0.0023828768810045683,-1.2971353059825592,-0.3884690368719921,2.636072140487937,2.024654853467532,-0.05036336098861571,0.047084275585858815,-0.116906626395759,-0.00038649413350523576,-0.013217807191818115,-0.06778668888584735,0.25341796875,-0.05036336098861571,0.047084275585858815,-0.116906626395759,-0.00038649413350523576,-0.013217807191818115,-0.06778668888584735,1.0,-0.009239588329723786,0.3034997781411784,0.8984041236566458,0.053473772954038344,0.18790478843085032,0.9150378572425457,0.0,12.858351839159605,0.0,1,0.0368
122,0,0.0,0.07502880541568335,0.2504260607065465,0.9157989010582108,0.9439772365510233,-0.285787209040634,0.16499473997158237,-0.0030632995228378687,0.009546011522662545,-0.004523087603871131,0.34176506611027274,1.0973696122140155,-0.002841921749095457,-1.2932676785649033,-0.39049622982337223,2.6317720554552446,2.034082997309274,-0.052623212726345736,0.05750068816864973,-0.13128498338006356,-0.0003534820138034328,-0.012152591134118401,-0.06782697208997478,0.1651611328125,-0.052623212726345736,0.05750068816864973,-0.13128498338006356,-0.0003534820138034328,-0.012152591134118401,-0.06782697208997478,1.0,-0.009239590238776539,0.30349977841990966,0.8984041429409415,0.053259962666254684,0.18822438935808697,0.9157334574260331,0.0,12.31151902155099,0.0,1,0.0348
123,0,0.0,0.07535603957209978,0.2504358447938119,0.9158570632033652,0.9427683026072121,-0.2895625008505535,0.16533806174898233,-0.002193407708911861,0.009260304993030303,-0.0030638893638383923,0.3427201008335136,1.0987883301899066,-0.003550388682127966,-1.2897338537116656,-0.3928760870033742,2.627765177122089,2.0440624787816852,-0.043481085241892536,0.04642738470225938,-0.14166935231317246,-4.841822806356255e-06,-0.012233067621994054,-0.06794782170235705,0.0855712890625,-0.043481085241892536,0.04642738470225938,-0.14166935231317246,-4.841822806356255e-06,-0.012233067621994054,-0.06794782170235705,1.0,-0.009239590741644177,0.30349977849330734,0.8984041482089818,0.053025660980788134,0.18852556779167695,0.9161679555210703,0.0,12.488571265334,0.0,1,0.0352
124,0,0.0,0.0756749264526191,0.25039276860724935,0.9157097518058529,0.9415188362479635,-0.293342207927348,0.1658032159433385,-0.0013869468033617313,0.008986388789749104,-0.002111182081406461,0.3436674053527679,1.100560413217885,-0.004394392112521971,-1.2862193222370675,-0.3954703565967851,2.6243865388356995,2.054312040742818,-0.04050218976943021,0.02287315444747995,-0.13448017382102018,5.474102738714515e-05,-0.010150921399320056,-0.06432233333088885,0.047943115234375,-0.04050218976943021,0.02287315444747995,-0.13448017382102018,5.474102738714515e-05,-0.010150921399320056,-0.06432233333088885,1.0,-0.009239590874105615,0.3034997785126345,0.8984041496480416,0.05277538631917003,0.1887066911995969,0.9161700729756561,0.0,13.013120281612231,0.0,1,0.0367
125,0,0.0,0.07598413072385668,0.25029552232466445,0.9155132482154897,0.9402659510443885,-0.29705315298798135,0.16631002284068425,-0.0005847300404479353,0.008692303295030906,-0.0015748717025043082,0.3445615062722652,1.102327601584629,-0.005270893051406154,-1.2828662254771166,-0.3981336147011421,2.62121348181323,2.06444916610373,-0.053136815394011605,-0.0027455900128977584,-0.1112009291797651,0.002492806843412923,-0.00464047679314275,-0.0627512883699193,0.0182952880859375,-0.053136815394011605,-0.0027455900128977584,-0.1112009291797651,0.002492806843412923,-0.00464047679314275,-0.0627512883699193,1.0,-0.009239590908997498,0.3034997785177236,0.8984041500411334,0.05254314735915165,0.18883878133874485,0.9160516295557385,0.0,13.347229148611353,0.0,1,0.0359
126,0,0.0,0.07618614922107993,0.2501170697459945,0.9154905927338228,0.9390535838512462,-0.30069750095015846,0.16661110548860236,0.00034511784222698155,0.008287569035901127,-0.001276184113865378,0.34531622911910537,1.103345164311492,-0.005981517565219723,-1.2802539258109276,-0.40052483647637205,2.617547120582468,2.0740525077822887,-0.008196581973244355,-0.014663467472487257,-0.08358535465435468,0.0029533661719356313,-0.0025217503487070803,-0.0588035343654317,0.10028076171875,-0.008196581973244355,-0.014663467472487257,-0.08358535465435468,0.0029533661719356313,-0.0025217503487070803,-0.0588035343654317,1.0,-0.009239590918188403,0.3034997785190636,0.8984041501485059,0.052283273078511355,0.18899221623314066,0.916042133357261,0.0,12.893926154478661,0.0,2,0.0366
127,0,0.0,0.07645296853990162,0.24991398497543915,0.9156844951384597,0.9378713580635902,-0.30421445301193345,0.1668822442190686,0.001094927857622198,0.007914923219022088,-0.0011051320978629504,0.34583009061551473,1.104007651338076,-0.006505677568826214,-1.2778283961324286,-0.40246576381776417,2.6140530992987823,2.0828296982025214,0.042752802659214106,-0.03193031355567222,-0.07148927655644766,0.004296395822243088,0.00018225964391524463,-0.05396954987014077,0.421630859375,0.042752802659214106,-0.03193031355567222,-0.07148927655644766,0.004296395822243088,0.00018225964391524463,-0.05396954987014077,1.0,-0.009239590920609383,0.3034997785194164,0.8984041501778339,0.0521073130943801,0.1890963551777191,0.9160396665668182,0.0,12.163636359374905,0.0,2,0.0369
128,1,0.4623,0.07689265922496849,0.24974164036994118,0.9158031617855231,0.9367303475668669,-0.3075212748052744,0.16722670943054302,0.0014659953708084927,0.007681918184579806,-0.0010091512699313165,0.34606668270205787,1.1052760117930027,-0.00685674966232516,-1.2747395401562265,-0.40388528508835164,2.611269982016466,2.0906200110596456,-0.026634917742450637,0.03694938766746769,-0.0943691223925831,-0.0003172491994965776,-0.009916807980045406,-0.07092877880778645,0.240478515625,-0.026634917742450637,0.03694938766746769,-0.0943691223925831,-0.0003172491994965776,-0.009916807980045406,-0.07092877880778645,1.0,-0.00923959092124709,0.30349977851950927,0.8984041501858444,0.05203124049086464,0.1891251050240376,0.915880323504524,0.0,12.028320451235219,0.0,2,0.0401
129,0,0.0,0.07730969327378356,0.249627199673732,0.9158720895544443,0.9355184195602388,-0.31105410514052506,0.1674733820091636,0.0018156698907615745,0.007486528940267298,-0.0009553988855766529,0.34634636808332914,1.106665799234045,-0.0071126244912299835,-1.2714399889003136,-0.4051685213399092,2.608155340765057,2.0988590316364766,-0.03464711935803877,0.0391546642052657,-0.09060336223002718,-0.00032046989410162985,-0.01402330367500998,-0.07668927699800815,0.173583984375,-0.03464711935803877,0.0391546642052657,-0.09060336223002718,-0.00032046989410162985,-0.01402330367500998,-0.07668927699800815,1.0,-0.009239590921415072,0.3034997785195337,0.8984041501880321,0.05186351114910173,0.18924186939427062,0.915867547799655,0.0,11.636744589510984,0.0,2,0.037
130,0,0.0,0.07769100624859962,0.24955138725827453,0.9160878448472888,0.9341177153916871,-0.31504675563710655,0.16782181421071812,0.0023397070265954723,0.007295442501287937,-0.0009096350194074528,0.3469152057399301,1.1077341579293367,-0.00755808012826241,-1.2682518863248564,-0.40694974870408984,2.6045297311056816,2.108619875114027,-0.04389196737602519,0.04459747438366102,-0.10104478813529594,-0.00028021121153845585,-0.015489438963217528,-0.07749494108055663,0.09906005859375,-0.04389196737602519,0.04459747438366102,-0.10104478813529594,-0.00028021121153845585,-0.015489438963217528,-0.07749494108055663,1.0,-0.009239590921459312,0.30349977851954013,0.8984041501886296,0.05163454116013153,0.18942899838169128,0.9160293953491306,0.0,10.917331940620556,0.0,2,0.0369
131,0,0.0,0.07802408272820628,0.24951980944738586,0.916298736962486,0.9326004469946982,-0.31925084105890555,0.16830486999905156,0.002962681736571278,0.007123014118782254,-0.0008659326458977868,0.34771798851794283,1.1087550692141634,-0.00816665633728554,-1.2651848244867898,-0.40925356399072926,2.600872137618906,2.11943982235219,-0.02745668201071605,0.030005112612273677,-0.11639311364631955,-6.684019395364338e-05,-0.01808443989499009,-0.07797833953008572,0.053192138671875,-0.02745668201071605,0.030005112612273677,-0.11639311364631955,-6.684019395364338e-05,-0.01808443989499009,-0.07797833953008572,1.0,-0.00923959092147097,0.3034997785195419,0.8984041501887927,0.05133436506841878,0.1896660298376896,0.9162636652725077,0.0,10.475360220073245,0.0,2,0.0653
132,0,0.0,0.07838294967080127,0.2494692614374754,0.9163418104562243,0.9309972784680225,-0.32352205517625404,0.16901137569750457,0.0035640124163971026,0.006978930052842066,-0.0008240941084800745,0.34863866255527265,1.1101936321424855,-0.009018416375904293,-1.2619490774441446,-0.41201969953593903,2.5977480353479683,2.1309545334000277,-0.01780095185859687,0.009453812111091642,-0.10754928296152899,-3.1412553298040824e-05,-0.011684364295569072,-0.07262067338113828,0.0230865478515625,-0.01780095185859687,0.009453812111091642,-0.10754928296152899,-3.1412553298040824e-05,-0.011684364295569072,-0.07262067338113828,1.0,-0.009239590921474038,0.3034997785195421,0.8984041501888372,0.05104608306329682,0.1898541225542153,0.9163135190100726,0.0,10.662085796377031,0.0,2,0.0691
133,0,0.0,0.07872178727539424,0.24938360807769322,0.916220251842365,0.9293904862832637,-0.3277098894983523,0.16977026870140324,0.0041962121239050715,0.006822098951669295,-0.0007841067000328857,0.3495675660653934,1.1119007518204609,-0.00993804752663982,-1.258665310900332,-0.41494691671571404,2.5948278544681984,2.142456749851581,-0.02940837214784653,-0.02142005941808145,-0.0870658299561109,0.002196502939747963,-0.0030367998711113287,-0.07129132764493328,0.0166168212890625,-0.02940837214784653,-0.02142005941808145,-0.0870658299561109,0.002196502939747963,-0.0030367998711113287,-0.07129132764493328,1.0,-0.009239590921474847,0.3034997785195421,0.8984041501888494,0.050759028028291915,0.19000990246163915,0.9162285595677406,0.0,11.012445987571672,0.0,2,0.0682
134,0,0.0,0.07894101089622982,0.2492033268382371,0.9161861501602312,0.9278433427262744,-0.3318111415518229,0.1702433520061154,0.005029791082167737,0.0065355380942497855,-0.0007459798777493749,0.3503480144517566,1.1130633295224541,-0.010667642582811969,-1.2559016338635467,-0.4174786983364971,2.5911947492971925,2.1532393996857735,-0.0012629459597545134,-0.021232376308481515,-0.0850117789583531,0.0037037880149131813,-0.001070247149204201,-0.06617536072075038,0.01580810546875,-0.0012629459597545134,-0.021232376308481515,-0.0850117789583531,0.0037037880149131813,-0.001070247149204201,-0.06617536072075038,1.0,-0.009239590921475062,0.3034997785195421,0.8984041501888529,0.05046505531702021,0.19017003595354526,0.9162230113199976,0.0,10.877994896587511,0.0,2,0.0573
135,0,0.0,0.0791964443711297,0.2490270072784485,0.9162583694059139,0.9263634797193397,-0.33574039776620856,0.17057742786871155,0.005694721394199867,0.006289969741843289,-0.0007089968455582777,0.35087574378869163,1.114114956041196,-0.011135005649484723,-1.2531259232743766,-0.419406566787605,2.5876517633129357,2.1629662051652483,0.03376475597506068,-0.04037605348766482,-0.08233010126683604,0.0077650839118861,0.0009314225855941438,-0.06444318294327113,0.040435791015625,0.03376475597506068,-0.04037605348766482,-0.08233010126683604,0.0077650839118861,0.0009314225855941438,-0.06444318294327113,1.0,-0.00923959092147512,0.3034997785195421,0.8984041501888531,0.050216149185328206,0.19030246755574043,0.9162126218283811,0.0,10.591612947886047,0.0,2,0.0555
136,1,0.4894,0.0795875688881939,0.24885166735869554,0.9162048982207098,0.9249300359344285,-0.3395189595147189,0.1708659368104605,0.006011355443001104,0.00614960828105393,-0.0006736428098213753,0.3510934492763503,1.1157732394967323,-0.011413955642126024,-1.2497326949185092,-0.42063824753935425,2.584687101595899,2.1716672798011087,-0.02745668201071605,0.046239701592659554,-0.08986162159194788,-0.00073191362989726,-0.012888585195963115,-0.07173444289033494,0.2196044921875,-0.02745668201071605,0.046239701592659554,-0.08986162159194788,-0.00073191362989726,-0.012888585195963115,-0.07173444289033494,1.0,-0.009239590921475128,0.3034997785195421,0.8984041501888531,0.05003204401423932,0.19035292613337504,0.9159793299577765,0.0,10.83736212760917,0.0,2,0.0637
137,0,0.0,0.08000612815532426,0.24879988167062195,0.9162369318507779,0.9234682072849787,-0.3433263708888556,0.17115560746197936,0.006263483094475893,0.006094193903204885,-0.0006396074366492058,0.35139323823397733,1.1174090951411157,-0.011572624287838578,-1.2460876242931278,-0.4218673552198415,2.5814611548363313,2.1805047105954363,-0.019033598260995044,0.045535889931660134,-0.0782790562434803,-0.00040340278018176357,-0.011915551297102811,-0.07652814418149845,0.160400390625,-0.019033598260995044,0.045535889931660134,-0.0782790562434803,-0.00040340278018176357,-0.011915551297102811,-0.07652814418149845,1.0,-0.009239590921475128,0.3034997785195421,0.8984041501888531,0.049813850800835995,0.1905065737333343,0.915987074896913,0.0,10.465820959171925,0.0,2,0.0579
138,0,0.0,0.08041803587021501,0.2488255897718464,0.9164425740826105,0.9218852452894437,-0.3473239704159426,0.17160647939183282,0.006698531396339767,0.006064184972600504,-0.000607183154138878,0.35198114690013516,1.1187906197655355,-0.011876032144865718,-1.2424089219914676,-0.4236558990407764,2.5777217178953937,2.190374327786866,-0.010199632377141388,0.03835701098946642,-0.08124601879579718,-0.0001602403375002004,-0.010086540209019529,-0.07769635710119376,0.10516357421875,-0.010199632377141388,0.03835701098946642,-0.08124601879579718,-0.0001602403375002004,-0.010086540209019529,-0.07769635710119376,1.0,-0.009239590921475128,0.3034997785195421,0.8984041501888531,0.04956753239886705,0.19073023629581537,0.9161892125128056,0.0,9.893730392855558,0.0,2,0.0572
139,0,0.0,0.08082377124339468,0.24885463214948308,0.9166014441305765,0.9202033892877968,-0.3514901850703954,0.17212862096631648,0.007218724725590542,0.006036632008585412,-0.0005762179950562478,0.35269431721863753,1.1203379910626077,-0.012292210984820282,-1.2385440523562956,-0.42567450160278403,2.573826093562745,2.2008641778117632,0.013836972469623343,0.031788102153472164,-0.08312889887707509,0.00014653082363118297,-0.014153529264481518,-0.07995221653232952,0.07373046875,0.013836972469623343,0.031788102153472164,-0.08312889887707509,0.00014653082363118297,-0.014153529264481518,-0.07995221653232952,1.0,-0.009239590921475128,0.3034997785195421,0.8984041501888531,0.04929754197675249,0.19096829830559517,0.9163716896413204,0.0,9.66722991546781,0.0,2,0.059
140,0,0.0,0.08132087675439204,0.24885576320083283,0.9166380432612993,0.9184231005306895,-0.35577074999550323,0.1728216662879631,0.007671604830980908,0.006034340634697877,-0.0005464159338047183,0.35344783222634457,1.1224012384205628,-0.012887770268609787,-1.234166240665276,-0.42785561937485705,2.570232094127755,2.211803885165198,0.031145382369964558,0.01672653260808532,-0.06857937097629074,0.00023026888336258322,-0.010379181983112856,-0.07846173797961481,0.04705810546875,0.031145382369964558,0.01672653260808532,-0.06857937097629074,0.00023026888336258322,-0.010379181983112856,-0.07846173797961481,1.0,-0.009239590921475128,0.3034997785195421,0.8984041501888531,0.04906992320824493,0.19115140645585438,0.9163693413158251,0.0,9.865597186764552,0.0,2,0.0564
141,0,0.0,0.08187053799891203,0.24884335274508562,0.9165815951501342,0.9165850125629338,-0.36010494258199893,0.17358163449987477,0.008109330266586418,0.0060473894093478085,-0.000517897502920605,0.3542144909394813,1.1248294022053438,-0.013544948215349299,-1.2293705835288733,-0.43005413252184516,2.5666385455664598,2.222875179983401,0.024879429824440358,-0.02085701008928187,-0.058851157223021144,0.0015169363780816042,-0.002872920477619084,-0.07507794883291116,0.039459228515625,0.024879429824440358,-0.02085701008928187,-0.058851157223021144,0.0015169363780816042,-0.002872920477619084,-0.07507794883291116,1.0,-0.009239590921475128,0.3034997785195421,0.8984041501888531,0.048856241291646056,0.1913246912445533,0.9162935391698921,0.0,10.068733810571699,0.0,2,0.0607
142,0,0.0,0.08235399388419412,0.24877856732388393,0.9165734277180508,0.9147797620911502,-0.36439857920598584,0.17411317162054063,0.00873302979224471,0.006022766164614601,-0.0004907666543609407,0.354892115383843,1.1270335140445018,-0.014044075250797943,-1.2246446136041609,-0.4318927471483592,2.562296231085204,2.2333672208114117,0.03941438531938568,-0.02592445404847743,-0.06447126898077515,0.0042835130438228786,-0.000894662084748199,-0.07076764599127676,0.05609130859375,0.03941438531938568,-0.02592445404847743,-0.06447126898077515,0.0042835130438228786,-0.000894662084748199,-0.07076764599127676,1.0,-0.009239590921475128,0.3034997785195421,0.8984041501888531,0.04861810649721204,0.19150702506459338,0.9162962270995081,0.0,9.823815077285081,0.0,2,0.0591
143,0,0.0,0.08284409385003744,0.24870751780103437,0.9165984274142244,0.9130518401193173,-0.3685343233678144,0.17444867870752573,0.00929775519970371,0.0059940802212622305,-0.00046451262776760335,0.35536424266374084,1.1292556306096242,-0.014309199671773482,-1.2197790524512624,-0.43315051271526916,2.5578014372239615,2.242855464398025,0.0764836578581729,-0.04375434946046186,-0.07399978333148494,0.009517141777035415,0.00038125605029870613,-0.0703648139500025,0.1470947265625,0.0764836578581729,-0.04375434946046186,-0.07399978333148494,0.009517141777035415,0.00038125605029870613,-0.0703648139500025,1.0,-0.009239590921475128,0.3034997785195421,0.8984041501888531,0.04840580693062531,0.19169508729876977,0.9163328814886069,0.0,9.917701633801109,0.0,2,0.0536
144,1,0.4841,0.08348085162036915,0.24859693914431744,0.9164472479736083,0.9113542010928491,-0.37257731596545535,0.17472571420624777,0.009517802976919384,0.005998910705229963,-0.0004392883180404234,0.3555173924148749,1.1322252529347239,-0.014462996467592849,-1.2141789256302271,-0.43367705280669205,2.5539476394400276,2.2514080737055764,-0.027970284678381918,0.02151245190288109,-0.07057636500188857,0.00015297221284128748,-0.010077760955796738,-0.07519879844529344,0.1605224609375,-0.027970284678381918,0.02151245190288109,-0.07057636500188857,0.00015297221284128748,-0.010077760955796738,-0.07519879844529344,1.0,-0.009239590921475128,0.3034997785195421,0.8984041501888531,0.04830471905589388,0.1917842368140064,0.9160967306806449,0.0,10.807725601460293,0.0,2,0.0594
145,0,0.0,0.08398652304715876,0.2485329028394533,0.9164803219990152,0.9096539746288745,-0.37667569220739444,0.17477171786435322,0.009995797952804822,0.005978886771624891,-0.0004152916815984413,0.35579879522481067,1.134520638384989,-0.014449309862782873,-1.2089712675293887,-0.4340776411078995,2.5489598787221284,2.2599258858467186,-0.02735396147718283,0.03197578526307199,-0.05896527116734107,0.00043639333808602465,-0.00816388375322638,-0.07568219689482253,0.1353759765625,-0.02735396147718283,0.03197578526307199,-0.05896527116734107,0.00043639333808602465,-0.00816388375322638,-0.07568219689482253,1.0,-0.009239590921475128,0.3034997785195421,0.8984041501888531,0.048094173117312594,0.1920067201180566,0.916193733729458,0.0,9.797815435586054,0.0,2,0.0612
146,0,0.0,0.08435977322324269,0.24858273140129558,0.916902620701423,0.9079113561959262,-0.3808013231282428,0.17484514853500913,0.010793314042629135,0.005937447811327549,-0.0003921732905835717,0.3563972285205573,1.1358258656293132,-0.01444038358008034,-1.2044435259768007,-0.43496438388740166,2.543094535638119,2.2690212409593036,-0.0023928718286195805,0.010392227659090869,-0.03796830541248353,0.00041062778124559274,-0.005705692850842464,-0.07378888630083359,0.09979248046875,-0.0023928718286195805,0.010392227659090869,-0.03796830541248353,0.00041062778124559274,-0.005705692850842464,-0.07378888630083359,1.0,-0.009239590921475128,0.3034997785195421,0.8984041501888531,0.0478132993130367,0.19238250330762457,0.9167487522610348,0.0,8.497207709369066,0.0,2,0.0591
147,0,0.0,0.08473429654646908,0.2485880410588401,0.9173824761911966,0.9061412247267944,-0.3848948157291634,0.17501039311880354,0.011637180751353747,0.005871959485854917,-0.0003701542941675476,0.3570133972927836,1.1369766412555053,-0.014522915560296034,-1.2001070179834952,-0.43604061613736106,2.5373012298513613,2.278214073326497,0.03217258770529641,-0.0016194913552987078,-0.033546390070088195,0.0004879244517668885,-0.00865552193370317,-0.07701154263102754,0.0732421875,0.03217258770529641,-0.0016194913552987078,-0.033546390070088195,0.0004879244517668885,-0.00865552193370317,-0.07701154263102754,1.0,-0.009239590921475128,0.3034997785195421,0.8984041501888531,0.04758072253877854,0.19270119711430275,0.917204193324437,0.0,7.271759602020029,0.0,2,0.061
148,0,0.0,0.08522070405698132,0.24853046969870773,0.9177625466490927,0.9042951416410083,-0.3890378193435904,0.17535349110263107,0.012289226296680653,0.005785891926039706,-0.0003489142221276186,0.35754686724264656,1.1385577888609877,-0.014757924514346061,-1.1954480049156837,-0.4371657531802145,2.532176878406584,2.287602314569909,0.04562897759814322,-0.014663467472487257,-0.029395495345452716,0.0007004902957004483,-0.008596993578884493,-0.08019391575709406,0.04400634765625,0.04562897759814322,-0.014663467472487257,-0.029395495345452716,0.0007004902957004483,-0.008596993578884493,-0.08019391575709406,1.0,-0.009239590921475128,0.3034997785195421,0.8984041501888531,0.04746112301732456,0.1929821565452026,0.9174893030969954,0.0,6.641487740249015,0.0,2,0.0571
149,0,0.0,0.0858119521758006,0.24837600523112377,0.9179962648438564,0.9023291576644196,-0.3933464306295476,0.17583101353438155,0.012811378500553784,0.005626229408055701,-0.00032869392868451066,0.35800005875794266,1.1406422295453171,-0.015159616746090582,-1.1903606115834438,-0.4382813722781028,2.5274598657750063,2.297333998715466,0.03967118665321867,-0.03643470818606831,-0.0488947155811118,0.00277622796865766,-0.0022408142455774827,-0.0772935250599195,0.03131103515625,0.03967118665321867,-0.03643470818606831,-0.0488947155811118,0.00277622796865766,-0.0022408142455774827,-0.0772935250599195,1.0,-0.009239590921475128,0.3034997785195421,0.8984041501888531,0.04739997156274331,0.1931927826629221,0.9175321113657453,0.0,6.316857506825131,0.0,2,0.0545
150,0,0.0,0.08633009857088511,0.24813542316907874,0.9179963854288674,0.9003492050091786,-0.39770263982993453,0.17613726830330712,0.013400821851256385,0.005434602970813811,-0.0003095913413574334,0.3583378650481405,1.143059920604625,-0.015505406161106947,-1.1852084795426558,-0.4391239918144283,2.52267384594531,2.3068519339570206,0.061935862296536026,-0.03690391596006792,-0.060933736706858865,0.006818199698000266,0.00012373128909656805,-0.07475568319989177,0.043304443359375,0.061935862296536026,-0.03690391596006792,-0.060933736706858865,0.006818199698000266,0.00012373128909656805,-0.07475568319989177,1.0,-0.009239590921475128,0.3034997785195421,0.8984041501888531,0.04730483046721296,0.1933586141597109,0.9174040984640097,0.0,6.473758319681544,0.0,2,0.0556
151,0,0.0,0.08687003019459377,0.24790634382002585,0.9177684796229294,0.898419048412378,-0.4019527858764594,0.1763167833215209,0.013768198687589037,0.00535461131121431,-0.0002907899792331231,0.3584699168316432,1.1460665846203502,-0.01569870227723763,-1.1796448739379126,-0.4394745467722746,2.518400985691641,2.3156966365572633,0.09440999596804978,-0.055859910029651294,-0.06390069925917574,0.012473739424474856,0.00597656677096306,-0.07370831989257874,0.07647705078125,0.09440999596804978,-0.055859910029651294,-0.06390069925917574,0.012473739424474856,0.00597656677096306,-0.07370831989257874,1.0,-0.009239590921475128,0.3034997785195421,0.8984041501888531,0.04718443213763176,0.193461154464132,0.917061982469228,0.0,7.388429487765922,0.0,2,0.0739
152,1,0.5106,0.08756436265491262,0.24765460382360557,0.9173567461709281,0.8965285714349572,-0.40610216596662463,0.1764301553779646,0.013782295575005973,0.0053331648992095025,-0.0002727452269221811,0.35828770530077014,1.1498629254828427,-0.015766289823768365,-1.1732487793198394,-0.43914178247415747,2.5147227772848355,2.323624903528938,-0.011432278779539562,-0.005936202876094976,-0.04247580621311864,0.0004476657692037145,-0.00913252802547529,-0.07979108371581982,0.215576171875,-0.011432278779539562,-0.005936202876094976,-0.04247580621311864,0.0004476657692037145,-0.00913252802547529,-0.07979108371581982,1.0,-0.009239590921475128,0.3034997785195421,0.8984041501888531,0.04710820982747674,0.19344431478142587,0.9164305363852424,0.0,8.803856418655057,0.0,2,0.0476
153,0,0.0,0.08813043742095318,0.2473856970124816,0.9173244567994887,0.894609617209672,-0.41034017566970665,0.17632579316741714,0.014275422627645244,0.005293834475300307,-0.00025570818666366396,0.3582721851757038,1.152585065918113,-0.01570710783145304,-1.1673525633410122,-0.4388342141930938,2.509257472649174,2.331603409477363,-0.01009691184360817,0.0015711215078985097,-0.023504362969938963,0.0006038694575488252,-0.0069347883020344225,-0.08297345684188635,0.12548828125,-0.01009691184360817,0.0015711215078985097,-0.023504362969938963,0.0006038694575488252,-0.0069347883020344225,-0.08297345684188635,1.0,-0.009239590921475128,0.3034997785195421,0.8984041501888531,0.04700332274426128,0.19348372884432766,0.916166691641564,0.0,7.443132610480785,0.0,2,0.0361
154,0,0.0,0.08853840650858336,0.24722468203947978,0.9178376569994998,0.8925723232412694,-0.414757704126517,0.17623747842882703,0.015200192381363838,0.005190536254449581,-0.00023916850273946415,0.3586492416392378,1.1539640288290227,-0.015669064028243394,-1.162326632385157,-0.43900556969439003,2.5024898172247303,2.340462372719387,0.02241413701964401,-0.0202939607604824,-0.0028624431394985717,0.0007890593973394339,-0.00397325354820996,-0.07906598604152618,0.09600830078125,0.02241413701964401,-0.0202939607604824,-0.0028624431394985717,0.0007890593973394339,-0.00397325354820996,-0.07906598604152618,1.0,-0.009239590921475128,0.3034997785195421,0.8984041501888531,0.04682484618236395,0.19374977047032865,0.9165554675579395,0.0,6.112598512727529,0.0,2,0.0376
155,0,0.0,0.08896691449539569,0.2470631050900983,0.9184422704753007,0.8904847778528799,-0.4191684747605888,0.17628324271092385,0.016089391489702058,0.0050347760506276535,-0.00022335422675402207,0.3590799148479173,1.1551888750807338,-0.015743891355265677,-1.1574649897653255,-0.4393477614934266,2.495947600027923,2.3495050918927247,0.059059687357606916,-0.02761360203487595,-0.010752129692192636,0.0009275492653567502,-0.0058812779152984385,-0.08003278294058437,0.06878662109375,0.059059687357606916,-0.02761360203487595,-0.010752129692192636,0.0009275492653567502,-0.0058812779152984385,-0.08003278294058437,1.0,-0.009239590921475128,0.3034997785195421,0.8984041501888531,0.04668005155680231,0.19403222387701335,0.9169556881828431,0.0,4.871061153940968,0.0,2,0.0372
156,0,0.0,0.0895889741415663,0.246781179806639,0.9188863860969689,0.8883597148001585,-0.4235015542233766,0.1765926732648089,0.01668767328759363,0.004675323808332187,-0.00020812500770377266,0.35933775353138386,1.1571042920793955,-0.0160617575350246,-1.1520725251350936,-0.43973823620396735,2.490473757232134,2.358440116900048,0.07156591231527187,-0.030616531788473345,-0.03751184963520404,0.001608726174325642,-0.007795155117868796,-0.08132184547266194,0.04449462890625,0.07156591231527187,-0.030616531788473345,-0.03751184963520404,0.001608726174325642,-0.007795155117868796,-0.08132184547266194,1.0,-0.009239590921475128,0.3034997785195421,0.8984041501888531,0.04661635363360036,0.1942094294560375,0.916955841434926,0.0,4.052744295367023,0.0,2,0.0375
157,0,0.0,0.09038390524358775,0.24636098141167256,0.9189570968565378,0.8861733773836603,-0.4278331200800288,0.17710691965047712,0.01699133870365608,0.004276907164763967,-0.0001936608008228444,0.35941169916305143,1.1601277857573584,-0.01662484351231536,-1.1458933452451203,-0.4400832625750969,2.486106877389672,2.367378590071777,0.059676010558806,-0.04741417009765869,-0.06090520822077894,0.003916353858846727,-0.003557702228997456,-0.07930768526629073,0.040924072265625,0.059676010558806,-0.04741417009765869,-0.06090520822077894,0.003916353858846727,-0.003557702228997456,-0.07930768526629073,1.0,-0.009239590921475128,0.3034997785195421,0.8984041501888531,0.04659501890750785,0.19421935154323644,0.9165244894844391,0.0,4.217502175760796,0.0,2,0.0379
158,0,0.0,0.09112649939252375,0.24586773668458375,0.9186401356997562,0.8839920755560334,-0.43215186692665,0.177493185705687,0.017289976691500016,0.0040631961262577124,-0.00018002110918870505,0.35938414075749514,1.1638557311118545,-0.017188616844484965,-1.1393925369570466,-0.44017882334525454,2.4819722381834177,2.376088050500264,0.0792956324636438,-0.05229393094725443,-0.06606886420125346,0.00837057449763623,-0.0014799456329348537,-0.07918683565390845,0.05609130859375,0.0792956324636438,-0.05229393094725443,-0.06606886420125346,0.00837057449763623,-0.0014799456329348537,-0.07918683565390845,1.0,-0.009239590921475128,0.3034997785195421,0.8984041501888531,0.046536700309982935,0.19406685540505436,0.9155917289338689,0.0,4.7962702977378715,0.0,1,0.039
159,0,0.0,0.09188619364492506,0.2454540679060912,0.918192980283008,0.8818390868475938,-0.4364061872302484,0.1777826395848491,0.017401083793890007,0.004005685438076153,-0.0001663040000095588,0.3592507156228216,1.1680221794807202,-0.017570621474570544,-1.1324441830049317,-0.43994816605666653,2.4780998076009655,2.384411054951529,0.09048896060208778,-0.07941414028443083,-0.07616794827356255,0.016029386268454335,0.0032023227525583564,-0.07967023410343754,0.07879638671875,0.09048896060208778,-0.07941414028443083,-0.07616794827356255,0.016029386268454335,0.0032023227525583564,-0.07967023410343754,1.0,-0.009239590921475128,0.3034997785195421,0.8984041501888531,0.046444644207215655,0.1940327325649707,0.9148652492570082,0.0,6.774386250088704,0.0,4,0.0404
160,1,0.4651,0.092694880232283,0.2451392045324535,0.9176959501749322,0.8796803775844788,-0.4407104029031883,0.17787567625560444,0.01723420617112066,0.003980490369096358,-0.00015329780704099013,0.3589270672675355,1.1725692727366397,-0.017669348418120148,-1.124934049477926,-0.4390260034728852,2.4743025485053223,2.3922125296765935,-0.0037795990313175265,-0.02845817602807521,-0.013818941945789365,0.0006811661280701209,-0.009243731899630764,-0.07330548785130449,0.517578125,-0.0037795990313175265,-0.02845817602807521,-0.013818941945789365,0.0006811661280701209,-0.009243731899630764,-0.07330548785130449,-1.0,-0.009239590921475128,0.3034997785195421,0.8984041501888531,0.04632360417604074,0.1942165972526082,0.9145621635015454,0.0,8.223766470218386,0.0,4,0.0416
161,0,0.0,0.09332602893297572,0.2449046386580928,0.917822532590592,0.8775823427694865,-0.44492057251475714,0.17771444752566448,0.017677413640207786,0.004056830164775742,-0.0005158680845411825,0.35887247569864955,1.1755084150651223,-0.017513163636949568,-1.1181782374917082,-0.4382076480339604,2.4682055434173833,2.3996425947555404,0.008341423925598002,-0.018980178993283525,0.004614026122630843,0.0006698936969524311,-0.008561876565993304,-0.07471539999576435,0.30517578125,0.008341423925598002,-0.018980178993283525,0.004614026122630843,0.0006698936969524311,-0.008561876565993304,-0.07471539999576435,1.0,-0.009239590921475128,0.3034997785195421,0.8984041501888531,0.04618419818110016,0.19443677845425014,0.9146756074531146,0.0,5.463609164983233,0.0,3,0.0387
162,0,0.0,0.09387119868155572,0.24479887302414585,0.918622160196517,0.875504321581901,-0.448961097980899,0.177713713247902,0.018545929872677572,0.004189611315327033,-0.0012202189738937932,0.35918210588492167,1.1770257902954624,-0.017362091228282958,-1.1122514888841033,-0.43811990800008327,2.4609476929717014,2.4073743065977005,0.02909097169930086,-0.03042884867887352,0.016777859374977888,0.0011030771213321744,-0.006039304473308832,-0.07056622997063963,0.1865234375,0.02909097169930086,-0.03042884867887352,0.016777859374977888,0.0011030771213321744,-0.006039304473308832,-0.07056622997063963,1.0,-0.009239590921475128,0.3034997785195421,0.8984041501888531,0.04608353207356583,0.19471925449424513,0.9153125090246225,0.0,3.732944240083574,0.0,4,0.0389
163,0,0.0,0.09440400440257375,0.24457506311930782,0.9193691304306462,0.8734210426714984,-0.45292663139781597,0.1778073342109277,0.01943452314984375,0.0038270689606703075,-0.00110695905306952,0.3594685625487353,1.1784822576996399,-0.017419881415776058,-1.106691698579293,-0.4381457975901584,2.4541275656066746,2.415067798140096,0.05569558988439516,-0.033713303096870706,-0.0022294673545992794,0.0016972952759646137,-0.006419738779630174,-0.0731443550347948,0.07318115234375,0.05569558988439516,-0.033713303096870706,-0.0022294673545992794,0.0016972952759646137,-0.006419738779630174,-0.0731443550347948,1.0,-0.009239590921475128,0.3034997785195421,0.8984041501888531,0.04603477056121936,0.19501083857800444,0.9156948248342263,0.0,1.9339996572513904,0.0,3,0.0391
164,0,0.0,0.0950530320096986,0.24419759899101817,0.9198104947693531,0.8713256293070889,-0.45681415923961577,0.17807769976058566,0.020020101867525925,0.0031904629654280637,-0.0010008540870708584,0.3595472514359319,1.180658199741108,-0.017723697198570663,-1.1009164426922757,-0.4381500995349836,2.4486473540431404,2.4226565424311044,0.07322228091849436,-0.04122062748086408,-0.05545626737950482,0.0035202084224251057,-0.005506696444459003,-0.07805890593834057,0.04559326171875,0.07322228091849436,-0.04122062748086408,-0.05545626737950482,0.0035202084224251057,-0.005506696444459003,-0.07805890593834057,1.0,-0.009239590921475128,0.3034997785195421,0.8984041501888531,0.04599177707531391,0.19520006378859145,0.9156947756550977,0.0,1.276732889224191,0.0,1,0.044
165,0,0.0,0.09580667924926273,0.24368275799484615,0.9196219767806065,0.8691517229959945,-0.46076264908422526,0.17850701771395788,0.02020663873207252,0.0026920309864755377,-0.0009407498532646752,0.3594113929281051,1.18426715625475,-0.01828006757722504,-1.0944785975875602,-0.43810141529335067,2.4448272244022324,2.4305278497778313,0.06545404057004744,-0.048446427200457776,-0.09499674908634248,0.006818199698000266,-0.0034757625322513197,-0.07604474573196936,0.054168701171875,0.06545404057004744,-0.048446427200457776,-0.09499674908634248,0.006818199698000266,-0.0034757625322513197,-0.07604474573196936,1.0,-0.009239590921475128,0.3034997785195421,0.8984041501888531,0.0459048429256095,0.19542812506386006,0.9155093165291791,0.0,2.2598146084677193,0.0,3,0.0417
166,0,0.0,0.09651538646049664,0.24319290183006068,0.9188233871644821,0.8669553077019563,-0.4647491074703316,0.17886071584271263,0.02013965941042132,0.002490318805437362,-0.0008943112917187651,0.3591803859327632,1.1890781411683888,-0.018796296025913834,-1.0874814593888444,-0.43785676674134877,2.4419517528526673,2.4385196648694394,0.1293718925610703,-0.05492149448165218,-0.08951927975898832,0.012138787185549255,-0.0019247611295566958,-0.0774546578764292,0.388671875,0.1293718925610703,-0.05492149448165218,-0.08951927975898832,0.012138787185549255,-0.0019247611295566958,-0.0774546578764292,1.0,-0.009239590921475128,0.3034997785195421,0.8984041501888531,0.04575441323840824,0.19569544370345593,0.915092205163515,0.0,4.663106942793817,0.0,3,0.0416
167,0,0.0,0.09746491738109689,0.2428467778059331,0.9178891668261451,0.8647260464200432,-0.46871812044778693,0.17936897424421236,0.019466876617295036,0.002484939401079867,-0.0008490993017921017,0.35881042413343256,1.1949155080904768,-0.019276278437006526,-1.079220989388137,-0.4372512517666179,2.4401553745989166,2.446308267026962,0.11447741519875876,-0.07838188318163164,-0.08906282398170873,0.014908584545895581,0.0015050004628170688,-0.07709210903928239,0.5361328125,0.11447741519875876,-0.07838188318163164,-0.08906282398170873,0.014908584545895581,0.0015050004628170688,-0.07709210903928239,-1.0,-0.009239590921475128,0.3034997785195421,0.8984041501888531,0.04560818345026845,0.19600349524991983,0.9146316221281151,0.0,8.057511083372555,0.0,4,0.0422
168,1,0.4657,0.09855379791173004,0.2426040760835633,0.9170941647620738,0.8624752238917585,-0.47274603197748266,0.17972863652882604,0.018582105206183953,0.002898594246817771,-0.0010550326544478813,0.3583356867002487,1.2010723733926894,-0.019519664583469133,-1.0699289672109018,-0.4359075148027462,2.437819649324144,2.4534691831734015,-0.012048601980738649,-0.012129745492889477,-0.023475834483859037,0.0002866310389510185,-0.009869985296190459,-0.058038153487010635,0.86767578125,-0.012048601980738649,-0.012129745492889477,-0.023475834483859037,0.0002866310389510185,-0.009869985296190459,-0.058038153487010635,-1.0,-0.009239590921475128,0.3034997785195421,0.8984041501888531,0.04543846052547294,0.19622592873548145,0.9143283451296585,0.0,9.241575292870419,0.0,3,0.0397
169,0,0.0,0.09941699312348552,0.2427326256339827,0.9173232629560522,0.8604595709047721,-0.4763921332626986,0.17976998423631937,0.018509861465248766,0.003694451782049498,-0.0028876821377509547,0.35839992639082924,1.205061854103929,-0.019210455591875533,-1.0612341677130188,-0.4347757486581072,2.4320355956922586,2.4596372829593594,-0.0036768784977843083,-0.019543228322082995,-0.006683254365037028,0.0007890593973394339,-0.009717811573661944,-0.06545026304645674,0.6083984375,-0.0036768784977843083,-0.019543228322082995,-0.006683254365037028,0.0007890593973394339,-0.009717811573661944,-0.06545026304645674,-1.0,-0.009239590921475128,0.3034997785195421,0.8984041501888531,0.045244701885545524,0.19651099915183634,0.9147681879711472,0.0,5.992460604570852,0.0,1,0.0399
170,0,0.0,0.10027323448293649,0.24292480520422544,0.9185156517087384,0.8585229690299416,-0.47976013262960215,0.18001733322661592,0.019033825816591035,0.00493456611811519,-0.006093703883398271,0.35883335596526755,1.207279720817781,-0.018974042751511332,-1.053233121518226,-0.43433245067127413,2.4244516135542304,2.4656635342940194,0.008238703392064894,-0.0444112403440613,0.01045166758674465,0.0014943915158462245,-0.009436875470532347,-0.0644028997391437,0.284912109375,0.008238703392064894,-0.0444112403440613,0.01045166758674465,0.0014943915158462245,-0.009436875470532347,-0.0644028997391437,1.0,-0.009239590921475128,0.3034997785195421,0.8984041501888531,0.04477371513428687,0.19654181630555767,0.9151797490530524,0.0,4.47816032163161,0.0,1,0.0362
171,0,0.0,0.10110177745967472,0.2429926250406044,0.9198202562125051,0.8564980918289191,-0.48322476427750094,0.1803243000097587,0.019697530514344266,0.006534113981232637,-0.008629270686876593,0.3592907554064256,1.2091219406823484,-0.018929495804999474,-1.0456794912931564,-0.4340062041275002,2.416709702762995,2.4719642878297927,0.014504655937588984,-0.05173088161845496,-0.02327613508129922,0.002318889334740018,-0.013065633469289573,-0.06911603462205236,0.0716552734375,0.014504655937588984,-0.05173088161845496,-0.02327613508129922,0.002318889334740018,-0.013065633469289573,-0.06911603462205236,1.0,-0.009239590921475128,0.3034997785195421,0.8984041501888531,0.04388752805707194,0.19622050505500485,0.9153646054251664,0.0,1.4141109896482342,0.0,1,0.0433
172,0,0.0,0.10173375206913084,0.24274821964568172,0.9205306872841423,0.8543983805948293,-0.4868156485590831,0.18053197799302984,0.020545960110371634,0.006904111231459075,-0.008619099980008918,0.3595987545839963,1.2114410545579015,-0.019169018426455596,-1.0388310701066616,-0.43377679372094885,2.4097464141800944,2.478720188216293,0.029810015434033166,-0.06130272020804661,-0.0670388327279724,0.0044155615226300765,-0.014065005127818275,-0.07350690387194161,0.0673828125,0.029810015434033166,-0.06130272020804661,-0.0670388327279724,0.0044155615226300765,-0.014065005127818275,-0.07350690387194161,1.0,-0.009239590921475128,0.3034997785195421,0.8984041501888531,0.0438329997721015,0.19621475198458033,0.9156121739658412,0.0,0.7161496008678494,0.0,1,0.039
173,0,0.0,0.10231675940290669,0.2422251355834285,0.9204916617289605,0.8521548930815039,-0.49058457075006195,0.18085998647592263,0.021177403786939775,0.0061431688132528445,-0.00679860087799779,0.35968645085423967,1.2147919569937433,-0.019791501517500514,-1.0322657268708904,-0.4337181316495687,2.4046121671245277,2.486258225777689,0.04588577893197621,-0.0673085797152414,-0.07816494229916049,0.006631399410907138,-0.011081522240936836,-0.07403058552559813,0.202880859375,0.04588577893197621,-0.0673085797152414,-0.07816494229916049,0.006631399410907138,-0.011081522240936836,-0.07403058552559813,1.0,-0.009178848233946331,0.30360202013066595,0.8984372631922184,0.043984679501394786,0.19652125005671575,0.9160183465486168,0.0,1.4638460242318123,0.0,1,0.0374
174,0,0.0,0.10292072686579028,0.24151367827548642,0.9199083759063497,0.8498166942341323,-0.4944529851600933,0.18128718021327986,0.021512553487679713,0.004545361366199934,-0.004324257722393551,0.35957187713972777,1.2189941714324157,-0.020685598055462398,-1.0257392882982403,-0.4335997264665625,2.4009981187369367,2.4941512801925882,0.11913835940782691,-0.04272209235766278,-0.05434365642238592,0.005143438503372261,-0.0073327811148013455,-0.06915631782617979,0.94287109375,0.11913835940782691,-0.04272209235766278,-0.05434365642238592,0.005143438503372261,-0.0073327811148013455,-0.06915631782617979,-1.0,-0.009001817104283816,0.3040046459936339,0.8985896232725078,0.04409529323640239,0.19694556734963453,0.916368223059719,0.0,1.7699219366746988,0.0,1,0.041
175,0,0.0,0.1038128588841742,0.2408787345914748,0.9191357827180054,0.8475320331179894,-0.49810086694062594,0.1820434276267706,0.02109904381196917,0.004060810063793435,-0.0034189052783059684,0.3592864648672268,1.2242097888811194,-0.021712937868099927,-1.0183004496313148,-0.43337809574909775,2.3993241321682404,2.5016794996475213,0.12305457974877954,-0.05745521646124996,-0.05337368789566699,0.007095179434034898,-0.002041817839194021,-0.06976056588809115,0.94482421875,0.12305457974877954,-0.05745521646124996,-0.05337368789566699,0.007095179434034898,-0.002041817839194021,-0.06976056588809115,-1.0,-0.009015824593026281,0.30464148824064485,0.8984160136232852,0.044010645969521124,0.19723175262110498,0.9159877684549302,0.0,3.4566503028978706,0.0,3,0.0442
176,1,0.4658,0.10490351046369742,0.24046846880588638,0.9184077310748888,0.8453268623317113,-0.5015783439813024,0.18285030919745696,0.02018477386030297,0.004711327579998159,-0.0042835000514559185,0.358947420890765,1.2300686938806735,-0.022545914764025732,-1.0097101835984856,-0.4327135290299002,2.398064426783768,2.5085702920402104,-0.017698231325063762,-0.009971389732491454,-0.022762622331859772,0.00035426562565715747,-0.0098202361945946,-0.055460028422855495,0.80712890625,-0.017698231325063762,-0.009971389732491454,-0.022762622331859772,0.00035426562565715747,-0.0098202361945946,-0.055460028422855495,-1.0,-0.00909997341136517,0.3049901503719443,0.8983460728145517,0.04389149350780118,0.19739838128242912,0.9155359897196879,0.0,5.151117870908412,0.0,1,0.0406
177,0,0.0,0.10568444929651569,0.2405354806696618,0.9184861899805399,0.8433148793971414,-0.504847710386467,0.18316582827714312,0.019977058253745433,0.005794078062353001,-0.006877632271887806,0.35913945834177463,1.234151104781229,-0.022622863985313206,-1.0015457847020213,-0.43197376270039234,2.3934414413209435,2.5147000447673893,-0.016671025989731914,0.00241569550109777,-0.010623751504832746,0.0008083835649697474,-0.014816911586129328,-0.0640806341061243,0.70556640625,-0.016671025989731914,0.00241569550109777,-0.010623751504832746,0.0008083835649697474,-0.014816911586129328,-0.0640806341061243,-1.0,-0.009132899936905806,0.3050262606136804,0.8983888256833074,0.04341052573331241,0.19760682233605106,0.9154496409348593,0.0,4.606189503306604,0.0,1,0.0414
178,0,0.0,0.10639412309773202,0.24078233459201864,0.9195149953220059,0.841296899890785,-0.5080517197439378,0.18354768843555264,0.020327871736745246,0.008032996209172213,-0.010519829550304305,0.3597494471739861,1.236474474653185,-0.022603496546386426,-0.993992332146559,-0.43174124782459206,2.3867620482221,2.5210060242340684,-0.01677374652326502,-0.035683975747668906,0.008447541439626782,0.0020451302933104376,-0.015326656976378111,-0.06855206976426842,0.317138671875,-0.01677374652326502,-0.035683975747668906,0.008447541439626782,0.0020451302933104376,-0.015326656976378111,-0.06855206976426842,1.0,-0.009564783756917316,0.3052592536032184,0.8983790599707203,0.041949396870266074,0.1973456088961946,0.9158437734734677,0.0,4.396473938262974,0.0,1,0.0544
179,0,0.0,0.10704683262522222,0.24087493577480495,0.920782796421487,0.8390685277836034,-0.5115417083042442,0.18398086540964975,0.020979216175703037,0.010510266335614067,-0.013302237048404912,0.36042891733720783,1.2380991793533391,-0.022778616962731934,-0.9870467183409004,-0.43171369868552634,2.3793513589887376,2.52803706537346,-0.013075807316070498,-0.04412971567966162,-0.026542646737455766,0.002547558651698839,-0.019805173526658837,-0.0695188666633266,0.1097412109375,-0.013075807316070498,-0.04412971567966162,-0.026542646737455766,0.002547558651698839,-0.019805173526658837,-0.0695188666633266,1.0,-0.010060904112889296,0.30526505719247765,0.8985074731399361,0.040066182758803345,0.1968017816219269,0.9157610546908483,0.0,1.3517029495302375,0.0,1,0.0407
180,0,0.0,0.1074771674043919,0.2406692509012733,0.9215342352051429,0.8367151678251297,-0.5152311384710645,0.18429918205896437,0.02187266269963284,0.011215566794457512,-0.0133878463586522,0.361011368174127,1.2399381728512968,-0.023249697974182734,-0.9810501834837209,-0.4317449663241361,2.3725592074295347,2.535672588380024,0.005978851654334871,-0.05829979045444922,-0.060933736706858865,0.004370471798159331,-0.019389622207446333,-0.07108991162429615,0.18798828125,0.005978851654334871,-0.05829979045444922,-0.060933736706858865,0.004370471798159331,-0.019389622207446333,-0.07108991162429615,1.0,-0.010123611589851204,0.30561854377884623,0.8985295006667001,0.039527517562532664,0.19691398187148387,0.915774883814547,0.0,0.13932261320551273,0.0,1,0.0398
181,0,0.0,0.10784217256901596,0.24021870626645422,0.9215555880663837,0.8342785753840354,-0.5189890301750696,0.18472197020325748,0.02252640533575475,0.010501998999586978,-0.011659908037827472,0.3614171853259953,1.2426301338411658,-0.02413278899116324,-0.9756091791696643,-0.4318420461384966,2.367741461581108,2.543856859620228,0.03284027117326205,-0.06195961109164605,-0.07382861241500505,0.005439742407037207,-0.0168699765325028,-0.07084821239953161,0.402587890625,0.03284027117326205,-0.06195961109164605,-0.07382861241500505,0.005439742407037207,-0.0168699765325028,-0.07084821239953161,1.0,-0.009992881890095463,0.3057338172723072,0.8986280782094667,0.039531517848984093,0.19710386364177201,0.9158022592553787,0.0,0.3357436153278487,0.0,1,0.0386
182,0,0.0,0.10827181571210369,0.23957701883697585,0.921003440786718,0.8318000933147189,-0.5227347441091715,0.18530733972893904,0.022763609233292986,0.008043269954603376,-0.008507873544487541,0.36158519581430076,1.2462215921730766,-0.025352916022007836,-0.9702907570966874,-0.4318901340549193,2.364913233598231,2.552239346348701,0.07567473365659916,-0.05914436444764848,-0.0475824052214332,0.007462338619011036,-0.014570177990346878,-0.06746442325282795,0.806640625,0.07567473365659916,-0.05914436444764848,-0.0475824052214332,0.007462338619011036,-0.014570177990346878,-0.06746442325282795,-1.0,-0.009988533861661474,0.3058378100905987,0.8986077109614319,0.03955057342157938,0.19713934006946293,0.9158099233384338,0.0,0.0,0.0,0,0.0381
183,0,0.0,0.10889389899171893,0.23885363980611887,0.9202291035754336,0.8293636540074554,-0.5263208790620573,0.18610767371286888,0.02249878796577899,0.0060031213919489144,-0.006002905085951592,0.36151580686514284,1.2504645731677595,-0.02675235345151355,-0.9646452441719489,-0.43185707553835495,2.363652501807615,2.5603130765086,0.07977071493123478,-0.07378364699643569,-0.0486094307203121,0.009304575933101855,-0.011423913116626022,-0.0680283881106119,0.90380859375,0.07977071493123478,-0.07378364699643569,-0.0486094307203121,0.009304575933101855,-0.011423913116626022,-0.0680283881106119,-1.0,-0.009917072044966746,0.3059038623923474,0.8986189564939215,0.0396424437164156,0.1972107945288561,0.9159845516541871,0.0,1.004463855006921,0.0,1,0.0438
184,1,0.466,0.10963335834309489,0.23811979063322908,0.9194711274291912,0.8269758078122118,-0.529806232099716,0.1869062240473933,0.02196436054124805,0.006097824174708674,-0.006029805506614448,0.3612643746243039,1.254921672030551,-0.028096805003455797,-0.9586638650848833,-0.43151447762746015,2.3628060047558255,2.5678782890347907,-0.02108800893165874,0.0006327059598993934,-0.04221904983839897,0.000574883206103341,-0.007824419295278134,-0.051753973643132445,0.607421875,-0.02108800893165874,0.0006327059598993934,-0.04221904983839897,0.000574883206103341,-0.007824419295278134,-0.051753973643132445,-1.0,-0.009702844107881501,0.30598868557699466,0.8987968054074024,0.039832036991972936,0.19739694704154032,0.9163528783810687,0.0,2.071283882894156,0.0,1,0.0384
185,0,0.0,0.11006460104700846,0.23786567895146066,0.9191123253723732,0.8248998127720495,-0.5329233853451065,0.18723406334984966,0.02182589660132729,0.007032687341366517,-0.007863797372328828,0.36138732096151,1.258270408308735,-0.02862871678277147,-0.9531710317962968,-0.43109311223224583,2.3600290887130626,2.574439303698691,-0.03957770496763158,0.00326026949429703,-0.02391802601809856,0.0006940489064903438,-0.014009403190740538,-0.06202619069562566,0.423583984375,-0.03957770496763158,0.00326026949429703,-0.02391802601809856,0.0006940489064903438,-0.014009403190740538,-0.06202619069562566,1.0,-0.00985533143915573,0.306533745415806,0.8986979011239085,0.03929670613140702,0.19745200599287613,0.9164446498592981,0.0,3.666098550246046,0.0,1,0.039
186,0,0.0,0.11033869377442279,0.23791632310687044,0.9195086899652454,0.8228752249154765,-0.5359439825478731,0.18747780377267653,0.022192000441643232,0.007990152306318365,-0.00961219513613981,0.3619261332478186,1.2601040410764404,-0.02882945182300415,-0.9482407144198711,-0.4310761254779308,2.3551996074516253,2.581083309909691,-0.03474983989157199,-0.0245168307264787,-0.0009124765401732349,0.0017359436112252685,-0.01560100863959063,-0.068511786560141,0.1553955078125,-0.03474983989157199,-0.0245168307264787,-0.0009124765401732349,0.0017359436112252685,-0.01560100863959063,-0.068511786560141,1.0,-0.010222625835257813,0.3074133009013095,0.8984438652753746,0.0384292824987512,0.19770375235449603,0.9164977313372825,0.0,1.6915655322310967,0.0,1,0.0384
187,0,0.0,0.11044603455526156,0.23778987717794614,0.9200507029375918,0.8205764949120085,-0.539362113390116,0.1876484442611075,0.023038836855515187,0.008032324918585059,-0.00929326550902184,0.36258867252834065,1.2611637143097998,-0.029226245212790998,-0.9441625853047503,-0.43116039695822606,2.3493535709854667,2.5886579191398034,-0.03033285694964516,-0.028645859137675145,-0.03331816218144845,0.0034654566141391896,-0.02060701198767456,-0.06827008733537644,0.07476806640625,-0.03033285694964516,-0.028645859137675145,-0.03331816218144845,0.0034654566141391896,-0.02060701198767456,-0.06827008733537644,1.0,-0.010248751839947607,0.30789921131684445,0.8985758716802654,0.0381128126634971,0.1981405692615746,0.9165779966189147,0.0,0.647865532809254,0.0,1,0.0382
188,0,0.0,0.11049573387511373,0.2375610925380956,0.9204013297647204,0.8181242831746207,-0.5429497279884867,0.18791151731732691,0.023822506516739096,0.006779725935867803,-0.007169321461195283,0.3632490310993999,1.2622094161645978,-0.029844821168152114,-0.9407475005812959,-0.43141664119400364,2.3443235089762093,2.5969639871485217,-0.031565503352043334,-0.053326188050053513,-0.07576854946844302,0.005175645449422797,-0.017449407245207577,-0.06947858345919918,0.05169677734375,-0.031565503352043334,-0.053326188050053513,-0.07576854946844302,0.005175645449422797,-0.017449407245207577,-0.06947858345919918,1.0,-0.01023881390664531,0.3086015114770939,0.8984538437098516,0.03791236398129386,0.19860040466712178,0.9162976267143946,0.0,0.9306917775712659,0.0,1,0.0415
189,0,0.0,0.11045866444277219,0.2371789646001552,0.9202004991812398,0.8156119358796958,-0.5465825401041302,0.18821995140388165,0.024452950689258367,0.004560010181525082,-0.004525340158644878,0.36378435015043104,1.2637707566423233,-0.03069390760571663,-0.9379671085456207,-0.43176867058570156,2.340705436513682,2.6057457529937142,-0.012562204648404629,-0.07059303413323847,-0.10589463076889072,0.006618516632486929,-0.014105974976191343,-0.07201642531922692,0.1536865234375,-0.012562204648404629,-0.07059303413323847,-0.10589463076889072,0.006618516632486929,-0.014105974976191343,-0.07201642531922692,1.0,-0.010250317146507593,0.3088576871203342,0.8984036722868917,0.03773897764514523,0.19872056430769156,0.9158675425449847,0.0,0.13649729483184075,0.0,1,0.0366
190,0,0.0,0.11038860803833378,0.23655986463938616,0.9193929511031737,0.8130386466326707,-0.5502740321139828,0.18854236996288717,0.024868119983455228,0.0032268580864423233,-0.0029021354444828634,0.3640591602814843,1.266049300687206,-0.03180350322905054,-0.9355869246161711,-0.4320264050331153,2.338665802800449,2.614795457756611,0.021438291951078825,-0.07810035851723196,-0.0660118072290935,0.006850406644050802,-0.012998325861248106,-0.07443341756687237,0.49267578125,0.021438291951078825,-0.07810035851723196,-0.0660118072290935,0.006850406644050802,-0.012998325861248106,-0.07443341756687237,1.0,-0.01004833900387007,0.3090166457346314,0.8986152458638882,0.03792688561847246,0.1990392321839341,0.9162526499635888,0.0,1.0505154454375047,0.0,1,0.038
191,0,0.0,0.11047880979648142,0.23578913955377995,0.9185011841124014,0.8103700757973313,-0.5540379646173164,0.18899892840100443,0.02493349310063333,0.00253286246549956,-0.001981374712303106,0.36410152905184795,1.2685714522465499,-0.03311300932808095,-0.9331183381687121,-0.4321098019766735,2.3376083760640745,2.6239075842367745,0.0046948449851700325,-0.08654609844922456,-0.05254636179934791,0.008776382017873022,-0.01457822563913444,-0.07229840774811888,0.495361328125,0.0046948449851700325,-0.08654609844922456,-0.05254636179934791,0.008776382017873022,-0.01457822563913444,-0.07229840774811888,1.0,-0.009938299193049982,0.30945046020326167,0.8985669554466448,0.03822977629299085,0.19924719639381103,0.916746889433478,0.0,2.197974312465639,0.0,3,0.0534
192,1,0.4646,0.11065326606551709,0.23506946107131022,0.9179756850925092,0.8076758350908742,-0.5578074221477318,0.18944639989779702,0.02491358611127028,0.00215518766979656,-0.0014656865717068803,0.36410237319131644,1.2705464070470256,-0.034267866137598135,-0.9306871174515486,-0.43206500258169733,2.3361514409280306,2.6327926478126673,-0.01492477691966776,-0.02001243609608261,-0.04521454087679577,0.0010467149657437391,-0.003060211213038788,-0.04903485736453128,0.491943359375,-0.01492477691966776,-0.02001243609608261,-0.04521454087679577,0.0010467149657437391,-0.003060211213038788,-0.04903485736453128,1.0,-0.010028761488317947,0.3101758548996465,0.898402671447412,0.03808375490493544,0.19957535472446292,0.9161569556534388,0.0,3.1440436533186977,0.0,3,0.045
193,0,0.0,0.11067388928433036,0.23476840545493724,0.9177210496740282,0.805456191035701,-0.5609381672722823,0.18964128641765451,0.024997585990028548,0.001971389351274383,-0.0011783237414457884,0.3643027259385333,1.271887963711452,-0.03476212227953456,-0.9285899205627247,-0.43209156038456453,2.334071161364767,2.640162943165449,-0.03906410229996571,-0.020481643870082222,-0.013840338310349365,0.0011497771931054668,-0.010247493184770862,-0.06101911059244006,0.40576171875,-0.03906410229996571,-0.020481643870082222,-0.013840338310349365,0.0011497771931054668,-0.010247493184770862,-0.06101911059244006,1.0,-0.01011501996808327,0.3104585055650847,0.8983179880194769,0.037937193578411174,0.19997972298774502,0.9160158022373059,0.0,3.741391535335297,0.0,4,0.0457
194,0,0.0,0.11059676071971622,0.23457204812781607,0.9178544523668226,0.8034028853926323,-0.5638235671222677,0.18973298855328763,0.025459417804645036,0.0017925848482209727,-0.0010169749939304292,0.3646728567093229,1.272339322304508,-0.03507979124023178,-0.9268781771122815,-0.4322290001642345,2.3307260699981445,2.6470085122070612,-0.0383450585652334,-0.047038803878459046,-0.002687539003160655,0.0025926483761695984,-0.012480349921102918,-0.06581281188360355,0.12249755859375,-0.0383450585652334,-0.047038803878459046,-0.002687539003160655,0.0025926483761695984,-0.012480349921102918,-0.06581281188360355,1.0,-0.010228995979854338,0.31087144285599433,0.8983357951446118,0.03774149323828127,0.2004090166802467,0.9161880262264004,0.0,2.302520798475813,0.0,4,0.0417
195,0,0.0,0.11048915197061247,0.2342710039393543,0.9182974863417088,0.8010798355853885,-0.5670509483224065,0.1898404156032953,0.026171274877494377,0.0015739775530315208,-0.000927954523697391,0.36510155987756554,1.272073214576046,-0.03550029796684634,-0.9256123416559031,-0.43241784548496515,2.3265487800731077,2.6545811327945055,-0.031565503352043334,-0.047601853207258515,-0.04082115402048048,0.003243228686390473,-0.01952423742352924,-0.0650474310051825,0.07232666015625,-0.031565503352043334,-0.047601853207258515,-0.04082115402048048,0.003243228686390473,-0.01952423742352924,-0.0650474310051825,1.0,-0.010218027323107299,0.3112709666270421,0.8985043873599201,0.03751611340015542,0.20079898920334333,0.9164392718885661,0.0,0.9688850747467532,0.0,1,0.04
196,0,0.0,0.11042678374304031,0.23388064741468895,0.9185762965480895,0.798626414031654,-0.570382976183799,0.1901246445618033,0.026678283694793692,0.0013688145167241317,-0.0008746527930517275,0.365467228374515,1.2720175503855708,-0.036130249693682275,-0.9246199658269648,-0.4328207320245472,2.3233803264003674,2.6627510538733086,-0.040194028168830664,-0.07209449901003717,-0.09088864709082678,0.005175645449422797,-0.019641294133166592,-0.06508771420930992,0.044830322265625,-0.040194028168830664,-0.07209449901003717,-0.09088864709082678,0.005175645449422797,-0.019641294133166592,-0.06508771420930992,1.0,-0.010150074459195838,0.31158768096856165,0.8986026205487652,0.03732477195800966,0.20109969572679542,0.9164443756469217,0.0,0.9271663081349572,0.0,3,0.0417
197,0,0.0,0.11033001774992288,0.2333826525072511,0.9183567171093044,0.7961295339873267,-0.57371857188319,0.1905186437779824,0.026970572156186305,0.0011685158792608759,-0.0008293661257980021,0.3657277307984967,1.2725393236923161,-0.03694977561757932,-0.9240307486800836,-0.4334271204853108,2.3216211919450216,2.671398045757963,-0.04173483617182838,-0.08176017915442868,-0.12751922321750764,0.007088738044824794,-0.019158435205912594,-0.06839093694775872,0.068115234375,-0.04173483617182838,-0.08176017915442868,-0.12751922321750764,0.007088738044824794,-0.019158435205912594,-0.06839093694775872,1.0,-0.010155043599942766,0.31210756978247706,0.8984353041754276,0.037102890884146394,0.20131930992396915,0.9161138822868855,0.0,2.3459781073334898,0.0,3,0.047
198,0,0.0,0.11020172229361766,0.2328702890269236,0.9177643128227728,0.7935658314623231,-0.5771221953736013,0.1909307450479049,0.026994320478905952,0.0009952637809275096,-0.0007857276994820447,0.36590519390175336,1.273496203660801,-0.03781805536526743,-0.9237084507537378,-0.43405143609806834,2.3210222369333255,2.6805040821529755,-0.025094109739452808,-0.07106224190723809,-0.10064538933017642,0.0075396352895323315,-0.020767964963425894,-0.07137189405318813,0.1063232421875,-0.025094109739452808,-0.07106224190723809,-0.10064538933017642,0.0075396352895323315,-0.020767964963425894,-0.07137189405318813,1.0,-0.010238342246860845,0.3124863060555921,0.8983613435858309,0.0368412526325055,0.20154719425389778,0.9155576366558149,0.0,4.589835745846761,0.0,4,0.0407
199,0,0.0,0.11019267412416123,0.232452088785893,0.9172991217324681,0.790884383088281,-0.5806253212997063,0.19148049630975883,0.026671115193212268,0.0009189046270951624,-0.0007433367601794512,0.36608447177795717,1.2744004350778961,-0.038686516366317994,-0.9232615069187017,-0.4347178040796971,2.320926057557251,2.6900183805337683,-0.02170433213285783,-0.07059303413323847,-0.07793671441052075,0.008042063647920733,-0.018713619709290752,-0.06947858345919918,0.0848388671875,-0.02170433213285783,-0.07059303413323847,-0.07793671441052075,0.008042063647920733,-0.018713619709290752,-0.06947858345919918,1.0,-0.010277409272610848,0.312594695706293,0.898460519142213,0.036612052454226204,0.20186677027852717,0.9151479733152632,0.0,6.056093437081392,0.0,4,0.0415
200,1,0.4677,0.11027771089812924,0.23206700881769915,0.9171744452902089,0.7881640840283821,-0.5841299729378415,0.19208783924781403,0.026302345455161816,0.0008865766236658408,-0.0007028622758699422,0.3662675626382015,1.274873045290148,-0.03950954331914565,-0.9227482084899724,-0.4353565606490891,2.320439403728174,2.699400415899457,-0.024375066004720614,-0.03277488754887148,-0.05437218490846596,0.0011336737200801916,-0.005184790492956337,-0.05110944237709364,0.376953125,-0.024375066004720614,-0.03277488754887148,-0.05437218490846596,0.0011336737200801916,-0.005184790492956337,-0.05110944237709364,1.0,-0.010347059370795672,0.31278581141468564,0.8983558162449614,0.036441254318511196,0.20217290687559575,0.9149449576577949,0.0,6.355638368441791,0.0,4,0.043
201,0,0.0,0.11030561478367834,0.23178399934265598,0.9172437001668,0.7858432082237514,-0.5871062896901651,0.1925412808464916,0.026163177651820448,0.0008515236990587202,-0.0006642522205189255,0.3664762342898956,1.2749466081656695,-0.040048266202196516,-0.9223553464635084,-0.4359596277949748,2.3193160817737044,2.7072350970365755,-0.04923343511975076,-0.030898056452873135,-0.01972433856434308,0.001513715683476552,-0.010174332741247516,-0.06170392506260626,0.298828125,-0.04923343511975076,-0.030898056452873135,-0.01972433856434308,0.001513715683476552,-0.010174332741247516,-0.06170392506260626,1.0,-0.010412465862471701,0.3130151527137484,0.8983906248626247,0.03626459855528914,0.20247020507546865,0.9149119529593651,0.0,5.948677024219716,0.0,4,0.046
202,0,0.0,0.11025539833785077,0.23147650146229276,0.9176346777265556,0.783661762501564,-0.589907609599146,0.192828906603487,0.026462556718238592,0.0007601461694783144,-0.0006272377663200472,0.3667212203200195,1.2743126929779998,-0.04043229919505785,-0.9221545672717302,-0.4364578761642222,2.3167969966911404,2.714361982504565,-0.06700408742099129,-0.05116783228965549,-0.028753604408653377,0.0027826693578677647,-0.013410950762719698,-0.06222760671626279,0.10595703125,-0.06700408742099129,-0.05116783228965549,-0.028753604408653377,0.0027826693578677647,-0.013410950762719698,-0.06222760671626279,1.0,-0.010409451548710829,0.31323380634226566,0.8984247914991131,0.03608234042069755,0.20273429217211708,0.915120904618073,0.0,3.7552677414383306,0.0,4,0.0391
203,0,0.0,0.11008861019632273,0.23108297651893514,0.9181835503409135,0.7812888289314669,-0.5929676246163359,0.19298252866057297,0.02710914191794453,0.0005958157885851419,-0.000591996432132306,0.36700043743166183,1.2731497316715685,-0.040781674874882747,-0.9223571778951889,-0.4368789513397601,2.313306790397952,2.7218870711834158,-0.06556599995152668,-0.04947868430325686,-0.07765142954972104,0.0030210007586417564,-0.021771726248565992,-0.059468207233534215,0.07244873046875,-0.06556599995152668,-0.04947868430325686,-0.07765142954972104,0.0030210007586417564,-0.021771726248565992,-0.059468207233534215,1.0,-0.010381790636332456,0.3135309402169575,0.8985215923164002,0.03584488310739197,0.20300280225129586,0.9154867484080272,0.0,1.9851611228147605,0.0,4,0.0393
204,0,0.0,0.10990251661716492,0.2306646060459632,0.9184257604391843,0.7788752662426548,-0.5960250090986642,0.1932519764976037,0.027589522361565227,0.00047094361256278894,-0.0005580638189803407,0.3672564514769363,1.2724096002512482,-0.041243599444736254,-0.9227669841179106,-0.4375808448876923,2.3108540104542716,2.7298763324809503,-0.0733727605000486,-0.07734962607883256,-0.12398169094359135,0.004122478313570183,-0.021204001206824946,-0.061180243408949744,0.044097900390625,-0.0733727605000486,-0.07734962607883256,-0.12398169094359135,0.004122478313570183,-0.021204001206824946,-0.061180243408949744,1.0,-0.010364141759507197,0.3138189070640833,0.8985385736926957,0.03557049938513094,0.20322207478982707,0.9156029164328672,0.0,2.1212305899427926,0.0,3,0.0401
205,0,0.0,0.10969853815634435,0.23018267046135293,0.9181900045511108,0.7764142557124598,-0.599079685255099,0.1936722700515226,0.0278475502370914,0.00041031730186134554,-0.0005884759564987029,0.36745687918397324,1.2723251501953905,-0.041878190333364214,-0.9233627662970239,-0.43858525933840337,2.3096955937662993,2.738442073657116,-0.07090746769525225,-0.08617073223002492,-0.1460056821973278,0.0060774399388378725,-0.020981593458513997,-0.06520856382169218,0.04412841796875,-0.07090746769525225,-0.08617073223002492,-0.1460056821973278,0.0060774399388378725,-0.020981593458513997,-0.06520856382169218,1.0,-0.010385128414116263,0.31417080898093197,0.8984832429608304,0.03524778700492005,0.20336009592779838,0.9152873706167041,0.0,3.7257078171377476,0.0,4,0.0434
206,0,0.0,0.10953045437208928,0.22970940089186134,0.9177648531363342,0.7738307610807245,-0.6022546827295907,0.19416795029899914,0.027821887286651484,0.0003706971283059118,-0.0006279237362794539,0.3676045718185732,1.272557001071344,-0.04256559220638295,-0.9239753993099661,-0.43963084212361386,2.309379248729614,2.7475526867134685,-0.04943887618681708,-0.07246986522923682,-0.10948922001496686,0.006515454405125201,-0.01948034115741526,-0.06976056588809115,0.025665283203125,-0.04943887618681708,-0.07246986522923682,-0.10948922001496686,0.006515454405125201,-0.01948034115741526,-0.06976056588809115,1.0,-0.010487924501853364,0.31453274101312506,0.8983547933070418,0.0349389168859929,0.20354793182047506,0.9148240107250343,0.0,5.888021055858426,0.0,5,0.0418
207,0,0.0,0.1094646238177734,0.22929842538085085,0.9175146950840998,0.7711001365281126,-0.605578546236591,0.19472860352144594,0.027567639632161467,0.0003514290635142215,-0.0006477907364813637,0.3677425874100415,1.2726860842888765,-0.04322910100068131,-0.924366412151173,-0.4406056278576395,2.3091282880385293,2.757000280752332,-0.031462782818510115,-0.07040535102363865,-0.11188561284568432,0.00354919467387059,-0.013154889210388043,-0.06271100516579188,0.0298004150390625,-0.031462782818510115,-0.07040535102363865,-0.11188561284568432,0.00354919467387059,-0.013154889210388043,-0.06271100516579188,1.0,-0.010491970648310499,0.31454133701797765,0.898387267067706,0.03468012897694612,0.203817172836951,0.9145238085690969,0.0,6.6162659426896795,0.0,5,0.0442
208,1,0.4711,0.10946949080486597,0.22891817963175587,0.9173606537263315,0.7684639350498248,-0.6087524562969155,0.19529822261518537,0.02724393003144203,0.00034800556587549894,-0.0006513844476922822,0.36783475342819266,1.272877999345008,-0.04383231816396119,-0.9244643320191043,-0.4415175291482823,2.3088659763567008,2.7659324088217043,-0.03218182655324242,-0.020200119205682432,-0.0720027893058871,0.000657010918532222,-0.0129017540757973,-0.04514752816623485,0.576171875,-0.03218182655324242,-0.020200119205682432,-0.0720027893058871,0.000657010918532222,-0.0129017540757973,-0.04514752816623485,-1.0,-0.01055780299723077,0.31471710731173946,0.8983711609043468,0.034480750914626095,0.20407259164506977,0.9142774584230905,0.0,7.751160160518893,0.0,5,0.0501
209,0,0.0,0.10953799362138042,0.2286965993764964,0.9174062280195552,0.7662863903642055,-0.6113150605181141,0.19589522397479361,0.02690958844343757,0.00042823568275363744,-0.0008921145028851013,0.36797458408284006,1.272916819628774,-0.04423773151663569,-0.9243305287528912,-0.44256597786697904,2.308502005954839,2.773363544660054,-0.06053269380840076,-0.027144394260876448,-0.04632715183391456,0.0009291596126592694,-0.017137743755798185,-0.05284162015457289,0.44140625,-0.06053269380840076,-0.027144394260876448,-0.04632715183391456,0.0009291596126592694,-0.017137743755798185,-0.05284162015457289,1.0,-0.010624177526157593,0.31488785205860814,0.8983500128403733,0.03431781902764334,0.20434313745879393,0.9141938784790512,0.0,6.787046197726744,0.0,5,0.0438
210,0,0.0,0.10959725420458068,0.22846033122348286,0.9178353311915196,0.7642292540993441,-0.6136989939627343,0.19647475227539896,0.026923293004531133,0.0005261537090201722,-0.0014426043071725215,0.3681867361082293,1.2722880319010244,-0.04457592941615889,-0.9242821605483383,-0.44365414144058724,2.306907275179491,2.7802173670800086,-0.07799518450904175,-0.05679832557765052,-0.05739620443294269,0.0012979291449379399,-0.02041679483451389,-0.05421124909490532,0.1348876953125,-0.07799518450904175,-0.05679832557765052,-0.05739620443294269,0.0012979291449379399,-0.02041679483451389,-0.05421124909490532,1.0,-0.010579537695505603,0.31496792007703467,0.8984700771969226,0.03415945660445195,0.204553774640086,0.9143963543400097,0.0,4.761182672962707,0.0,5,0.041
211,0,0.0,0.10949542919382185,0.22809275567971174,0.9183315612472167,0.7619857058887307,-0.6163172990641068,0.19692710997352,0.02739496765927315,0.0004488252451775374,-0.0012171398430057124,0.3684500024314593,1.2712016691800703,-0.044928650498059164,-0.9247015300228707,-0.44471679781976464,2.3042808219245385,2.7874773532267345,-0.07912511037790682,-0.0466634376592594,-0.10629402957401035,0.001326915396383424,-0.024499147583115777,-0.05493634676919898,0.061248779296875,-0.07912511037790682,-0.0466634376592594,-0.10629402957401035,0.001326915396383424,-0.024499147583115777,-0.05493634676919898,1.0,-0.010472923410665426,0.3150365609651814,0.898596237731468,0.033974800080983684,0.20473206125623183,0.9146668245510775,0.0,3.2935271842476563,0.0,5,0.0383
212,0,0.0,0.10932725094433206,0.2277219380112737,0.9184937189646702,0.7596618923327124,-0.6190028995817776,0.1974332107842164,0.027737103782989728,0.00036167603477973244,-0.0010294605321884008,0.3687272179965608,1.2705047259781725,-0.045361394718878525,-0.9254043349493444,-0.445991165243532,2.3025587364839493,2.795357632431222,-0.0951495136090833,-0.08457542579842625,-0.14623391008596753,0.0031466078482388637,-0.022643798735364096,-0.0592667912128971,0.0305938720703125,-0.0951495136090833,-0.08457542579842625,-0.14623391008596753,0.0031466078482388637,-0.022643798735364096,-0.0592667912128971,1.0,-0.010437414121304278,0.3152642723247166,0.8986121414552555,0.03373781020669498,0.20492582356577166,0.9147046185380046,0.0,3.7908515831819423,0.0,5,0.0404
213,0,0.0,0.10907612537825552,0.22728198096659763,0.9182338261786872,0.7572008566041699,-0.6218284096677091,0.1979707487545685,0.027997755724227497,0.00021549922459487248,-0.0009234620884970235,0.3689785336557886,1.2702616750353979,-0.04591735550829324,-0.9263836032658888,-0.44740281703420043,2.3015865583991277,2.8039725387731944,-0.09473863147495054,-0.08541999979162551,-0.1553630256315578,0.0047376309831354685,-0.020595306316710832,-0.0630735540029387,0.022186279296875,-0.09473863147495054,-0.08541999979162551,-0.1553630256315578,0.0047376309831354685,-0.020595306316710832,-0.0630735540029387,1.0,-0.010460124009694219,0.31566926312520127,0.8984842338592357,0.03346335377384658,0.20510507348692705,0.9143886251254002,0.0,5.954418339361349,0.0,5,0.0436
214,0,0.0,0.10883003079047096,0.2268506281739398,0.9179228619103971,0.7545736501462865,-0.6248417941182178,0.19849731618301014,0.028109683316913076,9.186367429740812e-05,-0.000900929324296482,0.3692031300003857,1.2700630504654724,-0.04647507224524404,-0.9274142117078714,-0.4487254350685751,2.3009002097867297,2.8130809344440384,-0.068544895423989,-0.07462822098963495,-0.1304861857698244,0.004792382791421385,-0.016351268987922385,-0.06569196227122129,0.017486572265625,-0.068544895423989,-0.07462822098963495,-0.1304861857698244,0.004792382791421385,-0.016351268987922385,-0.06569196227122129,1.0,-0.010542977525348527,0.31598855300018025,0.8983662026358745,0.033173756392768504,0.20533379605861304,0.9140681008807087,0.0,7.371832895545707,0.0,5,0.0397
215,0,0.0,0.10870843417842017,0.22645145181259804,0.9177824934245425,0.751855860470975,-0.6279387602197515,0.19905381503062092,0.0279867327654671,7.399722410198372e-05,-0.0009247845760894776,0.3693581890968921,1.2698353363592572,-0.047014856426885895,-0.9281367324293451,-0.4498629559689502,2.300328535132985,2.8222146851994574,-0.04235115937302747,-0.07115608346203794,-0.12546517221974984,0.000977470031735081,-0.008263381956418125,-0.05678937415906049,0.0165863037109375,-0.04235115937302747,-0.07115608346203794,-0.12546517221974984,0.000977470031735081,-0.008263381956418125,-0.05678937415906049,1.0,-0.010602125210280422,0.31613613793770173,0.8983201630850478,0.03291580844512332,0.20556645040673377,0.913814902074457,0.0,8.014928763892827,0.0,5,0.0396
216,1,0.4667,0.1086632462431229,0.22609087089841584,0.9176650903753771,0.7493387582783948,-0.6307901749568923,0.19956056702643635,0.027762575668200735,7.082384083949545e-05,-0.0009282168335365241,0.3694193076428452,1.2698403631660637,-0.047457497092737055,-0.9284284376233272,-0.45082062933870953,2.2998710624623317,2.830466938498729,-0.03187366495264288,0.01306671197088849,-0.05845175841790162,2.9780644197979766e-05,-0.01658172438502087,-0.046013617054974476,0.9462890625,-0.03187366495264288,0.01306671197088849,-0.05845175841790162,2.9780644197979766e-05,-0.01658172438502087,-0.046013617054974476,-1.0,-0.01060343175906499,0.31613865081167075,0.8983794784330877,0.03272723770898314,0.20578684411830608,0.9135780381123263,0.0,8.755526597859177,0.0,5,0.0422
217,0,0.0,0.10877104729071335,0.2259280517008939,0.9178503417990077,0.7472141387991067,-0.6331281601249086,0.20017567307025763,0.027376331865786405,0.0002184652715915433,-0.0011140232818454075,0.36954627037236987,1.2697418712166564,-0.047742932839156906,-0.9281961338175335,-0.45192758958358736,2.29939549648589,2.8374949043739224,-0.03351719348917381,-0.009971389732491454,-0.023304663567379258,0.0006376867509018946,-0.020258768276503497,-0.054070257880459355,0.658203125,-0.03351719348917381,-0.009971389732491454,-0.023304663567379258,0.0006376867509018946,-0.020258768276503497,-0.054070257880459355,-1.0,-0.010680495156368987,0.3163161508992219,0.8983619944733893,0.03258412181170858,0.20607145465315896,0.9135692030954721,0.0,6.574572311040901,0.0,5,0.0426
218,0,0.0,0.10906815572885578,0.22574359860501012,0.9185410103842926,0.7450567239950271,-0.6354174300280362,0.2010149673605186,0.026984264737289924,0.0008604510930356881,-0.002886688461873403,0.36970801741954484,1.269156233780737,-0.04814608766434825,-0.9276275328249695,-0.45316599502668237,2.298280517168958,2.8443983316782306,-0.03783145589756742,-0.047320328542858836,-0.02695630978561525,0.0010241701035083595,-0.021929752806576386,-0.053647284237121395,0.366943359375,-0.03783145589756742,-0.047320328542858836,-0.02695630978561525,0.0010241701035083595,-0.021929752806576386,-0.053647284237121395,1.0,-0.010633973843951565,0.3163429469407623,0.8984783894065923,0.032414527196808006,0.20622851347588672,0.9138505854329803,0.0,4.967176276245853,0.0,5,0.0579
219,0,0.0,0.10935257673346871,0.22540273150883877,0.9193697083380152,0.7426976123551388,-0.6379202167740095,0.20183914128407154,0.026814449065468288,0.0020219477373053336,-0.004604946586887281,0.36983480573692123,1.268292825231408,-0.048656983524529955,-0.9271837608396496,-0.45429294569420303,2.296493034159653,2.8515706020339215,-0.04522733431195658,-0.04722648698805887,-0.0823871582389959,0.0011272323308700871,-0.02277841395144703,-0.05417096589077791,0.125244140625,-0.04522733431195658,-0.04722648698805887,-0.0823871582389959,0.0011272323308700871,-0.02277841395144703,-0.05417096589077791,1.0,-0.010535632628867269,0.31639123521280543,0.8986019894368548,0.03227928072263073,0.2063709599166068,0.914329317124941,0.0,2.0609544179458883,0.0,4,0.0405
