step,query,infer_s,eef_x,eef_y,eef_z,eef_qx,eef_qy,eef_qz,eef_qw,gripper_q0,gripper_q1,joint_0,joint_1,joint_2,joint_3,joint_4,joint_5,joint_6,act_raw_0,act_raw_1,act_raw_2,act_raw_3,act_raw_4,act_raw_5,act_raw_6,act_env_0,act_env_1,act_env_2,act_env_3,act_env_4,act_env_5,act_env_6,akita_black_bowl_1_x,akita_black_bowl_1_y,akita_black_bowl_1_z,plate_1_x,plate_1_y,plate_1_z,force_akita_black_bowl_1,force_plate_1,force_other,n_contacts,model_grip,model_height,true_grip,true_height,sim_s
0,1,0.1154,-0.20418505180804783,-7.233856785741922e-05,1.172908450164054,0.9996006904068601,0.0003099688870124573,-0.02825330707531642,-0.00033807798590623946,0.03872441492896778,-0.03872117317161001,-0.014979782228021427,-0.14812305178863464,0.014500300596827317,-2.4315750830000766,0.0034728682837852393,2.2269494141855506,0.782368988252057,0.4592568278312683,0.0691276341676712,0.3353348970413208,-0.04217549413442612,0.01165806595236063,0.01661882922053337,1.0021454095840454,0.4592568278312683,0.0691276341676712,0.3353348970413208,-0.04217549413442612,0.01165806595236063,0.01661882922053337,-1.0,0.08514477558858011,-0.12999604318443023,1.0625599683749658,0.05507449843914571,0.20966742142232164,0.9024995673059236,0.0,0.0,0.0,0,0,2,0,2,0.0419
1,0,0.0,-0.20214589762556298,5.4114148188507435e-05,1.1744016855517359,0.9996686688367856,0.0009835547769990183,-0.025709219243857037,0.000788170007126365,0.03884980597617684,-0.03884033371447115,-0.013741581498584983,-0.1469254486489399,0.014265866901311612,-2.4268505335109536,0.0004085261931561859,2.2287946743859024,0.7838962145353854,0.6057945489883423,0.11800707876682281,0.40233612060546875,-0.08633995056152344,0.02674245461821556,0.02085648849606514,0.9630275964736938,0.6057945489883423,0.11800707876682281,0.40233612060546875,-0.08633995056152344,0.02674245461821556,0.02085648849606514,-1.0,0.08514477550335832,-0.12999604337025097,1.0625599683749969,0.055074498448319804,0.2096674214523298,0.9024997617621902,0.0,0.0,0.0,0,0,2,0,2,0.0406
2,0,0.0,-0.1978934146234074,0.00045249256294551516,1.1772591856238306,0.999749071617963,0.0023822729764209627,-0.021876595594417902,0.004187259209150503,0.038919928067158514,-0.03890743502715781,-0.012312507903997707,-0.14257179066952727,0.015724879084108325,-2.4154400159232967,-0.00816517774097125,2.229372295356832,0.7893444315538277,0.738359808921814,0.09340623766183853,0.4733325242996216,-0.06722153723239899,0.03293163329362869,0.025661706924438477,0.9794481992721558,0.738359808921814,0.09340623766183853,0.4733325242996216,-0.06722153723239899,0.03293163329362869,0.025661706924438477,-1.0,0.08514477546575853,-0.12999604345223487,1.0625599683749973,0.05507449845046927,0.2096674214612732,0.9024998147869767,0.0,0.0,0.0,0,0,2,0,2,0.0406
3,0,0.0,-0.19204159659978856,0.001348835560595423,1.1808332710442462,0.9997911059205744,0.004030872853678313,-0.018105595674121993,0.008583937991146843,0.0389682691018436,-0.03895431110536356,-0.010670145985564379,-0.13448173494885599,0.018466743680626497,-2.397828484859996,-0.0188091522711988,2.2272626223008873,0.7970325679687271,0.8297960758209229,0.07329272478818893,0.503616213798523,-0.06048958748579025,0.05147577449679375,0.040004342794418335,0.9920215606689453,0.8297960758209229,0.07329272478818893,0.503616213798523,-0.06048958748579025,0.05147577449679375,0.040004342794418335,-1.0,0.08514477544916953,-0.12999604348840604,1.0625599683749973,0.05507449845096061,0.2096674214639161,0.9024998292459088,0.0,0.0,0.0,0,0,2,0,2,0.0415
4,1,0.1101,-0.18487945486451285,0.0024487900270164327,1.1848853981578404,0.9997884747871006,0.006053802418386267,-0.014993435233899715,0.01271039177396798,0.039011758827255084,-0.038999942799528634,-0.009012527199187539,-0.12251242483897348,0.021329739556392925,-2.3742459004670566,-0.028843404610587174,2.221588402020854,0.8035417332678021,0.7650983929634094,0.006218671798706055,0.48701298236846924,-0.009062880650162697,0.0045727333053946495,0.07264971733093262,0.9985706806182861,0.7650983929634094,0.006218671798706055,0.48701298236846924,-0.009062880650162697,0.0045727333053946495,0.07264971733093262,-1.0,0.08514477544185049,-0.12999604350436475,1.0625599683749973,0.05507449845106907,0.20966742146469156,0.9024998331886069,0.0,0.0,0.0,0,0,2,0,2,0.0418
5,0,0.0,-0.17671396102742706,0.0036448560591083186,1.1895673472397026,0.9997643865616457,0.009160498514613369,-0.012262545726727204,0.015391120890937016,0.039053015047575655,-0.03904396710515725,-0.007426203219036928,-0.10815963195543167,0.02350830528744258,-2.3459242261938886,-0.03523174297795357,2.212943724369403,0.8046465610414151,0.8597255349159241,0.021013572812080383,0.4517984390258789,-0.005699591711163521,0.0011464618146419525,0.0777144730091095,1.0017893314361572,0.8597255349159241,0.021013572812080383,0.4517984390258789,-0.005699591711163521,0.0011464618146419525,0.0777144730091095,-1.0,0.08514477543862135,-0.12999604351140573,1.0625599683749973,0.05507449845109178,0.20966742146491776,0.9024998342637116,0.0,0.0,0.0,0,0,2,0,2,0.0408
6,0,0.0,-0.16757557471797452,0.0045966129436684315,1.19450452738903,0.9997328701973459,0.013217431729566687,-0.009251276397569171,0.016549973730061753,0.03909160822465462,-0.0390869990217913,-0.006078303361366439,-0.09138700779362857,0.024486133744866443,-2.3142890373731775,-0.03826178627467332,2.2041161190057905,0.8003336043122019,0.8738582134246826,0.023392580449581146,0.39791810512542725,-0.0008927886374294758,-0.00369890034198761,0.07961542159318924,0.9987212419509888,0.8738582134246826,0.023392580449581146,0.39791810512542725,-0.0008927886374294758,-0.00369890034198761,0.07961542159318924,-1.0,0.08514477543719667,-0.12999604351451216,1.0625599683749973,0.05507449845109612,0.20966742146498343,0.9024998345568738,0.0,0.0,0.0,0,0,2,0,2,0.0408
7,0,0.0,-0.15765187724186627,0.005288075452192671,1.1990372674692342,0.9996771036666876,0.0177365318972027,-0.0063231371976546925,0.017062291077702494,0.039128650873753605,-0.039128086260248225,-0.004938560078915273,-0.07159314957732689,0.024736479194681953,-2.280123059065955,-0.03989944940455687,2.195646124852278,0.7933219812090359,0.8598694205284119,0.01507025957107544,0.3607327342033386,-0.00300236651673913,-0.003709465730935335,0.08114968240261078,0.991740882396698,0.8598694205284119,0.01507025957107544,0.3607327342033386,-0.00300236651673913,-0.003709465730935335,0.08114968240261078,-1.0,0.0851447754365681,-0.12999604351588265,1.0625599683749973,0.055074498451096805,0.20966742146500236,0.9024998346368139,0.0,0.0,0.0,0,0,2,0,2,0.0409
8,1,0.1048,-0.1474051357561293,0.005759464101144026,1.203135943286987,0.9995891964741657,0.02248982227089863,-0.0038612083640971228,0.017341777772857562,0.03916403552255648,-0.039167483665224434,-0.0039998716813119195,-0.04976877329634575,0.02460260168842445,-2.244284848605733,-0.04104087938013801,2.186624876646416,0.7849327250098084,0.8792095184326172,0.12015115469694138,0.26835495233535767,-0.028084155172109604,0.0076683880761265755,0.05881322920322418,1.0093920230865479,0.8792095184326172,0.12015115469694138,0.26835495233535767,-0.028084155172109604,0.0076683880761265755,0.05881322920322418,-1.0,0.08514477543629079,-0.1299960435164873,1.0625599683749973,0.055074498451096854,0.20966742146500777,0.9024998346586124,0.0,0.0,0.0,0,0,2,0,2,0.0428
9,0,0.0,-0.13698948901269292,0.006318777385071727,1.2064732341043045,0.9994711511106557,0.0269584494969326,-0.0020436406068657835,0.018068858052754218,0.039198918342940946,-0.03920417449489145,-0.003030072489651298,-0.02570569707601641,0.024904719848610635,-2.207299107009655,-0.04334479639973706,2.1773509089830405,0.7782874836663382,0.9325007796287537,0.0559171587228775,0.29488039016723633,-0.002937277080491185,0.007324461825191975,0.06808584183454514,0.9956457018852234,0.9325007796287537,0.0559171587228775,0.29488039016723633,-0.002937277080491185,0.007324461825191975,0.06808584183454514,-1.0,0.08514477543616844,-0.1299960435167541,1.0625599683749973,0.055074498451096854,0.2096674214650093,0.9024998346645562,0.0,0.0,0.0,0,0,2,0,2,0.0437
10,0,0.0,-0.12610769549056727,0.007247148109551677,1.2093533620324821,0.9993401094695328,0.031075162189457384,-0.0002990881288818213,0.018804000813953736,0.039231971935987875,-0.039239622691564516,-0.001950689927692225,0.00039876216878225205,0.02569933881272057,-2.1685023649638526,-0.04555015839833114,2.168210070453191,0.7727877562223672,0.9240455031394958,0.034902870655059814,0.3373250961303711,-0.002692239126190543,0.013294431380927563,0.07483678311109543,1.0015658140182495,0.9240455031394958,0.034902870655059814,0.3373250961303711,-0.002692239126190543,0.013294431380927563,0.07483678311109543,-1.0,0.08514477543611448,-0.1299960435168718,1.0625599683749973,0.055074498451096854,0.20966742146500975,0.9024998346661771,0.0,0.0,0.0,0,0,2,0,2,0.0411
11,0,0.0,-0.11499117360283385,0.008058012532753308,1.2124357614263674,0.999191631188314,0.03532356576794127,0.0012631754042843795,0.019150306853177326,0.039262719854385564,-0.03927443895950131,-0.0009962721731703818,0.027170021497959523,0.026150763908809806,-2.1276598273082468,-0.04683932893275545,2.157313168874219,0.7658970508429365,0.9010371565818787,0.047063663601875305,0.3809369206428528,-0.006537303328514099,0.016331229358911514,0.07927297800779343,0.9923046827316284,0.9010371565818787,0.047063663601875305,0.3809369206428528,-0.006537303328514099,0.016331229358911514,0.07927297800779343,-1.0,0.08514477543609061,-0.12999604351692376,1.0625599683749973,0.055074498451096854,0.20966742146500975,0.9024998346666192,0.0,0.0,0.0,0,0,2,0,2,0.0392
12,1,0.1078,-0.1039738162756651,0.008718966708982565,1.2160509726822033,0.9990105957437349,0.03991178746689539,0.0023883386015467224,0.01947240744407623,0.03929239273904934,-0.0393075183544341,-0.00012061051631145255,0.0536540905352143,0.02642708192405314,-2.084979483499315,-0.04798040231722314,2.143450340168455,0.7578309095803962,0.7833863496780396,-0.09046751260757446,0.34747302532196045,-0.007252765353769064,-0.00022956449538469315,0.08509685844182968,0.9994983077049255,0.7833863496780396,-0.09046751260757446,0.34747302532196045,-0.007252765353769064,-0.00022956449538469315,0.08509685844182968,-1.0,0.0851447754360801,-0.12999604351694666,1.0625599683749973,0.055074498451096854,0.20966742146500975,0.9024998346667397,0.0,0.0,0.0,0,0,2,0,2,0.0407
13,0,0.0,-0.09341886730196225,0.008653635008089267,1.2201180951992736,0.9987970991982107,0.04463200502082032,0.0029032912041587755,0.020097503856044,0.03931889078637926,-0.03934107725758258,0.0004321962079698796,0.07913698021444714,0.02584688700665008,-2.0416379842182812,-0.04966813701001613,2.1267494097923128,0.7484859891502322,0.7098549604415894,-0.25686115026474,0.2935140132904053,0.0031790100038051605,-0.014203477650880814,0.10516303032636642,1.0018529891967773,0.7098549604415894,-0.25686115026474,0.2935140132904053,0.0031790100038051605,-0.014203477650880814,0.10516303032636642,-1.0,0.08514477543607547,-0.1299960435169568,1.0625599683749973,0.055074498451096854,0.20966742146500975,0.9024998346667725,0.0,0.0,0.0,0,0,2,0,2,0.0402
14,0,0.0,-0.08342612467467893,0.007190995644083811,1.22427727821254,0.9985381667406352,0.04978074482409123,0.0031002107022808133,0.020827762736546268,0.03934311676027421,-0.03937432413525738,0.00034662079495369457,0.10349704051508721,0.02350143639813299,-1.9990276631727464,-0.05120134748172064,2.1092072712682217,0.7356576043792976,0.6529594659805298,-0.30715489387512207,0.2665291428565979,0.0019108960404992104,-0.024898160248994827,0.12256466597318649,1.0101591348648071,0.6529594659805298,-0.30715489387512207,0.2665291428565979,0.0019108960404992104,-0.024898160248994827,0.12256466597318649,-1.0,0.08514477543607343,-0.12999604351696123,1.0625599683749973,0.055074498451096854,0.20966742146500975,0.9024998346667815,0.0,0.0,0.0,0,0,2,0,2,0.0405
15,0,0.0,-0.07391396877424193,0.004491058097099126,1.2283333116992008,0.9982006117943013,0.055918312756285116,0.00337917158021168,0.021383687974798084,0.03936657187778527,-0.03940587337571591,-0.00031148855218181325,0.12678623161324515,0.019576031198579164,-1.957805769902663,-0.05190264106998806,2.092338755855025,0.7182335779348381,0.6330408453941345,-0.3327140212059021,0.24136529862880707,0.002785361371934414,-0.02925875410437584,0.12873059511184692,1.0023188591003418,0.6330408453941345,-0.3327140212059021,0.24136529862880707,0.002785361371934414,-0.02925875410437584,0.12873059511184692,-1.0,0.08514477543607252,-0.1299960435169632,1.0625599683749973,0.055074498451096854,0.20966742146500975,0.9024998346667837,0.0,0.0,0.0,0,0,2,0,2,0.0406
16,1,0.1045,-0.0647895847159702,0.0010119752410981371,1.2321969952696936,0.9977739773764709,0.0629047972903306,0.003975887832686846,0.021777714851204732,0.03938916612907983,-0.03943592592590236,-0.0013695839194659133,0.1492038719291258,0.014703959878069524,-1.9181171167308966,-0.05180874288127127,2.0769015817456364,0.6974583286767533,0.7688788175582886,-0.03225192427635193,0.22856254875659943,0.005089788697659969,0.0036879973486065865,0.10777022689580917,1.0029284954071045,0.7688788175582886,-0.03225192427635193,0.22856254875659943,0.005089788697659969,0.0036879973486065865,0.10777022689580917,-1.0,0.08514477543607213,-0.12999604351696406,1.0625599683749973,0.055074498451096854,0.20966742146500975,0.9024998346667837,0.0,0.0,0.0,0,0,2,0,2,0.0409
17,0,0.0,-0.05555253762275187,-0.0013877553978605952,1.235374125718186,0.9972877629003002,0.07025051963747792,0.005080943280642712,0.021358054109791975,0.039415874808215,-0.03945961463177031,-0.0021194506001276626,0.17265837316272867,0.011194620009288761,-1.8787887351964738,-0.04979649594407276,2.0637703854890583,0.6768701272024809,0.7158307433128357,-0.15393023192882538,0.19854502379894257,0.002942514605820179,-0.0016263416036963463,0.10855924338102341,1.0107649564743042,0.7158307433128357,-0.15393023192882538,0.19854502379894257,0.002942514605820179,-0.0016263416036963463,0.10855924338102341,-1.0,0.08514477543607196,-0.12999604351696448,1.0625599683749973,0.055074498451096854,0.20966742146500975,0.9024998346667837,0.0,0.0,0.0,0,0,2,0,2,0.0411
18,0,0.0,-0.0462806006510979,-0.0031420330710335617,1.2378581227010481,0.9967847181826043,0.07711398127445152,0.006079245839019825,0.020897422320895188,0.03943789641146522,-0.0394858331325149,-0.002660339595748825,0.1972810523792511,0.008453204506507493,-1.8391704036418945,-0.04786952466505374,2.051151011846237,0.6583791400783131,0.6561116576194763,-0.30358874797821045,0.1932823807001114,0.001165115274488926,-0.008207431063055992,0.11963600665330887,0.9947323203086853,0.6561116576194763,-0.30358874797821045,0.1932823807001114,0.001165115274488926,-0.008207431063055992,0.11963600665330887,-1.0,0.08514477543607196,-0.12999604351696448,1.0625599683749973,0.055074498451096854,0.20966742146500975,0.9024998346667837,0.0,0.0,0.0,0,0,2,0,2,0.0411
19,0,0.0,-0.03737317278767239,-0.005917371968862212,1.2402275134262633,0.9962377100632835,0.08379275819129045,0.006760122396123185,0.02105942705178785,0.03945676388997076,-0.039513129622478646,-0.003595638658097356,0.2215671218608075,0.004692278995144078,-1.7997654370411478,-0.04693296079193178,2.037896294196694,0.6392959586891811,0.6109446287155151,-0.44510596990585327,0.145294651389122,0.014952943660318851,-0.025775998830795288,0.13957476615905762,0.9985629916191101,0.6109446287155151,-0.44510596990585327,0.145294651389122,0.014952943660318851,-0.025775998830795288,0.13957476615905762,-1.0,0.08514477543607196,-0.12999604351696448,1.0625599683749973,0.055074498451096854,0.20966742146500975,0.9024998346667837,0.0,0.0,0.0,0,0,2,0,2,0.0419
20,1,0.1078,-0.028775703676294492,-0.009948064362194595,1.2425585367538663,0.9955959680328635,0.09098281454362878,0.007561277438069174,0.021298426653829715,0.03947391709362898,-0.03954015714471171,-0.005213622363526085,0.245265133950453,-0.0004704675209552184,-1.7610270087380342,-0.04541806291721257,2.0251298768699497,0.6169125390836379,0.5584744811058044,-0.1806822270154953,0.03376707434654236,0.008896942250430584,0.006762421689927578,0.17466026544570923,0.9968646764755249,0.5584744811058044,-0.1806822270154953,0.03376707434654236,0.008896942250430584,0.006762421689927578,0.17466026544570923,-1.0,0.08514477543607196,-0.12999604351696448,1.0625599683749973,0.055074498451096854,0.20966742146500975,0.9024998346667837,0.0,0.0,0.0,0,0,2,0,2,0.0424
21,0,0.0,-0.020870359753523474,-0.013392110690942982,1.2439002689670888,0.9947352716277178,0.10008963077692262,0.0075649118924646505,0.02065374781310735,0.039495893861988526,-0.03956048444838528,-0.006874921641746974,0.2689692149332931,-0.004783211859387533,-1.7241566422407406,-0.04204334028836374,2.0123798636749437,0.5906666856197377,0.48461583256721497,-0.21654419600963593,0.05303296446800232,0.021192636340856552,4.114210605621338e-05,0.18009218573570251,0.9894705414772034,0.48461583256721497,-0.21654419600963593,0.05303296446800232,0.021192636340856552,4.114210605621338e-05,0.18009218573570251,-1.0,0.08514477543607196,-0.12999604351696448,1.0625599683749973,0.055074498451096854,0.20966742146500975,0.9024998346667837,0.0,0.0,0.0,0,0,2,0,2,0.0412
22,0,0.0,-0.013668795116016767,-0.015966671288538625,1.2447265426904872,0.9936813062140393,0.11032981309583356,0.0069355226625064,0.01940856894250693,0.039515293887819186,-0.03958159884103737,-0.008438616184700794,0.29193625679662133,-0.008088093660364669,-1.6888131895882945,-0.03771927477696788,1.999079789096795,0.5631103235434639,0.38512471318244934,-0.26850390434265137,0.09149321913719177,0.026471368968486786,-0.008463522419333458,0.19838786125183105,1.007102131843567,0.38512471318244934,-0.26850390434265137,0.09149321913719177,0.026471368968486786,-0.008463522419333458,0.19838786125183105,-1.0,0.08514477543607196,-0.12999604351696448,1.0625599683749973,0.055074498451096854,0.20966742146500975,0.9024998346667837,0.0,0.0,0.0,0,0,2,0,2,0.0418
23,0,0.0,-0.0072622317774437865,-0.01872233842821625,1.246033734219575,0.9924647570197533,0.12106301790083601,0.006166873983456657,0.01787236514104132,0.039532910716584484,-0.03960276648575162,-0.01031480401624284,0.312676737942175,-0.011539333705529196,-1.6549692978679431,-0.03271187403865135,1.9846455918946666,0.5338932254510804,0.35687220096588135,-0.35440516471862793,0.0973055511713028,0.03057657927274704,-0.013769259676337242,0.2048182189464569,0.9945657849311829,0.35687220096588135,-0.35440516471862793,0.0973055511713028,0.03057657927274704,-0.013769259676337242,0.2048182189464569,-1.0,0.08514477543607196,-0.12999604351696448,1.0625599683749973,0.055074498451096854,0.20966742146500975,0.9024998346667837,0.0,0.0,0.0,0,0,2,0,2,0.0406
24,1,0.1077,-0.0015004128122084396,-0.022180977378949755,1.2478227500079588,0.9910695037903532,0.13223590338307822,0.005604208277563882,0.016232601848895807,0.03954850124948013,-0.0396243021464492,-0.012740108255861186,0.33138634692068314,-0.0157199908408987,-1.6227301471844633,-0.027145405562474526,1.9701422328291383,0.502500301801971,0.3909686207771301,-0.132250115275383,0.19902075827121735,-0.003581997938454151,-0.004950512200593948,0.23310837149620056,0.9998349547386169,0.3909686207771301,-0.132250115275383,0.19902075827121735,-0.003581997938454151,-0.004950512200593948,0.23310837149620056,-1.0,0.08514477543607196,-0.12999604351696448,1.0625599683749973,0.055074498451096854,0.20966742146500975,0.9024998346667837,0.0,0.0,0.0,0,0,2,0,2,0.0419
25,0,0.0,0.004000112995189348,-0.025319365315797794,1.250169967777221,0.9893405352535676,0.14474449177343765,0.005620906704738634,0.01492457078946098,0.039566724060940986,-0.039641629444687805,-0.015071333050110988,0.34861966606277073,-0.019147842883494182,-1.5912576527715334,-0.022401041255278382,1.956092618209829,0.4695357091367511,0.43901050090789795,-0.14204998314380646,0.21180076897144318,-0.000827061478048563,-0.01027644332498312,0.21809253096580505,0.9876352548599243,0.43901050090789795,-0.14204998314380646,0.21180076897144318,-0.000827061478048563,-0.01027644332498312,0.21809253096580505,-1.0,0.08514477543607196,-0.12999604351696448,1.0625599683749973,0.055074498451096854,0.20966742146500975,0.9024998346667837,0.0,0.0,0.0,0,0,2,0,2,0.0405
26,0,0.0,0.009610673143242468,-0.027742046702208648,1.252946631406028,0.9873724191452643,0.15763822812224015,0.006396055474105943,0.014317311901321416,0.03958336902286025,-0.03965902445200327,-0.017037750137026304,0.36538484174893804,-0.0214947286423067,-1.5596662481648393,-0.01918311104419169,1.9430927421867679,0.4380283752572426,0.48588311672210693,-0.20249034464359283,0.21227554976940155,-0.0018322444520890713,-0.015338359400629997,0.202234148979187,1.005370020866394,0.48588311672210693,-0.20249034464359283,0.21227554976940155,-0.0018322444520890713,-0.015338359400629997,0.202234148979187,-1.0,0.08514477543607196,-0.12999604351696448,1.0625599683749973,0.055074498451096854,0.20966742146500975,0.9024998346667837,0.0,0.0,0.0,0,0,2,0,2,0.041
27,0,0.0,0.015550834408134751,-0.030292365334260392,1.2556816608246169,0.985363077671473,0.16968202722981068,0.00796323778768778,0.014289913957744661,0.03959781957047661,-0.0396771423659037,-0.019058644164956447,0.382710834432534,-0.023814079470563812,-1.5276259540618649,-0.016757611025704725,1.9319020960792848,0.4086020095544252,0.5522589683532715,-0.30074208974838257,0.18269555270671844,0.0026224544271826744,-0.020012974739074707,0.17520594596862793,0.9946767091751099,0.5522589683532715,-0.30074208974838257,0.18269555270671844,0.0026224544271826744,-0.020012974739074707,0.17520594596862793,-1.0,0.08514477543607196,-0.12999604351696448,1.0625599683749973,0.055074498451096854,0.20966742146500975,0.9024998346667837,0.0,0.0,0.0,0,0,2,0,2,0.0404
28,1,0.1073,0.021973609957024715,-0.03354326917869416,1.2580384921333383,0.9834190025214895,0.18045183917855806,0.010331950715371558,0.014746186324896045,0.03961004524207345,-0.03969606901209584,-0.02146413666649633,0.40140085078744137,-0.026799458426830396,-1.4948014342376328,-0.014470215411356017,1.9230253007067537,0.3809442244341187,0.3570256233215332,-0.2065305858850479,-0.02020178735256195,-0.0025335680693387985,-0.0189596526324749,0.2339262068271637,1.0369285345077515,0.3570256233215332,-0.2065305858850479,-0.02020178735256195,-0.0025335680693387985,-0.0189596526324749,0.2339262068271637,-1.0,0.08514477543607196,-0.12999604351696448,1.0625599683749973,0.055074498451096854,0.20966742146500975,0.9024998346667837,0.0,0.0,0.0,0,0,2,0,2,0.0421
29,0,0.0,0.027785851013349322,-0.036546214122944905,1.2590727742955172,0.9811869903128925,0.1921563364374579,0.011378791624157177,0.014783622994217146,0.039625700043268396,-0.03971023635388929,-0.023964197350652788,0.420717425958907,-0.029252843128389192,-1.463588260180057,-0.011903080495738778,1.9133588850543386,0.351434638619802,0.585228681564331,-0.2192411571741104,-0.01547914743423462,0.005131280981004238,-0.010595212690532207,0.15881705284118652,0.9176949262619019,0.585228681564331,-0.2192411571741104,-0.01547914743423462,0.005131280981004238,-0.010595212690532207,0.15881705284118652,-1.0,0.08514477543607196,-0.12999604351696448,1.0625599683749973,0.055074498451096854,0.20966742146500975,0.9024998346667837,0.0,0.0,0.0,0,0,2,0,2,0.0411
30,0,0.0,0.03401289260378967,-0.039469664491575074,1.2590518324233018,0.9789451125928018,0.20316585875855525,0.013064037193587914,0.014813213620546387,0.03963727056916547,-0.0397272116579044,-0.02661097335676594,0.44170114232628493,-0.031571665547290705,-1.432587302220672,-0.008871096776777066,1.9071240370669011,0.32370436152450216,0.7405657768249512,-0.13857616484165192,0.0025313645601272583,0.0051605310291051865,-0.0071678305976092815,0.062230318784713745,0.9398807287216187,0.7405657768249512,-0.13857616484165192,0.0025313645601272583,0.0051605310291051865,-0.0071678305976092815,0.062230318784713745,-1.0,0.08514477543607196,-0.12999604351696448,1.0625599683749973,0.055074498451096854,0.20966742146500975,0.9024998346667837,0.0,0.0,0.0,0,0,2,0,2,0.0404
31,0,0.0,0.04157212004823987,-0.04242958846349332,1.258212295199044,0.9773694569887366,0.2103508136957188,0.016625862554594046,0.015002013778330877,0.03964850207161902,-0.03974325907509473,-0.029319354574621002,0.4658926286853003,-0.03397229627735955,-1.3992884679876496,-0.004923212695854701,1.9053192945007151,0.30364956058635634,0.7536762356758118,-0.13102035224437714,-0.08600852638483047,-0.004271309822797775,-0.0022667869925498962,-0.004902982152998447,0.9188669919967651,0.7536762356758118,-0.13102035224437714,-0.08600852638483047,-0.004271309822797775,-0.0022667869925498962,-0.004902982152998447,-1.0,0.08514477543607196,-0.12999604351696448,1.0625599683749973,0.055074498451096854,0.20966742146500975,0.9024998346667837,0.0,0.0,0.0,0,0,2,0,2,0.0421
32,1,0.1093,0.04973518248115348,-0.04527435127713813,1.2563007481151007,0.9766523236750067,0.21329831811125302,0.02039670511315492,0.015428563499121483,0.039659396839715325,-0.039758442119724305,-0.0318216278925236,0.49302222985017113,-0.036291557694129443,-1.3639167601490643,-0.0013156909727987068,1.9046327726859769,0.2927668626233734,0.7626442313194275,-0.13988234102725983,-0.016917690634727478,-0.00045260507613420486,-0.005804995074868202,0.0349169559776783,0.9921838045120239,0.7626442313194275,-0.13988234102725983,-0.016917690634727478,-0.00045260507613420486,-0.005804995074868202,0.0349169559776783,-1.0,0.08514477543607196,-0.12999604351696448,1.0625599683749973,0.055074498451096854,0.20966742146500975,0.9024998346667837,0.0,0.0,0.0,0,0,2,0,2,0.0422
33,0,0.0,0.058171125436757225,-0.04759914328018968,1.2541211958998786,0.9761737630941578,0.2150292136245542,0.02420169879200339,0.01617094029970856,0.039670954651166275,-0.03977183768248148,-0.034005571357826114,0.5217263549463175,-0.03785168240600512,-1.3262108204254393,0.0014394968601983509,1.9034370728288685,0.2853563466038242,0.7704676389694214,-0.07830117642879486,-0.0570933073759079,-7.208762690424919e-05,-0.0021575437858700752,0.006191510707139969,1.006455659866333,0.7704676389694214,-0.07830117642879486,-0.0570933073759079,-7.208762690424919e-05,-0.0021575437858700752,0.006191510707139969,-1.0,0.08514477543607196,-0.12999604351696448,1.0625599683749973,0.055074498451096854,0.20966742146500975,0.9024998346667837,0.0,0.0,0.0,0,0,2,0,2,0.0406
34,0,0.0,0.06669889979499298,-0.04933637810074625,1.251912992932491,0.9757231621328972,0.21655044971824167,0.027975797374507637,0.016957840825599837,0.039682183369987675,-0.039784494534739666,-0.0359726953415973,0.5516315028031603,-0.03862436482280792,-1.286241490551458,0.003765434411970818,1.9010809052280233,0.27967502608639483,0.7611173987388611,-0.07466413080692291,-0.13316282629966736,9.334785863757133e-05,-0.0020143967121839523,-0.008252998813986778,1.0107754468917847,0.7611173987388611,-0.07466413080692291,-0.13316282629966736,9.334785863757133e-05,-0.0020143967121839523,-0.008252998813986778,-1.0,0.08514477543607196,-0.12999604351696448,1.0625599683749973,0.055074498451096854,0.20966742146500975,0.9024998346667837,0.0,0.0,0.0,0,0,2,0,2,0.0407
35,0,0.0,0.07524118844543524,-0.05071977299412961,1.249080518593127,0.9755172852706692,0.21693917304976637,0.03145691671354326,0.01771676396817494,0.039692615218101815,-0.03979692404731354,-0.03778994532911841,0.5832112313728733,-0.038935573202222094,-1.2445452404937531,0.005688026530293167,1.8980634855982954,0.2770745822215366,0.7143328785896301,-0.0898587703704834,-0.26899203658103943,0.0007875827141106129,-0.0004119016230106354,-0.009324236772954464,0.9821360111236572,0.7143328785896301,-0.0898587703704834,-0.26899203658103943,0.0007875827141106129,-0.0004119016230106354,-0.009324236772954464,-1.0,0.08514477543607196,-0.12999604351696448,1.0625599683749973,0.055074498451096854,0.20966742146500975,0.9024998346667837,0.0,0.0,0.0,0,0,2,0,2,0.0401
36,1,0.1082,0.08360444935765753,-0.05197482365994694,1.245097062351487,0.9754805555635666,0.21662335891028206,0.03424723523527151,0.01841556327026223,0.03970258111886577,-0.03980883987510983,-0.03957705791062324,0.6165995285414573,-0.038995549897819885,-1.2019769955264457,0.007154701733485457,1.8945697400217287,0.2763307050669861,0.7496861815452576,-0.18492810428142548,-0.20178574323654175,-0.00128259533084929,0.020678237080574036,0.03265956789255142,1.006544589996338,0.7496861815452576,-0.18492810428142548,-0.20178574323654175,-0.00128259533084929,0.020678237080574036,0.03265956789255142,-1.0,0.08514477543607196,-0.12999604351696448,1.0625599683749973,0.055074498451096854,0.20966742146500975,0.9024998346667837,0.0,0.0,0.0,0,0,2,0,2,0.0414
37,0,0.0,0.091848773928117,-0.053487686646774425,1.2405185582861344,0.9752620716794822,0.21710460891882818,0.0367475337477686,0.01947046720299716,0.03971086996505788,-0.03982149516327852,-0.04155774119710821,0.6513463198931202,-0.039096162573448376,-1.1579034330184794,0.00783546774630756,1.8906745335526731,0.2738599425038185,0.5718023777008057,-0.14179889857769012,-0.2973073422908783,0.00019204150885343552,-0.008020930923521519,0.014555603265762329,1.001677393913269,0.5718023777008057,-0.14179889857769012,-0.2973073422908783,0.00019204150885343552,-0.008020930923521519,0.014555603265762329,-1.0,0.08514477543607196,-0.12999604351696448,1.0625599683749973,0.055074498451096854,0.20966742146500975,0.9024998346667837,0.0,0.0,0.0,0,0,2,0,2,0.0409
38,0,0.0,0.09944089684859123,-0.05518862922315671,1.2358437369071844,0.9749325460104686,0.2182060602559054,0.03846519532910029,0.02032424034090375,0.03972004849399238,-0.03983236328886137,-0.043845755556698666,0.686099537162013,-0.03918726213415336,-1.113001228539926,0.008575998116096259,1.8842482008601649,0.2700346265136606,0.3409300446510315,-0.08783398568630219,-0.3760540783405304,1.6071368008852005e-05,-0.026522889733314514,0.002046603709459305,1.0000938177108765,0.3409300446510315,-0.08783398568630219,-0.3760540783405304,1.6071368008852005e-05,-0.026522889733314514,0.002046603709459305,-1.0,0.08514477543607196,-0.12999604351696448,1.0625599683749973,0.055074498451096854,0.20966742146500975,0.9024998346667837,0.0,0.0,0.0,0,0,2,0,2,0.0407
39,0,0.0,0.10560840309633225,-0.05668455025962704,1.231247361396876,0.9748053616522429,0.2187695961524272,0.03850122342852675,0.020298435601033542,0.03973016616781923,-0.03984143337978248,-0.046189909920165764,0.718893194295119,-0.03911198507406167,-1.0695613505892982,0.009798784026558946,1.8735232288033208,0.26728686082943987,0.1987254023551941,-0.01816818118095398,-0.4813617467880249,0.00046258093789219856,-0.0496380552649498,-0.009799811989068985,1.00666081905365,0.1987254023551941,-0.01816818118095398,-0.4813617467880249,0.00046258093789219856,-0.0496380552649498,-0.009799811989068985,-1.0,0.08514477543607196,-0.12999604351696448,1.0625599683749973,0.055074498451096854,0.20966742146500975,0.9024998346667837,0.0,0.0,0.0,0,0,2,0,2,0.0406
40,1,0.106,0.11050938116695383,-0.05769248604251069,1.2267495090914693,0.974884186617417,0.21868860877087087,0.03734888792289193,0.01952372013937788,0.039740423456894526,-0.03984954379958896,-0.048318315634576336,0.7492538487172062,-0.0386336345739596,-1.028824777675806,0.011289566086364023,1.8604396485867976,0.2662833611847719,0.28303444385528564,-0.24832583963871002,-0.5045239925384521,0.006054298020899296,-0.012976324185729027,0.0016165189445018768,0.9741445183753967,0.28303444385528564,-0.24832583963871002,-0.5045239925384521,0.006054298020899296,-0.012976324185729027,0.0016165189445018768,-1.0,0.08514477543607196,-0.12999604351696448,1.0625599683749973,0.055074498451096854,0.20966742146500975,0.9024998346667837,0.0,0.0,0.0,0,0,2,0,2,0.0409
41,0,0.0,0.114972005455216,-0.05941114776962942,1.2216283462507813,0.9750515352723162,0.218179837164972,0.03611648744231639,0.019174502668737232,0.03974633615846366,-0.039861211234041315,-0.05085595358121184,0.7790659605548521,-0.038828620279086845,-0.9903886503678024,0.012254006160903613,1.8493074516706716,0.26536395335436885,0.10262204706668854,-0.17870353162288666,-0.591735303401947,0.0011847317218780518,-0.029308132827281952,0.0018516797572374344,0.9981102347373962,0.10262204706668854,-0.17870353162288666,-0.591735303401947,0.0011847317218780518,-0.029308132827281952,0.0018516797572374344,-1.0,0.08514477543607196,-0.12999604351696448,1.0625599683749973,0.055074498451096854,0.20966742146500975,0.9024998346667837,0.0,0.0,0.0,0,0,2,0,2,0.0411
42,0,0.0,0.11864989013005363,-0.06173195243565178,1.2156791723010925,0.975204195941386,0.21788519259939929,0.03399942082925988,0.018624136154752405,0.03975484757223832,-0.039869525224802485,-0.053921680065947594,0.8080507498967341,-0.03935004729914819,-0.9545333284729538,0.013436547922110787,1.837961944209588,0.26317910168549696,-0.06674487888813019,-0.20123277604579926,-0.6478905081748962,0.0015055108815431595,-0.04598076641559601,-0.0008295904844999313,0.9862325191497803,-0.06674487888813019,-0.20123277604579926,-0.6478905081748962,0.0015055108815431595,-0.04598076641559601,-0.0008295904844999313,-1.0,0.08514477543607196,-0.12999604351696448,1.0625599683749973,0.055074498451096854,0.20966742146500975,0.9024998346667837,0.0,0.0,0.0,0,0,2,0,2,0.0406
43,0,0.0,0.12109911334499725,-0.06414939293631004,1.209671632585115,0.9753955310124431,0.21763712731276166,0.03052402714239597,0.017490645014180947,0.039763052396532654,-0.039877426790373594,-0.05723946946354079,0.8344713990596738,-0.03988542024152298,-0.9221337091572069,0.014840837467459645,1.8245955701654435,0.26059694035980546,-0.18438106775283813,-0.169789120554924,-0.6429387927055359,0.0020999787375330925,-0.04705709591507912,0.00364827923476696,0.9924749135971069,-0.18438106775283813,-0.169789120554924,-0.6429387927055359,0.0020999787375330925,-0.04705709591507912,0.00364827923476696,-1.0,0.08514477543607196,-0.12999604351696448,1.0625599683749973,0.055074498451096854,0.20966742146500975,0.9024998346667837,0.0,0.0,0.0,0,0,2,0,2,0.0414
44,1,0.1088,0.12240343556296056,-0.0665699836793012,1.2040403110607218,0.9755886349777684,0.21748809970551342,0.02599658986196841,0.01580882994552481,0.03977173613976321,-0.03988416171851786,-0.060720445996700165,0.8577111850391905,-0.0403281930019336,-0.8934624595478792,0.016490357795672834,1.8094643524274887,0.25756467959713225,-0.042916566133499146,-0.009579092264175415,-0.799141526222229,0.00011257687583565712,-0.038801159709692,-0.0121094835922122,0.9312981963157654,-0.042916566133499146,-0.009579092264175415,-0.799141526222229,0.00011257687583565712,-0.038801159709692,-0.0121094835922122,-1.0,0.08514477543607196,-0.12999604351696448,1.0625599683749973,0.055074498451096854,0.20966742146500975,0.9024998346667837,0.0,0.0,0.0,0,0,2,0,2,0.0416
45,0,0.0,0.12375973161494562,-0.06820849468330994,1.197633869959439,0.9757516949336569,0.21731414924984657,0.02219142335913403,0.013810543045258902,0.03978094509632777,-0.03988971258131478,-0.06373638748645662,0.8804027960765268,-0.039933387435647436,-0.868136084882664,0.01844779165789309,1.7985075785608522,0.2555339838849556,-0.22895100712776184,-0.024424239993095398,-0.8463749885559082,-0.0001621968112885952,-0.04498456418514252,-0.017958957701921463,0.9741203188896179,-0.22895100712776184,-0.024424239993095398,-0.8463749885559082,-0.0001621968112885952,-0.04498456418514252,-0.017958957701921463,-1.0,0.08514477543607196,-0.12999604351696448,1.0625599683749973,0.055074498451096854,0.20966742146500975,0.9024998346667837,0.0,0.0,0.0,0,0,2,0,2,0.0416
46,0,0.0,0.12464073366833052,-0.06923895032293967,1.1899453617768958,0.9760291039556925,0.21661580924900684,0.017637007140648864,0.011563537260088668,0.039790007546541904,-0.03989477977540059,-0.06617557953422029,0.9022684225350599,-0.03913607078505247,-0.8467663613406927,0.019894118362273155,1.7888274086221954,0.2554351182153987,-0.4777126908302307,-0.1309577375650406,-0.833354651927948,-0.00023447256535291672,-0.08072200417518616,-0.01676483079791069,0.9858857989311218,-0.4777126908302307,-0.1309577375650406,-0.833354651927948,-0.00023447256535291672,-0.08072200417518616,-0.01676483079791069,-1.0,0.08514477543607196,-0.12999604351696448,1.0625599683749973,0.055074498451096854,0.20966742146500975,0.9024998346667837,0.0,0.0,0.0,0,0,2,0,2,0.0406
47,0,0.0,0.12413009727470338,-0.0706828590179032,1.1828596168041108,0.9764015940373159,0.21547418371242524,0.01124955041585671,0.009178830551439726,0.03979761440878207,-0.03990069989138264,-0.06874309817270785,0.9202124702592029,-0.03892259744083761,-0.829684748712605,0.02078146603215622,1.7759557184226182,0.2557131400128018,-0.6641227006912231,-0.18364156782627106,-0.8347633481025696,-0.0013456866145133972,-0.09472734481096268,-0.01859857141971588,0.9873153567314148,-0.6641227006912231,-0.18364156782627106,-0.8347633481025696,-0.0013456866145133972,-0.09472734481096268,-0.01859857141971588,-1.0,0.08514477543607196,-0.12999604351696448,1.0625599683749973,0.055074498451096854,0.20966742146500975,0.9024998346667837,0.0,0.0,0.0,0,0,2,0,2,0.0408
48,1,0.1071,0.12218420424915057,-0.07284766900933606,1.176993804560609,0.9768108470810356,0.21398068721480262,0.003287417142246994,0.0064828552692468185,0.03980523154970504,-0.03990603284330986,-0.07186609876410005,0.9332365126907638,-0.039389497626366204,-0.8175284708766101,0.021718059025912433,1.7599011184545792,0.25556011035846166,-0.596043586730957,-0.1650611013174057,-0.8556555509567261,-0.0008009565062820911,-0.09407298266887665,0.011252984404563904,0.9725508689880371,-0.596043586730957,-0.1650611013174057,-0.8556555509567261,-0.0008009565062820911,-0.09407298266887665,0.011252984404563904,-1.0,0.08514477543607196,-0.12999604351696448,1.0625599683749973,0.055074498451096854,0.20966742146500975,0.9024998346667837,0.0,0.0,0.0,0,0,2,0,2,0.0421
49,0,0.0,0.11988809721461888,-0.07521523158218672,1.17157089540204,0.9769831554989132,0.21324046000093,-0.004343552892999706,0.0036815266184800086,0.03981294570329527,-0.03991071369954137,-0.07526087586967435,0.943172655935939,-0.0398392104288873,-0.8101281765339993,0.022949207877818272,1.7463013437293373,0.2532536077263307,-0.6663734316825867,-0.16244937479496002,-0.9109007716178894,0.0002802596427500248,-0.11822571605443954,0.00561138428747654,0.9927141070365906,-0.6663734316825867,-0.16244937479496002,-0.9109007716178894,0.0002802596427500248,-0.11822571605443954,0.00561138428747654,-1.0,0.08514477543607196,-0.12999604351696448,1.0625599683749973,0.055074498451096854,0.20966742146500975,0.9024998346667837,0.0,0.0,0.0,0,0,2,0,2,0.0415
50,0,0.0,0.11751135592254183,-0.07762807083281162,1.1657730297742548,0.9769386234576073,0.213213073460547,-0.011423990902865517,0.0007770032900196117,0.0398207737836797,-0.03991474781390926,-0.07880700508282053,0.9509897704576011,-0.04019022323095435,-0.8077525529958982,0.0244978002044796,1.7365072407939284,0.24931245396721063,-0.7394311428070068,-0.13145692646503448,-0.9617276191711426,2.6070978492498398e-05,-0.13184376060962677,-0.0008306354284286499,-0.003865596605464816,-0.7394311428070068,-0.13145692646503448,-0.9617276191711426,2.6070978492498398e-05,-0.13184376060962677,-0.0008306354284286499,1.0,0.08514477543607196,-0.12999604351696448,1.0625599683749973,0.055074498451096854,0.20966742146500975,0.9024998346667837,0.0,0.0,0.0,0,0,2,0,2,0.0418
51,0,0.0,0.11475226324380108,-0.08003249457193484,1.1596253739574858,0.9768608669204693,0.21305800022423874,-0.0185199305416973,-0.0024793935884287006,0.03943309366103625,-0.03949460511139981,-0.0824367365301725,0.9562725142492565,-0.04051112403603835,-0.8108170668571962,0.02652425772035154,1.7293275204677256,0.24532690929845602,-0.733982264995575,0.01255333423614502,-0.9576693773269653,-0.00841874722391367,-0.12671878933906555,-0.004248848184943199,0.0405278205871582,-0.733982264995575,0.01255333423614502,-0.9576693773269653,-0.00841874722391367,-0.12671878933906555,-0.004248848184943199,1.0,0.08514477543607196,-0.12999604351696448,1.0625599683749973,0.055074498451096854,0.20966742146500975,0.9024998346667837,0.0,0.0,0.0,0,0,2,0,2,0.0415
52,1,0.1065,0.11173079504480647,-0.08176507727523467,1.1532261280056846,0.9767319289880603,0.21286153775509556,-0.025458347684456133,-0.006047906495247666,0.03734695382297798,-0.037334019291022286,-0.08549814336819138,0.9589804991830504,-0.04030877367850077,-0.819220392050616,0.02868324031498569,1.7250343567269026,0.24206464777672596,-0.6229564547538757,-0.003666236996650696,-0.7995772361755371,-0.0008388487622141838,-0.11649511009454727,-0.0007225535809993744,1.00345778465271,-0.6229564547538757,-0.003666236996650696,-0.7995772361755371,-0.0008388487622141838,-0.11649511009454727,-0.0007225535809993744,-1.0,0.08514477543607196,-0.12999604351696448,1.0625599683749973,0.055074498451096854,0.20966742146500975,0.9024998346667837,0.0,0.0,0.0,0,0,2,0,2,0.0418
53,0,0.0,0.1089524925113833,-0.08283500440263365,1.1472598928596889,0.9765763977914491,0.21270335189618936,-0.031155022110762216,-0.009229732719839857,0.03544595551876715,-0.03540446558845981,-0.0878326512678395,0.9591155124871641,-0.039722679982534384,-0.8316243979692779,0.030493224099502926,1.724881777328729,0.23960453064166756,-0.7139679789543152,-0.001796528697013855,-0.8106603026390076,-0.0030404950957745314,-0.12320021539926529,0.0005793962627649307,1.0038419961929321,-0.7139679789543152,-0.001796528697013855,-0.8106603026390076,-0.0030404950957745314,-0.12320021539926529,0.0005793962627649307,-1.0,0.08514477543607196,-0.12999604351696448,1.0625599683749973,0.055074498451096854,0.20966742146500975,0.9024998346667837,0.0,0.0,0.0,0,0,2,0,2,0.042
54,0,0.0,0.1058869939627623,-0.08371003437933208,1.1416599709275828,0.9763839007108069,0.2125569977442434,-0.03667260866009274,-0.012211507554991601,0.03570965081522624,-0.03565251718290346,-0.08980557127580424,0.9564834486192806,-0.03919108737776982,-0.848227990337611,0.0319797412324514,1.726434840534581,0.23735136522214498,-0.710831344127655,0.0006370246410369873,-0.8047642707824707,-0.006178667768836021,-0.12178535759449005,0.0004905723035335541,0.9949289560317993,-0.710831344127655,0.0006370246410369873,-0.8047642707824707,-0.006178667768836021,-0.12178535759449005,0.0004905723035335541,-1.0,0.08514477543607196,-0.12999604351696448,1.0625599683749973,0.055074498451096854,0.20966742146500975,0.9024998346667837,0.0,0.0,0.0,0,0,2,0,2,0.0415
55,0,0.0,0.10245960508084795,-0.08452740377981703,1.1361285768628204,0.9761560386640492,0.21241756608546966,-0.04211901557315293,-0.014971784301926323,0.037047111982442725,-0.03696919981512309,-0.0915027713112069,0.9512663330088948,-0.038824997214771846,-0.8694273274640274,0.03314240440323458,1.7303462218167376,0.23515001333893173,-0.6646502017974854,0.006206974387168884,-0.7613930106163025,-0.011356108821928501,-0.09747274965047836,0.0018337368965148926,0.9590346813201904,-0.6646502017974854,0.006206974387168884,-0.7613930106163025,-0.011356108821928501,-0.09747274965047836,0.0018337368965148926,-1.0,0.08514477543607196,-0.12999604351696448,1.0625599683749973,0.055074498451096854,0.20966742146500975,0.9024998346667837,0.0,0.0,0.0,0,0,2,0,2,0.0417
56,1,0.1064,0.09882348669843667,-0.08530272460175989,1.1304622101928183,0.9759026275391954,0.2123381574535637,-0.04719812654973857,-0.017288877971504076,0.03793032556986404,-0.03783390521547456,-0.0928657644934708,0.9439465604816489,-0.038626653485941034,-0.8949703047828452,0.03376320561564991,1.7374676696958127,0.23300579973787058,-0.5439549684524536,-0.033425718545913696,-0.8348231911659241,0.009835857897996902,-0.0747469961643219,-0.002007231116294861,1.0354076623916626,-0.5439549684524536,-0.033425718545913696,-0.8348231911659241,0.009835857897996902,-0.0747469961643219,-0.002007231116294861,-1.0,0.08514477543607196,-0.12999604351696448,1.0625599683749973,0.055074498451096854,0.20966742146500975,0.9024998346667837,0.0,0.0,0.0,0,0,2,0,2,0.0459
57,0,0.0,0.09625489367232148,-0.0858871721270078,1.1271895438067268,0.9757995376332758,0.21230829755674974,-0.04876806095277262,-0.01902959206460597,0.03842109563228332,-0.03747689202394939,-0.09419459548959914,0.9334914677925777,-0.038312482342695325,-0.9206448713663367,0.03559774859419301,1.7490484458388025,0.23065791971020067,-0.5931504964828491,-0.040923163294792175,-0.8228753209114075,0.00398886576294899,-0.08770294487476349,-0.0007402654737234116,1.0975120067596436,-0.5931504964828491,-0.040923163294792175,-0.8228753209114075,0.00398886576294899,-0.08770294487476349,-0.0007402654737234116,-1.0,0.08480065175402544,-0.13074637942802458,1.0625599687111162,0.055074498451096854,0.20966742146500975,0.9024998346667837,0.0,0.0,40.89555235880173,1,0,2,0,2,0.045
58,0,0.0,0.09440323280742535,-0.08680480893413076,1.1273245974996526,0.9758094866590832,0.2123965204727937,-0.04757678448634331,-0.020494228824842243,0.03869750868931654,-0.0357646020895552,-0.09598786949560513,0.9197623106249627,-0.03838836987550941,-0.9448886924344367,0.03876587290411108,1.7607557477437614,0.22711505603514784,-0.6217097043991089,-0.037532150745391846,-0.8098644614219666,-0.0007435064762830734,-0.10232178866863251,-0.000563398003578186,-0.012677837163209915,-0.6217097043991089,-0.037532150745391846,-0.8098644614219666,-0.0007435064762830734,-0.10232178866863251,-0.000563398003578186,1.0,0.08368513644661486,-0.13317869004694946,1.062559968362874,0.055074498451096854,0.20966742146500975,0.9024998346667837,0.0,0.0,43.075276518564266,1,0,2,0,2,0.0446
59,0,0.0,0.09224421760457613,-0.08814015632071005,1.127327965920411,0.9758181790135847,0.21247691689007397,-0.04640887967138697,-0.02187823537551092,0.03858605034938011,-0.03391709747093928,-0.0980266775657253,0.9051219220735771,-0.03890574846306326,-0.9710056620105993,0.04208086648139913,1.7734611576714494,0.22288761153166725,-0.5893883109092712,-0.02460484206676483,-0.7554975152015686,-0.0009421999566257,-0.10398181527853012,0.0030584465712308884,0.013841675594449043,-0.5893883109092712,-0.02460484206676483,-0.7554975152015686,-0.0009421999566257,-0.10398181527853012,0.0030584465712308884,1.0,0.08231460038586948,-0.1361670570080791,1.0625599683676141,0.055074498451096854,0.20966742146500975,0.9024998346667837,0.0,0.0,41.72743645860878,1,0,2,0,2,0.0451
60,1,0.1056,0.08993647927536778,-0.08942672472353194,1.1273524840563645,0.9758437350029512,0.21254186948030526,-0.044884697857203025,-0.02324483752520489,0.03687015191875132,-0.031870643274172834,-0.10000064563734984,0.8894271521405163,-0.039449252043506446,-0.998987743243469,0.045642875045370374,1.7876517667220257,0.21852794370965375,-0.7417713403701782,-0.03093770146369934,-0.7212075591087341,-0.0018408584874123335,-0.19231219589710236,0.01917644590139389,0.998143196105957,-0.7417713403701782,-0.03093770146369934,-0.7212075591087341,-0.0018408584874123335,-0.19231219589710236,0.01917644590139389,-1.0,0.08088415332738609,-0.1392860560069261,1.0625599683782985,0.055074498451096854,0.20966742146500975,0.9024998346667837,0.0,0.0,39.877431977308994,1,0,2,0,2,0.0464
61,0,0.0,0.08748976627003076,-0.09065687013917646,1.127436323090158,0.9759041241003523,0.21257149195780436,-0.042701031242452135,-0.024517816003622742,0.03518741190888112,-0.02964941851555006,-0.10190638623717105,0.8720786939867063,-0.04005532474654619,-1.0298928911289429,0.049540461561511644,1.8044382588779988,0.2139749077119673,-0.69736248254776,-0.019315987825393677,-0.6877021193504333,-0.0058803497813642025,-0.17967669665813446,0.01984744891524315,1.0132129192352295,-0.69736248254776,-0.019315987825393677,-0.6877021193504333,-0.0058803497813642025,-0.17967669665813446,0.01984744891524315,-1.0,0.07940649063181979,-0.1425080057546959,1.062559968372018,0.055074498451096854,0.20966742146500975,0.9024998346667837,0.0,0.0,26.560370826607304,1,0,2,0,2,0.0468
62,0,0.0,0.08509729279056706,-0.09230249320284126,1.1275427128159783,0.9760538341936303,0.21248784071604812,-0.03919252854943148,-0.025135154856196246,0.03553098013763366,-0.027777043702232686,-0.10389145867020884,0.852999767558379,-0.04114227080927646,-1.0642273775059239,0.05346953019093046,1.8258531879998596,0.20898098793275743,-0.688502848148346,0.004504844546318054,-0.673960268497467,-0.004727194085717201,-0.17026038467884064,0.026651084423065186,0.9962509870529175,-0.688502848148346,0.004504844546318054,-0.673960268497467,-0.004727194085717201,-0.17026038467884064,0.026651084423065186,-1.0,0.0778781102796764,-0.14584054209343197,1.0625599683776186,0.055074498451096854,0.20966742146500975,0.9024998346667837,0.0,0.0,27.212956757962377,1,0,2,0,2,0.048
63,0,0.0,0.08264896901712315,-0.09419080542245789,1.1277087040797718,0.9762467233215985,0.2123782107238017,-0.03464202137576596,-0.025253933725228536,0.036952299457014816,-0.026594031589985374,-0.10586094105601825,0.8324480969809447,-0.042532153620549844,-1.1013068798004582,0.05749887050090073,1.8507262495046513,0.2035254039359815,-0.6744127869606018,0.03728190064430237,-0.7221648097038269,-0.0058892956003546715,-0.16928322613239288,0.034041136503219604,1.005712628364563,-0.6744127869606018,0.03728190064430237,-0.7221648097038269,-0.0058892956003546715,-0.16928322613239288,0.034041136503219604,-1.0,0.07640786065011905,-0.14904632803776693,1.0625599683726916,0.055074498451096854,0.20966742146500975,0.9024998346667837,0.0,0.0,30.293889385463167,1,0,2,0,2,0.0489
64,1,0.1072,0.08017264409003963,-0.09595847856927428,1.127835758114787,0.9764672895990174,0.2122189092503579,-0.029058701107200824,-0.02510694704057212,0.03788084607438883,-0.025167744269595345,-0.10765637501406757,0.8108676293802124,-0.043889417979925134,-1.140607685368822,0.06187674073644107,1.8789199327860662,0.19796749764746743,-0.3798314929008484,0.06346806138753891,-0.6581085920333862,-0.004320401232689619,-0.08672685921192169,0.0064057856798172,-0.012064779177308083,-0.3798314929008484,0.06346806138753891,-0.6581085920333862,-0.004320401232689619,-0.08672685921192169,0.0064057856798172,1.0,0.0749310191092912,-0.15226648727500824,1.062559968373421,0.055074498451096854,0.20966742146500975,0.9024998346667837,0.0,0.0,32.33319686953279,1,0,2,0,2,0.0466
65,0,0.0,0.07823852804324524,-0.09757902625117514,1.1279425189235812,0.9767399284824126,0.21192206868634475,-0.02193257299200143,-0.02423037667516892,0.038015097564477726,-0.023954781442825694,-0.10911655648820459,0.7899655597230955,-0.045123002207420576,-1.179366392499548,0.06611258731300851,1.9106593030273231,0.19293714867326922,-0.2219693958759308,0.14366470277309418,-0.5263336896896362,-0.01803326979279518,-0.046280331909656525,0.012389525771141052,-0.0012125498615205288,-0.2219693958759308,0.14366470277309418,-0.5263336896896362,-0.01803326979279518,-0.046280331909656525,0.012389525771141052,1.0,0.07368068225441923,-0.15499276717073635,1.06255996840606,0.055074498451096854,0.20966742146500975,0.9024998346667837,0.0,0.0,44.62445932986049,1,0,2,0,2,0.0451
66,0,0.0,0.076796840532956,-0.09848689256036756,1.1281468619226491,0.9769822661534237,0.2116180952497421,-0.014384969328173226,-0.022726769282469562,0.036544412806999625,-0.02291899201794539,-0.10976429182230932,0.7708284279780986,-0.04572924500739345,-1.215007098148948,0.06919817006607427,1.9422048086602186,0.1895344446874016,-0.08897367119789124,0.26814019680023193,-0.339414119720459,-0.04042396321892738,0.0028299111872911453,0.010735426098108292,-0.012949504889547825,-0.08897367119789124,0.26814019680023193,-0.339414119720459,-0.04042396321892738,0.0028299111872911453,0.010735426098108292,1.0,0.07283780656384267,-0.15683060388894948,1.0625599684039893,0.055074498451096854,0.20966742146500975,0.9024998346667837,0.0,0.0,42.67125311243829,1,0,2,1,2,0.0448
67,0,0.0,0.07552296379502886,-0.09821706846496443,1.1284192146345382,0.9771587106887423,0.21137063532212036,-0.007847414040302916,-0.02053598649971941,0.033560971857613406,-0.0214066865016532,-0.1090593977913011,0.7537130882221063,-0.04541712845435279,-1.246654582287776,0.06957040974185007,1.9704312708561904,0.1892007781193452,-0.0034515857696533203,0.23684537410736084,-0.18033018708229065,-0.044466570019721985,0.015190060250461102,0.0022703278809785843,-0.008255434222519398,-0.0034515857696533203,0.23684537410736084,-0.18033018708229065,-0.044466570019721985,0.015190060250461102,0.0022703278809785843,1.0,0.07233291102998708,-0.15793149636009612,1.0625599684038562,0.055074498451096854,0.20966742146500975,0.9024998346667837,0.0,0.0,35.00338592374333,1,0,2,1,2,0.0452
68,1,0.1073,0.07445377792342635,-0.09703011657489631,1.12873687610989,0.9772850678074289,0.21118826851914585,-0.0025660951082095646,-0.017516467577926194,0.029684588830329366,-0.01962805413528601,-0.10708546077471519,0.7389496518555498,-0.044580899787992664,-1.273757374073762,0.06693588921535831,1.9948601503070689,0.1918790612335896,0.006012365221977234,-0.015363186597824097,-0.059603169560432434,-0.01805727370083332,0.00623870175331831,0.005194231867790222,-0.01813512109220028,0.006012365221977234,-0.015363186597824097,-0.059603169560432434,-0.01805727370083332,0.00623870175331831,0.005194231867790222,1.0,0.07212201084051165,-0.15839135069369897,1.0625599683953377,0.055074498451096854,0.20966742146500975,0.9024998346667837,0.0,0.0,25.414799481414967,1,0,2,1,2,0.0461
69,0,0.0,0.07351105385048069,-0.09604358900646753,1.1290355986256562,0.977364597643571,0.21107830679243164,0.0018080163507457033,-0.014181775330876226,0.02529128288879345,-0.018103035786486612,-0.10495295218928458,0.7264482348344518,-0.044244177062292514,-1.2967284107742432,0.06331736121255957,2.0159332477300462,0.19490880351487477,0.013280913233757019,-0.017078354954719543,0.06811898946762085,-0.022124070674180984,0.010095355100929737,0.0108234453946352,0.010740477591753006,0.013280913233757019,-0.017078354954719543,0.06811898946762085,-0.022124070674180984,0.010095355100929737,0.0108234453946352,1.0,0.07191650178177472,-0.15883945025891374,1.0625599683596656,0.055074498451096854,0.20966742146500975,0.9024998346667837,0.0,0.0,15.70540319505352,1,0,2,1,2,0.0452
70,0,0.0,0.07236040198079398,-0.09550905584957876,1.1292766533397371,0.9773986525621139,0.21103779113890792,0.005108953653213183,-0.01135003407671507,0.020635044202754433,-0.016526196359227523,-0.10317359767265771,0.7154875225170624,-0.044456018543976385,-1.3166847034077596,0.060192009371130804,2.0330639590810415,0.19706541471911446,0.04872075468301773,-0.02695024013519287,0.2036644071340561,-0.02029462903738022,0.02335742861032486,0.02107667550444603,0.01344575360417366,0.04872075468301773,-0.02695024013519287,0.2036644071340561,-0.02029462903738022,0.02335742861032486,0.02107667550444603,1.0,0.07149083767408905,-0.1597675839351008,1.0625599683625084,0.055074498451096854,0.20966742146500975,0.9024998346667837,0.0,0.0,5.4745302540757494,1,0,2,1,2,0.0456
71,0,0.0,0.07105774417901416,-0.0951228149408423,1.12985636179108,0.9772943395433656,0.21157201698359063,0.007435476132690862,-0.008818685881197027,0.015823707789065715,-0.013709313336739562,-0.10152835841227939,0.7053573757706976,-0.04487316322596263,-1.3337959377572337,0.056931215369804965,2.0461681483981202,0.19796222927315726,0.14879155158996582,0.012139499187469482,0.2875393033027649,-0.02572927623987198,0.022147558629512787,0.019707676023244858,0.012954906560480595,0.14879155158996582,0.012139499187469482,0.2875393033027649,-0.02572927623987198,0.022147558629512787,0.019707676023244858,1.0,0.07109875245005713,-0.16062250074182172,1.062559968397241,0.055074498451096854,0.20966742146500975,0.9024998346667837,0.0,0.0,0.0,0,0,2,1,2,0.0451
72,1,0.1075,0.07032206920785768,-0.09481060803057373,1.131251965499398,0.9770417848856962,0.2127263463089125,0.009988239685502838,-0.0060899295084273185,0.010922937170394671,-0.009732989927256987,-0.09990259128367562,0.6964264360779827,-0.045287380732395736,-1.3468345235345913,0.053377107155620405,2.057064622174932,0.19797897338168427,0.32152658700942993,0.049761272966861725,0.4899170994758606,-0.03203693777322769,0.19244790077209473,0.010274039581418037,0.011614039540290833,0.32152658700942993,0.049761272966861725,0.4899170994758606,-0.03203693777322769,0.19244790077209473,0.010274039581418037,1.0,0.07092279520322062,-0.1610061642645361,1.0625599683865794,0.055074498451096854,0.20966742146500975,0.9024998346667837,0.0,0.0,0.0,0,1,2,1,2,0.0453
73,0,0.0,0.06929326319204371,-0.09438303623684909,1.1327332481926884,0.9767949285884836,0.21391191115336686,0.010054791138596808,-0.0035018460405770516,0.006720047564926288,-0.006022464632522395,-0.09793499109857129,0.6896216479521994,-0.04576902567368837,-1.3548944932712486,0.047962665823377125,2.0599855388826223,0.19940588507656898,0.32770460844039917,0.05780184268951416,0.6443067193031311,-0.029697485268115997,0.19294880330562592,0.0208125002682209,0.010655947960913181,0.32770460844039917,0.05780184268951416,0.6443067193031311,-0.029697485268115997,0.19294880330562592,0.0208125002682209,1.0,0.07084517267234956,-0.16117541522831383,1.0625599683801787,0.055074498451096854,0.20966742146500975,0.9024998346667837,0.0,0.0,0.0,0,1,2,1,2,0.0424
74,0,0.0,0.06836131597279249,-0.09357715973318913,1.1354286157386955,0.9765301876111632,0.2152367772034953,0.007805229518471528,-0.0010004075781817803,0.004216452594606254,-0.003808012732361348,-0.09548634245737772,0.6847217955651946,-0.04598605928480749,-1.35527046169642,0.040663596455231384,2.0529967680504257,0.20236077280991493,0.31653380393981934,0.06394322961568832,0.735275387763977,-0.026512816548347473,0.16985884308815002,0.021450579166412354,0.007031142245978117,0.31653380393981934,0.06394322961568832,0.735275387763977,-0.026512816548347473,0.16985884308815002,0.021450579166412354,1.0,0.07081092757174749,-0.1612500844798362,1.062559968377286,0.055074498451096854,0.20966742146500975,0.9024998346667837,0.0,0.0,0.0,0,1,2,2,2,0.0415
75,0,0.0,0.06808846406831598,-0.09244098014886415,1.1402238033815395,0.9762163407925246,0.21673584984498007,0.005027863762974419,0.0013956889366892712,0.002800930187070605,-0.002571597055157066,-0.09280357480276173,0.6808943463107934,-0.04590963516137449,-1.3480835466235825,0.032981419109278196,2.0384951471702033,0.20576758287140645,0.29271093010902405,0.061225973069667816,0.7917082905769348,-0.0129047567024827,0.160697340965271,0.022380825132131577,0.012855568900704384,0.29271093010902405,0.061225973069667816,0.7917082905769348,-0.0129047567024827,0.160697340965271,0.022380825132131577,1.0,0.07079581903747387,-0.16128302767246783,1.0625599683760076,0.055074498451096854,0.20966742146500975,0.9024998346667837,0.0,0.0,0.0,0,1,2,2,2,0.0412
76,1,0.1047,0.06825329376761677,-0.09105529646953146,1.1466513049349936,0.9758957489889631,0.21820512605415454,0.001882235170674032,0.0032353144703899956,0.0020078414990165167,-0.0018797013007077904,-0.09014557887380685,0.6781050369960928,-0.0456057750976125,-1.334707565285119,0.02616114628837107,2.0176949368582773,0.20898855692701857,0.22170740365982056,-0.13147668540477753,0.8418301939964294,-0.0009484575130045414,0.008419192396104336,-0.015365689061582088,0.02226904407143593,0.22170740365982056,-0.13147668540477753,0.8418301939964294,-0.0009484575130045414,0.008419192396104336,-0.015365689061582088,1.0,0.07078915324078595,-0.16129756201579715,1.0625599683754432,0.055074498451096854,0.20966742146500975,0.9024998346667837,0.0,0.0,0.0,0,1,2,2,2,0.0434
77,0,0.0,0.06968450097909916,-0.09060856644060598,1.1554792323137448,0.9758728582581154,0.2182743646605952,0.001253168736881546,0.005186117552215286,0.0015222687671510812,-0.0015336500641418725,-0.08835245447035842,0.6756019866725546,-0.04626448934535808,-1.3157406701387755,0.021843288184987507,1.9967056797893532,0.21252188364286143,0.146521657705307,-0.023147553205490112,0.8813683390617371,-0.002360631711781025,0.01334929745644331,0.01339462399482727,0.00861774105578661,0.146521657705307,-0.023147553205490112,0.8813683390617371,-0.002360631711781025,0.01334929745644331,0.01339462399482727,1.0,0.07078621231294016,-0.1613039745208613,1.0625599683751947,0.055074498451096854,0.20966742146500975,0.9024998346667837,0.0,0.0,0.0,0,1,2,2,2,0.0417
78,0,0.0,0.07127531022552931,-0.09057784191231782,1.1658656867040325,0.9759029677677243,0.2181029806996595,0.0017987257120437583,0.006422764037709179,0.0012922949800426326,-0.001298454021862694,-0.0872961065885656,0.6721649744077343,-0.047190879874730175,-1.294906134066634,0.020058401671380986,1.9742119074931985,0.21418439972496897,0.08420246094465256,0.15802747011184692,0.93062824010849,0.0011960002593696117,-0.00543157197535038,0.0018563494086265564,-0.014499577693641186,0.08420246094465256,0.15802747011184692,0.93062824010849,0.0011960002593696117,-0.00543157197535038,0.0018563494086265564,1.0,0.07078491478173075,-0.16130680370467243,1.0625599683750848,0.055074498451096854,0.20966742146500975,0.9024998346667837,0.0,0.0,0.0,0,1,2,3,2,0.0431
79,0,0.0,0.07239228344155714,-0.0895311380199915,1.1772975076205343,0.9757850885766145,0.21862245223129537,0.0022199929472218522,0.006538801359358508,0.001181274093208202,-0.0011490620037742593,-0.0860956690257091,0.6672639055905191,-0.04707703187915872,-1.273632124687758,0.019729656814770683,1.9489015249141861,0.21487038034226952,-0.01721307635307312,0.3659830391407013,0.9857420325279236,-0.005079880356788635,-0.016427239403128624,0.008921636268496513,-0.02287357673048973,-0.01721307635307312,0.3659830391407013,0.9857420325279236,-0.005079880356788635,-0.016427239403128624,0.008921636268496513,1.0,0.070784342313016,-0.16130805193608955,1.0625599683750362,0.055074498451096854,0.20966742146500975,0.9024998346667837,0.0,0.0,0.0,0,1,2,3,2,0.0423
80,1,0.1068,0.0728969577228465,-0.08675390663515244,1.189909541020109,0.9755858163667217,0.21952828201895871,0.0024031737692092507,0.005820056160870427,0.0011250531190063133,-0.0010493452520658807,-0.0840784891027159,0.6601549713283693,-0.04529854026150615,-1.252788677738585,0.01966358059368701,1.920785020798685,0.21671673593289997,0.11995919793844223,0.0056143999099731445,0.27292126417160034,-0.004787711892277002,-0.024241618812084198,0.03653910383582115,1.0132063627243042,0.11995919793844223,0.0056143999099731445,0.27292126417160034,-0.004787711892277002,-0.024241618812084198,0.03653910383582115,-1.0,0.07078408974059691,-0.16130860265409466,1.0625599683750149,0.055074498451096854,0.20966742146500975,0.9024998346667837,0.0,0.0,0.0,0,0,2,3,2,0.0426
81,0,0.0,0.07385069945691168,-0.08460833225682934,1.1991293270742607,0.9752922319989565,0.2208137290587534,0.0028342687838004118,0.006190814334233575,0.0012885399429667017,-0.0012659486956050443,-0.08216581065093975,0.6578266808999306,-0.04410048511233665,-1.2339538514029196,0.018087802962383298,1.900801278832149,0.21773900722541878,0.0655769556760788,0.15936945378780365,-0.019539684057235718,-8.977903053164482e-05,-0.03330570086836815,0.022023756057024002,1.0093566179275513,0.0655769556760788,0.15936945378780365,-0.019539684057235718,-8.977903053164482e-05,-0.03330570086836815,0.022023756057024002,-1.0,0.07078397830596374,-0.16130884563018486,1.062559968375006,0.055074498451096854,0.20966742146500975,0.9024998346667837,0.0,0.0,0.0,0,0,2,3,2,0.0434
82,0,0.0,0.07542105636699177,-0.08303097459129923,1.2026289597272646,0.9749496371269727,0.222311577764693,0.003080707529814029,0.00642469445750409,0.003091308977362107,-0.0030752708712374396,-0.0806661170461029,0.6619355014660863,-0.04310714572175493,-1.2186883046779315,0.01731338260949137,1.890205477238798,0.21749720407435583,0.09898388385772705,0.327886700630188,-0.3853527903556824,0.005744345486164093,-0.0539613738656044,0.0011371970176696777,0.9220712184906006,0.09898388385772705,0.327886700630188,-0.3853527903556824,0.005744345486164093,-0.0539613738656044,0.0011371970176696777,-1.0,0.07078392914113908,-0.16130895283094043,1.0625599683750013,0.055074498451096854,0.20966742146500975,0.9024998346667837,0.0,0.0,0.0,0,0,2,2,2,0.0417
83,0,0.0,0.07751322045294598,-0.08024516802976381,1.201893660250812,0.9746938718641683,0.22344752246075947,0.003473852564819771,0.00556715411513797,0.0062977635021054575,-0.006252239979709324,-0.07880365377252874,0.6702009386032342,-0.04077201123009814,-1.207199032448451,0.018095433648912564,1.8871901413738774,0.2189447530340063,-0.016593724489212036,0.3819090723991394,-0.5533785223960876,-0.0013419301249086857,-0.07999424636363983,-0.031298957765102386,0.8928310871124268,-0.016593724489212036,0.3819090723991394,-0.5533785223960876,-0.0013419301249086857,-0.07999424636363983,-0.031298957765102386,-1.0,0.07078390744967729,-0.16130900012778554,1.062559968375,0.055074498451096854,0.20966742146500975,0.9024998346667837,0.0,0.0,0.0,0,0,2,1,2,0.0407
84,1,0.1068,0.0796826602024915,-0.07657844633313379,1.1980961996042896,0.9747583182520856,0.22319205646546358,0.0036468783598291236,0.004269333356749603,0.010290082729631906,-0.010225284561523336,-0.07643227790898922,0.6803262672415002,-0.03761910158644908,-1.19997729916394,0.018998508069543625,1.8895443052061784,0.22436292838869423,0.168549045920372,-0.09761928021907806,-0.6945857405662537,0.004960089921951294,0.004619226790964603,0.00019478239119052887,0.9903808832168579,0.168549045920372,-0.09761928021907806,-0.6945857405662537,0.004960089921951294,0.004619226790964603,0.00019478239119052887,-1.0,0.07078389787943011,-0.16130902099509742,1.0625599683749993,0.055074498451096854,0.20966742146500975,0.9024998346667837,0.0,0.0,0.0,0,0,2,1,2,0.0436
85,0,0.0,0.08178283456915193,-0.0747777023189243,1.1914453958826274,0.9750261954026966,0.22202530139980206,0.0032326060591442653,0.004270137578002519,0.014658322276701746,-0.014717436660766154,-0.07474642590961766,0.6929838965885605,-0.036409766626035414,-1.195935502132452,0.01813739214847985,1.8973768382561456,0.2297755667304683,0.004944518208503723,-0.07403519749641418,-0.8324681520462036,0.0013208994641900063,-0.020002063363790512,-0.0025662295520305634,0.9931702613830566,0.004944518208503723,-0.07403519749641418,-0.8324681520462036,0.0013208994641900063,-0.020002063363790512,-0.0025662295520305634,-1.0,0.0707838936570484,-0.16130903020173068,1.062559968374999,0.055074498451096854,0.20966742146500975,0.9024998346667837,0.0,0.0,0.0,0,0,2,1,2,0.0422
86,0,0.0,0.08346044294380894,-0.07483837352517879,1.1823584899832702,0.9752010317060119,0.2212680785603732,0.0018580497103591615,0.004464618797080303,0.01933253860707037,-0.0194060316270376,-0.074199152221334,0.7075258969424936,-0.03677776817842243,-1.1943095770397245,0.01758194959878606,1.907703472901189,0.2318607682973409,-0.24359282851219177,-0.04474712908267975,-0.8744456768035889,0.0060367276892066,-0.0480203740298748,-0.002163609489798546,0.996650218963623,-0.24359282851219177,-0.04474712908267975,-0.8744456768035889,0.0060367276892066,-0.0480203740298748,-0.002163609489798546,-1.0,0.07078389179413859,-0.16130903426368645,1.0625599683749989,0.055074498451096854,0.20966742146500975,0.9024998346667837,0.0,0.0,0.0,0,0,2,1,2,0.0421
87,0,0.0,0.08385253916828568,-0.07517058148176771,1.1728594316270065,0.9753129879127551,0.22079576798843528,-0.0008714402573729373,0.0036117916560860406,0.024172437316977075,-0.024208206038780784,-0.07422618840135752,0.7198161883269308,-0.037338109076384914,-1.1965594754137125,0.01831054376796234,1.9163747570443994,0.23216058651807744,-0.353371262550354,-0.003569096326828003,-0.8627195358276367,-0.0010060770437121391,-0.05563455820083618,-0.011848583817481995,0.9854169487953186,-0.353371262550354,-0.003569096326828003,-0.8627195358276367,-0.0010060770437121391,-0.05563455820083618,-0.011848583817481995,-1.0,0.07078389097222497,-0.16130903605581653,1.0625599683749989,0.055074498451096854,0.20966742146500975,0.9024998346667837,0.0,0.0,0.0,0,0,2,1,2,0.0406
88,1,0.1065,0.0829995741045685,-0.07553478338148291,1.1639387391418685,0.975443123103985,0.2201977349201314,-0.004373105160410692,0.002132387498308066,0.029086207318032013,-0.029093523318547063,-0.07449086981664338,0.7283035914797882,-0.03794062337403501,-1.2033440697003308,0.01965585996445515,1.9240090134783865,0.2321358949980101,-0.004008427262306213,-0.1503169685602188,0.8024923205375671,-0.0011900849640369415,-0.0336943119764328,-0.007117659784853458,-0.004931482952088118,-0.004008427262306213,-0.1503169685602188,0.8024923205375671,-0.0011900849640369415,-0.0336943119764328,-0.007117659784853458,1.0,0.07078389060959764,-0.1613090368465022,1.0625599683749989,0.055074498451096854,0.20966742146500975,0.9024998346667837,0.0,0.0,0.0,0,0,2,1,2,0.0421
89,0,0.0,0.0833437055647212,-0.07664339116406522,1.162447394131464,0.9756135656381743,0.219439155845443,-0.004446228568465434,0.0022041951192144004,0.03253072764301771,-0.03260914845508678,-0.0750026377266661,0.731108251534846,-0.03938231817116261,-1.2011467609893631,0.020525072514316702,1.9249310088046343,0.2318643243957272,0.0505707710981369,-0.07067550718784332,0.8943455815315247,0.00010183360427618027,-0.0397539883852005,-0.02473577857017517,-0.017209285870194435,0.0505707710981369,-0.07067550718784332,0.8943455815315247,0.00010183360427618027,-0.0397539883852005,-0.02473577857017517,1.0,0.07078389044960688,-0.16130903719535178,1.0625599683749989,0.055074498451096854,0.20966742146500975,0.9024998346667837,0.0,0.0,0.0,0,0,2,0,2,0.0416
90,0,0.0,0.08405767628937826,-0.07791856645269941,1.170783453513974,0.9758501697724222,0.21841208402725087,-0.0019191928982020489,0.002987374202511341,0.032903221699670054,-0.032960078431868434,-0.07563645819041467,0.7247024958046104,-0.041063547913098256,-1.191317772684299,0.021610695239879654,1.9140352191778236,0.23191478381518862,0.057082995772361755,0.08035603165626526,0.8812025189399719,0.0026494646444916725,-0.04956302046775818,-0.01860973984003067,0.0016583021497353911,0.057082995772361755,0.08035603165626526,0.8812025189399719,0.0026494646444916725,-0.04956302046775818,-0.01860973984003067,1.0,0.0707838903790192,-0.1613090373492638,1.0625599683749989,0.055074498451096854,0.20966742146500975,0.9024998346667837,0.0,0.0,0.0,0,0,2,0,2,0.0412
91,0,0.0,0.08463835702331601,-0.07809742525255531,1.181782697425171,0.9760610941500866,0.21746727229302998,0.0013627835744603192,0.0032967846294545905,0.03146481857624068,-0.03145909215845135,-0.07585641624681724,0.7154091139163258,-0.04162135314534277,-1.1802026857185963,0.02324852670323204,1.900050384314267,0.23283719631586838,0.10883766412734985,0.39424240589141846,0.8344295024871826,0.0034255264326930046,-0.06581542640924454,-0.0006460845470428467,0.00010445445514051244,0.10883766412734985,0.39424240589141846,0.8344295024871826,0.0034255264326930046,-0.06581542640924454,-0.0006460845470428467,1.0,0.07078389034787601,-0.16130903741716957,1.0625599683749989,0.055074498451096854,0.20966742146500975,0.9024998346667837,0.0,0.0,0.0,0,0,2,0,2,0.0409
92,1,0.1089,0.08557082210301611,-0.07580805345349116,1.193073600162806,0.9760229513611511,0.2175767162646543,0.005582339502103528,0.0028997312703636898,0.028518055833869266,-0.02842112269379912,-0.07483093024320124,0.7061406860687748,-0.03956480136957207,-1.168679986431579,0.02512398245030138,1.8870924933712294,0.23473020454778976,-0.3685934543609619,-0.24474065005779266,-0.902416467666626,-0.0037147346884012222,-0.1016950011253357,-0.0023170877248048782,0.9859814643859863,-0.3685934543609619,-0.24474065005779266,-0.902416467666626,-0.0037147346884012222,-0.1016950011253357,-0.0023170877248048782,-1.0,0.07078389033413562,-0.16130903744712954,1.0625599683749989,0.055074498451096854,0.20966742146500975,0.9024998346667837,0.0,0.0,0.0,0,0,2,1,2,0.0434
93,0,0.0,0.08522838339261225,-0.07522667543925707,1.1952557763633953,0.9761396343133817,0.21706813904866848,0.0050486440528072826,0.0027108164291028422,0.02603957212150122,-0.026082186670727335,-0.07444777791030477,0.7048318305921643,-0.039438393568885934,-1.166460245412275,0.02472927675926101,1.881890738086553,0.23655422342348617,-0.5135506391525269,-0.25440341234207153,-0.8793230652809143,0.0002528545446693897,-0.11641193926334381,-0.0039414092898368835,1.002077579498291,-0.5135506391525269,-0.25440341234207153,-0.8793230652809143,0.0002528545446693897,-0.11641193926334381,-0.0039414092898368835,-1.0,0.0707838903280734,-0.16130903746034783,1.0625599683749989,0.055074498451096854,0.20966742146500975,0.9024998346667837,0.0,0.0,0.0,0,0,2,1,2,0.0423
94,0,0.0,0.08371060233969088,-0.07740225593929005,1.1894458155512255,0.9763961567327488,0.21597103881384402,0.0015062580678532006,0.0021878523301270703,0.026091055817979634,-0.02615772572497105,-0.07569499301659166,0.7077820628814355,-0.04174337943531754,-1.1750193815670582,0.025175382651372962,1.886266430604699,0.2354664644009803,-0.559601902961731,-0.26841461658477783,-0.8842034339904785,0.0009324220009148121,-0.12590505182743073,-0.004221847280859947,0.9813567996025085,-0.559601902961731,-0.26841461658477783,-0.8842034339904785,0.0009324220009148121,-0.12590505182743073,-0.004221847280859947,-1.0,0.07078389032539878,-0.16130903746617972,1.0625599683749989,0.055074498451096854,0.20966742146500975,0.9024998346667837,0.0,0.0,0.0,0,0,2,1,2,0.0425
95,0,0.0,0.08149405547691523,-0.08037642364675468,1.1825559598881188,0.9766103984971769,0.2150077964791894,-0.0015700465024071513,0.0011454057481365331,0.027961258773536807,-0.028022776619127825,-0.0777898181454247,0.7082365466723141,-0.044712138223313116,-1.1905857603479415,0.027355444605542747,1.895772143524499,0.23199571313594758,-0.6146728992462158,-0.2657657861709595,-0.894502580165863,0.002402033656835556,-0.12029729038476944,-0.009433020837605,0.9909812211990356,-0.6146728992462158,-0.2657657861709595,-0.894502580165863,0.002402033656835556,-0.12029729038476944,-0.009433020837605,-1.0,0.07078389032421874,-0.1613090374687527,1.0625599683749989,0.055074498451096854,0.20966742146500975,0.9024998346667837,0.0,0.0,0.0,0,0,2,1,2,0.0421
96,1,0.1061,0.07846733139493849,-0.08379626186440982,1.175215838709439,0.9768129790055569,0.21405316371528732,-0.004192968257474188,-0.0002572293851677051,0.031199153607919573,-0.03124677358294655,-0.08039064369785355,0.7055607533361106,-0.04805256163080638,-1.2127880906548063,0.030699939802344003,1.9093370525354667,0.2270880552829154,0.06665994971990585,0.04828955978155136,0.8344773650169373,-0.0014691469259560108,0.03239113837480545,0.0040160007774829865,0.0024455515667796135,0.06665994971990585,0.04828955978155136,0.8344773650169373,-0.0014691469259560108,0.03239113837480545,0.0040160007774829865,1.0,0.07078389032369811,-0.16130903746988787,1.0625599683749989,0.055074498451096854,0.20966742146500975,0.9024998346667837,0.0,0.0,0.0,0,0,2,0,2,0.0435
97,0,0.0,0.07670951949046592,-0.08579768606251678,1.1744347459720608,0.9767996950283904,0.21413360758071578,-0.0028818397222561713,-0.0009213559167719622,0.03377371691182797,-0.03376029853003637,-0.0821127155253073,0.6972724921594224,-0.04984469069929247,-1.2281056877146295,0.033956748726329165,1.9187606756039013,0.2221146091807428,0.02137160301208496,0.04507821053266525,0.7805033326148987,5.199108272790909e-06,0.009372013621032238,0.0012257266789674759,0.0013402042677626014,0.02137160301208496,0.04507821053266525,0.7805033326148987,5.199108272790909e-06,0.009372013621032238,0.0012257266789674759,1.0,0.0707838903234684,-0.1613090374703887,1.0625599683749989,0.055074498451096854,0.20966742146500975,0.9024998346667837,0.0,0.0,0.0,0,0,2,0,2,0.0426
98,0,0.0,0.07548182027842937,-0.08612553583350138,1.1814223958670453,0.9766632780658575,0.21477492351294214,0.00019300589481330025,-0.0007322952866190186,0.03377485311129623,-0.033737739473650295,-0.08261696379064962,0.682738640117564,-0.050198593982691705,-1.2355962591048806,0.035323282176083486,1.91762268689963,0.21934317267113101,0.02334803342819214,0.11032330989837646,0.7255566716194153,-0.0028063750360161066,0.005443536676466465,-0.002664729952812195,0.002141033997759223,0.02334803342819214,0.11032330989837646,0.7255566716194153,-0.0028063750360161066,0.005443536676466465,-0.002664729952812195,1.0,0.07078389032336707,-0.1613090374706097,1.0625599683749989,0.055074498451096854,0.20966742146500975,0.9024998346667837,0.0,0.0,0.0,0,0,2,0,2,0.041
99,0,0.0,0.0742655099444173,-0.08564291243490423,1.1897114613453432,0.9765729531041872,0.2151655843228965,0.0029913080874019934,-0.0003011050946915416,0.03196439045318061,-0.03191269621132891,-0.08243035126758791,0.6678502119182056,-0.04983359825256134,-1.240430235709623,0.035500608417118724,1.9131319201073935,0.21883292634513632,0.01632380485534668,0.21762025356292725,0.6678445339202881,0.00022361194714903831,-0.003740954678505659,-0.005616707727313042,0.00675826333463192,0.01632380485534668,0.21762025356292725,0.6678445339202881,0.00022361194714903831,-0.003740954678505659,-0.005616707727313042,1.0,0.07078389032332236,-0.1613090374707072,1.0625599683749989,0.055074498451096854,0.20966742146500975,0.9024998346667837,0.0,0.0,0.0,0,0,2,0,2,0.0416
100,1,0.1088,0.07324999642222003,-0.08404658618718576,1.1978677033169154,0.9764953322617045,0.21546492090872985,0.005632840859150421,-7.094189734578637e-05,0.028777684406426658,-0.028697876974359344,-0.08150176354897803,0.6541006762232574,-0.04844727272640318,-1.2435514005803308,0.035372327115243914,1.907673116926699,0.22021396730303375,-0.12646782398223877,-0.07990171015262604,-0.7897918224334717,0.0020864587277173996,-0.04935722053050995,-0.0020176060497760773,1.0079914331436157,-0.12646782398223877,-0.07990171015262604,-0.7897918224334717,0.0020864587277173996,-0.04935722053050995,-0.0020176060497760773,-1.0,0.07078389032330262,-0.16130903747075018,1.0625599683749989,0.055074498451096854,0.20966742146500975,0.9024998346667837,0.0,0.0,0.0,0,0,2,1,2,0.0421
101,0,0.0,0.07243316583844558,-0.08324487294024323,1.1982382717219282,0.9765607658635612,0.2151552130537403,0.006107429513467314,6.46259352553905e-05,0.026206718610207198,-0.026215816027511288,-0.08088076935069358,0.6497440848880226,-0.04787605796212482,-1.2513338825130824,0.0348474952455242,1.9118813631094045,0.2219085813942089,-0.14317995309829712,0.019816957414150238,-0.8667552471160889,0.0005944604054093361,-0.04921431094408035,-0.00017355941236019135,1.0042682886123657,-0.14317995309829712,0.019816957414150238,-0.8667552471160889,0.0005944604054093361,-0.04921431094408035,-0.00017355941236019135,-1.0,0.07078389032329391,-0.1613090374707691,1.0625599683749989,0.055074498451096854,0.20966742146500975,0.9024998346667837,0.0,0.0,0.0,0,0,2,1,2,0.0439
102,0,0.0,0.07199489373355802,-0.08322339645064247,1.1906849235562753,0.9766310757124401,0.214852759102778,0.005476142207323707,-0.00021383453756090506,0.026219252867843962,-0.02623786474945121,-0.08077753712112674,0.6532123237505912,-0.047746603986881665,-1.2649992814902464,0.03525838537414973,1.927622773680409,0.22210567901701245,-0.17689025402069092,0.06905867904424667,-0.881663978099823,-0.0001656627282500267,-0.04473735764622688,0.0018090363591909409,0.9855070114135742,-0.17689025402069092,0.06905867904424667,-0.881663978099823,-0.0001656627282500267,-0.04473735764622688,0.0018090363591909409,-1.0,0.07078389032329008,-0.16130903747077746,1.0625599683749989,0.055074498451096854,0.20966742146500975,0.9024998346667837,0.0,0.0,0.0,0,0,2,1,2,0.041
103,0,0.0,0.07138788374643755,-0.08281825268226209,1.181152988181287,0.9766439185082847,0.21480851779184,0.004820327017398102,-0.0008494541189520476,0.028057353186561763,-0.028048689092986433,-0.08057846943966873,0.6576403362916468,-0.04717191038250006,-1.2818600212160876,0.036161661228132705,1.947239146478968,0.2219357672474078,-0.20737606287002563,0.10551899671554565,-0.8798792958259583,0.0008834879845380783,-0.033102523535490036,-0.0012439750134944916,0.9892624020576477,-0.20737606287002563,0.10551899671554565,-0.8798792958259583,0.0008834879845380783,-0.033102523535490036,-0.0012439750134944916,-1.0,0.07078389032328838,-0.16130903747078118,1.0625599683749989,0.055074498451096854,0.20966742146500975,0.9024998346667837,0.0,0.0,0.0,0,0,2,1,2,0.0416
104,1,0.1069,0.07026803747692163,-0.08201407117773088,1.171054989599998,0.9766328753073845,0.21487147127933717,0.003962409172868653,-0.0016664371063628562,0.03127658497594308,-0.031240564216321112,-0.08017544227317822,0.6613196190251163,-0.046230129493365614,-1.301310122602757,0.037054294132345324,1.9681940707952992,0.22194185665228883,0.22413530945777893,0.061398036777973175,0.8514079451560974,-0.004954766947776079,0.060423593968153,0.018060211092233658,0.8465182781219482,0.22413530945777893,0.061398036777973175,0.8514079451560974,-0.004954766947776079,0.060423593968153,0.018060211092233658,-1.0,0.07078389032328762,-0.16130903747078285,1.0625599683749989,0.055074498451096854,0.20966742146500975,0.9024998346667837,0.0,0.0,0.0,0,0,2,0,2,0.0431
105,0,0.0,0.0702338992463408,-0.08121527101440111,1.1680778377572851,0.9764898693766513,0.21548823595007938,0.005576537686816138,-0.001121338182672142,0.03452097075471269,-0.03451873621271765,-0.07943902844555137,0.6601055935025828,-0.04547570589048444,-1.3104882909388422,0.036637046313754945,1.97989646912702,0.22177889328039854,0.1691349893808365,0.08487190306186676,0.7977766394615173,-0.0020296743605285883,0.06260266155004501,0.0073668453842401505,1.1087783575057983,0.1691349893808365,0.08487190306186676,0.7977766394615173,-0.0020296743605285883,0.06260266155004501,0.0073668453842401505,-1.0,0.07078389032328727,-0.16130903747078354,1.0625599683749989,0.055074498451096854,0.20966742146500975,0.9024998346667837,0.0,0.0,0.0,0,0,2,0,2,0.0417
106,0,0.0,0.07017111610453336,-0.08025386909298755,1.173853184789993,0.9762793893255384,0.21638106498326887,0.007601636407111264,-6.179639030979775e-05,0.03649866395514332,-0.03647734385100225,-0.0783917136384381,0.6515823833500158,-0.04485864451420866,-1.310405684879999,0.035078761033690294,1.9757481068214133,0.22214103922975856,0.05809946358203888,0.10108469426631927,0.5718482136726379,0.00022368645295500755,0.06389468908309937,0.007995570078492165,0.8864161372184753,0.05809946358203888,0.10108469426631927,0.5718482136726379,0.00022368645295500755,0.06389468908309937,0.007995570078492165,-1.0,0.07078389032328719,-0.1613090374707838,1.0625599683749989,0.055074498451096854,0.20966742146500975,0.9024998346667837,0.0,0.0,0.0,0,0,2,0,2,0.041
107,0,0.0,0.0694349601705256,-0.07900957324271896,1.1804360646587995,0.9761171451411844,0.21710486187293462,0.007788882119410709,0.00036225389784710514,0.037610061713186954,-0.037577397733806896,-0.07719790871156813,0.6429677518924544,-0.04412213563195942,-1.307896503016127,0.03336280709052374,1.965133787861083,0.22321607353160455,-0.1081194281578064,0.09637971967458725,0.3971427083015442,-0.0005264016799628735,0.04967903718352318,0.0006733015179634094,0.9096063375473022,-0.1081194281578064,0.09637971967458725,0.3971427083015442,-0.0005264016799628735,0.04967903718352318,0.0006733015179634094,-1.0,0.07078389032328719,-0.1613090374707838,1.0625599683749989,0.055074498451096854,0.20966742146500975,0.9024998346667837,0.0,0.0,0.0,0,0,2,0,2,0.0413
108,1,0.1067,0.06794915487605988,-0.07771929326593784,1.1858998872305522,0.9760370379303976,0.21752216877328942,0.0059826847904141615,0.00011900805494800045,0.03822805043045419,-0.038196796514850424,-0.07600183661777608,0.6354762408015264,-0.0434705249481537,-1.3054286344617196,0.031691157109388246,1.9514914477432674,0.2248525058428941,-0.32937437295913696,-0.2486492544412613,-0.8238202333450317,0.003089028410613537,-0.08849823474884033,0.00385909341275692,0.9799559712409973,-0.32937437295913696,-0.2486492544412613,-0.8238202333450317,0.003089028410613537,-0.08849823474884033,0.00385909341275692,-1.0,0.07078389032328719,-0.1613090374707838,1.0625599683749989,0.055074498451096854,0.20966742146500975,0.9024998346667837,0.0,0.0,0.0,0,0,2,0,2,0.043
109,0,0.0,0.06659255884083036,-0.07819442965946222,1.1854079877870296,0.9761288960783939,0.21716404446542703,0.0034864936120520378,1.986168842579611e-05,0.03852008459980618,-0.038598392162254386,-0.07585789042547798,0.6346059780808254,-0.04454500857597481,-1.3080670814117246,0.030743561829630686,1.9484868105442357,0.22522098196790372,-0.36507099866867065,-0.23389537632465363,-0.8668873310089111,8.984515443444252e-05,-0.09086178243160248,0.0015688203275203705,0.9848403334617615,-0.36507099866867065,-0.23389537632465363,-0.8668873310089111,8.984515443444252e-05,-0.09086178243160248,0.0015688203275203705,-1.0,0.07078389032328719,-0.1613090374707838,1.0625599683749989,0.055074498451096854,0.20966742146500975,0.9024998346667837,0.0,0.0,0.0,0,0,2,0,2,0.0428
110,0,0.0,0.0653912436167541,-0.08039575459571281,1.178919142540264,0.9762672566483914,0.21656451160706613,0.0014149727925990051,-0.00023186334619633946,0.03871190363996078,-0.03879470130708498,-0.07694963022465508,0.6383256732745044,-0.0470191991557996,-1.3180891395784682,0.0317138542647579,1.958105325446871,0.2227070107920943,-0.4121914505958557,-0.2136203795671463,-0.8299521207809448,-0.0001751813106238842,-0.08962097018957138,0.0027300361543893814,0.990484893321991,-0.4121914505958557,-0.2136203795671463,-0.8299521207809448,-0.0001751813106238842,-0.08962097018957138,0.0027300361543893814,-1.0,0.07078389032328719,-0.1613090374707838,1.0625599683749989,0.055074498451096854,0.20966742146500975,0.9024998346667837,0.0,0.0,0.0,0,0,2,0,2,0.0417
111,0,0.0,0.06362756160218558,-0.08302505190360607,1.1711098911564009,0.976347956484583,0.2162033942014449,-0.0001655890602568414,-0.0008560282795558709,0.038837435021442365,-0.03888627131813366,-0.07857144505829146,0.6407392779547333,-0.049790712791554066,-1.3336628275907425,0.03399583153340934,1.9726201355953874,0.21823089215216707,-0.44679802656173706,-0.2169569879770279,-0.8391596078872681,0.0015383847057819366,-0.08488822728395462,-0.00024416856467723846,0.9845989942550659,-0.44679802656173706,-0.2169569879770279,-0.8391596078872681,0.0015383847057819366,-0.08488822728395462,-0.00024416856467723846,-1.0,0.07078389032328719,-0.1613090374707838,1.0625599683749989,0.055074498451096854,0.20966742146500975,0.9024998346667837,0.0,0.0,0.0,0,0,2,0,2,0.0422
112,1,0.1054,0.061126044601676116,-0.08584790683685488,1.1629832570147132,0.9764064401350314,0.215930034452136,-0.0013603041846835297,-0.0016832875150621933,0.038911065113956644,-0.038937958438106525,-0.08048259749949307,0.6408088572127583,-0.052696788115448465,-1.3541780091025601,0.037013404467420144,1.9902986354977346,0.21267839574357938,0.03626757860183716,0.0748484879732132,0.5659334063529968,-0.0024652585852891207,-0.0026338407769799232,0.002419043332338333,0.012816864997148514,0.03626757860183716,0.0748484879732132,0.5659334063529968,-0.0024652585852891207,-0.0026338407769799232,0.002419043332338333,1.0,0.07078389032328719,-0.1613090374707838,1.0625599683749989,0.055074498451096854,0.20966742146500975,0.9024998346667837,0.0,0.0,0.0,0,0,2,0,2,0.043
113,0,0.0,0.05965102671284327,-0.08731866688695515,1.1608336169636364,0.9763228608885517,0.21630822767601543,0.0007177712811866256,-0.001976550136386073,0.038735689647794495,-0.03872853154823906,-0.08163774262253147,0.6347074100278788,-0.05410431620593172,-1.3697543098992515,0.04005848732299643,2.0037474412184695,0.20774378703029017,0.01251375675201416,0.010422095656394958,0.4862551689147949,0.0013905707746744156,-0.0068519627675414085,-0.0012764837592840195,-0.018499521538615227,0.01251375675201416,0.010422095656394958,0.4862551689147949,0.0013905707746744156,-0.0068519627675414085,-0.0012764837592840195,1.0,0.07078389032328719,-0.1613090374707838,1.0625599683749989,0.055074498451096854,0.20966742146500975,0.9024998346667837,0.0,0.0,0.0,0,0,2,0,2,0.0425
114,0,0.0,0.05861570978518514,-0.0875696093374122,1.1650104585855887,0.9762145557727778,0.2167637161109255,0.004001626464170997,-0.0016184748316281571,0.0369343470641915,-0.03690941269424947,-0.08192394195556307,0.6228560621011201,-0.05449417096609718,-1.379803467979281,0.04147909939757267,2.0083038616521467,0.2053216612329002,0.035883814096450806,-0.047164395451545715,0.39443713426589966,0.0016057305037975311,-0.005476976744830608,-0.0014691278338432312,0.9725772142410278,0.035883814096450806,-0.047164395451545715,0.39443713426589966,0.0016057305037975311,-0.005476976744830608,-0.0014691278338432312,-1.0,0.07078389032328719,-0.1613090374707838,1.0625599683749989,0.055074498451096854,0.20966742146500975,0.9024998346667837,0.0,0.0,0.0,0,0,2,0,2,0.0421
115,0,0.0,0.057693820398153586,-0.08790753375236798,1.16962982896233,0.9761910640548564,0.2168015658421668,0.006879926074275355,-0.0008684037326897698,0.035190541537505005,-0.035185429933203484,-0.08207491542839446,0.6117131690212053,-0.05499803327554553,-1.3876154725672976,0.04186649304170475,2.010870140685047,0.2042906674503353,0.08787022531032562,0.011056795716285706,0.30618512630462646,0.0010636057704687119,-0.0018221205100417137,0.004811061546206474,0.9579681754112244,0.08787022531032562,0.011056795716285706,0.30618512630462646,0.0010636057704687119,-0.0018221205100417137,0.004811061546206474,-1.0,0.07078389032328719,-0.1613090374707838,1.0625599683749989,0.055074498451096854,0.20966742146500975,0.9024998346667837,0.0,0.0,0.0,0,0,2,0,2,0.0416
116,1,0.1082,0.057230352522161944,-0.08803216589508729,1.1733809079151585,0.9761354908842073,0.21694781926370796,0.00965109170696285,-5.9848407306035186e-05,0.035519123857751356,-0.03551338662816084,-0.08208802789746218,0.6031484440174385,-0.05515426065624918,-1.3934139387769433,0.04200394075871311,2.0138569040619982,0.20356690638413721,0.040786586701869965,0.17158259451389313,0.8363335132598877,0.001417878083884716,0.023292668163776398,-0.007496192120015621,0.008557815104722977,0.040786586701869965,0.17158259451389313,0.8363335132598877,0.001417878083884716,0.023292668163776398,-0.007496192120015621,1.0,0.07078389032328719,-0.1613090374707838,1.0625599683749989,0.055074498451096854,0.20966742146500975,0.9024998346667837,0.0,0.0,0.0,0,0,2,0,2,0.0418
117,0,0.0,0.05659593363335635,-0.08711236195702977,1.1793699801007524,0.9760514620296117,0.21721093953870887,0.011953383132600746,0.0002604731330240048,0.036293821109451535,-0.03624591258335135,-0.08153871259701125,0.5922445090315843,-0.05439600849167456,-1.3962430042708505,0.04199369365102979,2.0102958465522365,0.20415459223914387,-0.05241626501083374,0.19983640313148499,0.930637776851654,0.00437829177826643,0.032753847539424896,-0.00638209842145443,0.002540891058743,-0.05241626501083374,0.19983640313148499,0.930637776851654,0.00437829177826643,0.032753847539424896,-0.00638209842145443,1.0,0.07078389032328719,-0.1613090374707838,1.0625599683749989,0.055074498451096854,0.20966742146500975,0.9024998346667837,0.0,0.0,0.0,0,0,2,0,2,0.04
118,0,0.0,0.05508971651946238,-0.08519533426912083,1.1888404268868817,0.9760200861584344,0.21728868231950788,0.013054458605518727,3.258297723764646e-05,0.03548934697127131,-0.0354221469423088,-0.08034915086637359,0.5771549222044365,-0.05302245386982824,-1.396408923207854,0.04139993440697775,1.9972510718647964,0.2066759150216352,-0.13208186626434326,0.2664317488670349,0.9427786469459534,3.716489300131798e-05,0.015140687115490437,0.0003580339252948761,-0.0035850165877491236,-0.13208186626434326,0.2664317488670349,0.9427786469459534,3.716489300131798e-05,0.015140687115490437,0.0003580339252948761,1.0,0.07078389032328719,-0.1613090374707838,1.0625599683749989,0.055074498451096854,0.20966742146500975,0.9024998346667837,0.0,0.0,0.0,0,0,2,0,2,0.0406
119,0,0.0,0.052961261966869184,-0.0825564845217311,1.1999826800012188,0.9759724177901424,0.21748444831726912,0.013348859372992641,-0.0004029968185610905,0.032950769093416835,-0.032865150603963285,-0.07862775099053741,0.5600141055217371,-0.0511158294486707,-1.3952002968255655,0.04016357914704013,1.9792412143286209,0.21024644515292,-0.15915480256080627,0.2787073254585266,0.7432801127433777,0.0014019072987139225,0.007283863611519337,-0.009230036288499832,0.5946707725524902,-0.15915480256080627,0.2787073254585266,0.7432801127433777,0.0014019072987139225,0.007283863611519337,-0.009230036288499832,-1.0,0.07078389032328719,-0.1613090374707838,1.0625599683749989,0.055074498451096854,0.20966742146500975,0.9024998346667837,0.0,0.0,0.0,0,0,2,0,2,0.044
120,1,0.1056,0.05059636087083893,-0.07942395419724711,1.210779750580772,0.9759645489014739,0.21752474352667892,0.013245142932957268,-0.00086685055184245,0.030795370594987583,-0.030709077484972046,-0.07650420965472784,0.5433910778496209,-0.04881604607931308,-1.3940271556932482,0.038558738755498236,1.9610404967113884,0.2150851568527526,0.4256402254104614,-0.011486336588859558,-0.32697737216949463,0.0001561436802148819,-0.1077171266078949,0.038503166288137436,0.9909933805465698,0.4256402254104614,-0.011486336588859558,-0.32697737216949463,0.0001561436802148819,-0.1077171266078949,0.038503166288137436,-1.0,0.07078389032328719,-0.1613090374707838,1.0625599683749989,0.055074498451096854,0.20966742146500975,0.9024998346667837,0.0,0.0,0.0,0,0,2,0,2,0.0429
121,0,0.0,0.051347309556600135,-0.07718596853326977,1.2155867212366023,0.9757937793227568,0.21816408478892735,0.015194797870212998,-0.00022463504329522585,0.03090454403950753,-0.030920152676965944,-0.07478503616687035,0.5404260977246056,-0.04700741915670103,-1.388436649600426,0.03732881662483722,1.9571036786894263,0.2175455944006881,0.29770082235336304,-0.04598252475261688,-0.5014827847480774,0.0042497701942920685,-0.1278352439403534,-0.0007288791239261627,0.9833417534828186,0.29770082235336304,-0.04598252475261688,-0.5014827847480774,0.0042497701942920685,-0.1278352439403534,-0.0007288791239261627,-1.0,0.07078389032328719,-0.1613090374707838,1.0625599683749989,0.055074498451096854,0.20966742146500975,0.9024998346667837,0.0,0.0,0.0,0,0,2,0,2,0.0423
122,0,0.0,0.05580173409197826,-0.07661251198884518,1.213122273612798,0.9755702196093633,0.21871149710368112,0.020629139480455676,0.0015704299728457561,0.032823426118369844,-0.03292009989648708,-0.07402132509042986,0.5505553187847091,-0.046373918950492005,-1.3818128756496306,0.037828377923636546,1.9721109792673643,0.2176713293276719,0.03212820738554001,-0.06162944436073303,-0.6161128282546997,0.002780408598482609,-0.15299907326698303,-0.005358157679438591,0.9957643151283264,0.03212820738554001,-0.06162944436073303,-0.6161128282546997,0.002780408598482609,-0.15299907326698303,-0.005358157679438591,-1.0,0.07078389032328719,-0.1613090374707838,1.0625599683749989,0.055074498451096854,0.20966742146500975,0.9024998346667837,0.0,0.0,0.0,0,0,2,0,2,0.0411
123,0,0.0,0.05956950557018338,-0.0768601095714071,1.2079065389043504,0.9755516328168454,0.21831642416912828,0.025107663017830836,0.0025604499944120347,0.035383220072984764,-0.03546377239464944,-0.07395441653543275,0.5615555010317327,-0.046604949646294705,-1.3799173184519988,0.03989389192038347,1.9901561645338524,0.21747047658427227,-0.12048643827438354,-0.09797845780849457,-0.6755630970001221,0.003756576217710972,-0.1481742411851883,-0.007586211897432804,0.9791138768196106,-0.12048643827438354,-0.09797845780849457,-0.6755630970001221,0.003756576217710972,-0.1481742411851883,-0.007586211897432804,-1.0,0.07078389032328719,-0.1613090374707838,1.0625599683749989,0.055074498451096854,0.20966742146500975,0.9024998346667837,0.0,0.0,0.0,0,0,2,0,2,0.0406
124,1,0.1041,0.061771393312842815,-0.07767772552108865,1.20198896423872,0.9756334534562147,0.2175598242638092,0.02826621640079585,0.0028475206378032704,0.03696125683694927,-0.03702467450087119,-0.07439744214621431,0.5695833008901527,-0.04749453804843302,-1.3838325919798256,0.042798859347744,2.008093160052846,0.21639841170817056,0.5720826983451843,0.1426277756690979,-0.125470831990242,-0.005660435184836388,-0.006456592120230198,0.0025089047849178314,0.9745279550552368,0.5720826983451843,0.1426277756690979,-0.125470831990242,-0.005660435184836388,-0.006456592120230198,0.0025089047849178314,-1.0,0.07078389032328719,-0.1613090374707838,1.0625599683749989,0.055074498451096854,0.20966742146500975,0.9024998346667837,0.0,0.0,0.0,0,0,2,0,2,0.0417
125,0,0.0,0.06503613928130503,-0.07766801947802901,1.1970031250508162,0.9754612091393368,0.21753814869294238,0.03373722581692177,0.0037924822803789907,0.03785565003951634,-0.037896763578800716,-0.07436023943311088,0.5778964143218983,-0.04714987535923533,-1.385998510296152,0.045342468328256336,2.0298015985759594,0.2152657003501244,0.22503909468650818,0.07078462094068527,-0.29317420721054077,0.0035047661513090134,-0.010706603527069092,0.00013213977217674255,0.9766698479652405,0.22503909468650818,0.07078462094068527,-0.29317420721054077,0.0035047661513090134,-0.010706603527069092,0.00013213977217674255,-1.0,0.07078389032328719,-0.1613090374707838,1.0625599683749989,0.055074498451096854,0.20966742146500975,0.9024998346667837,0.0,0.0,0.0,0,0,2,0,2,0.0416
126,0,0.0,0.06807426534718101,-0.07678254565820275,1.192109870854186,0.9752422281901536,0.21786332420910126,0.03764230030082665,0.004607119200297433,0.038365459935460616,-0.03837733185741064,-0.07378379345577826,0.5870472175109034,-0.045978657623923794,-1.385806211891424,0.046374822095146526,2.0463655286828715,0.2154684857653424,-0.03032805025577545,-0.021637246012687683,-0.4726816415786743,0.002430093940347433,-0.026981808245182037,0.0017611756920814514,0.9835449457168579,-0.03032805025577545,-0.021637246012687683,-0.4726816415786743,0.002430093940347433,-0.026981808245182037,0.0017611756920814514,-1.0,0.07078389032328719,-0.1613090374707838,1.0625599683749989,0.055074498451096854,0.20966742146500975,0.9024998346667837,0.0,0.0,0.0,0,0,2,0,2,0.0414
127,0,0.0,0.06931664088638569,-0.07639698165569896,1.1867471224071262,0.975210067107866,0.21789735827134282,0.03826292927311124,0.004691962625731957,0.038634923924076275,-0.03866230702145293,-0.07348392164832597,0.5946493549538148,-0.04552145463509266,-1.3876220665076753,0.046837861002847155,2.056819277860481,0.21568181567684958,-0.0749170333147049,-0.07627017796039581,-0.6357728242874146,0.005734946578741074,-0.049519483000040054,0.009083632379770279,0.9782432317733765,-0.0749170333147049,-0.07627017796039581,-0.6357728242874146,0.005734946578741074,-0.049519483000040054,0.009083632379770279,-1.0,0.07078389032328719,-0.1613090374707838,1.0625599683749989,0.055074498451096854,0.20966742146500975,0.9024998346667837,0.0,0.0,0.0,0,0,2,0,2,0.0419
128,1,0.1071,0.06983935398224614,-0.07665584662652392,1.1805990165211968,0.9752124478227769,0.21791361004707513,0.03812627407744183,0.004552734642935815,0.03877738085354907,-0.03882977151730335,-0.07366257057855573,0.601764424202587,-0.045644640110554115,-1.3919812821365334,0.0477271700720666,2.067935994915437,0.21467265465296068,-0.36753159761428833,0.004453703761100769,-0.6819767951965332,-0.014015844091773033,-0.02410813421010971,0.011028598994016647,1.013828158378601,-0.36753159761428833,0.004453703761100769,-0.6819767951965332,-0.014015844091773033,-0.02410813421010971,0.011028598994016647,-1.0,0.07078389032328719,-0.1613090374707838,1.0625599683749989,0.055074498451096854,0.20966742146500975,0.9024998346667837,0.0,0.0,0.0,0,0,2,0,2,0.0428
129,0,0.0,0.06861826132209897,-0.0771098115820845,1.1735827723093035,0.9752160941856538,0.21832579549030504,0.035675456359107564,0.0038312502360685306,0.03888287152956033,-0.03889786766020505,-0.07399598226306317,0.6063537135603149,-0.046002851141557555,-1.4013278295391138,0.04815773498883623,2.076436604575098,0.2125950617983695,-0.376816987991333,-0.03410859405994415,-0.645049512386322,-0.0054935370571911335,-0.02333567664027214,0.008169040083885193,1.021424651145935,-0.376816987991333,-0.03410859405994415,-0.645049512386322,-0.0054935370571911335,-0.02333567664027214,0.008169040083885193,-1.0,0.07078389032328719,-0.1613090374707838,1.0625599683749989,0.055074498451096854,0.20966742146500975,0.9024998346667837,0.0,0.0,0.0,0,0,2,0,2,0.042
130,0,0.0,0.06607777744385468,-0.07757552636928709,1.1668732842685876,0.9752223603300478,0.21884505567805473,0.032240516571025134,0.002956113798891411,0.03893555059650799,-0.03894926005868769,-0.07431240569638581,0.6075050732723212,-0.04646792429975208,-1.4150875921602932,0.04815950477643021,2.0842832661800883,0.21035951288094215,-0.4039546847343445,-0.10452777147293091,-0.6091436147689819,-0.00239155488088727,-0.025435011833906174,0.00540943443775177,0.04917553439736366,-0.4039546847343445,-0.10452777147293091,-0.6091436147689819,-0.00239155488088727,-0.025435011833906174,0.00540943443775177,1.0,0.07078389032328719,-0.1613090374707838,1.0625599683749989,0.055074498451096854,0.20966742146500975,0.9024998346667837,0.0,0.0,0.0,0,0,2,0,2,0.0425
131,0,0.0,0.06304226854431393,-0.07846742864888909,1.1605310784643144,0.9752572528161887,0.21910835164794243,0.029319834014305046,0.00227341173458793,0.03873435231479987,-0.038758344978215314,-0.07489688750859287,0.6063997802649551,-0.04737762968461387,-1.432004394245161,0.048378251488769404,2.094108089077745,0.20781004218444202,-0.38659942150115967,-0.11419506371021271,-0.5408309698104858,-0.0026413388550281525,-0.027116309851408005,-0.003339812159538269,0.20878051221370697,-0.38659942150115967,-0.11419506371021271,-0.5408309698104858,-0.0026413388550281525,-0.027116309851408005,-0.003339812159538269,1.0,0.07078389032328719,-0.1613090374707838,1.0625599683749989,0.055074498451096854,0.20966742146500975,0.9024998346667837,0.0,0.0,0.0,0,0,2,0,2,0.0408
132,1,0.1082,0.05969913055088235,-0.07980365896620191,1.1546332642635317,0.9753416249406583,0.21901324017599788,0.0271796859315354,0.0017832437827352225,0.03691213025925958,-0.03694822360453599,-0.0757601776811032,0.6033842884925092,-0.04872174568600923,-1.4514043862753354,0.04904593367445483,2.106117893602994,0.2050459702420826,-0.039251044392585754,-0.1223493367433548,0.3371928930282593,0.011043197475373745,-0.004211790859699249,-0.011698169633746147,0.006593119353055954,-0.039251044392585754,-0.1223493367433548,0.3371928930282593,0.011043197475373745,-0.004211790859699249,-0.011698169633746147,1.0,0.07078389032328719,-0.1613090374707838,1.0625599683749989,0.055074498451096854,0.20966742146500975,0.9024998346667837,0.0,0.0,0.0,0,2,2,0,2,0.0432
133,0,0.0,0.05741994947773758,-0.08119195886258308,1.1532819958178466,0.9754183812330838,0.21851218837338632,0.02841591240324059,0.0019851970164749856,0.0336996471091417,-0.03376266166875762,-0.07671289962409412,0.5956160731601668,-0.05008440960187506,-1.467813473599629,0.05058912778767105,2.1174815576082158,0.20265234520251588,-0.06499853730201721,-0.1246551126241684,0.4907976984977722,0.00228475546464324,-0.00611009169369936,-0.012856499291956425,-0.004069710616022348,-0.06499853730201721,-0.1246551126241684,0.4907976984977722,0.00228475546464324,-0.00611009169369936,-0.012856499291956425,1.0,0.07078389032328719,-0.1613090374707838,1.0625599683749989,0.055074498451096854,0.20966742146500975,0.9024998346667837,0.0,0.0,0.0,0,2,2,0,2,0.0416
134,0,0.0,0.05564025303851737,-0.08266341909398049,1.1567719107472922,0.9755127337951754,0.2177175069318583,0.031101343387224825,0.002588400731730096,0.029709494575634852,-0.02977540872469423,-0.07766066896931303,0.583235375750539,-0.05166557407168314,-1.4801238759246764,0.05201770231547367,2.1227772579821163,0.20090215423210242,-0.11651685833930969,-0.20143188536167145,0.6747754216194153,0.0012031267397105694,-0.03638792037963867,-0.014083805494010448,-0.00221925787627697,-0.11651685833930969,-0.20143188536167145,0.6747754216194153,0.0012031267397105694,-0.03638792037963867,-0.014083805494010448,1.0,0.07078389032328719,-0.1613090374707838,1.0625599683749989,0.055074498451096854,0.20966742146500975,0.9024998346667837,0.0,0.0,0.0,0,2,2,1,2,0.0416
135,0,0.0,0.0537848952860181,-0.08459724194733279,1.163265347138924,0.9756375538392078,0.2167039186184283,0.03403156619075013,0.0035535470544347716,0.02526633931653262,-0.02535561506792123,-0.07872615561582315,0.5675498676334718,-0.053888135669159266,-1.4900302886878674,0.05294639002964555,2.1231303923615834,0.19933891646673071,-0.14056524634361267,-0.22383080422878265,0.7064366340637207,0.0012969630770385265,-0.05583461746573448,0.0007475949823856354,-0.011259649880230427,-0.14056524634361267,-0.22383080422878265,0.7064366340637207,0.0012969630770385265,-0.05583461746573448,0.0007475949823856354,1.0,0.07078389032328719,-0.1613090374707838,1.0625599683749989,0.055074498451096854,0.20966742146500975,0.9024998346667837,0.0,0.0,0.0,0,2,2,1,2,0.0422
136,1,0.105,0.0518945050599346,-0.08692503278161519,1.1717477070012876,0.975667250315811,0.21597069549217426,0.037522332420262046,0.004706370103760283,0.02058089392258318,-0.02068164510730569,-0.0800017572208823,0.5496817575036087,-0.05656353311125263,-1.498622055453655,0.05404802967692981,2.121122720736054,0.19650479637646232,0.031513772904872894,-0.24295444786548615,-0.601664125919342,0.00017811032012104988,-0.09907961636781693,-0.04373066872358322,0.9714181423187256,0.031513772904872894,-0.24295444786548615,-0.601664125919342,0.00017811032012104988,-0.09907961636781693,-0.04373066872358322,-1.0,0.07078389032328719,-0.1613090374707838,1.0625599683749989,0.055074498451096854,0.20966742146500975,0.9024998346667837,0.0,0.0,0.0,0,0,2,1,2,0.0431
137,0,0.0,0.051284871890237525,-0.08974391968080268,1.1737652146667814,0.9758485742677582,0.21437282690910356,0.04157042062784171,0.005979240035867675,0.017203487210994035,-0.01734838060879667,-0.08159693387514841,0.5428655408484764,-0.05941087965976781,-1.5080430258238726,0.05640892339654698,2.132120547062421,0.19430901180955107,-0.10366857051849365,-0.2523331046104431,-0.6731749773025513,0.0098585095256567,-0.11216392368078232,-0.05887354537844658,0.9673541784286499,-0.10366857051849365,-0.2523331046104431,-0.6731749773025513,0.0098585095256567,-0.11216392368078232,-0.05887354537844658,-1.0,0.07078389032328719,-0.1613090374707838,1.0625599683749989,0.055074498451096854,0.20966742146500975,0.9024998346667837,0.0,0.0,0.0,0,0,2,1,2,0.042
138,0,0.0,0.05151658647797454,-0.09284953655587758,1.168277847672892,0.9763512688037634,0.21118788861700383,0.04573022506047036,0.006828039447091757,0.01689802007241752,-0.017030813943708423,-0.08350760058200617,0.5457388348203751,-0.062245670662588085,-1.5206691903291303,0.06083932528015761,2.155761468309544,0.19356475228607992,-0.2993013262748718,-0.2774497866630554,-0.7232721447944641,0.01578206568956375,-0.11362556368112564,-0.05840246006846428,0.9931076765060425,-0.2993013262748718,-0.2774497866630554,-0.7232721447944641,0.01578206568956375,-0.11362556368112564,-0.05840246006846428,-1.0,0.07078389032328719,-0.1613090374707838,1.0625599683749989,0.055074498451096854,0.20966742146500975,0.9024998346667837,0.0,0.0,0.0,0,0,2,1,2,0.0419
139,0,0.0,0.0505513315525601,-0.0961341215865796,1.1610571612878704,0.9770294618034184,0.20731669718292808,0.048861078335493746,0.00676851986595761,0.018425045384650875,-0.01852574610040198,-0.08574311862401887,0.5481089989305526,-0.06533282259878609,-1.5378389260727587,0.06685586038853068,2.1807611493865102,0.19246228226386117,-0.3918612003326416,-0.29186302423477173,-0.7639176249504089,0.022176358848810196,-0.11129216104745865,-0.05852500721812248,0.9785671234130859,-0.3918612003326416,-0.29186302423477173,-0.7639176249504089,0.022176358848810196,-0.11129216104745865,-0.05852500721812248,-1.0,0.07078389032328719,-0.1613090374707838,1.0625599683749989,0.055074498451096854,0.20966742146500975,0.9024998346667837,0.0,0.0,0.0,0,0,2,1,2,0.0425
140,1,0.1092,0.0482261122520979,-0.09964233894157005,1.1533751899115052,0.9777505655261163,0.20328165139810972,0.05141656900891206,0.0060612085896916326,0.021448205433146628,-0.021539167009127082,-0.08832657292600059,0.548087441277622,-0.06867590161980608,-1.55984323067378,0.07428334619384937,2.206672144043358,0.18992990441724286,-0.17453718185424805,-0.1881604641675949,-0.7537474632263184,0.03537970781326294,-0.06910549849271774,0.00930471159517765,1.0551100969314575,-0.17453718185424805,-0.1881604641675949,-0.7537474632263184,0.03537970781326294,-0.06910549849271774,0.00930471159517765,-1.0,0.07078389032328719,-0.1613090374707838,1.0625599683749989,0.055074498451096854,0.20966742146500975,0.9024998346667837,0.0,0.0,0.0,0,0,2,1,2,0.0467
141,0,0.0,0.045869531151318435,-0.10226528666046607,1.1448885793328005,0.9779975331808275,0.20119422235870807,0.054929815705212576,0.0049421987294060755,0.02535472104514836,-0.02541043085326475,-0.0909100266268383,0.5486475348783219,-0.0705986809299976,-1.5837426709512574,0.08340669003291888,2.2366051414667525,0.18286985232943473,-0.11847999691963196,-0.037409454584121704,-0.7468737959861755,0.0198543481528759,-0.06478223949670792,0.014664318412542343,0.9953312277793884,-0.11847999691963196,-0.037409454584121704,-0.7468737959861755,0.0198543481528759,-0.06478223949670792,0.014664318412542343,-1.0,0.07078389032328719,-0.1613090374707838,1.0625599683749989,0.055074498451096854,0.20966742146500975,0.9024998346667837,0.0,0.0,0.0,0,0,2,1,2,0.0421
142,0,0.0,0.0439777333984724,-0.10370856380738354,1.1355356251105073,0.9777244345209581,0.2013236482647795,0.05923049646665975,0.003932820660078305,0.02974274527752202,-0.029776795619254646,-0.09314184483294691,0.551229716889243,-0.07085231173067859,-1.6072121378206958,0.09273120629642094,2.269600497008624,0.1725930032346838,-0.06048695743083954,0.0484190359711647,-0.6809577345848083,0.005022982135415077,-0.04812090843915939,0.018852729350328445,0.046913549304008484,-0.06048695743083954,0.0484190359711647,-0.6809577345848083,0.005022982135415077,-0.04812090843915939,0.018852729350328445,1.0,0.07078389032328719,-0.1613090374707838,1.0625599683749989,0.055074498451096854,0.20966742146500975,0.9024998346667837,0.0,0.0,0.0,0,0,2,1,2,0.0423
143,0,0.0,0.04231089910535164,-0.10428418140961161,1.1260339830927548,0.97723764061489,0.2023527067733448,0.06361733344735335,0.0035792054971936042,0.03293615437679834,-0.032957709829965244,-0.0947139699192039,0.5549007328073886,-0.07006830086234447,-1.629641886454991,0.1004271248592512,2.30330570414916,0.16267142848699728,-0.007570549845695496,0.10847452282905579,-0.5781670808792114,3.7476420402526855e-06,-0.028482750058174133,0.017929084599018097,0.08891242742538452,-0.007570549845695496,0.10847452282905579,-0.5781670808792114,3.7476420402526855e-06,-0.028482750058174133,0.017929084599018097,1.0,0.07078389032328719,-0.1613090374707838,1.0625599683749989,0.055074498451096854,0.20966742146500975,0.9024998346667837,0.0,0.0,0.0,0,0,2,0,2,0.0455
144,1,0.1088,0.041154566138171846,-0.10406124975354804,1.1175676944372004,0.9766587294354203,0.2036139944641459,0.06828632610835325,0.004005638846412762,0.03316582993100616,-0.032283984287660654,-0.09554137031374227,0.5586547183662322,-0.06845512927378526,-1.6492562051332447,0.10607221152017055,2.335757925792428,0.1549876616079953,0.2861613631248474,0.3710317015647888,-0.28799086809158325,-0.03412895277142525,0.05493142828345299,0.04117942973971367,-0.00902668759226799,0.2861613631248474,0.3710317015647888,-0.28799086809158325,-0.03412895277142525,0.05493142828345299,0.04117942973971367,1.0,0.07066263109131264,-0.16157339978652566,1.0625416130982086,0.055074498451096854,0.20966742146500975,0.9024998346667837,0.0,0.0,0.0,0,1,2,0,2,0.0476
145,0,0.0,0.041739009821603654,-0.10254044924475297,1.1126715796173154,0.9759236741837181,0.20530085956850574,0.073430754386271,0.005697678338311654,0.031600180204371296,-0.029064590439679232,-0.09501325269387198,0.562002968538257,-0.0656900159178027,-1.6605488878674544,0.10708696106679313,2.3609965638059878,0.15205909516528396,0.4061644375324249,0.37828874588012695,-0.04076740890741348,-0.03835529088973999,0.12309356778860092,0.0620538666844368,-0.027086719870567322,0.4061644375324249,0.37828874588012695,-0.04076740890741348,-0.03835529088973999,0.12309356778860092,0.0620538666844368,1.0,0.06998462050574182,-0.16305174639586698,1.06256778248891,0.055074498451096854,0.20966742146500975,0.9024998346667837,0.0,0.0,0.0,0,1,2,0,2,0.047
146,0,0.0,0.04264061980728294,-0.09969864562273759,1.1090337512888278,0.9751123210154862,0.20849403928291718,0.07502736970322907,0.007555844274403204,0.028555591723959543,-0.0260854901914306,-0.09315664459362567,0.5668647930758737,-0.06213296984267143,-1.6638643552066437,0.10220523480518166,2.3736604913221155,0.15269134195253492,0.412951797246933,0.4134281277656555,0.010380178689956665,-0.04555211216211319,0.1239597275853157,0.06326861679553986,0.01726316101849079,0.412951797246933,0.4134281277656555,0.010380178689956665,-0.04555211216211319,0.1239597275853157,0.06326861679553986,1.0,0.07054202486681853,-0.16183635793716913,1.062548093389753,0.055074498451096854,0.20966742146500975,0.9024998346667837,0.0,0.0,0.0,0,1,2,1,2,0.0454
147,0,0.0,0.04401078411219686,-0.0959800184768427,1.1057901167444468,0.9742206191422201,0.2129124052676795,0.07395175224906511,0.009676324745087343,0.024650219480312416,-0.02291494176545697,-0.09030168007377189,0.5741144331200658,-0.05815181605056376,-1.66048170369603,0.09273907489217068,2.37742793719601,0.1559916445366636,0.48232516646385193,0.42891204357147217,0.0759129524230957,-0.045798350125551224,0.12965510785579681,0.05578683316707611,0.008198875933885574,0.48232516646385193,0.42891204357147217,0.0759129524230957,-0.045798350125551224,0.12965510785579681,0.05578683316707611,1.0,0.07153469929486281,-0.15967189698173204,1.0625432355124336,0.055074498451096854,0.20966742146500975,0.9024998346667837,0.0,0.0,0.0,0,1,2,1,2,0.0472
148,1,0.1058,0.04631206181860221,-0.0916325386093747,1.1033869772682798,0.9733702044531314,0.2173434177897145,0.07188151637783785,0.012055348587918081,0.020383821332068914,-0.01921260312360483,-0.08670857173898078,0.5833903938207234,-0.05382845066366619,-1.6507159413621375,0.08061581725069926,2.375294441016494,0.16253871156757294,0.4368458688259125,0.3752502202987671,0.4008902907371521,-0.03962823003530502,0.18745753169059753,0.005989249795675278,0.01501502376049757,0.4368458688259125,0.3752502202987671,0.4008902907371521,-0.03962823003530502,0.18745753169059753,0.005989249795675278,1.0,0.0726676390364419,-0.15519131782235282,1.0641148091874686,0.055074498451096854,0.20966742146500975,0.9024998346667837,0.04155685906207323,0.0,0.0,3,1,1,1,2,0.0456
149,0,0.0,0.04856520107928365,-0.08744638638916323,1.103025426234739,0.9730195224545831,0.22010901053451762,0.0676986391610194,0.01421009006007481,0.0159270712520152,-0.015037057533965462,-0.08270586676679532,0.5912587507816653,-0.050282707376509195,-1.6359352677917496,0.06655308270874491,2.3623910116442333,0.17410743734382647,0.4516131579875946,0.33233383297920227,0.4817277193069458,-0.043581023812294006,0.1769203096628189,0.004953151568770409,-0.0024550892412662506,0.4516131579875946,0.33233383297920227,0.4817277193069458,-0.043581023812294006,0.1769203096628189,0.004953151568770409,1.0,0.07549011645451148,-0.14717729508241142,1.065263785699351,0.055074498451096854,0.20966742146500975,0.9024998346667837,0.0,0.0,0.0,0,1,1,1,2,0.0444
150,0,0.0,0.051047575003958574,-0.08325414147395563,1.1052080908349948,0.9730849399331061,0.22131371144303105,0.06214413606428334,0.016249527855190522,0.01099202448103144,-0.01049904900227948,-0.07829883608733475,0.5976936286545969,-0.04708372518433679,-1.615745999996283,0.051318651473669825,2.340057981046313,0.18967739818576487,0.46254631876945496,0.24828815460205078,0.5618108510971069,-0.033080827444791794,0.15582577884197235,0.00248580239713192,-0.0019361869199201465,0.46254631876945496,0.24828815460205078,0.5618108510971069,-0.033080827444791794,0.15582577884197235,0.00248580239713192,1.0,0.07522664952984424,-0.1404823848269159,1.0655386748778395,0.055074498451096854,0.20966742146500975,0.9024998346667837,0.02408443020278366,0.0,0.0,1,1,1,1,2,0.0428
151,0,0.0,0.05417691524318563,-0.0793662738532825,1.1092161019446132,0.9732636731544384,0.22187041719937742,0.056479159905157464,0.018478230058945326,0.0067310699459013305,-0.006450171500521608,-0.07392910103239722,0.6042581864010256,-0.044187784833007705,-1.5903874965257712,0.03632088894385206,2.312429912749323,0.20583782393732103,0.469776451587677,0.18672481179237366,0.6211580634117126,-0.024893488734960556,0.15125048160552979,0.0019046422094106674,0.0003022435412276536,0.469776451587677,0.18672481179237366,0.6211580634117126,-0.024893488734960556,0.15125048160552979,0.0019046422094106674,1.0,0.07377781169927153,-0.1342133957393133,1.0651820140820585,0.055074498451096854,0.20966742146500975,0.9024998346667837,0.0,0.0,0.0,0,1,1,1,2,0.0425
152,1,0.1092,0.057715940825227,-0.0760059836532768,1.1144994969746975,0.9734906851739706,0.22205453425589036,0.05087221275159997,0.020486279937255682,0.004186684804856573,-0.0039811632333710285,-0.07000435878882381,0.6113505209904816,-0.04163903033286857,-1.5608158533522436,0.023091493681274222,2.280832116409038,0.22046192411367632,0.5080403685569763,0.3144059479236603,0.05144768953323364,-0.038518812507390976,0.20681442320346832,0.03441990166902542,-0.001550976769067347,0.5080403685569763,0.3144059479236603,0.05144768953323364,-0.038518812507390976,0.20681442320346832,0.03441990166902542,1.0,0.07431662471591123,-0.12983056679641433,1.064658150604254,0.055074498451096854,0.20966742146500975,0.9024998346667837,0.0,0.0,0.0,0,2,2,2,2,0.0481
153,0,0.0,0.061225129667873274,-0.07257772614124568,1.1167963752336658,0.9734976444958601,0.22340020384318315,0.04371684820759629,0.021989139742832117,0.002837597456874403,-0.00266292085533375,-0.06623769139256142,0.6249717928815142,-0.0386719671961171,-1.5283036708350846,0.010643910875697011,2.2492451444558297,0.2317607584799384,0.3174758553504944,0.1688089370727539,0.42845577001571655,-0.04915580525994301,0.15180836617946625,0.015219800174236298,-0.0394570417702198,0.3174758553504944,0.1688089370727539,0.42845577001571655,-0.04915580525994301,0.15180836617946625,0.015219800174236298,1.0,0.07667206529918649,-0.12574080934033316,1.0647703268256148,0.055074498451096854,0.20966742146500975,0.9024998346667837,5.867516826024001,0.0,0.0,2,2,2,2,2,0.0472
154,0,0.0,0.06458445198755869,-0.06976125179568274,1.1189110165135476,0.973368565218994,0.22519111394556815,0.035688855831257305,0.023851708805151875,0.002142561199671307,-0.0022125704991656893,-0.06264009334693665,0.6395142075964028,-0.036301671741369945,-1.4935125694455673,-0.002038446895213756,2.2149106685661257,0.2413645540864957,0.1931433379650116,-0.0032513439655303955,0.633202850818634,-0.04760473966598511,0.12399453669786453,0.0073348525911569595,-0.008152216672897339,0.1931433379650116,-0.0032513439655303955,0.633202850818634,-0.04760473966598511,0.12399453669786453,0.0073348525911569595,1.0,0.08182042706995679,-0.12169937018515409,1.065480057257214,0.055074498451096854,0.20966742146500975,0.9024998346667837,1.7057093858708883,0.0,0.0,5,2,2,2,2,0.0477
155,0,0.0,0.0673427355261205,-0.06818667848670554,1.124707510077276,0.9734224158861106,0.22585680781336132,0.02760286808548491,0.02599200431403042,0.0019353430260740114,-0.0020727386712251768,-0.05956853790447003,0.6489419931238692,-0.03529059007186863,-1.4577035748959322,-0.013774830536303656,2.174374933948696,0.25036191514676825,0.12966500222682953,-0.12917132675647736,0.8744361996650696,-0.05114241689443588,0.09774377197027206,0.004583593457937241,0.0012789545580744743,0.12966500222682953,-0.12917132675647736,0.8744361996650696,-0.05114241689443588,0.09774377197027206,0.004583593457937241,1.0,0.08388031434595976,-0.12042668728280795,1.0712909819197203,0.055074498451096854,0.20966742146500975,0.9024998346667837,1.8617306850537017,0.0,0.0,7,2,2,2,2,0.0424
156,1,0.1039,0.06950754803485892,-0.06816508613259825,1.1341130118701912,0.9735372401915939,0.2258563937543144,0.020020293656523434,0.028518751766792826,0.0018881879433102198,-0.00203376560944364,-0.05732164355307169,0.6533463014670384,-0.03579300866935334,-1.421456293347922,-0.024216972424523493,2.129573323131498,0.2571022361607253,0.34051620960235596,0.12661013007164001,0.9119589924812317,-0.048046212643384933,0.09437369555234909,0.0003801994025707245,-0.004861826077103615,0.34051620960235596,0.12661013007164001,0.9119589924812317,-0.048046212643384933,0.09437369555234909,0.0003801994025707245,1.0,0.085331369858731,-0.12085852300493855,1.080889221841293,0.055074498451096854,0.20966742146500975,0.9024998346667837,2.1308972535026194,0.0,0.0,7,2,2,2,2,0.0433
157,0,0.0,0.07219648842806634,-0.0676966652200842,1.1454294592143244,0.9735090291049251,0.22608275444421846,0.014636539356968873,0.030863086523413047,0.0018549577986577597,-0.001997947265060938,-0.05512720033203962,0.656925439575187,-0.03552070061056921,-1.38330807512258,-0.032617247136089204,2.086202991752915,0.262145728726305,0.28172221779823303,0.06654935330152512,0.9234400391578674,-0.038700398057699203,0.07239332050085068,-0.0216611847281456,-0.0024598767049610615,0.28172221779823303,0.06654935330152512,0.9234400391578674,-0.038700398057699203,0.07239332050085068,-0.0216611847281456,1.0,0.08756242799452645,-0.12075206016455146,1.0923978482918875,0.055074498451096854,0.20966742146500975,0.9024998346667837,2.370634015198024,0.0,0.0,7,2,2,2,2,0.0426
158,0,0.0,0.07520823175396765,-0.06662877275769652,1.1569996276414625,0.9735813498471394,0.22570230547995798,0.010525219884880187,0.032970354520808036,0.0018263110243536469,-0.001969729833246302,-0.052777317894241754,0.6616575133775985,-0.034740631892210515,-1.3434217437245088,-0.039747002000998434,2.044268865874079,0.2680245884342287,0.16495802998542786,0.045557260513305664,0.919639527797699,-0.03192676603794098,0.04127867892384529,-0.016824200749397278,-0.0004891222924925387,0.16495802998542786,0.045557260513305664,0.919639527797699,-0.03192676603794098,0.04127867892384529,-0.016824200749397278,1.0,0.09018832909630205,-0.12000443814007536,1.104151059820064,0.055074498451096854,0.20966742146500975,0.9024998346667837,2.604867147625848,0.0,0.0,8,2,2,2,2,0.043
159,0,0.0,0.07775421546685611,-0.0656866063932385,1.1690212819584114,0.973807829062848,0.22459956579868212,0.006704372225377148,0.03476202658086317,0.0018033773577914303,-0.001946844146107797,-0.05061143102518339,0.6659816924807062,-0.034155900472684464,-1.3033899175477832,-0.04561897130132284,2.002071774087837,0.27389956407089083,0.12963981926441193,0.07650836557149887,0.9189475178718567,-0.030901089310646057,0.04094772785902023,0.001930389553308487,-0.004622179549187422,0.12963981926441193,0.07650836557149887,0.9189475178718567,-0.030901089310646057,0.04094772785902023,0.001930389553308487,1.0,0.09229285468502534,-0.1193561845600597,1.1163203118589997,0.055074498451096854,0.20966742146500975,0.9024998346667837,2.7726450666017204,0.0,0.0,8,2,2,2,2,0.0419
160,1,0.1095,0.07972394768477248,-0.06460517602079047,1.1813544263746527,0.973913123054988,0.2239916631000633,0.0031063611207747532,0.036212071516741766,0.0017850111168313068,-0.0019274958764333838,-0.048536393728797075,0.669660454062604,-0.0334087609924559,-1.2639851603524854,-0.0505818100671833,1.9600922388472815,0.27790800144569483,0.017530515789985657,0.1358281821012497,0.9497362971305847,-0.03939013183116913,0.002719287760555744,-0.018127217888832092,0.019431738182902336,0.017530515789985657,0.1358281821012497,0.9497362971305847,-0.03939013183116913,0.002719287760555744,-0.018127217888832092,1.0,0.09388661128026989,-0.11850811422135334,1.128766093721936,0.055074498451096854,0.20966742146500975,0.9024998346667837,2.9515293156936973,0.0,0.0,9,2,2,2,2,0.0441
161,0,0.0,0.08111429033257556,-0.06332021870019147,1.1942917050340147,0.9739974565318528,0.2234118494068253,-0.00010707621330776837,0.037630954662178036,0.0017706767982386188,-0.0019124257379804388,-0.04634916893377087,0.6720330159328737,-0.03251383982762027,-1.225504910579724,-0.055291816621455776,1.9184485478574331,0.28172614115381134,-0.0033250004053115845,0.2864041030406952,0.9009649157524109,-0.033345092087984085,-0.006656631361693144,-0.008088611997663975,-0.012763050384819508,-0.0033250004053115845,0.2864041030406952,0.9009649157524109,-0.033345092087984085,-0.006656631361693144,-0.008088611997663975,1.0,0.0949458122865291,-0.11744311690807684,1.141826372566425,0.055074498451096854,0.20966742146500975,0.9024998346667837,3.119072066374429,0.0,0.0,9,2,2,2,2,0.0424
162,0,0.0,0.08202545808004306,-0.06095890328531786,1.2075070946122703,0.9740776813620449,0.2228608853311193,-0.0026641508253281952,0.03871173933254086,0.001762163801570832,-0.00189901227629159,-0.04359530450906389,0.6732886866302775,-0.030545628587114446,-1.1886417921665318,-0.05956553973225938,1.8782644588096828,0.2863246383985641,-0.031776174902915955,0.37381458282470703,0.8143680095672607,-0.02051623910665512,-0.012365487404167652,-6.946362555027008e-05,-0.00915575958788395,-0.031776174902915955,0.37381458282470703,0.8143680095672607,-0.02051623910665512,-0.012365487404167652,-6.946362555027008e-05,1.0,0.09555782539742588,-0.11521779722416714,1.1550842362729479,0.055074498451096854,0.20966742146500975,0.9024998346667837,3.213329814319585,0.0,0.0,9,2,2,2,2,0.0408
163,0,0.0,0.08258826515916415,-0.057136714190300655,1.2200382899699622,0.9740584374373662,0.22282850281264513,-0.0047190134451460634,0.03918353867959261,0.0017559061031542397,-0.0018878502394580618,-0.040143095561945424,0.6744732960025764,-0.027138434108831447,-1.153862276995051,-0.06327483444848044,1.8405874928045232,0.29135552024973527,-0.05484806001186371,0.46920543909072876,0.6987054347991943,-0.008095977827906609,-0.036880627274513245,0.005167679861187935,-0.00010969457071041688,-0.05484806001186371,0.46920543909072876,0.6987054347991943,-0.008095977827906609,-0.036880627274513245,0.005167679861187935,1.0,0.09589668906115907,-0.11143107808903129,1.1675749613023383,0.055074498451096854,0.20966742146500975,0.9024998346667837,3.285534430352187,0.0,0.0,9,2,2,2,2,0.0385
164,1,0.1068,0.08303015128462182,-0.052012369341403235,1.2315365609014612,0.9739742709833293,0.22319122564075153,-0.006016222110909153,0.03903333614978661,0.0017511139268627152,-0.0018780928020728789,-0.036087133653880284,0.6760074145540055,-0.02245250246863699,-1.1213794873677012,-0.06616891417386711,1.8066197685027465,0.2969568390541027,0.007957667112350464,0.6581621170043945,0.31276601552963257,-0.009332185611128807,0.05445552244782448,0.005568943917751312,0.01680895686149597,0.007957667112350464,0.6581621170043945,0.31276601552963257,-0.009332185611128807,0.05445552244782448,0.005568943917751312,1.0,0.09626507547327669,-0.10629750310173505,1.1790352369006152,0.055074498451096854,0.20966742146500975,0.9024998346667837,3.3637154014595723,0.0,0.0,9,2,2,2,2,0.0391
165,0,0.0,0.08302858637229817,-0.045332626671896296,1.2393723216124053,0.9737923456742895,0.2240991214537752,-0.008717342746565108,0.03784255812242654,0.0017511192153886557,-0.001867738459173713,-0.03112115810922008,0.6804470111099702,-0.016205579481419267,-1.0929344170980673,-0.06883680400717368,1.7759194604974202,0.30365890872982,-0.0817192792892456,0.7579476833343506,0.25576621294021606,-0.024200070649385452,0.03119245171546936,0.007170788943767548,-0.0024768351577222347,-0.0817192792892456,0.7579476833343506,0.25576621294021606,-0.024200070649385452,0.03119245171546936,0.007170788943767548,1.0,0.09607125779293386,-0.09952519281129103,1.186715892309282,0.055074498451096854,0.20966742146500975,0.9024998346667837,3.4173757856671543,0.0,0.0,9,2,2,2,2,0.0386
166,0,0.0,0.08277412033609392,-0.03724827053786565,1.244345894969912,0.9735176711780316,0.22530664249314666,-0.012674418783326244,0.036600817765069155,0.0017521352696117137,-0.0018589507183624202,-0.02489151432138997,0.6869996016033312,-0.008577456048358004,-1.0673204254334756,-0.07299919120434975,1.7477477155754464,0.31249087224039374,-0.08416500687599182,0.8001091480255127,0.1634589284658432,-0.039722274988889694,0.022766869515180588,0.009548567235469818,-0.0007751106168143451,-0.08416500687599182,0.8001091480255127,0.1634589284658432,-0.039722274988889694,0.022766869515180588,0.009548567235469818,1.0,0.09551549857097863,-0.09136471199432951,1.1915271495528552,0.055074498451096854,0.20966742146500975,0.9024998346667837,3.4477735529397378,0.0,0.0,9,2,2,2,2,0.0393
167,0,0.0,0.08245850338547052,-0.0282686202317822,1.2483530753132948,0.9731860762340933,0.2265180277590887,-0.016713281442426994,0.03631955874797706,0.0017536402581693126,-0.0018510257546907165,-0.017401090034789995,0.6939374677123479,-7.451544717407445e-05,-1.0436827649815572,-0.07958510314266821,1.7220988033971554,0.3235815735233037,-0.09929054975509644,0.8291565775871277,0.11597578227519989,-0.04285917803645134,0.01703552156686783,0.005938271060585976,-0.0024660183116793633,-0.09929054975509644,0.8291565775871277,0.11597578227519989,-0.04285917803645134,0.01703552156686783,0.005938271060585976,1.0,0.09491354382741632,-0.08240909991935903,1.1954808552195708,0.055074498451096854,0.20966742146500975,0.9024998346667837,3.4649208994581455,0.0,0.0,9,2,2,2,2,0.04
168,1,0.1076,0.08210569864734435,-0.018594789987594146,1.2514905087450376,0.9728483637053287,0.2275476916031774,-0.020673552358102136,0.03688785050426928,0.0017561673552351665,-0.0018430341565259765,-0.008822524049965544,0.7011217355810392,0.009059138971597427,-1.0219958676122916,-0.08803130444438445,1.6989528986159597,0.3367735016016169,0.08371049910783768,0.7812790870666504,0.218322291970253,0.0021360027603805065,0.03397556021809578,0.0036303456872701645,0.006801229901611805,0.08371049910783768,0.7812790870666504,0.218322291970253,0.0021360027603805065,0.03397556021809578,0.0036303456872701645,1.0,0.09428622197838626,-0.07285137184188742,1.1986622284403665,0.055074498451096854,0.20966742146500975,0.9024998346667837,3.4693470486559184,0.0,0.0,9,2,2,2,2,0.0397
169,0,0.0,0.08231558097663721,-0.008258822627689979,1.2543458688353297,0.9726306162611055,0.22819814604560384,-0.02290069474079333,0.03729408308671848,0.0017580706769917914,-0.001835875908669641,0.00017864454777538228,0.7089883147891477,0.018620913111602723,-1.0005100521916295,-0.09541177193521573,1.6799724708516368,0.35124982538297533,0.05826432257890701,0.7817139625549316,0.14769761264324188,-0.0004216087982058525,0.02357884868979454,0.0050718579441308975,0.0029020586516708136,0.05826432257890701,0.7817139625549316,0.14769761264324188,-0.0004216087982058525,0.02357884868979454,0.0050718579441308975,1.0,0.09435919474290323,-0.06258529219104697,1.2015462345378496,0.055074498451096854,0.20966742146500975,0.9024998346667837,3.464753227028954,0.0,0.0,9,2,2,2,2,0.0383
170,0,0.0,0.08284643754407475,0.002147776815387704,1.2566879336651786,0.972512078331631,0.22860104170990195,-0.02412216601557171,0.03714757508849965,0.0017594527911578423,-0.001829344513950665,0.009133834011858953,0.717855857450825,0.02796294079479706,-0.9789890354359017,-0.10126590765677593,1.6634734382337106,0.3656782358827926,0.010152667760848999,0.7846630215644836,0.1061905175447464,-0.017971530556678772,0.013359022326767445,0.009126957505941391,0.008996076881885529,0.010152667760848999,0.7846630215644836,0.1061905175447464,-0.017971530556678772,0.013359022326767445,0.009126957505941391,1.0,0.09481932432934681,-0.05217287554096669,1.2038559103500504,0.055074498451096854,0.20966742146500975,0.9024998346667837,3.4664292088915523,0.0,0.0,9,2,2,2,2,0.0389
171,0,0.0,0.08321290324882225,0.012299587264450356,1.258515173748946,0.972352622762983,0.22910527844065984,-0.025516933497106577,0.037283166462616014,0.0017606212959588423,-0.0018233470224663976,0.01832544382952488,0.7270717804293687,0.03685449648367349,-0.9581318708262121,-0.1075755718305401,1.647726856931458,0.3796344667020551,-0.01740725338459015,0.7747629284858704,-0.010784566402435303,-0.028694696724414825,-0.004080754239112139,0.007074212655425072,0.008561787195503712,-0.01740725338459015,0.7747629284858704,-0.010784566402435303,-0.028694696724414825,-0.004080754239112139,0.007074212655425072,1.0,0.09511371155997786,-0.04204433556853262,1.205682129501087,0.055074498451096854,0.20966742146500975,0.9024998346667837,3.4721534823139613,0.0,0.0,9,2,2,2,2,0.0386
172,1,0.1054,0.0834783487181191,0.02223119361365086,1.2596717663609331,0.9721436260258826,0.22967897385692163,-0.02707465380132034,0.038095963917689456,0.0017617231043635996,-0.0018178699342892045,0.02795269167187955,0.7366597192194151,0.045307538723744094,-0.9384448115010088,-0.11503576433307293,1.6333989494749424,0.3935559335254159,0.06977564841508865,0.8051161766052246,0.04936186969280243,-6.210757419466972e-05,0.010312276892364025,0.003079727292060852,0.0013690688647329807,0.06977564841508865,0.8051161766052246,0.04936186969280243,-6.210757419466972e-05,0.010312276892364025,0.003079727292060852,1.0,0.09531449049861,-0.032207741333387524,1.2069136926951074,0.055074498451096854,0.20966742146500975,0.9024998346667837,3.4745957803350667,0.0,0.0,9,2,2,2,2,0.0398
173,0,0.0,0.08398074195171493,0.032565205745055316,1.2603523348659684,0.9719885455825007,0.2301679307300109,-0.027766091793732545,0.03860097235019749,0.001764014831627466,-0.0018114289573782382,0.03792255598695842,0.7467960603903663,0.053825064520513895,-0.9192412387645033,-0.12155801159259683,1.6216963907845614,0.40790338869271014,0.03844878077507019,0.7982480525970459,-0.02011236548423767,-0.000258508138358593,-0.006402546539902687,-0.013103489764034748,-0.002308773808181286,0.03844878077507019,0.7982480525970459,-0.02011236548423767,-0.000258508138358593,-0.006402546539902687,-0.013103489764034748,1.0,0.09582632110110446,-0.02192227421992146,1.2076352774031551,0.055074498451096854,0.20966742146500975,0.9024998346667837,3.467121087201581,0.0,0.0,9,2,2,2,2,0.0389
174,0,0.0,0.08458089957422452,0.0430575999868383,1.2606388484618116,0.9720202919862982,0.23002691211399967,-0.02786599083168146,0.03857017273927699,0.0017654379845027126,-0.001805811044877746,0.04799891273683982,0.7574291045120419,0.06204302565417439,-0.9003409839522994,-0.12681633902212913,1.611660600829181,0.4233069166403574,0.01542690396308899,0.8150854110717773,-0.06820423156023026,-0.00025718193501234055,-0.004353644326329231,-0.01863972097635269,0.005519382189959288,0.01542690396308899,0.8150854110717773,-0.06820423156023026,-0.00025718193501234055,-0.004353644326329231,-0.01863972097635269,1.0,0.09641661889983663,-0.011424010817383694,1.2079039079212186,0.055074498451096854,0.20966742146500975,0.9024998346667837,3.4658763337853946,0.0,0.0,9,2,2,2,2,0.0386
175,0,0.0,0.08502251732762353,0.05354921635803065,1.2603294495760704,0.9722074419625963,0.22924644737495506,-0.0280825713842982,0.03834221358961326,0.0017673447254205371,-0.0017998529267456017,0.058292832993699494,0.768381675381156,0.06986780377072031,-0.8823075053081648,-0.13153968375832342,1.6024604040438772,0.43980070743138777,-0.010608091950416565,0.8233705163002014,-0.13735070824623108,-0.0024506994523108006,-0.016582965850830078,-0.019415967166423798,-0.001335305511020124,-0.010608091950416565,0.8233705163002014,-0.13735070824623108,-0.0024506994523108006,-0.016582965850830078,-0.019415967166423798,1.0,0.09676175743471842,-0.0009266912614753517,1.2075571672325751,0.055074498451096854,0.20966742146500975,0.9024998346667837,3.4644864273934735,0.0,0.0,9,2,2,2,2,0.0388
176,1,0.1075,0.08533709487963691,0.06414086982261133,1.2594232809809789,0.97245226258067,0.22820930551216845,-0.02836900025779447,0.038109181357792135,0.001769293622820375,-0.001793917007648273,0.06894095670774843,0.7796060183845387,0.07740589432543996,-0.8652789420959844,-0.13617940817147473,1.5944031661349876,0.4569058934585558,0.07570032775402069,0.8033705353736877,-0.037526361644268036,-0.007135193794965744,0.0029552634805440903,0.0022705085575580597,-0.004319635219871998,0.07570032775402069,0.8033705353736877,-0.037526361644268036,-0.007135193794965744,0.0029552634805440903,0.0022705085575580597,1.0,0.09694380601020407,0.009663016532658485,1.2066141741745005,0.055074498451096854,0.20966742146500975,0.9024998346667837,3.4641662633022294,0.0,0.0,9,2,2,2,2,0.0388
177,0,0.0,0.0858106996041445,0.07472062324923008,1.2584434704591927,0.972585959558203,0.2276626721167992,-0.027978597062084797,0.03825515783949578,0.0017703758849808245,-0.0017888495373978817,0.07994384859920313,0.7909730982248064,0.08460283096537942,-0.8483975391118644,-0.1413546304068822,1.588184469902152,0.4729622874251595,0.10308703035116196,0.7977114915847778,-0.10871103405952454,-0.004520764574408531,0.0021741706877946854,0.0014943107962608337,0.0012121833860874176,0.10308703035116196,0.7977114915847778,-0.10871103405952454,-0.004520764574408531,0.0021741706877946854,0.0014943107962608337,1.0,0.09741741144700106,0.020232676969984573,1.205636742234851,0.055074498451096854,0.20966742146500975,0.9024998346667837,3.4659935647872437,0.0,0.0,9,2,2,2,2,0.0382
178,0,0.0,0.08649524027353173,0.08520697945533771,1.2571238895752213,0.9725937534019024,0.2276875291315583,-0.027029063487029867,0.03859027919798744,0.001771376846687648,-0.001784153517382737,0.09114988160061412,0.803038823914222,0.09136022995637097,-0.8314775106019913,-0.1466808812934274,1.5837787665713368,0.48772503731089323,0.08378065377473831,0.7837027907371521,-0.20256613194942474,-0.021352458745241165,0.003060773015022278,-0.0072319237515330315,0.0013986057601869106,0.08378065377473831,0.7837027907371521,-0.20256613194942474,-0.021352458745241165,0.003060773015022278,-0.0072319237515330315,1.0,0.09822832296655161,0.03071736615526495,1.2043384861793058,0.055074498451096854,0.20966742146500975,0.9024998346667837,3.464266826596072,0.0,0.0,9,2,2,2,2,0.0381
179,0,0.0,0.08719792195945075,0.09537848678408024,1.2547884058073844,0.9726091217448098,0.22758101779891407,-0.026361006761164242,0.03928707114224714,0.0017717612027779298,-0.0017802379705611838,0.10254651370882564,0.816155634243008,0.0973796989135805,-0.8152178769096234,-0.15251923853188937,1.5805221010131194,0.5024684350543193,0.058048151433467865,0.769241452217102,-0.29548490047454834,-0.021022509783506393,0.0016217054799199104,-0.01528722420334816,-0.009778065606951714,0.058048151433467865,0.769241452217102,-0.29548490047454834,-0.021022509783506393,0.0016217054799199104,-0.01528722420334816,1.0,0.0990231667088605,0.04084117981358496,1.202065791563688,0.055074498451096854,0.20966742146500975,0.9024998346667837,3.4653397124875642,0.0,0.0,9,2,2,2,2,0.0389
180,1,0.1082,0.08778198143879912,0.10533589615348547,1.2513680614211764,0.9726938962169174,0.22705391524529786,-0.026223271271204353,0.040316793994182795,0.0017724577507957614,-0.001776205813564042,0.1142013265994117,0.8301874836833966,0.102750688147402,-0.7998758526166531,-0.15872666205851585,1.578039440290649,0.5179114958915915,0.17046348750591278,0.8086491227149963,-0.3654574751853943,-0.024068064987659454,-0.016603225842118263,-0.03292261064052582,0.024087218567728996,0.17046348750591278,0.8086491227149963,-0.3654574751853943,-0.024068064987659454,-0.016603225842118263,-0.03292261064052582,1.0,0.09960684359821168,0.05069178026006999,1.1987483286271159,0.055074498451096854,0.20966742146500975,0.9024998346667837,3.4632184275187154,0.0,0.0,9,2,2,2,2,0.041
181,0,0.0,0.08895863641885346,0.11539500864071589,1.2469897015763585,0.9729612832203345,0.225827832212201,-0.024941493339456083,0.04154579957799251,0.0017724085646997185,-0.0017726912419232645,0.12616864123405824,0.8457574692840302,0.10758830699073632,-0.7847067909476344,-0.1650553680194261,1.5796629241294746,0.5349076633547618,0.17605376243591309,0.7962180972099304,-0.445411741733551,-0.01857384294271469,-0.02986961603164673,-0.0462525449693203,0.0008740032790228724,0.17605376243591309,0.7962180972099304,-0.445411741733551,-0.01857384294271469,-0.02986961603164673,-0.0462525449693203,1.0,0.10083237784335351,0.06063349602512335,1.1944960871591799,0.055074498451096854,0.20966742146500975,0.9024998346667837,3.460407020835485,0.0,0.0,9,2,2,2,2,0.0394
182,0,0.0,0.0906783496090052,0.12558322699798785,1.2414970942200327,0.9734605049696989,0.2236604590309059,-0.02264254369586151,0.04287143040770797,0.0017723417341573423,-0.001769168374563217,0.1384189723382131,0.8629901411670586,0.11185785125722,-0.7697435378701208,-0.17135418183911136,1.5849532111074252,0.5538887829339225,0.16289858520030975,0.7850135564804077,-0.5334393978118896,-0.00956072099506855,-0.02914160117506981,-0.061545711010694504,0.00047537306090816855,0.16289858520030975,0.7850135564804077,-0.5334393978118896,-0.00956072099506855,-0.02914160117506981,-0.061545711010694504,1.0,0.10261188860748961,0.07069491088250832,1.1891425041518648,0.055074498451096854,0.20966742146500975,0.9024998346667837,3.458496787536826,0.0,0.0,9,2,2,2,2,0.0382
183,0,0.0,0.09243129777438572,0.1358078257897144,1.2348769614949058,0.9741792721843618,0.22052305305280803,-0.02032608425424852,0.04394518196007444,0.0017724982700849784,-0.0017654840140794515,0.15076147224548317,0.8814413055198311,0.1155682732143073,-0.7553608297220908,-0.1769675168392474,1.591914689962576,0.5746708493521704,0.13152587413787842,0.76369309425354,-0.6677604913711548,-0.007241282146424055,-0.019166016951203346,-0.07414709031581879,0.006518740206956863,0.13152587413787842,0.76369309425354,-0.6677604913711548,-0.007241282146424055,-0.019166016951203346,-0.07414709031581879,1.0,0.1043161471627251,0.08079368858452617,1.1826364820745252,0.055074498451096854,0.20966742146500975,0.9024998346667837,3.4585023529849086,0.0,0.0,9,2,2,2,2,0.0382
184,1,0.1078,0.0939424470431327,0.14592530278759308,1.2268393869133256,0.9750810089905121,0.21649252100469524,-0.018714166052547426,0.04469669164528384,0.0017726241306774396,-0.0017618892360960763,0.16305050297925713,0.9011070065407872,0.1186419512106396,-0.7420268997390036,-0.18169692444966348,1.5996113046345548,0.5969157949755879,0.1192285344004631,0.7407169938087463,-0.5054839253425598,-0.0001931115984916687,-0.02177879959344864,-0.0782337635755539,0.00897636916488409,0.1192285344004631,0.7407169938087463,-0.5054839253425598,-0.0001931115984916687,-0.02177879959344864,-0.0782337635755539,1.0,0.10559985863812413,0.09078041960909623,1.174679587341071,0.055074498451096854,0.20966742146500975,0.9024998346667837,3.4614994288786596,0.0,0.0,9,2,2,2,2,0.04
185,0,0.0,0.09524636203541903,0.15587838738254745,1.2188844787996782,0.9761090222390923,0.21185075684825322,-0.016981931146836566,0.045189020135293405,0.0017722259287453824,-0.0017589791816323456,0.17524671886171628,0.920583795435758,0.12118664430003336,-0.7284047236348686,-0.18561389134242157,1.6072071482517813,0.6197999404491638,0.10608330368995667,0.7489245533943176,-0.538613498210907,-0.007219822611659765,-0.029340915381908417,-0.07600179314613342,0.0036135923583060503,0.10608330368995667,0.7489245533943176,-0.538613498210907,-0.007219822611659765,-0.029340915381908417,-0.07600179314613342,1.0,0.1066136640599032,0.10061978135537653,1.1667761160884202,0.055074498451096854,0.20966742146500975,0.9024998346667837,3.4642102625581317,0.0,0.0,9,2,2,2,2,0.0384
186,0,0.0,0.09637493674951436,0.16566599653697944,1.2115095584956965,0.977142090400966,0.20709091967688226,-0.014877381100888386,0.04566562915137473,0.001771872176574171,-0.0017563306116728753,0.18747883031259624,0.9395895114678763,0.12326045328350307,-0.7142553995496923,-0.1892977308156834,1.6145470450368267,0.6424413972255432,0.10728782415390015,0.7002818584442139,-0.6171116232872009,0.0007462692447006702,-0.028559722006320953,-0.08246153593063354,0.004508140962570906,0.10728782415390015,0.7002818584442139,-0.6171116232872009,0.0007462692447006702,-0.028559722006320953,-0.08246153593063354,1.0,0.10747720015687383,0.11030379115360664,1.1594493101669718,0.055074498451096854,0.20966742146500975,0.9024998346667837,3.4651940793042337,0.0,0.0,9,2,2,2,2,0.0389
187,0,0.0,0.09741835128095344,0.17521138141655923,1.2036552408546748,0.9781801373910053,0.20215882230749552,-0.012767385526232026,0.04617816847584903,0.0017711460628888765,-0.0017542428086266017,0.19962543796190876,0.9590892471484983,0.12471541008484079,-0.7003818866686095,-0.19271187512301882,1.6226743650620299,0.665041253013784,0.09908808767795563,0.6068939566612244,-0.7375573515892029,0.0019198311492800713,-0.021792829036712646,-0.07710739225149155,0.009067143313586712,0.09908808767795563,0.6068939566612244,-0.7375573515892029,0.0019198311492800713,-0.021792829036712646,-0.07710739225149155,1.0,0.10823832738820606,0.1197404215658348,1.151646623839418,0.055074498451096854,0.20966742146500975,0.9024998346667837,3.4630229222207127,0.0,0.0,9,2,2,2,2,0.038
188,1,0.1058,0.09838480749966944,0.1840921214263645,1.1946447861974046,0.9792089956317245,0.19707854926198393,-0.01115142487708825,0.04674862583981181,0.0017691366419876424,-0.001753444283187698,0.21125161836912854,0.9796018500199279,0.12521453330171367,-0.6873384889193768,-0.19561549409059678,1.6317021457735292,0.6869684655416282,0.09399042278528214,0.6731427907943726,-0.838187575340271,-0.0018132373224943876,-0.048385437577962875,-0.14603105187416077,0.005985700059682131,0.09399042278528214,0.6731427907943726,-0.838187575340271,-0.0018132373224943876,-0.048385437577962875,-0.14603105187416077,1.0,0.10885456719469609,0.12849716038936798,1.1426939699600749,0.055074498451096854,0.20966742146500975,0.9024998346667837,3.462934400498403,0.0,0.0,9,2,2,2,2,0.0393
189,0,0.0,0.09953727998747515,0.19258673930093118,1.1844974711158718,0.9805312689524749,0.1903913611579754,-0.009202636249688707,0.047168545545922654,0.0017676674107970289,-0.0017521373989824018,0.22248179770194704,1.001367723029727,0.12494377102757107,-0.6748857000648872,-0.19777891636874725,1.643310637916555,0.7117870780287963,0.0810304805636406,0.6512784957885742,-0.8553121089935303,-0.0010667513124644756,-0.0500822588801384,-0.13894763588905334,0.004732994362711906,0.0810304805636406,0.6512784957885742,-0.8553121089935303,-0.0010667513124644756,-0.0500822588801384,-0.13894763588905334,1.0,0.10951505951120519,0.13685911825124486,1.132588109448421,0.055074498451096854,0.20966742146500975,0.9024998346667837,3.45880622871192,0.0,0.0,9,2,2,2,2,0.0383
190,0,0.0,0.10068665290366717,0.20111747384324963,1.1735896899321558,0.982076305136384,0.18226558855907654,-0.006835749560998907,0.04752534739294575,0.0017665181410833092,-0.0017502740176596995,0.233766508507452,1.0238940629192372,0.1243010345722095,-0.6629317769484165,-0.19974717962697092,1.6568272176592407,0.7393639872688496,0.0735117718577385,0.6188352704048157,-0.840002715587616,-0.0008127624168992043,-0.04123644530773163,-0.1334589123725891,0.015066680498421192,0.0735117718577385,0.6188352704048157,-0.840002715587616,-0.0008127624168992043,-0.04123644530773163,-0.1334589123725891,1.0,0.11006028582484362,0.14525147948016678,1.1217129209745513,0.055074498451096854,0.20966742146500975,0.9024998346667837,3.4584903500768593,0.0,0.0,9,2,2,2,2,0.0384
191,0,0.0,0.10158688442290602,0.2095002326315956,1.1624204922166155,0.9835454543452272,0.1741121104553568,-0.004497484652831009,0.047990466359671156,0.0017650628877991785,-0.0017488357132553359,0.24502434972087733,1.0465113262172354,0.12334077550507183,-0.6512774251985177,-0.2017612720773704,1.6706202244534667,0.7668472205884264,0.06087959557771683,0.5557581782341003,-0.8492864370346069,-0.0018865130841732025,-0.043506599962711334,-0.13443730771541595,0.02243191935122013,0.06087959557771683,0.5557581782341003,-0.8492864370346069,-0.0018865130841732025,-0.043506599962711334,-0.13443730771541595,1.0,0.11035161876311117,0.15349418977572196,1.1105854816718466,0.055074498451096854,0.20966742146500975,0.9024998346667837,3.459069065329396,0.0,0.0,9,2,2,2,2,0.0388
192,1,0.108,0.10228673319699498,0.21739248352491408,1.151191799813682,0.9849302704081222,0.16594439379730733,-0.002224186405254309,0.04868134751484783,0.0017625672905917482,-0.0017486637241724216,0.25598289334353763,1.06904796185095,0.12181114357617161,-0.6397414172105378,-0.20381462235900527,1.6842897597508089,0.7938358159356956,0.037138745188713074,-0.0041611939668655396,-0.858197033405304,0.03776264190673828,-0.03063378483057022,-0.15619373321533203,0.005788236390799284,0.037138745188713074,-0.0041611939668655396,-0.858197033405304,0.03776264190673828,-0.03063378483057022,-0.15619373321533203,1.0,0.11043625008418612,0.16123278023686388,1.0994209462668267,0.055074498451096854,0.20966742146500975,0.9024998346667837,3.4581781229671344,0.0,0.0,9,2,2,2,2,0.0387
193,0,0.0,0.10279220005886958,0.22239753692972036,1.1400553010879493,0.986415194541265,0.1564223987954848,-0.0015386527941490327,0.050147080480946495,0.0017521715646155354,-0.0017570217967004256,0.2644337534821067,1.0908026291416208,0.11794903412479989,-0.6284033679132291,-0.2047539721538477,1.6940905745254211,0.8198139401722375,0.00709514319896698,-0.038528501987457275,-0.8944867253303528,0.039447933435440063,-0.02942098304629326,-0.13293923437595367,0.0026657935231924057,0.00709514319896698,-0.038528501987457275,-0.8944867253303528,0.039447933435440063,-0.02942098304629326,-0.13293923437595367,1.0,0.11001752386466838,0.1659772084250551,1.0884360265524773,0.055074498451096854,0.20966742146500975,0.9024998346667837,3.4528294426097323,0.0,0.0,9,2,2,2,2,0.0381
194,0,0.0,0.1033489174739904,0.22469924223766324,1.1291686319611944,0.9878299434890155,0.1468924080065179,-0.0021322371285640053,0.0510889105517175,0.00174412771604122,-0.001763086784986002,0.2698568288726731,1.1118071544846442,0.11263562463713803,-0.6171915580290688,-0.20264768316991547,1.701527802763068,0.8414149028719724,-0.08495518565177917,-0.008660450577735901,-0.8937740921974182,0.03283637389540672,-0.03101210668683052,-0.10636305809020996,0.005321727599948645,-0.08495518565177917,-0.008660450577735901,-0.8937740921974182,0.03283637389540672,-0.03101210668683052,-0.10636305809020996,1.0,0.109495859096736,0.16806317820112315,1.0776458915662976,0.055074498451096854,0.20966742146500975,0.9024998346667837,3.43690409273192,0.0,0.0,9,2,2,2,2,0.0382
195,0,0.0,0.10363528281600998,0.22615109149639073,1.1184434497281743,0.9889708895513122,0.1389278721020187,-0.0036340241280851393,0.05120956787482651,0.0017382070811709548,-0.0017666675160565558,0.27386341112025736,1.1320593457506614,0.1073396127294666,-0.6065062735432016,-0.1984374687895712,1.7075110612760325,0.8581673416162489,-0.255385160446167,0.06822141259908676,-0.8796526789665222,0.0182565376162529,-0.049650415778160095,-0.07514429837465286,0.006438601296395063,-0.255385160446167,0.06822141259908676,-0.8796526789665222,0.0182565376162529,-0.049650415778160095,-0.07514429837465286,1.0,0.1087621843006112,0.16940378820506904,1.0669292119278246,0.055074498451096854,0.20966742146500975,0.9024998346667837,3.426514992602918,0.0,0.0,9,2,2,2,2,0.0381
196,1,0.1047,0.10313290254722203,0.22761732476092242,1.1083619249467311,0.9897892824443711,0.1328467726589883,-0.006408003629606106,0.051262548140236196,0.0017340293321701581,-0.0017683187803982257,0.27781235671172694,1.150669469269317,0.10264558475258545,-0.5965961552066541,-0.19392019495539373,1.7102530142803605,0.8711822306230355,0.05489645153284073,0.15162856876850128,-0.7626418471336365,-0.0051002805121243,0.0016875965520739555,-0.08706501126289368,0.005861137993633747,0.05489645153284073,0.15162856876850128,-0.7626418471336365,-0.0051002805121243,0.0016875965520739555,-0.08706501126289368,1.0,0.10730615610183696,0.17077857117451584,1.056858373253316,0.055074498451096854,0.20966742146500975,0.9024998346667837,3.418822626714737,0.0,0.0,9,2,1,2,2,0.0387
197,0,0.0,0.10308291436814752,0.22939904020148463,1.0987019329638108,0.9904600914303121,0.12763588457352412,-0.0075088323297088245,0.051395580452358244,0.001729041114183007,-0.0017705159684755533,0.2819500677404236,1.169226812991208,0.09810071582043013,-0.5866028608830002,-0.19031805581601122,1.7164781857630491,0.8832047108677513,0.08617840707302094,0.21716326475143433,-0.7459591627120972,-0.007998794317245483,-0.008239129558205605,-0.07866645604372025,0.011104121804237366,0.08617840707302094,0.21716326475143433,-0.7459591627120972,-0.007998794317245483,-0.008239129558205605,-0.07866645604372025,1.0,0.10657403975205267,0.17250005444104102,1.0472109639017226,0.055074498451096854,0.20966742146500975,0.9024998346667837,3.416149960103156,0.0,0.0,9,2,1,2,1,0.038
198,0,0.0,0.10367567524025996,0.23156663257521934,1.088689277855949,0.9910891109553293,0.1227160418657143,-0.006607639772277211,0.05137593124436931,0.001725102281145895,-0.0017715981079397683,0.2862802767867711,1.1887888050284343,0.09368205491982608,-0.5764485423720788,-0.18736445735614063,1.7273420644459738,0.8952873564151772,0.06089396774768829,0.21781107783317566,-0.7433967590332031,-0.006854931823909283,-0.014976933598518372,-0.07037581503391266,0.007855549454689026,0.06089396774768829,0.21781107783317566,-0.7433967590332031,-0.006854931823909283,-0.014976933598518372,-0.07037581503391266,1.0,0.10673309463186165,0.17465652226338493,1.0371790771960563,0.055074498451096854,0.20966742146500975,0.9024998346667837,3.4125965663620863,0.0,0.0,9,2,1,2,1,0.0372
199,0,0.0,0.10422269831338989,0.234056145969215,1.0785287455746304,0.9916409139081555,0.11821967802478484,-0.005180001348260925,0.05143513562872093,0.0017211013179921177,-0.0017727503938545091,0.29093666452701644,1.2086047726804494,0.08949308556365669,-0.5663629164876459,-0.1849826403799126,1.7393836771407314,0.9071964209077268,-0.010894238948822021,0.12697453796863556,-0.7366622686386108,-0.0009245062246918678,-0.0049569448456168175,-0.06913620233535767,0.016862623393535614,-0.010894238948822021,0.12697453796863556,-0.7366622686386108,-0.0009245062246918678,-0.0049569448456168175,-0.06913620233535767,1.0,0.10695256652364427,0.17714022964810963,1.027002903201625,0.055074498451096854,0.20966742146500975,0.9024998346667837,3.4095062950741184,0.0,0.0,9,2,1,2,1,0.0374
200,1,0.1082,0.1042413776495463,0.2362740984694833,1.0684461064014803,0.9921346923074551,0.1138438642237472,-0.004675425000061861,0.05183114217981381,0.0017160921321549866,-0.0017750720696976246,0.29548620398342834,1.2279088258292827,0.08526299315062481,-0.5565519105845734,-0.18267913010173828,1.749110946632837,0.918769829461429,-0.12023618817329407,0.16064217686653137,-0.677139163017273,0.0007775542326271534,-0.025459855794906616,-0.08978742361068726,-0.00249869329854846,-0.12023618817329407,0.16064217686653137,-0.677139163017273,0.0007775542326271534,-0.025459855794906616,-0.08978742361068726,1.0,0.10656279848300741,0.17931150691958372,1.0169490950667932,0.055074498451096854,0.20966742146500975,0.9024998346667837,3.405554600679782,0.0,0.0,9,2,1,2,1,0.04
201,0,0.0,0.10367915679507299,0.2383465544380493,1.0592256106067333,0.9926615575766211,0.10892355632929729,-0.0051390542937122825,0.05227122637838501,0.001712154470763232,-0.001776637234179261,0.2999976848187577,1.24583853467115,0.08116372959494883,-0.5465391659351463,-0.17988827763125756,1.755355697630193,0.9312396876961087,-0.1424398422241211,0.039619795978069305,-0.667245090007782,-0.0009626694954931736,-0.015546062961220741,-0.10284838825464249,0.004894880577921867,-0.1424398422241211,0.039619795978069305,-0.667245090007782,-0.0009626694954931736,-0.015546062961220741,-0.10284838825464249,1.0,0.1054269655276503,0.1813206221775408,1.0077707093096666,0.055074498451096854,0.20966742146500975,0.9024998346667837,3.402295941161349,0.0,0.0,10,2,1,2,1,0.0401
202,0,0.0,0.10268883898772234,0.23993320896227133,1.0508243238679864,0.9932392610903529,0.10299101123621734,-0.006461807214575222,0.05316828829999407,0.0017064633628467952,-0.0017800198521860534,0.3042804079157956,1.2624867965575282,0.07667651275641969,-0.536466326640733,-0.17701440432813226,1.7582694721925372,0.9452134622342732,-0.2216939926147461,-0.02415163815021515,-0.6384401917457581,-0.00016818754374980927,-0.021501433104276657,-0.11146270483732224,-0.006005613133311272,-0.2216939926147461,-0.02415163815021515,-0.6384401917457581,-0.00016818754374980927,-0.021501433104276657,-0.11146270483732224,1.0,0.10366310945893108,0.18279350134600514,0.9994715641593521,0.055074498451096854,0.20966742146500975,0.9024998346667837,3.3942776563658614,0.0,0.0,10,2,1,2,1,0.04
203,0,0.0,0.1013322336241007,0.24074689021627102,1.0430722072487777,0.993818297661512,0.09629422913904023,-0.00881135484778399,0.054543310253758956,0.0017009277959206318,-0.0017832450453525925,0.3080585397438002,1.27790555583198,0.07162276403206846,-0.5265150306959967,-0.17374467734652926,1.7578419096433189,0.9597966346281119,-0.30357009172439575,-0.0844559520483017,-0.6258000135421753,-0.0011276216246187687,-0.02834980934858322,-0.11733996868133545,-0.00024866420426405966,-0.30357009172439575,-0.0844559520483017,-0.6258000135421753,-0.0011276216246187687,-0.02834980934858322,-0.11733996868133545,1.0,0.10134228029281743,0.18344233284820788,0.9918890142935471,0.055074498451096854,0.20966742146500975,0.9024998346667837,3.3829389359573763,0.0,0.0,10,2,1,2,1,0.0396
204,1,0.1053,0.09955858209228619,0.24096652761612117,1.0361036171124736,0.9943545761800778,0.08908745735504725,-0.012249298280819722,0.056323675868828,0.001695416207248466,-0.0017863472057187695,0.3114817977799765,1.2918909773462266,0.06606150703284819,-0.5167651686543664,-0.169940303323481,1.7538535241573694,0.9746249071787115,-0.015058770775794983,0.03124614804983139,-0.7284978628158569,-0.0015400878619402647,-0.00045901257544755936,-0.09789305180311203,0.003879053983837366,-0.015058770775794983,0.03124614804983139,-0.7284978628158569,-0.0015400878619402647,-0.00045901257544755936,-0.09789305180311203,1.0,0.0984337530536697,0.1834598102232984,0.9851538145113073,0.055074498451096854,0.20966742146500975,0.9024998346667837,3.3705742179621208,0.0,0.0,10,2,1,2,1,0.0409
205,0,0.0,0.09857663153289443,0.24142589225714237,1.02843877543206,0.994853758017234,0.08245306404667146,-0.013627144940693668,0.05728693838098494,0.0016918248175488153,-0.0017871018567023837,0.3146727289819896,1.3072925743305808,0.06017354300953966,-0.5074383458521438,-0.16529647728891264,1.7565646941696427,0.9882413918996251,-0.06322713196277618,0.027932852506637573,-0.7132468223571777,0.0009580436162650585,-0.002178693190217018,-0.10473005473613739,-0.015028529800474644,-0.06322713196277618,0.027932852506637573,-0.7132468223571777,0.0009580436162650585,-0.002178693190217018,-0.10473005473613739,1.0,0.09658729704965531,0.18382740106867015,0.9776110030593342,0.055074498451096854,0.20966742146500975,0.9024998346667837,3.3696402282384383,0.0,0.0,10,2,1,2,1,0.0396
206,0,0.0,0.09790869670732599,0.2420238058262833,1.0193597678212651,0.9953301651591457,0.07620554306012006,-0.014005495098248897,0.05757103124168991,0.0016875257349813063,-0.0017887338913078266,0.31770890915575106,1.3242394919578588,0.05377395083743182,-0.4990715532051147,-0.15942980062076217,1.76376666712547,1.0011543809342467,-0.07288278639316559,0.022587835788726807,-0.657347559928894,-0.0006097801961004734,-0.00361258490011096,-0.11353693157434464,-0.001395112369209528,-0.07288278639316559,0.022587835788726807,-0.657347559928894,-0.0006097801961004734,-0.00361258490011096,-0.11353693157434464,1.0,0.09520356579526257,0.1844227111795409,0.9685627736783848,0.055074498451096854,0.20966742146500975,0.9024998346667837,3.3695203750657274,0.0,0.0,10,2,1,2,1,0.0394
207,0,0.0,0.09706431781723138,0.24248417168821,1.010409893912185,0.9957935985222692,0.06957927319828972,-0.014609720212696893,0.057796106776951364,0.001682949859102257,-0.0017907932485239262,0.32080080404689665,1.3408236120197146,0.04646537508772726,-0.4908652982067355,-0.1523035526919047,1.7703909594296603,1.0144470397711038,-0.07780055701732635,0.00343245267868042,-0.58640456199646,-0.0033532159868627787,-0.004051513504236937,-0.12295006215572357,0.020957333967089653,-0.07780055701732635,0.00343245267868042,-0.58640456199646,-0.0033532159868627787,-0.004051513504236937,-0.12295006215572357,1.0,0.09357697457072436,0.18489626204878745,0.9596402890021686,0.055074498451096854,0.20966742146500975,0.9024998346667837,3.365412887033483,0.0,0.0,10,2,1,2,1,0.0391
208,1,0.1074,0.09615348279987879,0.24274584325488982,1.0021878125334487,0.9962371847482152,0.062431062231220136,-0.015266290065184646,0.05814442863487777,0.001678168498346045,-0.001793065855655449,0.32412603689358127,1.3564649036525016,0.03757417633987959,-0.4824867560063232,-0.1436311167811051,1.7757207060808269,1.0282527689895864,-0.11856183409690857,-0.02793264389038086,-0.5363122224807739,0.007723165675997734,-0.004000725224614143,-0.09951604157686234,-0.00019525318930391222,-0.11856183409690857,-0.02793264389038086,-0.5363122224807739,0.007723165675997734,-0.004000725224614143,-0.09951604157686234,1.0,0.09182179744545488,0.18517227307765433,0.9514609558558641,0.055074498451096854,0.20966742146500975,0.9024998346667837,3.3571822043779482,0.0,0.0,10,2,1,2,1,0.0401
209,0,0.0,0.09505098950722488,0.24292934920294304,0.9948389403777717,0.9966044922470795,0.0556082989081465,-0.016341735515639767,0.0584820554171851,0.0016738298776264441,-0.0017948308952302821,0.3280894495149936,1.3707078788775187,0.025951733367397964,-0.4743098179229819,-0.13175226271512508,1.779124878658203,1.04050883263054,-0.18212038278579712,-0.017212912440299988,-0.5037801265716553,0.0026059653609991074,-0.003080790862441063,-0.0966748297214508,-0.00558174354955554,-0.18212038278579712,-0.017212912440299988,-0.5037801265716553,0.0026059653609991074,-0.003080790862441063,-0.0966748297214508,1.0,0.08986456842318293,0.1853765902827452,0.9441604036598067,0.055074498451096854,0.20966742146500975,0.9024998346667837,3.344295312328136,0.0,0.0,10,2,1,2,1,0.0393
210,0,0.0,0.0935976626381885,0.243087597874947,0.988309722640998,0.9968743236843396,0.04940821609135532,-0.018233950585178616,0.05888916714996541,0.0016696899367282323,-0.0017964796048935,0.33401050874655075,1.3820690581735717,0.0070538162826224585,-0.4691005219952302,-0.11207103001911607,1.7811530424665565,1.0501583173301599,-0.24998027086257935,-0.007382228970527649,-0.48640596866607666,0.00030141882598400116,-0.0023511722683906555,-0.09657391905784607,-0.005473987199366093,-0.24998027086257935,-0.007382228970527649,-0.48640596866607666,0.00030141882598400116,-0.0023511722683906555,-0.09657391905784607,1.0,0.087535293058697,0.1855498277995796,0.9376999697141213,0.055074498451096854,0.20966742146500975,0.9024998346667837,3.327328571466459,0.0,0.0,10,2,1,2,1,0.0388
211,0,0.0,0.09173267972648895,0.24328930559574496,0.982506710807015,0.9970638247591994,0.04334210736513927,-0.02101048474815994,0.05952940967581815,0.0016665831320827097,-0.0017987094685932186,0.34332606038991065,1.3878923560102159,-0.023486890706655335,-0.4721716270426456,-0.08038777328894685,1.7840463626615557,1.0576751096512276,-0.3015974164009094,0.013322047889232635,-0.4576335549354553,-2.464326098561287e-05,-0.011115247383713722,-0.10153567045927048,-0.01252069603651762,-0.3015974164009094,0.013322047889232635,-0.4576335549354553,-2.464326098561287e-05,-0.011115247383713722,-0.10153567045927048,1.0,0.08471049361923026,0.1857504812610128,0.9320057015877048,0.055074498451096854,0.20966742146500975,0.9024998346667837,3.316589100441357,0.0,0.0,10,2,1,2,1,0.0387
212,1,0.1052,0.08956678936915112,0.2436882846368932,0.9774302063850443,0.9971926138770194,0.03712161504042899,-0.024324569622952118,0.060309135614473826,0.0016636608450742746,-0.001800291118442231,0.3527461249969797,1.3926294695431445,-0.052673378468654136,-0.47559619707697404,-0.04973765185165739,1.784675778187989,1.065800700651461,-0.2364090383052826,0.014435574412345886,-0.1357465535402298,0.0013716937974095345,0.0038885995745658875,-0.0794939249753952,-0.004746556747704744,-0.2364090383052826,0.014435574412345886,-0.1357465535402298,0.0013716937974095345,0.0038885995745658875,-0.0794939249753952,1.0,0.08151114126375371,0.18614240704039328,0.927070495994353,0.055074498451096854,0.20966742146500975,0.9024998346667837,3.2807268760568156,0.0,0.0,10,2,0,2,1,0.0417
213,0,0.0,0.08746039472081882,0.24439110858880045,0.9744472155652365,0.9972531927798173,0.03135694917557175,-0.027610383309812796,0.06115944704086924,0.001658576536412026,-0.0018007847334100538,0.36018768892953257,1.3957135691380222,-0.07345632403556708,-0.47657223803418725,-0.027588556112049262,1.7810238140318384,1.074508749064894,-0.21789702773094177,-0.022030338644981384,-0.1131753921508789,-0.00047301873564720154,-0.00434156646952033,-0.12279696017503738,0.002441422315314412,-0.21789702773094177,-0.022030338644981384,-0.1131753921508789,-0.00047301873564720154,-0.00434156646952033,-0.12279696017503738,1.0,0.07842633039829315,0.1868418769494811,0.9242454482417324,0.055074498451096854,0.20966742146500975,0.9024998346667837,2.81663600753187,0.0,0.0,9,2,0,2,1,0.0414
214,0,0.0,0.08564242124421848,0.24491314254008273,0.9733912432419383,0.9972849775221473,0.024934519365979957,-0.030679226938373796,0.06212671234743045,0.0016474232601918683,-0.0017969660934813775,0.3648983876678653,1.3970827526847616,-0.08580120778586002,-0.4758933366973927,-0.014240870646331028,1.7743072658284862,1.0859089273470042,-0.193274587392807,-0.03281392157077789,-0.07968752831220627,0.0012214435264468193,-0.0013459613546729088,-0.12191905826330185,-0.008729575201869011,-0.193274587392807,-0.03281392157077789,-0.07968752831220627,0.0012214435264468193,-0.0013459613546729088,-0.12191905826330185,1.0,0.07558316018926478,0.18738760624269338,0.9233630824746766,0.055074498451096854,0.20966742146500975,0.9024998346667837,2.7621674725080285,0.0,0.0,9,2,0,2,1,0.042
215,0,0.0,0.08403686053909916,0.24519416678970465,0.9729529648414974,0.997294179877729,0.017526270359268348,-0.03353870836580174,0.06302621415295713,0.0016351098068401423,-0.0017907257215280259,0.36709760625170973,1.3977574035290008,-0.09074110114432954,-0.4747561376041377,-0.008242424308569618,1.7669493992459635,1.1001021088942617,-0.1952303946018219,-0.013418510556221008,-0.05690712481737137,0.000871686264872551,0.003278368152678013,-0.11346594989299774,-0.01575656607747078,-0.1952303946018219,-0.013418510556221008,-0.05690712481737137,0.000871686264872551,0.003278368152678013,-0.11346594989299774,1.0,0.07286937126517014,0.18772422345247658,0.9230995032515001,0.055074498451096854,0.20966742146500975,0.9024998346667837,2.770643870245835,0.0,0.0,9,2,0,2,1,0.0419
216,1,0.1074,0.08246365656491511,0.24548686086025462,0.9728303093018997,0.9972482623361487,0.010251114151041962,-0.036443344398541064,0.06373931734214407,0.0016230950260146184,-0.001783692695385151,0.367497752264576,1.3979309578056236,-0.08962114698347202,-0.4734827997445666,-0.00791232311809365,1.7591427400253947,1.1149118802604205,-0.18075412511825562,-0.05406025052070618,-0.21709924936294556,-0.0011398964561522007,-0.004836957436054945,-0.0978989452123642,-0.004197882022708654,-0.18075412511825562,-0.05406025052070618,-0.21709924936294556,-0.0011398964561522007,-0.004836957436054945,-0.0978989452123642,1.0,0.07019811922542554,0.18810184943810912,0.9231390856723906,0.055074498451096854,0.20966742146500975,0.9024998346667837,2.7992853084620166,0.0,0.0,9,2,0,2,1,0.0416
217,0,0.0,0.08101266747532937,0.24560906666508814,0.9719711991759424,0.9971483405643075,0.0035768249414746545,-0.0390542684923941,0.06447602147859333,0.0016108086546166671,-0.00177719483344946,0.3666075917526545,1.3988486627095367,-0.0846048506515988,-0.47288540326174083,-0.01178253215470528,1.7535069378000512,1.1292229086748637,-0.17362701892852783,-0.040585607290267944,-0.18296106159687042,0.00061807781457901,-0.002949204295873642,-0.1037234514951706,0.0015005056047812104,-0.17362701892852783,-0.040585607290267944,-0.18296106159687042,0.00061807781457901,-0.002949204295873642,-0.1037234514951706,1.0,0.06774570449241427,0.18830842431858513,0.9224423116964552,0.055074498451096854,0.20966742146500975,0.9024998346667837,2.8256204902633795,0.0,0.0,8,2,0,2,1,0.0408
218,0,0.0,0.07965244952328014,0.2455681938795412,0.9703588414148969,0.9970096200150286,-0.002823826283196107,-0.041444824062985705,0.06516264390736638,0.0015990755756888865,-0.0017705540318511477,0.364904629019317,1.4004360034943588,-0.07740563419084932,-0.4728590462370116,-0.017823562397878048,1.7496123877520215,1.1433611853242562,-0.19052132964134216,-0.012077078223228455,-0.1622697412967682,-0.0005370918661355972,0.0024063093587756157,-0.09568636119365692,0.002524886280298233,-0.19052132964134216,-0.012077078223228455,-0.1622697412967682,-0.0005370918661355972,0.0024063093587756157,-0.09568636119365692,1.0,0.06543857145927985,0.18836108142581012,0.9209851220410347,0.055074498451096854,0.20966742146500975,0.9024998346667837,2.8784062002702546,0.0,0.0,8,2,0,2,1,0.0408
219,0,0.0,0.07818176028320287,0.24567177488676642,0.9688160810647697,0.9968256167399876,-0.009033046975637005,-0.044049224719046126,0.06570205228856338,0.0015888647549264542,-0.0017646542524075652,0.3630676651254821,1.4018557810769408,-0.06928011785814843,-0.472876522237349,-0.02430642050233593,1.7452813674555208,1.157239816008158,-0.23284897208213806,0.04501602053642273,-0.13273099064826965,-0.011703437194228172,-0.00321278627961874,-0.09011219441890717,-0.006001815665513277,-0.23284897208213806,0.04501602053642273,-0.13273099064826965,-0.011703437194228172,-0.00321278627961874,-0.09011219441890717,1.0,0.06301986148303561,0.18857727829260598,0.9195911561224215,0.055074498451096854,0.20966742146500975,0.9024998346667837,2.928683351193592,0.0,0.0,8,2,0,2,1,0.0418
