step,query,infer_s,eef_x,eef_y,eef_z,eef_qx,eef_qy,eef_qz,eef_qw,gripper_q0,gripper_q1,joint_0,joint_1,joint_2,joint_3,joint_4,joint_5,joint_6,act_raw_0,act_raw_1,act_raw_2,act_raw_3,act_raw_4,act_raw_5,act_raw_6,act_env_0,act_env_1,act_env_2,act_env_3,act_env_4,act_env_5,act_env_6,akita_black_bowl_1_x,akita_black_bowl_1_y,akita_black_bowl_1_z,plate_1_x,plate_1_y,plate_1_z,force_akita_black_bowl_1,force_plate_1,force_other,n_contacts,model_grip,model_height,true_grip,true_height,sim_s
0,1,0.1142,-0.2076902019941238,0.01689215049399429,1.1845495281596072,0.9996129210545233,0.0017200294268635563,-0.027766750520088274,0.0002390087185611036,0.038722176349753015,-0.03872337873964926,0.017111286963297417,-0.17598000391396357,0.019472770353215874,-2.4285571409671936,0.005987870227185116,2.197071233565705,0.8150327018426237,0.3882799744606018,0.020155012607574463,0.14603851735591888,-0.002346197608858347,0.03884628042578697,-0.0004863571375608444,0.9953450560569763,0.3882799744606018,0.020155012607574463,0.14603851735591888,-0.002346197608858347,0.03884628042578697,-0.0004863571375608444,-1.0,0.08670609290860966,-0.14321844066302586,1.0625599683749658,0.06426401513702933,0.1968852888506487,0.9024995673059236,0.0,0.0,0.0,0,0,2,0,2,0.0426
1,0,0.0,-0.2062146245591168,0.01695265904048778,1.1848105727092648,0.9996491553250104,0.0014850789834712774,-0.026444881279742434,0.00017044795489011208,0.03884674444488961,-0.03884337397416414,0.016482406114491057,-0.17313710976918392,0.020098161458695148,-2.4253227001384414,0.006126501856326343,2.199470624194966,0.8153780561658601,0.5533257722854614,-0.003346964716911316,0.22893081605434418,-0.012654881924390793,0.04573932662606239,-0.004180699586868286,0.9966055154800415,0.5533257722854614,-0.003346964716911316,0.22893081605434418,-0.012654881924390793,0.04573932662606239,-0.004180699586868286,-1.0,0.08670609282077617,-0.14321844084362828,1.0625599683749969,0.0642640151462034,0.19688528888065687,0.9024997617621902,0.0,0.0,0.0,0,0,2,0,2,0.0418
2,0,0.0,-0.2026402763322177,0.01687717047673614,1.185520009263514,0.9997064739949383,0.0013315835993750746,-0.024187350423522713,0.0004059768638666472,0.03890922470530403,-0.038917644925627715,0.01578439115711542,-0.1657505948172541,0.020512522181690043,-2.4162574301519806,0.005210125444639609,2.2023116437068433,0.8160007110152481,0.7335541844367981,-0.02459082007408142,0.3169040083885193,-0.018900636583566666,0.04937444627285004,-0.0008723996579647064,1.0015555620193481,0.7335541844367981,-0.02459082007408142,0.3169040083885193,-0.018900636583566666,0.04937444627285004,-0.0008723996579647064,-1.0,0.08670609278202411,-0.14321844092330982,1.0625599683749973,0.06426401514835288,0.19688528888960027,0.9024998147869767,0.0,0.0,0.0,0,0,2,0,2,0.0413
3,0,0.0,-0.19712546008408,0.01651770416920091,1.1869553250691238,0.9997670485121706,0.00116281088542447,-0.021523699682680118,0.0011076696605194815,0.03895577265040068,-0.03896647249474975,0.01495996491120092,-0.1541597520123354,0.02059148080647809,-2.4006487160111765,0.0029004764081224043,2.2036015067413315,0.8170458793739439,0.8410995006561279,-0.0701657086610794,0.36235129833221436,-0.013891750946640968,0.050750259310007095,0.0020812656730413437,1.0051934719085693,0.8410995006561279,-0.0701657086610794,0.36235129833221436,-0.013891750946640968,0.050750259310007095,0.0020812656730413437,-1.0,0.08670609276492677,-0.1432184409584652,1.0625599683749973,0.06426401514884425,0.19688528889224316,0.9024998292459088,0.0,0.0,0.0,0,0,2,0,2,0.0423
4,1,0.1086,-0.1898607294003724,0.015858676198229393,1.1890747085642255,0.9998198938682639,0.0011064124749203819,-0.018843181633621822,0.001972354585408063,0.038999754314187375,-0.03901162168131789,0.013978844943628624,-0.13852427527400196,0.02017157960700574,-2.3785454080330686,1.0592588914180452e-05,2.2024134469999743,0.8175762768623402,0.5766150951385498,0.09229135513305664,0.2534305453300476,-0.06819738447666168,-0.006861309055238962,0.005419973284006119,0.9946251511573792,0.5766150951385498,0.09229135513305664,0.2534305453300476,-0.06819738447666168,-0.006861309055238962,0.005419973284006119,-1.0,0.08670609275738347,-0.14321844097397574,1.0625599683749973,0.06426401514895269,0.19688528889301862,0.9024998331886069,0.0,0.0,0.0,0,0,2,0,2,0.0422
5,0,0.0,-0.182315288748465,0.015435822762949136,1.191631949916728,0.999843326176779,0.0015544707785645762,-0.017149437611488908,0.00409920845557277,0.03904358557119128,-0.03905307938770028,0.013234877810261962,-0.12188302897960618,0.020894966613925356,-2.3534274044477774,-0.00591908570753441,2.1970863090580233,0.8202069079187974,0.7010481953620911,0.03533048927783966,0.35618340969085693,-0.05067691206932068,-0.0035252501256763935,0.008806586265563965,0.9901472330093384,0.7010481953620911,0.03533048927783966,0.35618340969085693,-0.05067691206932068,-0.0035252501256763935,0.008806586265563965,-1.0,0.08670609275405536,-0.14321844098081898,1.0625599683749973,0.06426401514897541,0.19688528889324483,0.9024998342637116,0.0,0.0,0.0,0,0,2,0,2,0.0409
6,0,0.0,-0.1745005215765453,0.01564050836975174,1.1949610514026137,0.9998558122535826,0.00224454465164442,-0.015175248304022225,0.0072820711988966285,0.03908483484186303,-0.03909347060194552,0.01288254334675552,-0.10561165465053896,0.02299621638543719,-2.3264381844852817,-0.013960532077297782,2.190128758271428,0.8253441893298884,0.8492932319641113,0.024301499128341675,0.4822388291358948,-0.05901166424155235,-0.0075737489387393,0.010292347520589828,0.9813775420188904,0.8492932319641113,0.024301499128341675,0.4822388291358948,-0.05901166424155235,-0.0075737489387393,0.010292347520589828,-1.0,0.08670609275258698,-0.14321844098383818,1.0625599683749973,0.06426401514897975,0.1968852888933105,0.9024998345568738,0.0,0.0,0.0,0,0,2,0,2,0.0412
7,0,0.0,-0.1655162238576256,0.015844774478103143,1.1994050950727364,0.999867232226312,0.0028635397747493463,-0.011982263859359039,0.010665055689317962,0.039123060507395925,-0.03913338477567197,0.012590007029740578,-0.0884864032722114,0.02504726621824109,-2.2957194735717965,-0.022675311979341906,2.182686292084571,0.8308802368059219,0.9286224842071533,0.029977083206176758,0.5576314330101013,-0.05908190459012985,-0.011180034838616848,0.011347129940986633,0.9902985095977783,0.9286224842071533,0.029977083206176758,0.5576314330101013,-0.05908190459012985,-0.011180034838616848,0.011347129940986633,-1.0,0.08670609275193918,-0.14321844098517023,1.0625599683749973,0.06426401514898045,0.19688528889332943,0.9024998346368139,0.0,0.0,0.0,0,0,2,0,2,0.0409
8,1,0.1095,-0.15544684481118726,0.016035068259977175,1.2048554667912033,0.9998598769977124,0.003528152321728595,-0.008019755699093044,0.014264011702162765,0.03915962786895072,-0.03917160682311865,0.012371291709227888,-0.07004468188532605,0.027057839807447134,-2.260904434399526,-0.03197924840932461,2.1738633752041863,0.8364895341316831,0.7399322390556335,0.09663800150156021,0.26741325855255127,-0.07115843147039413,0.009883171878755093,0.015866253525018692,1.002349853515625,0.7399322390556335,0.09663800150156021,0.26741325855255127,-0.07115843147039413,0.009883171878755093,0.015866253525018692,-1.0,0.08670609275165334,-0.14321844098575795,1.0625599683749973,0.06426401514898046,0.19688528889333484,0.9024998346586124,0.0,0.0,0.0,0,0,2,0,2,0.042
9,0,0.0,-0.1458788650582472,0.016549904923072453,1.2091639554491962,0.9998061505468793,0.004500841312498505,-0.006117866667413999,0.01816522676845637,0.03919526781715323,-0.03920754911734539,0.012402858492512157,-0.04927710106539298,0.02968724860182084,-2.225659619677341,-0.041821700541933,2.162417420861213,0.8424124444397263,0.7979846596717834,-0.0017604529857635498,0.2449299544095993,-0.03844558447599411,0.005832399241626263,0.022199269384145737,0.991638720035553,0.7979846596717834,-0.0017604529857635498,0.2449299544095993,-0.03844558447599411,0.005832399241626263,0.022199269384145737,-1.0,0.08670609275152724,-0.14321844098601721,1.0625599683749973,0.06426401514898046,0.19688528889333637,0.9024998346645562,0.0,0.0,0.0,0,0,2,0,2,0.0421
10,0,0.0,-0.1363985791084132,0.01722431475106245,1.2121544616782907,0.9997359062309275,0.005627175072341839,-0.00518786032983459,0.021668843959204175,0.03922782334494356,-0.03924350312788756,0.01247983050869984,-0.026109314928867318,0.032238556059154114,-2.1902783130382852,-0.050599101771570475,2.151571626369832,0.8472808352067658,0.9168245792388916,-0.08802133798599243,0.25356435775756836,-0.02875017374753952,0.003097265027463436,0.03137856349349022,0.9891349077224731,0.9168245792388916,-0.08802133798599243,0.25356435775756836,-0.02875017374753952,0.003097265027463436,0.03137856349349022,-1.0,0.08670609275147162,-0.1432184409861316,1.0625599683749973,0.06426401514898046,0.1968852888933368,0.9024998346661771,0.0,0.0,0.0,0,0,2,0,2,0.0418
11,0,0.0,-0.12596596760353285,0.017207517582797458,1.2147874215891759,0.9996741620000189,0.006927405339254067,-0.0034939963505700227,0.024318159353177722,0.03925719742539597,-0.039279697736419976,0.012252576338336343,-0.0005671659712702,0.033215344694159654,-2.152931326232814,-0.057701441402049275,2.142859745021245,0.848860159374291,0.9674734473228455,-0.13094677031040192,0.2610158920288086,-0.022869188338518143,-0.004904809407889843,0.02393321692943573,1.014831781387329,0.9674734473228455,-0.13094677031040192,0.2610158920288086,-0.022869188338518143,-0.004904809407889843,0.02393321692943573,-1.0,0.0867060927514471,-0.14321844098618203,1.0625599683749973,0.06426401514898046,0.1968852888933368,0.9024998346666192,0.0,0.0,0.0,0,0,2,0,2,0.0417
12,1,0.1085,-0.1146308824666739,0.016314222313357322,1.217281630125262,0.9996165613056633,0.008193926988571631,-0.0011663341028376635,0.026424034300364406,0.0392851610172869,-0.039314482523955224,0.011686312811614329,0.027012648681524358,0.03261997427245245,-2.1132192273977455,-0.06365211449025411,2.135212813727173,0.8478930630644732,0.9469296336174011,0.09330351650714874,0.40120160579681396,-0.048190124332904816,0.005303069017827511,0.034626249223947525,0.9936997890472412,0.9469296336174011,0.09330351650714874,0.40120160579681396,-0.048190124332904816,0.005303069017827511,0.034626249223947525,-1.0,0.08670609275143627,-0.1432184409862043,1.0625599683749973,0.06426401514898046,0.1968852888933368,0.9024998346667397,0.0,0.0,0.0,0,0,2,0,2,0.0416
13,0,0.0,-0.10314909805836987,0.015921871624165133,1.2204678415550052,0.9995421976491461,0.010084175123095396,0.0011216037704106455,0.028503447787645683,0.039315362005845844,-0.03934433985732594,0.01148568124707163,0.054403618320744945,0.032841879904053836,-2.071128999870986,-0.06943226292266383,2.1248475381734755,0.846371603077684,0.9441771507263184,0.018745064735412598,0.3564983606338501,-0.012627160176634789,0.0006790095940232277,0.038244280964136124,0.9945006370544434,0.9441771507263184,0.018745064735412598,0.3564983606338501,-0.012627160176634789,0.0006790095940232277,0.038244280964136124,-1.0,0.0867060927514315,-0.14321844098621409,1.0625599683749973,0.06426401514898046,0.1968852888933368,0.9024998346667725,0.0,0.0,0.0,0,0,2,0,2,0.0404
14,0,0.0,-0.0917241521483679,0.016418232291678228,1.224243925742425,0.9994627608038034,0.012365563327127738,0.003141861177481992,0.030189589569623407,0.039342884660039594,-0.03937430771642784,0.011674114177322838,0.0817333781147452,0.0340203342132912,-2.0270028657517423,-0.07402761873479625,2.111876991503661,0.8445906209987547,0.9631006121635437,-0.01917964220046997,0.34572458267211914,-0.0024591332767158747,-0.0007894150912761688,0.030895590782165527,1.0040974617004395,0.9631006121635437,-0.01917964220046997,0.34572458267211914,-0.0024591332767158747,-0.0007894150912761688,0.030895590782165527,-1.0,0.08670609275142939,-0.14321844098621841,1.0625599683749973,0.06426401514898046,0.1968852888933368,0.9024998346667815,0.0,0.0,0.0,0,0,2,0,2,0.0418
15,0,0.0,-0.08010099899000653,0.016746519585682677,1.227954516144083,0.9994043650897101,0.014301753988822108,0.005114273402468216,0.03098740195692798,0.039367591997610495,-0.0394046226244776,0.011738497684697846,0.11005840546972585,0.034538342922430305,-1.981225002337535,-0.07653489010669462,2.098332898766673,0.8414948781425265,0.9851284623146057,-0.05643428862094879,0.30689752101898193,-0.0008701290935277939,-0.0022352607920765877,0.026247262954711914,0.9892302751541138,0.9851284623146057,-0.05643428862094879,0.30689752101898193,-0.0008701290935277939,-0.0022352607920765877,0.026247262954711914,-1.0,0.08670609275142845,-0.14321844098622033,1.0625599683749973,0.06426401514898046,0.1968852888933368,0.9024998346667837,0.0,0.0,0.0,0,0,2,0,2,0.0419
16,1,0.1087,-0.06820519017421113,0.01656191209692543,1.231386373582799,0.9993566584859097,0.01587239282867564,0.007131686556107101,0.03136041027527551,0.03939082391513216,-0.03943404825402686,0.011630303012911607,0.13974841122596768,0.03413712228692973,-1.9338825871311243,-0.0779970675181553,2.0847967783402552,0.8373998770354678,0.9095866680145264,-0.010770350694656372,0.2966441512107849,-0.0030342310201376677,-0.0011701425537467003,0.03556201234459877,0.9637020230293274,0.9095866680145264,-0.010770350694656372,0.2966441512107849,-0.0030342310201376677,-0.0011701425537467003,0.03556201234459877,-1.0,0.08670609275142804,-0.14321844098622116,1.0625599683749973,0.06426401514898046,0.1968852888933368,0.9024998346667837,0.0,0.0,0.0,0,0,2,0,2,0.0425
17,0,0.0,-0.056521058290164065,0.01630251041262398,1.2345718549195022,0.9993084407738374,0.017687683453731895,0.008678215092788738,0.031535291896625905,0.039414345311453575,-0.039460924723089964,0.01156532197010178,0.16989835926442642,0.03360381501991986,-1.8856894994380757,-0.07885312579687546,2.069933639066877,0.8322343252158374,0.9065703749656677,-0.05049794912338257,0.2465728372335434,-0.0013526992406696081,-0.00022706203162670135,0.04295751452445984,1.007476806640625,0.9065703749656677,-0.05049794912338257,0.2465728372335434,-0.0013526992406696081,-0.00022706203162670135,0.04295751452445984,-1.0,0.08670609275142786,-0.14321844098622155,1.0625599683749973,0.06426401514898046,0.1968852888933368,0.9024998346667837,0.0,0.0,0.0,0,0,2,0,2,0.0414
18,0,0.0,-0.04510667426340774,0.0160016122159253,1.2375143631545347,0.9992496069954283,0.01995983386975808,0.009882895836172871,0.03168842566717855,0.03943612538692506,-0.03948738229450601,0.011547917576624229,0.20037145326161804,0.032983300605765695,-1.8369713823797322,-0.07954767653520962,2.0542767566203017,0.8259614314423,0.9027828574180603,-0.08668877184391022,0.2006407231092453,-0.0006026146002113819,-0.00040525104850530624,0.04745472967624664,0.9937918782234192,0.9027828574180603,-0.08668877184391022,0.2006407231092453,-0.0006026146002113819,-0.00040525104850530624,0.04745472967624664,-1.0,0.08670609275142786,-0.14321844098622155,1.0625599683749973,0.06426401514898046,0.1968852888933368,0.9024998346667837,0.0,0.0,0.0,0,0,2,0,2,0.0413
19,0,0.0,-0.03373791295238339,0.01533666315510283,1.2399394119547371,0.9991770524250002,0.022545467912368444,0.011020431631829425,0.03186643799591583,0.03945657530046233,-0.03951310010584904,0.011461895776986704,0.23172954722666725,0.03186432817197478,-1.787736251018492,-0.08013064947965179,2.038928262637876,0.8184288443878653,0.9033676385879517,-0.1417175978422165,0.1561446338891983,0.0010051466524600983,0.0007860977202653885,0.049522414803504944,1.0318076610565186,0.9033676385879517,-0.1417175978422165,0.1561446338891983,0.0010051466524600983,0.0007860977202653885,0.049522414803504944,-1.0,0.08670609275142786,-0.14321844098622155,1.0625599683749973,0.06426401514898046,0.1968852888933368,0.9024998346667837,0.0,0.0,0.0,0,0,2,0,2,0.0416
20,1,0.1097,-0.022393337892182223,0.014138860108777547,1.2417738117558623,0.9990918874365902,0.025303593166949356,0.012129808551272284,0.03206238256496765,0.0394756647744611,-0.03953819606205469,0.011215281984468976,0.2640577818703428,0.03004404527471269,-1.7380022091216598,-0.0804778431620144,2.024079913670444,0.8096110771927804,0.8814661502838135,-0.03331407904624939,0.12183840572834015,-0.0007829563692212105,-0.0012971647083759308,0.05334310233592987,0.986888587474823,0.8814661502838135,-0.03331407904624939,0.12183840572834015,-0.0007829563692212105,-0.0012971647083759308,0.05334310233592987,-1.0,0.08670609275142786,-0.14321844098622155,1.0625599683749973,0.06426401514898046,0.1968852888933368,0.9024998346667837,0.0,0.0,0.0,0,0,2,0,2,0.0427
21,0,0.0,-0.011157918909586638,0.013121017588289851,1.2430925289644914,0.9989922374694041,0.028499372535079392,0.013228295426405483,0.03205163710468531,0.03949612997675186,-0.039560022513986395,0.011078054135103516,0.29711551298075156,0.028445428765722397,-1.687826956531687,-0.08029610491960781,2.009535040140754,0.7999800173453089,0.8946250677108765,-0.0894862711429596,0.09347173571586609,-0.0005394169129431248,-0.0007865671068429947,0.05477991700172424,0.9979524612426758,0.8946250677108765,-0.0894862711429596,0.09347173571586609,-0.0005394169129431248,-0.0007865671068429947,0.05477991700172424,-1.0,0.08670609275142786,-0.14321844098622155,1.0625599683749973,0.06426401514898046,0.1968852888933368,0.9024998346667837,0.0,0.0,0.0,0,0,2,0,2,0.0413
22,0,0.0,1.75997201806357e-05,0.012223123004570575,1.2439717436109796,0.9988717467085012,0.03187497542801254,0.014476431845858333,0.03208819860918395,0.03951420983698631,-0.039582423091884,0.011033854979851319,0.330909234664415,0.02695128362818675,-1.6370652159486951,-0.08020882591139648,1.995451075657232,0.7902777680978034,0.836618185043335,-0.20731206238269806,0.07265767455101013,-0.001429092837497592,0.000438089482486248,0.05338776111602783,0.9886192679405212,0.836618185043335,-0.20731206238269806,0.07265767455101013,-0.001429092837497592,0.000438089482486248,0.05338776111602783,-1.0,0.08670609275142786,-0.14321844098622155,1.0625599683749973,0.06426401514898046,0.1968852888933368,0.9024998346667837,0.0,0.0,0.0,0,0,2,0,2,0.041
23,0,0.0,0.010882209715925087,0.010512664647739714,1.2444788463561296,0.9987395772946266,0.035021747776004086,0.01546923214901646,0.03245669090932856,0.039529822246538324,-0.039605551061167116,0.010728809837116625,0.3649675344941513,0.024524466639677472,-1.5859835038879098,-0.0803237356418625,1.9808096068291716,0.7799788208643116,0.8281131982803345,-0.34485381841659546,0.04745475947856903,0.00373187568038702,0.0004406990483403206,0.05240286886692047,0.9871875643730164,0.8281131982803345,-0.34485381841659546,0.04745475947856903,0.00373187568038702,0.0004406990483403206,0.05240286886692047,-1.0,0.08670609275142786,-0.14321844098622155,1.0625599683749973,0.06426401514898046,0.1968852888933368,0.9024998346667837,0.0,0.0,0.0,0,0,2,0,2,0.0421
24,1,0.1108,0.02142769008538978,0.007509853839931699,1.2447369702662765,0.998601065720959,0.03789872006041067,0.016322908853371523,0.033062988450997324,0.039543557413081874,-0.03962888807072161,0.009848162449960469,0.3991323652357365,0.020635087418534724,-1.5346136016307597,-0.08006188739536506,1.9658947354141005,0.7681664316150301,0.9523158669471741,-0.1286848932504654,0.14068563282489777,-0.0018303599208593369,0.006221911869943142,0.0058764684945344925,1.0064880847930908,0.9523158669471741,-0.1286848932504654,0.14068563282489777,-0.0018303599208593369,0.006221911869943142,0.0058764684945344925,-1.0,0.08670609275142786,-0.14321844098622155,1.0625599683749973,0.06426401514898046,0.1968852888933368,0.9024998346667837,0.0,0.0,0.0,0,0,2,0,2,0.0422
25,0,0.0,0.03231906445310554,0.004521626395816174,1.2451238166541194,0.9984835651210762,0.03992489211663408,0.01829900104317982,0.03319216373485802,0.039560326318634605,-0.03964759773519251,0.008886132831968638,0.43420028850029324,0.016715001022311018,-1.4812791464361783,-0.07845159803796609,1.9522604631358775,0.7576531561958182,0.9426619410514832,-0.2660197615623474,0.11058025062084198,0.005386540666222572,0.003495330922305584,0.007328050211071968,0.9910809397697449,0.9426619410514832,-0.2660197615623474,0.11058025062084198,0.005386540666222572,0.003495330922305584,0.007328050211071968,-1.0,0.08670609275142786,-0.14321844098622155,1.0625599683749973,0.06426401514898046,0.1968852888933368,0.9024998346667837,0.0,0.0,0.0,0,0,2,0,2,0.0412
26,0,0.0,0.043415276669770304,0.0016056320780134734,1.2454206187253638,0.9983985457274234,0.04074254318197401,0.020885975506666134,0.03322897969491085,0.0395741904023468,-0.03966768986936325,0.007923166223227453,0.470635319192875,0.012733506226410722,-1.425632340227795,-0.07643163116732055,1.9387051684314411,0.7494114629683132,0.9112986326217651,-0.3964528441429138,0.08439972996711731,0.015684176236391068,0.0032167956233024597,0.015151888132095337,0.987041175365448,0.9112986326217651,-0.3964528441429138,0.08439972996711731,0.015684176236391068,0.0032167956233024597,0.015151888132095337,-1.0,0.08670609275142786,-0.14321844098622155,1.0625599683749973,0.06426401514898046,0.1968852888933368,0.9024998346667837,0.0,0.0,0.0,0,0,2,0,2,0.0413
27,0,0.0,0.05431027933024277,-0.0022300954426206308,1.2453738539595063,0.9983214186652024,0.04120824352140107,0.02335622472011961,0.03332735313523835,0.039586101442443226,-0.03968827542888239,0.006371380498497594,0.5081586772888351,0.00777228540726178,-1.368330801526589,-0.07363787200760243,1.9244124621552123,0.7402625416061086,0.8872467279434204,-0.5317463874816895,-0.01712659001350403,0.044813014566898346,0.0012701796367764473,0.029011256992816925,0.9901493787765503,0.8872467279434204,-0.5317463874816895,-0.01712659001350403,0.044813014566898346,0.0012701796367764473,0.029011256992816925,-1.0,0.08670609275142786,-0.14321844098622155,1.0625599683749973,0.06426401514898046,0.1968852888933368,0.9024998346667837,0.0,0.0,0.0,0,0,2,0,2,0.0412
28,1,0.1105,0.06495365995272559,-0.007071845198538491,1.2446051566818326,0.9982533157922803,0.04195550018357458,0.025670994255631976,0.03272695476194204,0.039596955587247296,-0.0397085212289859,0.0037570847374132966,0.5470594825446901,0.0017327279802411835,-1.3098623801305227,-0.06819945877354294,1.910141436906676,0.728010152125245,0.7929347157478333,-0.5443323850631714,0.002047225832939148,0.027865193784236908,0.0027037831023335457,0.04783958941698074,0.9889048933982849,0.7929347157478333,-0.5443323850631714,0.002047225832939148,0.027865193784236908,0.0027037831023335457,0.04783958941698074,-1.0,0.08670609275142786,-0.14321844098622155,1.0625599683749973,0.06426401514898046,0.1968852888933368,0.9024998346667837,0.0,0.0,0.0,0,0,2,0,2,0.0418
29,0,0.0,0.07498879108456664,-0.012917497779352603,1.2434302684280385,0.9981613310410403,0.04368755158976545,0.027545637971024245,0.03172684792471608,0.03960681679428662,-0.039728424810410765,0.0001012939519975179,0.5863460995752303,-0.0052073281721195346,-1.2506465327526317,-0.06092510385371608,1.8946798502910065,0.7117981244731745,0.7603139281272888,-0.560828685760498,-0.0734211876988411,0.023311134427785873,0.009499962441623211,0.05585680156946182,1.0236058235168457,0.7603139281272888,-0.560828685760498,-0.0734211876988411,0.023311134427785873,0.009499962441623211,0.05585680156946182,-1.0,0.08670609275142786,-0.14321844098622155,1.0625599683749973,0.06426401514898046,0.1968852888933368,0.9024998346667837,0.0,0.0,0.0,0,0,2,0,2,0.0412
30,0,0.0,0.0843238672287705,-0.01940813019328094,1.2419255475116022,0.9980193956983581,0.04651394053402702,0.0289987191522507,0.030867676190614302,0.03961648078360241,-0.03974725016996232,-0.004275609107891217,0.6259112405328568,-0.012552420314212338,-1.190920316581491,-0.053128839697333466,1.8781878562885133,0.6927930397013015,0.6327050924301147,-0.5362328290939331,-0.17687267065048218,0.014681671746075153,-0.008581088855862617,0.06602898985147476,0.9925581216812134,0.6327050924301147,-0.5362328290939331,-0.17687267065048218,0.014681671746075153,-0.008581088855862617,0.06602898985147476,-1.0,0.08670609275142786,-0.14321844098622155,1.0625599683749973,0.06426401514898046,0.1968852888933368,0.9024998346667837,0.0,0.0,0.0,0,0,2,0,2,0.0405
31,0,0.0,0.09289739116711256,-0.026127709292443728,1.239704372140888,0.9978386727821152,0.05016591181478447,0.029924655392839453,0.030097830350989188,0.03962644000739407,-0.039764561733229106,-0.009174773952633853,0.6657772598333191,-0.01983947072168929,-1.1314603317840861,-0.04510200380680615,1.8611410168087805,0.6722566031204279,0.524078905582428,-0.5021064281463623,-0.27712976932525635,0.011769353412091732,-0.012859336100518703,0.08769795298576355,0.9777547717094421,0.524078905582428,-0.5021064281463623,-0.27712976932525635,0.011769353412091732,-0.012859336100518703,0.08769795298576355,-1.0,0.08670609275142786,-0.14321844098622155,1.0625599683749973,0.06426401514898046,0.1968852888933368,0.9024998346667837,0.0,0.0,0.0,0,0,2,0,2,0.0404
32,1,0.109,0.10051249113287733,-0.03263343850933431,1.2367316504701784,0.9976076153045998,0.054874858625078515,0.03012113595301832,0.029334500951028776,0.03963704025707643,-0.03978006949521141,-0.014387089636968685,0.7053433386745757,-0.026549409661573292,-1.0732813772798349,-0.03714266692871532,1.8435337364763966,0.650376120354961,0.3799571394920349,-0.30447179079055786,-0.39579811692237854,0.00013635307550430298,0.005607609637081623,0.14396768808364868,0.993312418460846,0.3799571394920349,-0.30447179079055786,-0.39579811692237854,0.00013635307550430298,0.005607609637081623,0.14396768808364868,-1.0,0.08670609275142786,-0.14321844098622155,1.0625599683749973,0.06426401514898046,0.1968852888933368,0.9024998346667837,0.0,0.0,0.0,0,0,2,0,2,0.0434
33,0,0.0,0.10681949888194003,-0.037875983880894554,1.2326935985876253,0.9972616895494419,0.06202876894774817,0.028704304817597986,0.028242118630804443,0.0396509388125638,-0.039791179875424174,-0.019299132322948984,0.7441669938882592,-0.03145869598245268,-1.0174650995473655,-0.029751317637231923,1.8241155468420078,0.6257677839317123,0.30995428562164307,-0.3041900396347046,-0.42101025581359863,0.0008958978578448296,0.014355462975800037,0.18390130996704102,0.9963942766189575,0.30995428562164307,-0.3041900396347046,-0.42101025581359863,0.0008958978578448296,0.014355462975800037,0.18390130996704102,-1.0,0.08670609275142786,-0.14321844098622155,1.0625599683749973,0.06426401514898046,0.1968852888933368,0.9024998346667837,0.0,0.0,0.0,0,0,2,0,2,0.0421
34,0,0.0,0.11202924738756549,-0.04204357611845456,1.2280078936811616,0.9967108471382198,0.07171392241026925,0.026161853989680378,0.027205843588619133,0.03966323612622863,-0.039802850398072985,-0.02387316672703333,0.781971502771884,-0.03481683584935337,-0.9637290883485408,-0.023794126611735456,1.8036129953097384,0.5983619300403717,0.2537827789783478,-0.3525097370147705,-0.4562041759490967,0.0005119466222822666,0.024518504738807678,0.1825048327445984,0.9972424507141113,0.2537827789783478,-0.3525097370147705,-0.4562041759490967,0.0005119466222822666,0.024518504738807678,0.1825048327445984,-1.0,0.08670609275142786,-0.14321844098622155,1.0625599683749973,0.06426401514898046,0.1968852888933368,0.9024998346667837,0.0,0.0,0.0,0,0,2,0,2,0.0403
35,0,0.0,0.11639033786007552,-0.04627292971176932,1.2229075705140353,0.9959893235158988,0.08229303966007978,0.023064250727167397,0.02647949025642989,0.03967340277420324,-0.03981563936780107,-0.02872452255552191,0.8189450465461916,-0.037801005213602204,-0.911649354605575,-0.018965734891384093,1.782885178626769,0.5698650178261019,0.17751704156398773,-0.39910370111465454,-0.47981274127960205,0.0007601282559335232,0.022583067417144775,0.16916808485984802,1.0087007284164429,0.17751704156398773,-0.39910370111465454,-0.47981274127960205,0.0007601282559335232,0.022583067417144775,0.16916808485984802,-1.0,0.08670609275142786,-0.14321844098622155,1.0625599683749973,0.06426401514898046,0.1968852888933368,0.9024998346667837,0.0,0.0,0.0,0,0,2,0,2,0.0388
36,1,0.1102,0.11993998880214116,-0.05099920334138697,1.2174995066696102,0.995180914300598,0.09252694263877204,0.01952818503239593,0.02592995732904922,0.039682561946344994,-0.03982844850212606,-0.034161624570366686,0.8550643106090501,-0.04088600833136403,-0.8610887699501913,-0.014688277148160615,1.761979354427711,0.5418618214290604,0.21651585400104523,-0.2951226234436035,-0.6337040662765503,0.003124314360320568,0.0003322269767522812,0.20568731427192688,0.98955899477005,0.21651585400104523,-0.2951226234436035,-0.6337040662765503,0.003124314360320568,0.0003322269767522812,0.20568731427192688,-1.0,0.08670609275142786,-0.14321844098622155,1.0625599683749973,0.06426401514898046,0.1968852888933368,0.9024998346667837,0.0,0.0,0.0,0,0,2,0,2,0.0433
37,0,0.0,0.12342680853288719,-0.05532453492141482,1.21126921152908,0.9941639217226508,0.10356883361913743,0.01681478650664937,0.02507700944181494,0.03969375694410346,-0.03983828690240809,-0.039756903231841834,0.8915875201462622,-0.04302930119340953,-0.811933062982614,-0.010346409051699507,1.744545846113457,0.5128393895845541,0.05769126117229462,-0.3127155900001526,-0.6285979151725769,0.002407252788543701,0.004215057939291,0.1739019751548767,1.0154792070388794,0.05769126117229462,-0.3127155900001526,-0.6285979151725769,0.002407252788543701,0.004215057939291,0.1739019751548767,-1.0,0.08670609275142786,-0.14321844098622155,1.0625599683749973,0.06426401514898046,0.1968852888933368,0.9024998346667837,0.0,0.0,0.0,0,0,2,0,2,0.0418
38,0,0.0,0.1262034152160212,-0.05944319825318485,1.2042255119388943,0.9930402514408767,0.11451407693163884,0.013531330349394067,0.02396848559482126,0.039703567483469614,-0.03984861446630412,-0.045498073596446406,0.9276180401992339,-0.04464995103494167,-0.764746423617846,-0.006383670325011114,1.7270914611589485,0.4846768697222605,-0.15392819046974182,-0.38885533809661865,-0.6906219124794006,0.04586970806121826,-0.010922535322606564,0.13059449195861816,0.9921183586120605,-0.15392819046974182,-0.38885533809661865,-0.6906219124794006,0.04586970806121826,-0.010922535322606564,0.13059449195861816,-1.0,0.08670609275142786,-0.14321844098622155,1.0625599683749973,0.06426401514898046,0.1968852888933368,0.9024998346667837,0.0,0.0,0.0,0,0,2,0,2,0.0414
39,0,0.0,0.1274422720906289,-0.06374724806276304,1.197274424289262,0.9920810611380161,0.12343775106444069,0.00851324094649598,0.021582735507976996,0.03971323618621207,-0.03985820265078336,-0.05206565726702105,0.9613987351811281,-0.04614382646740771,-0.719902023203502,-0.0008705557775739057,1.7056932526410025,0.45978119803712814,-0.43843889236450195,-0.4458838701248169,-0.7284183502197266,0.066071517765522,-0.06324604153633118,0.08522943407297134,0.9741406440734863,-0.43843889236450195,-0.4458838701248169,-0.7284183502197266,0.066071517765522,-0.06324604153633118,0.08522943407297134,-1.0,0.08670609275142786,-0.14321844098622155,1.0625599683749973,0.06426401514898046,0.1968852888933368,0.9024998346667837,0.0,0.0,0.0,0,0,2,0,2,0.0471
40,1,0.1079,0.12701676482589913,-0.06858851913585881,1.1911542281922125,0.9913978502708016,0.12972413773842822,0.001953890642623423,0.017266524775132693,0.039721971586435804,-0.03986788241789382,-0.06010710068556688,0.9917977525854725,-0.0477848298073816,-0.677640997904119,0.007426252835148998,1.679544190262902,0.43843681479056545,-0.213919997215271,-0.4826018810272217,-0.6583807468414307,0.07000179588794708,-0.020974237471818924,0.08944310247898102,0.9723249077796936,-0.213919997215271,-0.4826018810272217,-0.6583807468414307,0.07000179588794708,-0.020974237471818924,0.08944310247898102,-1.0,0.08670609275142786,-0.14321844098622155,1.0625599683749973,0.06426401514898046,0.1968852888933368,0.9024998346667837,0.0,0.0,0.0,0,0,2,0,2,0.0417
41,0,0.0,0.12637433551514027,-0.07412143291138586,1.1855871897306618,0.9907824348573046,0.13486358678525875,-0.00339361211401233,0.012266341527307234,0.03972955853121932,-0.039877912881671244,-0.06942635029540013,1.0207447419316849,-0.04951588135778806,-0.6370808324395373,0.017146161532744213,1.655855190964252,0.4180827467468345,-0.42532312870025635,-0.5087449550628662,-0.6736586093902588,0.06707370281219482,-0.05814395844936371,0.057724811136722565,0.968721330165863,-0.42532312870025635,-0.5087449550628662,-0.6736586093902588,0.06707370281219482,-0.05814395844936371,0.057724811136722565,-1.0,0.08670609275142786,-0.14321844098622155,1.0625599683749973,0.06426401514898046,0.1968852888933368,0.9024998346667837,0.0,0.0,0.0,0,0,2,0,2,0.0399
42,0,0.0,0.12521048023361414,-0.08034996990939586,1.1800171068802587,0.9902133198414893,0.13912235193435404,-0.008633140456178589,0.006929739288944283,0.039737608587836384,-0.039886720749715984,-0.07982087460323749,1.0485663882647847,-0.051366172460969736,-0.5982474738685324,0.02725436710173991,1.6323121906693396,0.39879819753833706,-0.5459617972373962,-0.43120819330215454,-0.7209851145744324,0.04260720685124397,-0.08302462100982666,0.04376405477523804,0.9858047366142273,-0.5459617972373962,-0.43120819330215454,-0.7209851145744324,0.04260720685124397,-0.08302462100982666,0.04376405477523804,-1.0,0.08670609275142786,-0.14321844098622155,1.0625599683749973,0.06426401514898046,0.1968852888933368,0.9024998346667837,0.0,0.0,0.0,0,0,2,0,2,0.0414
43,0,0.0,0.12309079129014087,-0.08684170932841688,1.1749737869975294,0.9897062182570511,0.1423495889060326,-0.014707396606145057,0.0013742513156351152,0.03974690877294317,-0.0398935532043417,-0.09068351156967598,1.0744830539245869,-0.05305878676756026,-0.5610489872288468,0.03676693393664321,1.6065996400938178,0.38148726104980474,-0.6613826751708984,-0.24045176804065704,-0.7608529329299927,0.003235406242311001,-0.10747891664505005,0.03497941792011261,0.9820681214332581,-0.6613826751708984,-0.24045176804065704,-0.7608529329299927,0.003235406242311001,-0.10747891664505005,0.03497941792011261,-1.0,0.08670609275142786,-0.14321844098622155,1.0625599683749973,0.06426401514898046,0.1968852888933368,0.9024998346667837,0.0,0.0,0.0,0,0,2,0,2,0.0413
44,1,0.1106,0.12027723926283314,-0.09259231087024411,1.1703330466691573,0.9891551447161891,0.1452288025287162,-0.021587175074247837,-0.003832553963421915,0.039758772378788505,-0.039897129352872415,-0.10066054180570827,1.0988760226226133,-0.053883736111640206,-0.5252275308007435,0.04399059219988424,1.5791843167980815,0.36652573532617855,-0.6671080589294434,-0.021014362573623657,-0.8020750284194946,-0.0004789857193827629,-0.11329852044582367,0.004736235365271568,1.005082130432129,-0.6671080589294434,-0.021014362573623657,-0.8020750284194946,-0.0004789857193827629,-0.11329852044582367,0.004736235365271568,-1.0,0.08670609275142786,-0.14321844098622155,1.0625599683749973,0.06426401514898046,0.1968852888933368,0.9024998346667837,0.0,0.0,0.0,0,0,2,0,2,0.0419
45,0,0.0,0.11721980531092721,-0.09642821209528034,1.165775385454951,0.9886278824878499,0.14733102041258336,-0.02877816067563668,-0.008960907314744422,0.03977326701585611,-0.03989741323374559,-0.10872465896422669,1.1225177138434275,-0.0528273743951177,-0.4904815395525472,0.04909469912128406,1.5514958119985693,0.35625938371133137,-0.6760010719299316,-0.0317419171333313,-0.8360187411308289,0.0004748590290546417,-0.11376776546239853,0.00981120578944683,1.0019972324371338,-0.6760010719299316,-0.0317419171333313,-0.8360187411308289,0.0004748590290546417,-0.11376776546239853,0.00981120578944683,-1.0,0.08670609275142786,-0.14321844098622155,1.0625599683749973,0.06426401514898046,0.1968852888933368,0.9024998346667837,0.0,0.0,0.0,0,0,2,0,2,0.0412
46,0,0.0,0.11414536828605949,-0.09886718788527775,1.1608471181219777,0.9881553853941697,0.1485355169031087,-0.036032045680859104,-0.013704970590172078,0.039785794216188296,-0.03989902989373436,-0.1155147018473938,1.1454469441261814,-0.04923992485497289,-0.45803512773390886,0.0509730739003355,1.525476683889393,0.3501563458116524,-0.6633531451225281,-0.03779114782810211,-0.888523519039154,0.0007319971919059753,-0.11203157156705856,0.019245143979787827,0.9967221021652222,-0.6633531451225281,-0.03779114782810211,-0.888523519039154,0.0007319971919059753,-0.11203157156705856,0.019245143979787827,-1.0,0.08670609275142786,-0.14321844098622155,1.0625599683749973,0.06426401514898046,0.1968852888933368,0.9024998346667837,0.0,0.0,0.0,0,0,2,0,2,0.0414
47,0,0.0,0.11111876157617873,-0.1008030004115031,1.1552501088057012,0.9876240148581739,0.14969381317286853,-0.043268035892268006,-0.017845017321707967,0.03979743368657557,-0.03990092424075051,-0.12058653223521165,1.167257208865917,-0.04787290725813865,-0.4295933386014466,0.0535456918464093,1.502632351156402,0.3446108875507832,-0.6176506876945496,-0.10889016091823578,-0.925470232963562,-0.0008721658959984779,-0.09665057063102722,0.026174485683441162,0.9951316714286804,-0.6176506876945496,-0.10889016091823578,-0.925470232963562,-0.0008721658959984779,-0.09665057063102722,0.026174485683441162,-1.0,0.08670609275142786,-0.14321844098622155,1.0625599683749973,0.06426401514898046,0.1968852888933368,0.9024998346667837,0.0,0.0,0.0,0,0,2,0,2,0.0415
48,1,0.1054,0.10820364858359996,-0.10281795737421391,1.148723277134318,0.9870107403882087,0.15107718870611167,-0.050335523262664994,-0.021255975838588737,0.03980767919587293,-0.03990362811977983,-0.1250500672588158,1.190255613613344,-0.04780662389826378,-0.4016197416409998,0.055831700658273746,1.4821443863431223,0.33864584783660473,-0.9571923017501831,0.003369152545928955,-0.857106626033783,0.01372815202921629,-0.12193229794502258,0.058974489569664,0.9959397315979004,-0.9571923017501831,0.003369152545928955,-0.857106626033783,0.01372815202921629,-0.12193229794502258,0.058974489569664,-1.0,0.08670609275142786,-0.14321844098622155,1.0625599683749973,0.06426401514898046,0.1968852888933368,0.9024998346667837,0.0,0.0,0.0,0,0,2,0,2,0.0421
49,0,0.0,0.10404934972345813,-0.10428275842390998,1.142510666964237,0.9860002180077443,0.15362692891698534,-0.0595306620759497,-0.025660028702520998,0.03982162310646307,-0.03990208640417057,-0.1292202034973423,1.2126175281300127,-0.04752815513211503,-0.3730020318121643,0.05840796032965496,1.4553558442893033,0.3306543934184573,-0.9601442813873291,-0.03859703242778778,-0.8645811080932617,0.011239868588745594,-0.12924078106880188,0.06003482639789581,0.9996387958526611,-0.9601442813873291,-0.03859703242778778,-0.8645811080932617,0.011239868588745594,-0.12924078106880188,0.06003482639789581,-1.0,0.08670609275142786,-0.14321844098622155,1.0625599683749973,0.06426401514898046,0.1968852888933368,0.9024998346667837,0.0,0.0,0.0,0,0,2,0,2,0.0423
50,0,0.0,0.09902725497564137,-0.10554020262324887,1.1374890732567426,0.9846530958909899,0.15708511556627536,-0.06961552798432484,-0.03059780193545587,0.03983257190972347,-0.039903019595779,-0.1334856875940232,1.2345246350546188,-0.04712043516054869,-0.3421754847043341,0.060901169063946214,1.4241587980851778,0.3210644860669049,-0.9026776552200317,-0.006470024585723877,-0.8590598106384277,3.5948120057582855e-05,-0.13902586698532104,0.06504175812005997,0.9883385300636292,-0.9026776552200317,-0.006470024585723877,-0.8590598106384277,3.5948120057582855e-05,-0.13902586698532104,0.06504175812005997,-1.0,0.08670609275142786,-0.14321844098622155,1.0625599683749973,0.06426401514898046,0.1968852888933368,0.9024998346667837,0.0,0.0,0.0,0,0,2,0,2,0.0417
51,0,0.0,0.0941767100889148,-0.10693171959036221,1.1326060477918054,0.983199999634775,0.1609187502627995,-0.07869143631610713,-0.03507954364789013,0.03984358624220463,-0.03990337573989038,-0.13780361963853058,1.2577562044458488,-0.04663181428529633,-0.30912313178029066,0.06274695440139984,1.3942794391113826,0.31077979575990466,-0.8047775030136108,-0.025406062602996826,-0.8533135652542114,-0.002594290766865015,-0.15004952251911163,0.057069189846515656,0.9954490661621094,-0.8047775030136108,-0.025406062602996826,-0.8533135652542114,-0.002594290766865015,-0.15004952251911163,0.057069189846515656,-1.0,0.08670609275142786,-0.14321844098622155,1.0625599683749973,0.06426401514898046,0.1968852888933368,0.9024998346667837,0.0,0.0,0.0,0,0,2,0,2,0.0421
52,1,0.1089,0.0898831936967513,-0.10835408947254521,1.1274211474094127,0.9818057022469158,0.16476157138397504,-0.08604142949378642,-0.038833748739834154,0.03985420688150213,-0.039903632091932636,-0.14202713732958092,1.2830831038348771,-0.04592827150088216,-0.2736518239240236,0.06389444020394312,1.3678455010401103,0.30077999695644553,-0.5310347676277161,0.2416851818561554,-0.2824839949607849,-0.027264010161161423,-0.07204540073871613,0.003609510138630867,0.030377870425581932,-0.5310347676277161,0.2416851818561554,-0.2824839949607849,-0.027264010161161423,-0.07204540073871613,0.003609510138630867,1.0,0.08670609275142786,-0.14321844098622155,1.0625599683749973,0.06426401514898046,0.1968852888933368,0.9024998346667837,0.0,0.0,0.0,0,0,2,0,2,0.048
53,0,0.0,0.08648645465477828,-0.10854823680615389,1.1250311224433034,0.9809539464351269,0.1669731016538109,-0.09004480256129893,-0.0417285493295879,0.039508346197014696,-0.03858901842102042,-0.14490128943352074,1.3074475899932285,-0.04428550132042763,-0.23293814638545532,0.06519802264480044,1.3424119479847456,0.29643020728463315,-0.4917062520980835,0.15341661870479584,-0.31071746349334717,-0.01726929098367691,-0.08780466765165329,-0.0012085586786270142,0.0019520026398822665,-0.4917062520980835,0.15341661870479584,-0.31071746349334717,-0.01726929098367691,-0.08780466765165329,-0.0012085586786270142,1.0,0.08631933820648106,-0.14401364841587797,1.06254824493357,0.06426401514898046,0.1968852888933368,0.9024998346667837,0.0,0.0,0.0,0,0,2,0,2,0.048
54,0,0.0,0.08342821189472051,-0.10760495195651323,1.1251271470792565,0.9806202849004577,0.1673647243748228,-0.09211550340388446,-0.0434469781380963,0.037434442573942336,-0.03596888970308577,-0.14628774366429503,1.3309234187378591,-0.042168523273969416,-0.1884893113908576,0.0656090141396689,1.3164983581518541,0.2973515389113868,-0.44364458322525024,0.06232102960348129,-0.34149080514907837,-0.0016420511528849602,-0.09794555604457855,-0.01499846950173378,0.09350258857011795,-0.44364458322525024,0.06232102960348129,-0.34149080514907837,-0.0016420511528849602,-0.09794555604457855,-0.01499846950173378,1.0,0.08537099406296768,-0.14596362395163798,1.062559551841396,0.06426401514898046,0.1968852888933368,0.9024998346667837,0.0,0.0,0.0,0,0,2,0,2,0.0482
55,0,0.0,0.08074447422462802,-0.10671381128437679,1.1254149869051668,0.9805237757029964,0.16751748352255835,-0.09238376661129125,-0.04445511963901012,0.03407317303078999,-0.03223843591742787,-0.14764437431209138,1.3553408593353629,-0.03973759739606794,-0.14206112737115548,0.06565794442909306,1.2935853016245578,0.29886440772421896,-0.39893001317977905,0.02329915016889572,-0.33152398467063904,0.0001610713079571724,-0.12195846438407898,-0.03443123400211334,-0.057325273752212524,-0.39893001317977905,0.02329915016889572,-0.33152398467063904,0.0001610713079571724,-0.12195846438407898,-0.03443123400211334,1.0,0.08409400805944237,-0.1485893522685403,1.0625599535671935,0.06426401514898046,0.1968852888933368,0.9024998346667837,0.0,0.0,15.181589305192901,1,0,2,0,2,0.0453
56,1,0.108,0.07830040446126085,-0.10620918707877752,1.1257444312400267,0.9806260043017415,0.16754462347909496,-0.09083473266264681,-0.0452823384174654,0.029991299406417635,-0.028857019506594243,-0.14962477483453449,1.3808448118889387,-0.03680520235113159,-0.09384891993063808,0.06594443259383678,1.273514130048815,0.30018807803406555,-0.42584824562072754,0.025911971926689148,-0.5250131487846375,-0.004222869873046875,-0.09905056655406952,-0.021310051903128624,0.006924551911652088,-0.42584824562072754,0.025911971926689148,-0.5250131487846375,-0.004222869873046875,-0.09905056655406952,-0.021310051903128624,1.0,0.08279623483163308,-0.1512578229545808,1.0625599678514328,0.06426401514898046,0.1968852888933368,0.9024998346667837,0.0,0.0,15.19815244250164,1,0,2,1,2,0.0473
57,0,0.0,0.07601464582050595,-0.10601825860668762,1.1257627991824524,0.9805467321836834,0.16783153452438132,-0.09017134174091458,-0.047220876227930246,0.025500712439867675,-0.02584705549944293,-0.1519334614783414,1.3973783700034177,-0.03316270776426161,-0.06287340747355243,0.06676948097387692,1.258647667494856,0.2998943514509484,-0.45030462741851807,-0.012166693806648254,-0.5017385482788086,-0.005959784612059593,-0.10877865552902222,-0.03389044478535652,0.00682433508336544,-0.45030462741851807,-0.012166693806648254,-0.5017385482788086,-0.005959784612059593,-0.10877865552902222,-0.03389044478535652,1.0,0.0814968506742872,-0.15392960590717603,1.0625599684171665,0.06426401514898046,0.1968852888933368,0.9024998346667837,0.0,0.0,49.2813280359246,1,0,2,1,2,0.0464
58,0,0.0,0.0745269527384035,-0.10639473935958565,1.1258710925295394,0.9799335301451118,0.16871651231387313,-0.09318968601939422,-0.05080056485500847,0.020790573583834564,-0.024031532560186173,-0.1541137275934925,1.3937806420124714,-0.0292685684783403,-0.06843658030609233,0.06728820716797344,1.2524866339130578,0.29685229526719886,-0.4620203375816345,-0.017212718725204468,-0.44997769594192505,-0.008918264880776405,-0.1185506284236908,-0.04058863967657089,0.006773927714675665,-0.4620203375816345,-0.017212718725204468,-0.44997769594192505,-0.008918264880776405,-0.1185506284236908,-0.04058863967657089,1.0,0.08050840996670769,-0.1559620296548501,1.0625599683742444,0.06426401514898046,0.1968852888933368,0.9024998346667837,0.0,0.0,17.45736501881316,1,0,2,1,2,0.0476
59,0,0.0,0.07285383280577233,-0.1066780515221969,1.1259562263289697,0.9793465586592168,0.1695145975988853,-0.09618375810423797,-0.053794088152711195,0.015968387924509272,-0.021902018972309464,-0.15598373080068811,1.3924797323004305,-0.0256470862246056,-0.06982274255703115,0.06711186588362478,1.244885056276935,0.29430800449519695,-0.31396570801734924,0.016889013350009918,-0.23955854773521423,-0.016848234459757805,-0.09614050388336182,-0.0310160331428051,0.009496740065515041,-0.31396570801734924,0.016889013350009918,-0.23955854773521423,-0.016848234459757805,-0.09614050388336182,-0.0310160331428051,1.0,0.07942067461508225,-0.15819862225986675,1.0625599683743039,0.06426401514898046,0.1968852888933368,0.9024998346667837,0.0,0.0,14.869773321284272,1,0,2,1,2,0.0486
60,1,0.1094,0.07145259300973,-0.10691702763546782,1.1260925080563169,0.978969145491607,0.16963546944092048,-0.09851749149564476,-0.05601360149460486,0.011062804342795128,-0.017228780606562903,-0.1574932470254719,1.3920682711300227,-0.02238732139062579,-0.06966475846242691,0.06638912040319765,1.2384949869794013,0.2934655306154588,-0.43180835247039795,-0.03040875494480133,-0.7711519598960876,-0.003578471951186657,-0.11695142835378647,2.7874484658241272e-05,-0.0017039761878550053,-0.43180835247039795,-0.03040875494480133,-0.7711519598960876,-0.003578471951186657,-0.11695142835378647,2.7874484658241272e-05,1.0,0.07852031371340608,-0.16004993678223212,1.0625599684120888,0.06426401514898046,0.1968852888933368,0.9024998346667837,0.0,0.0,0.0,0,0,2,1,2,0.0464
61,0,0.0,0.07015973458689405,-0.10754807018742836,1.1230208466089628,0.9785960727059358,0.1692060553372521,-0.10183540397494274,-0.05786698384211998,0.006830295640059577,-0.010478644847568889,-0.1590911111677153,1.3957714967299695,-0.019678008912156736,-0.07070432027222193,0.06487865778046861,1.2355199410790882,0.2929458531271883,-0.44167184829711914,-0.04547750949859619,-0.7605273127555847,-0.003886595368385315,-0.13601891696453094,0.00036608055233955383,-0.00026710654492489994,-0.44167184829711914,-0.04547750949859619,-0.7605273127555847,-0.003886595368385315,-0.13601891696453094,0.00036608055233955383,1.0,0.07806496209051661,-0.16098622687693634,1.0625599684002383,0.06426401514898046,0.1968852888933368,0.9024998346667837,0.0,0.0,0.0,0,0,2,1,2,0.0465
62,0,0.0,0.06895702883644153,-0.10855721665303608,1.1172510351740503,0.9781234175348379,0.16918155601013654,-0.10524269805834058,-0.05980096722761,0.00433252693609683,-0.006274995468822582,-0.1611429519035812,1.404216789615417,-0.01716257842894302,-0.06967428372198901,0.06343291014480573,1.235152977221926,0.29102666866776483,-0.40562236309051514,-0.05097682774066925,-0.7227540016174316,-0.009129890240728855,-0.12929528951644897,-0.0008483603596687317,0.005423328373581171,-0.40562236309051514,-0.05097682774066925,-0.7227540016174316,-0.009129890240728855,-0.12929528951644897,-0.0008483603596687317,1.0,0.07784847349240262,-0.16143868104484843,1.063981789276575,0.06426401514898046,0.1968852888933368,0.9024998346667837,0.0,0.0,0.0,0,0,2,1,2,0.0495
63,0,0.0,0.06797761321174373,-0.1094351119843024,1.1111341636682943,0.9776215747218502,0.1694422486846155,-0.10818756304981521,-0.061974447963756236,0.002952397388628089,-0.006577797898710663,-0.16311538812935933,1.412621088393332,-0.014558699087458271,-0.0695115565002836,0.06261035300861327,1.2363108832389336,0.28867595950284014,-0.29651138186454773,-0.02283705770969391,-0.6193625926971436,-0.01684897020459175,-0.12449877709150314,-0.002396760508418083,0.020792881026864052,-0.29651138186454773,-0.02283705770969391,-0.6193625926971436,-0.01684897020459175,-0.12449877709150314,-0.002396760508418083,1.0,0.07685877894038058,-0.1629975406530147,1.065994808561905,0.06426401514898046,0.1968852888933368,0.9024998346667837,13.071691173621417,0.0,0.0,5,0,2,2,2,0.0518
64,1,0.1078,0.06769720791567493,-0.10981534559683849,1.1078290501584616,0.977365813005855,0.16978021901070353,-0.10914058428709507,-0.06339619595489436,0.0026600190250681385,-0.00759756197760785,-0.16429087540378598,1.4169859455487168,-0.012098484336146288,-0.0696299711291653,0.061867042028716075,1.2381825063808396,0.28715491490408174,-0.24048343300819397,0.04441242665052414,-0.17300303280353546,-0.0663689449429512,-0.10924969613552094,-0.01401306502521038,-0.020609458908438683,-0.24048343300819397,0.04441242665052414,-0.17300303280353546,-0.0663689449429512,-0.10924969613552094,-0.01401306502521038,1.0,0.07677245246040336,-0.16312594367103567,1.0658550398514468,0.06426401514898046,0.1968852888933368,0.9024998346667837,23.491683180554936,0.0,0.0,8,1,2,1,2,0.0535
65,0,0.0,0.06763519959924923,-0.11029274445427376,1.1079627613201914,0.9774304604259649,0.169560705937326,-0.10932726897901408,-0.06266107476824007,0.002640696496109168,-0.007177484716690804,-0.1644786885976277,1.4166280688078627,-0.010876798822103632,-0.06967718613074257,0.05891191057399322,1.238039585468278,0.2872029060893936,-0.09399271011352539,0.08619897812604904,-0.06671381741762161,-0.06540989130735397,-0.11571984738111496,-0.016114749014377594,-0.007472471334040165,-0.09399271011352539,0.08619897812604904,-0.06671381741762161,-0.06540989130735397,-0.11571984738111496,-0.016114749014377594,1.0,0.0766841137173245,-0.16335346053844996,1.06601164341914,0.06426401514898046,0.1968852888933368,0.9024998346667837,14.290830610953757,0.0,0.0,13,1,2,2,2,0.0547
66,0,0.0,0.06804043461871172,-0.11052101335996446,1.1088674051181941,0.9777236223651451,0.1689977950950483,-0.10883157587037542,-0.06043137939647654,0.0027465512355322103,-0.00698653487032381,-0.16355696590287078,1.4153666032421364,-0.01040246158822433,-0.0697224022600914,0.05474150393226663,1.2394314544868212,0.2886163125139143,-0.05760405957698822,0.07459358870983124,0.13945265114307404,-0.07237722724676132,-0.10348451137542725,-0.02384539134800434,-0.0025583356618881226,-0.05760405957698822,0.07459358870983124,0.13945265114307404,-0.07237722724676132,-0.10348451137542725,-0.02384539134800434,1.0,0.07762796023895586,-0.16264470371868686,1.0654112194253667,0.06426401514898046,0.1968852888933368,0.9024998346667837,8.521869887126009,0.0,0.0,9,1,2,2,2,0.0528
67,0,0.0,0.06888925852745326,-0.11032311773759026,1.1107889195220149,0.9782260115243219,0.16802368247839086,-0.10744240605928876,-0.057428580722564945,0.0028126482237095744,-0.0061290280491457585,-0.16179763746325954,1.4127254140073302,-0.010251758016164604,-0.06972599919286418,0.050241321628590956,1.2415669058463787,0.29164225591789966,-0.019734621047973633,0.10471729934215546,0.5822367072105408,-0.09652560204267502,-0.06637244671583176,-0.03709951788187027,0.02433442883193493,-0.019734621047973633,0.10471729934215546,0.5822367072105408,-0.09652560204267502,-0.06637244671583176,-0.03709951788187027,1.0,0.07968303127816594,-0.1608276166487334,1.0642441699997287,0.06426401514898046,0.1968852888933368,0.9024998346667837,6.158791661975757,0.0,0.0,5,1,2,2,2,0.0502
68,1,0.1073,0.0696169078596092,-0.11000455097269485,1.1155891769188226,0.9789223095595418,0.16630054322412186,-0.10590641949695508,-0.05328293797556982,0.0027974051479406925,-0.004862674105605458,-0.1593301405915117,1.405893721463177,-0.0107097503958402,-0.06970470024231418,0.04449675040048212,1.2405050011100316,0.29664052811742464,-0.020072683691978455,0.01854690909385681,0.13073725998401642,-0.08162830024957657,-0.059287648648023605,-0.014633908867835999,-0.017835699021816254,-0.020072683691978455,0.01854690909385681,0.13073725998401642,-0.08162830024957657,-0.059287648648023605,-0.014633908867835999,1.0,0.08130579359155271,-0.15652368272248635,1.0633056491466237,0.06426401514898046,0.1968852888933368,0.9024998346667837,2.530966462181409,0.0,0.0,5,1,2,2,2,0.051
69,0,0.0,0.0701725972850126,-0.10969817062603507,1.1204422620586072,0.9795668413798906,0.16449602225242568,-0.10506228781060621,-0.04849512977767784,0.0027383029196402153,-0.003938663138708147,-0.15642677206850517,1.3986561000279862,-0.011696389424329436,-0.0709503837877331,0.037640733875138666,1.2392313618921522,0.30163749936528067,0.029419973492622375,-0.0008460730314254761,0.3519294857978821,-0.10655321180820465,-0.03647511452436447,-0.017681587487459183,-0.008165273815393448,0.029419973492622375,-0.0008460730314254761,0.3519294857978821,-0.10655321180820465,-0.03647511452436447,-0.017681587487459183,1.0,0.08279135478184065,-0.1535993419853633,1.0649929996879253,0.06426401514898046,0.1968852888933368,0.9024998346667837,3.871350282449839,0.0,0.0,8,1,2,2,2,0.0485
70,0,0.0,0.07079964803455016,-0.10983277211369252,1.1244966515370798,0.9801679694133989,0.16294828247265314,-0.10433311338146442,-0.04281600667222177,0.002700411597918361,-0.0034001760096690455,-0.15346670947145785,1.3924619837095291,-0.013379543197314134,-0.07199259270457377,0.029430555237929593,1.2392085798285677,0.3056465211217664,0.03391905874013901,0.00503888726234436,0.6510607600212097,-0.10926082730293274,-0.00957927480340004,-0.025610674172639847,8.298905595438555e-05,0.03391905874013901,0.00503888726234436,0.6510607600212097,-0.10926082730293274,-0.00957927480340004,-0.025610674172639847,1.0,0.08442834105625119,-0.15220305678302418,1.0675347213563826,0.06426401514898046,0.1968852888933368,0.9024998346667837,3.8657271388191106,0.0,0.0,7,1,2,2,2,0.0457
71,0,0.0,0.0711128631060197,-0.11005356457427466,1.130661266217468,0.9808202808186125,0.16116647515197752,-0.10344273127459302,-0.0362842302996213,0.0027523278268800286,-0.0032790416684781365,-0.15022499093769626,1.384322023028261,-0.015584572302416206,-0.07098993366847264,0.020276370202702773,1.235894570082561,0.310080746966282,-0.04154720902442932,0.0255475714802742,0.9385133385658264,-0.09176485985517502,-0.013452896848320961,-0.032842256128787994,0.028669601306319237,-0.04154720902442932,0.0255475714802742,0.9385133385658264,-0.09176485985517502,-0.013452896848320961,-0.032842256128787994,1.0,0.0843614088159653,-0.15305020291076205,1.0740188174708831,0.06426401514898046,0.1968852888933368,0.9024998346667837,1.99435892712269,0.0,0.0,4,1,2,2,2,0.0454
72,1,0.1077,0.07070483312580748,-0.1099286857334869,1.139796143173213,0.9814544163300918,0.15895531275083136,-0.10282609739729692,-0.030120274043980894,0.0024294547079903514,-0.0025465627130358,-0.14686564297794846,1.372225969018667,-0.01764008430823228,-0.06932272038582618,0.011653081715559467,1.2270518824085113,0.3154956982504668,-0.270365446805954,0.049043312668800354,0.05324479937553406,-0.044789236038923264,-0.10817501693964005,-0.026458732783794403,-0.01385318860411644,-0.270365446805954,0.049043312668800354,0.05324479937553406,-0.044789236038923264,-0.10817501693964005,-0.026458732783794403,1.0,0.07669316886138966,-0.14332478628243012,1.0731709700697825,0.06426401514898046,0.1968852888933368,0.9024998346667837,1.429719653435725,0.0,0.0,4,1,2,2,2,0.0508
73,0,0.0,0.0698665432826294,-0.10920297179091544,1.1469484951080677,0.9818320179618036,0.15667870838079306,-0.1037195220074954,-0.026456220435180363,0.0023636459697281005,-0.0024054685517840815,-0.14399106159780556,1.3611735888003687,-0.01848994602472234,-0.07145938918876092,0.005863214075423736,1.218400329815019,0.3212242484913306,-0.16974064707756042,0.07990987598896027,0.07170061767101288,-0.03667132183909416,-0.11715243756771088,-0.03027348965406418,0.01845688931643963,-0.16974064707756042,0.07990987598896027,0.07170061767101288,-0.03667132183909416,-0.11715243756771088,-0.03027348965406418,1.0,0.07403501313088202,-0.14018748484696403,1.0788502600500756,0.06426401514898046,0.1968852888933368,0.9024998346667837,6.159047967722556,0.0,0.0,10,1,2,2,2,0.0534
74,0,0.0,0.06969532951796943,-0.10827329972317686,1.1508802112788192,0.9822124433439714,0.15455539784641079,-0.10378122574745978,-0.024511269227789092,0.0023980167558970192,-0.0024231276771748463,-0.14186898696213365,1.3545512466988059,-0.018328838127639205,-0.07356364560513516,0.0027591282813324413,1.215023762656921,0.3268795092292121,-0.12997624278068542,0.08635343611240387,0.33509165048599243,-0.04313075542449951,-0.08402636647224426,-0.031493060290813446,0.014249132946133614,-0.12997624278068542,0.08635343611240387,0.33509165048599243,-0.04313075542449951,-0.08402636647224426,-0.031493060290813446,1.0,0.07280720021262646,-0.13701397913030347,1.0816917978403473,0.06426401514898046,0.1968852888933368,0.9024998346667837,6.138119603687349,0.0,0.0,7,1,2,2,2,0.0542
75,0,0.0,0.06972629600878619,-0.10737885273317797,1.1552512204993763,0.9827078860200034,0.1524227142743294,-0.10267154029522446,-0.02260711703749932,0.0024505512870967817,-0.002448942188538715,-0.13998995435735348,1.3486902681466677,-0.018168952914396536,-0.07296558896932243,0.0002981219602347355,1.2118119952665618,0.33252303676636974,0.013019919395446777,0.15138743817806244,0.8226535320281982,-0.0687306672334671,-0.03702722117304802,-0.022704724222421646,0.024054881185293198,0.013019919395446777,0.15138743817806244,0.8226535320281982,-0.0687306672334671,-0.03702722117304802,-0.022704724222421646,1.0,0.07222832111399657,-0.1341527243382881,1.0851759136500523,0.06426401514898046,0.1968852888933368,0.9024998346667837,8.410035941255758,0.0,0.0,10,1,2,2,2,0.0571
76,1,0.1067,0.06965671852975196,-0.10628160735668692,1.162788565790025,0.9833014527846747,0.15067491244471742,-0.10017074543952216,-0.019522947252243378,0.002574733983988774,-0.002512043463064861,-0.13735144386307965,1.3401388300117998,-0.018575817180880708,-0.0690428310716345,-0.0032107560850392802,1.2059870827842682,0.33763109523162044,0.21135284006595612,0.40524595975875854,0.8891981244087219,-0.062246229499578476,-0.016331329941749573,0.004660626873373985,0.016460873186588287,0.21135284006595612,0.40524595975875854,0.8891981244087219,-0.062246229499578476,-0.016331329941749573,0.004660626873373985,1.0,0.07146205963833716,-0.129895901205408,1.0914365974498605,0.06426401514898046,0.1968852888933368,0.9024998346667837,5.294810651508239,0.0,0.0,10,2,2,2,2,0.0488
77,0,0.0,0.07030566321693604,-0.10335360145158648,1.1722062379509135,0.9837656830486391,0.15054152290225983,-0.09634634396783384,-0.01611560554689341,0.0026155757411705652,-0.0025227332759013483,-0.13207474396764574,1.32678394656396,-0.018751172296453997,-0.06962372046436287,-0.006561092694969414,1.2026083820019209,0.342009725528763,0.28954780101776123,0.46378207206726074,0.9324527382850647,-0.06714347004890442,-0.022428300231695175,-0.001773850992321968,-0.0032493050675839186,0.28954780101776123,0.46378207206726074,0.9324527382850647,-0.06714347004890442,-0.022428300231695175,-0.001773850992321968,1.0,0.07237598842087628,-0.12749821561843216,1.1010448448969896,0.06426401514898046,0.1968852888933368,0.9024998346667837,4.313447187234829,0.0,0.0,10,2,2,2,2,0.0444
78,0,0.0,0.07178799003250302,-0.09854782689757394,1.1826975963837856,0.9842603715564588,0.15121506075242663,-0.09066946992161631,-0.012023876634165123,0.0026061666449331542,-0.0025044506110806176,-0.1241707923768641,1.3117316019244898,-0.018891008731627454,-0.07107723108012715,-0.01008834697353193,1.2021970181270758,0.3475325814715815,0.3532812297344208,0.49039405584335327,0.921792209148407,-0.05731899291276932,-0.02152637206017971,-0.01121616456657648,0.006669914349913597,0.3532812297344208,0.49039405584335327,0.921792209148407,-0.05731899291276932,-0.02152637206017971,-0.01121616456657648,1.0,0.07501610562358992,-0.12389063670487747,1.1120134531889112,0.06426401514898046,0.1968852888933368,0.9024998346667837,4.193609424891353,0.0,0.0,10,2,2,2,2,0.042
79,0,0.0,0.0737786762094309,-0.09272755403166189,1.1932298297599304,0.9848611143154556,0.1514006539718505,-0.08408976954737758,-0.007438961196517314,0.0025936558941476347,-0.0024855087704169845,-0.1147600732072015,1.2958179428766576,-0.01910207467231752,-0.07446233906397484,-0.013824719334564336,1.2046959119244323,0.35549784247134214,0.38202977180480957,0.513899028301239,0.8608692288398743,-0.02700715884566307,-0.025115683674812317,-0.02828715369105339,0.012590561993420124,0.38202977180480957,0.513899028301239,0.8608692288398743,-0.02700715884566307,-0.025115683674812317,-0.02828715369105339,1.0,0.0782431525496146,-0.11922330330180883,1.1230511296986216,0.06426401514898046,0.1968852888933368,0.9024998346667837,4.220673382367602,0.0,0.0,10,2,2,2,2,0.0424
80,1,0.1059,0.07617418774536924,-0.08609602962148062,1.2031363584193073,0.9855784595093819,0.15068290360282224,-0.07692542266361799,-0.0034988656674713667,0.002581441570418317,-0.002467653562995626,-0.10475020754206399,1.2794276052863365,-0.018855500095744184,-0.08069020308234567,-0.01628478537480608,1.2101606923504558,0.3664495663381831,0.02221742272377014,0.5444514751434326,0.895902693271637,-0.005176506005227566,-0.033515021204948425,-0.07347328215837479,0.0008870063466019928,0.02221742272377014,0.5444514751434326,0.895902693271637,-0.005176506005227566,-0.033515021204948425,-0.07347328215837479,1.0,0.08186687367306017,-0.11361273073057244,1.1334523509346282,0.06426401514898046,0.1968852888933368,0.9024998346667837,4.266940080063775,0.0,0.0,10,2,2,2,2,0.0437
81,0,0.0,0.07714690246640722,-0.0789091082395932,1.2131559620507975,0.9863613266920521,0.1479131769344795,-0.0721846358946135,-0.0015503664744059183,0.002571444906443788,-0.002449621551127998,-0.09508158976514623,1.261583244450632,-0.017919207660123553,-0.08817363355147928,-0.016729217545127448,1.209237866086001,0.38195987980096224,0.05616993457078934,0.6210027933120728,0.8357600569725037,-0.008661027997732162,-0.07631301134824753,-0.08765652775764465,0.009021402336657047,0.05616993457078934,0.6210027933120728,0.8357600569725037,-0.008661027997732162,-0.07631301134824753,-0.08765652775764465,1.0,0.08355901386735927,-0.10722324351917846,1.143865085663595,0.06426401514898046,0.1968852888933368,0.9024998346667837,4.321669504331648,0.0,0.0,10,2,2,2,2,0.0446
82,0,0.0,0.07742961636757895,-0.07123463528793467,1.2240598796239202,0.9873458265256493,0.14344537444381322,-0.06761003983396296,-0.0007251942535249772,0.0025619000169125805,-0.0024337777127696057,-0.08550914166492908,1.2427797622119838,-0.01631585239392029,-0.09496235333021331,-0.01567895979055562,1.2061989467588368,0.40133182439076803,0.05613049864768982,0.6597856283187866,0.7817349433898926,-0.011622942052781582,-0.09618308395147324,-0.08248914778232574,0.009139837697148323,0.05613049864768982,0.6597856283187866,0.7817349433898926,-0.011622942052781582,-0.09618308395147324,-0.08248914778232574,1.0,0.08437514877812786,-0.10021257960618597,1.155107030717136,0.06426401514898046,0.1968852888933368,0.9024998346667837,4.360751238458268,0.0,0.0,10,2,2,2,2,0.0444
83,0,0.0,0.07800584033073976,-0.0630450280617947,1.2348289191384627,0.9884094916865901,0.13858233934077235,-0.061980734421076586,-2.2963419295182752e-05,0.002553023986969498,-0.0024188642903931338,-0.07540833793623124,1.2243866938950578,-0.014485891101034267,-0.10171748562091122,-0.01427725159290995,1.2054753834226624,0.4222431671074748,0.02903997153043747,0.6650688052177429,0.7231380343437195,0.002592671662569046,-0.0959458127617836,-0.06905929744243622,0.018117209896445274,0.02903997153043747,0.6650688052177429,0.7231380343437195,0.002592671662569046,-0.0959458127617836,-0.06905929744243622,1.0,0.08558682529110043,-0.09263939310211608,1.1662160132397628,0.06426401514898046,0.1968852888933368,0.9024998346667837,4.388653715088247,0.0,0.0,10,2,2,2,2,0.0433
84,1,0.107,0.07851621402622933,-0.05444033639444586,1.2450176416552803,0.989368593879379,0.13405025978279056,-0.05639302847375521,0.00037368016306394206,0.0025449562614325693,-0.002404416387613468,-0.06487949000801807,1.2067127841484335,-0.012500746761142966,-0.10870554140585663,-0.012695893147982322,1.2054716975844257,0.4430444885145299,0.09100104868412018,0.6903485655784607,0.5800127983093262,-0.003417808096855879,-0.08442733436822891,-0.10194089263677597,-0.0005767529946751893,0.09100104868412018,0.6903485655784607,0.5800127983093262,-0.003417808096855879,-0.08442733436822891,-0.10194089263677597,1.0,0.0867184501069964,-0.0845838357314836,1.1767248040439005,0.06426401514898046,0.1968852888933368,0.9024998346667837,4.412999857424618,0.0,0.0,10,2,2,2,2,0.0459
85,0,0.0,0.07917686776024258,-0.045664630707527167,1.253945746417282,0.9903392472589466,0.12895725888805012,-0.05096972160216745,0.0005368411863109837,0.0025367381652580483,-0.002391435374243947,-0.054175296657692766,1.1904332765235295,-0.010452449847539251,-0.11666326208501165,-0.011024507928310221,1.2075041803223865,0.4654356621240261,0.06453871726989746,0.7248668670654297,0.512311577796936,5.115615203976631e-05,-0.08839309960603714,-0.08516376465559006,0.003701387671753764,0.06453871726989746,0.7248668670654297,0.512311577796936,5.115615203976631e-05,-0.08839309960603714,-0.08516376465559006,1.0,0.08791565361427756,-0.07632104827281048,1.1859568703023597,0.06426401514898046,0.1968852888933368,0.9024998346667837,4.436710175348438,0.0,0.0,10,2,2,2,2,0.0427
86,0,0.0,0.08002669299740535,-0.03654325932123706,1.2615569644927767,0.9912774188626318,0.1235751647818994,-0.04580375737363162,0.0005227930962868783,0.0025300842891577396,-0.0023783884153675498,-0.043004685346671206,1.1755155222799363,-0.008342789557109213,-0.12558706207948833,-0.009390148330588304,1.2113394091278802,0.4887921052857188,0.007008194923400879,0.7489541172981262,0.3566700220108032,-3.690645098686218e-05,-0.05980944633483887,-0.07159511744976044,0.00467006815597415,0.007008194923400879,0.7489541172981262,0.3566700220108032,-3.690645098686218e-05,-0.05980944633483887,-0.07159511744976044,1.0,0.08922533128376749,-0.06767908058361481,1.1938537117586505,0.06426401514898046,0.1968852888933368,0.9024998346667837,4.4738506810607035,0.0,0.0,9,2,2,2,2,0.0402
87,0,0.0,0.08049416750686787,-0.027031200250114646,1.2677073705185429,0.9920112827203907,0.11885018204524128,-0.04228701127470868,0.00024054253019793227,0.0025248462800544587,-0.0023658671847751824,-0.031255811182575234,1.1619558533266785,-0.00624377600774763,-0.1355169965907874,-0.008095570539384003,1.2141342147568783,0.5112852740598144,-0.041469380259513855,0.7711207866668701,0.21606598794460297,0.00022505410015583038,-0.03735104948282242,-0.06350623071193695,0.008039540611207485,-0.041469380259513855,0.7711207866668701,0.21606598794460297,0.00022505410015583038,-0.03735104948282242,-0.06350623071193695,1.0,0.08995425867387652,-0.05862187020596173,1.2002571338252426,0.06426401514898046,0.1968852888933368,0.9024998346667837,4.514846574384675,0.0,0.0,7,2,2,2,2,0.0378
88,1,0.1083,0.08047031153876044,-0.017206679741568694,1.2721479863275116,0.9925535893085515,0.11474184591520498,-0.04088554533007326,-0.0002309323374917148,0.0025209482553283894,-0.002354152550395051,-0.018988514485630503,1.1499652582685589,-0.004168070966478903,-0.14648276788671138,-0.007220741124722873,1.2153948378465036,0.5329411315763566,0.0038426071405410767,0.7263286113739014,0.2853206396102905,-0.000992966815829277,-0.05652952939271927,-0.0785248875617981,0.005784180015325546,0.0038426071405410767,0.7263286113739014,0.2853206396102905,-0.000992966815829277,-0.05652952939271927,-0.0785248875617981,1.0,0.08993151647349829,-0.049246708747926256,1.2049159064886372,0.06426401514898046,0.1968852888933368,0.9024998346667837,4.535301111711283,0.0,0.0,7,2,2,2,2,0.0402
89,0,0.0,0.08062475969093467,-0.007467701661555501,1.2762308510215719,0.9931236618333581,0.11037402434528426,-0.0390236349552498,-0.0003506727911337937,0.002516196626637344,-0.0023447343371200526,-0.006666031066193514,1.138759957775658,-0.002246587946511305,-0.15700210875079587,-0.006878539151119756,1.218350351520745,0.555092920707026,0.00990244746208191,0.7269275784492493,0.19547881186008453,0.0004906072281301022,-0.035304341465234756,-0.07189808785915375,0.004241695627570152,0.00990244746208191,0.7269275784492493,0.19547881186008453,0.0004906072281301022,-0.035304341465234756,-0.07189808785915375,1.0,0.09011458430734517,-0.039959755210558695,1.2092264073778392,0.06426401514898046,0.1968852888933368,0.9024998346667837,4.5589408321681,0.0,0.0,7,2,2,2,2,0.0406
90,0,0.0,0.08083811240615335,0.002146306956854871,1.2797962935470624,0.9936960225229544,0.105788312340515,-0.03710653068122893,-0.0003913757884512186,0.002512915311092069,-0.002336185045287629,0.0055559119929962045,1.1283827511987972,-0.0003669974524362322,-0.16757969258312436,-0.006730038120083967,1.2221536184840187,0.5774551105295677,-0.04148353636264801,0.751104474067688,0.1346314400434494,2.198200672864914e-05,-0.01190713420510292,-0.05837173014879227,0.009856021963059902,-0.04148353636264801,0.751104474067688,0.1346314400434494,2.198200672864914e-05,-0.01190713420510292,-0.05837173014879227,1.0,0.09034372354594301,-0.03080222635391127,1.213022104680008,0.06426401514898046,0.1968852888933368,0.9024998346667837,4.669776561341086,0.0,0.0,9,2,2,2,2,0.0401
91,0,0.0,0.08065511901232086,0.011899692605633378,1.2823169214205372,0.9941374505149418,0.10174654958037088,-0.03657817292976098,-0.0006374929489440118,0.002512657246241717,-0.002329273093507881,0.01793409812758131,1.1189218327128203,0.0016342439801942691,-0.17877332694802117,-0.006659222830344626,1.2246687970734464,0.5988816638525236,0.005693212151527405,0.7746044993400574,0.09922213852405548,-0.0006279973313212395,0.0039781732484698296,-0.053961243480443954,0.002975313225761056,0.005693212151527405,0.7746044993400574,0.09922213852405548,-0.0006279973313212395,0.0039781732484698296,-0.053961243480443954,1.0,0.09000330998887203,-0.021389512606092842,1.215693365864151,0.06426401514898046,0.1968852888933368,0.9024998346667837,4.737412261129342,0.0,0.0,9,2,2,2,2,0.0389
92,1,0.1046,0.08037226650207227,0.021890809688876987,1.284077499430909,0.9944874230180687,0.09826707631499226,-0.03657118592708994,-0.0009463251396866958,0.002513626918430814,-0.0023234745475539777,0.030589648793141196,1.1102607705277736,0.0037930168268914596,-0.19040295450982628,-0.006712377756986814,1.2275437039745467,0.6195503366903252,0.0914912074804306,0.7781182527542114,0.06759749352931976,0.0016716350801289082,0.01599031314253807,-0.049882158637046814,0.007891830056905746,0.0914912074804306,0.7781182527542114,0.06759749352931976,0.0016716350801289082,0.01599031314253807,-0.049882158637046814,1.0,0.08951572905345241,-0.011686934273511425,1.217573752657188,0.06426401514898046,0.1968852888933368,0.9024998346667837,4.766618183883081,0.0,0.0,9,2,2,2,2,0.0401
93,0,0.0,0.08052281734305829,0.03207043769721457,1.2850367145830341,0.9948174769275759,0.09507436670953179,-0.036021097548546224,-0.0012381137387686078,0.0025148105421310195,-0.0023184678585456116,0.04340441182287222,1.102518105583347,0.006111698453623814,-0.20281807569449914,-0.006870856210243699,1.233302489567315,0.6399030903217768,0.11443541198968887,0.808417558670044,0.021330341696739197,0.0019100974313914776,0.010540931485593319,-0.0452306903898716,0.00811733864247799,0.11443541198968887,0.808417558670044,0.021330341696739197,0.0019100974313914776,0.010540931485593319,-0.0452306903898716,1.0,0.08954353435383984,-0.0017558396152173514,1.2186451881243998,0.06426401514898046,0.1968852888933368,0.9024998346667837,4.781466365716451,0.0,0.0,9,2,2,2,2,0.0414
94,0,0.0,0.08110527068793466,0.04248586730642925,1.2851931663401528,0.9951293439872845,0.09216957205549453,-0.03492531793441793,-0.0016065147749044825,0.0025168840118318042,-0.0023135823621071618,0.05637148447673061,1.0955698545223347,0.008667711780789282,-0.216204699754721,-0.0070669947431640096,1.2419261822525975,0.659963753650619,0.11735120415687561,0.7634027004241943,-0.01170782744884491,0.002170446328818798,0.009437971748411655,-0.04403918609023094,0.004224452655762434,0.11735120415687561,0.7634027004241943,-0.01170782744884491,0.002170446328818798,0.009437971748411655,-0.04403918609023094,1.0,0.0900867903224937,0.008466566141529087,1.21889685725289,0.06426401514898046,0.1968852888933368,0.9024998346667837,4.808886412727305,0.0,0.0,10,2,2,2,2,0.0395
95,0,0.0,0.0818650324082587,0.05284104206823846,1.284731456110995,0.9954301954281546,0.08933799587376628,-0.03367481718140564,-0.0018588197660402758,0.0025115167522597897,-0.0023033962534552825,0.06922454561822126,1.0891459381096715,0.01123754013853105,-0.23037469225388735,-0.007612696248540865,1.2521859399699138,0.6797329267098468,0.14294315874576569,0.8097678422927856,-0.03411504626274109,0.001850753091275692,0.003979427739977837,-0.042861729860305786,-0.0060885087586939335,0.14294315874576569,0.8097678422927856,-0.03411504626274109,0.001850753091275692,0.003979427739977837,-0.042861729860305786,1.0,0.09097946871527629,0.018676574324956206,1.2185211487989476,0.06426401514898046,0.1968852888933368,0.9024998346667837,4.20492428283843,0.0,0.0,9,2,2,2,2,0.0396
96,1,0.1104,0.08281986542714193,0.06325699684806757,1.283850748838205,0.995722697672228,0.08663991228343276,-0.03201657491101356,-0.002184918951873985,0.0025043260737756087,-0.0022898282574765577,0.08201265145809165,1.0831252188166678,0.014015024789773085,-0.2451116493848354,-0.008236781826973247,1.2643108191853343,0.6992619272895263,0.2484969198703766,0.7473153471946716,0.12258501350879669,0.008644181303679943,0.004846670664846897,-0.03615061566233635,-0.0010180746903643012,0.2484969198703766,0.7473153471946716,0.12258501350879669,0.008644181303679943,0.004846670664846897,-0.03615061566233635,1.0,0.0920168847478157,0.02896907916194512,1.2177137124089612,0.06426401514898046,0.1968852888933368,0.9024998346667837,4.547953313351495,0.0,0.0,10,2,2,2,2,0.0399
97,0,0.0,0.0842876174483643,0.07358336351531179,1.283405266661327,0.9960483649241714,0.08405137276688796,-0.028575561493137152,-0.002541407727537843,0.002501486795669711,-0.0022834388272773105,0.09448889083425849,1.0768550139573858,0.01690745165839345,-0.2597144002518911,-0.009103893297938159,1.279787634799047,0.718292272704702,0.2747799754142761,0.7789908051490784,-0.04398559778928757,0.014227687381207943,0.00227167084813118,-0.03020097315311432,0.010992300696671009,0.2747799754142761,0.7789908051490784,-0.04398559778928757,0.014227687381207943,0.00227167084813118,-0.03020097315311432,1.0,0.09376703986298252,0.039226283833101866,1.2173435464727689,0.06426401514898046,0.1968852888933368,0.9024998346667837,4.6993265632396355,0.0,0.0,10,2,2,2,2,0.0392
98,0,0.0,0.08613887099062412,0.08384970505994088,1.2824263389015558,0.9963424591239408,0.08180294838959357,-0.024481387941030632,-0.00326242641419162,0.002501752966992266,-0.0022789261755499783,0.10651933891629821,1.0710398640615162,0.0201224109262422,-0.2754848009193175,-0.009754986234932875,1.298040907655126,0.736414145736946,0.2565699815750122,0.7858204245567322,-0.18008306622505188,0.01515390258282423,-0.0003601051867008209,-0.02655603364109993,0.0027565998025238514,0.2565699815750122,0.7858204245567322,-0.18008306622505188,0.01515390258282423,-0.0003601051867008209,-0.02655603364109993,1.0,0.0960004402468959,0.04946256369251837,1.2164362116822272,0.06426401514898046,0.1968852888933368,0.9024998346667837,4.754698215154508,0.0,0.0,10,2,2,2,2,0.0439
99,0,0.0,0.08818142430254931,0.09422864899399357,1.2798452348171179,0.9965720807153575,0.07991379124198877,-0.020959878115853228,-0.00430783209537341,0.002503131225621004,-0.0022755492462540722,0.11829723209980075,1.0664388148598396,0.02370809226255976,-0.29319425008841626,-0.010317449177161783,1.3183370663360863,0.7538169892498116,0.3157820701599121,0.7800317406654358,-0.3133704662322998,0.013425986282527447,-0.0026240507140755653,-0.026474956423044205,0.0014019346563145518,0.3157820701599121,0.7800317406654358,-0.3133704662322998,0.013425986282527447,-0.0026240507140755653,-0.026474956423044205,1.0,0.09836844037195067,0.05987623178271323,1.213886607562357,0.06426401514898046,0.1968852888933368,0.9024998346667837,4.797242143327983,0.0,0.0,12,2,2,2,2,0.039
100,1,0.1072,0.09064782954466341,0.10457355283891524,1.2756531999358327,0.9967744518851591,0.07814949074363281,-0.017449454510827824,-0.00537268115793955,0.002504646633738749,-0.0022733820653494797,0.12977636833091868,1.0632956317196314,0.02747409179989146,-0.3126408146557055,-0.011256601768286197,1.3419418782982206,0.770722605909537,0.2421053946018219,0.7801350355148315,-0.11532460898160934,-0.0016824123449623585,0.01861785352230072,-0.03171992301940918,-0.008036544546484947,0.2421053946018219,0.7801350355148315,-0.11532460898160934,-0.0016824123449623585,0.01861785352230072,-0.03171992301940918,1.0,0.10116273917295031,0.07028048869903625,1.2097157878199323,0.06426401514898046,0.1968852888933368,0.9024998346667837,4.814122816127292,0.0,0.0,12,2,2,2,2,0.0398
101,0,0.0,0.09285459430208294,0.11472966915426865,1.2713889454940515,0.9969658609947464,0.07630128290487403,-0.014113560603296778,-0.006163898536692809,0.0025062236652883866,-0.0022714139337924144,0.141063126085715,1.0598336033901858,0.03131651823352078,-0.33238565347456606,-0.013023372131109918,1.3651187927292732,0.7875419071318532,0.2743285298347473,0.719186544418335,-0.23847118020057678,-0.0019576530903577805,0.013645685277879238,-0.04312876611948013,-0.004747147671878338,0.2743285298347473,0.719186544418335,-0.23847118020057678,-0.0019576530903577805,0.013645685277879238,-0.04312876611948013,1.0,0.1036717426217746,0.08049136451923247,1.205471886409714,0.06426401514898046,0.1968852888933368,0.9024998346667837,4.820663369827894,0.0,0.0,12,2,2,2,2,0.0389
102,0,0.0,0.09478524031451376,0.12446487832420734,1.2672677707928466,0.9971838425568722,0.0739166602085291,-0.01088003900223479,-0.006506630344235147,0.0025067674550804746,-0.0022708763425416433,0.15196271556530966,1.0560885870060581,0.03506936429548577,-0.35236608980335876,-0.015776896810094285,1.3880391003514936,0.8049591765748978,0.321640282869339,0.6524264812469482,-0.38086408376693726,-0.0008626575581729412,0.0015716450288891792,-0.06631110608577728,-0.007459305692464113,0.321640282869339,0.6524264812469482,-0.38086408376693726,-0.0008626575581729412,0.0015716450288891792,-0.06631110608577728,1.0,0.10585358042609977,0.09020455250506877,1.2014048481495239,0.06426401514898046,0.1968852888933368,0.9024998346667837,4.8269804242145105,0.0,0.0,12,2,2,2,2,0.0389
103,0,0.0,0.09718373665989247,0.1335467719655373,1.261891083799234,0.997470783194662,0.07039536858553908,-0.007309797625627331,-0.006564724929875403,0.002506024964194605,-0.0022717674017260206,0.1619816117764646,1.0536128292190796,0.03859673955541808,-0.37354368892008566,-0.019155880451040018,1.4140676899762856,0.8237210995732125,0.3529607057571411,0.5811920762062073,-0.5100864768028259,0.007063123397529125,0.0021511903032660484,-0.0807451382279396,0.003874569432809949,0.3529607057571411,0.5811920762062073,-0.5100864768028259,0.007063123397529125,0.0021511903032660484,-0.0807451382279396,1.0,0.10846989944562928,0.09920695132571641,1.1961082494433908,0.06426401514898046,0.1968852888933368,0.9024998346667837,4.82607703583449,0.0,0.0,12,2,2,2,2,0.0387
104,1,0.1071,0.1000710924632392,0.14192528728430734,1.254857769811075,0.9978119520143613,0.06567710888726841,-0.0036232697700689636,-0.006685633976800274,0.0025044680004460804,-0.002273429104672051,0.1708220523281176,1.052779951044321,0.042009531785950356,-0.39611620320699886,-0.022525815779709458,1.44332092575493,0.8437678262120796,0.44275206327438354,0.5021750330924988,-0.6688944697380066,0.003162049688398838,-0.0031120609492063522,-0.13607953488826752,-0.008343684487044811,0.44275206327438354,0.5021750330924988,-0.6688944697380066,0.003162049688398838,-0.0031120609492063522,-0.13607953488826752,1.0,0.11150576457302273,0.1074905711660888,1.1891521797248945,0.06426401514898046,0.1968852888933368,0.9024998346667837,4.825326136025762,0.0,0.0,12,2,2,2,2,0.0398
105,0,0.0,0.10369761951366789,0.14929378432339865,1.245941946806956,0.9982434485295183,0.05884526960608344,0.0005612667750811247,-0.006851035869706965,0.0025010439075144023,-0.002276897721904986,0.17814198983078056,1.0539807910628691,0.045027006015632906,-0.4201347625192953,-0.02589122790557497,1.477101778827255,0.866627616206518,0.3569100499153137,0.4026579260826111,-0.7757697105407715,0.0036598611623048782,0.0017552878707647324,-0.10596520453691483,-0.0040298704989254475,0.3569100499153137,0.4026579260826111,-0.7757697105407715,0.0036598611623048782,0.0017552878707647324,-0.10596520453691483,1.0,0.11519435490898507,0.11473258652419017,1.180317014356495,0.06426401514898046,0.1968852888933368,0.9024998346667837,4.823332982799454,0.0,0.0,12,2,2,2,2,0.0387
106,0,0.0,0.10733473046757384,0.15563777688367128,1.235260455530436,0.9986503488189449,0.05133258047292866,0.003942925696147406,-0.006848381030846593,0.00249739919493263,-0.002280519929925625,0.18410239505752454,1.0565712396839395,0.04791648392496897,-0.445601434597088,-0.02951148068656427,1.5118510082122198,0.8893178055197037,0.21943339705467224,0.30570244789123535,-0.8519405126571655,0.009895501658320427,-0.005354582332074642,-0.0810563713312149,-0.0008299205219373107,0.21943339705467224,0.30570244789123535,-0.8519405126571655,0.009895501658320427,-0.005354582332074642,-0.0810563713312149,1.0,0.1187433458451529,0.12091497481042436,1.1697088351838243,0.06426401514898046,0.1968852888933368,0.9024998346667837,4.826323252499136,0.0,0.0,12,2,2,2,2,0.0394
107,0,0.0,0.11018066598102541,0.16099260032078735,1.2238015141065262,0.9989485441213302,0.04502192142801237,0.005549566079771182,-0.006635895201858864,0.0024933874189881433,-0.0022846034980931814,0.1885898080305518,1.0590513923571938,0.051652466648458024,-0.4721685237938269,-0.03385914093381229,1.5439214846058285,0.9087299058282099,0.11893971264362335,0.19484882056713104,-0.9133773446083069,0.02141726016998291,-0.003673064988106489,-0.039840009063482285,-0.012785880826413631,0.11893971264362335,0.19484882056713104,-0.9133773446083069,0.02141726016998291,-0.003673064988106489,-0.039840009063482285,1.0,0.12135307031570816,0.1261087006726536,1.1582978552368717,0.06426401514898046,0.1968852888933368,0.9024998346667837,4.8276431659283165,0.0,0.0,12,2,2,2,2,0.0386
108,1,0.105,0.11213721985888288,0.165330145989798,1.212104433852834,0.9991429890209549,0.040523684628964274,0.005466316499240094,-0.006421670989175786,0.0024889515782551283,-0.002289295884768368,0.19195784836772284,1.0601539779139726,0.054402257258643894,-0.5008417976897149,-0.03675227063452776,1.5733626336817015,0.9232118881003963,0.3471636176109314,0.30693674087524414,-0.7842612862586975,0.004928546957671642,0.03038093075156212,-0.19833633303642273,-0.0019355660770088434,0.3471636176109314,0.30693674087524414,-0.7842612862586975,0.004928546957671642,0.03038093075156212,-0.19833633303642273,1.0,0.12297817967763942,0.13032057569190117,1.1466154648270752,0.06426401514898046,0.1968852888933368,0.9024998346667837,4.831511527084937,0.0,0.0,12,2,2,2,2,0.0394
109,0,0.0,0.1145862403429002,0.16887769563740354,1.2004856216578887,0.9994051634959044,0.033063716465410176,0.006813951212378374,-0.007048396987518257,0.0024850844833820126,-0.002293579300914712,0.19422935356255489,1.0619006201459034,0.055966370040767724,-0.5287406743170825,-0.03754739780358809,1.6061937827281296,0.9427038580779324,0.38923031091690063,0.27919626235961914,-0.8190639019012451,0.002181624062359333,0.014832922257483006,-0.16449013352394104,-0.007231867406517267,0.38923031091690063,0.27919626235961914,-0.8190639019012451,0.002181624062359333,0.014832922257483006,-0.16449013352394104,1.0,0.1250618450884837,0.13379547454878946,1.134979002572956,0.06426401514898046,0.1968852888933368,0.9024998346667837,4.81667820275489,0.0,0.0,12,2,2,2,2,0.0384
110,0,0.0,0.1177022100313988,0.1722585324323897,1.188412497086499,0.9996535029968179,0.02289099463360983,0.010052230478185558,-0.008235834704948467,0.0024820917243740656,-0.0022967363055562805,0.19617946446991633,1.0650232574905099,0.05713833234393807,-0.5561132678353503,-0.037919857091939964,1.6436997746211552,0.9665047025318156,0.3974040746688843,0.2177658975124359,-0.8227385878562927,0.006529469974339008,0.0010684942826628685,-0.14207768440246582,-0.012776141054928303,0.3974040746688843,0.2177658975124359,-0.8227385878562927,0.006529469974339008,0.0010684942826628685,-0.14207768440246582,1.0,0.1278646639791468,0.13713053680865192,1.1228831275689006,0.06426401514898046,0.1968852888933368,0.9024998346667837,4.816580800738176,0.0,0.0,12,2,2,2,2,0.0393
111,0,0.0,0.12100813901293629,0.17531828198167332,1.1759314621671348,0.9997632460685982,0.013510169342091094,0.014267072866291225,-0.00934760753102482,0.0024786637225372057,-0.002300316868355909,0.19785927736144557,1.0691531402331005,0.05815631514250194,-0.5829749523006228,-0.0389485820154221,1.683549958817468,0.9883532147012083,0.32293078303337097,0.18997663259506226,-0.8282410502433777,0.01261614914983511,0.0011039339005947113,-0.1145358458161354,-0.0019034520955756307,0.32293078303337097,0.18997663259506226,-0.8282410502433777,0.01261614914983511,0.0011039339005947113,-0.1145358458161354,1.0,0.13104202103208384,0.14016565723452717,1.1103968656260037,0.06426401514898046,0.1968852888933368,0.9024998346667837,4.816363706720847,0.0,0.0,12,2,2,2,2,0.039
112,1,0.1058,0.12392572650650505,0.17803224613106208,1.1633391632466672,0.9997632116011952,0.005426414046056871,0.018264489959468378,-0.010511097277825034,0.0024757083557368203,-0.002303384984126683,0.19913495656962346,1.073605433259246,0.05931365116785439,-0.609302677655434,-0.0400675383959602,1.7226528452498762,1.0072722326096921,0.04363778233528137,0.1557704508304596,-0.8977850675582886,0.0018178108148276806,-0.006594438571482897,-0.06788647174835205,0.013172953389585018,0.04363778233528137,0.1557704508304596,-0.8977850675582886,0.0018178108148276806,-0.006594438571482897,-0.06788647174835205,1.0,0.13389802633903075,0.1428875193900197,1.0977913071147947,0.06426401514898046,0.1968852888933368,0.9024998346667837,4.816638932697997,0.0,0.0,12,2,2,2,2,0.0397
113,0,0.0,0.12531724893538493,0.18039366712298066,1.1508476036393078,0.9997460833261276,-0.0005170057710984222,0.019650195287889402,-0.01101686907641708,0.0024725932813251176,-0.002306402176618473,0.2002709169372941,1.0769872458167908,0.060816956014019055,-0.6358292090290323,-0.04170589022670388,1.7552317923349596,1.02203215202871,0.01577901840209961,0.17230430245399475,-0.9081411957740784,-0.0015054615214467049,-0.007352759130299091,-0.05573977157473564,-0.020268689841032028,0.01577901840209961,0.17230430245399475,-0.9081411957740784,-0.0015054615214467049,-0.007352759130299091,-0.05573977157473564,1.0,0.13504655238291924,0.14521863267922913,1.0852801307184121,0.06426401514898046,0.1968852888933368,0.9024998346667837,4.820449017734274,0.0,0.0,12,2,2,2,2,0.0397
114,0,0.0,0.12571655570348877,0.1826351097282047,1.1388160854714162,0.9997330329010894,-0.004676864994412777,0.019789160853382354,-0.010971735183257076,0.0024704497877905537,-0.0023087427270913428,0.20145825479313365,1.0794210347982125,0.06265403378896171,-0.662262688388505,-0.04411357610890108,1.784335820678612,1.0337948620403694,0.0068577975034713745,0.15150019526481628,-0.8243807554244995,-0.001931165810674429,-0.006991920527070761,-0.04759351909160614,-0.006369282957166433,0.0068577975034713745,0.15150019526481628,-0.8243807554244995,-0.001931165810674429,-0.006991920527070761,-0.04759351909160614,1.0,0.13515905498336006,0.14738336695608079,1.0732477771628677,0.06426401514898046,0.1968852888933368,0.9024998346667837,4.821473803113309,0.0,0.0,12,2,2,2,2,0.0385
115,0,0.0,0.12581885984575977,0.18479112792161465,1.1273897084931328,0.9997062514107684,-0.008043073946358614,0.020144744620327948,-0.010812451891382299,0.002468088421973517,-0.0023112758797109506,0.20257375647103684,1.0813230661402358,0.06464391331339861,-0.6881288016709057,-0.04701027716272483,1.812702243573119,1.0442176780376826,0.01763172447681427,0.18551598489284515,-0.7792670130729675,-0.0023512174375355244,-0.007092317100614309,-0.042998649179935455,-0.0015909415669739246,0.01763172447681427,0.18551598489284515,-0.7792670130729675,-0.0023512174375355244,-0.007092317100614309,-0.042998649179935455,1.0,0.13506036201336616,0.14946832570003984,1.0618304754027066,0.06426401514898046,0.1968852888933368,0.9024998346667837,4.818785424621434,0.0,0.0,12,2,2,2,2,0.039
116,1,0.1076,0.12577942985760387,0.18699971646147928,1.1166248571568895,0.9996612974663988,-0.010925763279107936,0.02099969236704583,-0.01081346221400338,0.0024664312319487894,-0.002313037511607079,0.20365253092877408,1.0828856357129497,0.06686621490616337,-0.7132308887987594,-0.05008449963060833,1.841014364934759,1.053901572941251,-0.05335409939289093,0.055849358439445496,-0.8609187006950378,0.0013338970020413399,-0.06593570113182068,-0.04653727263212204,-0.0031211560126394033,-0.05335409939289093,0.055849358439445496,-0.8609187006950378,0.0013338970020413399,-0.06593570113182068,-0.04653727263212204,1.0,0.1349187512382037,0.15162778304289296,1.0510766385301686,0.06426401514898046,0.1968852888933368,0.9024998346667837,4.816877533719161,0.0,0.0,12,2,1,2,2,0.0399
117,0,0.0,0.1258449528382437,0.18863743914091577,1.1062100213421056,0.9995946253046893,-0.013795569558148424,0.022621187994513226,-0.010418693596602843,0.002462539151880194,-0.0023169216675167077,0.2043983393041469,1.0843294136186843,0.06852758264648676,-0.7379820109225536,-0.05401325024149543,1.8701311797933375,1.063378242726111,-0.04201371967792511,0.045554548501968384,-0.8299221992492676,-0.00043979333713650703,-0.06912387162446976,-0.054871659725904465,-0.02244151569902897,-0.04201371967792511,0.045554548501968384,-0.8299221992492676,-0.00043979333713650703,-0.06912387162446976,-0.054871659725904465,1.0,0.13498221618418896,0.1531772615994078,1.040709427898088,0.06426401514898046,0.1968852888933368,0.9024998346667837,4.816715874989259,0.0,0.0,12,2,1,2,2,0.0384
118,0,0.0,0.12602355295096557,0.18961868220322073,1.0960367150288228,0.9994975967117752,-0.01693517168053804,0.024949372735639484,-0.009761297435965603,0.00245965587183897,-0.0023198186559386068,0.2047179493316535,1.0855520669875593,0.06961591857600109,-0.762830450477099,-0.058383899203621754,1.9003356262125355,1.0730519393420672,-0.036901816725730896,0.03205972909927368,-0.7930149435997009,-0.001887618564069271,-0.06877923011779785,-0.06216851621866226,-0.005853376816958189,-0.036901816725730896,0.03205972909927368,-0.7930149435997009,-0.001887618564069271,-0.06877923011779785,-0.06216851621866226,1.0,0.13522906593665057,0.15402198690946528,1.0306189346848904,0.06426401514898046,0.1968852888933368,0.9024998346667837,4.815267089970143,0.0,0.0,12,2,1,2,1,0.0377
119,0,0.0,0.12616376070666116,0.19029597692432768,1.0861183910535201,0.9993639913403112,-0.02046553287869285,0.02772790733133896,-0.009161764643169621,0.0024570902198594365,-0.002322369841035022,0.20478754784650488,1.08650564309964,0.07042917176925659,-0.7877736730071018,-0.06280177710163776,1.931222247314329,1.0833783116391311,-0.06827360391616821,0.0386786013841629,-0.7626910209655762,-0.003169967792928219,-0.06163334473967552,-0.06266748160123825,0.0008189409272745252,-0.06827360391616821,0.0386786013841629,-0.7626910209655762,-0.003169967792928219,-0.06163334473967552,-0.06266748160123825,1.0,0.13546693041365984,0.15456262105636281,1.0207875939838713,0.06426401514898046,0.1968852888933368,0.9024998346667837,4.8145761724152685,0.0,0.0,12,2,1,2,1,0.0383
120,1,0.1051,0.12599379499570634,0.19085859669507543,1.0764527654490998,0.9992074017099075,-0.02420314219401215,0.030410169325983692,-0.008602201906271022,0.0024549914066703477,-0.0023244106692319705,0.2047852460559678,1.0869645476945478,0.07116524273464292,-0.8129802077723374,-0.0671803120253665,1.961626417798821,1.0942079156399998,-0.09000299870967865,-0.05262446403503418,-0.7364479899406433,0.008608226664364338,-0.0747218206524849,-0.04279717803001404,0.004973508883267641,-0.09000299870967865,-0.05262446403503418,-0.7364479899406433,0.008608226664364338,-0.0747218206524849,-0.04279717803001404,1.0,0.13536682728836075,0.15498919455775656,1.0112046843640434,0.06426401514898046,0.1968852888933368,0.9024998346667837,4.815004970091409,0.0,0.0,12,2,1,2,1,0.0417
121,0,0.0,0.12559693827469676,0.19113705378500623,1.0672698060718717,0.9990402023889218,-0.02754222368065562,0.0330918843329822,-0.008063939280426978,0.0024522403217177627,-0.0023272106810032314,0.2045089959651842,1.0866638803949873,0.07171243109498487,-0.8383810113811719,-0.07145260367723917,1.991488397887561,1.103998576675679,-0.15679273009300232,-0.037807315587997437,-0.7360808849334717,0.004221689887344837,-0.08458183705806732,-0.05439822003245354,-0.00835536140948534,-0.15679273009300232,-0.037807315587997437,-0.7360808849334717,0.004221689887344837,-0.08458183705806732,-0.05439822003245354,1.0,0.1350661500084709,0.1551460637360869,1.0021008059625198,0.06426401514898046,0.1968852888933368,0.9024998346667837,4.816890669650796,0.0,0.0,12,2,1,2,1,0.039
122,0,0.0,0.12493736268165287,0.19101994127516767,1.0585538501977312,0.9988654906252536,-0.030671972475272702,0.03564162743180021,-0.0075256984034381275,0.0024498163783667586,-0.0023296341568760357,0.20390582127008153,1.0853830678462029,0.07199497987051441,-0.8643938511364867,-0.07549975819513785,2.02067639754175,1.1131542302257853,-0.19166046380996704,0.03335852175951004,-0.6923818588256836,-0.003792278002947569,-0.08428718149662018,-0.04575160890817642,-0.005785849876701832,-0.19166046380996704,0.03335852175951004,-0.6923818588256836,-0.003792278002947569,-0.08428718149662018,-0.04575160890817642,1.0,0.13450147251847525,0.1549075537454801,0.9934640107981897,0.06426401514898046,0.1968852888933368,0.9024998346667837,4.814651512965937,0.0,0.0,12,2,1,2,1,0.0385
123,0,0.0,0.12387821311465622,0.19110343439255872,1.0502977130819493,0.9986837742646539,-0.033609583375099394,0.038107042461930994,-0.006997731108132784,0.002448799736395094,-0.0023306312314024663,0.20352958392087614,1.0830102017533836,0.072471159458245,-0.8912781954250739,-0.07983370746458146,2.0494694754353855,1.1225315486086742,-0.22710323333740234,0.11804252117872238,-0.6622248291969299,-0.002983513055369258,-0.07988420128822327,-0.03729324787855148,-0.016253812238574028,-0.22710323333740234,0.11804252117872238,-0.6622248291969299,-0.002983513055369258,-0.07988420128822327,-0.03729324787855148,1.0,0.13353746538428848,0.1548676416958023,0.9852876778882245,0.06426401514898046,0.1968852888933368,0.9024998346667837,4.814812497522164,0.0,0.0,12,2,1,2,1,0.0386
124,1,0.1096,0.12232417038193485,0.19195460511848125,1.042450611527531,0.9985075077860911,-0.035971529292106896,0.04055478599673133,-0.006641935557882598,0.002448676169492754,-0.0023307085460602985,0.20374939089758012,1.07966040638111,0.07364720096010562,-0.9190762221340559,-0.08467790160008655,2.078188082909379,1.132129283662081,-0.16135510802268982,0.012874774634838104,-0.6596894264221191,0.015754539519548416,-0.04221576452255249,-0.022385593503713608,-0.012883187271654606,-0.16135510802268982,0.012874774634838104,-0.6596894264221191,0.015754539519548416,-0.04221576452255249,-0.022385593503713608,1.0,0.13211841503583494,0.15562084309026858,0.9775117305061333,0.06426401514898046,0.1968852888933368,0.9024998346667837,4.814951045013783,0.0,0.0,12,2,1,2,1,0.0408
125,0,0.0,0.12036949966690697,0.19304154420505457,1.0344392562509697,0.9983426667226314,-0.0378630200517332,0.042829681219477944,-0.0066279650228145,0.002446599650837439,-0.002332775776876816,0.20392932416751103,1.0762787135174081,0.07510385413629697,-0.9475673881403883,-0.08914740861975749,2.1073848382540823,1.140960595956821,-0.1890224814414978,0.05823855102062225,-0.6305144429206848,0.007848614826798439,-0.04149550944566727,-0.0272559504956007,-0.0008778557530604303,-0.1890224814414978,0.05823855102062225,-0.6305144429206848,0.007848614826798439,-0.04149550944566727,-0.0272559504956007,1.0,0.1303131433387193,0.15666616232456346,0.969543237110315,0.06426401514898046,0.1968852888933368,0.9024998346667837,4.817136333570644,0.0,0.0,12,2,1,2,1,0.0393
126,0,0.0,0.11816050718768135,0.1939061342156899,1.026274715194928,0.9981833780883973,-0.039542784465067204,0.044921782613332455,-0.006953082167243076,0.002444744843755365,-0.00233464862018032,0.20378520728413949,1.0730621367320528,0.07646107964829674,-0.9762069973110562,-0.09287962063998129,2.13675330552488,1.1488666658542888,-0.1864130198955536,0.08811540901660919,-0.5985618829727173,0.0006007906049489975,-0.04408925399184227,-0.034026820212602615,0.00011976336827501655,-0.1864130198955536,0.08811540901660919,-0.5985618829727173,0.0006007906049489975,-0.04408925399184227,-0.034026820212602615,1.0,0.12824899388399816,0.15754081751485072,0.9613919544626502,0.06426401514898046,0.1968852888933368,0.9024998346667837,4.815518023366929,0.0,0.0,12,2,1,2,1,0.0405
127,0,0.0,0.11582819839318746,0.1947503572613964,1.0183644407194097,0.9979984111245549,-0.04136101224202393,0.047275109122691054,-0.007314514106582532,0.0024432501673464866,-0.0023361251212649045,0.20373040582922677,1.0697853128746915,0.07765870480242669,-1.0045995177556952,-0.09683461945200009,2.1663560012745724,1.1573392610087418,-0.2026251256465912,0.0739164724946022,-0.5789169073104858,-0.000347974244505167,-0.018990611657500267,-0.03424481675028801,-0.01040421798825264,-0.2026251256465912,0.0739164724946022,-0.5789169073104858,-0.000347974244505167,-0.018990611657500267,-0.03424481675028801,1.0,0.12608458020129737,0.15839627697532863,0.9534980117563235,0.06426401514898046,0.1968852888933368,0.9024998346667837,4.814512391120452,0.0,0.0,12,2,1,2,1,0.0395
128,1,0.1057,0.11309449438519524,0.19557355308211108,1.0104871591429023,0.9978168461044703,-0.04336080070250775,0.0492383451366999,-0.007547712286759368,0.002441611847958062,-0.0023376416307377217,0.20378000437653862,1.0664891694791703,0.0787959840868637,-1.0329040113365602,-0.10096303236101249,2.194908690426494,1.166471303633839,-0.27783289551734924,-0.016580775380134583,-0.5634220242500305,-0.0011033550836145878,-0.01574251800775528,7.722713053226471e-05,-0.019812967628240585,-0.27783289551734924,-0.016580775380134583,-0.5634220242500305,-0.0011033550836145878,-0.01574251800775528,7.722713053226471e-05,1.0,0.12345649670747177,0.15921302398261508,0.9456374258220224,0.06426401514898046,0.1968852888933368,0.9024998346667837,4.815430550149473,0.0,0.0,12,2,1,2,1,0.04
129,0,0.0,0.10971957667427286,0.19607866414494474,1.0028143248122803,0.9977222601344087,-0.04454025820402485,0.05012926100049593,-0.007315341615341545,0.0024392924310257277,-0.0023399066855389556,0.20370116235662827,1.062399250239735,0.07979093294982656,-1.0615861295265745,-0.1052410083559887,2.220685900580987,1.1738628627696346,-0.3233107328414917,-0.009150102734565735,-0.4722832441329956,0.0004518539644777775,-0.009999487549066544,-0.005364017561078072,-0.010154475457966328,-0.3233107328414917,-0.009150102734565735,-0.4722832441329956,0.0004518539644777775,-0.009999487549066544,-0.005364017561078072,1.0,0.12010559646721185,0.15967795701723242,0.9379876740732546,0.06426401514898046,0.1968852888933368,0.9024998346667837,4.8191422338939205,0.0,0.0,12,2,1,2,1,0.0393
130,0,0.0,0.10585271454399059,0.196287597499796,0.9960416682312806,0.9977061541518993,-0.04493070749524669,0.050166917901346746,-0.006851411510182263,0.0024377117844615794,-0.0023415402149675624,0.2033869987767387,1.0564994194833068,0.08075267857093178,-1.0908110406994094,-0.10917249318537481,2.243487880195488,1.1794754590219378,-0.315330445766449,0.06019234657287598,-0.3883087635040283,-0.0010199053213000298,-0.0006840992718935013,-0.01316418219357729,-0.020094498991966248,-0.315330445766449,0.06019234657287598,-0.3883087635040283,-0.0010199053213000298,-0.0006840992718935013,-0.01316418219357729,1.0,0.11620808487950274,0.1598324352987263,0.9312370329670603,0.06426401514898046,0.1968852888933368,0.9024998346667837,4.817359970699808,0.0,0.0,12,2,1,2,1,0.0391
131,0,0.0,0.10176246850530311,0.1966905389672885,0.9903629457362693,0.9976944674842301,-0.04541541541469102,0.04998401319886131,-0.0066923851207488436,0.002437215135984968,-0.002342081821429612,0.20308910202423566,1.0491027762665448,0.08201606135229199,-1.120018273226054,-0.11251016428203807,2.264589824722999,1.185196019184266,-0.317165344953537,0.029602833092212677,-0.35151222348213196,-0.001160949468612671,-0.0005537169054150581,-0.02335968054831028,-0.005510760936886072,-0.317165344953537,0.029602833092212677,-0.35151222348213196,-0.001160949468612671,-0.0005537169054150581,-0.02335968054831028,1.0,0.11205204433738011,0.16021169226015325,0.9255572095978343,0.06426401514898046,0.1968852888933368,0.9024998346667837,4.81469458423795,0.0,0.0,12,2,1,2,1,0.0498
132,1,0.106,0.0976072499159669,0.1971006210240604,0.9854410278736255,0.9976565310851583,-0.046397593646551216,0.04984960094116159,-0.006612607121518822,0.0024265402588779256,-0.002337826185101216,0.20284295034379426,1.0408979652329158,0.08318162336661364,-1.1488856080436542,-0.115704152644673,2.2846682484457075,1.191915642468034,-0.3823648691177368,0.03294672071933746,-0.5117990374565125,0.0017936909571290016,-0.030018828809261322,-0.008931898511946201,-0.011903665028512478,-0.3823648691177368,0.03294672071933746,-0.5117990374565125,0.0017936909571290016,-0.030018828809261322,-0.008931898511946201,1.0,0.10827109840754758,0.159135653026013,0.9216388864892682,0.06578160028430255,0.19694347732752418,0.9056486992151485,4.348470383481107,0.0,0.0,12,2,1,2,1,0.053
133,0,0.0,0.09337138918459788,0.1974867569792833,0.9802186380689264,0.9976029964943841,-0.047278476498503585,0.05010080572676704,-0.006551054184986575,0.002409196989884356,-0.002324245331946986,0.20271193644504776,1.0334185638841993,0.0841714848591144,-1.177805060711294,-0.11927070329063491,2.3063099949412353,1.1987146574078467,-0.36696696281433105,0.020288117229938507,-0.4206364154815674,0.002671472728252411,-0.008189822547137737,-0.015087241306900978,-0.01520691066980362,-0.36696696281433105,0.020288117229938507,-0.4206364154815674,0.002671472728252411,-0.008189822547137737,-0.015087241306900978,1.0,0.10412802500188759,0.15766572386405794,0.9176701730451184,0.0683128920788372,0.19725335242285397,0.9092787486961817,4.988071620374648,0.0,0.0,11,2,1,2,1,0.0527
134,0,0.0,0.08883477090409493,0.19786896674983034,0.974675684492284,0.9975563433457014,-0.04799405431179188,0.050354401853757946,-0.0065074430783920514,0.002405120768028325,-0.0023414826051350998,0.20264459665344503,1.0261661364781562,0.08509683834755229,-1.2072181577987162,-0.12294932356494677,2.328607321358226,1.2055025332245277,-0.3104891777038574,0.04356898367404938,-0.32822924852371216,0.0004116375930607319,0.011429755948483944,-0.013207729905843735,-0.016651881858706474,-0.3104891777038574,0.04356898367404938,-0.32822924852371216,0.0004116375930607319,0.011429755948483944,-0.013207729905843735,1.0,0.10001084101140406,0.15594092502613902,0.9137220152168835,0.07231976041684791,0.19457986834320867,0.916272515068603,10.349465339985525,0.0,0.0,9,2,1,2,1,0.0515
135,0,0.0,0.0844714558185614,0.19879363637275868,0.9703520841771617,0.9974835481477381,-0.048728175039233546,0.051014689833329574,-0.007045392334922029,0.002199699832268311,-0.0034465016711346243,0.20273929328015589,1.0180201445875037,0.0866162660559439,-1.2353785963782409,-0.12617670995662417,2.3499343871994633,1.2124279504490685,-0.2875065803527832,0.05529554933309555,-0.28477340936660767,-0.0016692562494426966,0.02930844947695732,-0.01095888577401638,-0.02282523736357689,-0.2875065803527832,0.05529554933309555,-0.28477340936660767,-0.0016692562494426966,0.02930844947695732,-0.01095888577401638,1.0,0.09772110781891055,0.15448975811756097,0.9126503949571309,0.0720260570950587,0.1948115491783891,0.9139022088651333,6.655293794474567,0.0,0.0,5,2,1,2,1,0.048
136,1,0.1091,0.079994677442193,0.19976194455131857,0.9663841725004974,0.9974353111382517,-0.04944342591617851,0.051200545294379424,-0.0075267449650029405,0.002137235652315473,-0.0035771799469747666,0.20286563706829133,1.0100950075470607,0.08822718840256623,-1.2621243553938648,-0.1292323367694761,2.3690349932649255,1.2192123792404308,-0.3703451156616211,0.1253289431333542,-0.2778943181037903,-0.0017774561420083046,-0.02584502287209034,0.00421200692653656,-0.002632437739521265,-0.3703451156616211,0.1253289431333542,-0.2778943181037903,-0.0017774561420083046,-0.02584502287209034,0.00421200692653656,1.0,0.09280107414104241,0.14998246799832124,0.9138921663884008,0.07389942408260579,0.19472448144825924,0.9132096722852188,3.101895089695349,0.0,0.0,5,1,0,2,1,0.0517
137,0,0.0,0.07565177533117332,0.20093793753188086,0.9629497252456337,0.9973994668386801,-0.04955967991633231,0.05172115727356264,-0.007941257254923735,0.0021455472669900696,-0.00369795232181574,0.20323824271863825,1.0020811914778016,0.08995511482502723,-1.287775713606316,-0.13297116012129276,2.387659851642328,1.2254750527897813,-0.37752658128738403,0.10588131099939346,-0.25324761867523193,0.0005522374995052814,-0.01360359974205494,0.0021351464092731476,-0.008140905760228634,-0.37752658128738403,0.10588131099939346,-0.25324761867523193,0.0005522374995052814,-0.01360359974205494,0.0021351464092731476,1.0,0.08814047231232787,0.14795405299003755,0.9141058197596146,0.07459153701982582,0.19473568373885458,0.9121799387904176,5.4092970566559835,0.0,0.0,7,1,0,2,1,0.0539
138,0,0.0,0.07124060544201924,0.20239274743124508,0.9600968715565776,0.997374299954745,-0.04920409984974666,0.05249668275641882,-0.008219528412829882,0.002243965555825135,-0.0038851341296083403,0.20392969177415254,0.9933346683660957,0.09179881596327341,-1.3134549258393469,-0.1374875641012236,2.4058166867848487,1.2318765749795242,-0.38161611557006836,0.06795161962509155,-0.2609579563140869,0.00011464674025774002,0.0007587876170873642,-0.0005653686821460724,-0.008475610986351967,-0.38161611557006836,0.06795161962509155,-0.2609579563140869,0.00011464674025774002,0.0007587876170873642,-0.0005653686821460724,1.0,0.08516791583831212,0.1474214884774331,0.9143850142357303,0.0761906785005058,0.1946862202953077,0.910555907427081,16.462129067591373,0.0,0.0,7,1,0,2,1,0.0545
139,0,0.0,0.06655444495458918,0.20376032063660962,0.9573325507727011,0.9973663172153197,-0.048956674009923484,0.05285749883564175,-0.008352135719398909,0.002306364836848973,-0.004187025235553992,0.20465996795989141,0.9843784488418275,0.0935400432516491,-1.339162797712845,-0.1419642454685205,2.4228965092353616,1.2385624292366528,-0.3478221893310547,0.04718814045190811,-0.25171101093292236,-0.0002168305218219757,0.0013913195580244064,-0.0030390359461307526,-0.008671616204082966,-0.3478221893310547,0.04718814045190811,-0.25171101093292236,-0.0002168305218219757,0.0013913195580244064,-0.0030390359461307526,1.0,0.08072370404335472,0.1466824253215599,0.9148830359357215,0.07775180641892096,0.19429015040069492,0.9094262398868818,10.915811193941046,0.0,0.0,11,1,0,2,0,0.0566
140,1,0.1068,0.06193480424299025,0.20485289603329224,0.9545638230421305,0.9973462756622735,-0.0489130762730145,0.053256213940956504,-0.008467175962282268,0.0024297143944333652,-0.00442856136214525,0.20529664000871967,0.9758965628481533,0.09493210764966313,-1.3640909097524183,-0.14626782519518,2.4398356465240356,1.24528532471097,-0.549170196056366,0.13652081787586212,-0.43716001510620117,-0.01889362931251526,-0.046064265072345734,-0.03372184932231903,0.013217583298683167,-0.549170196056366,0.13652081787586212,-0.43716001510620117,-0.01889362931251526,-0.046064265072345734,-0.03372184932231903,1.0,0.07689329761145211,0.1462935815579281,0.9150354872975817,0.07684686398039003,0.1946946891292954,0.9085644060783427,13.969048497166003,0.0,0.0,9,1,0,2,0,0.0578
141,0,0.0,0.057178751107577024,0.2057669950222668,0.9514132605121552,0.9972850607410975,-0.04952058057379366,0.053888412126125114,-0.008139948450934933,0.002610438832584119,-0.004801915003315122,0.20640664120207658,0.9680318170087467,0.09564712228440087,-1.3891922874713443,-0.1518984232272167,2.457631457337862,1.254602667039452,-0.43950676918029785,0.12822124361991882,-0.3525259792804718,0.0022111255675554276,-0.028404932469129562,-0.03351849317550659,0.025458864867687225,-0.43950676918029785,0.12822124361991882,-0.3525259792804718,0.0022111255675554276,-0.028404932469129562,-0.03351849317550659,1.0,0.07280828298173925,0.1453745445548037,0.9156917281014633,0.07663858341991854,0.19481709384710963,0.9075218579997936,15.145261839069555,0.0,0.0,9,1,0,2,0,0.0558
142,0,0.0,0.05254990785786378,0.20737880432885863,0.948434183134471,0.997125884372773,-0.05081804773474763,0.055594350075605654,-0.008170983901183693,0.0028406552200916095,-0.005345415361756022,0.20823776206129962,0.9604836086821815,0.09651243439968357,-1.4139383145656048,-0.15852808604777502,2.477660996821989,1.266931698434261,-0.39297544956207275,0.13907364010810852,-0.2963787913322449,0.0004689367488026619,-0.007083871867507696,-0.021249450743198395,-0.026668032631278038,-0.39297544956207275,0.13907364010810852,-0.2963787913322449,0.0004689367488026619,-0.007083871867507696,-0.021249450743198395,1.0,0.07018561547621191,0.1456728682350389,0.9168341252738919,0.07566204347153149,0.1939933940348926,0.9081163511029339,19.380731749159217,0.0,0.0,6,1,0,2,0,0.0553
143,0,0.0,0.048623275201407516,0.20888033298434316,0.9463461691383372,0.9969126785760091,-0.052083891739403476,0.058148618156013875,-0.008433132409124942,0.0037557116566762213,-0.0048288809363611,0.20999584146864456,0.9528574322616484,0.09700889799061328,-1.4366834903220784,-0.16519760008268505,2.497350338788736,1.278825247682023,-0.2775481045246124,0.17171576619148254,-0.23641183972358704,-0.0025085736997425556,-0.006560435984283686,-0.008524389937520027,-0.015204502269625664,-0.2775481045246124,0.17171576619148254,-0.23641183972358704,-0.0025085736997425556,-0.006560435984283686,-0.008524389937520027,1.0,0.06692384669297083,0.1457575700391369,0.9162715666136485,0.07486279118735249,0.19356592870142209,0.91029407711979,15.029726062609903,0.0,0.0,8,1,0,2,0,0.0568
144,1,0.1067,0.04584824174786425,0.21007976338852982,0.945305543796802,0.9966744193920061,-0.05261208284984259,0.0615960565189166,-0.008831550776943344,0.004694897543931623,-0.004011121925050692,0.21147673076523654,0.9459239494444778,0.0971268650958045,-1.4556717430998858,-0.17173185255367845,2.515765264948026,1.2884034658107462,-0.2209852635860443,0.12358864396810532,-0.21229001879692078,0.0005231224931776524,-0.052411600947380066,-0.06805173307657242,0.9949474334716797,-0.2209852635860443,0.12358864396810532,-0.21229001879692078,0.0005231224931776524,-0.052411600947380066,-0.06805173307657242,-1.0,0.06456987139443096,0.14581926793153777,0.9161252285733728,0.0744498512749352,0.19337949752567515,0.9115619656116767,24.0773291350315,0.0,0.0,8,1,0,2,0,0.0544
145,0,0.0,0.04454623027034353,0.21074526518393258,0.9450789193392096,0.9962734400840229,-0.05431039466111004,0.06633784007924218,-0.009428922977805086,0.005179507369247965,-0.0038547926339190975,0.21281164600425673,0.9403220408293289,0.09612080938238166,-1.470306851695667,-0.17810936531215954,2.533916077282768,1.2994577889739325,-0.21866780519485474,0.1526409387588501,-0.1401304304599762,0.00044777896255254745,-0.06268266588449478,-0.06146448478102684,0.9955572485923767,-0.21866780519485474,0.1526409387588501,-0.1401304304599762,0.00044777896255254745,-0.06268266588449478,-0.06146448478102684,-1.0,0.06348342492639379,0.14605033682740332,0.9163549017529015,0.07406875758841032,0.19354007363811884,0.912085474085712,14.152001772084382,0.0,0.0,6,1,0,2,0,0.0459
146,0,0.0,0.04383306528856599,0.21140613611052625,0.9454540660149706,0.9957491754376415,-0.057259364523195744,0.07143597278497676,-0.010091906753424387,0.006161113339715695,-0.004659994049918742,0.2144175005686439,0.9349945531287843,0.09478611496075469,-1.482803552942746,-0.18459827550232571,2.550730898730881,1.3128865353496206,-0.20129996538162231,0.16904696822166443,-0.10357119888067245,0.00016260473057627678,-0.06824982911348343,-0.06044113263487816,0.992899477481842,-0.20129996538162231,0.16904696822166443,-0.10357119888067245,0.00016260473057627678,-0.06824982911348343,-0.06044113263487816,-1.0,0.06281781791489512,0.14610078447256422,0.9168612285836583,0.07383432278718179,0.19360767958310005,0.9125764590426235,9.179299071170295,0.0,0.0,4,1,0,1,0,0.0466
147,0,0.0,0.042898843870866815,0.21252768539109793,0.9459240399306431,0.995217432232169,-0.06031341583104194,0.07609822636895147,-0.010659005370964127,0.008442399189644512,-0.007140300080501351,0.21653001744608932,0.9297247486917419,0.09371727092728949,-1.4947245573296781,-0.1916286053883736,2.566014558219577,1.3276003659783733,-0.14253991842269897,0.16453397274017334,-0.10126298666000366,0.0029535647481679916,-0.05712343007326126,-0.06420984864234924,0.9860894680023193,-0.14253991842269897,0.16453397274017334,-0.10126298666000366,0.0029535647481679916,-0.05712343007326126,-0.06420984864234924,-1.0,0.062354593526266495,0.1460077642599718,0.9175665856683972,0.073885567347156,0.19354610194567082,0.9129055437469779,4.733267821613053,0.0,0.0,3,1,0,1,0,0.0446
148,1,0.1053,0.04162663719380735,0.21400044058666626,0.9457742579971204,0.9946758737320263,-0.06364923845332682,0.08026792612143702,-0.011213415889189116,0.011700661688139748,-0.010720742984321897,0.21910058519746628,0.9256457665166979,0.09275359546574548,-1.5060576205882945,-0.1990143811753564,2.580900499399155,1.3437406708702282,0.04309284687042236,0.18057043850421906,0.13904233276844025,-0.005829397588968277,-0.0037089926190674305,-0.1298794448375702,0.994435727596283,0.04309284687042236,0.18057043850421906,0.13904233276844025,-0.005829397588968277,-0.0037089926190674305,-0.1298794448375702,-1.0,0.06185768300066431,0.14581846699876827,0.9182774496823627,0.07397656592072503,0.19340438984054875,0.913287347836767,1.9214582013862895,0.0,0.0,2,1,0,1,0,0.0438
149,0,0.0,0.040507315759381296,0.21531286699744273,0.9456596586069677,0.994012445606298,-0.0691273611522199,0.08380426125002703,-0.011726538971630472,0.015552028467043937,-0.014930699547265185,0.22187008639216096,0.9221533495717227,0.09136716701553045,-1.5154228098753872,-0.2055498789297931,2.5931038746742026,1.36353820380232,0.04829628765583038,0.18255794048309326,0.16309751570224762,-0.009086046367883682,0.003401564434170723,-0.13654781877994537,0.9897693395614624,0.04829628765583038,0.18255794048309326,0.16309751570224762,-0.009086046367883682,0.003401564434170723,-0.13654781877994537,-1.0,0.06199942959832061,0.14575924150405736,0.9188654284022565,0.07449194634263513,0.19392238486363203,0.911903493924332,0.0,0.0,0.0,0,1,0,1,0,0.041
150,0,0.0,0.039711802834466944,0.216585596153205,0.9461774600750847,0.9932362014430111,-0.07654675383567183,0.08648004948751706,-0.01198514334144914,0.019880251228514324,-0.01947871969251855,0.22490583734156905,0.9187043949600187,0.08984693379865386,-1.5219958703692738,-0.21128035908043027,2.600680981545535,1.38624180257326,0.06656767427921295,0.18726462125778198,0.18588899075984955,-0.011381822638213634,0.00849055964499712,-0.13645732402801514,0.9824883341789246,0.06656767427921295,0.18726462125778198,0.18588899075984955,-0.011381822638213634,0.00849055964499712,-0.13645732402801514,-1.0,0.0639165186913253,0.14731135703575576,0.9196479625019817,0.07576808618604763,0.1951727397379094,0.9047006808159008,0.0,0.0,0.0,0,1,0,1,0,0.0445
151,0,0.0,0.039205206781722415,0.21806175499850727,0.9471765598637887,0.992418146088961,-0.08438327755460656,0.08856724458355279,-0.011896594864378471,0.02450677693606744,-0.024219129560652572,0.22827624025815862,0.9155747163940431,0.08844727395690236,-1.5258737789762478,-0.21694554587841977,2.6044318882787647,1.4097409829180572,0.08549103885889053,0.17949499189853668,0.2016342431306839,-0.003431436140090227,0.022785834968090057,-0.13843752443790436,0.9905557632446289,0.08549103885889053,0.17949499189853668,0.2016342431306839,-0.003431436140090227,0.022785834968090057,-0.13843752443790436,-1.0,0.06515900186491952,0.14892062495095237,0.9192234005693909,0.0759622055962383,0.19536167154691386,0.902213333757647,0.0,0.0,0.0,0,1,0,1,0,0.0422
152,1,0.1058,0.03888318259312111,0.2198631343724334,0.9484696078146796,0.9915799874273271,-0.09240778236911351,0.08996239697187447,-0.011691767288050686,0.029302362438345133,-0.029067731600454148,0.23179983435005502,0.9129864285537203,0.08753351921170695,-1.52726662843999,-0.22194800010052257,2.6047607421107246,1.4331721522364504,0.1438875049352646,0.18914756178855896,0.221412792801857,-0.013863378204405308,0.022615686058998108,-0.12323255091905594,0.9888970851898193,0.1438875049352646,0.18914756178855896,0.221412792801857,-0.013863378204405308,0.022615686058998108,-0.12323255091905594,-1.0,0.06555801534463779,0.1487406718227904,0.9174311255657044,0.07595419576460535,0.19535367718318367,0.9024185941314742,0.0,0.0,0.0,0,0,0,1,0,0.0416
153,0,0.0,0.03903056585012364,0.22179681590397918,0.9500166996091478,0.9907229868643291,-0.10013579937315875,0.09116768765537064,-0.011368276478546671,0.033452707392668965,-0.03325355537203014,0.2353533787830733,0.9113823771944993,0.08678117339821557,-1.5257670013401212,-0.22667601160718864,2.6027410559026487,1.455491424696817,0.14533017575740814,0.19341926276683807,0.24916209280490875,-0.016617678105831146,0.025700703263282776,-0.12248735129833221,0.9937471747398376,0.14533017575740814,0.19341926276683807,0.24916209280490875,-0.016617678105831146,0.025700703263282776,-0.12248735129833221,-1.0,0.06597826638483918,0.14851706565451767,0.9155190602937336,0.07595197192751306,0.19535143079370548,0.9024739753917443,0.10042856469677393,0.0,0.0,1,0,0,0,0,0.0441
154,0,0.0,0.039571945694271096,0.22376225842153663,0.9518654512895458,0.9898744433220394,-0.1074517119821351,0.09213240051316884,-0.010692839925455194,0.035915691935164286,-0.03574571243392124,0.23896047662535425,0.9103943215482505,0.08611895470589818,-1.5217792761831928,-0.23138047396121592,2.5980040596607363,1.4767622864844387,0.13709457218647003,0.18387390673160553,0.25061124563217163,-0.004232448525726795,0.03482191637158394,-0.12250477820634842,0.9912540316581726,0.13709457218647003,0.18387390673160553,0.25061124563217163,-0.004232448525726795,0.03482191637158394,-0.12250477820634842,-1.0,0.0664268526283958,0.14948314797351933,0.9147997204497655,0.07595112770628332,0.1953509252192567,0.9024897261539422,0.057677811100030764,0.0,0.0,1,0,0,0,0,0.0429
155,0,0.0,0.04015610002228229,0.2259781234557869,0.9539805129509615,0.9890382256563447,-0.11474905024286808,0.09239313270991295,-0.009977609280638376,0.03730650817139785,-0.03714575397951822,0.2424798639178705,0.9096053416437356,0.08610186315496467,-1.5161557007450717,-0.23503761426270145,2.590441340265217,1.4971243690282425,0.12213900685310364,0.15492230653762817,0.26448655128479004,-0.0012802891433238983,0.052346471697092056,-0.1253572404384613,1.0009032487869263,0.12213900685310364,0.15492230653762817,0.26448655128479004,-0.0012802891433238983,0.052346471697092056,-0.1253572404384613,-1.0,0.06662145978297103,0.15018392989946258,0.9143386419343781,0.07595090647990191,0.19535098025785375,0.9024935231203318,0.03711240713696233,0.0,0.0,1,0,0,0,0,0.0415
156,1,0.1064,0.04058595806810888,0.22822200885278796,0.9562487584315672,0.9882233448486166,-0.12224338980390809,0.0915771558114752,-0.009208630676780453,0.03807866831020476,-0.03793918571637448,0.2456622925862514,0.9087213026582973,0.08669794935370655,-1.5095678989468886,-0.23697928260018516,2.5797892081104186,1.5162253270244568,0.1056063324213028,0.11158380657434464,0.253784716129303,-0.0020153492223471403,0.040495652705430984,-0.13531053066253662,0.9985745549201965,0.1056063324213028,0.11158380657434464,0.253784716129303,-0.0020153492223471403,0.040495652705430984,-0.13531053066253662,-1.0,0.06600520120396576,0.1503172348545917,0.9140255700037443,0.07595077287346101,0.19535111615737807,0.9024947726173471,0.0,0.0,0.0,0,0,0,0,0,0.0454
157,0,0.0,0.04116061582890142,0.23002074615481813,0.9588380500272459,0.9873498213459616,-0.1301241238350055,0.09022603824889594,-0.008203944549902295,0.03850266902602752,-0.03839211895249141,0.24840620625369295,0.9075803946809206,0.08717843407315433,-1.50208695170533,-0.2377963548218876,2.566944275320998,1.5344981387001946,0.11044734716415405,0.11240418255329132,0.2568535804748535,3.767991438508034e-05,0.036575548350811005,-0.13901592791080475,0.9813379049301147,0.11044734716415405,0.11240418255329132,0.2568535804748535,3.767991438508034e-05,0.036575548350811005,-0.13901592791080475,-1.0,0.06576060667647207,0.15040633652754926,0.913749591319768,0.07595062868711752,0.19535121193781552,0.9024951134390827,0.0,0.0,0.0,0,0,0,0,0,0.0422
158,0,0.0,0.04199554658909069,0.23152747822219585,0.9617051064678276,0.9863720448383799,-0.13828710804227157,0.08885514633890501,-0.007185254327325093,0.03874510676382322,-0.03864043614360981,0.25083797095974775,0.9064624548412905,0.08755309731974564,-1.4937658602416237,-0.23797089780949418,2.5532926839928063,1.5523043204002247,0.11925116181373596,0.11199973523616791,0.24297301471233368,-0.0021167276427149773,0.03627242147922516,-0.13472981750965118,0.9922374486923218,0.11925116181373596,0.11199973523616791,0.24297301471233368,-0.0021167276427149773,0.03627242147922516,-0.13472981750965118,-1.0,0.06558677571286356,0.15041253046776945,0.9132819315694714,0.07595051746193113,0.1953512922477269,0.9024951151176872,0.0,0.0,0.0,0,0,0,0,1,0.0429
159,0,0.0,0.042997808445538965,0.23295230536307282,0.9645942408269075,0.9853326852900071,-0.14636890005455644,0.08750569419774337,-0.006196602211929792,0.038879008490067334,-0.03877911609842031,0.2530569092794637,0.9058398417304956,0.08800209292835467,-1.484567036957333,-0.23794416837168228,2.5393262246199577,1.5694867417768121,0.12448376417160034,0.1051941066980362,0.24059607088565826,-9.534414857625961e-06,0.036023568361997604,-0.12716242671012878,0.9952112436294556,0.12448376417160034,0.1051941066980362,0.24059607088565826,-9.534414857625961e-06,0.036023568361997604,-0.12716242671012878,-1.0,0.0655583514362112,0.15025832331564673,0.9126889767983747,0.0759504827364741,0.19535119452874788,0.9024945927536782,0.0,0.0,0.0,0,0,0,0,1,0.041
160,1,0.1079,0.0440966610597939,0.23437006521556344,0.9674151979645048,0.9842743065150927,-0.154137748891839,0.08612903528089952,-0.0052376695552548425,0.03895311803374951,-0.038855961061782636,0.25507682533359377,0.9057809902127719,0.08864267276414663,-1.4745801865251054,-0.23778828527409315,2.525124096315282,1.585745318047296,0.1200060099363327,0.061593204736709595,0.255012571811676,-0.002042963868007064,0.00709118228405714,-0.14259806275367737,0.9883400201797485,0.1200060099363327,0.061593204736709595,0.255012571811676,-0.002042963868007064,0.00709118228405714,-0.14259806275367737,-1.0,0.06555145765115651,0.15025897133528518,0.9126887181879951,0.07595064978316898,0.19535100303477718,0.9024942136472923,0.0,0.0,0.0,0,0,1,0,1,0.0392
161,0,0.0,0.04559748076231765,0.235355755893502,0.970595944877071,0.9830674700994886,-0.16214392610434475,0.0852655811086302,-0.004180566691962078,0.039000340747099876,-0.03891071192887126,0.2568581847638916,0.90556785811073,0.08874228713397762,-1.4640495909001705,-0.23797735687545435,2.511100203050896,1.6022508894661616,0.12807045876979828,0.0635170191526413,0.2440808266401291,-0.00029025040566921234,0.02285497635602951,-0.1316690444946289,0.9865257143974304,0.12807045876979828,0.0635170191526413,0.2440808266401291,-0.00029025040566921234,0.02285497635602951,-0.1316690444946289,-1.0,0.06555815131064759,0.15026200339127316,0.9127215211123677,0.07595069230976843,0.19535095423380347,0.9024941157209576,0.0,0.0,0.0,0,0,1,0,1,0.0405
162,0,0.0,0.04711804624457797,0.23620875678820502,0.9738101039643295,0.9817819507249457,-0.17017037168323762,0.08447791814270408,-0.0031188424428081653,0.03904501762313432,-0.038955777135599653,0.25849402033439833,0.9053906036863739,0.08884475147981605,-1.4535524747607094,-0.23813399159946916,2.4971845451292087,1.6185476370088243,0.12162414193153381,0.07691085338592529,0.2020694464445114,-0.0010495064780116081,0.015146964229643345,-0.11804403364658356,1.0056873559951782,0.12162414193153381,0.07691085338592529,0.2020694464445114,-0.0010495064780116081,0.015146964229643345,-0.11804403364658356,-1.0,0.06555998531093402,0.1502617942474389,0.912727263256196,0.07595068975469547,0.19535095910326378,0.9024941023397793,0.0,0.0,0.0,0,0,1,0,1,0.0375
163,0,0.0,0.04858142629786182,0.23717859623131698,0.9767102689647019,0.9805347773959389,-0.17760718647084317,0.08368003155110156,-0.0022113232720288763,0.03908790848581894,-0.0389986538250558,0.2600308135577498,0.9059371341657368,0.08918199773670299,-1.442805429265365,-0.23822850764172396,2.483938422021301,1.633626290780383,0.11592912673950195,0.08113276958465576,0.16154758632183075,-0.0033077397383749485,0.0023935744538903236,-0.10412903875112534,0.9986444115638733,0.11592912673950195,0.08113276958465576,0.16154758632183075,-0.0033077397383749485,0.0023935744538903236,-0.10412903875112534,-1.0,0.0655599901293748,0.15026178861663603,0.9127272018206251,0.07595069086216345,0.1953509581733803,0.9024940981433148,0.0,0.0,0.0,0,0,1,0,1,0.0378
164,1,0.1092,0.05015282156236739,0.23817900361496253,0.9792496586154721,0.979336927547863,-0.18428502986748393,0.08328410798599536,-0.0014026634769608423,0.03912882830429006,-0.03903981505399483,0.26155661802293956,0.9074070364123872,0.08946283558369555,-1.4317424939172454,-0.23888432695430517,2.4721206126517465,1.6476012458734328,0.09683255851268768,0.09119752794504166,0.3132585287094116,-0.0013271034695208073,0.039380744099617004,-0.10959147661924362,1.004416823387146,0.09683255851268768,0.09119752794504166,0.3132585287094116,-0.0013271034695208073,0.039380744099617004,-0.10959147661924362,-1.0,0.06555999214126382,0.15026178948977503,0.9127271866426993,0.07595069116150928,0.1953509579239435,0.9024940970187079,0.0,0.0,0.0,0,0,1,0,1,0.0388
165,0,0.0,0.05126383875767945,0.23931324478445742,0.9821027616168749,0.9782019863351372,-0.19071237175486339,0.08215547457821873,-0.0003783998585287357,0.03916781496260815,-0.03907938688874028,0.26298708184726094,0.9076032665302673,0.09035204910032957,-1.4215518005896133,-0.238974645400304,2.458236657197198,1.6608708990093999,0.10626634955406189,0.08700375258922577,0.28823423385620117,-0.0014220660086721182,0.0461287759244442,-0.10633299499750137,0.9966816306114197,0.10626634955406189,0.08700375258922577,0.28823423385620117,-0.0014220660086721182,0.0461287759244442,-0.10633299499750137,-1.0,0.06555999343560835,0.15026179237670317,0.9127271817679691,0.07595069124276502,0.19535095785653137,0.9024940967159492,0.0,0.0,0.0,0,0,1,0,1,0.0373
166,0,0.0,0.05208868715460012,0.24054317014988183,0.9854690552236507,0.9770821600588054,-0.19713492650669234,0.08029816647907147,0.0006911628735489506,0.03920509867973991,-0.03911729358739195,0.2641621017725986,0.9068422488465021,0.09182547724505259,-1.411486131481904,-0.23813509805147054,2.4423342075062626,1.6733488041509095,0.11486445367336273,0.07719547301530838,0.22186796367168427,-0.0021345489658415318,0.04896681755781174,-0.10111754387617111,0.9967876076698303,0.11486445367336273,0.07719547301530838,0.22186796367168427,-0.0021345489658415318,0.04896681755781174,-0.10111754387617111,-1.0,0.06555999456403706,0.1502617958724418,0.9127271796065991,0.07595069126485965,0.19535095783830658,0.9024940966342498,0.0,0.0,0.0,0,0,1,0,1,0.0381
167,0,0.0,0.05296258047000221,0.24166529357067562,0.9884498151822216,0.9759740542748634,-0.20333722649365804,0.07826760382231185,0.0016732889963741344,0.03924047990144876,-0.03915387770547022,0.265085277800045,0.9071749087254143,0.09335189178455455,-1.400619663717268,-0.23687200585158577,2.4266098741605195,1.6847990513705247,0.11235035210847855,0.07103772461414337,0.15051986277103424,-0.0012526200152933598,0.04809838905930519,-0.09444417804479599,0.9983818531036377,0.11235035210847855,0.07103772461414337,0.15051986277103424,-0.0012526200152933598,0.04809838905930519,-0.09444417804479599,-1.0,0.065559995655615,0.15026179955292152,0.9127271782248191,0.07595069127088856,0.1953509578334046,0.9024940966121361,0.0,0.0,0.0,0,0,1,0,1,0.0383
168,1,0.1071,0.053899186950691354,0.2426561214286887,0.9906466011084927,0.974901814557764,-0.20919504942764727,0.07613987476032383,0.0025695794256529667,0.03927427462242184,-0.03918896089515732,0.2658111384933665,0.9092506565360969,0.09480682981662668,-1.3888619873645842,-0.2353784212797708,2.4117581177579477,1.69515413933201,0.10511334240436554,0.09494361281394958,0.10111065208911896,-0.012241672724485397,0.006013250909745693,-0.11232562363147736,0.9834083318710327,0.10511334240436554,0.09494361281394958,0.10111065208911896,-0.012241672724485397,0.006013250909745693,-0.11232562363147736,-1.0,0.06555999673969395,0.15026180328981595,0.9127271770769971,0.07595069127254865,0.1953509578321184,0.9024940966061006,0.0,0.0,0.0,0,0,1,0,1,0.0399
169,0,0.0,0.0553448989299336,0.2433180519067628,0.9924280046064589,0.9736772977498036,-0.21523124215369288,0.07494041506672589,0.003459253856590891,0.0393066023806527,-0.03922255834233718,0.26661961870670864,0.9128001459641449,0.09543809333703496,-1.3760074163693103,-0.2350261335979079,2.398956477293376,1.7064541490942735,0.10466767847537994,0.06762556731700897,0.07568885385990143,-0.006989819463342428,0.020268723368644714,-0.09455683827400208,0.9871762990951538,0.10466767847537994,0.06762556731700897,0.07568885385990143,-0.006989819463342428,0.020268723368644714,-0.09455683827400208,-1.0,0.06555999782252861,0.15026180704405867,0.9127271760009489,0.07595069127301877,0.19535095783181558,0.9024940966044065,0.0,0.0,0.0,0,0,1,0,1,0.0386
170,0,0.0,0.056787015166791265,0.24401390684713586,0.99370890935597,0.9724052252393195,-0.22117970300772305,0.07407872770150238,0.004467550426066648,0.039337647479020625,-0.03925461184510172,0.2677058338740761,0.9172514027429153,0.09585424488790896,-1.3630839714586052,-0.23544753298821844,2.3872422694624085,1.7182645517949482,0.12484952807426453,0.0324852392077446,0.04702022671699524,-0.006997954566031694,0.015102251432836056,-0.07788746058940887,0.9826883673667908,0.12484952807426453,0.0324852392077446,0.04702022671699524,-0.006997954566031694,0.015102251432836056,-0.07788746058940887,-1.0,0.06555999890527915,0.15026181080367285,0.9127271749471952,0.07595069127316406,0.19535095783178066,0.9024940966038851,0.0,0.0,0.0,0,0,1,0,1,0.0385
171,0,0.0,0.05820229096834439,0.24467225270119058,0.9945403743243226,0.9712518776642668,-0.22642374098561147,0.0732936486532734,0.005488234580131587,0.03936706218859625,-0.039285585536143364,0.2687797936184086,0.9224705487512438,0.09616131683718247,-1.3500904489101815,-0.23603283216368354,2.3764513147742803,1.7287125329457613,0.15617792308330536,-0.023880034685134888,0.0013544559478759766,-0.002682649763301015,0.010678683407604694,-0.05853317677974701,0.9754906296730042,0.15617792308330536,-0.023880034685134888,0.0013544559478759766,-0.002682649763301015,0.010678683407604694,-0.05853317677974701,-1.0,0.06555999998808881,0.15026181456496052,0.9127271739004238,0.07595069127322054,0.19535095783181905,0.9024940966036806,0.0,0.0,0.0,0,0,1,0,1,0.0382
172,1,0.1083,0.05986029123969355,0.2450360993945528,0.994897714573952,0.9702532289378158,-0.2307732355807774,0.0728815426853543,0.006377006439028117,0.039394935013606566,-0.03931550689620088,0.26958603818903387,0.9287513005224306,0.096123001936696,-1.3367732205421947,-0.2366512067064972,2.367320001362442,1.7369608980408073,0.07353805750608444,0.04492281377315521,0.22636456787586212,-0.01909247413277626,0.03870999440550804,-0.09234128892421722,0.9757707118988037,0.07353805750608444,0.04492281377315521,0.22636456787586212,-0.01909247413277626,0.03870999440550804,-0.09234128892421722,-1.0,0.06556000107094126,0.15026181832677213,0.9127271728558531,0.0759506912732526,0.19535095783187745,0.9024940966035621,0.0,0.0,0.0,0,0,1,0,1,0.0385
173,0,0.0,0.06107436176974285,0.24512112827128887,0.9960222307758969,0.969240101499071,-0.2353534612213134,0.07155359821423085,0.007902943743528911,0.039421043536775655,-0.039344717531966784,0.27025035605955944,0.9327695442066728,0.09625197534816494,-1.32447406440519,-0.23662540481622985,2.3545168432017936,1.74516406557698,0.09144628047943115,0.0262647345662117,0.19761218130588531,-0.008223790675401688,0.05230189487338066,-0.07880349457263947,0.9777714610099792,0.09144628047943115,0.0262647345662117,0.19761218130588531,-0.008223790675401688,0.05230189487338066,-0.07880349457263947,-1.0,0.06556000215381431,0.15026182208874814,0.9127271718119797,0.07595069127327798,0.19535095783194137,0.9024940966034665,0.0,0.0,0.0,0,0,1,0,1,0.0381
174,0,0.0,0.06184467229404913,0.24547012687354117,0.9981958622593916,0.968183686019259,-0.24024171249452825,0.06936876489462049,0.009604382377377752,0.039447047645038355,-0.03937166469168009,0.2709274587068117,0.9348289029553056,0.09705086124460152,-1.3126734589270117,-0.23565630814602495,2.3387310187523656,1.7534267088773312,0.10112743079662323,0.011782258749008179,0.148999884724617,-0.0071211038157343864,0.048215340822935104,-0.07327447086572647,0.9873173236846924,0.10112743079662323,0.011782258749008179,0.148999884724617,-0.0071211038157343864,0.048215340822935104,-0.07327447086572647,-1.0,0.06556000323669617,0.1502618258507754,0.9127271707683288,0.07595069127330151,0.19535095783200687,0.9024940966033772,0.0,0.0,0.0,0,0,1,0,1,0.0382
175,0,0.0,0.06266987385864356,0.2458226695816301,1.0001989667865818,0.9671840626710995,-0.24481256583770117,0.0670861743348662,0.011010982521957013,0.03947132628577656,-0.039398063625104944,0.27139900421215785,0.9375102434610814,0.0979252402170375,-1.300405291924541,-0.2340559783475259,2.3234058638278268,1.7604568487856436,0.10193805396556854,-0.002638891339302063,0.07468800246715546,-0.007111798506230116,0.03456145524978638,-0.067063108086586,0.975024938583374,0.10193805396556854,-0.002638891339302063,0.07468800246715546,-0.007111798506230116,0.03456145524978638,-0.067063108086586,-1.0,0.0655600043195817,0.15026182961281837,0.9127271697247493,0.07595069127332449,0.1953509578320728,0.9024940966032899,0.0,0.0,0.0,0,0,1,0,1,0.038
176,1,0.1084,0.06373036185457118,0.24593784573463234,1.0016279521050027,0.9662249749892067,-0.24903203097821158,0.06513454464098356,0.01224076584142088,0.03949432566288905,-0.039423566551654486,0.27170403948246014,0.9415187048418903,0.09842561754999565,-1.2875973221453,-0.23252040917927166,2.309737728610162,1.766533033100508,0.06098642945289612,0.004241272807121277,0.28393298387527466,-0.0010225549340248108,0.06952735781669617,-0.10190768539905548,0.9883608222007751,0.06098642945289612,0.004241272807121277,0.28393298387527466,-0.0010225549340248108,0.06952735781669617,-0.10190768539905548,-1.0,0.06556000540246897,0.1502618333748656,0.9127271686811935,0.07595069127334739,0.1953509578321387,0.9024940966032031,0.0,0.0,0.0,0,0,1,0,1,0.0407
177,0,0.0,0.0643846627771384,0.2459248595277402,1.00359727098027,0.9651048415741696,-0.2539968318879409,0.06221101985158478,0.013712883358752844,0.03951572614998979,-0.0394485933852398,0.271827892873553,0.9439700360292166,0.09917006634777313,-1.2753425432791543,-0.22966137086370153,2.293041862397024,1.773255388190751,0.10034160315990448,0.021445080637931824,0.28300464153289795,-0.0015737081412225962,0.06627207249403,-0.09895946085453033,0.9734219908714294,0.10034160315990448,0.021445080637931824,0.28300464153289795,-0.0015737081412225962,0.06627207249403,-0.09895946085453033,-1.0,0.06556000648535722,0.15026183713691338,0.9127271676376458,0.07595069127337029,0.19535095783220463,0.9024940966031162,0.0,0.0,0.0,0,0,1,0,1,0.0416
178,0,0.0,0.06498989012749833,0.24601560010315174,1.0066919734293167,0.9637819134201413,-0.2596877418666195,0.05885083714599171,0.014942525075828134,0.03953712800702929,-0.039471633971711814,0.27182869479083893,0.9450104144302585,0.1001825180970107,-1.2626890599659604,-0.22559379726628914,2.2743160846946844,1.7804623826198946,0.1395876705646515,0.032457634806632996,0.23415566980838776,-0.002089962363243103,0.05941145494580269,-0.09075767546892166,0.9798596501350403,0.1395876705646515,0.032457634806632996,0.23415566980838776,-0.002089962363243103,0.05941145494580269,-0.09075767546892166,-1.0,0.06556000756824622,0.15026184089896075,0.9127271665941011,0.07595069127339318,0.19535095783227055,0.9024940966030294,0.0,0.0,0.0,0,0,1,0,1,0.0388
179,0,0.0,0.06598457627193212,0.24617430227065493,1.0096977822040543,0.962446328701354,-0.2651621576273527,0.056029703266240176,0.015708815473753746,0.03955751219436075,-0.03949378277006368,0.271827143877617,0.9472027135087236,0.10102571474338712,-1.2487422875220515,-0.22153393635566218,2.2569553228687482,1.787148716141986,0.17880044877529144,0.031497590243816376,0.18539638817310333,-0.005084632430225611,0.04882274195551872,-0.08310504257678986,0.9847050905227661,0.17880044877529144,0.031497590243816376,0.18539638817310333,-0.005084632430225611,0.04882274195551872,-0.08310504257678986,-1.0,0.06556000865113584,0.15026184466100725,0.912727165550558,0.07595069127341608,0.19535095783233647,0.9024940966029424,0.0,0.0,0.0,0,0,1,0,1,0.0383
180,1,0.1095,0.06743518263093973,0.24626228042770817,1.0121023123308135,0.9611535876328855,-0.27021081562786853,0.053928172219230325,0.016175547571790648,0.03957677489594589,-0.03951522427507499,0.27184517428922506,0.9513654559595549,0.10148177544266733,-1.2333256145935592,-0.21804117505105566,2.241686329678099,1.793195432443326,0.2044166475534439,0.1698336899280548,0.21429257094860077,-0.02898048609495163,0.04028220847249031,-0.10387200862169266,0.9791022539138794,0.2044166475534439,0.1698336899280548,0.21429257094860077,-0.02898048609495163,0.04028220847249031,-0.10387200862169266,-1.0,0.06556000973402612,0.15026184842305285,0.912727164507016,0.07595069127343898,0.1953509578324024,0.9024940966028556,0.0,0.0,0.0,0,0,1,0,1,0.0399
181,0,0.0,0.06930400823855282,0.24656066781288513,1.0141801557362848,0.9597493374578918,-0.2753615667138378,0.05275369787358011,0.016560923485745803,0.03959597610197601,-0.03953497927154407,0.2723633306363959,0.9572300201611398,0.10168468407119505,-1.2160793193538062,-0.215966844055626,2.2277759621836584,1.8007290099572653,0.14147299528121948,0.06174501031637192,0.09363098442554474,-0.019069164991378784,0.038926415145397186,-0.10479210317134857,0.9714864492416382,0.14147299528121948,0.06174501031637192,0.09363098442554474,-0.019069164991378784,0.038926415145397186,-0.10479210317134857,-1.0,0.06556001081691697,0.15026185218509733,0.912727163463475,0.07595069127346188,0.1953509578324683,0.9024940966027687,0.0,0.0,0.0,0,0,1,0,1,0.0386
182,0,0.0,0.07095714318209909,0.24696412740443416,1.0155883487454738,0.9581598368396333,-0.2810025633034229,0.05154397851624301,0.017621145339310623,0.03961258922157898,-0.03955565504748447,0.2734164393863312,0.9644025676999557,0.1017172406379373,-1.1981074056104708,-0.21514258860339733,2.213280689962538,1.810415690558477,0.11709223687648773,-0.01100333034992218,-0.0039087384939193726,-0.012794231064617634,0.02664094790816307,-0.10257765650749207,0.9741419553756714,0.11709223687648773,-0.01100333034992218,-0.0039087384939193726,-0.012794231064617634,0.02664094790816307,-0.10257765650749207,-1.0,0.06556001189980841,0.15026185594714075,0.9127271624199348,0.07595069127348478,0.19535095783253423,0.9024940966026818,0.0,0.0,0.0,0,0,1,0,1,0.0383
183,0,0.0,0.07241847061189936,0.2470277132802185,1.0160867127741162,0.9564629356373553,-0.2868745703216305,0.050142806965739015,0.019165921954017635,0.03962833138318474,-0.039575607854975235,0.2744669738578715,0.9727372433085789,0.10133089872210498,-1.1802527689214048,-0.2147359789304851,2.199239267635568,1.8206732942621522,0.1543436199426651,0.013459168374538422,-0.11895187199115753,-0.010106930509209633,0.008477573283016682,-0.10974524915218353,0.9693061113357544,0.1543436199426651,0.013459168374538422,-0.11895187199115753,-0.010106930509209633,0.008477573283016682,-0.10974524915218353,-1.0,0.06556001298270046,0.15026185970918327,0.9127271613763953,0.07595069127350768,0.19535095783260015,0.9024940966025949,0.0,0.0,0.0,0,0,1,0,1,0.0388
184,1,0.106,0.07419641537260034,0.2469640517839499,1.015507374851425,0.954640031635652,-0.29292210095786225,0.04947923912848396,0.02026962417950706,0.03964443727881919,-0.03959366688503885,0.27548869709519835,0.9831345722087141,0.10048354543758535,-1.1620542178086852,-0.21465355877473796,2.1887418536585623,1.8314769231046018,0.3308812379837036,0.3298550248146057,0.1940988451242447,-0.03331675007939339,0.003995070233941078,-0.1009049117565155,0.9527469277381897,0.3308812379837036,0.3298550248146057,0.1940988451242447,-0.03331675007939339,0.003995070233941078,-0.1009049117565155,-1.0,0.06556001406559313,0.1502618634712246,0.9127271603328571,0.07595069127353057,0.19535095783266607,0.902494096602508,0.0,0.0,0.0,0,0,1,0,1,0.0383
185,0,0.0,0.07690221886770474,0.24821095679097718,1.0155510466435504,0.9528117511647249,-0.2986109409182856,0.050910619013206836,0.01973275647235812,0.03966378943625088,-0.03960700694851817,0.27741905700050573,0.9947446234713061,0.10028603733387059,-1.1410496952337006,-0.21568487728669722,2.1819493401196683,1.8432489454938932,0.28389042615890503,0.1410539597272873,0.17296405136585236,-0.00420172605663538,0.009797443635761738,-0.09169844537973404,0.9958298802375793,0.28389042615890503,0.1410539597272873,0.17296405136585236,-0.00420172605663538,0.009797443635761738,-0.09169844537973404,-1.0,0.06556001514848638,0.15026186723326493,0.9127271592893196,0.07595069127355347,0.195350957832732,0.9024940966024211,0.0,0.0,0.0,0,0,1,0,1,0.0376
186,0,0.0,0.07969569396258708,0.25013358182775225,1.0165384273297715,0.9510146666680471,-0.3040339530644989,0.05261963252388085,0.019121543852094875,0.039678109801689426,-0.03962396997123821,0.279995113464761,1.0061540923233974,0.10044520327904656,-1.11810583813648,-0.2170698077232083,2.173098769344451,1.8551842024560614,0.2142774611711502,0.010865673422813416,-0.01561117172241211,0.0006523621268570423,0.012550230138003826,-0.07827548682689667,0.9813645482063293,0.2142774611711502,0.010865673422813416,-0.01561117172241211,0.0006523621268570423,0.012550230138003826,-0.07827548682689667,-1.0,0.06556001623138027,0.15026187099530428,0.9127271582457827,0.07595069127357637,0.1953509578327979,0.9024940966023343,0.0,0.0,0.0,0,0,1,0,1,0.0395
187,0,0.0,0.08205739219049452,0.25127108694547995,1.0168354488566735,0.9493205664608426,-0.3091783625874158,0.05316337660881321,0.01930952070293793,0.039690231812767124,-0.039641790773977406,0.2821288646413934,1.0181672779628481,0.10003533788210124,-1.0953372758915356,-0.21745396231171846,2.162397114166391,1.865127306024979,0.09544439613819122,-0.17951060831546783,-0.26547709107398987,0.006992394104599953,-0.004424432758241892,-0.060223545879125595,0.9873183965682983,0.09544439613819122,-0.17951060831546783,-0.26547709107398987,0.006992394104599953,-0.004424432758241892,-0.060223545879125595,-1.0,0.0655600173142747,0.15026187475734254,0.912727157202247,0.07595069127359927,0.19535095783286383,0.9024940966022474,0.0,0.0,0.0,0,0,1,0,1,0.0384
188,1,0.1138,0.08396911611768772,0.25099191296112205,1.0152937296561282,0.9478521999415628,-0.31364925716210895,0.052688220339704196,0.020598591821543704,0.039700514082282375,-0.03966016930703279,0.28339148018037735,1.031527946688727,0.09847088979320687,-1.0742685862868855,-0.2172855048214112,2.1520504900286994,1.8721906568782813,-0.013168856501579285,-0.06158849596977234,0.002963125705718994,0.00810195878148079,0.00781839806586504,-0.0976509302854538,0.979346752166748,-0.013168856501579285,-0.06158849596977234,0.002963125705718994,0.00810195878148079,0.00781839806586504,-0.0976509302854538,-1.0,0.06556001839716974,0.1502618785193797,0.912727156158712,0.07595069127362217,0.19535095783292974,0.9024940966021605,0.0,0.0,0.0,0,0,1,0,1,0.0409
189,0,0.0,0.08515784621434057,0.2502839442008418,1.0142294646656407,0.9462951583782555,-0.31849821869611966,0.05082997711868746,0.02237568643379758,0.03971239263561241,-0.03967572854944786,0.28420060110287737,1.0423461769174467,0.09707719170333787,-1.0553778706880923,-0.21549313432035452,2.1386460117083863,1.8790115286494997,0.0005386322736740112,-0.059472814202308655,-0.06831900030374527,0.0012437389232218266,0.008924356661736965,-0.09600470215082169,0.9709923267364502,0.0005386322736740112,-0.059472814202308655,-0.06831900030374527,0.0012437389232218266,0.008924356661736965,-0.09600470215082169,-1.0,0.0655600194800654,0.1502618822814159,0.9127271551151777,0.07595069127364507,0.19535095783299566,0.9024940966020737,0.0,0.0,0.0,0,0,1,0,1,0.0398
190,0,0.0,0.0859979429261226,0.24979349305376752,1.014280957711445,0.944507878898964,-0.32398499065840675,0.048592326711438774,0.024028697647186303,0.039724137701571384,-0.039690250318573574,0.2850253707857316,1.050896252129637,0.09599665770191254,-1.0378929665024097,-0.21307893421037172,2.124005674953007,1.8869891148828242,0.042229846119880676,-0.043918415904045105,-0.1336844563484192,0.002482180017977953,0.00992873590439558,-0.09454149752855301,0.974970817565918,0.042229846119880676,-0.043918415904045105,-0.1336844563484192,0.002482180017977953,0.00992873590439558,-0.09454149752855301,-1.0,0.06556002056296165,0.150261886043451,0.9127271540716445,0.07595069127366796,0.19535095783306158,0.9024940966019867,0.0,0.0,0.0,0,0,1,0,1,0.039
191,0,0.0,0.0869211697404954,0.24935596439387325,1.013683655004669,0.9426727799558166,-0.3294411610937498,0.04689878494724951,0.025239954002429545,0.03973560881876184,-0.03970391832758631,0.28584172938810437,1.0601565708329723,0.0947457932369606,-1.0212861745342734,-0.2108555984346861,2.112387561682184,1.8952781624804096,0.05882488936185837,-0.02398340404033661,-0.18913650512695312,-0.0002181711606681347,-0.0021618129685521126,-0.08687693625688553,0.9773665070533752,0.05882488936185837,-0.02398340404033661,-0.18913650512695312,-0.0002181711606681347,-0.0021618129685521126,-0.08687693625688553,-1.0,0.06556002164585847,0.15026188980548508,0.9127271530281122,0.07595069127369086,0.1953509578331275,0.9024940966018998,0.0,0.0,0.0,0,0,1,0,1,0.0397
192,1,0.1114,0.08802360974603253,0.24900364814614354,1.0121711789571282,0.9408704313394823,-0.3346308742406058,0.045941190183983786,0.02596952984753416,0.03974655874827567,-0.039717025921606364,0.2867125260926134,1.0706704865466872,0.09329254201850735,-1.0052281386574493,-0.20911225455134727,2.104319948960472,1.9035680542147264,0.012326911091804504,0.022543199360370636,0.10018675029277802,0.0038267048075795174,0.014452825300395489,-0.09183976799249649,0.9576253890991211,0.012326911091804504,0.022543199360370636,0.10018675029277802,0.0038267048075795174,0.014452825300395489,-0.09183976799249649,-1.0,0.06556002272875593,0.15026189356751815,0.9127271519845803,0.07595069127371376,0.19535095783319342,0.9024940966018129,0.0,0.0,0.0,0,0,1,0,1,0.0392
193,0,0.0,0.08878001159245341,0.24901733352536606,1.0117116033008124,0.9390683875919414,-0.339770142460706,0.04458261673163353,0.026817979101010955,0.0397565968404369,-0.03973001240931161,0.28781472559928406,1.0790160743267723,0.09240502170588764,-0.9897875612063309,-0.2071062393910074,2.093719175326896,1.912052154201932,0.009741097688674927,-0.008739575743675232,0.037677377462387085,0.0002132011577486992,0.002522398717701435,-0.08814916759729385,0.9624450206756592,0.009741097688674927,-0.008739575743675232,0.037677377462387085,0.0002132011577486992,0.002522398717701435,-0.08814916759729385,-1.0,0.065560023811654,0.15026189732955017,0.9127271509410498,0.07595069127373666,0.19535095783325934,0.9024940966017261,0.0,0.0,0.0,0,0,1,0,1,0.039
194,0,0.0,0.08939547521779899,0.24915995310024816,1.0126406927780867,0.9372215245107164,-0.34493489801641725,0.043137759549622325,0.027836375936005707,0.03976597943495414,-0.039742667823529074,0.2890264676179462,1.0852221873397059,0.09169179250519786,-0.9748314271984578,-0.20520463608527864,2.0811824165932284,1.9207219063758498,-0.04156261682510376,-0.11991776525974274,-0.017974793910980225,0.00028956448659300804,0.005106394179165363,-0.08237237483263016,0.9561900496482849,-0.04156261682510376,-0.11991776525974274,-0.017974793910980225,0.00028956448659300804,0.005106394179165363,-0.08237237483263016,-1.0,0.06556002489455262,0.15026190109158108,0.9127271498975201,0.07595069127375956,0.19535095783332526,0.9024940966016392,0.0,0.0,0.0,0,0,1,0,1,0.0388
195,0,0.0,0.08978912634347136,0.2486994614150555,1.0133630520780046,0.9353747011227251,-0.34996465926416365,0.041519026410883536,0.029581687098304225,0.03977338947279432,-0.03975635165631321,0.2899807851109676,1.090800579740226,0.09042475467249844,-0.9613333500333071,-0.20367350438492057,2.0682056884702793,1.9289675336097647,-0.04577985405921936,-0.16863439977169037,-0.08284346014261246,0.009541557170450687,0.009045238606631756,-0.08193990588188171,1.0677413940429688,-0.04577985405921936,-0.16863439977169037,-0.08284346014261246,0.009541557170450687,0.009045238606631756,-0.08193990588188171,-1.0,0.06556002597745184,0.15026190485361096,0.9127271488539909,0.07595069127378246,0.19535095783339118,0.9024940966015523,0.0,0.0,0.0,0,0,1,0,1,0.0396
196,1,0.106,0.08998688986103735,0.24765034762760332,1.0135702075192854,0.9335392920533615,-0.3548909020588823,0.03950320323994394,0.031564770902449135,0.0397810184775169,-0.039768911533642794,0.29037985150484547,1.096118057636775,0.08876179791614257,-0.9495164505519923,-0.201539236276641,2.0559253388879455,1.9362737628028737,0.16011440753936768,0.06643810868263245,0.05971711874008179,-0.003343031508848071,-0.005350570660084486,-0.09913843125104904,0.9844239354133606,0.16011440753936768,0.06643810868263245,0.05971711874008179,-0.003343031508848071,-0.005350570660084486,-0.09913843125104904,-1.0,0.06556002706035169,0.15026190861563996,0.9127271478104627,0.07595069127380535,0.1953509578334571,0.9024940966014655,0.0,0.0,0.0,0,0,1,0,1,0.0391
197,0,0.0,0.09116710372486442,0.24715719859661928,1.0139629368526193,0.9315989545074412,-0.35998111489271334,0.03930250658271073,0.0315007596346001,0.03979221071868004,-0.039777040586883014,0.29078438645733906,1.1023525294671195,0.08723195439940157,-0.9367694816198556,-0.19926414767626419,2.0493684435789605,1.9442476769319625,0.016928791999816895,-0.005879595875740051,-0.08905986696481705,0.0009905742481350899,-0.04391686990857124,-0.08307714015245438,0.986716091632843,0.016928791999816895,-0.005879595875740051,-0.08905986696481705,0.0009905742481350899,-0.04391686990857124,-0.08307714015245438,-1.0,0.06556002814325212,0.15026191237766778,0.9127271467669357,0.07595069127382825,0.19535095783352302,0.9024940966013786,0.0,0.0,0.0,0,0,1,0,1,0.0382
198,0,0.0,0.0925641816362322,0.24705918468463003,1.0140034242926204,0.929620468599299,-0.36500602981957453,0.04010551379429112,0.031111578549892015,0.039799441355644345,-0.03978830148006504,0.2916565066866932,1.1092883993415954,0.08569368587190737,-0.9241867902478276,-0.19825608009531304,2.045110618773478,1.9533024460734378,-0.07951134443283081,-0.031487151980400085,-0.1963401585817337,0.0007563061080873013,-0.07165522128343582,-0.06697646528482437,0.9853570461273193,-0.07951134443283081,-0.031487151980400085,-0.1963401585817337,0.0007563061080873013,-0.07165522128343582,-0.06697646528482437,-1.0,0.06556002922615312,0.15026191613969456,0.9127271457234093,0.07595069127385115,0.19535095783358894,0.9024940966012917,0.0,0.0,0.0,0,0,1,0,1,0.0379
199,0,0.0,0.09352215743447208,0.24694279511646583,1.013346393121693,0.9278174239736904,-0.3694295339859457,0.04098332522890645,0.03157553234598301,0.03980631594001243,-0.03979912226847397,0.29292879712495623,1.1159404146936582,0.08400038757618127,-0.9137357830812044,-0.19872128369546455,2.0416224666579312,1.9623976199623872,-0.10116028785705566,-0.04960423707962036,-0.2351330816745758,0.0009169382974505424,-0.061046190559864044,-0.06714019179344177,0.991048276424408,-0.10116028785705566,-0.04960423707962036,-0.2351330816745758,0.0009169382974505424,-0.061046190559864044,-0.06714019179344177,-1.0,0.06556003030905477,0.1502619199017204,0.9127271446798835,0.07595069127387405,0.19535095783365486,0.9024940966012048,0.0,0.0,0.0,0,0,1,0,1,0.0396
200,1,0.1064,0.09403654893489066,0.2468528558495948,1.0120557027543216,0.926116058625062,-0.37350173320393426,0.041767280839766684,0.03257292590003117,0.039812760706794334,-0.03980961210304571,0.2944396537165473,1.12203752760711,0.08223269640763994,-0.9057694417033447,-0.1999034134214683,2.039117221349009,1.971693382477121,0.024537265300750732,0.0026437342166900635,0.004171848297119141,0.0003611920401453972,-0.05056564137339592,-0.08930546790361404,1.0345405340194702,0.024537265300750732,0.0026437342166900635,0.004171848297119141,0.0003611920401453972,-0.05056564137339592,-0.08930546790361404,-1.0,0.06556003139195701,0.1502619236637451,0.912727143636359,0.07595069127389695,0.19535095783372078,0.902494096601118,0.0,0.0,0.0,0,0,1,0,1,0.0391
201,0,0.0,0.09478575597720582,0.24692942309975305,1.0115772012641833,0.9241718126881422,-0.37809635021091814,0.04314635080886063,0.032984890507228554,0.039820430773993,-0.039818152293630865,0.2959806430814468,1.1267044168873792,0.08045448776011094,-0.8984703547996403,-0.20097930909950956,2.0375800587136426,1.9822822501820352,0.015623629093170166,-0.0007990747690200806,0.0914246141910553,0.0008821799419820309,-0.039409294724464417,-0.07732880115509033,0.9478683471679688,0.015623629093170166,-0.0007990747690200806,0.0914246141910553,0.0008821799419820309,-0.039409294724464417,-0.07732880115509033,-1.0,0.06556003247485981,0.15026192742576872,0.9127271425928353,0.07595069127391985,0.1953509578337867,0.902494096601031,0.0,0.0,0.0,0,0,1,0,1,0.0388
202,0,0.0,0.09560716966174346,0.24718746184756835,1.0124604692025982,0.9221141428134352,-0.38291063742195564,0.04460174583995602,0.0331003873177018,0.039826791158596775,-0.03982730901656108,0.29753634177520283,1.1293793484058363,0.078911783161263,-0.8914274205020019,-0.20170432281558132,2.034622247390111,1.9930696907156087,0.027169927954673767,0.007029876112937927,0.08802324533462524,-0.011869505979120731,-0.0426851361989975,-0.06664934754371643,0.9715126156806946,0.027169927954673767,0.007029876112937927,0.08802324533462524,-0.011869505979120731,-0.0426851361989975,-0.06664934754371643,-1.0,0.06556003355776324,0.15026193118779146,0.9127271415493119,0.07595069127394274,0.19535095783385262,0.9024940966009442,0.0,0.0,0.0,0,0,1,0,1,0.0385
203,0,0.0,0.09642275187040997,0.24740507292700648,1.0139626409076303,0.9202284906965306,-0.38720679035790667,0.04621000285958422,0.03339254477918167,0.039832996386313796,-0.03983595264162089,0.2991277355335045,1.1309592181877632,0.07734573133450699,-0.8849160259597797,-0.20290153450940035,2.031139497623763,2.00295772637412,0.026445090770721436,-0.024477511644363403,0.06256197392940521,-0.010190112516283989,-0.028921157121658325,-0.07661788165569305,0.9769967198371887,0.026445090770721436,-0.024477511644363403,0.06256197392940521,-0.010190112516283989,-0.028921157121658325,-0.07661788165569305,-1.0,0.06556003464066726,0.15026193494981305,0.9127271405057901,0.07595069127396564,0.19535095783391854,0.9024940966008572,0.0,0.0,0.0,0,0,1,0,1,0.0383
204,1,0.1092,0.09712923478671656,0.24741440992011068,1.0152870790391293,0.9183411141572955,-0.39142325471448264,0.04777455790875293,0.033985663649259326,0.03983842366637569,-0.039844736362047516,0.3006335554266784,1.1323305831463997,0.07560079767865467,-0.8791984054571019,-0.20430763448940775,2.027686019303787,2.012799230285547,0.08613280951976776,0.01477903127670288,0.02618865668773651,-0.0027554791886359453,-0.0070198774337768555,-0.09994059056043625,0.9847108721733093,0.08613280951976776,0.01477903127670288,0.02618865668773651,-0.0027554791886359453,-0.0070198774337768555,-0.09994059056043625,-1.0,0.06556003572357186,0.15026193871183355,0.9127271394622689,0.07595069127398854,0.19535095783398446,0.9024940966007704,0.0,0.0,0.0,0,0,1,0,1,0.0378
205,0,0.0,0.09779788287065487,0.24744600918207507,1.0159410285011998,0.9161588512505074,-0.3963386980387456,0.049062779900350094,0.034079896431057535,0.03984452617473728,-0.039852239399103796,0.30187472126015547,1.1345162619569484,0.07394402543420121,-0.8738262058644157,-0.20469791275736213,2.025703874105048,2.023721318936262,0.057798802852630615,0.05169631540775299,0.02261461317539215,-0.0043828366324305534,-0.014705090783536434,-0.09016499668359756,0.9825756549835205,0.057798802852630615,0.05169631540775299,0.02261461317539215,-0.0043828366324305534,-0.014705090783536434,-0.09016499668359756,-1.0,0.0655600368064771,0.1502619424738531,0.9127271384187482,0.07595069127401144,0.19535095783405038,0.9024940966006836,0.0,0.0,0.0,0,0,1,0,1,0.0379
206,0,0.0,0.09842557848588324,0.24771856529356528,1.0160897616157951,0.9138578773894777,-0.4015045744569758,0.050202350755253936,0.033728038809962044,0.03985043027612194,-0.03985936028688508,0.3030813685946619,1.1374055782214656,0.07261002442951717,-0.8684639565508183,-0.20466899568363126,2.024749716905851,2.0351217795673,0.0854407548904419,0.09235300123691559,0.053693756461143494,-0.01417079009115696,-0.022922690957784653,-0.08935438096523285,0.9859005212783813,0.0854407548904419,0.09235300123691559,0.053693756461143494,-0.01417079009115696,-0.022922690957784653,-0.08935438096523285,-1.0,0.06556003788938292,0.1502619462358716,0.9127271373752287,0.07595069127403434,0.1953509578341163,0.9024940966005967,0.0,0.0,0.0,0,0,1,0,1,0.0378
207,0,0.0,0.0991824706429551,0.24824374906790703,1.0163519882723653,0.9115898622235612,-0.40647015058756647,0.051812523646129684,0.03318737961888027,0.039856562541152156,-0.03986569311612993,0.3045577621686457,1.140438603029662,0.07136920263523827,-0.862758991441115,-0.20529650219161566,2.0245162501927707,2.046748268643623,0.09967266023159027,0.0800497829914093,0.07318799197673798,-0.020491790026426315,-0.0240943543612957,-0.07643499970436096,0.9878802299499512,0.09967266023159027,0.0800497829914093,0.07318799197673798,-0.020491790026426315,-0.0240943543612957,-0.07643499970436096,-1.0,0.06556003897228932,0.15026194999788905,0.9127271363317103,0.07595069127405724,0.19535095783418222,0.9024940966005098,0.0,0.0,0.0,0,0,1,0,1,0.0376
208,1,0.1058,0.10007348870078786,0.24885574432069726,1.0167965118111453,0.9094213256302486,-0.4110480949452113,0.054004923823857943,0.03279915141602821,0.03986214106098539,-0.03987204295343758,0.30633667359929634,1.1435448299104,0.07003193334018776,-0.8566309240602742,-0.20702395318186856,2.024441983817767,2.058253202789778,0.06509145349264145,0.04750997573137283,0.15421827137470245,-0.008518479764461517,0.019037451595067978,-0.1031198799610138,0.9974642395973206,0.06509145349264145,0.04750997573137283,0.15421827137470245,-0.008518479764461517,0.019037451595067978,-0.1031198799610138,-1.0,0.06556004005519633,0.15026195375990545,0.9127271352881923,0.07595069127408013,0.19535095783424813,0.9024940966004228,0.0,0.0,0.0,0,0,1,0,1,0.0387
209,0,0.0,0.1004486710544409,0.249412350885816,1.0175165481396324,0.9070806119308703,-0.41602396833520955,0.05509435109696755,0.03306710914104094,0.03986622640675744,-0.039879375365838375,0.3080678935688811,1.1458357068915255,0.0689599757429656,-0.8505785815353312,-0.2079358496889701,2.020917350477575,2.0702251943549728,0.06958514451980591,0.05047457665205002,0.14775972068309784,-0.007995372638106346,0.015490925870835781,-0.0939919725060463,0.983284056186676,0.06958514451980591,0.05047457665205002,0.14775972068309784,-0.007995372638106346,0.015490925870835781,-0.0939919725060463,-1.0,0.06556004113810393,0.15026195752192076,0.9127271342446753,0.07595069127410303,0.19535095783431405,0.9024940966003361,0.0,0.0,0.0,0,0,1,0,1,0.0378
210,0,0.0,0.1006156796573838,0.24993639161425535,1.0186963611847244,0.904595317150785,-0.42133231219761247,0.05541390917866877,0.03340199929078482,0.03987138263306902,-0.039885151028795626,0.30956490728396796,1.1475677614125204,0.0681706634925621,-0.8441140947204425,-0.2079110760692846,2.0154150105919126,2.082075439248509,0.10742644965648651,0.05121555179357529,0.12992586195468903,-0.009825901128351688,0.0167873352766037,-0.08703742176294327,0.9894924163818359,0.10742644965648651,0.05121555179357529,0.12992586195468903,-0.009825901128351688,0.0167873352766037,-0.08703742176294327,-1.0,0.06556004222101214,0.150261961283935,0.9127271332011594,0.07595069127412593,0.19535095783437997,0.9024940966002492,0.0,0.0,0.0,0,0,1,0,1,0.0372
211,0,0.0,0.10100559892288939,0.2504089503351402,1.019841343110411,0.9022365554554095,-0.4262843328400227,0.05597785904096172,0.03342670896578484,0.03987659664502505,-0.039890397718873434,0.3108708405900274,1.1498387585889713,0.06740520691861232,-0.8370188060447645,-0.2078838398068538,2.0106931367362875,2.092983038437055,0.1319323033094406,0.033981092274188995,0.11133752763271332,-0.009947391226887703,0.020124118775129318,-0.08109122514724731,0.9908596277236938,0.1319323033094406,0.033981092274188995,0.11133752763271332,-0.009947391226887703,0.020124118775129318,-0.08109122514724731,-1.0,0.06556004330392094,0.15026196504594821,0.9127271321576441,0.07595069127414883,0.1953509578344459,0.9024940966001622,0.0,0.0,0.0,0,0,1,0,1,0.0372
212,1,0.1056,0.10159915161828609,0.2507096702212441,1.020626942478695,0.9000140335406619,-0.4308706068436168,0.05673846737584658,0.03325666711985354,0.03988138614473629,-0.039895617663966466,0.3119343162921365,1.1530323125004691,0.06652482280481119,-0.8293183679693025,-0.20783986936526688,2.0068996726639496,2.102867430277273,0.24333220720291138,0.07958443462848663,0.1565244048833847,-0.004757849033921957,0.004199068062007427,-0.0881802886724472,1.005620002746582,0.24333220720291138,0.07958443462848663,0.1565244048833847,-0.004757849033921957,0.004199068062007427,-0.0881802886724472,-1.0,0.06556004438683037,0.15026196880796053,0.9127271311141295,0.07595069127417173,0.1953509578345118,0.9024940966000754,0.0,0.0,0.0,0,0,1,0,1,0.0386
213,0,0.0,0.10290824624165609,0.251050789162843,1.0214214252080605,0.8977655618579748,-0.4354026907012869,0.058496997251707525,0.03193108492436028,0.03988768205710856,-0.03989890236268336,0.3127776711093284,1.1574807450900197,0.06549018370254736,-0.8200113204184415,-0.2077074598426591,2.0060183094680983,2.112483407797318,0.2612164318561554,0.04042673856019974,0.14480333030223846,-0.0011532912030816078,0.005421466194093227,-0.09271547943353653,0.9929276704788208,0.2612164318561554,0.04042673856019974,0.14480333030223846,-0.0011532912030816078,0.005421466194093227,-0.09271547943353653,-1.0,0.06556004546974034,0.15026197256997173,0.9127271300706162,0.07595069127419463,0.19535095783457773,0.9024940965999885,0.0,0.0,0.0,0,0,1,0,1,0.0395
214,0,0.0,0.10467271786446124,0.25123460276208287,1.022065613925129,0.8953457996835965,-0.44018808654375974,0.060755529060786975,0.029985215397372495,0.03989247360090263,-0.039903284208444675,0.31335776504497975,1.1631614388339215,0.06418433170881589,-0.809224912138848,-0.2073186411869459,2.006349227513052,2.122233364253876,0.2992789149284363,0.017894960939884186,0.10346151888370514,-0.0011450345627963543,0.012855417095124722,-0.08659686893224716,0.9916272163391113,0.2992789149284363,0.017894960939884186,0.10346151888370514,-0.0011450345627963543,0.012855417095124722,-0.08659686893224716,-1.0,0.06556004655265092,0.15026197633198185,0.9127271290271036,0.07595069127421752,0.19535095783464365,0.9024940965999017,0.0,0.0,0.0,0,0,1,0,1,0.0377
215,0,0.0,0.10664580061164856,0.2510889397180135,1.0222071656684621,0.8929050275544544,-0.44493876086249695,0.06303695483457904,0.02786490938989285,0.03989730420084823,-0.03990723469303113,0.31358007701311996,1.170255255480807,0.06258326887305468,-0.7972741188010454,-0.20651266734240603,2.0073248737935088,2.131270207709985,0.2932201623916626,0.0011125952005386353,0.07627621293067932,-0.0025746214669197798,0.006384680978953838,-0.0942152813076973,0.9691869020462036,0.2932201623916626,0.0011125952005386353,0.07627621293067932,-0.0025746214669197798,0.006384680978953838,-0.0942152813076973,-1.0,0.06556004763556211,0.15026198009399103,0.9127271279835915,0.07595069127424042,0.19535095783470957,0.9024940965998147,0.0,0.0,0.0,0,0,1,0,1,0.0379
216,1,0.1064,0.10878360398249098,0.250588223579243,1.0218484770315281,0.8904065651381752,-0.4497171825620029,0.06534270564155895,0.025708661707108803,0.039902069607446675,-0.03991087404261403,0.31351677869579403,1.178690040530037,0.06060214608029436,-0.7841537362312729,-0.20540342088595553,2.008618411957956,2.13990765187931,0.032779403030872345,-0.014777600765228271,0.0641627311706543,-0.009717768058180809,0.012082702480256557,-0.10686488449573517,0.9966899156570435,0.032779403030872345,-0.014777600765228271,0.0641627311706543,-0.009717768058180809,0.012082702480256557,-0.10686488449573517,-1.0,0.06556004871847392,0.1502619838559991,0.9127271269400807,0.07595069127426332,0.1953509578347755,0.9024940965997279,0.0,0.0,0.0,0,0,1,0,1,0.0387
217,0,0.0,0.10983011545467791,0.24983283299884565,1.0215276256458485,0.887699169473563,-0.4549849016937221,0.06579138533041841,0.025503281416392114,0.039904358729517066,-0.03991662971161496,0.31368302521435343,1.1860063789668962,0.05877457467310356,-0.7714518725867723,-0.20392050234285733,2.003408527735356,2.1493566088610345,0.015766605734825134,-0.02018241584300995,0.024231910705566406,-0.007877185009419918,0.008134827949106693,-0.09742351621389389,0.9978237748146057,0.015766605734825134,-0.02018241584300995,0.024231910705566406,-0.007877185009419918,0.008134827949106693,-0.09742351621389389,-1.0,0.06556004980138629,0.15026198761800608,0.9127271258965709,0.07595069127428622,0.1953509578348414,0.902494096599641,0.0,0.0,0.0,0,0,1,0,1,0.0381
218,0,0.0,0.1101437597381384,0.24925554022434276,1.02173266440974,0.8849420428602874,-0.46034813946982733,0.06525310925031284,0.026442446900686364,0.03990894618785046,-0.03991974330111109,0.3142725774024593,1.1919874123242915,0.05726765328276619,-0.7592135010702982,-0.20260560622486284,1.9945031443858634,2.1592967961089258,0.013415887951850891,-0.010857060551643372,-0.03526566922664642,-0.0051831938326358795,0.002711992710828781,-0.08247395604848862,0.9724538922309875,0.013415887951850891,-0.010857060551643372,-0.03526566922664642,-0.0051831938326358795,0.002711992710828781,-0.08247395604848862,-1.0,0.0655600508842993,0.15026199138001212,0.9127271248530613,0.07595069127430912,0.19535095783490733,0.9024940965995542,0.0,0.0,0.0,0,0,1,0,1,0.038
219,0,0.0,0.11040419599994791,0.24894888354053182,1.0217234707063017,0.8824136263166036,-0.4651780145173129,0.06489985681676781,0.02726931399346626,0.039913707362559336,-0.03992234942454092,0.3150963376144622,1.1981935045644925,0.055915978315460156,-0.747318381769919,-0.20163318462660287,1.9866106123828053,2.168611869552768,0.00969192385673523,-0.006012961268424988,-0.052688829600811005,-0.0039006955921649933,0.0024705464020371437,-0.07385522127151489,1.0130470991134644,0.00969192385673523,-0.006012961268424988,-0.052688829600811005,-0.0039006955921649933,0.0024705464020371437,-0.07385522127151489,-1.0,0.06556005196721287,0.15026199514201707,0.9127271238095531,0.07595069127433202,0.19535095783497325,0.9024940965994672,0.0,0.0,0.0,0,0,1,0,1,0.0379
