step,query,infer_s,eef_x,eef_y,eef_z,eef_qx,eef_qy,eef_qz,eef_qw,gripper_q0,gripper_q1,joint_0,joint_1,joint_2,joint_3,joint_4,joint_5,joint_6,act_raw_0,act_raw_1,act_raw_2,act_raw_3,act_raw_4,act_raw_5,act_raw_6,act_env_0,act_env_1,act_env_2,act_env_3,act_env_4,act_env_5,act_env_6,akita_black_bowl_1_x,akita_black_bowl_1_y,akita_black_bowl_1_z,plate_1_x,plate_1_y,plate_1_z,force_akita_black_bowl_1,force_plate_1,force_other,n_contacts,sim_s
0,1,11.7881,-0.21124162683394807,-0.011090601889321502,1.1742495176982402,0.9996096147738871,-0.0009063364830718679,-0.027923584546988157,-0.00026463527139470797,0.03872336505859045,-0.0387222020954563,-0.00012020767111454886,-0.17083961150272448,-0.024117516306866746,-2.4525705776510387,-0.006118417875690738,2.2259099851211857,0.7677687395090693,0.4686359167098999,0.1644672006368637,0.34972497820854187,0.07765136659145355,0.34945181012153625,0.05535854399204254,1.0001575946807861,0.4686359167098999,0.1644672006368637,0.34972497820854187,0.07765136659145355,0.34945181012153625,0.05535854399204254,-1.0,-0.06347436698063652,0.20202566462019725,0.8984038567263857,0.05341726860391597,0.20518007059128715,0.9024995673059236,0.0,0.0,0.0,0,0.0385
1,0,0.0,-0.21229659484442226,-0.009453312716919746,1.173394648258285,0.9994493821203256,0.0010822509964423799,-0.03307195095837298,-0.0024509940606877393,0.03889058017394282,-0.03880369936180269,0.0004447722428380873,-0.1672971089408143,-0.02223291362368987,-2.448900414609704,-1.998678892755452e-05,2.2146963764426,0.7621441096803493,0.5280278325080872,0.26337212324142456,0.2549521028995514,0.04456360638141632,0.3510134816169739,0.05457218736410141,0.8765456676483154,0.5280278325080872,0.26337212324142456,0.2549521028995514,0.04456360638141632,0.3510134816169739,0.05457218736410141,-1.0,-0.06347436696666099,0.20202566461035412,0.8984040701014814,0.05341726861309006,0.2051800706212953,0.9024997617621902,0.0,0.0,0.0,0,0.0351
2,0,0.0,-0.21244151405457237,-0.00651739714822926,1.1725197509568475,0.9990414680937214,0.0045139755830369555,-0.04313999186749416,-0.005891532504232395,0.038964112830837595,-0.03886613538063351,0.0016031448899417884,-0.15602178793770854,-0.018852572055160485,-2.4348894254554936,0.008851915878578979,2.1914477666550747,0.7542200588435194,0.49418920278549194,0.22383320331573486,0.2271689474582672,0.010634498670697212,0.30222636461257935,0.03204338252544403,0.9679136276245117,0.49418920278549194,0.22383320331573486,0.2271689474582672,0.010634498670697212,0.30222636461257935,0.03204338252544403,-1.0,-0.06347436696248178,0.2020256646071376,0.8984041283326119,0.05341726861523953,0.20518007063023871,0.9024998147869767,0.0,0.0,0.0,0,0.0359
3,0,0.0,-0.21062177941793897,-0.00370055417223038,1.1723461239198247,0.9984554742838171,0.007394465568760111,-0.05449602612543748,-0.007884851816292702,0.039009386065429,-0.038921500168522756,0.002699653519398979,-0.13876966079818476,-0.014917223836074968,-2.4118421836958395,0.014020348401816029,2.162775156612139,0.7504715162839821,0.5847795605659485,0.2189951390028,0.22638851404190063,-0.03503868356347084,0.2658481001853943,0.016890721395611763,0.9866687655448914,0.5847795605659485,0.2189951390028,0.22638851404190063,-0.03503868356347084,0.2658481001853943,0.016890721395611763,-1.0,-0.06347436696124514,0.20202566460611993,0.8984041442241787,0.053417268615730866,0.2051800706328816,0.9024998292459088,0.0,0.0,0.0,0,0.0364
4,1,0.7267,-0.20686899191849367,-0.0013572490659354319,1.1730510182888712,0.9977759095849571,0.009179833335503484,-0.06558260639874508,-0.007608327660564938,0.039052221806086564,-0.038967541263974295,0.0036353615272934213,-0.11737682140522443,-0.010535221026361155,-2.381801894903165,0.013858385340888634,2.132023450114284,0.7524858656910091,-0.5526834726333618,0.23567280173301697,-0.021653160452842712,-0.1634291708469391,0.319521427154541,0.2679247260093689,1.067273497581482,-0.5526834726333618,0.23567280173301697,-0.021653160452842712,-0.1634291708469391,0.319521427154541,0.2679247260093689,-1.0,-0.06347436696088234,0.20202566460580523,0.8984041485610657,0.05341726861583933,0.20518007063365706,0.9024998331886069,0.0,0.0,0.0,0,0.0924
5,0,0.0,-0.20720801344717146,0.0007880558951141363,1.1728182198821917,0.996478456090078,0.01699185061719438,-0.08208613669292383,-0.0019569680037478665,0.03909365938841918,-0.039011059607202116,0.005055572674021271,-0.10102830443107555,-0.003288917361219212,-2.358517230994923,0.000317302901071387,2.091469253735281,0.7524466646781093,-0.2901018261909485,0.27229905128479004,-0.24074140191078186,-0.17645664513111115,0.31041979789733887,0.2679247260093689,1.0644991397857666,-0.2901018261909485,0.27229905128479004,-0.24074140191078186,-0.17645664513111115,0.31041979789733887,0.2679247260093689,-1.0,-0.06347436696077666,0.20202566460570964,0.8984041497446229,0.05341726861586204,0.20518007063388327,0.9024998342637116,0.0,0.0,0.0,0,0.0364
6,0,0.0,-0.21077082313341094,0.0032231775065323528,1.1718256023522455,0.9943268548163974,0.030362092241483618,-0.10160821175564154,0.008247451089255023,0.03913387837996202,-0.03905225840840943,0.0072653207616376145,-0.08833930603321183,0.007323038468189986,-2.341602743249238,-0.02251886249905022,2.0484319704790552,0.7506492778493249,-0.24198614060878754,0.32233572006225586,-0.24602282047271729,-0.16814789175987244,0.30577346682548523,0.26478880643844604,1.0213408470153809,-0.24198614060878754,0.32233572006225586,-0.24602282047271729,-0.16814789175987244,0.30577346682548523,0.26478880643844604,-1.0,-0.06347436696074607,0.20202566460568094,0.8984041500676215,0.053417268615866376,0.20518007063394894,0.9024998345568738,0.0,0.0,0.0,0,0.0358
7,0,0.0,-0.21376231985923708,0.006530721913425405,1.1695372295329496,0.9916425006371806,0.04428019868310962,-0.11962768426658607,0.019329565221087606,0.039172743685903066,-0.039091342866954946,0.010127161078045043,-0.0731435785680494,0.020156503075396535,-2.326608283995489,-0.04577307079584779,2.012335066253684,0.7501702830395608,-0.0767611563205719,0.34145259857177734,-0.21504734456539154,-0.15865331888198853,0.3352353870868683,0.2584441602230072,1.057125210762024,-0.0767611563205719,0.34145259857177734,-0.21504734456539154,-0.15865331888198853,0.3352353870868683,0.2584441602230072,-1.0,-0.06347436696073723,0.20202566460567245,0.8984041501557689,0.05341726861586706,0.20518007063396787,0.9024998346368139,0.0,0.0,0.0,0,0.0358
8,1,0.1426,-0.21626844784180882,0.010541980133400023,1.166617573473973,0.9884259768500033,0.05807728826045622,-0.13686341445009448,0.03015829341141564,0.039208753868727006,-0.03912993034691973,0.013405311818605542,-0.05576601141496404,0.034184824929136486,-2.311658248386704,-0.06749965817539465,1.9795128679868867,0.7501435841155623,0.3456297516822815,0.5439704060554504,0.2304612100124359,-0.1698933094739914,0.03725484013557434,0.2679247260093689,0.9716165661811829,0.3456297516822815,0.5439704060554504,0.2304612100124359,-0.1698933094739914,0.03725484013557434,0.2679247260093689,-1.0,-0.0634743669607347,0.20202566460566992,0.8984041501798249,0.05341726861586711,0.20518007063397328,0.9024998346586124,0.0,0.0,0.0,0,0.0383
9,0,0.0,-0.2139165938343857,0.015965173664406196,1.167369905065069,0.9858339670824235,0.07200180331357026,-0.1457307254492346,0.04134834127462803,0.039243340038119835,-0.03916674337030412,0.01738054652649769,-0.03923465896171244,0.05032946798894662,-2.2883380488581846,-0.08901622023766245,1.954717975387624,0.7519549653262478,0.391862154006958,0.47644850611686707,0.22950264811515808,-0.17747637629508972,0.017788827419281006,0.2653522491455078,0.959469735622406,0.391862154006958,0.47644850611686707,0.22950264811515808,-0.17747637629508972,0.017788827419281006,0.2653522491455078,-1.0,-0.06347436696073398,0.20202566460566912,0.8984041501863897,0.05341726861586711,0.2051800706339748,0.9024998346645562,0.0,0.0,0.0,0,0.0362
10,0,0.0,-0.20849469278484853,0.02229930763975119,1.1705922139614793,0.9837891536294288,0.08561695882996034,-0.1481811990988484,0.0535814314425022,0.03927424007089922,-0.03920419278671138,0.021786549972676175,-0.02429103876731656,0.06767456556614704,-2.2615180820033998,-0.11224824708246521,1.9360872857410572,0.7564564873786196,0.4313367009162903,0.5031599998474121,0.2431323230266571,-0.17339275777339935,0.01111527532339096,0.2539176344871521,0.9956085085868835,0.4313367009162903,0.5031599998474121,0.2431323230266571,-0.17339275777339935,0.01111527532339096,0.2539176344871521,-1.0,-0.06347436696073377,0.2020256646056691,0.8984041501881814,0.05341726861586711,0.20518007063397525,0.9024998346661771,0.0,0.0,0.0,0,0.0347
11,0,0.0,-0.2027960648965912,0.02879613207226748,1.173918419369904,0.9816228315923657,0.09867998749123275,-0.14934910243742072,0.0661341225575059,0.03930334007925699,-0.03924051430785255,0.026302360005012394,-0.009511012360798187,0.08501982017326398,-2.234906902409822,-0.13612844426929774,1.9192428068622478,0.7619832015380723,0.43087464570999146,0.5047845840454102,0.19497424364089966,-0.15339712798595428,0.02013469859957695,0.23361735045909882,0.9864325523376465,0.43087464570999146,0.5047845840454102,0.19497424364089966,-0.15339712798595428,0.02013469859957695,0.23361735045909882,-1.0,-0.06347436696073377,0.2020256646056691,0.8984041501886704,0.05341726861586711,0.20518007063397525,0.9024998346666192,0.0,0.0,0.0,0,0.0352
12,1,0.1456,-0.19720486976555124,0.035594605483003215,1.176840222128202,0.979306724968314,0.11102241604478469,-0.15016856121419422,0.0779856704162453,0.03933049144768316,-0.039275962442855424,0.03086236310798739,0.005845126433508811,0.10204960222461475,-2.208849145395223,-0.1586725232395897,1.9034992548700713,0.7676289465484963,0.7358075380325317,0.017112061381340027,-0.24477647244930267,0.0010571549646556377,0.3088929355144501,0.026499031111598015,1.0290719270706177,0.7358075380325317,0.017112061381340027,-0.24477647244930267,0.0010571549646556377,0.3088929355144501,0.026499031111598015,-1.0,-0.06347436696073377,0.2020256646056691,0.8984041501888038,0.05341726861586711,0.20518007063397525,0.9024998346667397,0.0,0.0,0.0,0,0.0401
13,0,0.0,-0.19297749323777535,0.04010952460050002,1.1750007114781928,0.976984112954463,0.11828101827633361,-0.15636574175644474,0.08403212811211266,0.03935020893608171,-0.03931607451464899,0.03343547186880464,0.02999087710435043,0.11194668075744141,-2.184604675875591,-0.17026548752237824,1.8879034001196144,0.7703614770813579,0.6914956569671631,0.021750696003437042,-0.3431103229522705,-0.00014729518443346024,0.3094865679740906,0.029156586155295372,0.9733567237854004,0.6914956569671631,0.021750696003437042,-0.3431103229522705,-0.00014729518443346024,0.3094865679740906,0.029156586155295372,-1.0,-0.06347436696073377,0.2020256646056691,0.8984041501888405,0.05341726861586711,0.20518007063397525,0.9024998346667725,0.0,0.0,0.0,0,0.036
14,0,0.0,-0.1884420607647291,0.04157018647596651,1.1691491553143711,0.9747449245678066,0.12175617264792729,-0.16721472263203643,0.08418433931865647,0.039368763215721546,-0.03935472951951678,0.03389381726140728,0.0640874200116509,0.11426815186362287,-2.157010915107255,-0.172887138946064,1.8718321136214082,0.7667855123199231,0.6175971627235413,0.07491691410541534,-0.36561131477355957,0.0006821220740675926,0.30802643299102783,0.033550605177879333,1.0077145099639893,0.6175971627235413,0.07491691410541534,-0.36561131477355957,0.0006821220740675926,0.30802643299102783,0.033550605177879333,-1.0,-0.06347436696073377,0.2020256646056691,0.8984041501888503,0.05341726861586711,0.20518007063397525,0.9024998346667815,0.0,0.0,0.0,0,0.0359
15,0,0.0,-0.18329043470549577,0.042221746452018434,1.16265061653925,0.9722003648974555,0.12522963758023012,-0.17981040191775643,0.08253609953803093,0.03938955317478376,-0.039388706108379405,0.03394327196235043,0.10229232941610392,0.11453618945941561,-2.1247641126936214,-0.17305857037638572,1.8523758033280795,0.7591215506291541,0.5809890031814575,0.07324016839265823,-0.3523259162902832,-0.007619013078510761,0.29924434423446655,0.02407067082822323,0.958934485912323,0.5809890031814575,0.07324016839265823,-0.3523259162902832,-0.007619013078510761,0.29924434423446655,0.02407067082822323,-1.0,-0.06347436696073377,0.2020256646056691,0.898404150188853,0.05341726861586711,0.20518007063397525,0.9024998346667837,0.0,0.0,0.0,0,0.0352
16,1,0.1408,-0.17784703964464638,0.04273408547294712,1.1564569207608408,0.9693177610683246,0.12859974281381853,-0.1933809172900168,0.08055436086135018,0.03941004830870558,-0.039420631550840635,0.0340923667110556,0.1421104122524644,0.11442606950784621,-2.088552883916831,-0.17280910284759948,1.828682004099285,0.7506075412018626,0.7216252684593201,0.16395075619220734,-0.4985731542110443,0.16952264308929443,-0.004861119668930769,0.0051155854016542435,1.121074914932251,0.7216252684593201,0.16395075619220734,-0.4985731542110443,0.16952264308929443,-0.004861119668930769,0.0051155854016542435,-1.0,-0.06347436696073377,0.2020256646056691,0.898404150188853,0.05341726861586711,0.20518007063397525,0.9024998346667837,0.0,0.0,0.0,0,0.0377
17,0,0.0,-0.16895399672948655,0.045099947177619774,1.1514365433088043,0.9677889310001216,0.13129581018398237,-0.20133430942428562,0.07490321161618199,0.03943263566806338,-0.03944822476537101,0.03425770806143085,0.18352746243626966,0.11439204228987986,-2.045379371061145,-0.1654314737649996,1.812608273195085,0.7406617423770734,0.5415500402450562,0.17746485769748688,-0.6052695512771606,0.17749997973442078,-0.05325738340616226,0.0030851587653160095,1.0244145393371582,0.5415500402450562,0.17746485769748688,-0.6052695512771606,0.17749997973442078,-0.05325738340616226,0.0030851587653160095,-1.0,-0.06347436696073377,0.2020256646056691,0.898404150188853,0.05341726861586711,0.20518007063397525,0.9024998346667837,0.0,0.0,0.0,0,0.0388
18,0,0.0,-0.15794631330022996,0.04857685490664855,1.145505007396224,0.967787595967379,0.13334737142998343,-0.20321929068550645,0.06563206165947988,0.039453701813925775,-0.039475208130252654,0.03416440780923519,0.2245072170738969,0.11344617017985682,-2.0039380141489618,-0.15217116246963772,1.810059483765328,0.7293969409411046,0.3687381148338318,0.14603057503700256,-0.7260324954986572,0.18028593063354492,-0.084845632314682,-0.003556104376912117,1.0862669944763184,0.3687381148338318,0.14603057503700256,-0.7260324954986572,0.18028593063354492,-0.084845632314682,-0.003556104376912117,-1.0,-0.06347436696073377,0.2020256646056691,0.898404150188853,0.05341726861586711,0.20518007063397525,0.9024998346667837,0.0,0.0,0.0,0,0.0358
19,0,0.0,-0.14823455359174798,0.05171915529240227,1.1381985642649253,0.968015646782318,0.1349066940604295,-0.20404330300100948,0.05578729230508542,0.039474367663023646,-0.039500536790770195,0.033970477382035895,0.2623768518778502,0.11173461740893115,-1.9695424183362278,-0.13769569849428118,1.8134865729434642,0.7182447671707781,0.21150106191635132,0.09830687940120697,-0.7925240993499756,0.18100504577159882,-0.12060579657554626,-0.0034110136330127716,1.0301214456558228,0.21150106191635132,0.09830687940120697,-0.7925240993499756,0.18100504577159882,-0.12060579657554626,-0.0034110136330127716,-1.0,-0.06347436696073377,0.2020256646056691,0.898404150188853,0.05341726861586711,0.20518007063397525,0.9024998346667837,0.0,0.0,0.0,0,0.0421
20,1,0.1365,-0.14001290140107278,0.05435645642694145,1.1299320396011563,0.9684056931488529,0.13614538089265263,-0.2038048638844011,0.046026364135614464,0.039494719099236276,-0.0395242057715328,0.03367577570134466,0.2960856117239059,0.10940920651571613,-1.942917507028304,-0.12304425029494212,1.8225682494614432,0.707247278007122,0.29724377393722534,-0.40481558442115784,-0.9004497528076172,0.17703355848789215,-0.07834477722644806,-0.011410710401833057,1.049191951751709,0.29724377393722534,-0.40481558442115784,-0.9004497528076172,0.17703355848789215,-0.07834477722644806,-0.011410710401833057,-1.0,-0.06347436696073377,0.2020256646056691,0.898404150188853,0.05341726861586711,0.20518007063397525,0.9024998346667837,0.0,0.0,0.0,0,0.0385
21,0,0.0,-0.1329007918445684,0.05383185154663455,1.1203095809584658,0.9689099428675666,0.13652337556687721,-0.2029500005622158,0.03723154318571478,0.03950722610401614,-0.03955381581433875,0.032172866484006864,0.3270372084303811,0.10302916702648549,-1.9236004084794798,-0.11057178279182601,1.837457543798948,0.693989833907014,0.11112035065889359,-0.3994657099246979,-0.8828921318054199,0.18115484714508057,-0.12095336616039276,-0.021781843155622482,0.9616056084632874,0.11112035065889359,-0.3994657099246979,-0.8828921318054199,0.18115484714508057,-0.12095336616039276,-0.021781843155622482,-1.0,-0.06347436696073377,0.2020256646056691,0.898404150188853,0.05341726861586711,0.20518007063397525,0.9024998346667837,0.0,0.0,0.0,0,0.0357
22,0,0.0,-0.12678795507086132,0.05045810348416848,1.1099613700964317,0.9695292357364474,0.13649814604497618,-0.20143753880687093,0.028359039793580842,0.03952426246319637,-0.03957707197239929,0.029375771275017823,0.35471891562171254,0.09326652449243662,-1.9104207728858904,-0.09763119045742144,1.8567149925017405,0.6765559905469654,-0.06657278537750244,-0.4595256745815277,-0.9324612617492676,0.18115484714508057,-0.12326100468635559,-0.02258314937353134,0.9685389995574951,-0.06657278537750244,-0.4595256745815277,-0.9324612617492676,0.18115484714508057,-0.12326100468635559,-0.02258314937353134,-1.0,-0.06347436696073377,0.2020256646056691,0.898404150188853,0.05341726861586711,0.20518007063397525,0.9024998346667837,0.0,0.0,0.0,0,0.0443
23,0,0.0,-0.12246306817300628,0.046037917159317765,1.0994576522459973,0.9701391278378271,0.13646518061014107,-0.19961725904941763,0.018980964377473625,0.03954228601319938,-0.039597614353709044,0.025872454131255107,0.3777558840086978,0.082427095292923,-1.904521262561699,-0.08288564197978572,1.8788623159888918,0.6563236259068952,-0.23522312939167023,-0.47404399514198303,-1.0005275011062622,0.17968560755252838,-0.14009076356887817,-0.023611849173903465,0.9302152991294861,-0.23522312939167023,-0.47404399514198303,-1.0005275011062622,0.17968560755252838,-0.14009076356887817,-0.023611849173903465,-1.0,-0.06347436696073377,0.2020256646056691,0.898404150188853,0.05341726861586711,0.20518007063397525,0.9024998346667837,0.0,0.0,0.0,0,0.0595
24,1,0.1655,-0.12006844156309135,0.04089014382043251,1.0884602603814495,0.9707137834898613,0.13652073747488186,-0.19745737478533382,0.009350076202679594,0.03956076739295602,-0.039616046561803,0.02181454237807661,0.39662920964247644,0.07107076335426044,-1.906491962722814,-0.06682394039003482,1.9049670164915562,0.633962169288303,-1.670072078704834,-0.23910737037658691,-0.9178016185760498,0.17956028878688812,-0.2518807649612427,0.17690503597259521,0.9652124643325806,-1.670072078704834,-0.23910737037658691,-0.9178016185760498,0.17956028878688812,-0.2518807649612427,0.17690503597259521,-1.0,-0.06347436696073377,0.2020256646056691,0.898404150188853,0.05341726861586711,0.20518007063397525,0.9024998346667837,0.0,0.0,0.0,0,0.0525
25,0,0.0,-0.1213090492656728,0.03691639797867109,1.078391273413199,0.9702431572232649,0.14221974384826944,-0.195963387582584,0.00033323913408969674,0.03958627738071941,-0.03962588844583881,0.01836700593128549,0.4060634785806973,0.06295713861942587,-1.9206583941809572,-0.0531643687111345,1.9316975843932296,0.6039081805198583,-1.6949602365493774,-0.20288226008415222,-0.8826375007629395,0.1613015979528427,-0.2833034098148346,0.19095008075237274,1.0305454730987549,-1.6949602365493774,-0.20288226008415222,-0.8826375007629395,0.1613015979528427,-0.2833034098148346,0.19095008075237274,-1.0,-0.06347436696073377,0.2020256646056691,0.898404150188853,0.05341726861586711,0.20518007063397525,0.9024998346667837,0.0,0.0,0.0,0,0.0682
26,0,0.0,-0.1252804148312534,0.03423303205443805,1.0698057320722927,0.9692945488207232,0.15309473236090748,-0.19230712759904847,-0.0069317547832385,0.03960884225281078,-0.03963720332307885,0.015669001086800975,0.40486228518061773,0.05785151250113977,-1.9481287473830051,-0.0436389410145307,1.9653943966918888,0.5696510746536837,-1.5948669910430908,-0.17953252792358398,-0.9969656467437744,0.16825400292873383,-0.28335776925086975,0.17823199927806854,0.8491674065589905,-1.5948669910430908,-0.17953252792358398,-0.9969656467437744,0.16825400292873383,-0.28335776925086975,0.17823199927806854,-1.0,-0.06347436696073377,0.2020256646056691,0.898404150188853,0.05341726861586711,0.20518007063397525,0.9024998346667837,0.0,0.0,0.0,0,0.0555
27,0,0.0,-0.13088381876757854,0.03205927786394972,1.0606164976383248,0.9686733780174672,0.16458399918279776,-0.18549097792966213,-0.01330755574559516,0.03963077641153376,-0.039647702888117434,0.013089179168414372,0.398379520931202,0.05385255906628117,-1.9869357074844063,-0.03478596672486364,2.0110977385708853,0.5358480700953041,-1.5064458847045898,-0.23147597908973694,-1.0951287746429443,0.17970572412014008,-0.29174521565437317,0.154649555683136,1.0021741390228271,-1.5064458847045898,-0.23147597908973694,-1.0951287746429443,0.17970572412014008,-0.29174521565437317,0.154649555683136,-1.0,-0.06347436696073377,0.2020256646056691,0.898404150188853,0.05341726861586711,0.20518007063397525,0.9024998346667837,0.0,0.0,0.0,0,0.0547
28,1,0.1601,-0.13803456874548686,0.02991488919135966,1.0503466730487745,0.9684502033705705,0.1753031109128178,-0.17602965697993375,-0.019661707945000703,0.039651207459974566,-0.03965830629260263,0.010153073479136306,0.3888152882427664,0.04995155733550322,-2.035095293911876,-0.024224212071084696,2.067966482458928,0.5020975418091868,-1.5132482051849365,-0.0061024874448776245,-0.9140712022781372,0.16997942328453064,-0.14896076917648315,0.021050384268164635,1.0695160627365112,-1.5132482051849365,-0.0061024874448776245,-0.9140712022781372,0.16997942328453064,-0.14896076917648315,0.021050384268164635,-1.0,-0.06347436696073377,0.2020256646056691,0.898404150188853,0.05341726861586711,0.20518007063397525,0.9024998346667837,0.0,0.0,0.0,0,0.0593
29,0,0.0,-0.14808188796669924,0.028539892700499888,1.0393806069635927,0.9685385364441419,0.1822234496111937,-0.16725317967499223,-0.027460730562757663,0.03967562971630976,-0.039663559665484335,0.006947689924816451,0.37690290923220365,0.04695380825103493,-2.0906087506422715,-0.007605657370910762,2.127183622812009,0.472317071416089,-1.634021282196045,-0.06073765456676483,-0.8036909103393555,0.18088039755821228,-0.15761184692382812,0.03642743080854416,0.8020365834236145,-1.634021282196045,-0.06073765456676483,-0.8036909103393555,0.18088039755821228,-0.15761184692382812,0.03642743080854416,-1.0,-0.06347436696073377,0.2020256646056691,0.898404150188853,0.05341726861586711,0.20518007063397525,0.9024998346667837,0.0,0.0,0.0,0,0.0616
30,0,0.0,-0.15976402509497514,0.02797169986212301,1.0289401611217721,0.9689392678451026,0.1862565649972714,-0.15862556856565374,-0.03609870109069974,0.03969670523950845,-0.03967086077140281,0.0036354845333976594,0.3631184274046946,0.04510558536686366,-2.1489413301319558,0.013574843218597124,2.1865701052639706,0.4445493069236022,-1.4212172031402588,-0.06147189438343048,-0.8895680904388428,0.1802789866924286,-0.15896688401699066,0.03702397644519806,0.8534022569656372,-1.4212172031402588,-0.06147189438343048,-0.8895680904388428,0.1802789866924286,-0.15896688401699066,0.03702397644519806,-1.0,-0.06347436696073377,0.2020256646056691,0.898404150188853,0.05341726861586711,0.20518007063397525,0.9024998346667837,0.0,0.0,0.0,0,0.0554
31,0,0.0,-0.1720348199640278,0.02738923084665387,1.0185587542100754,0.9693872148249425,0.19006218498589136,-0.14892024784605606,-0.04458198463278312,0.039716526696047694,-0.03967819379025204,9.813747288940533e-05,0.34982209144880344,0.04381583513746597,-2.2085729386326287,0.03703791939178561,2.2492631165523123,0.414250862025172,-1.2307028770446777,-0.17636638879776,-0.9558899402618408,0.17581495642662048,-0.1746627688407898,0.03466854989528656,0.8348295092582703,-1.2307028770446777,-0.17636638879776,-0.9558899402618408,0.17581495642662048,-0.1746627688407898,0.03466854989528656,-1.0,-0.06347436696073377,0.2020256646056691,0.898404150188853,0.05341726861586711,0.20518007063397525,0.9024998346667837,0.0,0.0,0.0,0,0.0546
32,1,0.163,-0.18472799336722268,0.02611904442390065,1.0073555556856117,0.9698925414429432,0.19360957428978917,-0.1381122798496928,-0.052428894241572585,0.03973403202957893,-0.03968667413874764,-0.0038652855780362473,0.3394587530867682,0.04227490543654695,-2.2687977234894534,0.062389290991501596,2.3171572229957174,0.38055102296159327,0.584225594997406,0.06479532271623611,0.3725649416446686,0.028729043900966644,0.34858277440071106,0.0034846868366003036,0.005823856685310602,0.584225594997406,0.06479532271623611,0.3725649416446686,0.028729043900966644,0.34858277440071106,0.0034846868366003036,1.0,-0.06347436696073377,0.2020256646056691,0.898404150188853,0.05341726861586711,0.20518007063397525,0.9024998346667837,0.0,0.0,0.0,0,0.0537
33,0,0.0,-0.1960001598606199,0.024166619031816515,0.9998330722366059,0.9703166826106355,0.19573059492648498,-0.12994711611799212,-0.057348205463036706,0.03941128459947069,-0.03927988362701491,-0.0071585603156239155,0.32767566771221535,0.040497311830241293,-2.3179070399710615,0.08125024162322815,2.367409945545184,0.35465612802747054,0.6220412850379944,0.04619774967432022,0.3739670217037201,0.03137723356485367,0.33859288692474365,0.004634486511349678,0.0064667146652936935,0.6220412850379944,0.04619774967432022,0.3739670217037201,0.03137723356485367,0.33859288692474365,0.004634486511349678,1.0,-0.06347436696073377,0.2020256646056691,0.898404150188853,0.05341726861586711,0.20518007063397525,0.9024998346667837,0.0,0.0,0.0,0,0.0549
34,0,0.0,-0.2035382804524759,0.02331723809158106,0.9975559032156377,0.9701808764838395,0.19639723758810335,-0.12852697762598325,-0.06048146819596857,0.03739814718014441,-0.03715064002479495,-0.008982693162628152,0.31736816738422324,0.04001492077684323,-2.3441495024682175,0.09180761376300582,2.3839648450659015,0.341641570115963,0.653091311454773,0.08849741518497467,0.3074595034122467,0.05504952743649483,0.3425857126712799,-0.01305821631103754,-0.033693693578243256,0.653091311454773,0.08849741518497467,0.3074595034122467,0.05504952743649483,0.3425857126712799,-0.01305821631103754,1.0,-0.06347436696073377,0.2020256646056691,0.898404150188853,0.05341726861586711,0.20518007063397525,0.9024998346667837,0.0,0.0,0.0,0,0.0517
35,0,0.0,-0.2074419933359365,0.023836181891905936,0.9970484057369748,0.9695888057395023,0.1959995883399159,-0.13164163315255434,-0.06443748579946346,0.03408844333267694,-0.03376493599337254,-0.010112474584377284,0.31403667778179284,0.0408131549415947,-2.3509733551190473,0.10092909611827412,2.379025193187845,0.3345077606365439,0.6537476778030396,0.02867472916841507,0.2279442548751831,0.07654638588428497,0.33550623059272766,-0.015150018036365509,0.015523943118751049,0.6537476778030396,0.02867472916841507,0.2279442548751831,0.07654638588428497,0.33550623059272766,-0.015150018036365509,1.0,-0.06347436696073377,0.2020256646056691,0.898404150188853,0.05341726861586711,0.20518007063397525,0.9024998346667837,0.0,0.0,0.0,0,0.0563
36,1,0.1682,-0.2084918359297559,0.024923377030477888,0.9969960533229233,0.9685919432393137,0.1946488800441613,-0.1380390508589479,-0.06990480260613839,0.030024894845597883,-0.029683029072387426,-0.011233891841627102,0.31825696085344374,0.04159348501345714,-2.342688323948129,0.11084126465522004,2.3594768197871843,0.329064026790813,-0.15095116198062897,0.039337605237960815,0.08687663078308105,0.14391419291496277,0.3510134816169739,-0.10042309761047363,1.076216459274292,-0.15095116198062897,0.039337605237960815,0.08687663078308105,0.14391419291496277,0.3510134816169739,-0.10042309761047363,-1.0,-0.06347436696073377,0.2020256646056691,0.898404150188853,0.05341726861586711,0.20518007063397525,0.9024998346667837,0.0,0.0,0.0,0,0.0559
37,0,0.0,-0.21109024090134962,0.026449429157618366,0.9968108808568884,0.9668422065119239,0.1908217329583685,-0.15005468309589562,-0.07928938150161395,0.027070701643161648,-0.026609020940051818,-0.013139607327905575,0.32469620098789714,0.04201880421998173,-2.3306442477113927,0.12751128607240225,2.3249266225515277,0.32261562635601704,-0.24424244463443756,0.016994282603263855,-0.0882367491722107,0.14939376711845398,0.3510134816169739,-0.09440656006336212,0.8084295392036438,-0.24424244463443756,0.016994282603263855,-0.0882367491722107,0.14939376711845398,0.3510134816169739,-0.09440656006336212,-1.0,-0.06347436696073377,0.2020256646056691,0.898404150188853,0.05341726861586711,0.20518007063397525,0.9024998346667837,0.0,0.0,0.0,0,0.0493
38,0,0.0,-0.21556635294379134,0.02782009558308341,0.9962361272752782,0.9643299332063985,0.18504242817038624,-0.16554981859826504,-0.09176239568053601,0.026899510142983796,-0.02643185417032202,-0.015921469264052315,0.33253227447874517,0.0411623114804797,-2.318562620253642,0.14878457747575177,2.283493285957459,0.31430493266670645,-0.11301220953464508,0.01032167673110962,-0.2063322365283966,0.14990317821502686,0.34392687678337097,-0.10638998448848724,0.39486831426620483,-0.11301220953464508,0.01032167673110962,-0.2063322365283966,0.14990317821502686,0.34392687678337097,-0.10638998448848724,1.0,-0.06347436696073377,0.2020256646056691,0.898404150188853,0.05341726861586711,0.20518007063397525,0.9024998346667837,0.0,0.0,0.0,0,0.0494
39,0,0.0,-0.21936431720219712,0.028660551578564633,0.9943472838167844,0.9615020110441317,0.178806227240501,-0.18051693155878068,-0.1046702119932434,0.02726282709500083,-0.026799155467406185,-0.01907680596350134,0.3454764600160895,0.03898602442658972,-2.3041959334358397,0.17018834098422086,2.245316703364226,0.3052376591924107,-0.08655484020709991,0.15186284482479095,-0.4678691625595093,0.12185613811016083,0.3266846239566803,-0.10142340511083603,0.4061835706233978,-0.08655484020709991,0.15186284482479095,-0.4678691625595093,0.12185613811016083,0.3266846239566803,-0.10142340511083603,1.0,-0.06347436696073377,0.2020256646056691,0.898404150188853,0.05341726861586711,0.20518007063397525,0.9024998346667837,0.0,0.0,0.0,0,0.0493
40,1,0.1692,-0.2223362637588692,0.029799631131057214,0.9900162085932115,0.9584751967483257,0.172430941515271,-0.19473082793892904,-0.11693063019001183,0.026179086862779668,-0.025670168987844477,-0.021819319547694324,0.36602848331434856,0.03722485264745102,-2.2874687238749765,0.19002542395418695,2.2139033023111963,0.2981077872115511,-0.06776192784309387,0.13961906731128693,0.6434777975082397,0.028638459742069244,0.02255469560623169,0.24112431704998016,-0.25717195868492126,-0.06776192784309387,0.13961906731128693,0.6434777975082397,0.028638459742069244,0.02255469560623169,0.24112431704998016,1.0,-0.06347436696073377,0.2020256646056691,0.898404150188853,0.05341726861586711,0.20518007063397525,0.9024998346667837,0.0,0.0,0.0,0,0.0527
41,0,0.0,-0.22165176748860366,0.030541808768123496,0.9899699107500727,0.954704049182106,0.17585110483678054,-0.20546324707503202,-0.12410246373202038,0.023457020582262192,-0.02287633391135426,-0.023153039756252665,0.3789259548959129,0.036498167196782075,-2.2648126640904054,0.19291516260738442,2.178697702058399,0.28669923961328486,-0.10714511573314667,0.12110986560583115,0.6011732816696167,0.026854179799556732,0.026109933853149414,0.2562299072742462,-0.10977593064308167,-0.10714511573314667,0.12110986560583115,0.6011732816696167,0.026854179799556732,0.026109933853149414,0.2562299072742462,1.0,-0.06347436696073377,0.2020256646056691,0.898404150188853,0.05341726861586711,0.20518007063397525,0.9024998346667837,0.0,0.0,0.0,0,0.0518
42,0,0.0,-0.21935836619070465,0.03079393386637521,0.9970408372022689,0.9502565709732883,0.1883746343440219,-0.21359116593288469,-0.12612002336375233,0.019768519080252116,-0.019085939905123965,-0.023110697521443034,0.3758654615259486,0.03699917174258344,-2.2434594917954804,0.18113294760328472,2.136319690256916,0.2730550954012681,-0.045077741146087646,0.0896090641617775,0.5455062389373779,0.0257960744202137,0.030847780406475067,0.2664249837398529,-0.014658436179161072,-0.045077741146087646,0.0896090641617775,0.5455062389373779,0.0257960744202137,0.030847780406475067,0.2664249837398529,1.0,-0.06347436696073377,0.2020256646056691,0.898404150188853,0.05341726861586711,0.20518007063397525,0.9024998346667837,0.0,0.0,0.0,0,0.0581
43,0,0.0,-0.21758661572151616,0.031213862089976434,1.0050955334929832,0.9457888990823045,0.20229291503099756,-0.2206523479354815,-0.12598998472696993,0.01550070326755353,-0.014773304900870409,-0.022319482461255556,0.36894806769844335,0.038744797045869785,-2.2259040708144946,0.1660415786826906,2.097428894438046,0.26055584029590284,0.09264352917671204,0.15665468573570251,0.5431318283081055,0.021908802911639214,0.0388236939907074,0.267640084028244,0.06621547788381577,0.09264352917671204,0.15665468573570251,0.5431318283081055,0.021908802911639214,0.0388236939907074,0.267640084028244,1.0,-0.06347436696073377,0.2020256646056691,0.898404150188853,0.05341726861586711,0.20518007063397525,0.9024998346667837,0.0,0.0,0.0,0,0.0624
44,1,0.1563,-0.21576023434930242,0.03223211920083193,1.012841822159354,0.9414608663992765,0.216521119614906,-0.22628955965683223,-0.12475206206611267,0.010923014759422579,-0.010151077477004595,-0.020914975011022713,0.36190376366898247,0.04200423910618346,-2.210102850773996,0.15077287317634297,2.0638107964339727,0.24883019207758958,0.4354509115219116,0.39226341247558594,0.5865213871002197,-0.07710719108581543,0.07019706070423126,-0.044493623077869415,0.017993837594985962,0.4354509115219116,0.39226341247558594,0.5865213871002197,-0.07710719108581543,0.07019706070423126,-0.044493623077869415,1.0,-0.06347436696073377,0.2020256646056691,0.898404150188853,0.05341726861586711,0.20518007063397525,0.9024998346667837,0.0,0.0,0.0,0,0.051
45,0,0.0,-0.21232396026096248,0.03452644194009892,1.0204035287830342,0.9394346338628748,0.2228035118061811,-0.22970124891237106,-0.1227130802883503,0.006899585734442607,-0.006089777314161968,-0.018899612515629813,0.3565484914880888,0.04629061180312496,-2.192428648580892,0.14129684298798179,2.035935457254928,0.25225295938452086,0.4571390748023987,0.37737512588500977,0.6247578859329224,-0.0981760174036026,0.05172770842909813,-0.025799458846449852,-0.018327372148633003,0.4571390748023987,0.37737512588500977,0.6247578859329224,-0.0981760174036026,0.05172770842909813,-0.025799458846449852,1.0,-0.06347436696073377,0.2020256646056691,0.898404150188853,0.05341726861586711,0.20518007063397525,0.9024998346667837,0.0,0.0,0.0,0,0.0501
46,0,0.0,-0.20761897731017454,0.0381552327480009,1.0281481433243984,0.9395830457820973,0.22136426572490012,-0.23228016666156434,-0.11927902629795407,0.004501688163737403,-0.0036769973697371554,-0.016033659935568136,0.35260495378413387,0.05177463459938659,-2.1721325085022336,0.13454703329363873,2.0100488586818033,0.2712335762005172,0.5640949606895447,0.390114426612854,0.7138187885284424,-0.10343745350837708,0.06070410832762718,-0.020828193053603172,0.023365924134850502,0.5640949606895447,0.390114426612854,0.7138187885284424,-0.10343745350837708,0.06070410832762718,-0.020828193053603172,1.0,-0.06347436696073377,0.2020256646056691,0.898404150188853,0.05341726861586711,0.20518007063397525,0.9024998346667837,0.0,0.0,0.0,0,0.0509
47,0,0.0,-0.20225297141419382,0.042514376492837534,1.0366156106208595,0.940198020388166,0.21869358989486135,-0.2347177940421554,-0.11449171741682873,0.0031482055626340065,-0.0023240989448372186,-0.012475404487746549,0.3490155576009953,0.058377477240006956,-2.1491766641813896,0.1266498982172937,1.9830334020601565,0.2953036781852301,0.5913496017456055,0.3177366852760315,0.7618329524993896,-0.08653527498245239,0.019964098930358887,-0.03210556507110596,-0.005976326763629913,0.5913496017456055,0.3177366852760315,0.7618329524993896,-0.08653527498245239,0.019964098930358887,-0.03210556507110596,1.0,-0.06347436696073377,0.2020256646056691,0.898404150188853,0.05341726861586711,0.20518007063397525,0.9024998346667837,0.0,0.0,0.0,0,0.0576
48,1,0.1773,-0.19591414644099375,0.04707600017282353,1.0460479933013396,0.9411751027687536,0.21557678578395734,-0.23616028414822743,-0.10929041838290807,0.0023694898146062403,-0.0015824987969338985,-0.008798069798484295,0.3456528855989681,0.06503537911617062,-2.1231235749245965,0.11906725397232659,1.9552423101318608,0.32032156657745814,0.12973177433013916,0.20702600479125977,0.35190483927726746,0.012975571677088737,0.025331977754831314,-3.241002559661865e-05,0.2810508906841278,0.12973177433013916,0.20702600479125977,0.35190483927726746,0.012975571677088737,0.025331977754831314,-3.241002559661865e-05,1.0,-0.06347436696073377,0.2020256646056691,0.898404150188853,0.05341726861586711,0.20518007063397525,0.9024998346667837,0.0,0.0,0.0,0,0.0664
49,0,0.0,-0.19141289585613744,0.051593476373829175,1.0537673650438224,0.9412431951435003,0.21343657054631127,-0.23895809690816855,-0.10679469027769685,0.0019307013512123775,-0.0011666778423453635,-0.005736995738384248,0.344864960200588,0.07096148607518524,-2.1002980874891204,0.11585627950459579,1.9282312348530157,0.33810863582659784,0.10974261164665222,0.2613952159881592,0.26739177107810974,0.013260336592793465,0.03767853230237961,0.001645861193537712,0.06949019432067871,0.10974261164665222,0.2613952159881592,0.26739177107810974,0.013260336592793465,0.03767853230237961,0.001645861193537712,1.0,-0.06347436696073377,0.2020256646056691,0.898404150188853,0.05341726861586711,0.20518007063397525,0.9024998346667837,0.0,0.0,0.0,0,0.0601
50,0,0.0,-0.18879204008542194,0.05575325717826596,1.0588550548605107,0.9404502558499411,0.21272780142415737,-0.24257782020793328,-0.10703363918035777,0.0016704461591181285,-0.0009463249214486063,-0.0033779468529182596,0.34681298186273524,0.07582457138966406,-2.0820816533786903,0.11651332945451834,1.9054424411845992,0.34804041603041636,-0.07606066763401031,0.28756022453308105,0.08155800402164459,0.013307379558682442,0.03183260187506676,0.00225699320435524,0.075198695063591,-0.07606066763401031,0.28756022453308105,0.08155800402164459,0.013307379558682442,0.03183260187506676,0.00225699320435524,1.0,-0.06347436696073377,0.2020256646056691,0.898404150188853,0.05341726861586711,0.20518007063397525,0.9024998346667837,0.0,0.0,0.0,0,0.061
51,0,0.0,-0.1874511592849126,0.05974537007527392,1.0619131901248418,0.9392960314319743,0.21257161897486976,-0.2466476587263268,-0.10817210632767653,0.001528158525246061,-0.000818334677534982,-0.0012073387632910433,0.350482036496065,0.08033329802362847,-2.0680080189280106,0.11843950760860791,1.886985660025636,0.35498832884845744,-0.17602531611919403,0.2701405882835388,-0.05945979058742523,0.023360375314950943,0.02998434752225876,0.0011071711778640747,0.08548180013895035,-0.17602531611919403,0.2701405882835388,-0.05945979058742523,0.023360375314950943,0.02998434752225876,0.0011071711778640747,1.0,-0.06347436696073377,0.2020256646056691,0.898404150188853,0.05341726861586711,0.20518007063397525,0.9024998346667837,0.0,0.0,0.0,0,0.0615
52,1,0.1573,-0.18742405826738134,0.06364059167066757,1.0629299801936405,0.9379248097746937,0.21263417163081424,-0.2510276048601944,-0.1098585538869619,0.0014472533889277653,-0.0007466460160966043,0.000868001925206581,0.355308016360591,0.08464889741276434,-2.058726079842976,0.1213289536294446,1.8735740393264664,0.36006716991009463,-1.552075743675232,0.24217936396598816,-1.0144696235656738,0.05060812458395958,-0.3199980556964874,0.21297577023506165,1.1088688373565674,-1.552075743675232,0.24217936396598816,-1.0144696235656738,0.05060812458395958,-0.3199980556964874,0.21297577023506165,-1.0,-0.06347436696073377,0.2020256646056691,0.898404150188853,0.05341726861586711,0.20518007063397525,0.9024998346667837,0.0,0.0,0.0,0,0.0377
53,0,0.0,-0.18887726364915064,0.06733006261423012,1.05902152108636,0.9357583722874765,0.2192685545079276,-0.2533317362099717,-0.11000273236032397,0.001615415897760954,-0.0009522512239697295,0.003606482501431979,0.3631970782018593,0.09032657263867946,-2.0601565009396894,0.11861294872304652,1.8786107037040178,0.3540579503532816,-1.3880667686462402,0.2624412178993225,-1.0059049129486084,0.0590096153318882,-0.348616361618042,0.20738282799720764,1.19119393825531,-1.3880667686462402,0.2624412178993225,-1.0059049129486084,0.0590096153318882,-0.348616361618042,0.20738282799720764,-1.0,-0.06347436696073377,0.2020256646056691,0.898404150188853,0.05341726861586711,0.20518007063397525,0.9024998346667837,0.0,0.0,0.0,0,0.0374
54,0,0.0,-0.19168724775517842,0.0709975097003569,1.0500758299744315,0.9338108257290073,0.23207498210830088,-0.24996252276049397,-0.10796889202890586,0.0034158785149545124,-0.002756735078317736,0.00695145827273992,0.3701645005977448,0.09751069198395695,-2.0772809805839216,0.11186773934758222,1.9103272859470972,0.3388829910043401,-1.514154076576233,0.2997426986694336,-1.0474661588668823,0.04998299479484558,-0.34091001749038696,0.19847887754440308,1.2513099908828735,-1.514154076576233,0.2997426986694336,-1.0474661588668823,0.04998299479484558,-0.34091001749038696,0.19847887754440308,-1.0,-0.06347436696073377,0.2020256646056691,0.898404150188853,0.05341726861586711,0.20518007063397525,0.9024998346667837,0.0,0.0,0.0,0,0.0365
55,0,0.0,-0.19638880793377683,0.07484587177580766,1.0395606458389404,0.9325458286295484,0.2454861417287335,-0.24296607625906405,-0.10517755232008137,0.006628850619977608,-0.005924317249729742,0.010436047631835494,0.37218672100608063,0.10542636945934362,-2.1073203712429467,0.10576992026774319,1.9574836325113305,0.32285722067580314,-1.3313194513320923,0.31500107049942017,-0.9977936744689941,0.07153494656085968,-0.3664846420288086,0.15393047034740448,0.9742652177810669,-1.3313194513320923,0.31500107049942017,-0.9977936744689941,0.07153494656085968,-0.3664846420288086,0.15393047034740448,-1.0,-0.06347436696073377,0.2020256646056691,0.898404150188853,0.05341726861586711,0.20518007063397525,0.9024998346667837,0.0,0.0,0.0,0,0.0372
56,1,0.1429,-0.20257379138706766,0.0790989141503478,1.0285618416088986,0.9321509630795952,0.25781211819353583,-0.23266887119500693,-0.10243383288340668,0.010632518525588726,-0.00988404477726848,0.013854082103584889,0.36966242738215827,0.11396315153557582,-2.1471630198471274,0.10288910323026615,2.0167057329791582,0.30789046937353076,0.5653156638145447,-0.387039452791214,0.33622846007347107,0.09286130964756012,0.2600100338459015,-0.03572165593504906,0.04457642883062363,0.5653156638145447,-0.387039452791214,0.33622846007347107,0.09286130964756012,0.2600100338459015,-0.03572165593504906,1.0,-0.06347436696073377,0.2020256646056691,0.898404150188853,0.05341726861586711,0.20518007063397525,0.9024998346667837,0.0,0.0,0.0,0,0.0373
57,0,0.0,-0.2086824450570578,0.0798612807659137,1.0220588596461437,0.9331845245431336,0.2624159055374642,-0.2232128445746347,-0.10237461448551279,0.013538609479023111,-0.012909905836139794,0.014261802673912331,0.3593731820656404,0.11570045880003338,-2.1844527309082804,0.10836023701928922,2.061829909776244,0.29569053605254325,0.5442286729812622,-0.4935327470302582,0.35284003615379333,0.11755664646625519,0.29688549041748047,-0.029016505926847458,0.005432641599327326,0.5442286729812622,-0.4935327470302582,0.35284003615379333,0.11755664646625519,0.29688549041748047,-0.029016505926847458,1.0,-0.06347436696073377,0.2020256646056691,0.898404150188853,0.05341726861586711,0.20518007063397525,0.9024998346667837,0.0,0.0,0.0,0,0.038
58,0,0.0,-0.21360339529017328,0.0762397162309662,1.0214717074088242,0.9337105126722056,0.26084874389773827,-0.22040390498604764,-0.10753943462413917,0.013674771865644237,-0.013086594377022755,0.01109466977848937,0.34681500593893766,0.10934620923588871,-2.2065663434059375,0.1216131228806832,2.0731197995744477,0.2795565006284992,0.47300493717193604,-0.43098917603492737,0.48253247141838074,0.06999179720878601,0.3384408950805664,-0.003989404067397118,-0.04804421588778496,0.47300493717193604,-0.43098917603492737,0.48253247141838074,0.06999179720878601,0.3384408950805664,-0.003989404067397118,1.0,-0.06347436696073377,0.2020256646056691,0.898404150188853,0.05341726861586711,0.20518007063397525,0.9024998346667837,0.0,0.0,0.0,0,0.0346
59,0,0.0,-0.21731529856530302,0.07084134966601845,1.023670653289002,0.9326437858470695,0.2590147327091997,-0.22336693627430515,-0.1148657857669407,0.01202402929202569,-0.01142442909070559,0.006751071091742066,0.3373492732840705,0.09963484051739731,-2.2144824229958675,0.13364724166457706,2.0600928681464414,0.2607393848196267,0.4666324257850647,-0.36703595519065857,0.4756298363208771,0.0574590303003788,0.3392585217952728,0.005966316908597946,0.02398432046175003,0.4666324257850647,-0.36703595519065857,0.4756298363208771,0.0574590303003788,0.3392585217952728,0.005966316908597946,1.0,-0.06347436696073377,0.2020256646056691,0.898404150188853,0.05341726861586711,0.20518007063397525,0.9024998346667837,0.0,0.0,0.0,0,0.0354
60,1,0.1451,-0.2195400760714392,0.065323683923077,1.027508392323139,0.9303855100776189,0.25784219179531576,-0.23019646092167678,-0.12210567614542128,0.008935176917854983,-0.008302401968224755,0.0026071435729091564,0.3323033434755285,0.08950743253996964,-2.2102332403293623,0.14119357736578747,2.0315267877911,0.24414605830926603,-0.06610588729381561,0.5454286932945251,0.6417959928512573,-0.18521974980831146,0.22755835950374603,0.04633012413978577,-0.07510455697774887,-0.06610588729381561,0.5454286932945251,0.6417959928512573,-0.18521974980831146,0.22755835950374603,0.04633012413978577,1.0,-0.06347436696073377,0.2020256646056691,0.898404150188853,0.05341726861586711,0.20518007063397525,0.9024998346667837,0.0,0.0,0.0,0,0.0382
61,0,0.0,-0.22155065697868087,0.06335982818934213,1.0331951040872946,0.9273366482338555,0.2578115297822205,-0.241031946604403,-0.12443294045324291,0.005861421653242268,-0.0049658392892640265,0.0019300532527887478,0.3277787961452704,0.08672018460777034,-2.1992609731071777,0.13727510689005812,1.992683321760174,0.24457448281010177,-0.05813904106616974,0.5078478455543518,0.6210342645645142,-0.1834101527929306,0.2586140036582947,0.038918234407901764,0.08876137435436249,-0.05813904106616974,0.5078478455543518,0.6210342645645142,-0.1834101527929306,0.2586140036582947,0.038918234407901764,1.0,-0.06347436696073377,0.2020256646056691,0.898404150188853,0.05341726861586711,0.20518007063397525,0.9024998346667837,0.0,0.0,0.0,0,0.0385
62,0,0.0,-0.22395227870257178,0.06622083514661319,1.0405139689036196,0.9243833303354702,0.2571667163714846,-0.25473891741180393,-0.12036952498233973,0.003994474281353693,-0.0029771658924320123,0.005204350647161888,0.3221114003303603,0.09291243141136765,-2.1856368872208165,0.12453741679450993,1.949374194089519,0.2657823281519324,0.050767749547958374,0.5150954127311707,0.5502158403396606,-0.1906472146511078,0.2581790089607239,0.0361127033829689,0.07228067517280579,0.050767749547958374,0.5150954127311707,0.5502158403396606,-0.1906472146511078,0.2581790089607239,0.0361127033829689,1.0,-0.06347436696073377,0.2020256646056691,0.898404150188853,0.05341726861586711,0.20518007063397525,0.9024998346667837,0.0,0.0,0.0,0,0.0411
63,0,0.0,-0.22578519716867773,0.07119370210737633,1.0478660730564673,0.9218540272582256,0.2551346201851758,-0.26870436781695467,-0.11353167279154568,0.0029093663420218722,-0.001894163519187787,0.010099574826145413,0.31881209958814694,0.10284632144971419,-2.1690227774949755,0.1102169099285966,1.9065864402695238,0.2959778753026944,0.1400682032108307,0.4331933259963989,0.5050384998321533,-0.17602337896823883,0.2383703589439392,0.027354000136256218,0.076679527759552,0.1400682032108307,0.4331933259963989,0.5050384998321533,-0.17602337896823883,0.2383703589439392,0.027354000136256218,1.0,-0.06347436696073377,0.2020256646056691,0.898404150188853,0.05341726861586711,0.20518007063397525,0.9024998346667837,0.0,0.0,0.0,0,0.0362
64,1,0.1437,-0.22655591422227173,0.07681803389504539,1.0547034831416047,0.919678685822321,0.2523096127268387,-0.2817547478763701,-0.10557100084248298,0.0022685483776794576,-0.0013129734843456643,0.015474925629338634,0.31902598807203436,0.11371894988178508,-2.149116633983448,0.09641985004941411,1.8657858784498664,0.32843676446563785,-0.4833914637565613,0.03253891319036484,-1.0100857019424438,0.0031334590166807175,0.035306911915540695,0.037035517394542694,1.0058506727218628,-0.4833914637565613,0.03253891319036484,-1.0100857019424438,0.0031334590166807175,0.035306911915540695,0.037035517394542694,-1.0,-0.06347436696073377,0.2020256646056691,0.898404150188853,0.05341726861586711,0.20518007063397525,0.9024998346667837,0.0,0.0,0.0,0,0.0377
65,0,0.0,-0.22797644671064407,0.081440208335021,1.053684831063289,0.9171352631743032,0.25062070067866754,-0.2931283226828591,-0.10063776564822922,0.0021839783340719776,-0.0013701161659333719,0.019918442831385767,0.3330534426658499,0.12182541256063373,-2.1353725236249583,0.08747857481928442,1.8459970970248594,0.34940424809605225,-0.5591824054718018,0.027497902512550354,-1.0124441385269165,0.006697054952383041,0.05635518208146095,0.04363230615854263,1.01004958152771,-0.5591824054718018,0.027497902512550354,-1.0124441385269165,0.006697054952383041,0.05635518208146095,0.04363230615854263,-1.0,-0.06347436696073377,0.2020256646056691,0.898404150188853,0.05341726861586711,0.20518007063397525,0.9024998346667837,0.0,0.0,0.0,0,0.0357
66,0,0.0,-0.23116711679753613,0.08410330829769573,1.0437499944837996,0.9142755298524397,0.2510937947539309,-0.3019328176731383,-0.0994421206585482,0.0037136685940831315,-0.0030297216180175347,0.022971136664459903,0.35724807372586165,0.12609280313152954,-2.1331598696026735,0.08258410938919775,1.8506067274686415,0.35632754132182354,-0.6234623193740845,-0.010315760970115662,-0.9683160781860352,0.008638693019747734,0.08677038550376892,0.04869764298200607,1.0289173126220703,-0.6234623193740845,-0.010315760970115662,-0.9683160781860352,0.008638693019747734,0.08677038550376892,0.04869764298200607,-1.0,-0.06347436696073377,0.2020256646056691,0.898404150188853,0.05341726861586711,0.20518007063397525,0.9024998346667837,0.0,0.0,0.0,0,0.0356
67,0,0.0,-0.23630029956267962,0.08539311210586592,1.0318062163833546,0.9108993840330326,0.2526028742024339,-0.31063626238322667,-0.09979585465082394,0.006772395561461079,-0.00610379793902161,0.025204197149308775,0.38143731156154254,0.12831621307849908,-2.1375539036949696,0.07897109866759729,1.8609268480953756,0.3568761482090378,-0.650273859500885,-0.029733285307884216,-0.8726698160171509,0.008618458174169064,0.10510240495204926,0.052685126662254333,1.0243479013442993,-0.650273859500885,-0.029733285307884216,-0.8726698160171509,0.008618458174169064,0.10510240495204926,0.052685126662254333,-1.0,-0.06347436696073377,0.2020256646056691,0.898404150188853,0.05341726861586711,0.20518007063397525,0.9024998346667837,0.0,0.0,0.0,0,0.0367
68,1,0.1491,-0.24276541392964057,0.08581120489269686,1.0200703153747435,0.9071871831861724,0.25452228738066685,-0.319472503143079,-0.10083223504785216,0.010696296236777675,-0.01000802508603971,0.026922366929573335,0.4032591127275047,0.1294274510746338,-2.1455629076111875,0.07594257177917678,1.8717635337858667,0.3544388690853562,0.7619448304176331,0.07976846396923065,0.8038448095321655,-0.019159838557243347,0.03277089074254036,-0.024031268432736397,0.008420850150287151,0.7619448304176331,0.07976846396923065,0.8038448095321655,-0.019159838557243347,0.03277089074254036,-0.024031268432736397,1.0,-0.06347436696073377,0.2020256646056691,0.898404150188853,0.05341726861586711,0.20518007063397525,0.9024998346667837,0.0,0.0,0.0,0,0.0371
69,0,0.0,-0.2415973626283535,0.08637378543307596,1.0166396273232634,0.9059551988253187,0.25502463155001404,-0.3223800058593928,-0.10138415480859798,0.013637088654389107,-0.012920255683721746,0.027631042285445166,0.4166282264388025,0.1294540585642966,-2.1340220607773737,0.07453724324766044,1.868004541953404,0.35469847692246237,0.8222458362579346,0.1167132705450058,0.8158941268920898,-0.017488235607743263,0.02176719903945923,-0.025287417694926262,0.004268400836735964,0.8222458362579346,0.1167132705450058,0.8158941268920898,-0.017488235607743263,0.02176719903945923,-0.025287417694926262,1.0,-0.06347436696073377,0.2020256646056691,0.898404150188853,0.05341726861586711,0.20518007063397525,0.9024998346667837,0.0,0.0,0.0,0,0.0372
70,0,0.0,-0.2336353394743408,0.08732632166682436,1.0240142794551568,0.9066348286494476,0.25387882556193087,-0.32142440023464847,-0.10121849803705249,0.013798818986304348,-0.013037325677893046,0.02770107089957204,0.4175615900888925,0.12918059617403016,-2.105626290264967,0.0746272797435376,1.8428588125387027,0.35885257254689246,0.8761958479881287,0.22433041036128998,0.7512645721435547,-0.03384886682033539,0.03632766380906105,-0.02896123379468918,0.03435269743204117,0.8761958479881287,0.22433041036128998,0.7512645721435547,-0.03384886682033539,0.03632766380906105,-0.02896123379468918,1.0,-0.06347436696073377,0.2020256646056691,0.898404150188853,0.05341726861586711,0.20518007063397525,0.9024998346667837,0.0,0.0,0.0,0,0.0356
71,0,0.0,-0.22457923493329884,0.08897592781214009,1.033666235773525,0.9075781824348692,0.25216329928145276,-0.3202504650465615,-0.10077277857225132,0.012139025262649122,-0.011349800837327043,0.028121392819158823,0.4175470006547032,0.12973366854273705,-2.07246324620117,0.075130933166117,1.8126544020553488,0.3656743582686747,0.8682001829147339,0.19105370342731476,0.6387817859649658,0.0020281951874494553,0.05852324888110161,-0.015204550698399544,-0.018820853903889656,0.8682001829147339,0.19105370342731476,0.6387817859649658,0.0020281951874494553,0.05852324888110161,-0.015204550698399544,1.0,-0.06347436696073377,0.2020256646056691,0.898404150188853,0.05341726861586711,0.20518007063397525,0.9024998346667837,0.0,0.0,0.0,0,0.0366
72,1,0.1439,-0.21553449019766105,0.09129770676005539,1.0427816463768305,0.9082446448744556,0.25061316034482906,-0.3195644015449524,-0.10081320441324437,0.009021461091670202,-0.008235445662626828,0.02890738175334634,0.420993233930741,0.1309006047019977,-2.036801978161492,0.07637741459442617,1.7821938357539557,0.3725157376929585,-0.9540557861328125,0.47943201661109924,-0.8920215368270874,0.0716371238231659,-0.22801408171653748,0.018255064263939857,0.7875030636787415,-0.9540557861328125,0.47943201661109924,-0.8920215368270874,0.0716371238231659,-0.22801408171653748,0.018255064263939857,-1.0,-0.06347436696073377,0.2020256646056691,0.898404150188853,0.05341726861586711,0.20518007063397525,0.9024998346667837,0.0,0.0,0.0,0,0.0387
73,0,0.0,-0.21213360926047145,0.09592284237447887,1.043103300004504,0.907069239665931,0.25170011334589265,-0.3213451312852038,-0.10300366009433266,0.006576478589498483,-0.0057280716474806485,0.03108694215355673,0.4337940487837774,0.13586381169218567,-2.0181636357484742,0.08013495197081917,1.772047581320908,0.3751370094060243,-1.0404033660888672,0.4585984945297241,-1.0080868005752563,0.07847234606742859,-0.27086007595062256,0.023732328787446022,1.1137291193008423,-1.0404033660888672,0.4585984945297241,-1.0080868005752563,0.07847234606742859,-0.27086007595062256,0.023732328787446022,-1.0,-0.06347436696073377,0.2020256646056691,0.898404150188853,0.05341726861586711,0.20518007063397525,0.9024998346667837,0.0,0.0,0.0,0,0.0383
74,0,0.0,-0.21417823343627837,0.10247747309230268,1.0343539523238963,0.905846386237056,0.2551477264242467,-0.3213183134209685,-0.10533994352621942,0.006606404742512371,-0.005771297230192399,0.03454320674216062,0.44944373039892704,0.14414005040694786,-2.0225037104862396,0.08447540174459409,1.7921010824091144,0.3753897472712841,-1.035999059677124,0.389739066362381,-0.9991432428359985,0.07258586585521698,-0.2813241481781006,0.018115999177098274,1.0140622854232788,-1.035999059677124,0.389739066362381,-0.9991432428359985,0.07258586585521698,-0.2813241481781006,0.018115999177098274,-1.0,-0.06347436696073377,0.2020256646056691,0.898404150188853,0.05341726861586711,0.20518007063397525,0.9024998346667837,0.0,0.0,0.0,0,0.0518
75,0,0.0,-0.2183747254244956,0.10882893800713966,1.0231468527237872,0.9059379022789849,0.2589715226347651,-0.3176181973792479,-0.10643753272290346,0.008433504570396285,-0.007619318734879955,0.03815554527917349,0.46053859440282646,0.1527963047039137,-2.0410108102118247,0.08810642545237,1.829826075719009,0.37529994373359854,-0.996079683303833,0.29370030760765076,-0.9411324262619019,0.08255249261856079,-0.28031522035598755,0.011701000854372978,1.0017364025115967,-0.996079683303833,0.29370030760765076,-0.9411324262619019,0.08255249261856079,-0.28031522035598755,0.011701000854372978,-1.0,-0.06347436696073377,0.2020256646056691,0.898404150188853,0.05341726861586711,0.20518007063397525,0.9024998346667837,0.0,0.0,0.0,0,0.039
76,1,0.1447,-0.22428849155857583,0.1143138932225921,1.0116748671924454,0.9070386040986378,0.26264668368249383,-0.31124556971525724,-0.10688257836526047,0.011645414918538401,-0.01083238104886888,0.0413866505315373,0.46567980907009787,0.1608945112378256,-2.0701197723548876,0.0919963606758869,1.8778863654589777,0.3741304078336946,0.016426414251327515,-0.09410624206066132,0.4347456991672516,0.02587202750146389,0.15457893908023834,-0.12957172095775604,0.010009268298745155,0.016426414251327515,-0.09410624206066132,0.4347456991672516,0.02587202750146389,0.15457893908023834,-0.12957172095775604,1.0,-0.06347436696073377,0.2020256646056691,0.898404150188853,0.05341726861586711,0.20518007063397525,0.9024998346667837,0.0,0.0,0.0,0,0.0391
77,0,0.0,-0.23040463320703825,0.11673039910907337,1.0062249042580194,0.9092723464166997,0.2608767230490024,-0.3056402740739419,-0.10840275954553685,0.014176247296216502,-0.013368931712453637,0.04200279880951332,0.4575957655163058,0.16417013994995983,-2.1005104181111744,0.10133518513348672,1.9116101160398236,0.3754540856351542,0.2872803509235382,-0.2633116841316223,0.47527751326560974,0.030341841280460358,0.29908040165901184,-0.13943752646446228,0.10811912268400192,0.2872803509235382,-0.2633116841316223,0.47527751326560974,0.030341841280460358,0.29908040165901184,-0.13943752646446228,1.0,-0.06347436696073377,0.2020256646056691,0.898404150188853,0.05341726861586711,0.20518007063397525,0.9024998346667837,0.0,0.0,0.0,0,0.0375
78,0,0.0,-0.23608956895311406,0.11539555746719711,1.008388163285224,0.9106642679713143,0.2531678780494305,-0.30627877975460727,-0.11309255340758091,0.014149573286495892,-0.013368579878789446,0.03952596115100943,0.44096904500034584,0.16112907284666939,-2.1219996862547243,0.11690066483903913,1.9135793865320017,0.3764435080116617,0.47344374656677246,-0.30999279022216797,0.34820327162742615,0.04142902046442032,0.344218373298645,-0.15205474197864532,-0.07310161739587784,0.47344374656677246,-0.30999279022216797,0.34820327162742615,0.04142902046442032,0.344218373298645,-0.15205474197864532,1.0,-0.06347436696073377,0.2020256646056691,0.898404150188853,0.05341726861586711,0.20518007063397525,0.9024998346667837,0.0,0.0,0.0,0,0.0377
79,0,0.0,-0.23983409990941315,0.1121193168881027,1.0122167389906058,0.9108509377737459,0.24366084128821883,-0.31061635846456687,-0.12040532145057649,0.012295797959266812,-0.011584540227528502,0.035515972279984105,0.42928033661970744,0.1537273941511966,-2.1309238187006563,0.13439101765912673,1.899069283967114,0.37422350700978135,0.46301698684692383,-0.485058456659317,0.34452253580093384,0.05759376659989357,0.34367355704307556,-0.14363467693328857,-0.0066522941924631596,0.46301698684692383,-0.485058456659317,0.34452253580093384,0.05759376659989357,0.34367355704307556,-0.14363467693328857,1.0,-0.06347436696073377,0.2020256646056691,0.898404150188853,0.05341726861586711,0.20518007063397525,0.9024998346667837,0.0,0.0,0.0,0,0.0357
80,1,0.1422,-0.2415252201338815,0.10718789097707422,1.015967015552693,0.9099592812142165,0.2339024360299064,-0.31718289991774107,-0.1290688380328629,0.009067414026878051,-0.008410328766718168,0.030541614536104284,0.4246589373551725,0.1426405929958617,-2.1289698216340827,0.15053634087912215,1.8747096242763805,0.3689139250761873,-0.6024864912033081,-0.19781789183616638,-0.6563708782196045,0.17908529937267303,0.3054005205631256,0.09055467694997787,0.8341090083122253,-0.6024864912033081,-0.19781789183616638,-0.6563708782196045,0.17908529937267303,0.3054005205631256,0.09055467694997787,-1.0,-0.06347436696073377,0.2020256646056691,0.898404150188853,0.05341726861586711,0.20518007063397525,0.9024998346667837,0.0,0.0,0.0,0,0.0379
81,0,0.0,-0.2468443685396251,0.10326418256807006,1.0143494854992094,0.9048718292556909,0.23147695276796712,-0.3286613866557755,-0.14002530442108535,0.006588726833670256,-0.005838360030234957,0.026556331578411585,0.432562778345003,0.13435853591039787,-2.129463931395396,0.16349633456412493,1.8523962926985302,0.35031886636963877,-0.6634191274642944,-0.2181456983089447,-0.6542938947677612,0.18115484714508057,0.3188750445842743,0.10478676110506058,0.7680686712265015,-0.6634191274642944,-0.2181456983089447,-0.6542938947677612,0.18115484714508057,0.3188750445842743,0.10478676110506058,-1.0,-0.06347436696073377,0.2020256646056691,0.898404150188853,0.05341726861586711,0.20518007063397525,0.9024998346667837,0.0,0.0,0.0,0,0.0379
82,0,0.0,-0.25578216013174204,0.10060719256751584,1.0072264901056802,0.8965308870142151,0.2361936215637198,-0.34246473523748144,-0.15219345216151497,0.006620055138849301,-0.005841345971887032,0.023689967610922777,0.4497071344583561,0.12909540714159418,-2.1351924085429066,0.17273299677975207,1.8381724255230818,0.320952692389377,-0.6633752584457397,-0.25084495544433594,-0.7137500047683716,0.1753995716571808,0.3284190595149994,0.09875130653381348,0.7407178282737732,-0.6633752584457397,-0.25084495544433594,-0.7137500047683716,0.1753995716571808,0.3284190595149994,0.09875130653381348,-1.0,-0.06347436696073377,0.2020256646056691,0.898404150188853,0.05341726861586711,0.20518007063397525,0.9024998346667837,0.0,0.0,0.0,0,0.0369
83,0,0.0,-0.26540523054499554,0.0976227891942717,0.9986901574119511,0.8873984585353287,0.24184128058955046,-0.35645291194656525,-0.16425009088807832,0.008457972005598847,-0.007643241654125769,0.020944983724533555,0.47022872852874165,0.12366668011501952,-2.1414392718227786,0.1795611560567982,1.8265890716691162,0.2899604435473489,-0.6203300952911377,-0.2105976641178131,-0.6323496103286743,0.16423362493515015,0.3025708496570587,0.09888189285993576,0.7615495324134827,-0.6203300952911377,-0.2105976641178131,-0.6323496103286743,0.16423362493515015,0.3025708496570587,0.09888189285993576,-1.0,-0.06347436696073377,0.2020256646056691,0.898404150188853,0.05341726861586711,0.20518007063397525,0.9024998346667837,0.0,0.0,0.0,0,0.0364
84,1,0.1415,-0.27473294433659423,0.09453002090712753,0.9900578993577538,0.8781156332857852,0.24744363112835244,-0.36979210809486074,-0.17589309475894227,0.011689378592061136,-0.010811229304363927,0.01829872488898868,0.49212496184340887,0.11824983138731784,-2.1462968939237372,0.1846060794789448,1.8159530074633174,0.2596500358034318,-0.021130487322807312,0.7022050619125366,-0.19040590524673462,0.010717110708355904,-0.02316051907837391,-0.1330014169216156,0.99851393699646,-0.021130487322807312,0.7022050619125366,-0.19040590524673462,0.010717110708355904,-0.02316051907837391,-0.1330014169216156,-1.0,-0.06347436696073377,0.2020256646056691,0.898404150188853,0.05341726861586711,0.20518007063397525,0.9024998346667837,0.0,0.0,0.0,0,0.0382
85,0,0.0,-0.2772504299324138,0.09603977897560538,0.9844173449178509,0.8738962793014111,0.24832291620848745,-0.374398255484096,-0.1856528173751383,0.015807690356621495,-0.014680203000334362,0.017199573799377744,0.5103657877579107,0.11802357102837506,-2.1403965776804674,0.19695645119356778,1.8131573028115229,0.24560911499502106,-0.04606272280216217,0.7574584484100342,-0.1978163719177246,-8.45794565975666e-05,0.0009418046101927757,-0.1080017015337944,0.9669497609138489,-0.04606272280216217,0.7574584484100342,-0.1978163719177246,-8.45794565975666e-05,0.0009418046101927757,-0.1080017015337944,-1.0,-0.06347436696073377,0.2020256646056691,0.898404150188853,0.05341726861586711,0.20518007063397525,0.9024998346667837,0.0,0.0,0.0,0,0.0366
86,0,0.0,-0.2761479424578439,0.10284427662280646,0.980965502551719,0.8737974251004346,0.24417089702078004,-0.3740884361613242,-0.19213660470168528,0.020316896318054303,-0.01903425815902094,0.018416039462619,0.5244868379865821,0.1246571150068805,-2.1309917731371386,0.21394278517693244,1.8163561575509186,0.2505549405656155,0.00931154191493988,0.6153810620307922,-0.1791137307882309,0.00474928505718708,0.00812453031539917,-0.10422278195619583,0.9970613718032837,0.00931154191493988,0.6153810620307922,-0.1791137307882309,0.00474928505718708,0.00812453031539917,-0.10422278195619583,-1.0,-0.06347436696073377,0.2020256646056691,0.898404150188853,0.05341726861586711,0.20518007063397525,0.9024998346667837,0.0,0.0,0.0,0,0.0362
87,0,0.0,-0.27534665112799517,0.11079530068677937,0.9781525044232119,0.8742737370898226,0.2388429893383561,-0.37417478609602967,-0.19645021895865306,0.024993667811847146,-0.02370144788815321,0.020543268978293783,0.5366023766697967,0.13337196110665106,-2.12269771575987,0.2293545582335994,1.820204816238644,0.26238263258403066,0.031045518815517426,0.6319313049316406,-0.17756396532058716,6.849179044365883e-05,0.00020982511341571808,-0.12071102857589722,0.9221306443214417,0.031045518815517426,0.6319313049316406,-0.17756396532058716,6.849179044365883e-05,0.00020982511341571808,-0.12071102857589722,-1.0,-0.06347436696073377,0.2020256646056691,0.898404150188853,0.05341726861586711,0.20518007063397525,0.9024998346667837,0.0,0.0,0.0,0,0.0375
88,1,0.1475,-0.2743628061036985,0.11880587361960984,0.9756628074712174,0.8752567221073556,0.23280703106229506,-0.37382242136511074,-0.19995838061599375,0.029808469459162518,-0.02851420257349107,0.02279917158867133,0.5475347589333236,0.14226876512247996,-2.114899301343462,0.24437099584529112,1.8252945841572443,0.2764442433445278,0.6570408344268799,0.1058577224612236,1.1691256761550903,-0.05378774181008339,0.030537575483322144,-0.04530036449432373,-0.046243444085121155,0.6570408344268799,0.1058577224612236,1.1691256761550903,-0.05378774181008339,0.030537575483322144,-0.04530036449432373,1.0,-0.06347436696073377,0.2020256646056691,0.898404150188853,0.05341726861586711,0.20518007063397525,0.9024998346667837,0.0,0.0,0.0,0,0.0474
89,0,0.0,-0.270205873465012,0.1236501370894266,0.9790119568486457,0.8764784931223932,0.22739252333405696,-0.37380175205831145,-0.20087394451198712,0.033231083547757674,-0.03196135512690329,0.023583793862384433,0.5485773510049382,0.14700289522628035,-2.0996402172815474,0.2513983869347523,1.813258073007388,0.29242169058046663,0.6749308109283447,0.11041014641523361,1.070263147354126,-0.04329647868871689,0.032380323857069016,-0.048361774533987045,-0.03992176800966263,0.6749308109283447,0.11041014641523361,1.070263147354126,-0.04329647868871689,0.032380323857069016,-0.048361774533987045,1.0,-0.06347436696073377,0.2020256646056691,0.898404150188853,0.05341726861586711,0.20518007063397525,0.9024998346667837,0.0,0.0,0.0,0,0.0385
90,0,0.0,-0.26298877168354473,0.12550055971187507,0.9901396679987287,0.8773909222020397,0.22320279227458664,-0.3746379581855497,-0.20003020633105206,0.03358453280246528,-0.03230663142078706,0.023021681732656195,0.5381010217155552,0.14813048688407232,-2.077090135371617,0.25265952795633134,1.781011453197133,0.3091043560366675,0.7918916344642639,0.09393180906772614,0.9420716762542725,-0.03405670076608658,0.06493650376796722,-0.048387713730335236,-0.03725777193903923,0.7918916344642639,0.09393180906772614,0.9420716762542725,-0.03405670076608658,0.06493650376796722,-0.048387713730335236,1.0,-0.06347436696073377,0.2020256646056691,0.898404150188853,0.05341726861586711,0.20518007063397525,0.9024998346667837,0.0,0.0,0.0,0,0.0365
91,0,0.0,-0.25495812452309335,0.12690676449139815,1.002813865802576,0.8783216509086846,0.21909132517917584,-0.3752594374717016,-0.1993249190761081,0.03210361537584457,-0.0308504958920917,0.02225040893215699,0.5270741756467013,0.1483354130073623,-2.0512743638992967,0.2539849149424201,1.745209107378013,0.32552715300179547,0.8406090140342712,0.02961147576570511,0.7555794715881348,-0.014761868864297867,0.04498813673853874,-0.03092295676469803,-0.05400949344038963,0.8406090140342712,0.02961147576570511,0.7555794715881348,-0.014761868864297867,0.04498813673853874,-0.03092295676469803,1.0,-0.06347436696073377,0.2020256646056691,0.898404150188853,0.05341726861586711,0.20518007063397525,0.9024998346667837,0.0,0.0,0.0,0,0.0396
92,1,0.1426,-0.24630037381401992,0.12790196108302104,1.0144767717607377,0.8794606050505835,0.21549922988488218,-0.37496035759832813,-0.19878092542499393,0.029081197322605848,-0.0278986031258796,0.02148281171417782,0.5200271847288677,0.14767352701916198,-2.0227067471531726,0.2549598009824136,1.7122905605226326,0.3398099389869509,0.15159955620765686,0.22381675243377686,0.4839792549610138,0.0766870379447937,0.05072453245520592,-0.06007266044616699,-0.00601756339892745,0.15159955620765686,0.22381675243377686,0.4839792549610138,0.0766870379447937,0.05072453245520592,-0.06007266044616699,1.0,-0.06347436696073377,0.2020256646056691,0.898404150188853,0.05341726861586711,0.20518007063397525,0.9024998346667837,0.0,0.0,0.0,0,0.038
93,0,0.0,-0.24058594305554526,0.13016337945231676,1.0235658981883173,0.8786243134344048,0.21292690902044556,-0.3768399065542559,-0.2016758093701324,0.025247440769777238,-0.023998843024057206,0.020929468287638902,0.5180247649509588,0.14838575075421886,-1.9985282322458384,0.2612454011393919,1.6815708057003953,0.34838198964390193,0.36486348509788513,0.047334909439086914,0.37022802233695984,0.07253842055797577,0.04031384363770485,-0.06312975287437439,0.027089359238743782,0.36486348509788513,0.047334909439086914,0.37022802233695984,0.07253842055797577,0.04031384363770485,-0.06312975287437439,1.0,-0.06347436696073377,0.2020256646056691,0.898404150188853,0.05341726861586711,0.20518007063397525,0.9024998346667837,0.0,0.0,0.0,0,0.038
94,0,0.0,-0.23615884754119515,0.1324183196321428,1.0300845922303414,0.8773703518644376,0.2105069804057177,-0.378355136570603,-0.20677395266420634,0.020841964019771765,-0.019675805178003738,0.020081507293984426,0.5192555731418338,0.14820100441998343,-1.978083684996937,0.2705984956152973,1.6575634396567342,0.35232114081451454,0.4782533645629883,-0.17808711528778076,0.3622181713581085,0.10319669544696808,0.043186552822589874,-0.07690393924713135,-0.004019804764539003,0.4782533645629883,-0.17808711528778076,0.3622181713581085,0.10319669544696808,0.043186552822589874,-0.07690393924713135,1.0,-0.06347436696073377,0.2020256646056691,0.898404150188853,0.05341726861586711,0.20518007063397525,0.9024998346667837,0.0,0.0,0.0,0,0.0355
95,0,0.0,-0.2308244924698523,0.13254812275733266,1.0354709465488967,0.8767247071013798,0.2077794727842542,-0.3781528476552756,-0.2125603501542618,0.016149821363008264,-0.015060982909320288,0.018090665879094515,0.5220532856115008,0.14448466259279003,-1.957506501147786,0.28002045083233523,1.6370371499498155,0.3519247765375814,0.38306301832199097,-0.3532625436782837,0.37448856234550476,0.17601969838142395,0.06489132344722748,-0.05346165597438812,0.0038934540934860706,0.38306301832199097,-0.3532625436782837,0.37448856234550476,0.17601969838142395,0.06489132344722748,-0.05346165597438812,1.0,-0.06347436696073377,0.2020256646056691,0.898404150188853,0.05341726861586711,0.20518007063397525,0.9024998346667837,0.0,0.0,0.0,0,0.0356
96,1,0.1433,-0.22581497127446895,0.13051254216808555,1.0407684901676633,0.875044090592152,0.2061353912466307,-0.3782210372090232,-0.22080508827443648,0.0113292209805466,-0.010262547933634302,0.014529685389746291,0.5252551689644505,0.13741685564156578,-1.9375208179924146,0.2906330062646588,1.6135544431288202,0.3432811494619557,-0.059000447392463684,0.1310594528913498,-0.7280402183532715,0.020452985540032387,-0.06384281069040298,0.21291886270046234,0.9995174407958984,-0.059000447392463684,0.1310594528913498,-0.7280402183532715,0.020452985540032387,-0.06384281069040298,0.21291886270046234,-1.0,-0.06347436696073377,0.2020256646056691,0.898404150188853,0.05341726861586711,0.20518007063397525,0.9024998346667837,0.0,0.0,0.0,0,0.0364
97,0,0.0,-0.22327162775036286,0.12844538570396463,1.0394597873838005,0.8725044626024074,0.21163159483631216,-0.3789057590560117,-0.22445145702380664,0.007843973012557001,-0.00689456770081437,0.013588023157030858,0.537031519360659,0.13424635538551327,-1.924008505897006,0.28777455616970843,1.605772505509723,0.3273964126363377,-0.1756538301706314,0.12427477538585663,-0.6778935194015503,0.012067016214132309,-0.052870579063892365,0.1942131221294403,1.0133905410766602,-0.1756538301706314,0.12427477538585663,-0.6778935194015503,0.012067016214132309,-0.052870579063892365,0.1942131221294403,-1.0,-0.06347436696073377,0.2020256646056691,0.898404150188853,0.05341726861586711,0.20518007063397525,0.9024998346667837,0.0,0.0,0.0,0,0.0375
98,0,0.0,-0.22337032621100644,0.12843765639778182,1.0315495679200315,0.8698684706558506,0.22259249770719747,-0.38014279767195963,-0.22197494701307371,0.00752388796805356,-0.00653567624221461,0.016051828665631526,0.5553694987786477,0.13716091378140022,-1.917510073604824,0.27376450899556415,1.6143898384800726,0.3118079928385175,-0.36648476123809814,0.105100616812706,-0.7341628074645996,0.005088045261800289,-0.045740656554698944,0.1741919368505478,1.028045415878296,-0.36648476123809814,0.105100616812706,-0.7341628074645996,0.005088045261800289,-0.045740656554698944,0.1741919368505478,-1.0,-0.06347436696073377,0.2020256646056691,0.898404150188853,0.05341726861586711,0.20518007063397525,0.9024998346667837,0.0,0.0,0.0,0,0.0393
99,0,0.0,-0.22533340835575433,0.12932063728358828,1.0223727523920432,0.8668803600573819,0.23338456063486587,-0.38261693598230945,-0.21829880554772305,0.009043000285073191,-0.007979248517219454,0.019395153320311703,0.5735923534446102,0.14181814499040482,-1.9157948295926521,0.25860773970353995,1.6263173506151458,0.29920756375975566,-0.37523484230041504,0.1569322645664215,-0.7738542556762695,1.9070692360401154e-05,-0.034015458077192307,0.1636667251586914,1.0580247640609741,-0.37523484230041504,0.1569322645664215,-0.7738542556762695,1.9070692360401154e-05,-0.034015458077192307,0.1636667251586914,-1.0,-0.06347436696073377,0.2020256646056691,0.898404150188853,0.05341726861586711,0.20518007063397525,0.9024998346667837,0.0,0.0,0.0,0,0.0365
100,1,0.141,-0.228447275308364,0.13079159964261872,1.0125267744970539,0.863950588602384,0.24327964338674224,-0.385276545270817,-0.21439771274758537,0.012063490448904892,-0.010952655552045248,0.023126152258022326,0.5911729374177915,0.14725060167082904,-1.9177444930619727,0.24428492553514453,1.6415436484111485,0.2890050152022354,-1.4226182699203491,-1.5240421295166016,-0.3018266558647156,0.18115484714508057,0.31629788875579834,-0.09815279394388199,0.7223339676856995,-1.4226182699203491,-1.5240421295166016,-0.3018266558647156,0.18115484714508057,0.31629788875579834,-0.09815279394388199,-1.0,-0.06347436696073377,0.2020256646056691,0.898404150188853,0.05341726861586711,0.20518007063397525,0.9024998346667837,0.0,0.0,0.0,0,0.0366
101,0,0.0,-0.23655093676455263,0.12822758275213605,1.0034641560483686,0.8594455241006498,0.24518085658738353,-0.39269538129503934,-0.21686418832065982,0.01589083621957945,-0.014866124740863386,0.022153752320927932,0.6020150382305743,0.1444977099223152,-1.934535881352173,0.24255075594835915,1.6486408040302405,0.27617378806981385,-1.6599851846694946,-1.4952138662338257,-0.3077421486377716,0.1809709370136261,0.32139214873313904,-0.08629399538040161,1.1885466575622559,-1.6599851846694946,-1.4952138662338257,-0.3077421486377716,0.1809709370136261,0.32139214873313904,-0.08629399538040161,-1.0,-0.06347436696073377,0.2020256646056691,0.898404150188853,0.05341726861586711,0.20518007063397525,0.9024998346667837,0.0,0.0,0.0,0,0.0469
102,0,0.0,-0.24921615020469223,0.1194343730787589,0.9981029776071052,0.8516743857069926,0.24060873436120028,-0.40582009070430114,-0.22818464378759193,0.02023019290773802,-0.019237462804147464,0.015422399556335457,0.6045600115618314,0.1309602466093902,-1.9612690473230652,0.2516887909401596,1.6376015444230336,0.25279793371363685,-1.7514256238937378,-1.3642146587371826,-0.5433419942855835,0.17923110723495483,0.2936851680278778,-0.09760698676109314,1.1552506685256958,-1.7514256238937378,-1.3642146587371826,-0.5433419942855835,0.17923110723495483,0.2936851680278778,-0.09760698676109314,-1.0,-0.06347436696073377,0.2020256646056691,0.898404150188853,0.05341726861586711,0.20518007063397525,0.9024998346667837,0.0,0.0,0.0,0,0.0482
103,0,0.0,-0.26209686899821344,0.10812175120995293,0.9929173840638579,0.8434613294218833,0.2356167525334324,-0.41770150251613974,-0.2420396382645345,0.02481587165141618,-0.023901713821007958,0.006949815613201013,0.6072515679057953,0.11280147379628463,-1.9893498776944911,0.2612918873914741,1.6269217230956685,0.22197430025504467,-1.474204659461975,-1.2160505056381226,-0.6260746717453003,0.16679425537586212,0.22880633175373077,-0.08729688078165054,1.0966567993164062,-1.474204659461975,-1.2160505056381226,-0.6260746717453003,0.16679425537586212,0.22880633175373077,-0.08729688078165054,-1.0,-0.06347436696073377,0.2020256646056691,0.898404150188853,0.05341726861586711,0.20518007063397525,0.9024998346667837,0.0,0.0,0.0,0,0.0377
104,1,0.1446,-0.2749102016491061,0.09579716755107853,0.9860218792588437,0.8360239800603648,0.23124906973618195,-0.4267821531222661,-0.2558217470945316,0.029556676640909108,-0.028707733665442593,-0.0018626158551007814,0.6125143247934252,0.0927794210772916,-2.0184554240324397,0.2684438955108356,1.6240299722452405,0.18691812250506934,-0.056905001401901245,-0.10422585904598236,0.4722684323787689,-0.009959239512681961,0.1461120843887329,-0.06572137773036957,0.004279352258890867,-0.056905001401901245,-0.10422585904598236,0.4722684323787689,-0.009959239512681961,0.1461120843887329,-0.06572137773036957,1.0,-0.06347436696073377,0.2020256646056691,0.898404150188853,0.05341726861586711,0.20518007063397525,0.9024998346667837,0.0,0.0,0.0,0,0.0379
105,0,0.0,-0.2823568047824019,0.0870087366216268,0.9839922185817832,0.8313096029451692,0.22767401343413263,-0.43111297870039744,-0.26689040307588646,0.033189627385214596,-0.0319282339354609,-0.009011041305218771,0.6117931536829468,0.07806716259175679,-2.0352292525833846,0.27538767522545576,1.6168094139089115,0.16238347499420397,-0.03549474477767944,-0.08759832382202148,0.6556833982467651,-0.022657126188278198,0.1727391481399536,-0.05825036019086838,-0.017591271549463272,-0.03549474477767944,-0.08759832382202148,0.6556833982467651,-0.022657126188278198,0.1727391481399536,-0.05825036019086838,1.0,-0.06347436696073377,0.2020256646056691,0.898404150188853,0.05341726861586711,0.20518007063397525,0.9024998346667837,0.0,0.0,0.0,0,0.0379
106,0,0.0,-0.2852280685844349,0.08281967609541907,0.9892966891862385,0.8280132789949974,0.2231028277198795,-0.4355583453015952,-0.27369337936728033,0.033654153092939475,-0.032193250999391604,-0.013754181521495261,0.6024467267635726,0.07030740394242799,-2.040610090351235,0.28109276556309754,1.595148405369788,0.1568071386966743,0.05099819600582123,-0.0719165951013565,0.7692066431045532,-0.009967751801013947,0.1789901852607727,-0.057839199900627136,-0.009670342318713665,0.05099819600582123,-0.0719165951013565,0.7692066431045532,-0.009967751801013947,0.1789901852607727,-0.057839199900627136,1.0,-0.06347436696073377,0.2020256646056691,0.898404150188853,0.05341726861586711,0.20518007063397525,0.9024998346667837,0.0,0.0,0.0,0,0.0361
107,0,0.0,-0.28665269342630373,0.08051262773835474,0.9979251039315417,0.8246723682207924,0.2176871414878474,-0.44156915287612225,-0.2784680892889217,0.03223854419393169,-0.03068595036763153,-0.0173898237444244,0.5898575355562646,0.06553194096156444,-2.040758856536352,0.2857920042495018,1.5649422144047513,0.16076412222552924,0.09597595036029816,-0.11712437868118286,0.806896448135376,0.0034920675680041313,0.18915490806102753,-0.06237728148698807,0.01926441304385662,0.09597595036029816,-0.11712437868118286,0.806896448135376,0.0034920675680041313,0.18915490806102753,-0.06237728148698807,1.0,-0.06347436696073377,0.2020256646056691,0.898404150188853,0.05341726861586711,0.20518007063397525,0.9024998346667837,0.0,0.0,0.0,0,0.0355
108,1,0.1419,-0.2871042751770641,0.07886112464262998,1.0081560215858114,0.821210783040697,0.21188665817405095,-0.4481014332716087,-0.28270479197467957,0.029271819890835372,-0.027695494555842706,-0.020723816389357542,0.5764556862569282,0.061574668260422565,-2.037296093353574,0.2904941170358812,1.5301249820557905,0.16842836557105567,1.2173937559127808,0.3447800874710083,1.3307512998580933,0.013062499463558197,0.3172636032104492,0.020347965881228447,0.10361168533563614,1.2173937559127808,0.3447800874710083,1.3307512998580933,0.013062499463558197,0.3172636032104492,0.020347965881228447,1.0,-0.06347436696073377,0.2020256646056691,0.898404150188853,0.05341726861586711,0.20518007063397525,0.9024998346667837,0.0,0.0,0.0,0,0.039
109,0,0.0,-0.2841709186138633,0.07983152129229405,1.0204437625025327,0.8178912131189512,0.207602886149844,-0.45346854085348026,-0.2869168653482749,0.025518501652419732,-0.02374958258103862,-0.022901795314563676,0.5649987902110015,0.06159417590921336,-2.0220233189826415,0.2974236209555579,1.4894054357712858,0.18002060568808628,1.2839800119400024,0.48007553815841675,1.324019193649292,0.003011823631823063,0.3262339234352112,0.006041530519723892,-0.014320350252091885,1.2839800119400024,0.48007553815841675,1.324019193649292,0.003011823631823063,0.3262339234352112,0.006041530519723892,1.0,-0.06347436696073377,0.2020256646056691,0.898404150188853,0.05341726861586711,0.20518007063397525,0.9024998346667837,0.0,0.0,0.0,0,0.0363
110,0,0.0,-0.27806795379701077,0.08421065438730213,1.034441829425682,0.8139798479157153,0.20392948032577524,-0.4598097009843523,-0.2905591387684224,0.02126642140494107,-0.019342236118503057,-0.023401676626918663,0.559325083015083,0.06635140304868363,-1.9926622196958539,0.3067732471181794,1.4404709376093618,0.1996972981600869,1.288928508758545,0.3813737630844116,1.1510472297668457,-0.011183712631464005,0.29005682468414307,0.0076846834272146225,0.06125809624791145,1.288928508758545,0.3813737630844116,1.1510472297668457,-0.011183712631464005,0.29005682468414307,0.0076846834272146225,1.0,-0.06347436696073377,0.2020256646056691,0.898404150188853,0.05341726861586711,0.20518007063397525,0.9024998346667837,0.0,0.0,0.0,0,0.0356
111,0,0.0,-0.2702946730097955,0.08939411303875276,1.0486997462711316,0.80984154869882,0.19954311030599908,-0.46750154882309125,-0.29288481520644605,0.01667388249704498,-0.01471120508829784,-0.023201108238874404,0.5596703969345699,0.07211822357899891,-1.9537274908053477,0.3160861989213071,1.387371040283762,0.2254495369130341,1.3134571313858032,0.402481347322464,1.1344472169876099,-0.029864709824323654,0.3031670153141022,0.01423143781721592,0.09081599861383438,1.3134571313858032,0.402481347322464,1.1344472169876099,-0.029864709824323654,0.3031670153141022,0.01423143781721592,1.0,-0.06347436696073377,0.2020256646056691,0.898404150188853,0.05341726861586711,0.20518007063397525,0.9024998346667837,0.0,0.0,0.0,0,0.0357
112,1,0.1434,-0.2615923990411828,0.09443749031037778,1.0629672009045847,0.805374867251419,0.19470822233614465,-0.47641257391801284,-0.2940936768570013,0.01190644846265611,-0.009919895260750395,-0.022682045629961515,0.5652753388926702,0.07778425366610485,-1.9076959773570588,0.32489375331254083,1.3310799731008771,0.25489871303605954,0.2661229372024536,0.08526797592639923,0.6415202617645264,0.0038269106298685074,0.3386971652507782,-0.011039076372981071,0.06288262456655502,0.2661229372024536,0.08526797592639923,0.6415202617645264,0.0038269106298685074,0.3386971652507782,-0.011039076372981071,1.0,-0.06347436696073377,0.2020256646056691,0.898404150188853,0.05341726861586711,0.20518007063397525,0.9024998346667837,0.0,0.0,0.0,0,0.0375
113,0,0.0,-0.2559489464340889,0.09802064695604261,1.0750498714332275,0.7981240647968687,0.188524891028292,-0.4900328954558691,-0.29550652112268244,0.00765853680406777,-0.005853441316052285,-0.022503241892631125,0.5766868445385195,0.08138929763373876,-1.8655588485594294,0.33244836786376347,1.2724362056039975,0.2837986874516868,0.2683056592941284,0.05643200874328613,0.6245293617248535,0.013993283733725548,0.3298190236091614,-0.01713145710527897,-0.06997852027416229,0.2683056592941284,0.05643200874328613,0.6245293617248535,0.013993283733725548,0.3298190236091614,-0.01713145710527897,1.0,-0.06347436696073377,0.2020256646056691,0.898404150188853,0.05341726861586711,0.20518007063397525,0.9024998346667837,0.0,0.0,0.0,0,0.0361
114,0,0.0,-0.25244819762916,0.09976018890463648,1.0845938204493677,0.7890912686000704,0.18180740195611494,-0.5052236722829565,-0.29837908669680896,0.005085497307738349,-0.0034248499101035643,-0.023134936015699617,0.5915612827634209,0.0820803927176561,-1.828350577163492,0.3405487609418108,1.2162651629274972,0.3077806202301777,0.34281226992607117,0.05166402459144592,0.7238509654998779,0.017761077731847763,0.3225339949131012,-0.015772810205817223,0.023169806227087975,0.34281226992607117,0.05166402459144592,0.7238509654998779,0.017761077731847763,0.3225339949131012,-0.015772810205817223,1.0,-0.06347436696073377,0.2020256646056691,0.898404150188853,0.05341726861586711,0.20518007063397525,0.9024998346667837,0.0,0.0,0.0,0,0.0384
115,0,0.0,-0.2486639659997213,0.10075953920692149,1.0939592333369186,0.7797376947406915,0.17558238434873014,-0.5194354625188716,-0.30226934013341805,0.0036463997604922753,-0.002026037417437256,-0.02428431891933192,0.6071708992068848,0.0814336492157999,-1.7907646638992811,0.3502358660332408,1.1608231161847178,0.3291006570216614,0.3660733699798584,-0.004928097128868103,0.7396607398986816,0.023743126541376114,0.3156460225582123,-0.029777968302369118,-0.10583113878965378,0.3660733699798584,-0.004928097128868103,0.7396607398986816,0.023743126541376114,0.3156460225582123,-0.029777968302369118,1.0,-0.06347436696073377,0.2020256646056691,0.898404150188853,0.05341726861586711,0.20518007063397525,0.9024998346667837,0.0,0.0,0.0,0,0.0425
116,1,0.155,-0.24437249009409545,0.10112263656685745,1.1038047472437464,0.7702412929744992,0.16944571161996486,-0.5328804242089009,-0.3066838028092056,0.0028306123862616057,-0.0012406086476918754,-0.025920501050905934,0.6229242751028482,0.07962220570548427,-1.7519838747307366,0.361555282324703,1.1049156030153013,0.349903140998172,-1.2037705183029175,0.3039056956768036,-0.8876950740814209,-0.05585380271077156,-0.011025136336684227,0.01179075799882412,1.0434725284576416,-1.2037705183029175,0.3039056956768036,-0.8876950740814209,-0.05585380271077156,-0.011025136336684227,0.01179075799882412,-1.0,-0.06347436696073377,0.2020256646056691,0.898404150188853,0.05341726861586711,0.20518007063397525,0.9024998346667837,0.0,0.0,0.0,0,0.0402
117,0,0.0,-0.24476634204669362,0.10242927517863948,1.104253130974402,0.7606532069068555,0.16498546978963366,-0.5474290198502718,-0.307421472585082,0.0026284100851008143,-0.0012504286135939353,-0.02490803085073041,0.6445794314883074,0.08151646241760488,-1.7326467271741173,0.3644687913715335,1.074275082732952,0.3650668554627221,-1.2403733730316162,0.2162644863128662,-0.8640649318695068,-0.039692845195531845,-0.018983371555805206,0.005001204088330269,0.8563595414161682,-1.2403733730316162,0.2162644863128662,-0.8640649318695068,-0.039692845195531845,-0.018983371555805206,0.005001204088330269,-1.0,-0.06347436696073377,0.2020256646056691,0.898404150188853,0.05341726861586711,0.20518007063397525,0.9024998346667837,0.0,0.0,0.0,0,0.0362
118,0,0.0,-0.25023885920581235,0.10530242623350276,1.0939731512594246,0.7535145171961989,0.16300808730771554,-0.5590090552474234,-0.3052099474103708,0.004069969520856166,-0.0028504512819884083,-0.02159411216518281,0.6669968892620893,0.08694080391197664,-1.7377180375318422,0.36034054634027685,1.0775848577569007,0.37038008789479104,-1.1158928871154785,0.15698954463005066,-0.8033696413040161,-0.04380318894982338,0.006533360108733177,0.01426968164741993,1.0593304634094238,-1.1158928871154785,0.15698954463005066,-0.8033696413040161,-0.04380318894982338,0.006533360108733177,0.01426968164741993,-1.0,-0.06347436696073377,0.2020256646056691,0.898404150188853,0.05341726861586711,0.20518007063397525,0.9024998346667837,0.0,0.0,0.0,0,0.0353
119,0,0.0,-0.258209692003082,0.10787376414834456,1.0819949121506693,0.7478292565529286,0.16191126535502007,-0.5681412385687499,-0.3029053948548888,0.007064906820601833,-0.005875384466514716,-0.018338134734971125,0.6836140926985292,0.09217136002098211,-1.755577717249651,0.3546962296416898,1.0925932422625613,0.3703355707703566,-0.8722783327102661,0.13646464049816132,-0.8584986925125122,-0.0364081896841526,-0.006876099389046431,0.01913970150053501,1.0063526630401611,-0.8722783327102661,0.13646464049816132,-0.8584986925125122,-0.0364081896841526,-0.006876099389046431,0.01913970150053501,-1.0,-0.06347436696073377,0.2020256646056691,0.898404150188853,0.05341726861586711,0.20518007063397525,0.9024998346667837,0.0,0.0,0.0,0,0.0365
120,1,0.1425,-0.26703980028989527,0.10995165676333342,1.0699594310812728,0.7440648327936836,0.16123885277940195,-0.5745368400419483,-0.30046127269367223,0.010930211054533697,-0.009760864756808112,-0.0153688691225686,0.6953683822743566,0.09671591731079993,-1.779628468077976,0.34868723816102937,1.1152918004453616,0.3674901116101966,-0.0953608900308609,0.015596471726894379,-0.5962164998054504,0.007089170627295971,-0.040223971009254456,-0.02333878166973591,1.0339564085006714,-0.0953608900308609,0.015596471726894379,-0.5962164998054504,0.007089170627295971,-0.040223971009254456,-0.02333878166973591,-1.0,-0.06347436696073377,0.2020256646056691,0.898404150188853,0.05341726861586711,0.20518007063397525,0.9024998346667837,0.0,0.0,0.0,0,0.0378
121,0,0.0,-0.2721666384246506,0.11130303252390679,1.059629421066469,0.7447383316480526,0.16104632856412202,-0.5742651900679688,-0.2994134080269141,0.015330740525073699,-0.01409862780070254,-0.0136311067243521,0.7033438860755435,0.0987511206361835,-1.7967967454192308,0.34593150016485597,1.142408675511123,0.36212830445217287,-0.0786338746547699,0.022023886442184448,-0.5824694633483887,0.006233519874513149,-0.06296371668577194,-0.02329719439148903,0.8814480304718018,-0.0786338746547699,0.022023886442184448,-0.5824694633483887,0.006233519874513149,-0.06296371668577194,-0.02329719439148903,-1.0,-0.06347436696073377,0.2020256646056691,0.898404150188853,0.05341726861586711,0.20518007063397525,0.9024998346667837,0.0,0.0,0.0,0,0.0358
122,0,0.0,-0.2741318944105736,0.1118987387177894,1.0514310321998026,0.7475510532898844,0.16111087669289037,-0.570459990587254,-0.2996433000679668,0.019992096598681793,-0.018741722694683646,-0.012888689209890733,0.7096469753988225,0.0989268422520845,-1.8067871601773282,0.3452630873420228,1.1673004484232299,0.35566108223910586,-0.10890375077724457,0.03276311606168747,-0.47785136103630066,0.00513482466340065,-0.06493600457906723,-0.028638554736971855,1.059726595878601,-0.10890375077724457,0.03276311606168747,-0.47785136103630066,0.00513482466340065,-0.06493600457906723,-0.028638554736971855,-1.0,-0.06347436696073377,0.2020256646056691,0.898404150188853,0.05341726861586711,0.20518007063397525,0.9024998346667837,0.0,0.0,0.0,0,0.0354
123,0,0.0,-0.2756750702099372,0.11233474957766662,1.0443289948014782,0.750161590295165,0.1613087896030219,-0.5666821202616028,-0.3001806746252163,0.024809685139003664,-0.023540989983674144,-0.012418053636827076,0.7151279419311191,0.09892549595161289,-1.8152075840382997,0.3451224496486243,1.189271606658831,0.3493268254178714,-0.11636166274547577,0.06188143789768219,-0.36886173486709595,0.00930346641689539,-0.05962756276130676,-0.028249677270650864,-0.13244028389453888,-0.11636166274547577,0.06188143789768219,-0.36886173486709595,0.00930346641689539,-0.05962756276130676,-0.028249677270650864,1.0,-0.06347436696073377,0.2020256646056691,0.898404150188853,0.05341726861586711,0.20518007063397525,0.9024998346667837,0.0,0.0,0.0,0,0.037
124,1,0.1413,-0.27715593086959767,0.1129020137021589,1.0384919919533449,0.7522589932410819,0.16155155808446836,-0.5633628360485338,-0.30104786351632873,0.028264351297271978,-0.02695488449384218,-0.012088184425731832,0.719269095701705,0.09916930903339881,-1.8230358955092345,0.34583325149843175,1.207992226534352,0.3436135444451872,0.24529489874839783,-0.21657878160476685,0.5233718156814575,-0.011851504445075989,0.2457677572965622,-0.2795976400375366,0.013750877231359482,0.24529489874839783,-0.21657878160476685,0.5233718156814575,-0.011851504445075989,0.2457677572965622,-0.2795976400375366,1.0,-0.06347436696073377,0.2020256646056691,0.898404150188853,0.05341726861586711,0.20518007063397525,0.9024998346667837,0.0,0.0,0.0,0,0.0381
125,0,0.0,-0.2776441862259795,0.11261780750716432,1.0375485326645637,0.7529304229688687,0.15363442769938437,-0.5617409146603014,-0.3064953271911499,0.02866152810027851,-0.027254476169984748,-0.014944594713077027,0.7178088324472259,0.09383890473235337,-1.8300765414597497,0.3604570581717233,1.212185387866268,0.3478794994118498,0.23029521107673645,-0.26852700114250183,0.5377399921417236,-0.007393550127744675,0.2766139507293701,-0.2834548056125641,0.06674657016992569,0.23029521107673645,-0.26852700114250183,0.5377399921417236,-0.007393550127744675,0.2766139507293701,-0.2834548056125641,1.0,-0.06347436696073377,0.2020256646056691,0.898404150188853,0.05341726861586711,0.20518007063397525,0.9024998346667837,0.0,0.0,0.0,0,0.0369
126,0,0.0,-0.27715039204944986,0.11036578555425385,1.0428911282007063,0.7501469200387203,0.13744334621037668,-0.5640912723666959,-0.3165279788243647,0.027208020833681904,-0.025751213173191782,-0.021040733133283147,0.7117201728228956,0.08220559367129956,-1.833970807510966,0.38584861450133434,1.1949239814032917,0.3615474289337074,0.24985729157924652,-0.26129084825515747,0.5600570440292358,-0.012995985336601734,0.28656598925590515,-0.2839739918708801,-0.020978659391403198,0.24985729157924652,-0.26129084825515747,0.5600570440292358,-0.012995985336601734,0.28656598925590515,-0.2839739918708801,1.0,-0.06347436696073377,0.2020256646056691,0.898404150188853,0.05341726861586711,0.20518007063397525,0.9024998346667837,0.0,0.0,0.0,0,0.036
127,0,0.0,-0.2757779420430565,0.1071209135475377,1.0503261885653254,0.7454979076246572,0.11958571235339438,-0.5681908736677967,-0.3272480071884535,0.02421028601274856,-0.02275822722874916,-0.027950844147483226,0.7059521629073212,0.0685323769756598,-1.8338136979149877,0.41263767697145215,1.1687131949409235,0.3787009751459392,0.2782619893550873,-0.2213083803653717,0.6451598405838013,-0.022415289655327797,0.2482127696275711,-0.2832883596420288,0.028802094981074333,0.2782619893550873,-0.2213083803653717,0.6451598405838013,-0.022415289655327797,0.2482127696275711,-0.2832883596420288,1.0,-0.06347436696073377,0.2020256646056691,0.898404150188853,0.05341726861586711,0.20518007063397525,0.9024998346667837,0.0,0.0,0.0,0,0.0366
128,1,0.1508,-0.2733127432844653,0.10381458562289536,1.058504516304927,0.7404093432440914,0.10164054913011228,-0.5722100335170479,-0.3376964328384297,0.020345876205772953,-0.01887884849693622,-0.034945778579442976,0.7008264931193594,0.054732116460896305,-1.8302705048137753,0.4398697932554224,1.1401083794538307,0.39853105551731544,0.635529637336731,0.2416178286075592,0.45139744877815247,-0.10941354930400848,0.027681920677423477,-0.09425169974565506,-0.007585296407341957,0.635529637336731,0.2416178286075592,0.45139744877815247,-0.10941354930400848,0.027681920677423477,-0.09425169974565506,1.0,-0.06347436696073377,0.2020256646056691,0.898404150188853,0.05341726861586711,0.20518007063397525,0.9024998346667837,0.0,0.0,0.0,0,0.0391
129,0,0.0,-0.26775524752695645,0.10278130667631719,1.0656478265715572,0.7396835257486588,0.0885128457313358,-0.571900501768741,-0.3434582564930351,0.01602707908710021,-0.014479751649277438,-0.039351467864152424,0.6968917792613475,0.04713696629285122,-1.8182508149693015,0.4613054818461477,1.122218156661099,0.42041739760095076,0.7155401706695557,0.2586391866207123,0.5127890110015869,-0.12337468564510345,0.13336311280727386,-0.09670240432024002,-0.016571329906582832,0.7155401706695557,0.2586391866207123,0.5127890110015869,-0.12337468564510345,0.13336311280727386,-0.09670240432024002,1.0,-0.06347436696073377,0.2020256646056691,0.898404150188853,0.05341726861586711,0.20518007063397525,0.9024998346667837,0.0,0.0,0.0,0,0.0558
130,0,0.0,-0.26074122166394054,0.10463792063452979,1.0724070810148245,0.7409604096641247,0.0781424515987777,-0.5711609459251559,-0.344451161151164,0.01143500620442224,-0.009819786094291034,-0.04129295676190577,0.694947040472898,0.045719371667571056,-1.8001728856853976,0.47940397544200913,1.1079756714941773,0.4494654788151917,0.7356441020965576,0.2771691679954529,0.5069974660873413,-0.12648718059062958,0.16571485996246338,-0.08657128363847733,0.031757429242134094,0.7356441020965576,0.2771691679954529,0.5069974660873413,-0.12648718059062958,0.16571485996246338,-0.08657128363847733,1.0,-0.06347436696073377,0.2020256646056691,0.898404150188853,0.05341726861586711,0.20518007063397525,0.9024998346667837,0.0,0.0,0.0,0,0.0386
131,0,0.0,-0.2534384845189448,0.10760451353571279,1.0797284779545604,0.7410869710522467,0.06674886031008853,-0.5727375426262531,-0.34395697151002796,0.0073932316082401224,-0.005759470688477009,-0.042557795641577516,0.6956294462284532,0.04606741393861999,-1.7781818732679235,0.4985627185170073,1.0902061115024222,0.48588834117019786,0.7701599597930908,0.2818928360939026,0.4742647111415863,-0.11111108958721161,0.1554301530122757,-0.07947688549757004,-0.003834006143733859,0.7701599597930908,0.2818928360939026,0.4742647111415863,-0.11111108958721161,0.1554301530122757,-0.07947688549757004,1.0,-0.06347436696073377,0.2020256646056691,0.898404150188853,0.05341726861586711,0.20518007063397525,0.9024998346667837,0.0,0.0,0.0,0,0.037
132,1,0.1432,-0.2455192471063682,0.11110721452975394,1.0870021230224511,0.740704271617611,0.05534294780348176,-0.575042905416815,-0.34295771906407424,0.004962910462640095,-0.003349681777606717,-0.043512701400307795,0.6993344056551972,0.04733595738177756,-1.7520488500861595,0.5184593912962348,1.0712358422683594,0.5253010157112187,0.4315897226333618,0.028344377875328064,0.6919728517532349,-0.030664697289466858,0.1248486340045929,-0.13962522149085999,-0.02562016062438488,0.4315897226333618,0.028344377875328064,0.6919728517532349,-0.030664697289466858,0.1248486340045929,-0.13962522149085999,1.0,-0.06347436696073377,0.2020256646056691,0.898404150188853,0.05341726861586711,0.20518007063397525,0.9024998346667837,0.0,0.0,0.0,0,0.0378
133,0,0.0,-0.23833674447695163,0.11357885271733627,1.0952672678415747,0.7380316943930434,0.0447732622531683,-0.57888048768762,-0.3438051105395097,0.0035484785827763704,-0.002020651372057751,-0.04554301017526477,0.7033049560908325,0.04705875639996658,-1.726419491274426,0.5393488635197551,1.0462311179606252,0.5616398483378029,0.4877358675003052,-0.0347345769405365,0.8024460077285767,-0.020095761865377426,0.12275367975234985,-0.14918027818202972,-0.021070513874292374,0.4877358675003052,-0.0347345769405365,0.8024460077285767,-0.020095761865377426,0.12275367975234985,-0.14918027818202972,1.0,-0.06347436696073377,0.2020256646056691,0.898404150188853,0.05341726861586711,0.20518007063397525,0.9024998346667837,0.0,0.0,0.0,0,0.0371
134,0,0.0,-0.23159931320220428,0.11412447303451764,1.1049990943539323,0.7339226922991733,0.03486133068979519,-0.5827695063986894,-0.3471626013306979,0.002740500548357739,-0.00127557649537019,-0.049222534139812736,0.7052552888178669,0.04387780803791649,-1.7023314364678295,0.5618180360140717,1.0170143299885717,0.5937124368020086,0.4386736750602722,-0.08288845419883728,0.731824517250061,0.0018077180720865726,0.09911766648292542,-0.1505717635154724,-0.026809362694621086,0.4386736750602722,-0.08288845419883728,0.731824517250061,0.0018077180720865726,0.09911766648292542,-0.1505717635154724,1.0,-0.06347436696073377,0.2020256646056691,0.898404150188853,0.05341726861586711,0.20518007063397525,0.9024998346667837,0.0,0.0,0.0,0,0.0379
135,0,0.0,-0.22492384464205223,0.11354914909273607,1.115042282155439,0.729803102982108,0.02557513665343278,-0.585716845824974,-0.35166620505770413,0.0022651219507640727,-0.0008729416129824221,-0.05374640434697032,0.7062029259675197,0.03921042798663874,-1.6794406438281975,0.5848648876115278,0.988386008994895,0.6228867497624543,0.3947122097015381,-0.11559373140335083,0.6835136413574219,-0.004961139522492886,0.08748473227024078,-0.1469617784023285,0.035008084028959274,0.3947122097015381,-0.11559373140335083,0.6835136413574219,-0.004961139522492886,0.08748473227024078,-0.1469617784023285,1.0,-0.06347436696073377,0.2020256646056691,0.898404150188853,0.05341726861586711,0.20518007063397525,0.9024998346667837,0.0,0.0,0.0,0,0.037
136,1,0.1426,-0.21873878495353902,0.11225632424488666,1.124456816958751,0.7259171834516562,0.01687112708566582,-0.5879715544384493,-0.35643941843138804,0.001980654430042062,-0.000661058688393896,-0.058642304044258894,0.7067518648461152,0.03388066305572732,-1.6588693424023309,0.6071795537648131,0.9624298614933368,0.6495577317568184,0.4001407027244568,-0.02925547957420349,0.8732595443725586,-0.030819371342658997,0.23469972610473633,-0.07663603127002716,0.02661830373108387,0.4001407027244568,-0.02925547957420349,0.8732595443725586,-0.030819371342658997,0.23469972610473633,-0.07663603127002716,1.0,-0.06347436696073377,0.2020256646056691,0.898404150188853,0.05341726861586711,0.20518007063397525,0.9024998346667837,0.0,0.0,0.0,0,0.0381
137,0,0.0,-0.21390914095131242,0.11102403673044833,1.1347092983556242,0.7201608928437077,0.008365350215079032,-0.5929817876880801,-0.3600984709833971,0.0018443912332167978,-0.0005172671647671514,-0.06340990849446664,0.7065885921708773,0.029460254521495113,-1.640470178973079,0.6293965611922566,0.9321282405405519,0.6799939405642426,0.3091297447681427,-0.011706128716468811,0.7879433631896973,-0.029993752017617226,0.21742278337478638,-0.05368254333734512,-0.01324377115815878,0.3091297447681427,-0.011706128716468811,0.7879433631896973,-0.029993752017617226,0.21742278337478638,-0.05368254333734512,1.0,-0.06347436696073377,0.2020256646056691,0.898404150188853,0.05341726861586711,0.20518007063397525,0.9024998346667837,0.0,0.0,0.0,0,0.0366
138,0,0.0,-0.20991705776592717,0.11027849575515394,1.1456145882644626,0.7129848291921458,8.768333762493308e-05,-0.6005301951155866,-0.3619614764141522,0.0017570886397285615,-0.0004446795421530647,-0.06768757934628632,0.7067443911792562,0.026501500339500106,-1.6223709664099848,0.6515195021226908,0.8991003624683476,0.7151885598998733,0.2612985074520111,0.05915430188179016,0.7932873964309692,-0.023409757763147354,0.21881680190563202,-0.05067268759012222,-0.011457670480012894,0.2612985074520111,0.05915430188179016,0.7932873964309692,-0.023409757763147354,0.21881680190563202,-0.05067268759012222,1.0,-0.06347436696073377,0.2020256646056691,0.898404150188853,0.05341726861586711,0.20518007063397525,0.9024998346667837,0.0,0.0,0.0,0,0.0358
139,0,0.0,-0.2063435585584954,0.11020437676809065,1.156213889485643,0.7054281801624888,-0.007485263756711158,-0.6086646846991997,-0.36310102596819316,0.0017021042152678015,-0.00039406731944900225,-0.0714692028349252,0.707370823559844,0.024944206312848716,-1.6052524607262733,0.674290450174712,0.867301452303251,0.7518746337142542,0.1378401666879654,0.09866110980510712,0.7787178754806519,-0.012780366465449333,0.18107089400291443,-0.03390398621559143,-0.014393976889550686,0.1378401666879654,0.09866110980510712,0.7787178754806519,-0.012780366465449333,0.18107089400291443,-0.03390398621559143,1.0,-0.06347436696073377,0.2020256646056691,0.898404150188853,0.05341726861586711,0.20518007063397525,0.9024998346667837,0.0,0.0,0.0,0,0.0358
140,1,0.1424,-0.20340341489805858,0.11085488234907842,1.1665879321818589,0.69761479417266,-0.013721094072996959,-0.617090906515501,-0.3637913462752428,0.0016549035180416383,-0.0003506937614008342,-0.07465735141242194,0.7075623746253479,0.024964562756376023,-1.5902339524191251,0.6970272035804236,0.8371447641756833,0.7881028358132771,0.17620472609996796,0.49580731987953186,-0.09708977490663528,-0.10297432541847229,0.008257541805505753,0.09655877947807312,-0.011307557113468647,0.17620472609996796,0.49580731987953186,-0.09708977490663528,-0.10297432541847229,0.008257541805505753,0.09655877947807312,1.0,-0.06347436696073377,0.2020256646056691,0.898404150188853,0.05341726861586711,0.20518007063397525,0.9024998346667837,0.0,0.0,0.0,0,0.0454
141,0,0.0,-0.20070576396197487,0.11411057291734136,1.1721573960448866,0.6945549194687319,-0.017398557495161893,-0.6226603820979757,-0.359978891887389,0.0016077849164559995,-0.0003118629861470624,-0.07436919029554062,0.7110818526833531,0.030719128394721257,-1.5754147786625772,0.7088885571778626,0.8242262907979239,0.8187427266751767,0.3992794156074524,0.40952280163764954,0.292279988527298,-0.09110090136528015,0.04152907058596611,0.05555293709039688,-0.044226959347724915,0.3992794156074524,0.40952280163764954,0.292279988527298,-0.09110090136528015,0.04152907058596611,0.05555293709039688,1.0,-0.06347436696073377,0.2020256646056691,0.898404150188853,0.05341726861586711,0.20518007063397525,0.9024998346667837,0.0,0.0,0.0,0,0.0363
142,0,0.0,-0.19706826722086118,0.11956289073465182,1.1747044176863783,0.6959074432208895,-0.01936309385108126,-0.6245561676552567,-0.35393148279018294,0.0015663460391154265,-0.00027104230816970166,-0.07213996602540727,0.7170372095276949,0.04013709718562628,-1.5572330750997383,0.7157443715709022,0.822750581016583,0.8460361547617353,0.557042121887207,0.30922096967697144,0.5627717971801758,-0.07615320384502411,0.10192924737930298,0.04039376974105835,0.05198386684060097,0.557042121887207,0.30922096967697144,0.5627717971801758,-0.07615320384502411,0.10192924737930298,0.04039376974105835,1.0,-0.06347436696073377,0.2020256646056691,0.898404150188853,0.05341726861586711,0.20518007063397525,0.9024998346667837,0.0,0.0,0.0,0,0.0361
143,0,0.0,-0.192067610039531,0.12430257094689962,1.1800648638911921,0.696616474242932,-0.021958899474214866,-0.6261832477375214,-0.34948223817544133,0.0015276570338978834,-0.00023101161306381037,-0.07108019468932693,0.7225809354907399,0.047765155139591016,-1.5336306757213467,0.72845441979418,0.8150788975135828,0.8781927233140656,0.7138646245002747,0.2541792094707489,0.748897910118103,-0.07671484351158142,0.10924524068832397,0.01622038148343563,0.045587215572595596,0.7138646245002747,0.2541792094707489,0.748897910118103,-0.07671484351158142,0.10924524068832397,0.01622038148343563,1.0,-0.06347436696073377,0.2020256646056691,0.898404150188853,0.05341726861586711,0.20518007063397525,0.9024998346667837,0.0,0.0,0.0,0,0.0365
144,1,0.1495,-0.18542386311476378,0.12799051479710183,1.1884044137702492,0.6965635336248919,-0.02599398290476465,-0.6277452259677198,-0.34649601404848274,0.0014919455092191564,-0.00019138969775978702,-0.07136599207884303,0.7284324285686729,0.052969753299232994,-1.5033080136569212,0.7482362085472833,0.8011747667501433,0.9174023607398228,-0.05726180970668793,0.4250117540359497,-0.5526784658432007,-0.13384658098220825,0.18622370064258575,0.10852501541376114,0.6790949106216431,-0.05726180970668793,0.4250117540359497,-0.5526784658432007,-0.13384658098220825,0.18622370064258575,0.10852501541376114,-1.0,-0.06347436696073377,0.2020256646056691,0.898404150188853,0.05341726861586711,0.20518007063397525,0.9024998346667837,0.0,0.0,0.0,0,0.0375
145,0,0.0,-0.18235531691784565,0.13229181201766743,1.1909390044322157,0.6935066723451411,-0.03203298923350306,-0.6352553288745029,-0.3383386619203922,0.0016557732113487054,-0.0005179364738837932,-0.06958697288441615,0.7406821326230891,0.06037437885141662,-1.4832502626057233,0.7584305214921995,0.7909423376215483,0.957757766826415,0.18236862123012543,0.4565160274505615,-0.45642220973968506,-0.15541477501392365,0.22393763065338135,0.09588053077459335,0.08488779515028,0.18236862123012543,0.4565160274505615,-0.45642220973968506,-0.15541477501392365,0.22393763065338135,0.09588053077459335,1.0,-0.06347436696073377,0.2020256646056691,0.898404150188853,0.05341726861586711,0.20518007063397525,0.9024998346667837,0.0,0.0,0.0,0,0.0354
146,0,0.0,-0.1814942256951735,0.13800648118251566,1.1865954891133086,0.6894223030028263,-0.03879022768559279,-0.6445659679174316,-0.3282177925723145,0.0021631528264786054,-0.0011211280517225868,-0.06606919886885203,0.7591644027299925,0.06980472268458887,-1.4703435215794771,0.7622478811942646,0.7902566569198214,0.9925352332378619,0.38065600395202637,0.4248124659061432,-0.17717257142066956,-0.17553554475307465,0.23570293188095093,0.05452767759561539,-0.004015588667243719,0.38065600395202637,0.4248124659061432,-0.17717257142066956,-0.17553554475307465,0.23570293188095093,0.05452767759561539,1.0,-0.06347436696073377,0.2020256646056691,0.898404150188853,0.05341726861586711,0.20518007063397525,0.9024998346667837,0.0,0.0,0.0,0,0.0349
147,0,0.0,-0.1790090598046078,0.14372311988521155,1.1826608649658374,0.6855556533713277,-0.04670746832833436,-0.6522748942651979,-0.31995206022823675,0.0019385520553445003,-0.0009030813437140219,-0.06315482572539019,0.7793809887601524,0.07796386524014012,-1.452661886659192,0.771487740663908,0.7900431808220173,1.030304235406971,0.3639700412750244,0.41649284958839417,-0.026123270392417908,-0.19060245156288147,0.19295355677604675,0.0011673830449581146,0.02857987955212593,0.3639700412750244,0.41649284958839417,-0.026123270392417908,-0.19060245156288147,0.19295355677604675,0.0011673830449581146,1.0,-0.06347436696073377,0.2020256646056691,0.898404150188853,0.05341726861586711,0.20518007063397525,0.9024998346667837,0.0,0.0,0.0,0,0.0351
148,1,0.1428,-0.1750123127386425,0.14911778373779477,1.1807126029577713,0.6816338595817677,-0.05603273665338332,-0.6590690396694006,-0.3128316078084964,0.0017442584439374702,-0.0007325298341195407,-0.061007410312537896,0.7991390606791449,0.08470735886703841,-1.430590700386704,0.786504877062802,0.7878789380075603,1.0737426528832232,0.5563955903053284,-0.30369672179222107,0.7020707130432129,0.09067092835903168,0.34923917055130005,-0.02664223127067089,0.03680067136883736,0.5563955903053284,-0.30369672179222107,0.7020707130432129,0.09067092835903168,0.34923917055130005,-0.02664223127067089,1.0,-0.06347436696073377,0.2020256646056691,0.898404150188853,0.05341726861586711,0.20518007063397525,0.9024998346667837,0.0,0.0,0.0,0,0.0378
149,0,0.0,-0.16982735734400856,0.15142213404472873,1.183549940792425,0.6742687934969518,-0.06452723527105242,-0.6662285642727911,-0.31198931098910143,0.0015848530586576113,-0.0006678692539986167,-0.06358207001697151,0.8157034935532647,0.08688131146752744,-1.406859925156355,0.8143218298484647,0.7730930228641235,1.1169349713267005,0.5005059242248535,-0.31726309657096863,0.6600649356842041,0.11196137964725494,0.3462715446949005,-0.007427571341395378,-0.02553880214691162,0.5005059242248535,-0.31726309657096863,0.6600649356842041,0.11196137964725494,0.3462715446949005,-0.007427571341395378,1.0,-0.06347436696073377,0.2020256646056691,0.898404150188853,0.05341726861586711,0.20518007063397525,0.9024998346667837,0.0,0.0,0.0,0,0.0351
150,0,0.0,-0.16464324295211313,0.14904593977313443,1.1914286870770374,0.6615792588477518,-0.0698045349295825,-0.6765545589981811,-0.31577545798320067,0.0014599248831980434,-0.0006263328275684406,-0.07073943638339965,0.8306705043182822,0.08441634262177074,-1.3815669478865915,0.8515694232438675,0.7393981092619523,1.1594341456203412,0.5010198950767517,-0.3387864828109741,0.5908594131469727,0.1235327422618866,0.3510134816169739,-0.000708751380443573,-0.1034817025065422,0.5010198950767517,-0.3387864828109741,0.5908594131469727,0.1235327422618866,0.3510134816169739,-0.000708751380443573,1.0,-0.06347436696073377,0.2020256646056691,0.898404150188853,0.05341726861586711,0.20518007063397525,0.9024998346667837,0.0,0.0,0.0,0,0.0369
151,0,0.0,-0.15938263663385166,0.1447280046414765,1.1999784400044893,0.6471333925058037,-0.07345364294778037,-0.688066390901993,-0.31998058746232516,0.0013942691290997943,-0.0005860759213652809,-0.07904808407752939,0.8474561987730779,0.08028751262530434,-1.3544668153799524,0.8921307142849638,0.7003108660390377,1.2032407123749258,0.5026714205741882,-0.30336225032806396,0.6505528688430786,0.1362784504890442,0.3506542146205902,-0.005601325072348118,0.030507560819387436,0.5026714205741882,-0.30336225032806396,0.6505528688430786,0.1362784504890442,0.3506542146205902,-0.005601325072348118,1.0,-0.06347436696073377,0.2020256646056691,0.898404150188853,0.05341726861586711,0.20518007063397525,0.9024998346667837,0.0,0.0,0.0,0,0.0374
152,1,0.1428,-0.1538011574289153,0.13998556962219294,1.2083970817217002,0.6318762119296953,-0.07600503210799306,-0.6997052085805865,-0.3246048505134186,0.0013490140891398098,-0.0005460929194567796,-0.0876485241754396,0.8660099540008417,0.0763025287519162,-1.3264305053323313,0.9370624995965198,0.6609661297344654,1.2497261746968522,-0.7725800275802612,-0.11968275904655457,-0.8893581628799438,0.06149393692612648,-0.0292245801538229,-0.002892622724175453,0.9899349212646484,-0.7725800275802612,-0.11968275904655457,-0.8893581628799438,0.06149393692612648,-0.0292245801538229,-0.002892622724175453,-1.0,-0.06347436696073377,0.2020256646056691,0.898404150188853,0.05341726861586711,0.20518007063397525,0.9024998346667837,0.0,0.0,0.0,0,0.0378
153,0,0.0,-0.15301292868384994,0.13721151678887028,1.2084817654659752,0.6191131206848018,-0.07588302847322856,-0.7124847508356722,-0.3214128025021505,0.0015027607611805263,-0.00083203972811378,-0.09140829890568454,0.8866137752551954,0.07769596928558631,-1.3117152491746957,0.9524398573783062,0.633508138957649,1.2766982664029785,-0.7310085296630859,-0.11694648861885071,-0.8147966861724854,0.07097381353378296,-0.03527092933654785,-0.011209549382328987,0.6239665746688843,-0.7310085296630859,-0.11694648861885071,-0.8147966861724854,0.07097381353378296,-0.03527092933654785,-0.011209549382328987,-1.0,-0.06347436696073377,0.2020256646056691,0.898404150188853,0.05341726861586711,0.20518007063397525,0.9024998346667837,0.0,0.0,0.0,0,0.0356
154,0,0.0,-0.15703064109597042,0.13645089789726655,1.1996088672392387,0.6116230287098254,-0.07173346047205431,-0.7218665989492031,-0.31572170454695353,0.003274592571247383,-0.0027498539730832685,-0.09136626231451261,0.9053520918099792,0.08282819406857081,-1.3123216770642925,0.9362881916045939,0.6230345590710428,1.2679254405035778,-0.6280995011329651,-0.010201051831245422,-0.8497394323348999,0.04993196204304695,-0.03067084401845932,-0.004664822481572628,-0.003910173196345568,-0.6280995011329651,-0.010201051831245422,-0.8497394323348999,0.04993196204304695,-0.03067084401845932,-0.004664822481572628,1.0,-0.06347436696073377,0.2020256646056691,0.898404150188853,0.05341726861586711,0.20518007063397525,0.9024998346667837,0.0,0.0,0.0,0,0.0364
155,0,0.0,-0.1622972428868555,0.1362246157567707,1.1883792352087328,0.6071994997785469,-0.06631854941229803,-0.7272936742888663,-0.3129768822324265,0.00500333271935029,-0.004517707828775404,-0.0907116384176804,0.9201511674350632,0.08806207230201389,-1.3207332314419427,0.9111167002277964,0.6230516966377846,1.2414521001605126,-0.4073933959007263,0.05249360203742981,-0.656745195388794,0.013555370271205902,-0.0027297036722302437,-0.01593708246946335,0.039860405027866364,-0.4073933959007263,0.05249360203742981,-0.656745195388794,0.013555370271205902,-0.0027297036722302437,-0.01593708246946335,1.0,-0.06347436696073377,0.2020256646056691,0.898404150188853,0.05341726861586711,0.20518007063397525,0.9024998346667837,0.0,0.0,0.0,0,0.0439
156,1,0.1431,-0.16721992918256157,0.13648131084926812,1.1773111556882874,0.6049187334058846,-0.06205773923135738,-0.729693334629633,-0.3126816278152557,0.004708856082241154,-0.00418675249123712,-0.09008713761782496,0.9312034138349112,0.09235502354854734,-1.3320438356160413,0.8872697737503475,0.6303941329520256,1.2117577603620624,-0.20701096951961517,-0.30394044518470764,0.22477006912231445,0.014947544783353806,0.31954067945480347,-0.2365843951702118,-0.00897487998008728,-0.20701096951961517,-0.30394044518470764,0.22477006912231445,0.014947544783353806,0.31954067945480347,-0.2365843951702118,1.0,-0.06347436696073377,0.2020256646056691,0.898404150188853,0.05341726861586711,0.20518007063397525,0.9024998346667837,0.0,0.0,0.0,0,0.0391
157,0,0.0,-0.17066398365816765,0.13419727542126736,1.170530839703107,0.5964381555715215,-0.06368507272339258,-0.7340499354714226,-0.3183966556436437,0.0033302322916445508,-0.0028157301928199894,-0.09404119584778728,0.93671433164395,0.08889494281809815,-1.3516323078901173,0.889216437703909,0.6306751504989614,1.1989175590094139,-0.19435323774814606,-0.349302738904953,0.22701478004455566,0.0027246205136179924,0.3457363545894623,-0.24471861124038696,-0.007460382767021656,-0.19435323774814606,-0.349302738904953,0.22701478004455566,0.0027246205136179924,0.3457363545894623,-0.24471861124038696,1.0,-0.06347436696073377,0.2020256646056691,0.898404150188853,0.05341726861586711,0.20518007063397525,0.9024998346667837,0.0,0.0,0.0,0,0.0479
158,0,0.0,-0.1728170135209296,0.12936027632521924,1.1688387923484969,0.5805021718172024,-0.07223655912017082,-0.7417329488689971,-0.32807215761793873,0.002438437389820679,-0.0019013065368996519,-0.10186918531938949,0.935693671841592,0.07849581073742587,-1.380245409809675,0.9153105461723109,0.6224865769518299,1.2074106135045113,-0.12272657454013824,-0.32341232895851135,0.24525722861289978,0.005216418765485287,0.33432433009147644,-0.25146719813346863,-0.00953167024999857,-0.12272657454013824,-0.32341232895851135,0.24525722861289978,0.005216418765485287,0.33432433009147644,-0.25146719813346863,1.0,-0.06347436696073377,0.2020256646056691,0.898404150188853,0.05341726861586711,0.20518007063397525,0.9024998346667837,0.0,0.0,0.0,0,0.0407
159,0,0.0,-0.17417758741085976,0.12438015587409881,1.169468493884648,0.5631357006237818,-0.08391718215680086,-0.7494757300089332,-0.33781980307465764,0.0019445739704902153,-0.0013706387571039214,-0.11023845591562478,0.9302198942761577,0.06653795299769658,-1.4123122007053883,0.9493361281371855,0.6142580980580995,1.2262492214869953,-0.07926681637763977,-0.27110883593559265,0.3430253863334656,0.004367356188595295,0.3284699618816376,-0.24325378239154816,-0.049002937972545624,-0.07926681637763977,-0.27110883593559265,0.3430253863334656,0.004367356188595295,0.3284699618816376,-0.24325378239154816,1.0,-0.06347436696073377,0.2020256646056691,0.898404150188853,0.05341726861586711,0.20518007063397525,0.9024998346667837,0.0,0.0,0.0,0,0.0348
160,1,0.1442,-0.1749468081463914,0.11995878404949505,1.1718147847514415,0.5456849086091748,-0.09633201108372069,-0.7565335711718304,-0.3472824208720587,0.001664414212523153,-0.0010737096609620155,-0.11829278102799543,0.9213107400883178,0.05513567580837358,-1.44579994197626,0.9869488578348712,0.6069400629757872,1.2505446367325965,0.10681069642305374,-0.09951293468475342,0.5461850166320801,0.05260630324482918,0.350080281496048,-0.0775500237941742,-0.003796012606471777,0.10681069642305374,-0.09951293468475342,0.5461850166320801,0.05260630324482918,0.350080281496048,-0.0775500237941742,1.0,-0.06347436696073377,0.2020256646056691,0.898404150188853,0.05341726861586711,0.20518007063397525,0.9024998346667837,0.0,0.0,0.0,0,0.04
161,0,0.0,-0.17522669001749513,0.1169659925500599,1.177178017004153,0.5285846886992279,-0.10599198994422099,-0.7639095361943803,-0.35469162021633716,0.0015245070512370166,-0.0008889065382484502,-0.12500470575361605,0.9097061801723996,0.04766627387431126,-1.4761388915092386,1.0261836114162526,0.5962921001753467,1.2810368105823031,0.09659461677074432,-0.10900427401065826,0.6046180725097656,0.05784890428185463,0.3505474627017975,-0.06485092639923096,0.03047781065106392,0.09659461677074432,-0.10900427401065826,0.6046180725097656,0.05784890428185463,0.3505474627017975,-0.06485092639923096,1.0,-0.06347436696073377,0.2020256646056691,0.898404150188853,0.05341726861586711,0.20518007063397525,0.9024998346667837,0.0,0.0,0.0,0,0.0395
162,0,0.0,-0.17484900702826073,0.11496082687390266,1.184539270868286,0.5115368828922333,-0.11356436631694969,-0.7721473886852595,-0.3594740078092726,0.0014112877407058723,-0.0008186449520750702,-0.13074964277782739,0.8977287280632406,0.043119428873661846,-1.5025376539435242,1.0671947834750686,0.5828200778426227,1.3189487811703293,0.11124084144830704,-0.07921247184276581,0.6648937463760376,0.04499410092830658,0.3303757309913635,-0.06432371586561203,-0.026251817122101784,0.11124084144830704,-0.07921247184276581,0.6648937463760376,0.04499410092830658,0.3303757309913635,-0.06432371586561203,1.0,-0.06347436696073377,0.2020256646056691,0.898404150188853,0.05341726861586711,0.20518007063397525,0.9024998346667837,0.0,0.0,0.0,0,0.0611
163,0,0.0,-0.17387270331213958,0.11329331268014539,1.192581555540956,0.4945491788235623,-0.12060174162003032,-0.7805239835788115,-0.3628479581056195,0.0013346478551930858,-0.000773130792311519,-0.13610238454356235,0.8855181160097925,0.03981602001359764,-1.5272413444373867,1.1099819476547859,0.5694730187676792,1.3618070430586293,0.13607820868492126,-0.10520908236503601,0.7252163887023926,0.028712451457977295,0.33891311287879944,-0.06835977733135223,0.02453596144914627,0.13607820868492126,-0.10520908236503601,0.7252163887023926,0.028712451457977295,0.33891311287879944,-0.06835977733135223,1.0,-0.06347436696073377,0.2020256646056691,0.898404150188853,0.05341726861586711,0.20518007063397525,0.9024998346667837,0.0,0.0,0.0,0,0.0541
164,1,0.1436,-0.1723489542546005,0.11166455223852632,1.2010794302675525,0.477555051858963,-0.12768825475137108,-0.7887852686807081,-0.3653144973236549,0.001273226626270773,-0.0007316848296913233,-0.14139266793240732,0.8725488859258937,0.036991932783782745,-1.5516463502249807,1.1549181261281176,0.5571084647141181,1.4090924701111889,0.48668861389160156,0.08134070038795471,0.8149533271789551,-0.06534023582935333,0.13941678404808044,-0.08653449267148972,0.0022409905213862658,0.48668861389160156,0.08134070038795471,0.8149533271789551,-0.06534023582935333,0.13941678404808044,-0.08653449267148972,1.0,-0.06347436696073377,0.2020256646056691,0.898404150188853,0.05341726861586711,0.20518007063397525,0.9024998346667837,0.0,0.0,0.0,0,0.04
165,0,0.0,-0.16810619218321993,0.11128341023689137,1.2108281331705513,0.4662558382071478,-0.13572013852440146,-0.7927441501532653,-0.3684321507882336,0.0012332123508464639,-0.000665478816783222,-0.14590804857000092,0.8576491277430599,0.0355923160940209,-1.5667016400749145,1.2017088499122572,0.5543549527674725,1.4585961983303573,0.5657863020896912,0.06558330357074738,0.8936340808868408,-0.08010232448577881,0.1447611153125763,-0.06103338301181793,-0.0008740107878111303,0.5657863020896912,0.06558330357074738,0.8936340808868408,-0.08010232448577881,0.1447611153125763,-0.06103338301181793,1.0,-0.06347436696073377,0.2020256646056691,0.898404150188853,0.05341726861586711,0.20518007063397525,0.9024998346667837,0.0,0.0,0.0,0,0.0431
166,0,0.0,-0.16176819313059118,0.11186106662989863,1.2220443583794685,0.4597734219120566,-0.14436567587214877,-0.7940289817900112,-0.37051980812201224,0.0011910092501555712,-0.0006259380496161808,-0.14976076901321628,0.841744852041585,0.03575691591480703,-1.5730011872957206,1.2485317521427268,0.5574618885760773,1.5123013014117759,0.5943154096603394,0.04390997439622879,0.9745700359344482,-0.08628480136394501,0.13837242126464844,-0.05191010236740112,0.005143354181200266,0.5943154096603394,0.04390997439622879,0.9745700359344482,-0.08628480136394501,0.13837242126464844,-0.05191010236740112,1.0,-0.06347436696073377,0.2020256646056691,0.898404150188853,0.05341726861586711,0.20518007063397525,0.9024998346667837,0.0,0.0,0.0,0,0.0383
167,0,0.0,-0.1547150274495015,0.11230913914881058,1.2343546148552886,0.4541453935865881,-0.1530585607662677,-0.7953545282543246,-0.37112829701544015,0.0011487283313917165,-0.0005903604103473532,-0.15369875842679606,0.8257124615512947,0.036739914511028614,-1.5754269165355124,1.2961214090812325,0.5614501280037208,1.5710085285325555,0.5918019413948059,0.008990287780761719,1.0236613750457764,-0.08935393393039703,0.1265665739774704,-0.054210253059864044,-0.0012168437242507935,0.5918019413948059,0.008990287780761719,1.0236613750457764,-0.08935393393039703,0.1265665739774704,-0.054210253059864044,1.0,-0.06347436696073377,0.2020256646056691,0.898404150188853,0.05341726861586711,0.20518007063397525,0.9024998346667837,0.0,0.0,0.0,0,0.0373
168,1,0.1457,-0.14729195166229792,0.1124304571373816,1.2474269309458639,0.44887977664615347,-0.16171619251714217,-0.7967132124985725,-0.37094861669247514,0.001106664099364407,-0.0005579054919685511,-0.15797367436109708,0.8096582090864304,0.03830073886045111,-1.5754164883815687,1.3439605672928694,0.5664409381844175,1.6325625191994613,0.7038087248802185,-0.054535478353500366,0.6780387163162231,-0.005772655829787254,-0.06145337224006653,-0.07017368078231812,0.008491103537380695,0.7038087248802185,-0.054535478353500366,0.6780387163162231,-0.005772655829787254,-0.06145337224006653,-0.07017368078231812,1.0,-0.06347436696073377,0.2020256646056691,0.898404150188853,0.05341726861586711,0.20518007063397525,0.9024998346667837,0.0,0.0,0.0,0,0.0399
169,0,0.0,-0.1391490080471047,0.1121226401286351,1.260448876186004,0.4467352174410628,-0.16915033774394278,-0.7954445482609204,-0.37293937762185314,0.001066172948661961,-0.0005270701639625321,-0.16256083707010144,0.7957123285042829,0.04005417374539277,-1.5681349134299518,1.3876100685233965,0.5744859302612288,1.685460498152465,0.7264845967292786,-0.018389016389846802,0.5357035398483276,0.0007464820519089699,-0.10121282935142517,-0.06652863323688507,-0.005505273584276438,0.7264845967292786,-0.018389016389846802,0.5357035398483276,0.0007464820519089699,-0.10121282935142517,-0.06652863323688507,1.0,-0.06347436696073377,0.2020256646056691,0.898404150188853,0.05341726861586711,0.20518007063397525,0.9024998346667837,0.0,0.0,0.0,0,0.0398
170,0,0.0,-0.1306916192225327,0.11169432253111933,1.2718977460970244,0.4482817982539999,-0.1746741662331873,-0.791316479189955,-0.37729377780095064,0.0010265703384440333,-0.0004984025749737304,-0.16699970174974493,0.7868235860193633,0.04237277739148966,-1.5524550376129456,1.4230105658152652,0.5852222543405823,1.7248642394121232,0.8309868574142456,0.02096954733133316,0.3287491202354431,0.006980537436902523,-0.10358504951000214,-0.056097231805324554,0.00720020430162549,0.8309868574142456,0.02096954733133316,0.3287491202354431,0.006980537436902523,-0.10358504951000214,-0.056097231805324554,1.0,-0.06347436696073377,0.2020256646056691,0.898404150188853,0.05341726861586711,0.20518007063397525,0.9024998346667837,0.0,0.0,0.0,0,0.0385
171,0,0.0,-0.12188814216034327,0.11161262026166469,1.2808453989316124,0.4511724433784245,-0.17972290913683828,-0.7859318758634751,-0.38269333515107384,0.0009898937889632339,-0.00046973713019509263,-0.17108953412919148,0.7843975349368264,0.04559542498140848,-1.53068187290745,1.4524805871032704,0.599063922783479,1.7559304429378504,0.7971411943435669,0.02765582501888275,0.16439762711524963,0.007691266015172005,-0.09047774970531464,-0.05773201584815979,0.0043009486980736256,0.7971411943435669,0.02765582501888275,0.16439762711524963,0.007691266015172005,-0.09047774970531464,-0.05773201584815979,1.0,-0.06347436696073377,0.2020256646056691,0.898404150188853,0.05341726861586711,0.20518007063397525,0.9024998346667837,0.0,0.0,0.0,0,0.0533
172,1,0.1432,-0.11293580560392155,0.1118204152748622,1.287108679098721,0.4539134396259787,-0.18440024422061563,-0.7805656429442117,-0.3881706020725657,0.0009540353710844611,-0.00044305625162746804,-0.17487900955943317,0.7886210720342987,0.04984493058632816,-1.5046956284218205,1.4772578845531303,0.6141521779702744,1.781755210435348,0.9880285859107971,-0.0405879020690918,0.42236611247062683,-0.0004766508936882019,-0.003215409815311432,-0.028813021257519722,0.003620264818891883,0.9880285859107971,-0.0405879020690918,0.42236611247062683,-0.0004766508936882019,-0.003215409815311432,-0.028813021257519722,1.0,-0.06347436696073377,0.2020256646056691,0.898404150188853,0.05341726861586711,0.20518007063397525,0.9024998346667837,0.0,0.0,0.0,0,0.0379
173,0,0.0,-0.1031715496498507,0.11171135883922453,1.2927583313176283,0.4553411386803973,-0.1886878384733667,-0.7758071152515091,-0.3939348511652887,0.0009216867956203755,-0.0004155479404515106,-0.17919752889622922,0.7975378105062619,0.05510901248505143,-1.4742445934908877,1.504482355844972,0.6290758724915103,1.8103245960546006,0.9013658165931702,-0.01545773446559906,0.2025284469127655,-0.010492545552551746,-0.029337575659155846,-0.026415972039103508,-0.009400205686688423,0.9013658165931702,-0.01545773446559906,0.2025284469127655,-0.010492545552551746,-0.029337575659155846,-0.026415972039103508,1.0,-0.06347436696073377,0.2020256646056691,0.898404150188853,0.05341726861586711,0.20518007063397525,0.9024998346667837,0.0,0.0,0.0,0,0.0361
174,0,0.0,-0.09289122563882296,0.11136445641391565,1.2981687231317793,0.4555987075753465,-0.19311127311509518,-0.7723472684820822,-0.3982681894399877,0.0008897409097618148,-0.0003902048395440714,-0.18374318087202537,0.8103891390223988,0.06149505517151797,-1.4395862372947479,1.5323066607432592,0.64361401653666,1.8440054127794077,0.753703236579895,0.025121919810771942,-0.009992718696594238,-0.01639511249959469,-0.07066795229911804,-0.028963368386030197,-0.025292841717600822,0.753703236579895,0.025121919810771942,-0.009992718696594238,-0.01639511249959469,-0.07066795229911804,-0.028963368386030197,1.0,-0.06347436696073377,0.2020256646056691,0.898404150188853,0.05341726861586711,0.20518007063397525,0.9024998346667837,0.0,0.0,0.0,0,0.036
175,0,0.0,-0.08338616852294375,0.11132278835446134,1.3016558859368779,0.45661078498801727,-0.19704371621689376,-0.769457678724924,-0.4007683190863689,0.0008574383513118586,-0.0003676693902281681,-0.18764457653754194,0.8272144676642479,0.06869566433363385,-1.4020424470060853,1.5527469869365311,0.6574727934633943,1.8737033445062086,0.693149745464325,-0.020882755517959595,-0.25249436497688293,0.022890489548444748,-0.07951332628726959,0.019475368782877922,-0.000245294242631644,0.693149745464325,-0.020882755517959595,-0.25249436497688293,0.022890489548444748,-0.07951332628726959,0.019475368782877922,1.0,-0.06347436696073377,0.2020256646056691,0.898404150188853,0.05341726861586711,0.20518007063397525,0.9024998346667837,0.0,0.0,0.0,0,0.0382
176,1,0.1452,-0.07517037515679098,0.11129312966919624,1.3025016851494193,0.458374197910396,-0.1993574529912896,-0.7670229002792972,-0.40227549151540487,0.0008241881329469366,-0.00034842321523973656,-0.19108110471603607,0.8486055773226834,0.0762664111308783,-1.3628792841430153,1.5651912861351722,0.6682961599206071,1.895702486886457,-0.2614021301269531,0.042652569711208344,-0.47799885272979736,0.18110708892345428,-0.3643088638782501,0.01914515160024166,-0.07081209123134613,-0.2614021301269531,0.042652569711208344,-0.47799885272979736,0.18110708892345428,-0.3643088638782501,0.01914515160024166,1.0,-0.06347436696073377,0.2020256646056691,0.898404150188853,0.05341726861586711,0.20518007063397525,0.9024998346667837,0.0,0.0,0.0,0,0.041
177,0,0.0,-0.07141580979887105,0.11254570030398708,1.3014226182092765,0.4645193352560994,-0.19376123736132436,-0.7649011290744346,-0.402000787076461,0.0007851646135933378,-0.0003371834063035087,-0.19320909464331584,0.8712743512359762,0.0876691690506204,-1.3247454345498035,1.559261492447648,0.6677044129287915,1.8957954362831884,-0.3687984347343445,-0.013554513454437256,-0.5075090527534485,0.18115484714508057,-0.354494571685791,0.035857193171978,0.02856622450053692,-0.3687984347343445,-0.013554513454437256,-0.5075090527534485,0.18115484714508057,-0.354494571685791,0.035857193171978,1.0,-0.06347436696073377,0.2020256646056691,0.898404150188853,0.05341726861586711,0.20518007063397525,0.9024998346667837,0.0,0.0,0.0,0,0.0392
178,0,0.0,-0.07295490709058115,0.1130709988674412,1.2978777409503433,0.4750692268053047,-0.17808227227308057,-0.7617726704125479,-0.40286267220630034,0.0007476789766139126,-0.0003265471129920986,-0.1948055829064122,0.8940473968822555,0.09876743216365687,-1.2912942042600952,1.5359760922089565,0.6518130496431174,1.865958940909518,-0.49531400203704834,-0.1448046863079071,-0.4416874945163727,0.1763807237148285,-0.3523237705230713,0.03207828104496002,0.024021636694669724,-0.49531400203704834,-0.1448046863079071,-0.4416874945163727,0.1763807237148285,-0.3523237705230713,0.03207828104496002,1.0,-0.06347436696073377,0.2020256646056691,0.898404150188853,0.05341726861586711,0.20518007063397525,0.9024998346667837,0.0,0.0,0.0,0,0.0392
179,0,0.0,-0.07654024139573881,0.11196325772021429,1.2923465384408015,0.4865307045001854,-0.159495322199574,-0.7574583228093591,-0.4050999938062684,0.000715555463348523,-0.00031263091263919105,-0.19657848775187703,0.915957896819798,0.10690086352382785,-1.2620129486236138,1.5047351836797707,0.6303501253146079,1.8213016664995172,-0.6906524896621704,-0.1750946044921875,-0.3479102551937103,0.18046535551548004,-0.3617679178714752,0.034874871373176575,0.0456000491976738,-0.6906524896621704,-0.1750946044921875,-0.3479102551937103,0.18046535551548004,-0.3617679178714752,0.034874871373176575,1.0,-0.06347436696073377,0.2020256646056691,0.898404150188853,0.05341726861586711,0.20518007063397525,0.9024998346667837,0.0,0.0,0.0,0,0.0397
180,1,0.146,-0.08185007195023428,0.10982025929190448,1.286563814579971,0.49836162838321213,-0.13892729652063898,-0.7527492526866814,-0.40706689403136365,0.0006935154455422691,-0.0003049193778831063,-0.19822237484477065,0.9343558452711135,0.1132911975953656,-1.2374276977299574,1.4673456180971187,0.604894449936741,1.7680669859570424,-0.27545374631881714,0.16227692365646362,-1.0282340049743652,-0.036732617765665054,-0.13912521302700043,0.002774663269519806,1.1487451791763306,-0.27545374631881714,0.16227692365646362,-1.0282340049743652,-0.036732617765665054,-0.13912521302700043,0.002774663269519806,-1.0,-0.06347436696073377,0.2020256646056691,0.898404150188853,0.05341726861586711,0.20518007063397525,0.9024998346667837,0.0,0.0,0.0,0,0.0387
181,0,0.0,-0.08606547512367778,0.10890060890569617,1.2760566785222356,0.5075090583880206,-0.1273465049291457,-0.7485933898918853,-0.40721660077483424,0.0010403561689927324,-0.0005957074254740088,-0.1981640922732146,0.9532804278020853,0.11622841045087973,-1.220779049064332,1.4258874383829014,0.5937511143309969,1.7183963952523296,-0.34526383876800537,0.1771998405456543,-1.0032118558883667,-0.038087669759988785,-0.12987925112247467,-0.012075372971594334,-0.13019819557666779,-0.34526383876800537,0.1771998405456543,-1.0032118558883667,-0.038087669759988785,-0.12987925112247467,-0.012075372971594334,1.0,-0.06347436696073377,0.2020256646056691,0.898404150188853,0.05341726861586711,0.20518007063397525,0.9024998346667837,0.0,0.0,0.0,0,0.0382
182,0,0.0,-0.08922989879911289,0.11030014714831343,1.2621906090153925,0.5148435890287962,-0.122889274796663,-0.7450150739558867,-0.4059394592231728,0.0016902205434880277,-0.001234763121246553,-0.19615284967993013,0.9722982432597623,0.11872515043804437,-1.2098437905629251,1.3828164835081274,0.5949391463967374,1.672727450737982,-0.4767637252807617,0.10080467164516449,-1.0511293411254883,-0.04670894891023636,-0.1227499395608902,-0.0368051715195179,0.095531165599823,-0.4767637252807617,0.10080467164516449,-1.0511293411254883,-0.04670894891023636,-0.1227499395608902,-0.0368051715195179,1.0,-0.06347436696073377,0.2020256646056691,0.898404150188853,0.05341726861586711,0.20518007063397525,0.9024998346667837,0.0,0.0,0.0,0,0.039
183,0,0.0,-0.09318499626982038,0.11184271478166183,1.2479873373275188,0.5215196183888435,-0.11878059727189055,-0.7420261077011213,-0.4041110154861044,0.0015130021390414269,-0.0011056493592047929,-0.19370846703388153,0.9890008732355083,0.12067560184764033,-1.2039590370252593,1.3385017120875373,0.5971766725112798,1.6258441407369841,-0.5187336206436157,0.16230157017707825,-0.8924524784088135,-0.05747852474451065,-0.1531461775302887,-0.04564082622528076,0.012567568570375443,-0.5187336206436157,0.16230157017707825,-0.8924524784088135,-0.05747852474451065,-0.1531461775302887,-0.04564082622528076,1.0,-0.06347436696073377,0.2020256646056691,0.898404150188853,0.05341726861586711,0.20518007063397525,0.9024998346667837,0.0,0.0,0.0,0,0.0691
184,1,0.1826,-0.09784330638458003,0.11341564075686691,1.2343212053816788,0.5285613541090365,-0.11442283365856984,-0.7386571360149734,-0.40238780485263337,0.0013845567419687077,-0.0009664184849034126,-0.19083794477278906,1.0019985208856088,0.122140819313157,-1.2022796131308722,1.2928396392578692,0.60099989600396,1.5761035859059405,-1.6059298515319824,0.28605347871780396,-0.8065898418426514,0.06305477023124695,-0.09685167670249939,-0.004675763659179211,0.9691367149353027,-1.6059298515319824,0.28605347871780396,-0.8065898418426514,0.06305477023124695,-0.09685167670249939,-0.004675763659179211,-1.0,-0.06347436696073377,0.2020256646056691,0.898404150188853,0.05341726861586711,0.20518007063397525,0.9024998346667837,0.0,0.0,0.0,0,0.0583
185,0,0.0,-0.10537422851537027,0.11634769786526308,1.2214396061625854,0.5330380433047672,-0.10589608488652147,-0.7382560810338373,-0.3995427666872353,0.001538625998166577,-0.0011417120527782367,-0.18646615365940727,1.0101409302646192,0.12685098528470612,-1.2126210382278197,1.2448123591300662,0.6004256461264365,1.5214339860227744,-1.5005158185958862,0.1388544887304306,-0.7636405229568481,0.09446689486503601,-0.10270223021507263,-0.015536336228251457,0.9483174085617065,-1.5005158185958862,0.1388544887304306,-0.7636405229568481,0.09446689486503601,-0.10270223021507263,-0.015536336228251457,-1.0,-0.06347436696073377,0.2020256646056691,0.898404150188853,0.05341726861586711,0.20518007063397525,0.9024998346667837,0.0,0.0,0.0,0,0.0593
186,0,0.0,-0.11537187126772752,0.11905533386820133,1.2093269829438213,0.5341520767109181,-0.09398508462636138,-0.7398152748240046,-0.39814786443012673,0.0032714343056239126,-0.00293900715470604,-0.18209595499741446,1.0134112066668832,0.1315540967513714,-1.234822739386827,1.1971138476947858,0.5963973749099954,1.4594070292424248,-1.3540719747543335,0.057310327887535095,-0.7252497673034668,0.10722292959690094,-0.09413361549377441,-0.043796174228191376,0.8906776309013367,-1.3540719747543335,0.057310327887535095,-0.7252497673034668,0.10722292959690094,-0.09413361549377441,-0.043796174228191376,-1.0,-0.06347436696073377,0.2020256646056691,0.898404150188853,0.05341726861586711,0.20518007063397525,0.9024998346667837,0.0,0.0,0.0,0,0.0575
187,0,0.0,-0.1260153007896903,0.12052609574894185,1.197774605697617,0.5341285759013438,-0.08258076838330897,-0.7404917785467083,-0.3994483783964532,0.006399657965050143,-0.0061134474099672036,-0.17864120467567063,1.012400284649347,0.1335419801519967,-1.2642686688532139,1.150859862129112,0.5944813653408232,1.392121253293047,-1.1995303630828857,0.014717809855937958,-0.8478258848190308,0.10506145656108856,-0.11341805756092072,-0.05685757100582123,1.0777134895324707,-1.1995303630828857,0.014717809855937958,-0.8478258848190308,0.10506145656108856,-0.11341805756092072,-0.05685757100582123,-1.0,-0.06347436696073377,0.2020256646056691,0.898404150188853,0.05341726861586711,0.20518007063397525,0.9024998346667837,0.0,0.0,0.0,0,0.0572
188,1,0.1496,-0.137203592533865,0.12109331638025367,1.1860954817477343,0.5340234372322685,-0.07271029394162146,-0.7399741803819698,-0.40245545593219,0.01032409403047726,-0.010085998548832374,-0.17561562509202008,1.0082232148157668,0.13287314278088885,-1.299184098203359,1.104100359465712,0.5968478328168415,1.3203928426459313,-0.13514958322048187,0.34536033868789673,-0.8472607135772705,-0.01767657697200775,-0.1880020648241043,-0.09748733788728714,0.9842637777328491,-0.13514958322048187,0.34536033868789673,-0.8472607135772705,-0.01767657697200775,-0.1880020648241043,-0.09748733788728714,-1.0,-0.06347436696073377,0.2020256646056691,0.898404150188853,0.05341726861586711,0.20518007063397525,0.9024998346667837,0.0,0.0,0.0,0,0.0543
189,0,0.0,-0.14464657431487232,0.1220973627863251,1.1748433365682178,0.5393786577077404,-0.06748778065077582,-0.7329010683190108,-0.40911133830423274,0.014868405106597402,-0.01437041647065144,-0.17192336820097676,1.0039699065587828,0.12893649100332558,-1.3242372592316514,1.0652458709152042,0.6143015737310624,1.2520240282928503,-0.2190578430891037,0.4043123722076416,-0.6840536594390869,-0.020367667078971863,-0.1563921421766281,-0.07672622799873352,1.0392481088638306,-0.2190578430891037,0.4043123722076416,-0.6840536594390869,-0.020367667078971863,-0.1563921421766281,-0.07672622799873352,-1.0,-0.06347436696073377,0.2020256646056691,0.898404150188853,0.05341726861586711,0.20518007063397525,0.9024998346667837,0.0,0.0,0.0,0,0.0604
190,0,0.0,-0.1488827614374852,0.12561633697155597,1.16433456201557,0.548490349920236,-0.06599375922173978,-0.7227204667905472,-0.4153050525459725,0.0196373068155101,-0.018991787803321263,-0.16646319170339027,1.0005189622758743,0.12675041093072809,-1.3417909966438322,1.0350390062172066,0.6426087436439222,1.1968223777244462,-0.19269536435604095,0.4355582296848297,-0.6085784435272217,-0.04802795499563217,-0.12653347849845886,-0.06593024730682373,0.9550954103469849,-0.19269536435604095,0.4355582296848297,-0.6085784435272217,-0.04802795499563217,-0.12653347849845886,-0.06593024730682373,-1.0,-0.06347436696073377,0.2020256646056691,0.898404150188853,0.05341726861586711,0.20518007063397525,0.9024998346667837,0.0,0.0,0.0,0,0.0667
191,0,0.0,-0.15271697349690133,0.13032449620278372,1.1550333579313947,0.5567035774335563,-0.06516077700772638,-0.7141629391973994,-0.41929285265713784,0.024509956615405226,-0.023794422184220496,-0.1601852977804184,0.9969358440121939,0.12649871076642008,-1.358839046308871,1.01093279219912,0.6712171678196001,1.1532074929740532,-0.18338535726070404,0.4400922954082489,-0.5352045297622681,-0.060218460857868195,-0.08469301462173462,-0.0708785280585289,-0.042880456894636154,-0.18338535726070404,0.4400922954082489,-0.5352045297622681,-0.060218460857868195,-0.08469301462173462,-0.0708785280585289,1.0,-0.06347436696073377,0.2020256646056691,0.898404150188853,0.05341726861586711,0.20518007063397525,0.9024998346667837,0.0,0.0,0.0,0,0.0575
192,1,0.1642,-0.1560830320617913,0.13548808295823925,1.1466538339089878,0.5635465150762451,-0.06585389496565822,-0.7070602286013292,-0.42207158515292875,0.027984356808747612,-0.02721957402569636,-0.15380505548211013,0.9932718574175697,0.1267253605963412,-1.3762392963057941,0.9935261046096032,0.6995291582323538,1.1199948235519923,0.13224653899669647,0.08005371689796448,0.27687856554985046,-0.09156143665313721,0.2627110481262207,-0.015743521973490715,-0.0013737778645008802,0.13224653899669647,0.08005371689796448,0.27687856554985046,-0.09156143665313721,0.2627110481262207,-0.015743521973490715,1.0,-0.06347436696073377,0.2020256646056691,0.898404150188853,0.05341726861586711,0.20518007063397525,0.9024998346667837,0.0,0.0,0.0,0,0.0612
193,0,0.0,-0.15844679032850228,0.13860967368191723,1.1423944263843786,0.5639773946257798,-0.07019320001011786,-0.7047454258832884,-0.42466021443035884,0.028358979129001483,-0.02754708567961458,-0.15047206970491725,0.9874152228212614,0.12420227552057977,-1.396148521105998,0.9939932544246382,0.7159485893158967,1.1096064710680738,0.2366388738155365,0.15179364383220673,0.4227038323879242,-0.10137143731117249,0.28823983669281006,-0.01848815195262432,0.06956266611814499,0.2366388738155365,0.15179364383220673,0.4227038323879242,-0.10137143731117249,0.28823983669281006,-0.01848815195262432,1.0,-0.06347436696073377,0.2020256646056691,0.898404150188853,0.05341726861586711,0.20518007063397525,0.9024998346667837,0.0,0.0,0.0,0,0.057
194,0,0.0,-0.15868929394312287,0.1398256623533528,1.1441356400912115,0.557537774087541,-0.07927296849355023,-0.7083183429489565,-0.42562019685838937,0.026939196666011283,-0.0260119270198678,-0.14980457682609807,0.9789923234031465,0.11962254550381686,-1.4146576778721642,1.0142195451380445,0.7189780798278749,1.1293143053557242,0.28791749477386475,0.24908295273780823,0.5108100175857544,-0.11091333627700806,0.3411392271518707,-0.021300844848155975,0.03840295597910881,0.28791749477386475,0.24908295273780823,0.5108100175857544,-0.11091333627700806,0.3411392271518707,-0.021300844848155975,1.0,-0.06347436696073377,0.2020256646056691,0.898404150188853,0.05341726861586711,0.20518007063397525,0.9024998346667837,0.0,0.0,0.0,0,0.0623
195,0,0.0,-0.15708461296580517,0.14175832781193237,1.1488799483057182,0.5480617922070475,-0.09125626047347368,-0.7146371926163434,-0.424963821726775,0.02397811780415187,-0.022992673418507078,-0.14936774312479564,0.9699454892009209,0.11617415522405106,-1.4308422857225636,1.0461341325367002,0.7188286662632615,1.1682836578137126,0.34807059168815613,0.2937297821044922,0.5889590978622437,-0.10644607245922089,0.337982714176178,-0.026800375431776047,0.0220478642731905,0.34807059168815613,0.2937297821044922,0.5889590978622437,-0.10644607245922089,0.337982714176178,-0.026800375431776047,1.0,-0.06347436696073377,0.2020256646056691,0.898404150188853,0.05341726861586711,0.20518007063397525,0.9024998346667837,0.0,0.0,0.0,0,0.059
196,1,0.1656,-0.1540552033019625,0.14471541026750365,1.1554081060456813,0.5367809061647686,-0.10446889731737838,-0.7222666090933811,-0.42341876866639827,0.020130150497501914,-0.019121178618631357,-0.1487749739732081,0.9607738016286073,0.11458487562422451,-1.444893347635704,1.085549028968506,0.7184428837829788,1.2187823792702723,-0.769593358039856,0.11932018399238586,0.0329083651304245,-0.06861823797225952,0.047709982842206955,0.26405972242355347,-0.055839523673057556,-0.769593358039856,0.11932018399238586,0.0329083651304245,-0.06861823797225952,0.047709982842206955,0.26405972242355347,1.0,-0.06347436696073377,0.2020256646056691,0.898404150188853,0.05341726861586711,0.20518007063397525,0.9024998346667837,0.0,0.0,0.0,0,0.0521
197,0,0.0,-0.15634261394429017,0.1483893165287912,1.1609440234120973,0.5293467286762362,-0.11004110570452089,-0.7332946007975462,-0.41226450773291134,0.015571374720819788,-0.014944402232340018,-0.1454642155011211,0.9497990634749031,0.11880130375388931,-1.4606048417323063,1.09510797165823,0.7118786638059521,1.2558404149966358,-0.5952340364456177,0.1570090651512146,0.09685257077217102,-0.0617528036236763,0.05782290920615196,0.2543192207813263,-0.07501839846372604,-0.5952340364456177,0.1570090651512146,0.09685257077217102,-0.0617528036236763,0.05782290920615196,0.2543192207813263,1.0,-0.06347436696073377,0.2020256646056691,0.898404150188853,0.05341726861586711,0.20518007063397525,0.9024998346667837,0.0,0.0,0.0,0,0.0517
198,0,0.0,-0.16322508915504372,0.15114031530116112,1.164157748612031,0.5275421580002471,-0.10752703061944638,-0.7434473441199094,-0.3967659961988418,0.010850086324419146,-0.01035787500151963,-0.14067793395502823,0.9384769537752072,0.12447559103139329,-1.4762078637830174,1.0789642170715954,0.7019692874386121,1.2687047584265625,-0.5646845698356628,0.07308945804834366,0.010998398065567017,-0.04389618709683418,0.09395693242549896,0.2588460147380829,0.02168191969394684,-0.5646845698356628,0.07308945804834366,0.010998398065567017,-0.04389618709683418,0.09395693242549896,0.2588460147380829,1.0,-0.06347436696073377,0.2020256646056691,0.898404150188853,0.05341726861586711,0.20518007063397525,0.9024998346667837,0.0,0.0,0.0,0,0.0517
199,0,0.0,-0.17051624373424815,0.1529265315167319,1.1657835571927397,0.5266270303972269,-0.10420999598798567,-0.7519635085639965,-0.3825638892777333,0.006745704647962402,-0.006321951041024923,-0.13614682964927674,0.9287143967294272,0.12868668698062136,-1.4918424885872126,1.0590394281742477,0.6928567228318159,1.2733512389877164,-0.5061385035514832,0.080996572971344,-0.04241309314966202,-0.04607495293021202,0.06654174625873566,0.22058436274528503,-0.08802293241024017,-0.5061385035514832,0.080996572971344,-0.04241309314966202,-0.04607495293021202,0.06654174625873566,0.22058436274528503,1.0,-0.06347436696073377,0.2020256646056691,0.898404150188853,0.05341726861586711,0.20518007063397525,0.9024998346667837,0.0,0.0,0.0,0,0.0506
200,1,0.1691,-0.17753885476969175,0.15410384978672334,1.1662288118092536,0.5258406280920773,-0.10115464983618136,-0.7592338941645598,-0.3698962889999933,0.004327603328339816,-0.0038970626670621505,-0.13180925860690282,0.9207195487224242,0.13159576171745893,-1.5067647571685392,1.0389367180236286,0.6853860394554845,1.2738594176332843,0.4606563448905945,0.34861326217651367,0.839423656463623,-0.13054579496383667,0.06557852029800415,-0.04831705987453461,-0.027059638872742653,0.4606563448905945,0.34861326217651367,0.839423656463623,-0.13054579496383667,0.06557852029800415,-0.04831705987453461,1.0,-0.06347436696073377,0.2020256646056691,0.898404150188853,0.05341726861586711,0.20518007063397525,0.9024998346667837,0.0,0.0,0.0,0,0.0539
201,0,0.0,-0.17804591306511125,0.15638432210100464,1.1697251002700608,0.5272801321298288,-0.10215643879045494,-0.7596697945825445,-0.36666268895773313,0.003141511595725929,-0.002351233519953335,-0.12879150517748197,0.9110926578984748,0.1323609197980865,-1.5116714678040641,1.0430563952269833,0.687945327100504,1.2828701397743316,0.549976646900177,0.196530282497406,0.9763921499252319,-0.12006506323814392,0.09575203061103821,-0.05357779562473297,-0.038083553314208984,0.549976646900177,0.196530282497406,0.9763921499252319,-0.12006506323814392,0.09575203061103821,-0.05357779562473297,1.0,-0.06347436696073377,0.2020256646056691,0.898404150188853,0.05341726861586711,0.20518007063397525,0.9024998346667837,0.0,0.0,0.0,0,0.052
202,0,0.0,-0.1730276807385519,0.1591330732355768,1.1785949420233257,0.5277190528852311,-0.10785016534540942,-0.7578890158181301,-0.3680831193617924,0.00240392342631725,-0.0015637936741964792,-0.12742560697444003,0.8978419207186229,0.13146375061535057,-1.5101864588533473,1.0706256143116866,0.6914917217426075,1.3127078889728871,0.602193295955658,0.03921429067850113,1.0169529914855957,-0.11350765824317932,0.11305613815784454,-0.05749073624610901,-0.004172490909695625,0.602193295955658,0.03921429067850113,1.0169529914855957,-0.11350765824317932,0.11305613815784454,-0.05749073624610901,1.0,-0.06347436696073377,0.2020256646056691,0.898404150188853,0.05341726861586711,0.20518007063397525,0.9024998346667837,0.0,0.0,0.0,0,0.0539
203,0,0.0,-0.16646866216110343,0.160480140100979,1.1901791780585973,0.5260482082235519,-0.11597501465816035,-0.7576116707671243,-0.36857514148037046,0.0019446439131958924,-0.0011660722153858864,-0.12756244001495473,0.8831465854058846,0.128581981557906,-1.5066975890738912,1.1065093244254314,0.6910501282253143,1.356359226207286,0.5858611464500427,-0.10619789361953735,1.1139644384384155,-0.09261471033096313,0.09270906448364258,-0.06526845693588257,-0.022309813648462296,0.5858611464500427,-0.10619789361953735,1.1139644384384155,-0.09261471033096313,0.09270906448364258,-0.06526845693588257,1.0,-0.06347436696073377,0.2020256646056691,0.898404150188853,0.05341726861586711,0.20518007063397525,0.9024998346667837,0.0,0.0,0.0,0,0.0522
204,1,0.1771,-0.1592913228807331,0.16013000268405317,1.2030145258560216,0.5235106300675758,-0.124838421814842,-0.7579437096866215,-0.36860998574578807,0.001656254981782932,-0.0009705383397599852,-0.12909065585812105,0.8682205745494573,0.12400180063997197,-1.501318765357081,1.1448201913524811,0.6877883256013485,1.4053581008747167,-0.3220835328102112,-0.09502513706684113,-0.3557204008102417,0.015965605154633522,0.11227081716060638,-0.046900175511837006,-0.02047756500542164,-0.3220835328102112,-0.09502513706684113,-0.3557204008102417,0.015965605154633522,0.11227081716060638,-0.046900175511837006,1.0,-0.06347436696073377,0.2020256646056691,0.898404150188853,0.05341726861586711,0.20518007063397525,0.9024998346667837,0.0,0.0,0.0,0,0.0611
205,0,0.0,-0.15698902823993077,0.15904102492314065,1.209199080307136,0.5174215649387947,-0.1334657614725143,-0.7624704674050948,-0.3648295505930214,0.001339709866666139,-0.0009173869082568419,-0.12996661898563466,0.8590148300458978,0.1190706673265738,-1.508865948347496,1.1672181427523887,0.6836690471059043,1.4416714795243668,-0.4130131006240845,-0.12046915292739868,-0.2353663146495819,0.013095475733280182,0.13014447689056396,-0.059634774923324585,-0.055601149797439575,-0.4130131006240845,-0.12046915292739868,-0.2353663146495819,0.013095475733280182,0.13014447689056396,-0.059634774923324585,1.0,-0.06347436696073377,0.2020256646056691,0.898404150188853,0.05341726861586711,0.20518007063397525,0.9024998346667837,0.0,0.0,0.0,0,0.0647
206,0,0.0,-0.1595654595708348,0.15792441907551863,1.2082874105899808,0.5089731221757066,-0.1393370761587374,-0.7685465374434264,-0.361756492538788,0.0012075954888367297,-0.0008760753680118153,-0.1302836731891314,0.8542509763897811,0.11452075969787576,-1.5290683553222542,1.1746927936843137,0.6804476979036014,1.4540436461296091,-0.3590618371963501,-0.1504307985305786,-0.12171123921871185,0.009272671304643154,0.14072173833847046,-0.08261151611804962,-0.04739513248205185,-0.3590618371963501,-0.1504307985305786,-0.12171123921871185,0.009272671304643154,0.14072173833847046,-0.08261151611804962,1.0,-0.06347436696073377,0.2020256646056691,0.898404150188853,0.05341726861586711,0.20518007063397525,0.9024998346667837,0.0,0.0,0.0,0,0.0523
207,0,0.0,-0.16318304797626468,0.15636839648247353,1.2061787734379577,0.5004052334582463,-0.14370447076554946,-0.7733381535069302,-0.36178961806564075,0.0011554052055050056,-0.0008338293368425926,-0.13127615532783907,0.8489008785666257,0.10953650933005368,-1.553569968895721,1.179508777370564,0.6781520747020575,1.4553629113437199,-0.3208491802215576,-0.18518495559692383,-0.020552590489387512,0.008930059149861336,0.14967763423919678,-0.10937255620956421,-0.0743354856967926,-0.3208491802215576,-0.18518495559692383,-0.020552590489387512,0.008930059149861336,0.14967763423919678,-0.10937255620956421,1.0,-0.06347436696073377,0.2020256646056691,0.898404150188853,0.05341726861586711,0.20518007063397525,0.9024998346667837,0.0,0.0,0.0,0,0.0512
208,1,0.1731,-0.1667393470147419,0.15427160316775512,1.204500032481546,0.49159122498483,-0.14814558204946823,-0.7770670374825225,-0.3640848435396251,0.0011107423165940677,-0.0007931701631624194,-0.1331794958280279,0.841715601244845,0.10374550555442354,-1.5804019477373719,1.1860031814300753,0.6764340662561058,1.4539147463707183,-0.31918638944625854,0.2720768451690674,0.5392929315567017,-0.12003101408481598,0.22410856187343597,-0.11319904774427414,-0.015438433736562729,-0.31918638944625854,0.2720768451690674,0.5392929315567017,-0.12003101408481598,0.22410856187343597,-0.11319904774427414,1.0,-0.06347436696073377,0.2020256646056691,0.898404150188853,0.05341726861586711,0.20518007063397525,0.9024998346667837,0.0,0.0,0.0,0,0.0633
209,0,0.0,-0.17005837923549355,0.15434484968146084,1.2053864432116896,0.4822760616108672,-0.15358785079587486,-0.7810453292306576,-0.3657714671375939,0.0010742585758125524,-0.0007455410094991414,-0.13414462481310604,0.8289731990315189,0.10114174186644825,-1.6109156550888757,1.198975421127695,0.6780960991498551,1.4612004288505984,-0.3476804494857788,0.24142110347747803,0.5997505187988281,-0.09530219435691833,0.2599666118621826,-0.10458922386169434,0.014020501635968685,-0.3476804494857788,0.24142110347747803,0.5997505187988281,-0.09530219435691833,0.2599666118621826,-0.10458922386169434,1.0,-0.06347436696073377,0.2020256646056691,0.898404150188853,0.05341726861586711,0.20518007063397525,0.9024998346667837,0.0,0.0,0.0,0,0.0673
210,0,0.0,-0.17338311767355558,0.15675012261666402,1.209323835061619,0.47134747053556403,-0.1610345132833779,-0.7863358284448898,-0.36547970183746137,0.0010348098992545315,-0.0007069056175797272,-0.13424781608911385,0.8093151222856423,0.10130172670299177,-1.6475622340663083,1.2199381290237354,0.6824169168173655,1.4810108907023973,-0.12158907949924469,0.01279456913471222,0.5517904758453369,-0.07236479222774506,0.25877562165260315,-0.06986381858587265,-0.002799268579110503,-0.12158907949924469,0.01279456913471222,0.5517904758453369,-0.07236479222774506,0.25877562165260315,-0.06986381858587265,1.0,-0.06347436696073377,0.2020256646056691,0.898404150188853,0.05341726861586711,0.20518007063397525,0.9024998346667837,0.0,0.0,0.0,0,0.0641
211,0,0.0,-0.17595506671366368,0.15827497134600452,1.214909856835463,0.45952076257887164,-0.17027975630462977,-0.7914812582630983,-0.365243605241802,0.0009940814798984655,-0.0006729360758580678,-0.13536234383651483,0.7862357482943045,0.09973167100646005,-1.685438381783238,1.2458451312424836,0.6863648507418133,1.5073757139824198,0.0070769041776657104,-0.05430525541305542,0.40117016434669495,-0.07653534412384033,0.2501980662345886,-0.05128949135541916,-0.023359086364507675,0.0070769041776657104,-0.05430525541305542,0.40117016434669495,-0.07653534412384033,0.2501980662345886,-0.05128949135541916,1.0,-0.06347436696073377,0.2020256646056691,0.898404150188853,0.05341726861586711,0.20518007063397525,0.9024998346667837,0.0,0.0,0.0,0,0.0578
212,1,0.1775,-0.17721465102992487,0.15824464900095808,1.2207373961939474,0.44800943798262227,-0.18120795373637527,-0.7957987344803634,-0.36490491251916835,0.0009542014801520115,-0.000641325167850318,-0.1374921455969895,0.7634340379790648,0.09573921813275413,-1.7198645045391614,1.2731390486734444,0.690388307793343,1.5380696283672222,0.18853355944156647,-0.11407345533370972,0.8641847372055054,0.18115484714508057,0.005462823435664177,-0.1429736465215683,0.08679932355880737,0.18853355944156647,-0.11407345533370972,0.8641847372055054,0.18115484714508057,0.005462823435664177,-0.1429736465215683,1.0,-0.06347436696073377,0.2020256646056691,0.898404150188853,0.05341726861586711,0.20518007063397525,0.9024998346667837,0.0,0.0,0.0,0,0.0428
213,0,0.0,-0.17646330286858847,0.15747908894784177,1.230567084916457,0.4393616132133929,-0.18504052948019636,-0.7969224797305072,-0.3709931759269859,0.0009175762398159102,-0.0006095252919731594,-0.14050859320026896,0.7396756366840277,0.09345879647548792,-1.7441335707925703,1.3054460043564657,0.687663438253648,1.5587097315596723,0.2678902745246887,-0.05048219859600067,0.8799326419830322,0.17735624313354492,-0.020876992493867874,-0.1498345136642456,0.07470876723527908,0.2678902745246887,-0.05048219859600067,0.8799326419830322,0.17735624313354492,-0.020876992493867874,-0.1498345136642456,1.0,-0.06347436696073377,0.2020256646056691,0.898404150188853,0.05341726861586711,0.20518007063397525,0.9024998346667837,0.0,0.0,0.0,0,0.0477
214,0,0.0,-0.1741885124534352,0.15653612388875798,1.243089706128961,0.43365138815112964,-0.18275190517893164,-0.7948544302668108,-0.38308569458189334,0.0008817448641351973,-0.0005798745456144776,-0.1437864228617551,0.7164211950819462,0.09286739800824101,-1.7602786172573186,1.3408163865102498,0.6818490767484319,1.5695629423167954,0.4055202603340149,-0.15203481912612915,0.9070905447006226,0.17940084636211395,0.012330312281847,-0.14812058210372925,0.03267139568924904,0.4055202603340149,-0.15203481912612915,0.9070905447006226,0.17940084636211395,0.012330312281847,-0.14812058210372925,1.0,-0.06347436696073377,0.2020256646056691,0.898404150188853,0.05341726861586711,0.20518007063397525,0.9024998346667837,0.0,0.0,0.0,0,0.0377
215,0,0.0,-0.17081993575686805,0.15514529154238205,1.2555561682114282,0.42805144031820996,-0.18017739044466885,-0.7920738227012423,-0.3961402930850319,0.0008471578732371704,-0.0005517954183057323,-0.14737641183281594,0.6957124265739275,0.09205489340027974,-1.7721917005934795,1.37882202688039,0.6762479709355366,1.581945936143098,0.5394612550735474,-0.12777802348136902,0.706820011138916,0.16268375515937805,-0.01409723237156868,-0.15432915091514587,0.03986768051981926,0.5394612550735474,-0.12777802348136902,0.706820011138916,0.16268375515937805,-0.01409723237156868,-0.15432915091514587,1.0,-0.06347436696073377,0.2020256646056691,0.898404150188853,0.05341726861586711,0.20518007063397525,0.9024998346667837,0.0,0.0,0.0,0,0.0368
216,1,0.1513,-0.1659509422058731,0.15332613443692727,1.2671016539056335,0.4224406422633402,-0.1789205049112326,-0.7886010624457355,-0.4094382993759891,0.0008163235867337254,-0.0005226586828253561,-0.15113188654569393,0.6789043425641041,0.09070654787202266,-1.7790881172506865,1.4188654671391072,0.673497992345447,1.5974282370187085,0.23703712224960327,0.09050653129816055,0.8521549701690674,0.011417761445045471,0.13080166280269623,-0.07720408588647842,-0.00026868400163948536,0.23703712224960327,0.09050653129816055,0.8521549701690674,0.011417761445045471,0.13080166280269623,-0.07720408588647842,1.0,-0.06347436696073377,0.2020256646056691,0.898404150188853,0.05341726861586711,0.20518007063397525,0.9024998346667837,0.0,0.0,0.0,0,0.0402
217,0,0.0,-0.16181642596778076,0.15281721083517236,1.277362679978292,0.41604981173836625,-0.17970042618944998,-0.7877866971519031,-0.417135985944986,0.0007846967678169431,-0.0004968879524754488,-0.15367543341868717,0.6636594050238125,0.09163053007790896,-1.786655077475491,1.4558390761916635,0.6732541628429071,1.6223371297416322,0.2478228509426117,0.07861991971731186,0.7739490270614624,0.004508061334490776,0.07093451917171478,-0.09131162613630295,-0.01276360359042883,0.2478228509426117,0.07861991971731186,0.7739490270614624,0.004508061334490776,0.07093451917171478,-0.09131162613630295,1.0,-0.06347436696073377,0.2020256646056691,0.898404150188853,0.05341726861586711,0.20518007063397525,0.9024998346667837,0.0,0.0,0.0,0,0.0376
218,0,0.0,-0.15834325083708606,0.15351842187368292,1.2873673643247738,0.4099273743507285,-0.18240551376805,-0.7883492442461457,-0.42094328050399044,0.0007555879824822085,-0.00047105856666313466,-0.15538876862996837,0.647079365893905,0.09402592006491574,-1.7953027796076078,1.4904544169387848,0.6767052333916956,1.6527290387236468,0.18750378489494324,0.019430644810199738,0.48413601517677307,0.013204647228121758,0.029846470803022385,-0.11305006593465805,-0.002220619237050414,0.18750378489494324,0.019430644810199738,0.48413601517677307,0.013204647228121758,0.029846470803022385,-0.11305006593465805,1.0,-0.06347436696073377,0.2020256646056691,0.898404150188853,0.05341726861586711,0.20518007063397525,0.9024998346667837,0.0,0.0,0.0,0,0.0364
219,0,0.0,-0.1551224975257131,0.15405254127670448,1.2960725374245694,0.4051031076052527,-0.18625506927997226,-0.7878433455355667,-0.4248568985804569,0.0007252137545004312,-0.00044884837515534983,-0.1570798138119093,0.6309792955494097,0.09545203959991522,-1.8039959823227145,1.520352512878019,0.6832869252547034,1.6784881623620547,0.17334680259227753,-0.008731737732887268,0.2457258701324463,0.017663227394223213,0.023178167641162872,-0.12588319182395935,0.06348536163568497,0.17334680259227753,-0.008731737732887268,0.2457258701324463,0.017663227394223213,0.023178167641162872,-0.12588319182395935,1.0,-0.06347436696073377,0.2020256646056691,0.898404150188853,0.05341726861586711,0.20518007063397525,0.9024998346667837,0.0,0.0,0.0,0,0.0363
