step,query,infer_s,eef_x,eef_y,eef_z,eef_qx,eef_qy,eef_qz,eef_qw,gripper_q0,gripper_q1,joint_0,joint_1,joint_2,joint_3,joint_4,joint_5,joint_6,act_raw_0,act_raw_1,act_raw_2,act_raw_3,act_raw_4,act_raw_5,act_raw_6,act_env_0,act_env_1,act_env_2,act_env_3,act_env_4,act_env_5,act_env_6,akita_black_bowl_1_x,akita_black_bowl_1_y,akita_black_bowl_1_z,plate_1_x,plate_1_y,plate_1_z,force_akita_black_bowl_1,force_plate_1,force_other,n_contacts,sim_s
0,1,0.1459,-0.20613675548511115,-0.008139929352523343,1.1739911223893813,0.9996127810560428,-0.00041782091771730423,-0.02782236675666391,-0.00017112317506491267,0.038723110123532196,-0.038722459872559414,-0.004548660721709557,-0.155709158817454,-0.013069982928090853,-2.4369394262739514,-0.003318167947152405,2.225553387256136,0.7714108221837281,0.7666108012199402,0.3974260687828064,0.16309383511543274,-0.03603723645210266,-0.1488552689552307,-0.002772228792309761,0.9868881702423096,0.7666108012199402,0.3974260687828064,0.16309383511543274,-0.03603723645210266,-0.1488552689552307,-0.002772228792309761,-1.0,0.06787929099844271,0.023735256938457554,0.917163822076788,0.06976893326515211,0.19004476835537593,0.9024995673059236,0.0,0.0,0.0,0,0.0393
1,0,0.0,-0.20147893419342672,-0.006227019032954157,1.1760006940012664,0.9997346718506896,0.00028501038412814816,-0.02303096614940231,0.00028154377845399266,0.03890152539099622,-0.03879495081571163,-0.003463926284307649,-0.1496319614170754,-0.009351716090278617,-2.4264930687438846,-0.0033225279255141515,2.231540644073638,0.7746709414752474,0.8231156468391418,0.416756272315979,0.1756165325641632,-0.04065272584557533,-0.174666166305542,-0.014122720807790756,1.0370426177978516,0.8231156468391418,0.416756272315979,0.1756165325641632,-0.04065272584557533,-0.174666166305542,-0.014122720807790756,-1.0,0.06787929102459941,0.023735256764274675,0.9171640138125946,0.06976893327432619,0.1900447683853841,0.9024997617621902,0.0,0.0,0.0,0,0.0382
2,0,0.0,-0.19202173011199783,-0.0020986097497763304,1.1785516874434547,0.9999256439992692,0.0006904127344976585,-0.012061799477469933,0.0016561389637486795,0.03898418075598627,-0.03884718244277289,-0.0013935751601566898,-0.136466069884663,-0.0016807713257588279,-2.4098051615859633,-0.0048392697553942595,2.2500962465469545,0.7845483764898863,0.8295193314552307,0.4252016246318817,0.13742667436599731,-0.056781888008117676,-0.17365729808807373,-0.010598215274512768,0.9610386490821838,0.8295193314552307,0.4252016246318817,0.13742667436599731,-0.056781888008117676,-0.17365729808807373,-0.010598215274512768,-1.0,0.06787929103068836,0.023735256726069926,0.9171640658369243,0.06976893327647567,0.1900447683943275,0.9024998147869767,0.0,0.0,0.0,0,0.0381
3,0,0.0,-0.18183364291785103,0.002764976748135686,1.1803995387333595,0.9999917935490161,0.00048735938883642804,-0.0005895871238255186,0.003978404513197347,0.03903066805461998,-0.038896064782581515,0.0009057012441883006,-0.12027961438201457,0.007430155154809024,-2.3920767208864615,-0.009529029261963442,2.2713953997348275,0.799371503659953,0.8849657773971558,0.4333909749984741,0.1806732714176178,-0.045514751225709915,-0.1678379625082016,-0.002843311056494713,0.9774160981178284,0.8849657773971558,0.4333909749984741,0.1806732714176178,-0.045514751225709915,-0.1678379625082016,-0.002843311056494713,-1.0,0.06787929103205612,0.023735256718172473,0.9171640799529795,0.06976893327696704,0.19004476839697038,0.9024998292459088,0.0,0.0,0.0,0,0.0406
4,1,0.1444,-0.17128024911732723,0.008173946949481831,1.182040040707188,0.9999180884566956,0.00031393743841878763,0.010949003361475376,0.006620962602349532,0.03907466054965134,-0.038940957457454524,0.003331321448907573,-0.10240460513778243,0.0172714417111396,-2.372991772278541,-0.01617448336669244,2.293032856220002,0.8163646804305387,0.7279660701751709,0.43614697456359863,0.12155991792678833,-0.13596132397651672,-0.10835179686546326,-0.019414670765399933,1.0093976259231567,0.7279660701751709,0.43614697456359863,0.12155991792678833,-0.13596132397651672,-0.10835179686546326,-0.019414670765399933,-1.0,0.06787929103233306,0.023735256716815572,0.9171640837831744,0.06976893327707548,0.19004476839774584,0.9024998331886069,0.0,0.0,0.0,0,0.0479
5,0,0.0,-0.16172338822706833,0.01298082685599191,1.183124410646485,0.9997270925711352,-9.630571725038894e-05,0.02025249330703581,0.011643350863087376,0.03911327567850769,-0.0389909240808935,0.005455038578268618,-0.08426199560377,0.026963834692609413,-2.3539223144129027,-0.03095356835210765,2.3097795692432186,0.8388932041547785,0.7724639773368835,0.4620158076286316,0.1720309555530548,-0.14999128878116608,-0.06604091078042984,-0.015209352597594261,1.0545439720153809,0.7724639773368835,0.4620158076286316,0.1720309555530548,-0.14999128878116608,-0.06604091078042984,-0.015209352597594261,-1.0,0.06787929103236394,0.02373525671680336,0.9171640848224447,0.0697689332770982,0.19004476839797205,0.9024998342637116,0.0,0.0,0.0,0,0.0363
6,0,0.0,-0.15297294685883464,0.017776432982582392,1.1839686520536543,0.9994302899784862,-0.0005491289188966353,0.02761538077767969,0.01939548079973137,0.03915223030312038,-0.03903331715038757,0.007643681160879975,-0.06590475795225388,0.03760069176554965,-2.3338897791908755,-0.053982085546803595,2.3212238175636055,0.8680234835388874,0.8453981876373291,0.4902578294277191,0.15288162231445312,-0.15782099962234497,-0.06059832498431206,-0.0038914531469345093,0.9970495104789734,0.8453981876373291,0.4902578294277191,0.15288162231445312,-0.15782099962234497,-0.06059832498431206,-0.0038914531469345093,-1.0,0.06787929103234117,0.023735256717046134,0.9171640851044363,0.06976893327710254,0.19004476839803772,0.9024998345568738,0.0,0.0,0.0,0,0.0375
7,0,0.0,-0.14384699545816748,0.023265059949553957,1.1847822060281958,0.9990059507066742,-0.0006280627898636038,0.034563950734527046,0.028143370434371606,0.03918960047199767,-0.03907376070914564,0.010132964843073558,-0.04548993925541591,0.04927545805271547,-2.3109614630551483,-0.08112492012329611,2.330074239720206,0.9005390556281031,0.8772458434104919,0.49602165818214417,0.19336947798728943,-0.1651861071586609,-0.07043050229549408,0.002867702394723892,0.9548171758651733,0.8772458434104919,0.49602165818214417,0.19336947798728943,-0.1651861071586609,-0.07043050229549408,0.002867702394723892,-1.0,0.06787929103230732,0.023735256717330018,0.9171640851809508,0.06976893327710323,0.19004476839805665,0.9024998346368139,0.0,0.0,0.0,0,0.0377
8,1,0.1405,-0.1340327408466062,0.0291908266388977,1.185780189534001,0.9984254167632671,-0.00030747126997515695,0.04172221904704382,0.037494653756304105,0.03922415018467106,-0.03911369119804553,0.012832143681770864,-0.023094238153039806,0.061290291085496516,-2.284716798529112,-0.11158114811229161,2.3368745545423497,0.9350181919673629,0.5361598134040833,0.7096741199493408,0.36777541041374207,-0.15049520134925842,0.10168281197547913,0.022709695622324944,1.0871049165725708,0.5361598134040833,0.7096741199493408,0.36777541041374207,-0.15049520134925842,0.10168281197547913,0.022709695622324944,-1.0,0.0678792910322714,0.023735256717617885,0.917164085201712,0.06976893327710325,0.19004476839806206,0.9024998346586124,0.0,0.0,0.0,0,0.0393
9,0,0.0,-0.127085048478681,0.036754042416078284,1.186799598990146,0.9979485526740325,0.0011313223364821656,0.0437184003762696,0.0467558316588855,0.03926111536011191,-0.03914800432841808,0.01651046354311819,-0.00413927431827584,0.07577728602226343,-2.258867371596689,-0.13985982713501083,2.328549227714796,0.9682336514917576,0.6376991271972656,0.6437698602676392,0.3783465325832367,-0.16934041678905487,0.10778278112411499,0.014731084927916527,1.1065367460250854,0.6376991271972656,0.6437698602676392,0.3783465325832367,-0.16934041678905487,0.10778278112411499,0.014731084927916527,-1.0,0.06787929103223507,0.023735256717905003,0.9171640852073452,0.06976893327710325,0.19004476839806358,0.9024998346645562,0.0,0.0,0.0,0,0.0468
10,0,0.0,-0.12168470604553705,0.04499729217270198,1.1888953785436576,0.997511088095095,0.002868767318002674,0.042266867682607165,0.05636409493387246,0.03929167380537697,-0.03918566382871199,0.020758811242949052,0.012917590265181059,0.09118227425587647,-2.2300548696660716,-0.16673496971841234,2.3079274884314187,1.0001207785533621,0.6906182765960693,0.6341065168380737,0.3370753228664398,-0.17803138494491577,0.11896200478076935,0.014703517779707909,1.1177339553833008,0.6906182765960693,0.6341065168380737,0.3370753228664398,-0.17803138494491577,0.11896200478076935,0.014703517779707909,-1.0,0.06787929103219864,0.023735256718191444,0.9171640852088737,0.06976893327710325,0.19004476839806403,0.9024998346661771,0.0,0.0,0.0,0,0.0396
11,0,0.0,-0.11557519333609334,0.05288481831898996,1.1912689977090347,0.9969608900095385,0.004444502242651471,0.040221968145927364,0.06656893772376887,0.039319743560445285,-0.03922290070804381,0.02514369208683921,0.032938605416148195,0.10595971854900031,-2.1963662486887503,-0.19411277833680468,2.282944720832897,1.0309157209589817,0.7365736961364746,0.5856279134750366,0.32206979393959045,-0.17290163040161133,0.11506281793117523,0.014014346525073051,1.0869663953781128,0.7365736961364746,0.5856279134750366,0.32206979393959045,-0.17290163040161133,0.11506281793117523,0.014014346525073051,-1.0,0.06787929103216221,0.023735256718477583,0.9171640852092885,0.06976893327710325,0.19004476839806403,0.9024998346666192,0.0,0.0,0.0,0,0.0381
12,1,0.1425,-0.10865770543625476,0.06051139793266316,1.1935227733780023,0.9963074900822187,0.005938245781315299,0.03773035335161208,0.07689306131941714,0.0393451928015442,-0.03925996521288279,0.029671952771961985,0.0565024352044734,0.11999624665592529,-2.1581079038631583,-0.2209456903027127,2.2550741206566247,1.0596737445467084,0.9338263869285583,0.5712010860443115,0.10770773887634277,-0.16670392453670502,0.01567293331027031,-0.010646811686456203,1.1147722005844116,0.9338263869285583,0.5712010860443115,0.10770773887634277,-0.16670392453670502,0.01567293331027031,-0.010646811686456203,-1.0,0.06787929103212578,0.023735256718763625,0.917164085209401,0.06976893327710325,0.19004476839806403,0.9024998346667397,0.0,0.0,0.0,0,0.0398
13,0,0.0,-0.09930155096385543,0.06772727300613504,1.195334773894576,0.9954975605750105,0.006579940727928613,0.03764009286382981,0.0867440757540344,0.039368253150355845,-0.03929673802306061,0.03417578711373171,0.08616260331465452,0.13235924316804926,-2.1144453142070594,-0.2487793803457884,2.2321003769786545,1.0885736950604716,0.9339122772216797,0.5124213695526123,0.04265034198760986,-0.16338691115379333,0.04134633392095566,-0.0021985843777656555,1.0682624578475952,0.9339122772216797,0.5124213695526123,0.04265034198760986,-0.16338691115379333,0.04134633392095566,-0.0021985843777656555,-1.0,0.06787929103208935,0.023735256719049594,0.9171640852094314,0.06976893327710325,0.19004476839806403,0.9024998346667725,0.0,0.0,0.0,0,0.0368
14,0,0.0,-0.08857419931290655,0.07447395337417943,1.1954667734151518,0.9945814337747921,0.006640851056158803,0.038439544358454966,0.09636426784468796,0.039389452843226175,-0.03933280494332177,0.03881256944271477,0.12126134438018743,0.1431943034423015,-2.068128123390914,-0.27770410444628063,2.212320715105547,1.1173225077242697,0.9912979006767273,0.46123257279396057,0.12392136454582214,-0.17277514934539795,0.02519950643181801,0.004871157929301262,0.9233505129814148,0.9912979006767273,0.46123257279396057,0.12392136454582214,-0.17277514934539795,0.02519950643181801,0.004871157929301262,-1.0,0.06787929103205292,0.023735256719335563,0.9171640852094398,0.06976893327710325,0.19004476839806403,0.9024998346667815,0.0,0.0,0.0,0,0.0354
15,0,0.0,-0.07727306224447938,0.08059022314746651,1.1953312853058082,0.9935279668762467,0.0068527178750371065,0.0394492825192492,0.10629662930306193,0.03940736614261903,-0.039369710619186406,0.043746393841243215,0.15830072545925902,0.15266788418662106,-2.019069813804009,-0.3074745468429455,2.191403382681687,1.143914772155965,1.0771863460540771,0.3628491163253784,0.17507541179656982,-0.16306492686271667,0.017418423667550087,0.01647024042904377,0.9547327756881714,1.0771863460540771,0.3628491163253784,0.17507541179656982,-0.16306492686271667,0.017418423667550087,0.01647024042904377,-1.0,0.0678792910320165,0.023735256719621532,0.9171640852094419,0.06976893327710325,0.19004476839806403,0.9024998346667837,0.0,0.0,0.0,0,0.0386
16,1,0.1444,-0.06546246465663237,0.08599760577057605,1.195858371341416,0.9923259339838488,0.007351754682510314,0.04099117740985673,0.11642558061149116,0.03942277445062445,-0.03940678150153719,0.04901321907811007,0.19567615382292622,0.16070971168690648,-1.9672233102701229,-0.33712153836688846,2.168498818266456,1.167020218884097,0.8695251941680908,0.12448588013648987,-0.010368138551712036,-0.02975165657699108,0.09683528542518616,-0.0052207838743925095,0.9684665203094482,0.8695251941680908,0.12448588013648987,-0.010368138551712036,-0.02975165657699108,0.09683528542518616,-0.0052207838743925095,-1.0,0.06787929103198007,0.0237352567199075,0.9171640852094419,0.06976893327710325,0.19004476839806403,0.9024998346667837,0.0,0.0,0.0,0,0.0398
17,0,0.0,-0.05477078036044631,0.09093661091446306,1.19495175549451,0.9915413805629291,0.007161977107306872,0.03924757135081267,0.1235071854522507,0.03943826003052275,-0.039441504869538214,0.05400846882246965,0.23402386569563371,0.1670201203585242,-1.9156970803164557,-0.356062949127768,2.1426922646262607,1.1823256298416054,0.9104791283607483,0.07548984885215759,-0.09586159884929657,0.007376393303275108,0.1183883547782898,0.00861365906894207,0.979303777217865,0.9104791283607483,0.07548984885215759,-0.09586159884929657,0.007376393303275108,0.1183883547782898,0.00861365906894207,-1.0,0.06787929103194364,0.02373525672019347,0.9171640852094419,0.06976893327710325,0.19004476839806403,0.9024998346667837,0.0,0.0,0.0,0,0.0384
18,0,0.0,-0.04450517227928266,0.0948522968204028,1.192496017722933,0.9913692138498258,0.006743057722252255,0.03462688224451504,0.1262639775603331,0.039450663217268575,-0.03947712884309655,0.05813978469164208,0.27403367767515074,0.17034995255596697,-1.8635978967645814,-0.36290518222326174,2.117260620570578,1.1869293693535492,0.8724241852760315,-0.013133525848388672,-0.18680284917354584,0.02896909788250923,0.10801291465759277,0.008692368865013123,0.9673293232917786,0.8724241852760315,-0.013133525848388672,-0.18680284917354584,0.02896909788250923,0.10801291465759277,0.008692368865013123,-1.0,0.06787929103190721,0.02373525672047944,0.9171640852094419,0.06976893327710325,0.19004476839806403,0.9024998346667837,0.0,0.0,0.0,0,0.0501
19,0,0.0,-0.03389511801321449,0.09725328600232289,1.189333839934809,0.9915029652507275,0.00677557732599815,0.029088402264279063,0.12660895033379316,0.039460768438509555,-0.03951299156607365,0.06156638457497165,0.31518403638799786,0.17052595284241465,-1.8102433787744698,-0.363331274771687,2.093376633299717,1.1832429010628147,0.8371488451957703,-0.08622953295707703,-0.33078131079673767,0.04838617891073227,0.078095942735672,0.008666645735502243,0.9659442901611328,0.8371488451957703,-0.08622953295707703,-0.33078131079673767,0.04838617891073227,0.078095942735672,0.008666645735502243,-1.0,0.06787929103187078,0.02373525672076541,0.9171640852094419,0.06976893327710325,0.19004476839806403,0.9024998346667837,0.0,0.0,0.0,0,0.0396
20,1,0.1446,-0.022979034275927176,0.09824507640065845,1.185411544815928,0.9917957259591399,0.007004613991379471,0.023544367303020057,0.12545053256289426,0.03947067619548724,-0.039547088658442746,0.06447854295626194,0.35705622380374724,0.16800263570657997,-1.7567073561817623,-0.36013051116581835,2.072433800938904,1.1744836273173918,0.6102933287620544,-0.05515977740287781,0.11762234568595886,-0.0049714879132807255,0.14627815783023834,-0.06789103895425797,0.9960751533508301,0.6102933287620544,-0.05515977740287781,0.11762234568595886,-0.0049714879132807255,0.14627815783023834,-0.06789103895425797,-1.0,0.06787929103183435,0.023735256721051378,0.9171640852094419,0.06976893327710325,0.19004476839806403,0.9024998346667837,0.0,0.0,0.0,0,0.0385
21,0,0.0,-0.013828285737157046,0.09766403336885464,1.1830694661021477,0.9920006360362071,0.005484715453877909,0.01601569648746714,0.1250925795807696,0.039477769756734865,-0.0395821205449215,0.06743246155832809,0.3937334548920765,0.1640655090771418,-1.704153309453389,-0.35477980447687774,2.0431623981317255,1.1656035960620206,0.7099990844726562,-0.01387573778629303,0.10668963193893433,0.0017865304835140705,0.10849986970424652,-0.06892281025648117,1.0192780494689941,0.7099990844726562,-0.01387573778629303,0.10668963193893433,0.0017865304835140705,0.10849986970424652,-0.06892281025648117,-1.0,0.06787929103179792,0.023735256721337347,0.9171640852094419,0.06976893327710325,0.19004476839806403,0.9024998346667837,0.0,0.0,0.0,0,0.0387
22,0,0.0,-0.0053763718380658585,0.09699069323921948,1.183426618530017,0.9921222279638356,0.0024699630914606363,0.008881129877669307,0.1249340209650532,0.03948848746040457,-0.03961172302622173,0.07093744937896879,0.4266055022363764,0.15999750062727505,-1.6499716532845474,-0.34851448794236584,2.0095507697943247,1.1583359754846116,0.8116966485977173,0.0031068772077560425,0.07565672695636749,0.00030487682670354843,0.060808975249528885,-0.045012302696704865,0.931422233581543,0.8116966485977173,0.0031068772077560425,0.07565672695636749,0.00030487682670354843,0.060808975249528885,-0.045012302696704865,-1.0,0.06787929103176149,0.023735256721623316,0.9171640852094419,0.06976893327710325,0.19004476839806403,0.9024998346667837,0.0,0.0,0.0,0,0.0402
23,0,0.0,0.004194862571704668,0.09662483760918239,1.184307050322998,0.992231240960898,-0.00027342933117463497,0.0045106330479460915,0.1243251538792651,0.03949926109347401,-0.03963954213235822,0.07497257441343627,0.46060476008449025,0.1554238418386078,-1.5933079244945672,-0.3435209891933051,1.9802698970190789,1.1514090921166262,0.8927042484283447,0.03446287661790848,0.022312000393867493,-0.012766296043992043,0.017618004232645035,-0.030844254419207573,0.9434232115745544,0.8927042484283447,0.03446287661790848,0.022312000393867493,-0.012766296043992043,0.017618004232645035,-0.030844254419207573,-1.0,0.06787929103172506,0.023735256721909286,0.9171640852094419,0.06976893327710325,0.19004476839806403,0.9024998346667837,0.0,0.0,0.0,0,0.0398
24,1,0.145,0.014961617885611291,0.09634725050240536,1.1848546649177587,0.9922766977945487,-0.0022503125811559332,0.0029546539966117946,0.12398855240300297,0.039509696469514306,-0.03966604431889833,0.07961009574082907,0.4967750653188233,0.1502423606367664,-1.5346403297117188,-0.34137552809112925,1.9564271404652858,1.1448386725385615,0.8711495399475098,0.07195767015218735,-0.30115118622779846,-0.01669018343091011,0.05027124658226967,-0.09065643697977066,0.9974191784858704,0.8711495399475098,0.07195767015218735,-0.30115118622779846,-0.01669018343091011,0.05027124658226967,-0.09065643697977066,-1.0,0.06787929103168863,0.023735256722195255,0.9171640852094419,0.06976893327710325,0.19004476839806403,0.9024998346667837,0.0,0.0,0.0,0,0.039
25,0,0.0,0.02564960477994504,0.09607695008682074,1.1826899209974362,0.9922683775199974,-0.005252076476095491,0.0013372962585516124,0.12399231550881225,0.039521082721995365,-0.039690013559754406,0.08482519163406581,0.5368510681304524,0.1444316324802378,-1.4761822870432668,-0.3401384352897604,1.9356914000142615,1.1418819978090624,0.6277376413345337,-0.08715949952602386,-0.5472708940505981,-0.004233397077769041,0.03641620650887489,-0.10549013316631317,0.993345320224762,0.6277376413345337,-0.08715949952602386,-0.5472708940505981,-0.004233397077769041,0.03641620650887489,-0.10549013316631317,-1.0,0.0678792910316522,0.023735256722481224,0.9171640852094419,0.06976893327710325,0.19004476839806403,0.9024998346667837,0.0,0.0,0.0,0,0.0382
26,0,0.0,0.035072511032591236,0.09535273454408305,1.1771885337729575,0.9921608288610765,-0.010337429961615852,-0.0024227611382793626,0.12451569155715413,0.039530249120217104,-0.03971469186665146,0.09029665357397103,0.5795226061250681,0.13767671358802747,-1.4200532063564226,-0.3383180147231999,1.9150563679320751,1.1431328454231044,0.4591905474662781,-0.23855653405189514,-0.6707340478897095,0.0022637047804892063,0.01285652257502079,-0.10193664580583572,0.9727030396461487,0.4591905474662781,-0.23855653405189514,-0.6707340478897095,0.0022637047804892063,0.01285652257502079,-0.10193664580583572,-1.0,0.06787929103161577,0.023735256722767193,0.9171640852094419,0.06976893327710325,0.19004476839806403,0.9024998346667837,0.0,0.0,0.0,0,0.0382
27,0,0.0,0.04317820895001433,0.09370887401382089,1.1700297342153776,0.9919023949532075,-0.016508659928527625,-0.007443332884617869,0.12570481227472208,0.03953764526715242,-0.039739697125660674,0.0955646623760706,0.6216560573279528,0.12969093297751103,-1.3673862672623798,-0.33600640398878295,1.894787425626969,1.1458757205686605,0.49507761001586914,-0.12262439727783203,-0.8549269437789917,0.005101876333355904,-0.019831057637929916,-0.11786822974681854,0.9764207005500793,0.49507761001586914,-0.12262439727783203,-0.8549269437789917,0.005101876333355904,-0.019831057637929916,-0.11786822974681854,-1.0,0.06787929103157934,0.023735256723053162,0.9171640852094419,0.06976893327710325,0.19004476839806403,0.9024998346667837,0.0,0.0,0.0,0,0.0378
28,1,0.142,0.05104591212778042,0.09209081910264491,1.16141537479362,0.9916336705166854,-0.023164131307367553,-0.011293732334471444,0.1264853277196104,0.03954778963467501,-0.03976056783091729,0.10073244534031586,0.6640699543043237,0.12115934428841106,-1.3175527222079473,-0.3330511426213941,1.8803057349956347,1.1503157106437887,0.32158976793289185,0.40227362513542175,-0.44785818457603455,0.12574853003025055,-0.18420468270778656,-0.13273894786834717,0.8067442178726196,0.32158976793289185,0.40227362513542175,-0.44785818457603455,0.12574853003025055,-0.18420468270778656,-0.13273894786834717,-1.0,0.06787929103154292,0.02373525672333913,0.9171640852094419,0.06976893327710325,0.19004476839806403,0.9024998346667837,0.0,0.0,0.0,0,0.0425
29,0,0.0,0.05922554003769936,0.09484062855083254,1.1550091410076162,0.9918982363034883,-0.030786463110689943,-0.010814652677350836,0.12277265898656003,0.03956588770728509,-0.039772159782985,0.10689552484223541,0.702553561675925,0.1166454494394386,-1.2683446996702645,-0.3244825197728075,1.8725682612822645,1.1596325132038852,0.1728488802909851,0.005571886897087097,-0.49552786350250244,0.17805412411689758,-0.20064988732337952,-0.1407998651266098,0.9934415817260742,0.1728488802909851,0.005571886897087097,-0.49552786350250244,0.17805412411689758,-0.20064988732337952,-0.1407998651266098,-1.0,0.06787929103150649,0.0237352567236251,0.9171640852094419,0.06976893327710325,0.19004476839806403,0.9024998346667837,0.0,0.0,0.0,0,0.0383
30,0,0.0,0.06643703245145754,0.0991999228754327,1.1512195572792836,0.9923689604106896,-0.040470359894943686,-0.008798945208803866,0.11614032437784846,0.0395734091777852,-0.0397930876422878,0.1126289478613021,0.7344610538013759,0.11328245858604462,-1.22363955795389,-0.3109257107259018,1.8664546076331212,1.172349115793698,-0.0009062588214874268,-0.07315503060817719,-0.6847507953643799,0.18115484714508057,-0.20672719180583954,-0.13759973645210266,0.9764805436134338,-0.0009062588214874268,-0.07315503060817719,-0.6847507953643799,0.18115484714508057,-0.20672719180583954,-0.13759973645210266,-1.0,0.06787929103147006,0.02373525672391107,0.9171640852094419,0.06976893327710325,0.19004476839806403,0.9024998346667837,0.0,0.0,0.0,0,0.0371
31,0,0.0,0.072168252073554,0.10193530173035607,1.1470063286677261,0.9927096232260512,-0.05088719056197727,-0.008044950647525584,0.10896502448115061,0.03958030371781599,-0.03981344502057296,0.11668403099157423,0.7619230230429976,0.1083768653006712,-1.1869173982073242,-0.2944170401200588,1.8624140480452838,1.1840210019597632,-0.16069699823856354,-0.2539173364639282,-0.8168716430664062,0.18115484714508057,-0.22497807443141937,-0.12177518755197525,0.9587337970733643,-0.16069699823856354,-0.2539173364639282,-0.8168716430664062,0.18115484714508057,-0.22497807443141937,-0.12177518755197525,-1.0,0.06787929103143363,0.02373525672419704,0.9171640852094419,0.06976893327710325,0.19004476839806403,0.9024998346667837,0.0,0.0,0.0,0,0.0381
32,1,0.1568,0.07661143396332086,0.10296421234763416,1.141700236734137,0.992879792714184,-0.06097957364303175,-0.0083000478001149,0.10199175468962046,0.039585858861716776,-0.03983397367004852,0.11912175318450312,0.7853253490987595,0.1019258336351944,-1.1593623299765494,-0.27677514226008093,1.8620776228279947,1.193712824906361,-0.43672966957092285,-0.27379924058914185,-0.5182145237922668,0.11126171052455902,-0.347180038690567,0.0002313666045665741,0.9181531667709351,-0.43672966957092285,-0.27379924058914185,-0.5182145237922668,0.11126171052455902,-0.347180038690567,0.0002313666045665741,-1.0,0.0678792910313972,0.023735256724483008,0.9171640852094419,0.06976893327710325,0.19004476839806403,0.9024998346667837,0.0,0.0,0.0,0,0.0382
33,0,0.0,0.08031368334298532,0.10248469373460092,1.138857159705225,0.9929301903372251,-0.06778054613157958,-0.007015499204088973,0.09719165321108356,0.039590621758425454,-0.03985414680637516,0.12095136660039592,0.799947528495054,0.09473237384630868,-1.1408041846662984,-0.2638088247850976,1.864402327269089,1.1979037562758246,-0.46665340662002563,-0.22515475749969482,-0.6271923184394836,0.1003943532705307,-0.34108367562294006,0.0036254562437534332,0.9699221849441528,-0.46665340662002563,-0.22515475749969482,-0.6271923184394836,0.1003943532705307,-0.34108367562294006,0.0036254562437534332,-1.0,0.06787929103136077,0.023735256724768977,0.9171640852094419,0.06976893327710325,0.19004476839806403,0.9024998346667837,0.0,0.0,0.0,0,0.0383
34,0,0.0,0.0830621084841008,0.10181656058729971,1.137940409267614,0.9929907133385714,-0.07127463564101105,-0.004059161449602854,0.09419603359972507,0.03959920709751323,-0.03986939328545076,0.12280866900259203,0.8062257745512929,0.08808543696576746,-1.1330623229663828,-0.25535586890027734,1.8712611219712296,1.1991030304387955,-0.39532220363616943,-0.20329174399375916,-0.7389417886734009,0.09903872013092041,-0.3172151744365692,0.002723248675465584,1.0257527828216553,-0.39532220363616943,-0.20329174399375916,-0.7389417886734009,0.09903872013092041,-0.3172151744365692,0.002723248675465584,-1.0,0.06787929103132434,0.023735256725054946,0.9171640852094419,0.06976893327710325,0.19004476839806403,0.9024998346667837,0.0,0.0,0.0,0,0.0375
35,0,0.0,0.08514975849771339,0.10136040771252443,1.1356945809940355,0.9930893914709311,-0.07385330042723753,-3.4478994709950805e-05,0.09120937109254568,0.03960858099215966,-0.039882822611742606,0.1242635877262211,0.8087337383199006,0.08192870608284597,-1.135937009956121,-0.24823384661452652,1.886843059149693,1.200961360304492,-0.4150884747505188,-0.15372878313064575,-0.7356091737747192,0.09043510258197784,-0.321069598197937,0.012455133721232414,1.0320144891738892,-0.4150884747505188,-0.15372878313064575,-0.7356091737747192,0.09043510258197784,-0.321069598197937,0.012455133721232414,-1.0,0.06787929103128791,0.023735256725340916,0.9171640852094419,0.06976893327710325,0.19004476839806403,0.9024998346667837,0.0,0.0,0.0,0,0.0382
36,1,0.1452,0.08673662990482672,0.10108126091350267,1.1322103874782028,0.9932075992002278,-0.07590177461368391,0.005110010852739714,0.08804245163838141,0.039617666488339996,-0.03989556101025123,0.12531826178159158,0.8079914766393894,0.07630138112282979,-1.1480684760409254,-0.242245736449222,1.9104754437674052,1.2037312100455715,0.4148073196411133,0.043038323521614075,-0.5042663812637329,0.049160439521074295,0.004048258066177368,0.01943608932197094,0.9660786390304565,0.4148073196411133,0.043038323521614075,-0.5042663812637329,0.049160439521074295,0.004048258066177368,0.01943608932197094,-1.0,0.06787929103125148,0.023735256725626885,0.9171640852094419,0.06976893327710325,0.19004476839806403,0.9024998346667837,0.0,0.0,0.0,0,0.0378
37,0,0.0,0.08855994632450484,0.10127069379861238,1.1260875306890057,0.9934852310846283,-0.07617146711228256,0.011064710814075854,0.08403913010785591,0.03962856028338271,-0.039905553807249826,0.12593020713480116,0.8098417482074274,0.07146501505181753,-1.163407262742348,-0.23635563764675854,1.9420143140704167,1.2040419665683784,0.2532622814178467,0.0139751136302948,-0.7069495916366577,0.0334121510386467,-0.03197823464870453,0.021715393289923668,0.956839919090271,0.2532622814178467,0.0139751136302948,-0.7069495916366577,0.0334121510386467,-0.03197823464870453,0.021715393289923668,-1.0,0.06787929103121505,0.023735256725912854,0.9171640852094419,0.06976893327710325,0.19004476839806403,0.9024998346667837,0.0,0.0,0.0,0,0.0375
38,0,0.0,0.09058666861417178,0.10114737073255345,1.116900867576975,0.9938079973811619,-0.07515548382641651,0.01624232831450127,0.08020912892548261,0.03963682034050921,-0.03991728311094673,0.12612270738350576,0.8170190366155247,0.06670328068907852,-1.1770553177314789,-0.23110187790544182,1.9756344484333115,1.2019606290863831,-0.14453445374965668,-0.12908974289894104,-0.8293932676315308,0.03063707798719406,-0.04219311475753784,0.02934936247766018,0.9293480515480042,-0.14453445374965668,-0.12908974289894104,-0.8293932676315308,0.03063707798719406,-0.04219311475753784,0.02934936247766018,-1.0,0.06787929103117862,0.023735256726198823,0.9171640852094419,0.06976893327710325,0.19004476839806403,0.9024998346667837,0.0,0.0,0.0,0,0.0373
39,0,0.0,0.09085606812358683,0.10019362806302301,1.10655084005641,0.9940343097285055,-0.07398206769920296,0.018046641499129965,0.0780817742634292,0.0396431057244773,-0.03993012536864967,0.126109797700198,0.8238156954640814,0.06197750331812203,-1.192776929381615,-0.22700110178935895,2.0032133381204686,1.199424126242437,-0.310547411441803,-0.21234005689620972,-0.9687138795852661,0.06148230656981468,-0.018200455233454704,0.02841637097299099,1.2178878784179688,-0.310547411441803,-0.21234005689620972,-0.9687138795852661,0.06148230656981468,-0.018200455233454704,0.02841637097299099,-1.0,0.0678792910311422,0.023735256726484792,0.9171640852094419,0.06976893327710325,0.19004476839806403,0.9024998346667837,0.0,0.0,0.0,0,0.0378
40,1,0.1405,0.08904865402274637,0.0988540064253467,1.0956053942818347,0.9942808507575888,-0.07282424292987183,0.01645308524268701,0.07636435977897041,0.039650734911811834,-0.03994080269225321,0.12555300994303936,0.8284670951367975,0.057825635109350536,-1.212522652589609,-0.22163592385662398,2.026105652007529,1.1959701235068931,-0.8196715116500854,-0.3298286199569702,-1.0230712890625,0.1745251566171646,-0.3402995467185974,0.043089985847473145,1.106641173362732,-0.8196715116500854,-0.3298286199569702,-1.0230712890625,0.1745251566171646,-0.3402995467185974,0.043089985847473145,-1.0,0.06787929103110577,0.02373525672677076,0.9171640852094419,0.06976893327710325,0.19004476839806403,0.9024998346667837,0.0,0.0,0.0,0,0.0386
41,0,0.0,0.08715074024681614,0.09804521331780504,1.087197249828606,0.994614305495615,-0.07246192721230316,0.01701237755595922,0.07212649595015239,0.039659416214384305,-0.03994964968356656,0.12398458121640168,0.8266546185662211,0.05477745489670495,-1.237752879775624,-0.2129570879453473,2.054189253197731,1.1926330793134858,-1.2410783767700195,-0.4337177574634552,-1.141897439956665,0.17769216001033783,-0.36924028396606445,0.05303070694208145,1.112544298171997,-1.2410783767700195,-0.4337177574634552,-1.141897439956665,0.17769216001033783,-0.36924028396606445,0.05303070694208145,-1.0,0.06787929103106934,0.02373525672705673,0.9171640852094419,0.06976893327710325,0.19004476839806403,0.9024998346667837,0.0,0.0,0.0,0,0.0396
42,0,0.0,0.08436003234383452,0.09680410968258285,1.0813630027624086,0.9949499498050172,-0.07271859869822311,0.019891762000680373,0.06626402184344107,0.03966501574801158,-0.03996083794353658,0.12108983288744586,0.8149501610068168,0.05189026095377773,-1.2752545295410485,-0.20251131769130748,2.089675116678015,1.1890200984916568,-1.5404804944992065,-0.5224857330322266,-1.3423230648040771,0.1775052547454834,-0.3709656000137329,0.0780276283621788,0.9509955048561096,-1.5404804944992065,-0.5224857330322266,-1.3423230648040771,0.1775052547454834,-0.3709656000137329,0.0780276283621788,-1.0,0.0678792910310329,0.0237352567273427,0.9171640852094419,0.06976893327710325,0.19004476839806403,0.9024998346667837,0.0,0.0,0.0,0,0.0413
43,0,0.0,0.08022903292570874,0.0943277046773665,1.0758840931134825,0.9952941996069791,-0.07213519254850237,0.024518992170370256,0.05987310955380139,0.039670733509170976,-0.03997119004099661,0.11679486846841668,0.7958645704724435,0.04844794950143156,-1.3261653978192087,-0.19194210760707425,2.135201458779546,1.1825965473062525,-1.6127805709838867,-0.46571025252342224,-1.4333127737045288,0.18048876523971558,-0.3688110411167145,0.06367044150829315,1.042186975479126,-1.6127805709838867,-0.46571025252342224,-1.4333127737045288,0.18048876523971558,-0.3688110411167145,0.06367044150829315,-1.0,0.06787929103099648,0.02373525672762867,0.9171640852094419,0.06976893327710325,0.19004476839806403,0.9024998346667837,0.0,0.0,0.0,0,0.0384
44,1,0.1443,0.07487362887450467,0.09110154169145275,1.0698242883622668,0.9956101424303212,-0.07089260675618575,0.03150063825104171,0.052367856428956625,0.03967810474356551,-0.03997920791966751,0.11132386894546006,0.7718403807761786,0.04486353321283289,-1.3890867816311325,-0.1807005873646934,2.193047443253127,1.1739376789957576,0.05611610412597656,-0.10078258812427521,-0.5746257305145264,0.06988877058029175,-0.3733295202255249,-0.12637369334697723,0.9809490442276001,0.05611610412597656,-0.10078258812427521,-0.5746257305145264,0.06988877058029175,-0.3733295202255249,-0.12637369334697723,-1.0,0.06787929103096005,0.023735256727914638,0.9171640852094419,0.06976893327710325,0.19004476839806403,0.9024998346667837,0.0,0.0,0.0,0,0.0392
45,0,0.0,0.07226184906122403,0.08665927383279538,1.0646276253224622,0.9951855685925219,-0.07420259774442489,0.04555098160066583,0.04499740690720749,0.03968545759236637,-0.039986597179301746,0.10593186146816619,0.7517771348041017,0.039166509446267775,-1.4468405273306257,-0.1736302372591453,2.2633466259309687,1.175508629212359,-0.04176996648311615,-0.08094148337841034,-0.39723140001296997,0.06856107711791992,-0.3734309673309326,-0.1215091347694397,0.7676920294761658,-0.04176996648311615,-0.08094148337841034,-0.39723140001296997,0.06856107711791992,-0.3734309673309326,-0.1215091347694397,-1.0,0.06787929103092362,0.023735256728200607,0.9171640852094419,0.06976893327710325,0.19004476839806403,0.9024998346667837,0.0,0.0,0.0,0,0.0565
46,0,0.0,0.07220003944986253,0.08283459616417324,1.0598222967516377,0.99383083030569,-0.08129442665821707,0.06528503270327514,0.03780689663468782,0.0396967565463722,-0.039989438904469536,0.10204862455949493,0.7373622682793989,0.03302829398890943,-1.4976883686801605,-0.17153653584218104,2.3419154437746896,1.1880639138855928,-0.0663311630487442,-0.04597495496273041,-0.3956068158149719,0.042230382561683655,-0.3704410791397095,-0.11088113486766815,0.8551775813102722,-0.0663311630487442,-0.04597495496273041,-0.3956068158149719,0.042230382561683655,-0.3704410791397095,-0.11088113486766815,-1.0,0.06787929103088719,0.023735256728486576,0.9171640852094419,0.06976893327710325,0.19004476839806403,0.9024998346667837,0.0,0.0,0.0,0,0.0371
47,0,0.0,0.07148185827574728,0.0797810746899332,1.0551484168759968,0.9919012653634489,-0.08850185441502917,0.08546514011257485,0.03154380067502714,0.03970735292168191,-0.03999237638511399,0.09967059080836607,0.7240744279078158,0.02702651528930516,-1.5478617681513136,-0.1740574514411855,2.4209773279328446,1.2053033471505326,-0.12421901524066925,-0.05438290536403656,-0.457503080368042,0.040440842509269714,-0.33884453773498535,-0.12642349302768707,0.8771148920059204,-0.12421901524066925,-0.05438290536403656,-0.457503080368042,0.040440842509269714,-0.33884453773498535,-0.12642349302768707,-1.0,0.06787929103085076,0.023735256728772545,0.9171640852094419,0.06976893327710325,0.19004476839806403,0.9024998346667837,0.0,0.0,0.0,0,0.0408
48,1,0.1674,0.06979002499376241,0.07708343770884703,1.0498078794212757,0.9894998646184238,-0.09579445954425464,0.10501915869697923,0.026161340701936587,0.03971770445378596,-0.03999496926202244,0.09857919813436258,0.7129301359373114,0.020545826690379125,-1.5972172601653194,-0.18063563314391873,2.4994296264231273,1.2268543047422893,-0.021062254905700684,-0.4270349442958832,-0.9959721565246582,0.18115484714508057,-0.12487979233264923,-0.004165910184383392,0.9692800641059875,-0.021062254905700684,-0.4270349442958832,-0.9959721565246582,0.18115484714508057,-0.12487979233264923,-0.004165910184383392,-1.0,0.06787929103081433,0.023735256729058515,0.9171640852094419,0.06976893327710325,0.19004476839806403,0.9024998346667837,0.0,0.0,0.0,0,0.0668
49,0,0.0,0.06597594160189671,0.0760947402105834,1.038891759242174,0.9874614220313258,-0.10114907835783038,0.11979612298481498,0.018376421442689354,0.039731528917334835,-0.03999353776045805,0.09669126190991272,0.7120420823139618,0.017191986613402876,-1.644138607624985,-0.18069221442429223,2.5776807302335536,1.2409048595108623,-0.2135508507490158,-0.3505803942680359,-1.0510095357894897,0.17909029126167297,-0.14123061299324036,0.006735902279615402,0.9822335243225098,-0.2135508507490158,-0.3505803942680359,-1.0510095357894897,0.17909029126167297,-0.14123061299324036,0.006735902279615402,-1.0,0.0678792910307779,0.023735256729344484,0.9171640852094419,0.06976893327710325,0.19004476839806403,0.9024998346667837,0.0,0.0,0.0,0,0.0613
50,0,0.0,0.06100902732594697,0.07503004212240313,1.0242925977743034,0.9858454740670997,-0.10440908005786992,0.13091425223831918,0.008300832715179444,0.03974116643560059,-0.03999577234704548,0.0924106496097594,0.7191047920447183,0.016069907943438676,-1.6868258679830987,-0.1714723120111528,2.654735798288185,1.241926492465261,-0.23694421350955963,-0.2521687150001526,-0.9662405252456665,0.1484234631061554,-0.15874123573303223,0.0021629370748996735,1.0898257493972778,-0.23694421350955963,-0.2521687150001526,-0.9662405252456665,0.1484234631061554,-0.15874123573303223,0.0021629370748996735,-1.0,0.06787929103074147,0.023735256729630453,0.9171640852094419,0.06976893327710325,0.19004476839806403,0.9024998346667837,0.0,0.0,0.0,0,0.059
51,0,0.0,0.05594756152218214,0.07303839972039508,1.0102224425040398,0.9841148639438815,-0.10687356430128186,0.1417487573964045,-0.0018070956891201653,0.03975112644244203,-0.03999717285526035,0.0869792122670214,0.7283384401519291,0.01529249014182623,-1.7259041344638781,-0.1588738673279218,2.730167826404843,1.2362479383404512,-0.2530691623687744,-0.20216894149780273,-0.9470258951187134,0.11839333176612854,-0.15538041293621063,0.01911521889269352,0.9744130969047546,-0.2530691623687744,-0.20216894149780273,-0.9470258951187134,0.11839333176612854,-0.15538041293621063,0.01911521889269352,-1.0,0.06787929103070504,0.023735256729916422,0.9171640852094419,0.06976893327710325,0.19004476839806403,0.9024998346667837,0.0,0.0,0.0,0,0.0589
52,1,0.1665,0.05089688711198753,0.0706185055896977,0.9966675425318328,0.9822712405863129,-0.10822843131774929,0.15266984048441695,-0.011033420955735979,0.03976233368413665,-0.03999682571108657,0.0813782912909972,0.739920588303972,0.014748399098827789,-1.7610882936857124,-0.14579632635385764,2.8036691955147535,1.226404570324081,-0.4038577079772949,0.18694278597831726,-0.654468297958374,-0.10761848092079163,-0.11053816974163055,0.007688624784350395,0.9763458967208862,-0.4038577079772949,0.18694278597831726,-0.654468297958374,-0.10761848092079163,-0.11053816974163055,0.007688624784350395,-1.0,0.06787929103066861,0.02373525673020239,0.9171640852094419,0.06976893327710325,0.19004476839806403,0.9024998346667837,0.0,0.0,0.0,0,0.0589
53,0,0.0,0.045206405889912926,0.06555090802893056,0.9848730075581679,0.9807785818521155,-0.10686415791612425,0.16258821298555134,-0.01478168228566168,0.03976630789709579,-0.040002256010924504,0.07810922228434379,0.7487362807269194,0.008449804774742171,-1.7948733953900986,-0.14254110955916335,2.868166615457239,1.2170321066630343,-0.33809810876846313,0.2341616451740265,-0.5528713464736938,-0.11793793737888336,-0.09445542097091675,0.013996491208672523,1.0317726135253906,-0.33809810876846313,0.2341616451740265,-0.5528713464736938,-0.11793793737888336,-0.09445542097091675,0.013996491208672523,-1.0,0.06787929103063219,0.02373525673048836,0.9171640852094419,0.06976893327710325,0.19004476839806403,0.9024998346667837,0.0,0.0,0.0,0,0.063
54,0,0.0,0.03935271335745027,0.06043499658138774,0.9754635758507165,0.9796797856804225,-0.1027371154042071,0.17167804509351248,-0.014115646653724327,0.03977859849799511,-0.039999491819312546,0.07949786688516733,0.7548020482130878,-0.002474435679386815,-1.8256312952431408,-0.15067950629834875,2.9233465786557193,1.2139781829993546,-0.23440544307231903,0.2670166492462158,-0.4487432539463043,-0.13802514970302582,-0.0704897940158844,0.01961699314415455,0.9898790121078491,-0.23440544307231903,0.2670166492462158,-0.4487432539463043,-0.13802514970302582,-0.0704897940158844,0.01961699314415455,-1.0,0.06787929103059576,0.02373525673077433,0.9171640852094419,0.06976893327710325,0.19004476839806403,0.9024998346667837,0.03238508503451544,0.0,0.0,1,0.0657
55,0,0.0,0.034257113089467835,0.05657492440162554,0.9674369664378002,0.9787128161769886,-0.09764817155717398,0.18013136257752888,-0.011779229958324165,0.039789408635126616,-0.039996419220539564,0.08500831739406917,0.7615768773390393,-0.016190863241689415,-1.8502381637699576,-0.16509092628153282,2.9710594623413,1.2173324784188926,-0.16259028017520905,0.2366487830877304,-0.37452471256256104,-0.1429128646850586,-0.020600151270627975,0.019025424495339394,0.99018794298172,-0.16259028017520905,0.2366487830877304,-0.37452471256256104,-0.1429128646850586,-0.020600151270627975,0.019025424495339394,-1.0,0.06667557995906427,0.024215918041368058,0.9208065941392802,0.06976893327710325,0.19004476839806403,0.9024998346667837,0.0,0.0,0.0,0,0.0635
56,1,0.1643,0.02985053512900418,0.05355198782723894,0.9601595015660788,0.9779960070171014,-0.09240186141441548,0.18687195923600572,-0.00803598886590802,0.03980018728811377,-0.039993607777677354,0.09413537137074186,0.7695140707023918,-0.03252430520583042,-1.868489259854694,-0.18310529399904366,3.0094509342473064,1.2259462991506411,0.15638485550880432,0.35647493600845337,0.18324244022369385,-0.18783925473690033,-0.003557022660970688,0.05499529093503952,-0.010668019764125347,0.15638485550880432,0.35647493600845337,0.18324244022369385,-0.18783925473690033,-0.003557022660970688,0.05499529093503952,1.0,0.06513225653452225,0.025178791556621158,0.9240763681769428,0.06976893327710325,0.19004476839806403,0.9024998346667837,0.0,0.0,0.0,0,0.0635
57,0,0.0,0.027558444223642314,0.051349739122330845,0.9562918996901673,0.9772766045362252,-0.08595306064759817,0.1937358967604525,-0.0029852802010716245,0.03943741035367804,-0.03952620627119932,0.10683317900418296,0.7745467253903253,-0.05151651837169819,-1.87973430513005,-0.20423096034445398,3.037891442405936,1.2368667410500613,0.21773672103881836,0.26923179626464844,0.28954213857650757,-0.1841234564781189,0.01107473112642765,0.025058666244149208,0.0039680651389062405,0.21773672103881836,0.26923179626464844,0.28954213857650757,-0.1841234564781189,0.01107473112642765,0.025058666244149208,1.0,0.06361085186520615,0.02636364338962665,0.9255071706312917,0.06976893327710325,0.19004476839806403,0.9024998346667837,0.02702124501572364,0.0,0.0,1,0.0646
58,0,0.0,0.027248521930495873,0.049618235535775435,0.9559673087385757,0.9765815000226257,-0.07944552208918432,0.19991005707495438,0.0035988767445756936,0.037346189696528316,-0.03735474510681931,0.12278441857692439,0.7757328048434499,-0.07298734841866608,-1.8848943949617973,-0.22666413849672637,3.053965287913257,1.2505508652490023,0.36692124605178833,0.24399295449256897,0.3632170855998993,-0.17839527130126953,0.048214301466941833,0.03228231519460678,0.027051640674471855,0.36692124605178833,0.24399295449256897,0.3632170855998993,-0.17839527130126953,0.048214301466941833,0.03228231519460678,1.0,0.06332458453806791,0.027060844875396853,0.9252700312989993,0.06976893327710325,0.19004476839806403,0.9024998346667837,0.0,0.0,0.0,0,0.0578
59,0,0.0,0.02831474891990183,0.048878182790329516,0.9571525616407331,0.9760716195058005,-0.07376444136812887,0.2042523188665686,0.011135125621207345,0.034000360370967056,-0.033935629977435926,0.14107168079070798,0.7763377385262005,-0.09478421187057869,-1.8834670367821655,-0.24835933123163065,3.0583277635467416,1.266590559836862,0.3891368508338928,0.20631825923919678,0.45538195967674255,-0.17093682289123535,0.04211410880088806,0.01013854704797268,-0.11184492707252502,0.3891368508338928,0.20631825923919678,0.45538195967674255,-0.17093682289123535,0.04211410880088806,0.01013854704797268,1.0,0.06370108455985134,0.027102341802120258,0.9239545309299689,0.06976893327710325,0.19004476839806403,0.9024998346667837,0.0,0.0,0.0,0,0.0588
60,1,0.1578,0.030690341890844873,0.04898084223568365,0.9597730779131615,0.9756332848501029,-0.0691324884424308,0.2073277641172285,0.019380164099012782,0.029911385105505155,-0.02983960574397553,0.1607645811065748,0.7761867372843524,-0.11629545043095374,-1.8765596011588754,-0.26883505186334006,3.0530370896688375,1.2844386609406373,-0.3840187191963196,-0.10404565930366516,-0.8516185283660889,-0.0550459586083889,-0.02539750188589096,-0.008646530099213123,1.0002822875976562,-0.3840187191963196,-0.10404565930366516,-0.8516185283660889,-0.0550459586083889,-0.02539750188589096,-0.008646530099213123,-1.0,0.06404260723161215,0.027163672055330428,0.9222355211260288,0.06976893327710325,0.19004476839806403,0.9024998346667837,0.0,0.0,0.0,0,0.0598
61,0,0.0,0.03058840334224,0.05030770648007327,0.9574975850609471,0.9759131050646058,-0.06720925114750509,0.2057875193902936,0.026981934447695033,0.02688394506925787,-0.02731618549888274,0.18008282256414096,0.7828844941646123,-0.13445001741798163,-1.870354376337794,-0.2858350033488213,3.045085563866615,1.3061627090442294,-0.41083747148513794,-0.10732007026672363,-0.8190382719039917,-0.06040114164352417,-0.017603199928998947,-0.006964722648262978,0.04574258252978325,-0.41083747148513794,-0.10732007026672363,-0.8190382719039917,-0.06040114164352417,-0.017603199928998947,-0.006964722648262978,1.0,0.06401430911700004,0.02717839991279966,0.9202933797067568,0.06976893327710325,0.19004476839806403,0.9024998346667837,0.0,0.0,0.0,0,0.0599
62,0,0.0,0.02803085541396142,0.05128294801233937,0.9502352891198432,0.9763694541053347,-0.0672660707991008,0.20264449287085307,0.03336426708942309,0.025595423499748124,-0.026026232806571774,0.19791408260784119,0.7961484263482298,-0.15150279736749422,-1.8676109061212263,-0.3008190516813886,3.04458448034645,1.3302410757615313,-0.37951844930648804,-0.060758888721466064,-0.7711880207061768,-0.06032417714595795,-0.018634574487805367,0.005541648715734482,-0.05227160081267357,-0.37951844930648804,-0.060758888721466064,-0.7711880207061768,-0.06032417714595795,-0.018634574487805367,0.005541648715734482,1.0,0.06359100973787123,0.02754285401775511,0.921561060962184,0.06976893327710325,0.19004476839806403,0.9024998346667837,0.08253430129762117,0.0,0.0,1,0.063
63,0,0.0,0.02478349035131884,0.051753812281486344,0.942045742073808,0.97657478705875,-0.06704512150572961,0.20073151480725934,0.03890367497578249,0.02296481470784857,-0.023244148932286147,0.2148211720320339,0.8108118190070075,-0.1686729865012949,-1.8676188039657877,-0.3160830087018809,3.051139224319371,1.3541643777737014,-0.31340324878692627,-0.023351192474365234,-0.6841869354248047,-0.05828725919127464,0.006816605105996132,0.007558742538094521,0.0945519432425499,-0.31340324878692627,-0.023351192474365234,-0.6841869354248047,-0.05828725919127464,0.006816605105996132,0.007558742538094521,1.0,0.0627056250746555,0.02730896632029064,0.9247441594747425,0.06976893327710325,0.19004476839806403,0.9024998346667837,0.0,0.0,0.0,0,0.0696
64,1,0.156,0.021401534246424964,0.05224320545493069,0.9339356668775806,0.9765860166425275,-0.06624891946237227,0.19997376941752432,0.04360417770460977,0.019819464850800796,-0.01949142413868262,0.23111038027845573,0.825621403465996,-0.18548926950146627,-1.8688412475936143,-0.33135081652847653,3.061773431703562,1.3774399525494085,0.26812487840652466,0.5858847498893738,0.5836739540100098,-0.1649889051914215,0.1717679500579834,0.015239199623465538,-0.07961752265691757,0.26812487840652466,0.5858847498893738,0.5836739540100098,-0.1649889051914215,0.1717679500579834,0.015239199623465538,1.0,0.061158828533524806,0.027431326662430915,0.9256705606414475,0.06976893327710325,0.19004476839806403,0.9024998346667837,25.171559543664,0.0,0.0,6,0.0776
65,0,0.0,0.020040710375876312,0.05357591093632917,0.932082284195174,0.9762640921298682,-0.06354824548269117,0.20125210514400457,0.048658330109253245,0.01859192273076386,-0.016489092140793325,0.248332208674192,0.8290076294164602,-0.20195816641306485,-1.8705984884408244,-0.34783587019383183,3.0650589231987824,1.396977599178046,0.4429328441619873,0.630326509475708,0.6164820194244385,-0.15785518288612366,0.2195994257926941,0.009190309792757034,0.09015261381864548,0.4429328441619873,0.630326509475708,0.6164820194244385,-0.15785518288612366,0.2195994257926941,0.009190309792757034,1.0,0.06040461975147257,0.028619077500383224,0.9250288829725419,0.06976893327710325,0.19004476839806403,0.9024998346667837,20.52763925364039,0.0,0.0,9,0.0916
66,0,0.0,0.019677725853350335,0.057559271200353,0.934370293880951,0.9764504655603347,-0.05943828491184211,0.19990686014595582,0.05521617390157495,0.01503116073263326,-0.015506869699848571,0.26655715683113207,0.8243055419850471,-0.21381161080240468,-1.8692611203311407,-0.3637287144313993,3.0499239487755436,1.4131676905225157,0.48054200410842896,0.6089553833007812,0.6568962335586548,-0.14385561645030975,0.22580792009830475,0.015490250661969185,-0.09442009776830673,0.48054200410842896,0.6089553833007812,0.6568962335586548,-0.14385561645030975,0.22580792009830475,0.015490250661969185,1.0,0.05928282826183128,0.031723419735778156,0.9265259197191634,0.06976893327710325,0.19004476839806403,0.9024998346667837,23.913454519313067,0.0,0.0,8,0.0895
67,0,0.0,0.020063335058613234,0.06422186580509662,0.9373393527476235,0.9771121375078753,-0.055573365376527295,0.19559696149316286,0.06249240313957469,0.01024325581222472,-0.014312438858191672,0.2841649053748594,0.8189651905041926,-0.2195807299986879,-1.8612336936525973,-0.37724795961967483,3.0201560347877106,1.4279410940800743,0.5071333050727844,0.6373701095581055,0.7980465888977051,-0.15321916341781616,0.2267102599143982,0.014722367748618126,0.15532538294792175,0.5071333050727844,0.6373701095581055,0.7980465888977051,-0.15321916341781616,0.2267102599143982,0.014722367748618126,1.0,0.05790053124032525,0.03663688018282901,0.9284292502622652,0.06976893327710325,0.19004476839806403,0.9024998346667837,22.92350282969703,0.0,0.0,8,0.0812
68,1,0.1673,0.021390107854335975,0.07227400625916483,0.9419796728529859,0.9778844595361916,-0.05205142493960618,0.1898859255126978,0.07054054331766473,0.006939335215432161,-0.0133246255691005,0.30021426046081967,0.8115557576027239,-0.22074384931947882,-1.8481345967058822,-0.38954010324759913,2.979252630841107,1.4409731755730566,0.3485088348388672,0.4837612807750702,1.188614845275879,-0.1704426258802414,0.14713148772716522,-0.013705146498978138,0.01520340982824564,0.3485088348388672,0.4837612807750702,1.188614845275879,-0.1704426258802414,0.14713148772716522,-0.013705146498978138,1.0,0.05731383858274346,0.04294443123874016,0.9319706678628435,0.06976893327710325,0.19004476839806403,0.9024998346667837,20.800062842413254,0.0,0.0,8,0.0656
69,0,0.0,0.023691540124596996,0.07931939752410788,0.9504603477260951,0.9783124706291388,-0.049743842330545074,0.1843616991239904,0.08025598954481766,0.0052817667687119945,-0.012569130987822075,0.31454448504318505,0.7975737571263787,-0.22109861123064903,-1.8340324043845755,-0.4031746171820379,2.9296371881770114,1.4537129383567928,0.3183819353580475,0.5595066547393799,0.9770883321762085,-0.16761647164821625,0.08761806786060333,-0.007291009649634361,-0.0333431102335453,0.3183819353580475,0.5595066547393799,0.9770883321762085,-0.16761647164821625,0.08761806786060333,-0.007291009649634361,1.0,0.05820402278501427,0.04856795756142518,0.9397972374350211,0.06976893327710325,0.19004476839806403,0.9024998346667837,19.053398119800455,0.0,0.0,8,0.0644
70,0,0.0,0.026711210155620384,0.08596111268769022,0.9620896640796957,0.978251543882533,-0.04800392992049651,0.18029996361599504,0.09061712158139858,0.004580867090642266,-0.011891351464851348,0.327241200782544,0.7793990828906592,-0.2201486651429877,-1.8191852672747284,-0.4198190568892549,2.8770564278926813,1.467522704252828,0.31494027376174927,0.631025493144989,0.8791763782501221,-0.17531020939350128,0.08000679314136505,0.008511710911989212,-0.01970161311328411,0.31494027376174927,0.631025493144989,0.8791763782501221,-0.17531020939350128,0.08000679314136505,0.008511710911989212,1.0,0.05984065610202492,0.05380345335679577,0.9510388261573687,0.06976893327710325,0.19004476839806403,0.9024998346667837,17.34344735495148,0.0,0.0,8,0.0717
71,0,0.0,0.029983366892028046,0.09334002529602778,0.9739854646734369,0.9779101693576149,-0.045638565365333505,0.1772126100568056,0.10101738887542352,0.004062883139270347,-0.011126230761066256,0.33801346034128454,0.7629907470921183,-0.2160873616091631,-1.8013483088025604,-0.4396167728881508,2.824350495150991,1.4822205708325518,0.27742594480514526,0.6367478370666504,0.8592514991760254,-0.17007501423358917,0.06285202503204346,-0.0035442374646663666,-0.00017613294767215848,0.27742594480514526,0.6367478370666504,0.8592514991760254,-0.17007501423358917,0.06285202503204346,-0.0035442374646663666,1.0,0.06179757859814785,0.059815446840162156,0.9626684635580702,0.06976893327710325,0.19004476839806403,0.9024998346667837,15.791753422496605,0.0,0.0,8,0.0831
72,1,0.1739,0.0331768463408884,0.10118075496570529,0.9854487200710375,0.9773307422801446,-0.043267270997704055,0.17465999480137365,0.1115636574809914,0.0036378966288158365,-0.01034208954791066,0.346683420138195,0.7490119399252675,-0.2088543957113336,-1.781033630426484,-0.46186227242786476,2.771582152825314,1.4984456693276365,0.667758584022522,0.7173973321914673,0.9840624332427979,-0.17176809906959534,0.12846249341964722,0.006291257217526436,-0.04511067271232605,0.667758584022522,0.7173973321914673,0.9840624332427979,-0.17176809906959534,0.12846249341964722,0.006291257217526436,1.0,0.06369946408787545,0.06631948359931306,0.9739682618290406,0.06976893327710325,0.19004476839806403,0.9024998346667837,14.330283450721229,0.0,0.0,9,0.077
73,0,0.0,0.03719081407940231,0.10993635778227229,0.9961981020031098,0.9765463328547423,-0.04069477558868878,0.17304948517349913,0.12147045199934932,0.00335710197993777,-0.009515140668273395,0.35255292737507227,0.7403734016867123,-0.1974631845131397,-1.7544472835470886,-0.4836255044289043,2.7194751189389352,1.5133366573527463,0.7869709730148315,0.6455384492874146,0.8274484872817993,-0.16546766459941864,0.13074631989002228,0.008491450920701027,-0.054000988602638245,0.7869709730148315,0.6455384492874146,0.8274484872817993,-0.16546766459941864,0.13074631989002228,0.008491450920701027,1.0,0.06649541687833951,0.07378826704104952,0.9846488181635661,0.06976893327710325,0.19004476839806403,0.9024998346667837,12.123107155715413,0.0,0.0,8,0.0797
74,0,0.0,0.04274926388462689,0.11888123863923855,1.0053025124640222,0.9756944540538597,-0.037819524945137795,0.17165318009369673,0.1308632936509907,0.003125512938258143,-0.008631813974305323,0.3547369488761661,0.7405659020255045,-0.1824308739557374,-1.7181150552746478,-0.5019866536470751,2.6672016409410815,1.5232427180957213,0.800480306148529,0.6536452770233154,0.7217056751251221,-0.18422730267047882,0.10167489945888519,0.0014119315892457962,-0.13257598876953125,0.800480306148529,0.6536452770233154,0.7217056751251221,-0.18422730267047882,0.10167489945888519,0.0014119315892457962,1.0,0.07079644114991622,0.08144243634214239,0.9936637394308936,0.06976893327710325,0.19004476839806403,0.9024998346667837,10.011109997291271,0.0,0.0,8,0.0533
75,0,0.0,0.0497919903766121,0.12701119641496914,1.013236699927352,0.9746863968318439,-0.03502253324077681,0.17040656642988888,0.14043308767498697,0.002887601059280436,-0.007661309193526751,0.35392013498445746,0.7483006490376336,-0.16577731003090262,-1.6730975736654066,-0.5181839257588101,2.614256046661016,1.528793406826439,0.752996563911438,0.558258056640625,0.5315905809402466,-0.176810160279274,0.06702505052089691,0.009467197582125664,-0.017554130405187607,0.752996563911438,0.558258056640625,0.5315905809402466,-0.176810160279274,0.06702505052089691,0.009467197582125664,1.0,0.07639419962746573,0.08823274732377112,1.001431428034287,0.06976893327710325,0.19004476839806403,0.9024998346667837,8.096689215682936,0.0,0.0,8,0.0466
76,1,0.1572,0.057761453724547634,0.13432228668559473,1.0201814660989499,0.9734906648989408,-0.03228098031295573,0.16938378561489106,0.1502764014588482,0.002655800123312953,-0.006701008289958573,0.3511644305559483,0.7620854998291886,-0.14842271775598773,-1.6218577640914156,-0.5337582606566774,2.561573953272945,1.5314807280572345,0.03803468495607376,0.7165241241455078,0.6100177764892578,-0.18424654006958008,0.02787237986922264,0.09293641149997711,-0.017278451472520828,0.03803468495607376,0.7165241241455078,0.6100177764892578,-0.18424654006958008,0.02787237986922264,0.09293641149997711,1.0,0.08283417710011184,0.09420312504369394,1.0082543156606654,0.06976893327710325,0.19004476839806403,0.9024998346667837,6.524706997114661,0.0,0.0,8,0.0471
77,0,0.0,0.0630636306048015,0.1426372547637472,1.0280375927952707,0.9724780291101227,-0.0278129161440413,0.16608192093008653,0.16102707888373108,0.0024454493885189997,-0.0058139391910777246,0.3492420707407041,0.7702008407028422,-0.1275687776756209,-1.5769003357745228,-0.5507930780069077,2.5033659279349356,1.530874826694409,0.07517309486865997,0.7428357601165771,0.5782873630523682,-0.18830429017543793,0.03171152621507645,0.10476656258106232,0.011022101156413555,0.07517309486865997,0.7428357601165771,0.5782873630523682,-0.18830429017543793,0.03171152621507645,0.10476656258106232,1.0,0.08657000383653715,0.10123595971205963,1.0160644606083564,0.06976893327710325,0.19004476839806403,0.9024998346667837,5.401130668250463,0.0,0.0,7,0.0449
78,0,0.0,0.06590460019599301,0.15243884932193832,1.0376871394275777,0.9713390743729287,-0.02125838300993227,0.16253097402290104,0.17213996116913463,0.0022167364547920933,-0.005067655754919947,0.34881014495060225,0.7722088697573904,-0.10425642283368572,-1.5391679197955819,-0.5714648157177199,2.4446717456288902,1.5295201424481584,0.08551904559135437,0.6880600452423096,0.48087868094444275,-0.1845031976699829,0.029126513749361038,0.11198487132787704,-0.019436944276094437,0.08551904559135437,0.6880600452423096,0.48087868094444275,-0.1845031976699829,0.029126513749361038,0.11198487132787704,1.0,0.08808729745002548,0.10999910599619668,1.0257784147354456,0.06976893327710325,0.19004476839806403,0.9024998346667837,4.907626328754511,0.0,0.0,8,0.0435
79,0,0.0,0.06816479393941201,0.16223683233982844,1.0466019080334568,0.9698869896083644,-0.013904611056655192,0.16016302701012453,0.18295817543564613,0.002168106384346963,-0.004633206689425155,0.3486464142473073,0.7755827847043437,-0.08100828317061404,-1.503549812483761,-0.5944405556658081,2.391260364771608,1.5284761474766486,0.1139737218618393,0.6386896371841431,0.48947110772132874,-0.17480234801769257,0.08551491796970367,0.08111516386270523,0.026559708639979362,0.1139737218618393,0.6386896371841431,0.48947110772132874,-0.17480234801769257,0.08551491796970367,0.08111516386270523,1.0,0.09023244457306412,0.11931190253473502,1.0351778925998112,0.06976893327710325,0.19004476839806403,0.9024998346667837,4.562188027504437,0.0,0.0,8,0.0444
80,1,0.145,0.06957770343751749,0.17141760913141135,1.0538437449719884,0.9684109398723765,-0.006918240559338373,0.15730854778436168,0.19335565747357292,0.0021265129888389436,-0.004294942852369717,0.3483282195651894,0.7811055956073424,-0.05799000826258435,-1.4698405748098642,-0.6161414761934917,2.340915086302226,1.5267425134186858,0.15284228324890137,0.15720102190971375,-0.228633314371109,0.033749110996723175,0.3330635726451874,-0.05044197291135788,0.8087865710258484,0.15284228324890137,0.15720102190971375,-0.228633314371109,0.033749110996723175,0.3330635726451874,-0.05044197291135788,-1.0,0.09135381457566732,0.1281637576532609,1.0424695938579995,0.06976893327710325,0.19004476839806403,0.9024998346667837,4.10384631052335,0.0,0.0,8,0.0492
81,0,0.0,0.06805093007438186,0.17928356367074852,1.0531459897846918,0.9689236634653569,-0.003592679546226607,0.14689611605487918,0.19898632646124165,0.002215218969981253,-0.0041931207216270375,0.3446208481709398,0.7953591714760753,-0.033789108775476875,-1.439817369496377,-0.6192303171391729,2.2949149141151963,1.5199524485725804,0.136497363448143,0.19093544781208038,-0.25037631392478943,0.027407854795455933,0.3509044349193573,-0.05417618900537491,0.8866241574287415,0.136497363448143,0.19093544781208038,-0.25037631392478943,0.027407854795455933,0.3509044349193573,-0.05417618900537491,-1.0,0.08918831584113586,0.13564843570671847,1.0413735515998581,0.06976893327710325,0.19004476839806403,0.9024998346667837,0.6692319483396028,0.0,0.0,8,0.0439
82,0,0.0,0.066029356414924,0.18463414551557497,1.0472745793076865,0.9711343342481531,-0.0029357432276726526,0.13105113742167132,0.19928644117597172,0.0034834252909347954,-0.005017097701399071,0.3368637677474975,0.8168094770303556,-0.011278437076709745,-1.4082286478449824,-0.6053507857489495,2.2544320456423192,1.5041356069458933,0.1769646555185318,0.22299180924892426,-0.22991642355918884,0.02043721452355385,0.34982702136039734,-0.060426466166973114,0.6573999524116516,0.1769646555185318,0.22299180924892426,-0.22991642355918884,0.02043721452355385,0.34982702136039734,-0.060426466166973114,-1.0,0.08629480270466201,0.14089486374352964,1.0305255113230027,0.06976893327710325,0.19004476839806403,0.9024998346667837,0.04341199928657547,0.0,0.0,1,0.0375
83,0,0.0,0.06515217631544618,0.18822587180873715,1.0416009170390812,0.9736150750571155,-0.0021717246772673393,0.11426964601333303,0.19751308117043792,0.00630304331698719,-0.007542927399165324,0.3277037319338007,0.8405586881046301,0.008551550871219357,-1.3723765205646121,-0.5853327802514414,2.215507648521843,1.4810914125613692,0.2238824963569641,0.24134770035743713,-0.10795091092586517,0.015725916251540184,0.34694182872772217,-0.07334548979997635,0.5021623969078064,0.2238824963569641,0.24134770035743713,-0.10795091092586517,0.015725916251540184,0.34694182872772217,-0.07334548979997635,-1.0,0.08481365032368797,0.14460124071420669,1.007100283027986,0.06976893327710325,0.19004476839806403,0.9024998346667837,0.0,0.0,0.0,0,0.0374
84,1,0.1421,0.06526747074718513,0.19071105592576806,1.037159039481937,0.9760100549158875,-0.0014299456180830727,0.0973500002631347,0.194744205067524,0.010078590541441636,-0.011151645095950432,0.31851483288792537,0.86527707189103,0.025938339677306445,-1.331942212284608,-0.5624935117854265,2.1753480975301827,1.454100799350951,0.19630980491638184,-0.5727405548095703,1.5604757070541382,0.1505182832479477,0.34630945324897766,0.23248840868473053,0.944912850856781,0.19630980491638184,-0.5727405548095703,1.5604757070541382,0.1505182832479477,0.34630945324897766,0.23248840868473053,-1.0,0.08414046428540228,0.14447096760432157,0.96664822106382,0.06976893327710325,0.19004476839806403,0.9024998346667837,0.0,0.0,0.0,0,0.0384
85,0,0.0,0.06643444920539521,0.1922040567125366,1.038933795912398,0.9782369033206989,0.0037612344627289684,0.07956484367522598,0.1915929271862144,0.014325856791751733,-0.015448050162283058,0.30889134931937207,0.8830156044346261,0.042383276726161344,-1.2870198869220133,-0.5362674400589422,2.1262651585728265,1.4104840572788249,-0.057994455099105835,-0.8549587726593018,1.0747464895248413,0.18115484714508057,0.3377126157283783,0.2538835406303406,0.9370507001876831,-0.057994455099105835,-0.8549587726593018,1.0747464895248413,0.18115484714508057,0.3377126157283783,0.2538835406303406,-1.0,0.08402168538998825,0.1434385401551533,0.9212273361152202,0.06967786600814826,0.18990140027253227,0.9043183519341175,0.0,0.0,0.0,0,0.039
86,0,0.0,0.0675122178347501,0.1905723901613786,1.0497073232458953,0.9804701758775697,0.01546306490999444,0.05884146125170776,0.1870208819248796,0.018833071098733483,-0.02010220963911556,0.2968190676579823,0.8856924753595682,0.05650714138060236,-1.2457690504482077,-0.5025674438573682,2.0670434773358655,1.343412738870885,-0.20564709603786469,-0.9493095874786377,0.589387059211731,0.18115484714508057,0.3486034572124481,0.25576895475387573,0.8776742219924927,-0.20564709603786469,-0.9493095874786377,0.589387059211731,0.18115484714508057,0.3486034572124481,0.25576895475387573,-1.0,0.08495348209006878,0.1443802393221079,0.9161856038488414,0.06960485514995933,0.19002262229180342,0.9034393113304785,0.0,0.0,0.0,0,0.0404
87,0,0.0,0.0677091250039513,0.18520012487233975,1.0617306495447663,0.9826033877455419,0.029824691547409743,0.03607080042351694,0.17972191719957828,0.023554814301458084,-0.024858564520651147,0.28208345403482316,0.882821973038697,0.06596674908777697,-1.211828595807172,-0.46360013916159964,2.0101129649273486,1.2667146927332158,-0.24348084628582,-0.9721026420593262,0.35763058066368103,0.18115484714508057,0.32981202006340027,0.2551102042198181,0.9601662755012512,-0.24348084628582,-0.9721026420593262,0.35763058066368103,0.18115484714508057,0.32981202006340027,0.2551102042198181,-1.0,0.08563964197654524,0.14522407332150633,0.9139037011644512,0.06964004805677482,0.1901135489407039,0.9023241566863337,0.0,0.0,0.0,0,0.0384
88,1,0.1448,0.06751498081982775,0.1769418897664947,1.071240427029994,0.9842810440626437,0.045347990252491255,0.013619876020594453,0.17014371882674692,0.02839613998680363,-0.02969753404580979,0.2656726039666648,0.8802390976821292,0.07048782119410579,-1.1844342919033994,-0.42371924794236915,1.9616338481007178,1.1885733654236796,-0.5117147564888,-1.236122488975525,-0.670066237449646,0.18115484714508057,0.05138648673892021,-0.0753944143652916,0.8881882429122925,-0.5117147564888,-1.236122488975525,-0.670066237449646,0.18115484714508057,0.05138648673892021,-0.0753944143652916,-1.0,0.08601446635050461,0.14507243225440908,0.9130933990132392,0.06963746928395653,0.19010630049769028,0.9024492018925432,0.0,0.0,0.0,0,0.0437
89,0,0.0,0.06779288159280944,0.1655243926867671,1.0750528529374137,0.9857238791498306,0.05301656878101274,-0.00518402103923675,0.15972101750978643,0.03258391854819793,-0.03385992997419707,0.24839353814616152,0.8827265650368135,0.06814716799888752,-1.1644916177815592,-0.38587418939267615,1.9289914133964357,1.1304872606302705,-0.5765652060508728,-1.2686620950698853,-0.625880241394043,0.18115484714508057,0.03302247077226639,-0.07173492014408112,1.048416018486023,-0.5765652060508728,-1.2686620950698853,-0.625880241394043,0.18115484714508057,0.03302247077226639,-0.07173492014408112,-1.0,0.08601126508302458,0.14505866658213923,0.913112255569679,0.06963662822449498,0.19010450557391476,0.9024816311157962,0.0,0.0,0.0,0,0.037
90,0,0.0,0.06744101673291228,0.15333847181453816,1.0735523931175561,0.9871733924843337,0.05156332561628052,-0.02057044343880836,0.1496889223659872,0.03515365005070383,-0.036291290349418755,0.2319900212643672,0.8874359990308223,0.0625153444876414,-1.1545711752334313,-0.35170969578385036,1.9094900405287383,1.095794652958645,-0.6119263768196106,-1.3282431364059448,-0.6754987239837646,0.18115484714508057,0.018306070938706398,-0.08113247156143188,1.0067247152328491,-0.6119263768196106,-1.3282431364059448,-0.6754987239837646,0.18115484714508057,0.018306070938706398,-0.08113247156143188,-1.0,0.08601006384780506,0.14505606871941432,0.9131134829096665,0.06963640678324952,0.19010401117814316,0.9024904816965249,0.0,0.0,0.0,0,0.0358
91,0,0.0,0.06597694036890997,0.14173192093901438,1.070277588870185,0.98839802117077,0.0475859507595871,-0.034159063205747936,0.14013596054159902,0.036639350418832435,-0.0376513598092586,0.21665541860629506,0.8898886560688518,0.056310452483019226,-1.153831531803992,-0.3207466368419087,1.8972137503627595,1.0708688734092362,-0.6499144434928894,-1.3237969875335693,-0.6418415307998657,0.1796683818101883,-0.010086290538311005,-0.10099134594202042,0.9913022518157959,-0.6499144434928894,-1.3237969875335693,-0.6418415307998657,0.1796683818101883,-0.010086290538311005,-0.10099134594202042,-1.0,0.08600974325785324,0.14505536587682488,0.9131138143658603,0.06963634711853381,0.19010387805865656,0.9024928929272131,0.0,0.0,0.0,0,0.036
92,1,0.1435,0.06373757147048618,0.13040221727405224,1.0663171445044273,0.9894320348022734,0.04197789741015079,-0.046036513908715666,0.13093030215800924,0.03748570662368958,-0.038417251479245164,0.20189610089754537,0.8891878447711439,0.0496537690884634,-1.161070815401584,-0.2920978725113841,1.8910121843783225,1.0521973814979366,-1.1070246696472168,-0.3243042230606079,-1.001849889755249,0.17337316274642944,-0.36078858375549316,-0.23626019060611725,0.8842310905456543,-1.1070246696472168,-0.3243042230606079,-1.001849889755249,0.17337316274642944,-0.36078858375549316,-0.23626019060611725,-1.0,0.08600965521044059,0.1450551821213234,0.9131139075409151,0.06963633105979594,0.190103842247497,0.9024935499394855,0.0,0.0,0.0,0,0.0393
93,0,0.0,0.062048967128654695,0.12230170074175598,1.062523111819309,0.9907893861409929,0.03182235980136866,-0.05171077063756583,0.1210360521790721,0.03807670199112144,-0.03874091231433833,0.18954265083735466,0.8852451575148476,0.044971238674498336,-1.1754646751835809,-0.2666818934170429,1.8985742763942894,1.0501762317697578,-1.2390249967575073,-0.369436651468277,-0.9907540082931519,0.17281998693943024,-0.36434492468833923,-0.21428707242012024,0.996024489402771,-1.2390249967575073,-0.369436651468277,-0.9907540082931519,0.17281998693943024,-0.36434492468833923,-0.21428707242012024,-1.0,0.08600962956329579,0.14505513831660105,0.9131139328413721,0.06963632673859954,0.19010383261651462,0.9024937289671114,0.0,0.0,0.0,0,0.0374
94,0,0.0,0.0599951112948609,0.11779636407941678,1.0576292858125944,0.9921862072268444,0.017869059065563853,-0.051942925582741925,0.11202303066256185,0.03841472348728125,-0.038922846066835465,0.1803210738244235,0.8771455295847222,0.0426778839024494,-1.2018501624593632,-0.24730271700719206,1.9209500994015718,1.064614211410518,-1.215254783630371,-0.36736997961997986,-1.1847829818725586,0.1780199110507965,-0.3403591513633728,-0.19658778607845306,0.9073406457901001,-1.215254783630371,-0.36736997961997986,-1.1847829818725586,0.1780199110507965,-0.3403591513633728,-0.19658778607845306,-1.0,0.08600962067881797,0.1450551321924322,0.9131139385810376,0.06963632557587733,0.19010383002663347,0.9024937777502497,0.0,0.0,0.0,0,0.0374
95,0,0.0,0.05653250245307152,0.11467709500845011,1.0514961434804013,0.9932973013038066,0.004047329897276575,-0.0503112289306335,0.10398495365564195,0.03859534144334991,-0.039035168884535974,0.17255756973683944,0.8642602593210058,0.041615577614750134,-1.2409090820131128,-0.2320264931588781,1.953562324799155,1.0839347249072977,-1.295512318611145,-0.5128203630447388,-1.2198591232299805,0.18115484714508057,-0.3359677791595459,-0.18794909119606018,1.0014609098434448,-1.295512318611145,-0.5128203630447388,-1.2198591232299805,0.18115484714508057,-0.3359677791595459,-0.18794909119606018,-1.0,0.08600961629936875,0.14505513620849633,0.9131139386718892,0.06963632526300459,0.19010382933025652,0.9024937910431302,0.0,0.0,0.0,0,0.04
96,1,0.1427,0.0518663070163614,0.11138843656975612,1.0444808368324492,0.9941847518418844,-0.009320924110248596,-0.04705601387197073,0.09641333485209135,0.038666832268421505,-0.03912780965538145,0.1649472174983174,0.8467981865837213,0.0403061233868246,-1.2914062367549106,-0.21912983634176036,1.9960283131861842,1.104204587066505,-1.4138377904891968,-1.1838912963867188,-1.008110761642456,0.18115484714508057,-0.3471840023994446,-0.10826338082551956,1.2205013036727905,-1.4138377904891968,-1.1838912963867188,-1.008110761642456,0.18115484714508057,-0.3471840023994446,-0.10826338082551956,-1.0,0.08600961313095519,0.14505514295284277,0.913113937132987,0.06963632517879487,0.19010382914307108,0.9024937946652573,0.0,0.0,0.0,0,0.0386
97,0,0.0,0.04643089298555647,0.10514034385385485,1.0370086849512494,0.9948385591203779,-0.02089297231973969,-0.04186026786761542,0.090041340333131,0.038707928375697274,-0.03924464235346609,0.15596758302393654,0.8247076885299854,0.03603244254159348,-1.3527093329896769,-0.20916494183482692,2.0487746293932956,1.1191114523042238,-1.6016582250595093,-1.279274821281433,-1.0485676527023315,0.18115484714508057,-0.37158721685409546,-0.1330176144838333,0.9746726751327515,-1.6016582250595093,-1.279274821281433,-1.0485676527023315,0.18115484714508057,-0.37158721685409546,-0.1330176144838333,-1.0,0.08600961028814186,0.14505515043116848,0.9131139351247763,0.0696363251561091,0.19010382909281445,0.902493795652194,0.0,0.0,0.0,0,0.0372
98,0,0.0,0.04032855873116853,0.0961215702498515,1.029243374812506,0.9954549376034234,-0.031229717828427206,-0.03395763912580552,0.08331296820016423,0.038748158780446136,-0.03930165489926687,0.14527099592520834,0.7985628117577203,0.029169791229170045,-1.4238870699112345,-0.19935512701397562,2.113724564958758,1.1286021937400093,-1.6825344562530518,-1.265335202217102,-1.1702280044555664,0.18115484714508057,-0.36911043524742126,-0.16943512856960297,0.917506754398346,-1.6825344562530518,-1.265335202217102,-1.1702280044555664,0.18115484714508057,-0.36911043524742126,-0.16943512856960297,-1.0,0.08600960753287962,0.14505515810694056,0.9131139329817233,0.06963632514997666,0.19010382907938,0.9024937959210665,0.0,0.0,0.0,0,0.0368
99,0,0.0,0.03299233850387538,0.08579483330475855,1.020865856128624,0.995986918892458,-0.042454613902859484,-0.023502318354870433,0.07520175653142869,0.0387869423107284,-0.039347027092369785,0.1335287861777456,0.7697621160765704,0.021009707665809802,-1.5037159892606655,-0.18805674084691112,2.190485723830449,1.1369393649795558,-1.6501479148864746,-1.2707719802856445,-1.1492624282836914,0.18003277480602264,-0.3520798683166504,-0.16008147597312927,1.1239441633224487,-1.6501479148864746,-1.2707719802856445,-1.1492624282836914,0.18003277480602264,-0.3520798683166504,-0.16008147597312927,-1.0,0.08600960480116103,0.14505516583582515,0.913113930800017,0.06963632514829798,0.19010382907584772,0.9024937959942729,0.0,0.0,0.0,0,0.0374
100,1,0.1453,0.02400056215972967,0.07466311922179913,1.0116222370513175,0.99629971747081,-0.05396522383805591,-0.011017425202845285,0.06597911734474275,0.03882413510494062,-0.0393899127692155,0.12119037453264202,0.7400250641876195,0.01215578236182605,-1.590363113336552,-0.1757471502701966,2.2776759465882894,1.1431707466338958,-1.2230815887451172,0.05049761384725571,-0.8399522304534912,0.04507659748196602,-0.36624178290367126,0.15201491117477417,0.7209733724594116,-1.2230815887451172,0.05049761384725571,-0.8399522304534912,0.04507659748196602,-0.36624178290367126,0.15201491117477417,-1.0,0.08600960207577388,0.14505517357899694,0.9131139286072558,0.06963632514781763,0.19010382907497841,0.9024937960141624,0.0,0.0,0.0,0,0.0385
101,0,0.0,0.01370453060256342,0.06771010891430868,1.0026593708349518,0.9968072774958102,-0.055525425222125446,0.004970242068104074,0.05716183498695823,0.03893423748499474,-0.03941447344763474,0.11181510713975841,0.7101579715867758,0.007997441163155735,-1.680284117637279,-0.17227212900868555,2.37450984903411,1.139770002674297,-1.183746337890625,0.11740249395370483,-0.820223331451416,0.05956548824906349,-0.3615955114364624,0.15302401781082153,0.8330439925193787,-1.183746337890625,0.11740249395370483,-0.820223331451416,0.05956548824906349,-0.3615955114364624,0.15302401781082153,-1.0,0.08600959935208935,0.14505518132601244,0.9131139264113399,0.06963632514765968,0.19010382907482512,0.9024937960195234,0.0,0.0,0.0,0,0.0402
102,0,0.0,0.0018695568313868106,0.06571009146068554,0.993883015886365,0.9973141489368522,-0.048210329876919034,0.023474075604683613,0.04989208552491972,0.0389870141296484,-0.039439263572171576,0.10632756515901827,0.6818742410813379,0.007658771390513099,-1.7710534127946373,-0.1799117795903876,2.4772132894610213,1.1344884378345745,-1.0631064176559448,0.1071946993470192,-0.9001941680908203,0.05996336415410042,-0.36059871315956116,0.14702904224395752,0.9820005297660828,-1.0631064176559448,0.1071946993470192,-0.9001941680908203,0.05996336415410042,-0.36059871315956116,0.14702904224395752,-1.0,0.08600959662886247,0.1450551890740625,0.9131139242145256,0.06963632514758843,0.19010382907486442,0.9024937960209254,0.0,0.0,0.0,0,0.053
103,0,0.0,-0.011210630066967441,0.065161308737261,0.9842649017498852,0.9973425966879662,-0.03988304902783879,0.043218629660611865,0.043002759006904714,0.039027717763194074,-0.03946618708247085,0.10277217619409602,0.658497991584653,0.0068009952717608645,-1.8600606518972873,-0.19321782722437542,2.5849792508853366,1.1339864817877165,-0.938523530960083,0.11609716713428497,-0.7065702676773071,0.05744411423802376,-0.36637815833091736,0.1344132274389267,0.8617739677429199,-0.938523530960083,0.11609716713428497,-0.7065702676773071,0.05744411423802376,-0.36637815833091736,0.1344132274389267,-1.0,0.08600959390575845,0.14505519682239168,0.9131139220174559,0.06963632514754055,0.1901038290749556,0.9024937960212492,0.0,0.0,0.0,0,0.0382
104,1,0.1421,-0.024720492452393043,0.06479981881507278,0.9749395255478508,0.996771677219337,-0.03186675025259883,0.06421532639494724,0.03615419170274628,0.039065711456332634,-0.03949285448971509,0.10069807893989453,0.639596539706201,0.0035752233011199534,-1.9448600398747664,-0.21136417466798818,2.69547909659914,1.1384103596484212,-0.3454688787460327,-0.029972881078720093,-0.9483156204223633,0.007815448567271233,-0.07113688439130783,0.11778574436903,0.9907169938087463,-0.3454688787460327,-0.029972881078720093,-0.9483156204223633,0.007815448567271233,-0.07113688439130783,0.11778574436903,-1.0,0.08600959118268722,0.14505520457079665,0.9131139198203134,0.06963632514749893,0.19010382907506065,0.9024937960212789,0.0,0.0,0.0,0,0.0382
105,0,0.0,-0.03839275265601452,0.0632287807429241,0.9622550852533412,0.9958887572665858,-0.024392087193485956,0.08184086353295611,0.030210632044694492,0.039100123465133675,-0.03952031376108621,0.09959195494799836,0.6361629849718261,-0.003505260460195466,-2.0157640947403714,-0.232493295575231,2.8003514569310854,1.1446846714490675,-0.4748956561088562,-0.01350565254688263,-0.9089771509170532,0.009904862381517887,-0.07181406021118164,0.13290345668792725,1.0053530931472778,-0.4748956561088562,-0.01350565254688263,-0.9089771509170532,0.009904862381517887,-0.07181406021118164,0.13290345668792725,-1.0,0.08600958845962454,0.14505521231922275,0.9131139176231501,0.06963632514745903,0.19010382907516943,0.9024937960212284,0.0,0.0,0.0,0,0.0373
106,0,0.0,-0.05095576792074473,0.06100535871890569,0.947084619249666,0.9950163930652113,-0.016578232775231405,0.09503217283632263,0.025227482148518755,0.039136137207758846,-0.03954350572251865,0.09954397712450544,0.64699086456542,-0.013086052573233656,-2.068790876451115,-0.25428894294463145,2.8932585654786322,1.1494655446054411,-0.6037594676017761,-0.017981112003326416,-0.8628778457641602,0.0054377606138587,-0.0771237164735794,0.14930090308189392,0.9921073913574219,-0.6037594676017761,-0.017981112003326416,-0.8628778457641602,0.0054377606138587,-0.0771237164735794,0.14930090308189392,-1.0,0.08600958573656395,0.1450552200676553,0.9131139154259807,0.06963632514741948,0.1901038290752791,0.902493796021156,0.0,0.0,0.0,0,0.0368
107,0,0.0,-0.06277051000256242,0.0588736493636179,0.9330605802452882,0.9941555758478393,-0.007884632734237118,0.1056207583553071,0.020899257923344825,0.03917090315787884,-0.039565411938625394,0.1010765998327626,0.6615320200624828,-0.024352607567429504,-2.111736829907851,-0.27636731961747585,2.97487104483179,1.152456775383088,-0.6679561138153076,-0.012084707617759705,-0.7774940729141235,0.004846240393817425,-0.08287779986858368,0.14945046603679657,1.0078288316726685,-0.6679561138153076,-0.012084707617759705,-0.7774940729141235,0.004846240393817425,-0.08287779986858368,0.14945046603679657,-1.0,0.08600958301350363,0.14505522781609034,0.9131139132288095,0.06963632514738027,0.19010382907538942,0.9024937960210775,0.0,0.0,0.0,0,0.0352
108,1,0.1457,-0.0740708376814477,0.05676103710641678,0.9207997041943267,0.9932683057515879,0.001320427957329895,0.11456190490041529,0.017085057944495725,0.03920446727055057,-0.03958609408869472,0.10452359436316266,0.6764894102416117,-0.0375336863001342,-2.1486307477398037,-0.2978148944317281,3.047864770168716,1.153882882520105,-0.564764678478241,0.07409779727458954,-0.7906603813171387,-0.0022853391710668802,-0.19382968544960022,0.02733934484422207,1.0322693586349487,-0.564764678478241,0.07409779727458954,-0.7906603813171387,-0.0022853391710668802,-0.19382968544960022,0.02733934484422207,-1.0,0.08600958029044317,0.14505523556452674,0.913113911031637,0.06963632514734107,0.19010382907549975,0.902493796020997,0.0,0.0,0.0,0,0.0379
109,0,0.0,-0.08227749589135006,0.05347375485855186,0.9110827581101463,0.9919701416533988,0.007726401561261587,0.12548956935427957,0.013707981993203215,0.03923410349526261,-0.039725630911772836,0.11075404419385995,0.6929385875072126,-0.05563522258032117,-2.175982525368916,-0.3167398204347224,3.117876774194557,1.15813344633935,-0.5417465567588806,0.06595192104578018,-0.7586653232574463,-0.003505595028400421,-0.19735747575759888,0.01096581481397152,1.0512927770614624,-0.5417465567588806,0.06595192104578018,-0.7586653232574463,-0.003505595028400421,-0.19735747575759888,0.01096581481397152,-1.0,0.0860095775673824,0.14505524331296438,0.9131139088344643,0.06963632514730186,0.19010382907561008,0.9024937960209165,0.0,0.0,188.17736676796633,1,0.0385
110,0,0.0,-0.08291306678826306,0.05257239128164567,0.9104192812891639,0.9892913353448034,0.010777379323485603,0.14532811515734875,0.00813884828611404,0.039270733781775084,-0.040267062490153924,0.12072047298815756,0.7001637519478177,-0.07401431173772943,-2.193712821131854,-0.32949653996089134,3.186952451036647,1.1663624880997512,-0.5070199370384216,0.06449468433856964,-0.6909213066101074,-0.008146729320287704,-0.2058188021183014,-0.001947043463587761,1.01594078540802,-0.5070199370384216,0.06449468433856964,-0.6909213066101074,-0.008146729320287704,-0.2058188021183014,-0.001947043463587761,-1.0,0.08600957484432126,0.14505525106140307,0.9131139066372914,0.06963632514726266,0.1901038290757204,0.902493796020836,0.0,0.0,102.53912677451228,1,0.038
111,0,0.0,-0.0830913677074442,0.05240406187367054,0.9105025580260266,0.98654560343859,0.01236388745600353,0.16298497280515287,0.003287135936653536,0.03930156193485986,-0.040361687402150015,0.13430150553524228,0.7074722491396966,-0.0929187783167844,-2.2074717664892636,-0.3347885998297044,3.2467472722562682,1.1730929843188962,-0.5161861181259155,-0.002919122576713562,-0.702675461769104,-0.003764745080843568,-0.2007572203874588,-0.009969433769583702,0.9782444834709167,-0.5161861181259155,-0.002919122576713562,-0.702675461769104,-0.003764745080843568,-0.2007572203874588,-0.009969433769583702,-1.0,0.08600957212125979,0.14505525880984285,0.9131139044401184,0.06963632514722345,0.19010382907583073,0.9024937960207555,0.0,0.0,83.72944227461132,1,0.0397
112,1,0.1454,-0.08326599702263965,0.05232058961538133,0.9102739567425836,0.9839917013648696,0.013301417256641357,0.177717200262518,-2.5978557404243707e-05,0.0393310821415988,-0.04036691162051975,0.15080892933460716,0.7157049673161356,-0.11194706030139503,-2.2180283571795703,-0.33143712942761705,3.297387611925523,1.175126720211468,-0.7009038925170898,0.3179306983947754,-1.0805659294128418,-0.05986196920275688,-0.03153585270047188,-0.136675626039505,0.9029157161712646,-0.7009038925170898,0.3179306983947754,-1.0805659294128418,-0.05986196920275688,-0.03153585270047188,-0.136675626039505,-1.0,0.08600956939819801,0.14505526655828357,0.9131139022429454,0.06963632514718425,0.19010382907594106,0.902493796020675,0.0,0.0,96.40135768396041,2,0.0467
113,0,0.0,-0.08355128305642293,0.052343501045129276,0.9100744020239707,0.9813624997974872,0.01289082833923444,0.19171408936941914,-0.0026792672895639275,0.039454015740227756,-0.040240255788424856,0.1698192896533831,0.7244774886405764,-0.13073014366222052,-2.228360665199783,-0.3176817029285947,3.3460519488386278,1.1722312438735658,-0.9191546440124512,0.331287145614624,-1.0951257944107056,-0.05495582893490791,-0.018083352595567703,-0.10699356347322464,0.8443048596382141,-0.9191546440124512,0.331287145614624,-1.0951257944107056,-0.05495582893490791,-0.018083352595567703,-0.10699356347322464,-1.0,0.08600956667513594,0.14505527430672524,0.9131139000457721,0.06963632514714505,0.1901038290760514,0.9024937960205945,0.0,0.0,143.68566531349322,2,0.0458
114,0,0.0,-0.08390051954895991,0.05231937718068848,0.910194528011034,0.9781186952659787,0.01235912728034827,0.20761835920984642,-0.005068220896683129,0.039566407824083,-0.04012628318753213,0.19106341053480533,0.7345382127137375,-0.1494696733323107,-2.2401953605934866,-0.29316503089249296,3.4003719670134696,1.161439568669985,-1.1153417825698853,0.24001169204711914,-1.2665736675262451,-0.039133474230766296,-0.0002922108396887779,-0.08701056987047195,0.948540210723877,-1.1153417825698853,0.24001169204711914,-1.2665736675262451,-0.039133474230766296,-0.0002922108396887779,-0.08701056987047195,-1.0,0.08600956395207351,0.14505528205516788,0.913113897848598,0.06963632514710584,0.19010382907616172,0.902493796020514,0.0,0.0,111.93934281411153,2,0.0423
115,0,0.0,-0.08441968319067958,0.052425064997862585,0.9104261593097672,0.9740174834771261,0.012700170334231597,0.2260042175095431,-0.007123287321551139,0.03985636903811288,-0.03986493414269831,0.21267495064162895,0.7470764471724972,-0.16584604736751105,-2.2532091826292233,-0.25850051744958563,3.4622980333036066,1.141085178062054,-1.1725897789001465,0.20982064306735992,-1.2335866689682007,-0.01497730053961277,-0.00048587191849946976,-0.07118167728185654,0.9379931092262268,-1.1725897789001465,0.20982064306735992,-1.2335866689682007,-0.01497730053961277,-0.00048587191849946976,-0.07118167728185654,-1.0,0.08600956122901074,0.14505528980361168,0.9131138956514234,0.06963632514706664,0.19010382907627205,0.9024937960204336,0.0,0.0,98.83496970455417,2,0.0406
116,1,0.1579,-0.08524740715728499,0.05277536325344164,0.9105306928812867,0.9687540613802483,0.014806378036698986,0.24742567824181916,-0.008767752008533247,0.040414755959395546,-0.03976165982205917,0.23212931281436525,0.7634719907822612,-0.17743976407889567,-2.2665769048548237,-0.21605558601318905,3.5337569048179582,1.1109429345773147,-0.20453311502933502,0.23178881406784058,-0.7481333017349243,-0.1189248263835907,-0.051728006452322006,0.02293814904987812,0.9780332446098328,-0.20453311502933502,0.23178881406784058,-0.7481333017349243,-0.1189248263835907,-0.051728006452322006,0.02293814904987812,-1.0,0.08600955850594759,0.14505529755205657,0.9131138934542486,0.06963632514702743,0.19010382907638237,0.9024937960203531,0.0,0.0,95.45264613965205,1,0.0421
117,0,0.0,-0.08609513483878176,0.052147641709805105,0.9102986179671306,0.9624959010394394,0.017719532965791207,0.27059783436291435,-0.008029363103768103,0.0400012574924483,-0.04005960080512969,0.2485079125125477,0.7838606779078032,-0.18429828549457022,-2.2778093649609445,-0.1656380494808407,3.6091230417130635,1.0718671596150577,-0.04814423620700836,0.1698731780052185,-0.5611892342567444,-0.1400345116853714,-0.06027133762836456,0.0006995107978582382,0.9237740635871887,-0.04814423620700836,0.1698731780052185,-0.5611892342567444,-0.1400345116853714,-0.06027133762836456,0.0006995107978582382,-1.0,0.08600955578288408,0.14505530530050254,0.9131138912570737,0.06963632514698823,0.1901038290764927,0.9024937960202726,0.0,0.0,150.18764858297186,2,0.0403
118,0,0.0,-0.08674315376340119,0.05185087962771475,0.9102946869818964,0.955487256566393,0.018906311170271972,0.29437995067528744,-0.005205629412101745,0.03990384075355514,-0.040148232792031925,0.26233949223328784,0.8057996797828237,-0.1840123923487139,-2.2859059127521126,-0.10625863258728323,3.683200754713117,1.0290780111641604,0.12549251317977905,0.20326068997383118,-0.4004986584186554,-0.15315695106983185,-0.0336068719625473,0.006480881944298744,0.9287075996398926,0.12549251317977905,0.20326068997383118,-0.4004986584186554,-0.15315695106983185,-0.0336068719625473,0.006480881944298744,-1.0,0.08600955305982019,0.14505531304894967,0.9131138890598982,0.06963632514694902,0.19010382907660303,0.9024937960201921,0.0,0.0,129.40894350628284,2,0.041
119,0,0.0,-0.08738206865364284,0.05255099486349491,0.9106529731546288,0.9476960408772871,0.020796786562962077,0.31849506311348247,-0.000776238692273501,0.04010426016199544,-0.03928769306692981,0.27244062840947747,0.8283920694185359,-0.1762798945112592,-2.2906456999942355,-0.044763329078643235,3.755625514571724,0.9828635390997058,0.17845728993415833,0.16737100481987,-0.22915218770503998,-0.15580375492572784,0.018329108133912086,-0.016394536942243576,0.9645711183547974,0.17845728993415833,0.16737100481987,-0.22915218770503998,-0.15580375492572784,0.018329108133912086,-0.016394536942243576,-1.0,0.08600955033675593,0.14505532079739786,0.9131138868627224,0.06963632514690982,0.19010382907671336,0.9024937960201116,0.0,0.0,407.535761468093,1,0.0394
120,1,0.1452,-0.08770091551826087,0.05489048156951414,0.9111480401409593,0.9466378042385177,0.022400243924606544,0.32143986768464183,0.00717691587486724,0.04005465897542517,-0.037063148819695135,0.280011364521498,0.8275665216690111,-0.16219811350683938,-2.292218668914388,0.01310428955737419,3.756948373745551,0.9346762067983471,-0.9103772640228271,-0.034384965896606445,-1.0316463708877563,-0.009668521583080292,-0.31824007630348206,0.008727844804525375,0.8685579895973206,-0.9103772640228271,-0.034384965896606445,-1.0316463708877563,-0.009668521583080292,-0.31824007630348206,0.008727844804525375,-1.0,0.08600954761369133,0.1450553285458472,0.9131138846655467,0.06963632514687061,0.1901038290768237,0.9024937960200311,0.0,0.0,88.72782456863365,1,0.0401
121,0,0.0,-0.08806677787971634,0.057737883097663305,0.912318313110448,0.9464317935078593,0.02292067261189301,0.32177979923077205,0.014116083434070406,0.04002744938356683,-0.03436424170431104,0.28460539403830853,0.8233367745010053,-0.14497393326351346,-2.2936829983271108,0.0699404623948645,3.7532825740291784,0.8879034029111842,-1.0758960247039795,-0.0658145397901535,-1.1418554782867432,-0.0024097717832773924,-0.3294398784637451,0.01691807247698307,1.024172067642212,-1.0758960247039795,-0.0658145397901535,-1.1418554782867432,-0.0024097717832773924,-0.3294398784637451,0.01691807247698307,-1.0,0.08600954489062643,0.14505533629429743,0.9131138824683709,0.06963632514683141,0.19010382907693402,0.9024937960199506,0.0,0.0,47.74843724019947,1,0.0385
122,0,0.0,-0.08859994908186118,0.06044055482899764,0.9127112941257636,0.9461400847155467,0.02092193724108765,0.3224919852047621,0.01949697707923667,0.04001286775912027,-0.03176979721411369,0.2863546014128043,0.8220308022955587,-0.1260685210645371,-2.2931238571477466,0.12480667456341644,3.7529417253418234,0.8466677770023104,-1.0431416034698486,-0.10027477145195007,-1.1122068166732788,-0.0012013656087219715,-0.33131396770477295,0.013907304033637047,1.0409822463989258,-1.0431416034698486,-0.10027477145195007,-1.1122068166732788,-0.0012013656087219715,-0.33131396770477295,0.013907304033637047,-1.0,0.08600954216756121,0.14505534404274856,0.9131138802711947,0.0696363251467922,0.19010382907704435,0.9024937960198701,0.0,0.0,41.29698301186637,1,0.0394
123,0,0.0,-0.08911847194974556,0.06261759329240522,0.9129085563080298,0.9459410420620595,0.01809419202434448,0.32292584068161434,0.02422904409181162,0.04000513048983783,-0.029688867401066896,0.2862464657584486,0.821445607125823,-0.10748794460237003,-2.2914274194094775,0.17594827710082594,3.752958670666359,0.808925177239624,-1.0693010091781616,-0.11982026696205139,-1.1528087854385376,0.005935041233897209,-0.31169408559799194,0.0038040131330490112,0.8851242661476135,-1.0693010091781616,-0.11982026696205139,-1.1528087854385376,0.005935041233897209,-0.31169408559799194,0.0038040131330490112,-1.0,0.08600953944449563,0.14505535179120077,0.9131138780740178,0.069636325146753,0.19010382907715467,0.9024937960197896,0.0,0.0,41.34501447632541,1,0.0392
124,1,0.1447,-0.08960584495601306,0.06431774983647873,0.9130465308288196,0.9458409907100602,0.01469250934473404,0.32305862326904794,0.028320953255024664,0.04000099843718896,-0.02807411994658026,0.2848762338110705,0.8211165456880327,-0.08993308706938284,-2.2890686250467716,0.22255850229268676,3.7529493385327015,0.7752462521472098,-0.056562766432762146,-0.11010296642780304,-0.6327069997787476,-0.12078340351581573,-0.016575822606682777,-0.057642512023448944,0.820765495300293,-0.056562766432762146,-0.11010296642780304,-0.6327069997787476,-0.12078340351581573,-0.016575822606682777,-0.057642512023448944,-1.0,0.08600953672142969,0.14505535953965404,0.9131138758768406,0.06963632514671379,0.190103829077265,0.9024937960197091,0.0,0.0,41.385533857485925,1,0.0395
125,0,0.0,-0.08995274798972364,0.06408497564681152,0.9130814976574716,0.9457711375392511,0.012467152080134436,0.3228164082887651,0.033927747586046636,0.0399936953022271,-0.02845356723742905,0.2830964770244513,0.8213253985551899,-0.07607656313103338,-2.2862501117993625,0.26637042155748225,3.752669437558113,0.739536078370509,0.11800453066825867,0.06497617065906525,-0.6245684623718262,-0.15529944002628326,-0.00425697723403573,-0.03947237879037857,0.9335498809814453,0.11800453066825867,0.06497617065906525,-0.6245684623718262,-0.15529944002628326,-0.00425697723403573,-0.03947237879037857,-1.0,0.08600953399836338,0.1450553672881084,0.913113873679663,0.06963632514667459,0.19010382907737533,0.9024937960196286,0.0,0.0,122.33555863246747,1,0.0371
126,0,0.0,-0.09004113169747412,0.06374928758112461,0.9135909887171197,0.9455343775964813,0.013721324016994774,0.32268114978619267,0.04066130375571124,0.03999163356448811,-0.0289681708055755,0.28244929457464774,0.8209697580151517,-0.06399888675508927,-2.282972986655919,0.3082528542583113,3.7524208007889177,0.6985702367374714,0.08130498230457306,0.1875060647726059,-0.6221816539764404,-0.14992599189281464,0.019862737506628036,-0.032094646245241165,0.9595963358879089,0.08130498230457306,0.1875060647726059,-0.6221816539764404,-0.14992599189281464,0.019862737506628036,-0.032094646245241165,-1.0,0.0860095312752967,0.1450553750365639,0.913113871482485,0.06963632514663538,0.19010382907748566,0.9024937960195482,0.0,0.0,139.2420556304474,1,0.044
127,0,0.0,-0.08998664077627089,0.06426441587609205,0.9141927964273225,0.9452733374068119,0.01671195698639616,0.32239274521261513,0.047349191289240866,0.039989300449219146,-0.028658811564620308,0.2832075664794797,0.820746696505027,-0.052309279308782555,-2.278582461850716,0.3494139399501505,3.7517244251052793,0.6559700200385886,-0.214976504445076,0.3118578791618347,-0.65622878074646,-0.1769174039363861,0.004086041823029518,-0.033839285373687744,1.0730130672454834,-0.214976504445076,0.3118578791618347,-0.65622878074646,-0.1769174039363861,0.004086041823029518,-0.033839285373687744,-1.0,0.08600952855222968,0.1450553827850205,0.9131138692853068,0.06963632514659618,0.190103829077596,0.9024937960194677,0.0,0.0,131.63599968311306,1,0.0391
128,1,0.1462,-0.0899508004976205,0.06489060766493708,0.9149130251457154,0.9449469379831228,0.019810290183760293,0.3220596535672552,0.05440970817137268,0.03998459360671961,-0.028269321281210902,0.2856203532437093,0.8206528637591831,-0.041721855978273846,-2.2736016445984775,0.3920930795336903,3.751249983181859,0.6126854320674728,-0.06917272508144379,0.08961185812950134,-0.8133019208908081,-0.027120614424347878,-0.006830277387052774,0.016493262723088264,0.9975996613502502,-0.06917272508144379,0.08961185812950134,-0.8133019208908081,-0.027120614424347878,-0.006830277387052774,0.016493262723088264,-1.0,0.0860095258291623,0.14505539053347824,0.9131138670881284,0.06963632514655697,0.19010382907770632,0.9024937960193872,0.0,0.0,99.5787334129716,1,0.0555
129,0,0.0,-0.08989206126242563,0.06769299578226008,0.9149488491094565,0.9449086699780135,0.022198200781716804,0.3211888513801623,0.05909794439341785,0.03998590885943898,-0.025594405388998483,0.28868648206339137,0.8221473942642269,-0.02926347490191505,-2.2662255595964345,0.431880517296879,3.749406765783874,0.5753322591341167,-0.06769631803035736,0.08147493749856949,-0.8153231143951416,-0.02128024213016033,-0.0009459862485527992,-0.0008541792631149292,0.9960170388221741,-0.06769631803035736,0.08147493749856949,-0.8153231143951416,-0.02128024213016033,-0.0009459862485527992,-0.0008541792631149292,-1.0,0.08600952310609455,0.14505539828193695,0.9131138648909498,0.06963632514651777,0.19010382907781664,0.9024937960193067,0.0,0.0,131.36728799857337,1,0.0372
130,0,0.0,-0.08988558247434172,0.07117330096620719,0.9146633965507903,0.945116768121915,0.022942287215646895,0.32004069893964315,0.061659525576543486,0.03998067581754726,-0.02219894670207895,0.2909356754482845,0.8239200844750529,-0.016907209000584584,-2.2586403967010686,0.4664133787043939,3.746989294837067,0.5458591558115131,-0.11463253200054169,0.04675040394067764,-0.7894361019134521,-0.028457503765821457,-0.004304726608097553,-0.00503969844430685,0.9972447156906128,-0.11463253200054169,0.04675040394067764,-0.7894361019134521,-0.028457503765821457,-0.004304726608097553,-0.00503969844430685,-1.0,0.0860095203830265,0.1450554060303967,0.9131138626937713,0.06963632514647856,0.19010382907792697,0.9024937960192262,0.0,0.0,134.05877165581256,1,0.0383
131,0,0.0,-0.0899176055518214,0.07360536143686558,0.9145212876812207,0.945358507586724,0.022857128134172233,0.31885513435360335,0.06408000564297489,0.03997375347729234,-0.01983545758255644,0.2926255496243483,0.8251157394177252,-0.0068546523697159654,-2.2520974995165948,0.4970753983192062,3.74457943470932,0.5203733188767066,-0.21124155819416046,0.08767988532781601,-0.7482784986495972,-0.038900937885046005,-0.0022776033729314804,-0.007145780138671398,1.0660144090652466,-0.21124155819416046,0.08767988532781601,-0.7482784986495972,-0.038900937885046005,-0.0022776033729314804,-0.007145780138671398,-1.0,0.08600951765995818,0.14505541377885725,0.9131138604965923,0.06963632514643936,0.1901038290780373,0.9024937960191457,0.0,0.0,125.94576373611422,1,0.0381
132,1,0.1453,-0.08994781077833136,0.07512293761338022,0.9145486822452146,0.9456029150183445,0.022680242670261974,0.3176178618841154,0.06663052988975245,0.039967260864665344,-0.018390693962097512,0.2941458161824722,0.8257113786419086,0.0009588761993142475,-2.246519996346502,0.5244246776421646,3.7420480518272927,0.49723957234433563,-0.27987879514694214,-0.013435840606689453,-0.7694965600967407,0.004635282792150974,-0.019613895565271378,-0.004798986949026585,1.1358553171157837,-0.27987879514694214,-0.013435840606689453,-0.7694965600967407,0.004635282792150974,-0.019613895565271378,-0.004798986949026585,-1.0,0.08600951493688945,0.14505542152731896,0.9131138582994125,0.06963632514640015,0.19010382907814763,0.9024937960190652,0.0,0.0,106.4692730661211,1,0.0437
133,0,0.0,-0.08998686667865499,0.07643698661353301,0.9145142031647754,0.9459326823475827,0.02194536132674557,0.3162831846874735,0.068517944123381,0.03996223626868899,-0.017122604115672055,0.2953864267115014,0.826174477656925,0.007661733327771317,-2.2414197776676907,0.5481069508378413,3.7391268628091545,0.4783749306637013,-0.34132832288742065,-0.029766276478767395,-0.6605706214904785,0.0031974511221051216,-0.0037102135829627514,-0.004232525825500488,0.9868735671043396,-0.34132832288742065,-0.029766276478767395,-0.6605706214904785,0.0031974511221051216,-0.0037102135829627514,-0.004232525825500488,-1.0,0.08600951221382037,0.14505542927578172,0.9131138561022325,0.06963632514636095,0.19010382907825796,0.9024937960189847,0.0,0.0,97.8612011572258,1,0.0382
134,0,0.0,-0.09006341931602407,0.07719289479284326,0.9145501100605696,0.9462729892761408,0.02040117652195539,0.31505690721546975,0.06993115885453816,0.03995573749604152,-0.016406855340015722,0.2960433957380765,0.826195663235761,0.012961517829395213,-2.237441249086845,0.5679663463877304,3.7364383462206496,0.46393115333155655,-0.3157094717025757,-0.049067676067352295,-0.5739187598228455,-0.0011111320927739143,0.004965120926499367,-0.00534407515078783,0.8455331921577454,-0.3157094717025757,-0.049067676067352295,-0.5739187598228455,-0.0011111320927739143,0.004965120926499367,-0.00534407515078783,-1.0,0.08600950949075094,0.14505543702424564,0.9131138539050521,0.06963632514632175,0.19010382907836829,0.9024937960189042,0.0,0.0,75.20507659662374,1,0.0377
135,0,0.0,-0.09014409202473454,0.07724012126419574,0.9146501334508101,0.9466236909160617,0.018755397675874752,0.313799838618833,0.07128452943848002,0.039949819557545216,-0.01639749501037432,0.2962606394870627,0.8257598558602194,0.01665153264679707,-2.2345025318436362,0.5843837374766164,3.73358602006803,0.4520889588702513,-0.24632976949214935,-0.049928173422813416,-0.4971853792667389,-0.005971518345177174,0.025472499430179596,-0.0076441895216703415,0.34517237544059753,-0.24632976949214935,-0.049928173422813416,-0.4971853792667389,-0.005971518345177174,0.025472499430179596,-0.0076441895216703415,1.0,0.08600950676768114,0.14505544477271062,0.9131138517078714,0.06963632514628254,0.19010382907847861,0.9024937960188237,0.0,0.0,64.70186444669169,1,0.0393
136,1,0.1391,-0.090205736319709,0.0767906719112937,0.9147794701692619,0.9470524662480966,0.017343510312543775,0.31229631718981465,0.07253853522862355,0.03947703196620748,-0.016888520070441376,0.2962380111566432,0.8247674320756545,0.018932324705152194,-2.2323655579277517,0.5979180304481486,3.7298201649807323,0.4418720939246603,-0.440703809261322,-0.0057877302169799805,-0.35797953605651855,-0.0885983407497406,0.00807316042482853,-0.03668699786067009,0.9682306051254272,-0.440703809261322,-0.0057877302169799805,-0.35797953605651855,-0.0885983407497406,0.00807316042482853,-0.03668699786067009,-1.0,0.08600950404461098,0.14505545252117671,0.9131138495106904,0.06963632514624334,0.19010382907858894,0.9024937960187432,0.0,0.0,62.076251877589975,1,0.0417
137,0,0.0,-0.09038620881149088,0.07443047227516654,0.915519038172199,0.9470839940548678,0.01605479254054215,0.31151013032523966,0.07573368171632888,0.03861703188081078,-0.019398801756556453,0.29656165592242323,0.8228827276126409,0.018307389723858702,-2.232309213347555,0.6119629445038838,3.728782899106209,0.43001930835763635,-0.39588940143585205,-0.05254063010215759,-0.17208637297153473,-0.07732231914997101,0.0031658997759222984,-0.040806643664836884,0.9592728614807129,-0.39588940143585205,-0.05254063010215759,-0.17208637297153473,-0.07732231914997101,0.0031658997759222984,-0.040806643664836884,-1.0,0.08600950132154044,0.14505546026964392,0.9131138473135091,0.06963632514620413,0.19010382907869927,0.9024937960186628,0.0,0.0,24.359464062470654,1,0.0398
138,0,0.0,-0.0911497206555735,0.07113060701263123,0.9167892914503396,0.9467665226380998,0.01479029433476381,0.3113583263028028,0.08043874344597937,0.03867195138559432,-0.023364593455192557,0.2977798182050518,0.8200064959604972,0.01668689413238188,-2.2347839506331226,0.6278234024814863,3.7307594422447568,0.4168613048787039,-0.4506509304046631,-0.05236707627773285,-0.14511972665786743,-0.07763394713401794,0.008380213752388954,-0.042544640600681305,1.0201722383499146,-0.4506509304046631,-0.05236707627773285,-0.14511972665786743,-0.07763394713401794,0.008380213752388954,-0.042544640600681305,-1.0,0.08600949859846954,0.14505546801811217,0.9131138451163278,0.06963632514616493,0.1901038290788096,0.9024937960185823,0.0,0.0,22.828640459466428,1,0.0415
139,0,0.0,-0.09339052218974689,0.0685596174447094,0.9178542622922202,0.9466306120365853,0.013709469898872062,0.3105909165509007,0.08506360764981774,0.03874767785712164,-0.02808518270406707,0.2999736254654693,0.8161258264116849,0.01645634762933356,-2.240633348131837,0.6449581173050273,3.7342570072422507,0.40409555217586784,-0.3894326090812683,-0.0784144252538681,-0.11793139576911926,-0.08198574185371399,0.0038800155743956566,-0.03971389681100845,0.26575741171836853,-0.3894326090812683,-0.0784144252538681,-0.11793139576911926,-0.08198574185371399,0.0038800155743956566,-0.03971389681100845,1.0,0.08600949587539836,0.14505547576658134,0.9131138429191464,0.06963632514612572,0.19010382907891993,0.9024937960185018,0.0,0.0,24.72014683446496,1,0.043
140,1,0.1473,-0.09619565248743366,0.06643850812156393,0.9188207461529043,0.9464831002460506,0.012752129731168127,0.3097623784589087,0.0897462702702613,0.03856063230358895,-0.0313767427224963,0.3028575095428979,0.8123119962610071,0.016840431905189555,-2.247341568386163,0.662875696495967,3.738876227771968,0.3914018237873048,-0.0422338992357254,0.4162556827068329,-0.952762246131897,-0.1743430197238922,0.06405052542686462,0.0005520917475223541,0.9565131068229675,-0.0422338992357254,0.4162556827068329,-0.952762246131897,-0.1743430197238922,0.06405052542686462,0.0005520917475223541,-1.0,0.08600949315232687,0.1450554835150515,0.9131138407219647,0.06963632514608652,0.19010382907903026,0.9024937960184213,0.0,0.0,0.0,0,0.0388
141,0,0.0,-0.09682555944872306,0.06672375918293516,0.9182535266731598,0.9462239983086754,0.015552853799651045,0.3093160935628151,0.09349763647531173,0.038111532403500605,-0.031191530135580632,0.306722616635937,0.81556599197288,0.018191725837842603,-2.2437863519051984,0.6778972174321386,3.74148842135187,0.3739895397414911,0.12190736085176468,0.39528730511665344,-0.49196478724479675,-0.1874283105134964,0.11731544137001038,-0.006770436652004719,0.9688475131988525,0.12190736085176468,0.39528730511665344,-0.49196478724479675,-0.1874283105134964,0.11731544137001038,-0.006770436652004719,-1.0,0.08600949042925503,0.14505549126352263,0.9131138385247821,0.06963632514604731,0.19010382907914058,0.9024937960183408,0.0,0.0,160.80720188441197,1,0.0376
142,0,0.0,-0.09649549364280854,0.06838629232422813,0.9185213282349772,0.9452685528716305,0.02092033750345129,0.31045957810217545,0.09820668406647969,0.038334210669878674,-0.029746451178042223,0.31260519627664,0.8190987770948817,0.020338867490324212,-2.2375397672464117,0.6969377190127538,3.7465979337556243,0.3493253453155613,0.06643415242433548,0.3268547058105469,-0.2755260169506073,-0.1915077269077301,0.13678215444087982,-0.005584307946264744,0.9926470518112183,0.06643415242433548,0.3268547058105469,-0.2755260169506073,-0.1915077269077301,0.13678215444087982,-0.005584307946264744,-1.0,0.08600948770618283,0.14505549901199494,0.9131138363275992,0.06963632514600811,0.1901038290792509,0.9024937960182603,0.0,0.0,115.6733784257307,1,0.0476
143,0,0.0,-0.09624436317786195,0.06892382016526458,0.9192648353847827,0.9445363472319082,0.026020990854080883,0.3102884522095922,0.10437946741649388,0.038510256838364086,-0.029488985607601208,0.3198947063043043,0.8207230366996908,0.02066425335424233,-2.230979854989626,0.7231231240262271,3.7479410620391347,0.31817492671105446,0.08597356826066971,0.25669553875923157,-0.056970350444316864,-0.18520423769950867,0.13323697447776794,-0.005235861986875534,0.9445590376853943,0.08597356826066971,0.25669553875923157,-0.056970350444316864,-0.18520423769950867,0.13323697447776794,-0.005235861986875534,-1.0,0.08600948498311026,0.14505550676046833,0.9131138341304161,0.0696363251459689,0.19010382907936124,0.9024937960181798,0.0,0.0,77.66588204211628,1,0.0412
144,1,0.1446,-0.09600472671186125,0.06855543579199665,0.9202686843990766,0.944281095838854,0.030832150356517707,0.30822798563852577,0.11125690726863652,0.03860488438121107,-0.0302126722828435,0.32835132016302376,0.8204293828725447,0.0191498086891957,-2.2237397067927223,0.7556189132839369,3.7440289716958968,0.2811308173189997,-1.3912689685821533,0.3686809241771698,-0.8579056262969971,-0.18222515285015106,-0.018540097400546074,0.154169961810112,0.978235125541687,-1.3912689685821533,0.3686809241771698,-0.8579056262969971,-0.18222515285015106,-0.018540097400546074,0.154169961810112,-1.0,0.08600948226003731,0.1450555145089428,0.9131138319332326,0.0696363251459297,0.19010382907947157,0.9024937960180993,0.0,0.0,39.73135575404998,1,0.042
145,0,0.0,-0.09646119092526703,0.0703546471307497,0.9211827614800716,0.9440255180764686,0.03836588834218008,0.3058269093964277,0.11753204380592644,0.038733552693918746,-0.029114979771974313,0.33830590869340027,0.8199377206208195,0.02031617490000447,-2.2172516145029473,0.7884745649742713,3.7413422803645955,0.2403505250463907,-1.3970518112182617,0.4129655361175537,-0.8205527067184448,-0.1915077269077301,-0.06324741244316101,0.16010908782482147,1.0121304988861084,-1.3970518112182617,0.4129655361175537,-0.8205527067184448,-0.1915077269077301,-0.06324741244316101,0.16010908782482147,-1.0,0.086009479536964,0.14505552225741844,0.9131138297360488,0.06963632514589049,0.1901038290795819,0.9024937960180188,0.0,0.0,45.39738594624775,1,0.0414
146,0,0.0,-0.09848757157408902,0.0742945012907063,0.9215488875290874,0.9431781600084339,0.04821175325076771,0.30446923595370196,0.1240526891661759,0.03879699437160966,-0.02782375249980371,0.3492622545739498,0.8213882342573523,0.025045945336547987,-2.2132739348357875,0.819326168824933,3.7466760083631176,0.20029457085683974,-1.495623230934143,0.20238254964351654,-0.6416093707084656,-0.1910104900598526,-0.006226469296962023,0.1677657961845398,1.0048123598098755,-1.495623230934143,0.20238254964351654,-0.6416093707084656,-0.1910104900598526,-0.006226469296962023,0.1677657961845398,-1.0,0.08600947681389033,0.14505553000589513,0.9131138275388647,0.06963632514585129,0.19010382907969223,0.9024937960179383,0.0,0.0,46.51369977619079,1,0.0456
147,0,0.0,-0.10117697533078253,0.07816792849719885,0.921994778934576,0.9420411687907273,0.05790359269893175,0.30337040137913523,0.13104201548747046,0.03883942129518254,-0.026667686604459315,0.3602741991094164,0.8225212401420015,0.029978800869817447,-2.210921246556187,0.8496525261073912,3.754106182630781,0.16153227071503623,-1.2976716756820679,0.09604474902153015,-0.6743272542953491,-0.17357131838798523,-0.017330456525087357,0.1624055653810501,1.1692231893539429,-1.2976716756820679,0.09604474902153015,-0.6743272542953491,-0.17357131838798523,-0.017330456525087357,0.1624055653810501,-1.0,0.08600947409081632,0.14505553775437294,0.9131138253416806,0.06963632514581208,0.19010382907980256,0.9024937960178578,0.0,0.0,47.613274358960005,1,0.0448
148,1,0.1456,-0.10374292086755374,0.08111826016098778,0.922521096947599,0.9418022912720758,0.06726262138855665,0.2996847012855479,0.136650150874405,0.03887457927649164,-0.026488442391318878,0.3708954179229074,0.8204295695475223,0.03237801929063194,-2.209434801992806,0.8797397776025846,3.752977369440342,0.12211562815136315,-0.5685612559318542,0.19027535617351532,-0.9910207986831665,-0.022668015211820602,-0.10408981144428253,0.03970582038164139,0.9974619150161743,-0.5685612559318542,0.19027535617351532,-0.9910207986831665,-0.022668015211820602,-0.10408981144428253,0.03970582038164139,-1.0,0.086009471367742,0.1450555455028516,0.9131138231444965,0.06963632514577288,0.19010382907991288,0.9024937960177773,0.0,0.0,45.08547709854736,1,0.0413
149,0,0.0,-0.1044729848849815,0.08432504004450288,0.9218671641873991,0.941862149480576,0.0728156417345101,0.296749610678859,0.13976137612575606,0.03891266351704371,-0.02440650781640702,0.3795334107118692,0.8233576651557488,0.034539689841483256,-2.200493693134688,0.9059720366071793,3.749331185418977,0.09254158929910938,-0.560059666633606,0.21278932690620422,-1.0177290439605713,-0.024446623399853706,-0.07056290656328201,0.02386384643614292,0.9785879254341125,-0.560059666633606,0.21278932690620422,-1.0177290439605713,-0.024446623399853706,-0.07056290656328201,0.02386384643614292,-1.0,0.08600946864466737,0.1450555532513312,0.9131138209473119,0.06963632514573367,0.1901038290800232,0.9024937960176969,0.0,0.0,65.76483267440172,1,0.0396
150,0,0.0,-0.10458620009126596,0.08829230695617879,0.920454137305028,0.9419533737720465,0.07444937352331371,0.29543933204570727,0.1410557815257159,0.03894695425847028,-0.020350514075912995,0.3865730261852373,0.8295823946557249,0.038624808995702954,-2.1887816070194854,0.9291412302446602,3.7487201953820004,0.07313625949176626,-0.5038281083106995,0.20363947749137878,-0.9569312334060669,-0.021661944687366486,-0.049782007932662964,0.001523701474070549,0.9803762435913086,-0.5038281083106995,0.20363947749137878,-0.9569312334060669,-0.021661944687366486,-0.049782007932662964,0.001523701474070549,-1.0,0.08600946592159238,0.1450555609998119,0.9131138187501265,0.06963632514569447,0.19010382908013354,0.9024937960176164,0.0,0.0,83.27135022052006,1,0.0445
151,0,0.0,-0.10483468052496209,0.09202257017887093,0.9192971096018681,0.9418241826349506,0.0744525458913195,0.29520440545856713,0.1424021994639173,0.038977980844432464,-0.016484941505989097,0.3925264873515232,0.8359779765337854,0.04347441552284341,-2.177860391956028,0.9507833362207426,3.7513771423904934,0.057897645460929764,-0.5652363896369934,0.20555062592029572,-0.8718193769454956,-0.007855839096009731,-0.038456112146377563,-0.00673153530806303,0.9909659028053284,-0.5652363896369934,0.20555062592029572,-0.8718193769454956,-0.007855839096009731,-0.038456112146377563,-0.00673153530806303,-1.0,0.08600946319851703,0.14505556874829365,0.9131138165529409,0.06963632514565526,0.19010382908024387,0.9024937960175359,0.0,0.0,88.06451453681993,1,0.0384
152,1,0.1451,-0.10510729889266351,0.09547521935615237,0.918223488780088,0.9419153478757324,0.073345509065468,0.2948515930283856,0.1431029413558211,0.03900777853201928,-0.012866016835106537,0.3975199720931913,0.8415380567321841,0.04829692177731642,-2.1675710890756417,0.9712774602541914,3.752978728095045,0.045193360700427516,-0.041413649916648865,0.6463595628738403,-0.4124417006969452,-0.18804417550563812,-0.016067204996943474,0.03771786391735077,1.043338418006897,-0.041413649916648865,0.6463595628738403,-0.4124417006969452,-0.18804417550563812,-0.016067204996943474,0.03771786391735077,-1.0,0.08600946047544131,0.14505557649677653,0.9131138143557549,0.06963632514561606,0.1901038290803542,0.9024937960174554,0.0,0.0,73.01748307030063,1,0.0409
153,0,0.0,-0.10514157291625449,0.09806726557132696,0.9175820601067322,0.9417933351324109,0.07574066755743403,0.2936795762663522,0.1450550642416159,0.03903402325532486,-0.010259428589576864,0.40284828763457653,0.8456091361057009,0.05077809569882108,-2.158141898993485,0.9910563621308512,3.752786861430741,0.0243113522209969,-0.013441279530525208,0.5408185720443726,-0.2683340907096863,-0.1825784593820572,-0.03369704261422157,0.018992142751812935,1.045823335647583,-0.013441279530525208,0.5408185720443726,-0.2683340907096863,-0.1825784593820572,-0.03369704261422157,0.018992142751812935,-1.0,0.08600945775236524,0.14505558424526058,0.9131138121585687,0.06963632514557686,0.19010382908046453,0.9024937960173749,0.0,0.0,60.91576720254885,3,0.0424
154,0,0.0,-0.1049728986553583,0.09912624350826925,0.9176490965074448,0.9411580373085782,0.08098790146440726,0.29205121727361316,0.14956134231430446,0.03905734450378982,-0.009408687595395591,0.4088985505896202,0.848513312166095,0.05050064445149789,-2.149211064712981,1.0133931889994128,3.752747304612936,-0.005451051162322158,-0.09022697806358337,0.5536404848098755,-0.30022352933883667,-0.18618030846118927,-0.021345317363739014,0.009741930291056633,1.089943289756775,-0.09022697806358337,0.5536404848098755,-0.30022352933883667,-0.18618030846118927,-0.021345317363739014,0.009741930291056633,-1.0,0.08600945502928878,0.14505559199374568,0.913113809961382,0.06963632514553765,0.19010382908057485,0.9024937960172944,0.0,0.0,43.145392672008974,3,0.0421
155,0,0.0,-0.10476582940912746,0.09932111687371968,0.9180264813815215,0.940450900069612,0.08587693049924466,0.29010155160925005,0.15497853761146752,0.03908164240874813,-0.009502229510429101,0.41499957432828644,0.8510337539330741,0.04932247418446389,-2.139851352840514,1.0388901273671118,3.752686978152105,-0.03828624571878966,-0.055886104702949524,0.5046713352203369,-0.22379076480865479,-0.1819809079170227,-0.012447606772184372,0.021986549720168114,1.0528417825698853,-0.055886104702949524,0.5046713352203369,-0.22379076480865479,-0.1819809079170227,-0.012447606772184372,0.021986549720168114,-1.0,0.08600945230621197,0.1450555997422319,0.9131138077641952,0.06963632514549845,0.19010382908068518,0.9024937960172139,0.0,0.0,38.028982092297035,3,0.0425
156,1,0.1545,-0.1043273320057349,0.09942450506679015,0.9187208459518796,0.9396740061124035,0.09057973783897888,0.28811598868045557,0.16061522467179368,0.03910456880864454,-0.009939023521428333,0.42093881047439935,0.8533012631312894,0.04817664797478638,-2.1293016943928778,1.0667126927498696,3.752660749312963,-0.07374861738674393,-0.15359489619731903,-0.02305319905281067,-0.8765479326248169,-0.052749715745449066,-0.04908636584877968,-0.011379987001419067,1.013349175453186,-0.15359489619731903,-0.02305319905281067,-0.8765479326248169,-0.052749715745449066,-0.04908636584877968,-0.011379987001419067,-1.0,0.08600944958313483,0.1450556074907191,0.9131138055670083,0.06963632514545924,0.1901038290807955,0.9024937960171333,0.0,0.0,33.55464740791836,3,0.0457
157,0,0.0,-0.10399776882031952,0.09967288536253094,0.9183714491256688,0.9396718169193669,0.09297763499015749,0.28516433486755766,0.16447898953554663,0.039128068428525536,-0.010310720177697184,0.4254541727210294,0.8570614619379701,0.04802576848099468,-2.117106686387546,1.0952020758318965,3.749789807068057,-0.10532340182618391,-0.29092055559158325,-0.01755368709564209,-0.8620997667312622,-0.05298878252506256,-0.06180663779377937,-0.011282074265182018,1.014949083328247,-0.29092055559158325,-0.01755368709564209,-0.8620997667312622,-0.05298878252506256,-0.06180663779377937,-0.011282074265182018,-1.0,0.08600944686005739,0.1450556152392073,0.9131138033698214,0.06963632514542004,0.19010382908090584,0.9024937960170528,0.0,0.0,122.30531434041605,3,0.0438
158,0,0.0,-0.10398752106155901,0.10001247835506459,0.9183803570136613,0.9398720909778577,0.09269043793737142,0.28289923589969995,0.16738266828812542,0.039147788043179664,-0.010081794968341167,0.4283527596336788,0.859666098851339,0.04963618133640572,-2.106470554676519,1.1226453609877878,3.7489956514577596,-0.13118804939126869,-0.42135363817214966,-0.03140982985496521,-0.7295995950698853,-0.05969524011015892,-0.09150242805480957,-0.01081538014113903,0.9215787649154663,-0.42135363817214966,-0.03140982985496521,-0.7295995950698853,-0.05969524011015892,-0.09150242805480957,-0.01081538014113903,-1.0,0.08600944413697965,0.14505562298769634,0.9131138011726339,0.06963632514538083,0.19010382908101617,0.9024937960169722,0.0,0.0,103.42586466041628,3,0.0449
159,0,0.0,-0.10400147150684333,0.09967005271553186,0.9188419669408078,0.9397780949347583,0.09150345055793913,0.2815209111701114,0.17085147757843888,0.03916575152905948,-0.010584774865860454,0.4297086734348803,0.8619109190726029,0.05167556237303137,-2.0973472037096847,1.1473546794715133,3.751524546749189,-0.1538085076356932,-0.3991738557815552,-0.04514375329017639,-0.7331019639968872,-0.06712497770786285,-0.09857127070426941,-0.01569070667028427,1.0004857778549194,-0.3991738557815552,-0.04514375329017639,-0.7331019639968872,-0.06712497770786285,-0.09857127070426941,-0.01569070667028427,-1.0,0.08600944141390154,0.1450556307361865,0.9131137989754458,0.06963632514534163,0.1901038290811265,0.9024937960168917,0.0,0.0,66.66246924005262,3,0.0438
160,1,0.1441,-0.10400045663540171,0.09921995091787324,0.9191057493508293,0.9398532499490071,0.0901547622252235,0.28005166053945935,0.1735484221694122,0.03918469656317763,-0.011164429441025449,0.42987394161143616,0.8638632780886076,0.05388902884089067,-2.0891959010121814,1.1686582169716122,3.7530216679593114,-0.17345897900311325,0.022749751806259155,-0.07403567433357239,0.22342079877853394,-0.008696881122887135,0.017964454367756844,-0.04521125927567482,1.0636135339736938,0.022749751806259155,-0.07403567433357239,0.22342079877853394,-0.008696881122887135,0.017964454367756844,-0.04521125927567482,-1.0,0.08600943869082306,0.14505563848467767,0.9131137967782573,0.06963632514530242,0.19010382908123682,0.9024937960168112,0.0,0.0,74.41233840174739,3,0.044
161,0,0.0,-0.10364581952841564,0.09771742199766512,0.9208809498432327,0.940065921950182,0.08755583494408181,0.27877353561804386,0.1757707427139492,0.03919809489150188,-0.014176034280725577,0.4289749781992225,0.8611556112258077,0.05469851798517497,-2.0838508006090657,1.1899690757521926,3.7526564144846897,-0.19222914625258775,0.10912001132965088,-0.14306074380874634,0.22585412859916687,0.0019681211560964584,0.0230758935213089,-0.0634591206908226,1.0574020147323608,0.10912001132965088,-0.14306074380874634,0.22585412859916687,0.0019681211560964584,0.0230758935213089,-0.0634591206908226,-1.0,0.08600943596774424,0.14505564623317005,0.9131137945810686,0.06963632514526322,0.19010382908134715,0.9024937960167306,0.0,0.0,0.05822417069814568,2,0.0427
162,0,0.0,-0.10302232633020905,0.09570653482263462,0.9235442382371152,0.940344855715902,0.08413260746088314,0.27767326932284975,0.17768177226162318,0.03921340752468648,-0.021395622523623217,0.42672609470995276,0.8563283868749946,0.055623298292880256,-2.079226830238585,1.2117837356852021,3.751667462418444,-0.2113917869036601,0.1075960099697113,-0.1806606650352478,0.19340208172798157,0.003692411817610264,0.021064449101686478,-0.039062969386577606,0.8071743249893188,0.1075960099697113,-0.1806606650352478,0.19340208172798157,0.003692411817610264,0.021064449101686478,-0.039062969386577606,-1.0,0.08600943324466503,0.14505565398166348,0.9131137923838795,0.06963632514522401,0.19010382908145748,0.9024937960166501,0.0,0.0,10.554663096775677,1,0.0409
163,0,0.0,-0.10199336770385221,0.09350446404379373,0.9261248987901683,0.9407834881913254,0.08098506526895466,0.27631703091405924,0.17893223850604228,0.03922915013968357,-0.028013717264035034,0.423131629322357,0.8514130865217286,0.05665980788416421,-2.0738934507444773,1.2325234129904485,3.748996204023454,-0.23151296065737467,0.06769382953643799,-0.21141856908798218,0.2481653392314911,0.005638660863041878,0.024476386606693268,-0.053820572793483734,0.8936123847961426,0.06769382953643799,-0.21141856908798218,0.2481653392314911,0.005638660863041878,0.024476386606693268,-0.053820572793483734,-1.0,0.08600943052158547,0.14505566173015802,0.9131137901866901,0.06963632514518481,0.1901038290815678,0.9024937960165695,0.0,0.0,0.0,0,0.0372
164,1,0.1386,-0.10106657936761113,0.09116470950456698,0.9287541572132382,0.9412879843706073,0.07796298177712463,0.27477192660035704,0.17999747860529944,0.03924304083426073,-0.03296630837987992,0.4185905335368195,0.8459764741251754,0.05828271316219364,-2.06914867692935,1.2531154392600536,3.7464178239587107,-0.2521862186907436,0.12584547698497772,-0.20457670092582703,0.33215391635894775,0.17890122532844543,0.34468281269073486,-0.04435483366250992,1.0119781494140625,0.12584547698497772,-0.20457670092582703,0.33215391635894775,0.17890122532844543,0.34468281269073486,-0.04435483366250992,-1.0,0.08600942779850555,0.14505566947865364,0.9131137879895005,0.0696363251451456,0.19010382908167814,0.902493796016489,0.0,0.0,0.0,0,0.0416
165,0,0.0,-0.10299678060430402,0.0892245205041478,0.9284928676202665,0.9441196890380746,0.07472936791864593,0.26785235720318157,0.176942502191609,0.039262043373450385,-0.03555161035150831,0.4123958664552273,0.8391618238860447,0.062110323301264925,-2.0689845638621884,1.2785855511004545,3.7321932503319637,-0.27474280593451805,0.11969307065010071,-0.3720804750919342,0.2396601140499115,0.1719978004693985,0.34179601073265076,-0.06162600964307785,0.9839949607849121,0.11969307065010071,-0.3720804750919342,0.2396601140499115,0.1719978004693985,0.34179601073265076,-0.06162600964307785,-1.0,0.08600942507542529,0.14505567722715026,0.9131137857923108,0.0696363251451064,0.19010382908178847,0.9024937960164086,0.0,0.0,22.051568763245555,1,0.0409
166,0,0.0,-0.10420242969882715,0.08666873777950919,0.9284822806137838,0.9485073051338444,0.0701921065208223,0.2585780527250151,0.16895073524208065,0.03927257011380752,-0.037085298219211374,0.40386848066336406,0.8271598220950825,0.0634452094334973,-2.0686615111402866,1.3091288021767429,3.70394628991047,-0.3023771475980924,0.030829235911369324,-0.4647558033466339,0.25211402773857117,0.17539569735527039,0.3510134816169739,-0.06859873980283737,0.9132569432258606,0.030829235911369324,-0.4647558033466339,0.25211402773857117,0.17539569735527039,0.3510134816169739,-0.06859873980283737,-1.0,0.08600942235234475,0.14505568497564778,0.9131137835951212,0.0696363251450672,0.1901038290818988,0.902493796016328,0.0,0.0,0.0,0,0.0389
167,0,0.0,-0.1065033951576686,0.08175212958382716,0.9281330465603541,0.9536028356163522,0.06552059332447557,0.24661633018122664,0.15977818825735735,0.0392831303426926,-0.03865764027885206,0.3936223260837017,0.8120034260349566,0.061719563101911866,-2.07206145237875,1.3454894070494037,3.668537715366536,-0.3372690668598951,-0.06928636133670807,-0.5513052940368652,0.25343653559684753,0.18115484714508057,0.3497585356235504,-0.07755127549171448,0.9856166243553162,-0.06928636133670807,-0.5513052940368652,0.25343653559684753,0.18115484714508057,0.3497585356235504,-0.07755127549171448,-1.0,0.0860094196292639,0.14505569272414626,0.9131137813979309,0.06963632514502799,0.19010382908200912,0.9024937960162475,0.0,0.0,0.0,0,0.0389
168,1,0.1506,-0.11083696558177422,0.07481414066032156,0.9273207517194095,0.9589873659542126,0.06097934193563276,0.23247236057890047,0.15027093319791104,0.03929361223278672,-0.03910309468760306,0.3821729748836583,0.7943874132803239,0.057876882559509665,-2.080696154203066,1.3870814944607144,3.6297552884517565,-0.37838920287486144,-0.9822121858596802,-0.01522207260131836,-0.8318758010864258,0.03769267722964287,-0.16176122426986694,0.25701388716697693,1.0892066955566406,-0.9822121858596802,-0.01522207260131836,-0.8318758010864258,0.03769267722964287,-0.16176122426986694,0.25701388716697693,-1.0,0.08600941690618268,0.14505570047264574,0.91311377920074,0.06963632514498878,0.19010382908211945,0.902493796016167,0.0,0.0,0.0,0,0.0399
169,0,0.0,-0.1117389556629728,0.07323187361934522,0.9289362609316985,0.9622809336302318,0.06551027966864098,0.22399926337105983,0.13981465602248938,0.03932166213217278,-0.03917664817336657,0.37255194114599843,0.7772783838794589,0.05866428391357282,-2.08310026919906,1.4163805599985428,3.5969653225458744,-0.42520816638618103,-0.9817721843719482,0.021123774349689484,-0.8898918628692627,0.03316628932952881,-0.1742802858352661,0.26340559124946594,1.017008900642395,-0.9817721843719482,0.021123774349689484,-0.8898918628692627,0.03316628932952881,-0.1742802858352661,0.26340559124946594,-1.0,0.08600941418310108,0.14505570822114644,0.9131137770035488,0.06963632514494958,0.19010382908222978,0.9024937960160864,0.0,0.0,0.0,0,0.0384
170,0,0.0,-0.11090088710136645,0.07619237641890116,0.9305955495584672,0.9634998830157043,0.07748260381748262,0.21992213880952904,0.1315244250921803,0.03934231611506475,-0.03922079195999102,0.3652008892928915,0.7665230661578871,0.06480938205232926,-2.081305448046245,1.4318970691079487,3.575960518672119,-0.4684680083543158,-1.0189462900161743,0.03265310823917389,-0.9785457849502563,0.034665919840335846,-0.1823306828737259,0.255351722240448,0.9999919533729553,-1.0189462900161743,0.03265310823917389,-0.9785457849502563,0.034665919840335846,-0.1823306828737259,0.255351722240448,-1.0,0.08600941146001913,0.1450557159696482,0.9131137748063572,0.06963632514491037,0.1901038290823401,0.9024937960160059,0.0,0.0,0.0,0,0.0387
171,0,0.0,-0.1105092603436457,0.08037350583555444,0.9306045822669416,0.9639845074145401,0.08982438055880326,0.2168459170942609,0.12507317202950188,0.039361207083347116,-0.03926362635440082,0.3588727000366125,0.7620252032850815,0.07354043945406025,-2.078383429123696,1.4400074434065167,3.562416726933291,-0.5023714897956062,-0.9269692897796631,0.04324893653392792,-1.0719380378723145,0.023808112367987633,-0.18377172946929932,0.23631854355335236,0.9319092631340027,-0.9269692897796631,0.04324893653392792,-1.0719380378723145,0.023808112367987633,-0.18377172946929932,0.23631854355335236,-1.0,0.08600940873693681,0.14505572371815104,0.9131137726091654,0.06963632514487117,0.19010382908245044,0.9024937960159253,0.0,0.0,0.0,0,0.0384
172,1,0.1466,-0.11020296190119586,0.08512411889253214,0.9292726964093954,0.9639708601504865,0.10138839742459277,0.2146074099703024,0.1201009293646051,0.039378632806021455,-0.03930524691131803,0.3533360964160227,0.7628106365187,0.08351179655564751,-2.0740660955288637,1.4414914738659206,3.55451089414091,-0.5267487857743365,-0.08314234018325806,0.17238551378250122,-1.0332001447677612,-0.12213134765625,-0.035159409046173096,0.007245900109410286,1.0508954524993896,-0.08314234018325806,0.17238551378250122,-1.0332001447677612,-0.12213134765625,-0.035159409046173096,0.007245900109410286,-1.0,0.08600940601385415,0.14505573146665499,0.9131137704119733,0.06963632514483196,0.19010382908256077,0.9024937960158448,0.0,0.0,0.0,0,0.0402
173,0,0.0,-0.10972904140995315,0.08651013743521233,0.9242776171056059,0.9640526359572895,0.10905278560389745,0.21140561733015226,0.11839624156656384,0.039387657871544524,-0.03923750736116958,0.3475414456696907,0.7750612202129019,0.08898788559448295,-2.0646063894892532,1.4390521084264636,3.5507056205597483,-0.5417119090100269,-0.1553265005350113,0.06692665070295334,-0.9927942752838135,-0.11450132727622986,-0.041176557540893555,-0.0016347430646419525,1.068582534790039,-0.1553265005350113,0.06692665070295334,-0.9927942752838135,-0.11450132727622986,-0.041176557540893555,-0.0016347430646419525,-1.0,0.0860094032907711,0.14505573921516,0.9131137682147809,0.06963632514479276,0.1901038290826711,0.9024937960157643,0.0,0.0,251.27742808597122,1,0.0389
174,0,0.0,-0.10979757364560461,0.08976283951942055,0.9228615601243091,0.9635465303962905,0.11345617246367784,0.2112023656095397,0.1187406478510865,0.039404560100732004,-0.03592013875135254,0.34422544668207833,0.7806335585430536,0.0988909426418287,-2.0585706319092276,1.4411525407035353,3.557798315116014,-0.5519889388306038,-0.3323372006416321,-0.007092922925949097,-1.0554789304733276,-0.10155028104782104,-0.04902726411819458,0.013771867379546165,1.0130277872085571,-0.3323372006416321,-0.007092922925949097,-1.0554789304733276,-0.10155028104782104,-0.04902726411819458,0.013771867379546165,-1.0,0.08600940056768773,0.14505574696366602,0.9131137660175884,0.06963632514475356,0.19010382908278142,0.9024937960156837,0.0,0.0,154.62239535338196,1,0.0398
175,0,0.0,-0.11006595364337934,0.09269365790194159,0.9225806916561973,0.9629759571445123,0.11630730987473584,0.21163069996542302,0.11984307432411964,0.03941633112040622,-0.03295622920042912,0.3414535978252716,0.7842640771478314,0.10832363407171573,-2.05397347828096,1.4445635818118816,3.566779278352632,-0.5606159726942904,-0.4444901943206787,0.015280745923519135,-1.0988976955413818,-0.08900107443332672,-0.055268675088882446,0.017666256055235863,1.1016547679901123,-0.4444901943206787,0.015280745923519135,-1.0988976955413818,-0.08900107443332672,-0.055268675088882446,0.017666256055235863,-1.0,0.08600939784460405,0.14505575471217302,0.913113763820396,0.06963632514471435,0.19010382908289175,0.9024937960156032,0.0,0.0,134.496785497147,1,0.0388
176,1,0.1437,-0.11032921385078402,0.09513598373962423,0.9221922831297331,0.9624459572794115,0.11861806670368708,0.21198842607210755,0.12119587773297535,0.03942833079107856,-0.03048857916929518,0.3388466882032804,0.7882004056600578,0.11685369396161345,-2.0494986656471936,1.447494976887373,3.5756684198477444,-0.5680118108773873,-0.8941913843154907,-0.16330453753471375,-0.5374919176101685,0.06117904558777809,-0.12475049495697021,0.169867143034935,0.9769922494888306,-0.8941913843154907,-0.16330453753471375,-0.5374919176101685,0.06117904558777809,-0.12475049495697021,0.169867143034935,-1.0,0.0860093951215201,0.14505576246068083,0.9131137616232029,0.06963632514467515,0.19010382908300208,0.9024937960155226,0.0,0.0,119.04454241806144,1,0.042
177,0,0.0,-0.11079011934072,0.09778705386023565,0.9225642666469331,0.96174210649226,0.12204737293325768,0.2125744421682905,0.12234649932368206,0.03944033008169302,-0.02826958082610215,0.3363215445944966,0.7893136352050973,0.12560652995476718,-2.048143907343613,1.447671871577708,3.5840002418364625,-0.5746573968826005,-0.9355825185775757,-0.10573053359985352,-0.5720025300979614,0.05613197013735771,-0.1425081342458725,0.1741744875907898,0.9777820110321045,-0.9355825185775757,-0.10573053359985352,-0.5720025300979614,0.05613197013735771,-0.1425081342458725,0.1741744875907898,-1.0,0.08600939239843577,0.14505577020918983,0.9131137594260093,0.06963632514463594,0.1901038290831124,0.9024937960154421,0.0,0.0,0.0,0,0.042
178,0,0.0,-0.11224728085074356,0.10143928036449387,0.9230832160869392,0.9610737740440438,0.12753675036079265,0.2126052205910845,0.12194506275188902,0.039454272292022516,-0.030060155237598335,0.33385617226301195,0.7874503923555777,0.1356028466129901,-2.0518742185551373,1.443274544778429,3.589536946419598,-0.5787914889481188,-0.9373875856399536,-0.10802599787712097,-0.6068378686904907,0.0554630383849144,-0.14766694605350494,0.1700281947851181,1.006097435951233,-0.9373875856399536,-0.10802599787712097,-0.6068378686904907,0.0554630383849144,-0.14766694605350494,0.1700281947851181,-1.0,0.08600938967535109,0.1450557779576999,0.9131137572288153,0.06963632514459674,0.19010382908322274,0.9024937960153616,0.0,0.0,0.021277715572387765,1,0.0414
179,0,0.0,-0.11400894607109247,0.10533385565375909,0.923557586469067,0.9603713586398176,0.1336014012091626,0.21268529350376922,0.12084074241113148,0.03946547229610629,-0.031671960903119675,0.33141920705251215,0.7845657613805256,0.14552424165987007,-2.058427087001363,1.4338480424234126,3.593788701445387,-0.5782234210289675,-0.8733949661254883,-0.15925121307373047,-0.5675144791603088,0.051761675626039505,-0.1463146209716797,0.16121482849121094,0.9859465956687927,-0.8733949661254883,-0.15925121307373047,-0.5675144791603088,0.051761675626039505,-0.1463146209716797,0.16121482849121094,-1.0,0.08600938695226604,0.14505578570621105,0.913113755031621,0.06963632514455753,0.19010382908333306,0.902493796015281,0.0,0.0,16.030706670132062,2,0.0396
180,1,0.1454,-0.11572443638221108,0.10874171512137085,0.9239787495542977,0.9595832872576158,0.13958467551374457,0.2130375911081645,0.1197122297529356,0.03947481255023558,-0.03313458699665362,0.3289782784350673,0.7813151722250304,0.15424018268003242,-2.0669963354619556,1.4194294135611294,3.597447685983846,-0.5725961564411776,-0.03336724638938904,-0.05078211426734924,-0.8286145925521851,-0.00393351586535573,-0.010171310044825077,0.017665566876530647,1.090087890625,-0.03336724638938904,-0.05078211426734924,-0.8286145925521851,-0.00393351586535573,-0.010171310044825077,0.017665566876530647,-1.0,0.08600938422918061,0.1450557934547233,0.9131137528344264,0.06963632514451833,0.1901038290834434,0.9024937960152005,0.0,0.0,13.136815265125827,3,0.0472
181,0,0.0,-0.11604152676352408,0.11042546181807816,0.9228515396902072,0.9592591854452761,0.14351454637391886,0.21317336730693404,0.11739891647274589,0.03948114972431488,-0.03224882492104278,0.32574028296126656,0.7818845669749941,0.158210850008017,-2.0719697326348303,1.4012544113580725,3.595296518660688,-0.5616666749961763,-0.06682585179805756,-0.020521819591522217,-0.7845476865768433,-0.006722194142639637,-0.009529811330139637,0.0175375584512949,1.073606014251709,-0.06682585179805756,-0.020521819591522217,-0.7845476865768433,-0.006722194142639637,-0.009529811330139637,0.0175375584512949,-1.0,0.08600938150609484,0.14505580120323666,0.9131137506372314,0.06963632514447912,0.19010382908355372,0.9024937960151199,0.0,0.0,149.39553500418629,3,0.0642
182,0,0.0,-0.11603297039279203,0.11145054191776442,0.9222149380685697,0.9592536157999714,0.14573507744723246,0.21337354129250086,0.11430450407760112,0.039489070775348446,-0.031106783307038654,0.32273554640558233,0.7804380182235912,0.16027698574776061,-2.077472583326218,1.3847404241779537,3.590533713998164,-0.5495998661252998,-0.08888888359069824,-0.010610401630401611,-0.7260497808456421,-0.003093935549259186,-0.024246688932180405,0.009989753365516663,0.22906208038330078,-0.08888888359069824,-0.010610401630401611,-0.7260497808456421,-0.003093935549259186,-0.024246688932180405,0.009989753365516663,1.0,0.08600937878300868,0.14505580895175113,0.9131137484400362,0.06963632514443992,0.19010382908366405,0.9024937960150394,0.0,0.0,130.52141472326028,3,0.042
183,0,0.0,-0.11597187411604232,0.11207553379954181,0.9218542869676962,0.9593697267340296,0.1475083105973088,0.2134216701319419,0.11091535713819019,0.039105761430189866,-0.03035133346534842,0.3203832733655281,0.7778274533853461,0.16067146940124685,-2.083516353353624,1.369017284432361,3.5838873666188418,-0.5374176762028879,-0.06268133223056793,0.03450588881969452,-0.4549037218093872,-0.021588092669844627,-0.00201265886425972,0.008418882265686989,0.31644532084465027,-0.06268133223056793,0.03450588881969452,-0.4549037218093872,-0.021588092669844627,-0.00201265886425972,0.008418882265686989,1.0,0.08600937605992222,0.14505581670026657,0.913113746242841,0.06963632514440071,0.19010382908377438,0.9024937960149589,0.0,0.0,110.51707444751786,3,0.0487
184,1,0.1487,-0.11592865571762581,0.1126233792868459,0.9216366686826778,0.9594360504607387,0.1491182011047544,0.21353116477047582,0.10793826405563445,0.037007405234340374,-0.02970032120599585,0.31922325568591225,0.7751123894837517,0.15999698446109842,-2.089468384809242,1.3539579932387418,3.577702636974716,-0.5251298884236622,0.4692787528038025,-0.0681372582912445,-0.7159969806671143,0.0239102840423584,0.03190082311630249,-0.011006725020706654,1.0466926097869873,0.4692787528038025,-0.0681372582912445,-0.7159969806671143,0.0239102840423584,0.03190082311630249,-0.011006725020706654,-1.0,0.08600937333683545,0.14505582444878298,0.9131137440456458,0.06963632514436151,0.1901038290838847,0.9024937960148783,0.0,0.0,67.97958786114323,3,0.0462
185,0,0.0,-0.11587913070987246,0.11351806327473685,0.9206317030350147,0.959774929620548,0.15107726463953192,0.21279253679074647,0.10357162191964872,0.03512584018998127,-0.02863432044874209,0.3188802366566974,0.7732215908074346,0.1578900595512758,-2.0943187764727345,1.3392499956685164,3.566958590864353,-0.5133317940172589,0.28137272596359253,-0.18592289090156555,-0.7900295257568359,0.014541398733854294,0.028963271528482437,-0.02061566151678562,0.9748241305351257,0.28137272596359253,-0.18592289090156555,-0.7900295257568359,0.014541398733854294,0.028963271528482437,-0.02061566151678562,-1.0,0.08600937061374837,0.1450558321973003,0.9131137418484501,0.0696363251443223,0.19010382908399504,0.9024937960147978,0.0,0.0,181.23440385760938,3,0.0428
186,0,0.0,-0.11565414535614496,0.11365961827770456,0.9200412146416664,0.9603621519452493,0.15257443996093112,0.21155297081644892,0.0983408252987113,0.03537215756918425,-0.02834373439172468,0.318942551932066,0.7690128199603892,0.15309964816725835,-2.1000685778129258,1.3259039753222364,3.552072210084768,-0.502370799775837,0.11716568470001221,-0.21492570638656616,-0.8208779096603394,0.0007132631726562977,0.024566445499658585,-0.022947151213884354,0.986717939376831,0.11716568470001221,-0.21492570638656616,-0.8208779096603394,0.0007132631726562977,0.024566445499658585,-0.022947151213884354,-1.0,0.08600936789066094,0.14505583994581864,0.9131137396512536,0.0696363251442831,0.19010382908410536,0.9024937960147172,0.0,0.0,176.91046704578218,1,0.04
187,0,0.0,-0.11518761876780068,0.11270142294411506,0.9198992135696016,0.9610362852511926,0.15349179417723738,0.210100365051421,0.09331325820106906,0.03669590474599797,-0.029210139898670263,0.31970817718722244,0.7633482476883887,0.14543602350454496,-2.1063343712140004,1.313489381393044,3.5350890995822,-0.4919323867040188,-0.01937687397003174,-0.21017146110534668,-0.7920063734054565,-0.0072010657750070095,0.009074214845895767,-0.01871950738132,0.9980430603027344,-0.01937687397003174,-0.21017146110534668,-0.7920063734054565,-0.0072010657750070095,0.009074214845895767,-0.01871950738132,-1.0,0.08600936516757314,0.14505584769433813,0.9131137374540569,0.0696363251442439,0.1901038290842157,0.9024937960146368,0.0,0.0,163.7840644328283,1,0.0385
188,1,0.1443,-0.11459782042781336,0.11124271801581773,0.919967881344217,0.9617075575274308,0.1542574432845608,0.20851955888080387,0.08855963273460614,0.03758226122116695,-0.030615886583590796,0.3216911491924391,0.7571548934610358,0.1356226801354212,-2.1126735284709186,1.3013250699862875,3.517047216627181,-0.48148231855541,-0.34380006790161133,-0.20466917753219604,-0.9194775819778442,0.023826783522963524,-0.12197329103946686,0.016655104234814644,1.0063807964324951,-0.34380006790161133,-0.20466917753219604,-0.9194775819778442,0.023826783522963524,-0.12197329103946686,0.016655104234814644,-1.0,0.08600936244448495,0.14505585544285873,0.9131137352568598,0.06963632514420469,0.19010382908432602,0.9024937960145563,0.0,0.0,140.7867895456667,1,0.0428
189,0,0.0,-0.11410022346870743,0.11029003737292609,0.9200006904847958,0.9622311535803645,0.15554294007975308,0.20701026413039364,0.0840496961054042,0.03811062015137494,-0.03150392581956331,0.32532202645808417,0.7514002169024795,0.12523179947921134,-2.1190504302822495,1.28732362804219,3.4996107561937317,-0.46920690338057447,-0.4483482837677002,-0.17432951927185059,-0.8925303220748901,0.02098902314901352,-0.10393449664115906,0.018286840990185738,0.9801195859909058,-0.4483482837677002,-0.17432951927185059,-0.8925303220748901,0.02098902314901352,-0.10393449664115906,0.018286840990185738,-1.0,0.08600935972139642,0.14505586319138036,0.9131137330596625,0.06963632514416548,0.19010382908443635,0.9024937960144757,0.0,0.0,103.90908785648374,1,0.0397
190,0,0.0,-0.11377800414961865,0.10995506265879086,0.9198236446763858,0.9626107521897133,0.1569733147731356,0.20572362010014372,0.08011061322183693,0.038406000580566396,-0.031770396350735586,0.33060557047567973,0.7467642274958226,0.11463168197574665,-2.125553992504916,1.2702242384366205,3.484215907502416,-0.4528162046308238,-0.4512910842895508,-0.17326092720031738,-0.8773049116134644,0.02030950039625168,-0.07972624897956848,0.018797719851136208,1.0489603281021118,-0.4512910842895508,-0.17326092720031738,-0.8773049116134644,0.02030950039625168,-0.07972624897956848,0.018797719851136208,-1.0,0.08600935699830753,0.14505587093990313,0.9131137308624647,0.06963632514412628,0.19010382908454668,0.9024937960143952,0.0,0.0,92.26585150152826,1,0.038
191,0,0.0,-0.11356658480572152,0.10985749589543775,0.9195314885815559,0.9629584290930787,0.15807584798737892,0.20455920048413148,0.07667218282371568,0.03856820574073411,-0.03179371124120239,0.33741070352213076,0.742775833738913,0.10315735776756496,-2.132394676375099,1.2503220460932216,3.4700797546372635,-0.4321308119852496,-0.41627222299575806,-0.17837464809417725,-0.845623254776001,0.02372693084180355,-0.06646987795829773,0.015049496665596962,1.0846632719039917,-0.41627222299575806,-0.17837464809417725,-0.845623254776001,0.02372693084180355,-0.06646987795829773,0.015049496665596962,-1.0,0.08600935427521827,0.14505587868842693,0.9131137286652669,0.06963632514408707,0.190103829084657,0.9024937960143146,0.0,0.0,96.29901278839573,1,0.0383
192,1,0.1452,-0.11339695162309393,0.10979179782471087,0.919241686994925,0.9633314357002055,0.15887808194410077,0.20335936570440052,0.07345249110716198,0.03865861385017729,-0.031782123106806365,0.3455403035127796,0.7388164790794963,0.09031030297306311,-2.139854438177818,1.2274558087319294,3.455995417111779,-0.40738162459931654,-0.9498505592346191,0.18896615505218506,-0.695966362953186,-0.02020672708749771,-0.28903889656066895,0.19938206672668457,1.0065457820892334,-0.9498505592346191,0.18896615505218506,-0.695966362953186,-0.02020672708749771,-0.28903889656066895,0.19938206672668457,-1.0,0.0860093515521287,0.14505588643695183,0.9131137264680689,0.06963632514404787,0.19010382908476733,0.9024937960142341,0.0,0.0,98.01733754456465,1,0.0413
193,0,0.0,-0.11280994305511698,0.11267985297919446,0.9206741177478095,0.96228347199714,0.16443525492831917,0.20455035142972156,0.07162904569910572,0.038786588874580745,-0.03202759621667438,0.3562687683536884,0.7330905263519435,0.0808653402053855,-2.1483095729200246,1.1974844448321345,3.449050467212723,-0.3827401185370944,-0.8876564502716064,0.236664816737175,-0.706952691078186,-0.017301427200436592,-0.3037843108177185,0.19359265267848969,0.9857606291770935,-0.8876564502716064,0.236664816737175,-0.706952691078186,-0.017301427200436592,-0.3037843108177185,0.19359265267848969,-1.0,0.08600934882903882,0.14505589418547762,0.9131137242708709,0.06963632514400867,0.19010382908487766,0.9024937960141536,0.0,0.0,0.0,0,0.0377
194,0,0.0,-0.11254727671083409,0.11965469286203995,0.9224674883802367,0.9598889598449432,0.1739909027356163,0.20803305634505426,0.07115193602968789,0.03886462600516285,-0.034900422578752206,0.36931896726564967,0.7294827068698072,0.0770739760898712,-2.1564949654514263,1.1606394241790996,3.451899789248288,-0.35445440230929304,-0.8380138874053955,0.2876821756362915,-0.837950587272644,-0.02095070853829384,-0.3208102285861969,0.194882333278656,0.8654589056968689,-0.8380138874053955,0.2876821756362915,-0.837950587272644,-0.02095070853829384,-0.3208102285861969,0.194882333278656,-1.0,0.08600934610594864,0.14505590193400425,0.9131137220736723,0.06963632514396946,0.190103829084988,0.902493796014073,0.0,0.0,0.0,0,0.0449
195,0,0.0,-0.11230619007913821,0.1281886483856335,0.9231576723530233,0.9569958469190357,0.18351928299014583,0.21290046243057603,0.07178450283554838,0.038913197148782025,-0.03672275734227122,0.3827980000646994,0.7311739369082155,0.07590908813285425,-2.1621168102740156,1.1187907926602192,3.462170249585938,-0.3198983430385758,-0.8075316548347473,0.3005111813545227,-0.8168091773986816,-0.020871082320809364,-0.32264646887779236,0.17334304749965668,0.9766629934310913,-0.8075316548347473,0.3005111813545227,-0.8168091773986816,-0.020871082320809364,-0.32264646887779236,0.17334304749965668,-1.0,0.08600934338285808,0.14505590968253207,0.913113719876473,0.06963632514393026,0.19010382908509832,0.9024937960139925,0.0,0.0,20.525389404678478,2,0.0545
196,1,0.1472,-0.11091168898661474,0.13607475983563938,0.9239616999369207,0.9536237319089925,0.19123441943099356,0.2202857227345341,0.0741982151010343,0.03895020146779009,-0.03781133387758062,0.39503581370219104,0.736001566772272,0.07470972035892962,-2.165290902771134,1.073359075682386,3.4796360526159176,-0.28028516437194534,-0.551464319229126,-0.363504022359848,-0.3982970416545868,0.07564006745815277,-0.36380454897880554,-0.010868795216083527,0.8849706649780273,-0.551464319229126,-0.363504022359848,-0.3982970416545868,0.07564006745815277,-0.36380454897880554,-0.010868795216083527,-1.0,0.08600934065976716,0.14505591743106097,0.9131137176792735,0.06963632514389105,0.19010382908520865,0.9024937960139119,0.0,0.0,32.206107891257616,2,0.0392
197,0,0.0,-0.10796120503970319,0.14065442423568625,0.9270707188885259,0.9506866801186133,0.1910195532965593,0.23141538845618795,0.07844287404922577,0.03897641024918502,-0.03851878731641341,0.4041356406033588,0.7384318185631328,0.07148724282814505,-2.1693361311718005,1.0298197762102113,3.504726261093801,-0.23086216088890313,-0.5583231449127197,-0.312784880399704,-0.4402836263179779,0.07411929965019226,-0.37085098028182983,0.006239738315343857,0.9339635968208313,-0.5583231449127197,-0.312784880399704,-0.4402836263179779,0.07411929965019226,-0.37085098028182983,0.006239738315343857,-1.0,0.08600933793667588,0.14505592517959096,0.9131137154820737,0.06963632514385185,0.19010382908531898,0.9024937960138314,0.0,0.0,15.78594199950989,2,0.0393
198,0,0.0,-0.10559022990808858,0.1440989712314754,0.9306071364865884,0.9484045519621762,0.18603192071459704,0.24343813791466515,0.08160149080317541,0.03901047737886488,-0.038834875353396456,0.4099444352759552,0.7396103418028778,0.0700092348875536,-2.1761893933271,0.9868709257292628,3.5323414802879576,-0.1748759965093594,-0.5096187591552734,-0.20453107357025146,-0.40481996536254883,0.06986956298351288,-0.3719651699066162,0.018378129228949547,1.0248945951461792,-0.5096187591552734,-0.20453107357025146,-0.40481996536254883,0.06986956298351288,-0.3719651699066162,0.018378129228949547,-1.0,0.08600933521358424,0.14505593292812205,0.9131137132848736,0.06963632514381264,0.1901038290854293,0.9024937960137509,0.0,0.0,9.264129571053989,2,0.0375
199,0,0.0,-0.10414702146681412,0.14811739518002726,0.9335100267164874,0.9458093646666152,0.18149840328708836,0.2559532548808752,0.08361164170769278,0.03904338305575879,-0.03900565154452713,0.41293978842606344,0.7420495350258747,0.0718579036717178,-2.184710052611381,0.9412026711617523,3.563496360705984,-0.11764950287052756,-0.5276079177856445,-0.27737975120544434,-0.563212513923645,0.08291999995708466,-0.3550463020801544,0.005331790074706078,0.9964445233345032,-0.5276079177856445,-0.27737975120544434,-0.563212513923645,0.08291999995708466,-0.3550463020801544,0.005331790074706078,-1.0,0.08600933249049225,0.14505594067665423,0.9131137110876731,0.06963632514377344,0.19010382908553963,0.9024937960136703,0.0,0.0,8.192509535650924,2,0.0373
200,1,0.1466,-0.10343040836161542,0.15160845630087239,0.9350895844839604,0.9431031274016997,0.17670660020829393,0.26858059886124763,0.08482765140738072,0.03907255082989149,-0.03912419273018332,0.4126823435696284,0.7476215202605282,0.07532785036855441,-2.1939559264032753,0.8928995377988339,3.597776015463011,-0.05875506047475227,-0.046148717403411865,0.0010277777910232544,0.2987545430660248,-0.04059420898556709,0.09277299046516418,-0.11335543543100357,0.008166096173226833,-0.046148717403411865,0.0010277777910232544,0.2987545430660248,-0.04059420898556709,0.09277299046516418,-0.11335543543100357,1.0,0.08600932976739989,0.14505594842518751,0.9131137088904724,0.06963632514373423,0.19010382908564996,0.9024937960135898,0.0,0.0,11.598739361123519,2,0.0734
201,0,0.0,-0.10580141845673105,0.1498936707177608,0.9344978321508366,0.9417847791212826,0.16986965724071668,0.27674329777133233,0.08717153493569499,0.03874717659973511,-0.03899388137547943,0.4095678798314769,0.751665140982758,0.07518469098330818,-2.2120118242861686,0.851244891932329,3.6289470567943796,-0.0042120512500034854,-0.08647912740707397,-0.00149458646774292,0.2690183222293854,-0.05421454831957817,0.09565474092960358,-0.09165751188993454,0.0066785020753741264,-0.08647912740707397,-0.00149458646774292,0.2690183222293854,-0.05421454831957817,0.09565474092960358,-0.09165751188993454,1.0,0.0860093270443072,0.14505595617372175,0.9131137066932716,0.06963632514369503,0.1901038290857603,0.9024937960135092,0.0,0.0,24.513347581122364,3,0.0673
202,0,0.0,-0.10936315329159224,0.14466759790988246,0.9343960702418197,0.9414849626680541,0.16319193839843218,0.28097039153611136,0.08961079952627192,0.03677390312641653,-0.037239561386251896,0.40508409477085694,0.7493226470833548,0.07141587289788995,-2.2348020676810743,0.8181953582715975,3.650657905691695,0.039166663328678575,-0.12133269011974335,-0.014447569847106934,0.20571354031562805,-0.07074782252311707,0.1047966480255127,-0.062283702194690704,-0.003315141424536705,-0.12133269011974335,-0.014447569847106934,0.20571354031562805,-0.07074782252311707,0.1047966480255127,-0.062283702194690704,1.0,0.08600932432121422,0.14505596392225695,0.9131137044960709,0.06963632514365582,0.19010382908587062,0.9024937960134287,0.0,0.0,23.032647053180327,2,0.0702
203,0,0.0,-0.11305972455528979,0.1386757529906263,0.9345615707584145,0.9415779932905464,0.15912504411769124,0.2823820615271839,0.09149029573210149,0.033503267738982434,-0.03407009122257914,0.39999263425442233,0.7436379708876606,0.06625720970341739,-2.257747472759777,0.790262611550492,3.6637474126981906,0.07097846958391109,-0.05533987283706665,-0.09442813694477081,0.11687806248664856,-0.06718598306179047,0.09279109537601471,-0.03901322931051254,0.0037676417268812656,-0.05533987283706665,-0.09442813694477081,0.11687806248664856,-0.06718598306179047,0.09279109537601471,-0.03901322931051254,1.0,0.08600932159812091,0.1450559716707931,0.9131137022988696,0.06963632514361662,0.19010382908598095,0.9024937960133482,0.0,0.0,17.162397375839486,2,0.062
204,1,0.1682,-0.11655254770842931,0.13267452127672624,0.9342224874530509,0.9419618930103496,0.15779071586996143,0.2813817696528174,0.09292029815197073,0.02948548973688204,-0.030090482133148765,0.3946046898926837,0.7377694884688929,0.0604305178110914,-2.2781115794877675,0.7657588251363447,3.669781193256552,0.0929923780347073,-0.5925825238227844,-0.1652972400188446,-0.8771406412124634,0.0256394874304533,-0.09084288775920868,0.005469324067234993,0.9950459003448486,-0.5925825238227844,-0.1652972400188446,-0.8771406412124634,0.0256394874304533,-0.09084288775920868,0.005469324067234993,-1.0,0.08600931887502726,0.14505597941933024,0.9131137001016676,0.06963632514357741,0.19010382908609127,0.9024937960132676,0.0,0.0,0.024537052054454465,2,0.0751
205,0,0.0,-0.11928780967244382,0.1298389559112886,0.9314873474599804,0.9428147439414682,0.15810400150708595,0.2788634118111563,0.09131637786876508,0.026580574761594224,-0.027028147057563078,0.38883386669081155,0.7386905744383194,0.057868501222309576,-2.2896385500393093,0.7396278300697237,3.6705756059788475,0.11456024618307753,-0.5618844628334045,-0.15935543179512024,-0.8590033054351807,0.03292443975806236,-0.08054472506046295,0.006410073488950729,0.9889339804649353,-0.5618844628334045,-0.15935543179512024,-0.8590033054351807,0.03292443975806236,-0.08054472506046295,0.006410073488950729,-1.0,0.08600931615193322,0.14505598716786852,0.9131136979044653,0.06963632514353821,0.1901038290862016,0.9024937960131871,0.0,0.0,19.599961704491385,2,0.0747
206,0,0.0,-0.12007034323048885,0.12911725012815972,0.9279680522769114,0.9435214403965103,0.15636656576083482,0.2785265994065624,0.08797569009261795,0.02640895274499496,-0.02687029057751685,0.3822237973055604,0.7455995687194144,0.057509863161482565,-2.292880606514772,0.7120296149837492,3.6739974542007148,0.1412877463521142,-0.4485119581222534,-0.11572486162185669,-0.7539898157119751,0.016473915427923203,-0.05600787326693535,0.01293637789785862,0.991276741027832,-0.4485119581222534,-0.11572486162185669,-0.7539898157119751,0.016473915427923203,-0.05600787326693535,0.01293637789785862,-1.0,0.08600931342883884,0.14505599491640797,0.9131136957072626,0.069636325143499,0.19010382908631193,0.9024937960131065,0.0,0.0,27.83958595056787,2,0.0668
207,0,0.0,-0.12001447128081527,0.1282578690645865,0.9247501233383415,0.9438953532376289,0.15375119595587683,0.27964820912855914,0.08496476334186437,0.02803424238425106,-0.02854500411237377,0.3749487600367091,0.7538571099060641,0.05725905134271133,-2.2939475118135135,0.6846979277109108,3.6802171374458683,0.16823663900282843,-0.35187792778015137,-0.023155391216278076,-0.6016861200332642,-0.004570823162794113,-0.00021306611597537994,0.015249406918883324,0.989936351776123,-0.35187792778015137,-0.023155391216278076,-0.6016861200332642,-0.004570823162794113,-0.00021306611597537994,0.015249406918883324,-1.0,0.08600931070574408,0.1450560026649484,0.9131136935100598,0.0696363251434598,0.19010382908642226,0.902493796013026,0.0,0.0,33.523582114050555,3,0.0739
208,1,0.1667,-0.11951989613802141,0.12735298731045722,0.9222074137579025,0.9440696556767727,0.15145652365782858,0.28117492610328154,0.08206136485971006,0.03112703666104656,-0.03165749062657564,0.3675126382152432,0.7609006041846096,0.056924436646074994,-2.294464638714764,0.6587544155336543,3.6860375724741004,0.19250654290450261,-1.0451045036315918,0.045592740178108215,-1.0810362100601196,-0.08470426499843597,-0.0673113688826561,0.031077949330210686,1.0982433557510376,-1.0451045036315918,0.045592740178108215,-1.0810362100601196,-0.08470426499843597,-0.0673113688826561,0.031077949330210686,-1.0,0.08600930798264896,0.14505601041349006,0.9131136913128566,0.0696363251434206,0.1901038290865326,0.9024937960129455,0.0,0.0,37.947316511860706,3,0.0708
209,0,0.0,-0.11960384111864406,0.12673791954251384,0.9212520487864286,0.9436456604477553,0.15035221761777456,0.28373665740169135,0.0801285680768793,0.03433487065710172,-0.03319899598379674,0.361331799102916,0.7642310032992324,0.0576495765489229,-2.2983085343780036,0.63703933526185,3.6952620893219574,0.21149667695833876,-1.00819993019104,0.06936794519424438,-1.0697112083435059,-0.09280230104923248,-0.04800600931048393,0.03865661472082138,0.930155873298645,-1.00819993019104,0.06936794519424438,-1.0697112083435059,-0.09280230104923248,-0.04800600931048393,0.03865661472082138,-1.0,0.08600930525955348,0.14505601816203267,0.913113689115653,0.06963632514338139,0.19010382908664292,0.902493796012865,0.0,0.0,70.68980392251581,4,0.0722
210,0,0.0,-0.1197418224593685,0.12662409930151516,0.9214232294958153,0.9425918279247859,0.15018253837074977,0.2875394172744056,0.07929019240374971,0.036275790170685045,-0.0332879112028081,0.3568960599043539,0.7662850894709711,0.05903802821997961,-2.3023792265599377,0.6205844505094474,3.707170931758744,0.2249546474732062,-0.9029734134674072,0.11401422321796417,-1.0538734197616577,-0.08896110951900482,-0.06398899853229523,0.03498902916908264,0.038277123123407364,-0.9029734134674072,0.11401422321796417,-1.0538734197616577,-0.08896110951900482,-0.06398899853229523,0.03498902916908264,1.0,0.0860093025364577,0.14505602591057642,0.9131136869184495,0.06963632514334218,0.19010382908675325,0.9024937960127845,0.0,0.0,68.7528627827748,4,0.074
211,0,0.0,-0.11988691441662774,0.12674662070001402,0.9213812960755243,0.9415535406982124,0.1503798418180914,0.29091225427407,0.07894867628151434,0.03683039392177186,-0.03314328923653267,0.35374409650028804,0.7690784755048709,0.060573365005130546,-2.3048510833110147,0.6088376149288175,3.7181686251425914,0.2341197712640772,-0.6412021517753601,0.17506155371665955,-0.7007466554641724,-0.10958732664585114,-0.05759098380804062,0.027660811319947243,0.15189366042613983,-0.6412021517753601,0.17506155371665955,-0.7007466554641724,-0.10958732664585114,-0.05759098380804062,0.027660811319947243,1.0,0.08600929981336161,0.14505603365912104,0.913113684721246,0.06963632514330298,0.19010382908686357,0.9024937960127039,0.0,0.0,78.2624710580187,4,0.0731
212,1,0.1706,-0.11997889069185239,0.12684125569157007,0.9215649159563453,0.9403875796274128,0.1510592305797712,0.2941713884027648,0.07947014020581791,0.03569874389645859,-0.03308201394820455,0.35186450785208606,0.7716057736375942,0.06195086396833255,-2.3065583214005323,0.6018427328716709,3.7288639770628813,0.2384171195086042,-0.11872570216655731,0.1483653336763382,-0.6064303517341614,-0.09839662909507751,-0.04300553351640701,0.01647193171083927,0.07874776422977448,-0.11872570216655731,0.1483653336763382,-0.6064303517341614,-0.09839662909507751,-0.04300553351640701,0.01647193171083927,1.0,0.08600929709026521,0.1450560414076666,0.9131136825240419,0.06963632514326377,0.1901038290869739,0.9024937960126234,0.0,0.0,60.48006965335849,4,0.0802
213,0,0.0,-0.11963670726136895,0.12702226782286283,0.921653067535494,0.9392974866957671,0.1525715321130542,0.29660925042642516,0.08040591792376867,0.03292801793123724,-0.03294209482558829,0.3509589703885072,0.7742731570828358,0.06281548566073625,-2.305945902761611,0.5984568537605003,3.7361598126929683,0.23775820463890476,-0.03830079734325409,0.19801217317581177,-0.42815276980400085,-0.11204840242862701,-0.001183777116239071,-0.016100293025374413,0.15827405452728271,-0.03830079734325409,0.19801217317581177,-0.42815276980400085,-0.11204840242862701,-0.001183777116239071,-0.016100293025374413,1.0,0.08600929436716843,0.1450560491562132,0.9131136803268372,0.06963632514322457,0.19010382908708423,0.9024937960125429,0.0,0.0,101.77019684114353,4,0.0841
214,0,0.0,-0.11906707264229775,0.12713298925559352,0.9218629237625815,0.9385131421484656,0.15438526725777912,0.29783908358985817,0.08154846138775695,0.029172339209286538,-0.03282540530831919,0.350949188936809,0.775681407438724,0.06318173025092798,-2.3042683201514866,0.599228550689798,3.7391776494332345,0.23289765967723824,0.08207153528928757,0.1728605180978775,-0.29740288853645325,-0.11073574423789978,0.05131394788622856,-0.01774022728204727,0.08676081150770187,0.08207153528928757,0.1728605180978775,-0.29740288853645325,-0.11073574423789978,0.05131394788622856,-0.01774022728204727,1.0,0.0860092916440713,0.1450560569047609,0.9131136781296321,0.06963632514318537,0.19010382908719456,0.9024937960124623,0.0,0.0,87.15920554641218,4,0.0824
215,0,0.0,-0.11834895742072121,0.12727620404196383,0.9220972518925261,0.9381893521578373,0.15631213440676986,0.2975156709120041,0.08277488566369001,0.024874287848755387,-0.03255024817987969,0.3520444165234391,0.7758065511992125,0.06318772236837325,-2.301249262795679,0.6049859381122964,3.736918506485152,0.223563548672322,0.2630012631416321,0.2560538947582245,-0.03394468128681183,-0.14326535165309906,0.12369364500045776,-0.05785701423883438,0.8930277824401855,0.2630012631416321,0.2560538947582245,-0.03394468128681183,-0.14326535165309906,0.12369364500045776,-0.05785701423883438,-1.0,0.08600928892097379,0.14505606465330967,0.9131136759324268,0.06963632514314616,0.1901038290873049,0.9024937960123818,0.0,0.0,82.00176825303731,4,0.0854
216,1,0.1652,-0.11686392000195826,0.12633941547411132,0.9223768144357013,0.9384141788281295,0.1576578698032851,0.2954985267129144,0.08487311573114961,0.02168461168054357,-0.029794019631913134,0.3542808339262365,0.7750765439997013,0.06083504185337131,-2.2953920522264046,0.6175711916558266,3.7282613773894107,0.20840573906770485,0.00015038251876831055,-0.10893657803535461,-0.5644532442092896,-0.07867366075515747,0.05625307932496071,-0.04699774831533432,1.008241057395935,0.00015038251876831055,-0.10893657803535461,-0.5644532442092896,-0.07867366075515747,0.05625307932496071,-0.04699774831533432,-1.0,0.08600928619787593,0.14505607240185964,0.913113673735221,0.06963632514310696,0.19010382908741522,0.9024937960123012,0.0,0.0,29.049840349418716,3,0.0611
217,0,0.0,-0.11376856654605683,0.12390524547439469,0.9210465216168783,0.9397142022511014,0.15694514248196006,0.29106064682243493,0.08711567143859951,0.021458271977720975,-0.026814957334264346,0.3569241471377651,0.7783803131259034,0.05501389902561219,-2.2819221567130277,0.6349504955763268,3.710936659082658,0.19114986878560186,0.054382771253585815,-0.22421801090240479,-0.5994395017623901,-0.08188679814338684,0.06086953356862068,-0.042487479746341705,0.9075164198875427,0.054382771253585815,-0.22421801090240479,-0.5994395017623901,-0.08188679814338684,0.06086953356862068,-0.042487479746341705,-1.0,0.08600928347477771,0.14505608015041063,0.913113671538015,0.06963632514306775,0.19010382908752554,0.9024937960122207,0.0,0.0,166.8145785100279,4,0.063
218,0,0.0,-0.11265577541210231,0.12275399346332229,0.9203332489473216,0.9412205830113316,0.15647098530924045,0.2860019031888973,0.08845086909969907,0.02309707186191987,-0.027395652662867583,0.36092759947995023,0.777351030273746,0.05198425528390135,-2.2745750245633256,0.6552462261192736,3.694732413477263,0.17352473857251768,0.0030811429023742676,-0.32591137290000916,-0.6806037425994873,-0.07806631922721863,0.06526011228561401,-0.038130342960357666,0.336676687002182,0.0030811429023742676,-0.32591137290000916,-0.6806037425994873,-0.07806631922721863,0.06526011228561401,-0.038130342960357666,1.0,0.08600928075167912,0.14505608789896277,0.9131136693408087,0.06963632514302855,0.19010382908763587,0.9024937960121402,0.0,0.0,127.55430674012592,4,0.0629
219,0,0.0,-0.11225376945573981,0.12190732708756995,0.9206572117677869,0.9426565800826933,0.15646607465626275,0.28088109817649387,0.08956979510765614,0.024700892248504025,-0.028371814242981012,0.3657538566125837,0.7730784796583339,0.04901175600605575,-2.269985976940571,0.6771508003146661,3.6779790886523855,0.15430727417166806,-0.12878064811229706,-0.30056220293045044,-0.6457800269126892,-0.08867791295051575,0.06446075439453125,-0.03564655780792236,-0.2830011248588562,-0.12878064811229706,-0.30056220293045044,-0.6457800269126892,-0.08867791295051575,0.06446075439453125,-0.03564655780792236,1.0,0.0860092780285802,0.1450560956475159,0.9131136671436024,0.06963632514298934,0.1901038290877462,0.9024937960120596,0.0,0.0,125.90821572225276,4,0.0583
