step,query,infer_s,eef_x,eef_y,eef_z,eef_qx,eef_qy,eef_qz,eef_qw,gripper_q0,gripper_q1,joint_0,joint_1,joint_2,joint_3,joint_4,joint_5,joint_6,act_raw_0,act_raw_1,act_raw_2,act_raw_3,act_raw_4,act_raw_5,act_raw_6,act_env_0,act_env_1,act_env_2,act_env_3,act_env_4,act_env_5,act_env_6,akita_black_bowl_1_x,akita_black_bowl_1_y,akita_black_bowl_1_z,plate_1_x,plate_1_y,plate_1_z,force_akita_black_bowl_1,force_plate_1,force_other,n_contacts,sim_s
0,1,0.1469,-0.2120252404014603,0.005121372699883721,1.167216881570558,0.9995759605175707,0.00017842004889978558,-0.029113650435204124,-0.0005125231680735542,0.03872550757376969,-0.038720062358230986,0.0034378300389291093,-0.16078999725055074,0.0074556547645018845,-2.461704257047892,0.003605559658248253,2.2427232922027227,0.7939604962210878,-0.020816758275032043,0.6838902235031128,-0.6208004355430603,0.15881185233592987,0.30778220295906067,0.2468763142824173,1.0931133031845093,-0.020816758275032043,0.6838902235031128,-0.6208004355430603,0.15881185233592987,0.30778220295906067,0.2468763142824173,-1.0,-0.21142211933984714,0.20215563499083983,0.9343990250862291,0.07346816781657295,0.1854747733736881,0.9024995673059236,0.0,0.0,0.0,0,0.0414
1,0,0.0,-0.21500502575741587,0.010854304577057685,1.161550553023722,0.9992960676417628,0.006858646557803438,-0.03649191094621625,-0.005354306546820491,0.03901776666846846,-0.038780200278111195,0.006560589989672783,-0.15193343869093373,0.014833386853861461,-2.466314074571758,0.018642687700867657,2.2405440966300847,0.7802521302896918,-0.037911027669906616,0.5501996278762817,-0.9178310632705688,0.18115484714508057,0.2248900830745697,0.2614505887031555,0.9560025334358215,-0.037911027669906616,0.5501996278762817,-0.9178310632705688,0.18115484714508057,0.2248900830745697,0.2614505887031555,-1.0,-0.2114216302102011,0.20215743147020854,0.9344009677437335,0.07346816782574703,0.18547477340369625,0.9024997617621902,0.0,0.0,0.0,0,0.0405
2,0,0.0,-0.21822009597297878,0.019771134417789774,1.1506949996543714,0.9985453406965847,0.020084659593428977,-0.04775576220235391,-0.014939752294766392,0.03909716716904945,-0.038831807140189446,0.011088935918125736,-0.13018094693918295,0.024627248597951172,-2.4701941038610897,0.04509270691929693,2.243593146365726,0.750138004402171,-0.05332571268081665,0.4759785830974579,-1.0366697311401367,0.1808912754058838,0.200362429022789,0.2628122866153717,1.0405393838882446,-0.05332571268081665,0.4759785830974579,-1.0366697311401367,0.1808912754058838,0.200362429022789,0.2628122866153717,-1.0,-0.2114215047554253,0.20215792934154123,0.9344014969388719,0.0734681678278965,0.18547477341263965,0.9024998147869767,0.0,0.0,0.0,0,0.0486
3,0,0.0,-0.22038108660815273,0.027387340056725246,1.1378739368197655,0.9973897203321836,0.03411976331947675,-0.05827285221739738,-0.025570729773702634,0.039139351631380326,-0.038884171694703096,0.014901801872954755,-0.10134766427233403,0.03195182091500382,-2.4723596050901864,0.0728133911561873,2.252838335802189,0.7136360005163238,0.08298662304878235,0.44779232144355774,-1.0185232162475586,0.18108899891376495,0.1666293442249298,0.24178259074687958,1.025448203086853,0.08298662304878235,0.44779232144355774,-1.0185232162475586,0.18108899891376495,0.1666293442249298,0.24178259074687958,-1.0,-0.21142147474377612,0.20215807771162392,0.9344016482393782,0.07346816782838787,0.18547477341528254,0.9024998292459088,0.0,0.0,0.0,0,0.0584
4,1,0.1421,-0.2213694926178848,0.0339296486195204,1.1244114598382262,0.995927778378796,0.04785943298504386,-0.06713734437691221,-0.03646795741250099,0.039179914695221585,-0.038929150943232724,0.018071261705267943,-0.06810197408327248,0.037686640799107225,-2.471964410672779,0.10057033264185407,2.2666359509121365,0.6744925640492548,0.5790393948554993,0.5690435767173767,-0.18986885249614716,0.06778186559677124,0.1664963811635971,0.015995824709534645,0.9790762066841125,0.5790393948554993,0.5690435767173767,-0.18986885249614716,0.06778186559677124,0.1664963811635971,0.015995824709534645,-1.0,-0.21142146896840888,0.20215812948220652,0.9344016952481642,0.07346816782849631,0.185474773416058,0.9024998331886069,0.0,0.0,0.0,0,0.0417
5,0,0.0,-0.21935921286542948,0.03940574816635229,1.1147822942284458,0.9948112918155052,0.05566691219082209,-0.07227028931551874,-0.04504102403093754,0.039219221727521215,-0.03897101221903567,0.02054076734752626,-0.03745315799256234,0.042639371401705116,-2.462903932756128,0.12236115929441835,2.2769647987898103,0.6504492909923364,0.5676404237747192,0.5732694864273071,-0.188722163438797,0.07578599452972412,0.16522079706192017,0.017357444390654564,0.9891415238380432,0.5676404237747192,0.5732694864273071,-0.188722163438797,0.07578599452972412,0.16522079706192017,0.017357444390654564,-1.0,-0.2114214688484986,0.20215815289700886,0.9344017122078072,0.07346816782851903,0.1854747734162842,0.9024998342637116,0.0,0.0,0.0,0,0.0403
6,0,0.0,-0.2154093956713439,0.04553935629125279,1.1091375397499423,0.9940117107813453,0.05833903356061765,-0.07680765363643827,-0.0513601045133317,0.03926143482899578,-0.039006403505171705,0.023105099081232587,-0.009844513860844813,0.04940544018218753,-2.445257559223805,0.1389145384595325,2.277260693668414,0.6423414886638968,0.5470227003097534,0.5367472767829895,-0.27301231026649475,0.08615203201770782,0.14820154011249542,0.013015007600188255,0.9584137797355652,0.5470227003097534,0.5367472767829895,-0.27301231026649475,0.08615203201770782,0.14820154011249542,0.013015007600188255,-1.0,-0.21142146968219583,0.20215816685716276,0.9344017197276581,0.07346816782852338,0.18547477341634988,0.9024998345568738,0.0,0.0,0.0,0,0.0395
7,0,0.0,-0.2107127919896124,0.05244699606914221,1.1042308356837671,0.9931725285663755,0.059685334270110135,-0.0821649907114628,-0.057401251515287334,0.03930145444393235,-0.039040644790272715,0.025683347363327832,0.01915779764356282,0.05727621914219478,-2.4229150726723367,0.15431119785478878,2.273017230513078,0.639048277704945,0.5223779678344727,0.5107951164245605,-0.34660226106643677,0.08545103669166565,0.12071585655212402,-0.0028079748153686523,0.9948139786720276,0.5223779678344727,0.5107951164245605,-0.34660226106643677,0.08545103669166565,0.12071585655212402,-0.0028079748153686523,-1.0,-0.21142147038133602,0.20215817693645388,0.9344017237722447,0.07346816782852407,0.1854747734163688,0.9024998346368139,0.0,0.0,0.0,0,0.0415
8,1,0.1448,-0.20531789748323603,0.059370736092159065,1.0991303544416864,0.9923194645374865,0.06005790898358482,-0.08760523620366858,-0.06340702215254726,0.0393391139437498,-0.03907406277998275,0.02793294536267332,0.050339789700453996,0.06498640880986022,-2.3977730286762835,0.16899985410138016,2.268221724703079,0.6377589633429368,-0.19443745911121368,0.3565177023410797,-0.7799345254898071,0.011280879378318787,-0.06081075593829155,-0.03677462786436081,0.9978276491165161,-0.19443745911121368,0.3565177023410797,-0.7799345254898071,0.011280879378318787,-0.06081075593829155,-0.03677462786436081,-1.0,-0.21142147076944331,0.202158185009917,0.9344017262256764,0.07346816782852408,0.18547477341637422,0.9024998346586124,0.0,0.0,0.0,0,0.0439
9,0,0.0,-0.2010797518378919,0.0646306645014197,1.0926804139351372,0.9916500442977393,0.05916218320339728,-0.09296124571466804,-0.06699427227812728,0.0393708679524639,-0.03911034296040976,0.029584113450219177,0.08033346220679917,0.07115285992905723,-2.377897698482942,0.17724216144481775,2.268125028157808,0.6409255009724336,-0.3852160573005676,0.348102867603302,-0.8806459903717041,0.005771486088633537,-0.07208650559186935,-0.02875574305653572,0.9940674304962158,-0.3852160573005676,0.348102867603302,-0.8806459903717041,0.005771486088633537,-0.07208650559186935,-0.02875574305653572,-1.0,-0.21142147087921817,0.2021581918566171,0.9344017277869354,0.07346816782852408,0.18547477341637575,0.9024998346645562,0.0,0.0,0.0,0,0.0422
10,0,0.0,-0.1995048228735559,0.06886522880453497,1.084518198413502,0.9912017958100767,0.057972291279874355,-0.09749441406013569,-0.06821328795557273,0.03940462046259109,-0.039141710169013834,0.031152600797791283,0.10603393264026055,0.07741816144272153,-2.368853702894069,0.18103107462341542,2.276591275399761,0.6467670983755471,-0.4601314067840576,0.29540887475013733,-0.9384270906448364,0.001431334763765335,-0.08987787365913391,-0.022093763574957848,0.9869260787963867,-0.4601314067840576,0.29540887475013733,-0.9384270906448364,0.001431334763765335,-0.08987787365913391,-0.022093763574957848,-1.0,-0.2114214707758309,0.20215819788355358,0.9344017287787111,0.07346816782852408,0.1854747734163762,0.9024998346661771,0.0,0.0,0.0,0,0.0407
11,0,0.0,-0.1999352607426939,0.07287549869076124,1.0752084133869007,0.9909394765653624,0.05710018714756604,-0.10038681190986161,-0.06856391475587995,0.03943682557460237,-0.03917183234882087,0.0327747214986128,0.12802701902563693,0.08434338324278713,-2.3688884708804463,0.18399088613092374,2.2939091343228415,0.652361539056404,-0.5140325427055359,0.28411826491355896,-0.961788535118103,-0.0020480481907725334,-0.09842541813850403,-0.015496334061026573,0.9969375729560852,-0.5140325427055359,0.28411826491355896,-0.961788535118103,-0.0020480481907725334,-0.09842541813850403,-0.015496334061026573,-1.0,-0.21142147051675075,0.2021582033412336,0.9344017293830406,0.07346816782852408,0.1854747734163762,0.9024998346666192,0.0,0.0,0.0,0,0.0406
12,1,0.1437,-0.20188361889498363,0.07663055663940756,1.065065565417831,0.9908743965351064,0.05660907790766806,-0.10141327420890417,-0.06840095323795001,0.03946789890543176,-0.039200415380983976,0.03441466279609344,0.14712830105836877,0.09174855331075507,-2.3763751292696225,0.1868610121869937,2.319507222315819,0.6569230299360318,-1.6923490762710571,-0.8402531147003174,-0.8619284629821777,0.18115484714508057,-0.18423520028591156,-0.266014963388443,1.0455431938171387,-1.6923490762710571,-0.8402531147003174,-0.8619284629821777,0.18115484714508057,-0.18423520028591156,-0.266014963388443,-1.0,-0.21142147014581167,0.2021582083975446,0.9344017297164985,0.07346816782852408,0.1854747734163762,0.9024998346667397,0.0,0.0,0.0,0,0.0401
13,0,0.0,-0.20578279834110028,0.07540639308106076,1.0562466022685384,0.9910911338172991,0.04847196575049184,-0.10103609449810094,-0.07197597247411033,0.039484192833630125,-0.039246771009668384,0.03256402033761458,0.1561101999627709,0.09020481473548453,-2.3941216707161854,0.20326718965780688,2.3466825507464075,0.6548773061673215,-1.7086883783340454,-0.8719151020050049,-0.708220362663269,0.18115484714508057,-0.22912925481796265,-0.2477949857711792,1.2630318403244019,-1.7086883783340454,-0.8719151020050049,-0.708220362663269,0.18115484714508057,-0.22912925481796265,-0.2477949857711792,-1.0,-0.2114214696949858,0.20215821316920882,0.9344017298585103,0.07346816782852408,0.1854747734163762,0.9024998346667725,0.0,0.0,0.0,0,0.0412
14,0,0.0,-0.2112969767468,0.0681019178283599,1.0497209758160269,0.9913808081994182,0.03502326825742941,-0.09725189271955492,-0.08049554755947635,0.03950313479063156,-0.03928242206902537,0.026674069873367928,0.15285439375731463,0.07911267174378657,-2.423164914992702,0.2360993902252316,2.3772781048014013,0.6352647835695118,-1.6662505865097046,-0.7852076292037964,-0.7691301107406616,0.18055984377861023,-0.26585879921913147,-0.2550399899482727,1.1026748418807983,-1.6662505865097046,-0.7852076292037964,-0.7691301107406616,0.18055984377861023,-0.26585879921913147,-0.2550399899482727,-1.0,-0.2114214691872326,0.20215821773856213,0.9344017298646362,0.07346816782852408,0.1854747734163762,0.9024998346667815,0.0,0.0,0.0,0,0.0402
15,0,0.0,-0.21803569657153643,0.05885072232365452,1.0434914301685714,0.9916219921350368,0.022019973599342657,-0.08927471521958316,-0.09072469729509161,0.039524446096418475,-0.03931328455584686,0.01943824459446504,0.14445965646683526,0.06597811929268219,-2.460823960317584,0.278804202588408,2.417299107427895,0.6013119264722938,-1.6701183319091797,-0.710824728012085,-0.71701979637146,0.16757801175117493,-0.2925799787044525,-0.25597503781318665,1.09767484664917,-1.6701183319091797,-0.710824728012085,-0.71701979637146,0.16757801175117493,-0.2925799787044525,-0.25597503781318665,-1.0,-0.211421468638946,0.2021582221640063,0.9344017297741545,0.07346816782852408,0.1854747734163762,0.9024998346667837,0.0,0.0,0.0,0,0.0443
16,1,0.1593,-0.22607038849844172,0.04933499415153179,1.0368359651828427,0.9917764088699655,0.009361412498074595,-0.07785916580087252,-0.10114281519627355,0.03954662767640157,-0.03934103043008081,0.01201702855238736,0.1339825152235446,0.05395613541450116,-2.5049168491194203,0.3304437658286536,2.4664212617624455,0.5574613037918776,-0.8017769455909729,-0.146549254655838,-0.7912881374359131,0.06320498883724213,-0.1061517596244812,0.03839389979839325,0.888412356376648,-0.8017769455909729,-0.146549254655838,-0.7912881374359131,0.06320498883724213,-0.1061517596244812,0.03839389979839325,-1.0,-0.2114214680618074,0.20215822648705287,0.9344017296149459,0.07346816782852408,0.1854747734163762,0.9024998346667837,0.0,0.0,0.0,0,0.041
17,0,0.0,-0.23718232338023335,0.04274737946806138,1.0277398067021435,0.9917562436383748,0.004856240301218062,-0.0683351886689271,-0.10828791310215007,0.039577074208486974,-0.039358306143979234,0.00694198493666721,0.12811756518976464,0.049568862174683946,-2.5524288760508007,0.3787522262754419,2.518937457202925,0.505937979946261,-0.8785398006439209,-0.24136528372764587,-0.8449314832687378,0.09073834121227264,-0.10389474034309387,0.05726664513349533,1.0241385698318481,-0.8785398006439209,-0.24136528372764587,-0.8449314832687378,0.09073834121227264,-0.10389474034309387,0.05726664513349533,-1.0,-0.21142146746413418,0.2021582307372308,0.9344017294068339,0.07346816782852408,0.1854747734163762,0.9024998346667837,0.0,0.0,0.0,0,0.0414
18,0,0.0,-0.24957169335959462,0.03914384245331269,1.0171245241510358,0.9917462511706159,0.007675008785816395,-0.061079198596560844,-0.11247132535881199,0.039605564303426335,-0.03937545936077685,0.003962754511760042,0.12848640899288563,0.0518504718464578,-2.5973049013081657,0.4246688739451293,2.5712985795432792,0.44945099119514664,-0.8676015138626099,-0.3545612096786499,-0.8407245874404907,0.11558906733989716,-0.0840081125497818,0.04284391552209854,1.0543736219406128,-0.8676015138626099,-0.3545612096786499,-0.8407245874404907,0.11558906733989716,-0.0840081125497818,0.04284391552209854,-1.0,-0.21142146685184657,0.20215823493555146,0.9344017291639202,0.07346816782852408,0.1854747734163762,0.9024998346667837,0.0,0.0,0.0,0,0.04
19,0,0.0,-0.26185526643381013,0.03567478641623633,1.0066703686148182,0.991608587003278,0.01088408972890853,-0.054573873801328984,-0.11668607059307076,0.03963039532435974,-0.03939431975033231,0.0009060700621073108,0.13256912025780526,0.05538747644074027,-2.6376224387408507,0.47824730711467933,2.6200799412091538,0.3858251055852892,-0.9101272821426392,-0.355524480342865,-0.8811638355255127,0.12727892398834229,-0.10248635709285736,0.052984826266765594,0.9609562754631042,-0.9101272821426392,-0.355524480342865,-0.8811638355255127,0.12727892398834229,-0.10248635709285736,0.052984826266765594,-1.0,-0.21142146622915803,0.20215823909696704,0.9344017288962397,0.07346816782852408,0.1854747734163762,0.9024998346667837,0.0,0.0,0.0,0,0.0401
20,1,0.1444,-0.27366561270723677,0.03194029605876373,0.9964771748224923,0.9913011090572463,0.013979732313638027,-0.04861721671949281,-0.12150326952292725,0.03965476312201651,-0.039411771134313676,-0.0027336128392227562,0.14073197195766196,0.059670385013043774,-2.6721590844401693,0.5419547024334721,2.664093319695801,0.31245371612283146,0.3647782504558563,-0.16982164978981018,0.6934977769851685,-0.0003252164460718632,0.21111589670181274,-0.07182464748620987,-0.025582952424883842,0.3647782504558563,-0.16982164978981018,0.6934977769851685,-0.0003252164460718632,0.21111589670181274,-0.07182464748620987,1.0,-0.21142146559906733,0.20215824323211876,0.9344017286109332,0.07346816782852408,0.1854747734163762,0.9024998346667837,0.0,0.0,0.0,0,0.042
21,0,0.0,-0.28445250325706467,0.027600449068793765,0.9909058233286206,0.9911332236371858,0.014319801260878229,-0.04278425253040529,-0.12497753410042725,0.03937790643734967,-0.039045699043998544,-0.00651320029624286,0.13674857111880737,0.06153749924101562,-2.7043736021322498,0.5969439910382554,2.694547733159356,0.25264847732636925,0.37626177072525024,-0.21278026700019836,0.6714468002319336,0.0033122943714261055,0.20020994544029236,-0.07885059714317322,0.0001484844251535833,0.37626177072525024,-0.21278026700019836,0.6714468002319336,0.0033122943714261055,0.20020994544029236,-0.07885059714317322,1.0,-0.2114214649637086,0.2021582473485791,0.9344017283130824,0.07346816782852408,0.1854747734163762,0.9024998346667837,0.0,0.0,0.0,0,0.0437
22,0,0.0,-0.2934166715300713,0.023847539386499198,0.9909605123584291,0.9912112605599077,0.010516057619769259,-0.03834934549889448,-0.12617042906791753,0.03743493735259035,-0.03696984186887223,-0.00929702037189455,0.11823358411663941,0.06090529396334239,-2.733999419108948,0.6281077744056096,2.7094208329318743,0.22502786619745357,0.38238197565078735,-0.248808354139328,0.6305090188980103,0.0022505801171064377,0.18966546654701233,-0.08213288336992264,-0.00842410046607256,0.38238197565078735,-0.248808354139328,0.6305090188980103,0.0022505801171064377,0.18966546654701233,-0.08213288336992264,1.0,-0.2114214643246005,0.20215825145173735,0.9344017280063045,0.07346816782852408,0.1854747734163762,0.9024998346667837,0.0,0.0,0.0,0,0.0427
23,0,0.0,-0.3001303950119197,0.02086173001908241,0.9929338481047497,0.991349993447511,0.005037379788045915,-0.0357435249959587,-0.1261832624295041,0.034144791091204614,-0.033632057989077084,-0.011347557263992825,0.09741182124729199,0.05859477535972449,-2.757426996069651,0.6413677308447265,2.715264838999581,0.21846095213584502,0.34251105785369873,-0.23387804627418518,0.5763248205184937,0.0006290511228144169,0.17660316824913025,-0.08641066402196884,-0.018736407160758972,0.34251105785369873,-0.23387804627418518,0.5763248205184937,0.0006290511228144169,0.17660316824913025,-0.08641066402196884,1.0,-0.21142146368282405,0.2021582555454291,0.9344017276931735,0.07346816782852408,0.1854747734163762,0.9024998346667837,0.0,0.0,0.0,0,0.0412
24,1,0.152,-0.3049082105284241,0.018328969232408062,0.9957503265761993,0.9914607208854149,-0.0011053523220444506,-0.03485650893839455,-0.12565604212390397,0.03009683734291159,-0.029569375356455468,-0.01300560239476021,0.07721024363662224,0.05441097555618243,-2.774827800123138,0.6408107910882462,2.7142543205006526,0.2260757417855426,-1.3371247053146362,0.06281251460313797,-0.46359652280807495,-0.18632765114307404,0.33131200075149536,0.2679247260093689,0.9585781693458557,-1.3371247053146362,0.06281251460313797,-0.46359652280807495,-0.18632765114307404,0.33131200075149536,0.2679247260093689,-1.0,-0.21142146303914855,0.20215825963238387,0.9344017273755206,0.07346816782852408,0.1854747734163762,0.9024998346667837,0.0,0.0,0.0,0,0.0406
25,0,0.0,-0.3183475407013127,0.016887042977691537,0.9915455128797348,0.9917086922115151,0.0021182935358006194,-0.04655371722469522,-0.119758649112225,0.027059272894501697,-0.02659804498716871,-0.012476734045665096,0.07088775040705915,0.053079977134847786,-2.8033901335189717,0.611394249317205,2.71694366243027,0.24254458059722395,-1.0133118629455566,0.09015622735023499,-0.4623304605484009,-0.18191921710968018,0.3059995472431183,0.2679247260093689,0.992554783821106,-1.0133118629455566,0.09015622735023499,-0.4623304605484009,-0.18191921710968018,0.3059995472431183,0.2679247260093689,-1.0,-0.2114214623941213,0.2021582637145444,0.9344017270546496,0.07346816782852408,0.1854747734163762,0.9024998346667837,0.0,0.0,0.0,0,0.041
26,0,0.0,-0.3356562372670937,0.01679742086510081,0.983649418091776,0.9919790521948104,0.014339377442304346,-0.06330663313325442,-0.10846295433272421,0.02690215875986778,-0.026413600976007253,-0.009603040930811562,0.07365838292220542,0.056460654470847214,-2.8360301628522038,0.5625506607678434,2.728382443538489,0.2658811864737691,-0.9025146961212158,-0.10601738095283508,-0.5143793225288391,-0.15513166785240173,0.3215401768684387,0.2563774883747101,0.873611330986023,-0.9025146961212158,-0.10601738095283508,-0.5143793225288391,-0.15513166785240173,0.3215401768684387,0.2563774883747101,-1.0,-0.2114214617481322,0.20215826779329316,0.9344017267314885,0.07346816782852408,0.1854747734163762,0.9024998346667837,0.0,0.0,0.0,0,0.0396
27,0,0.0,-0.3516734186752365,0.01667386254488182,0.9760117857990858,0.9918239049005892,0.026688827435083107,-0.0793814259144313,-0.09628934197343789,0.028520442927134557,-0.028078401458371045,-0.006411312836077669,0.08028847719710523,0.059399271306011095,-2.8650887429884446,0.5083530617974549,2.7416999308947063,0.29506284511348313,-0.8356234431266785,-0.10647262632846832,-0.5263749361038208,-0.1099831610918045,0.31669872999191284,0.21915529668331146,1.034000039100647,-0.8356234431266785,-0.10647262632846832,-0.5263749361038208,-0.1099831610918045,0.31669872999191284,0.21915529668331146,-1.0,-0.21142146110145835,0.20215827186961402,0.934401726406697,0.07346816782852408,0.1854747734163762,0.9024998346667837,0.0,0.0,0.0,0,0.0414
28,1,0.1455,-0.3660325387910885,0.016195332438843562,0.968650285077814,0.9910291796534546,0.03768600676986489,-0.09545065234641735,-0.08561602032204269,0.031603422615084,-0.03119026933743357,-0.0038249917664136064,0.09150282830541866,0.0599531006923218,-2.8877888951527515,0.4548163943133448,2.751441653192633,0.3245693144051872,0.8371589779853821,0.19044744968414307,0.7343950271606445,-0.14401447772979736,0.06168143078684807,0.005844298750162125,-0.034640293568372726,0.8371589779853821,0.19044744968414307,0.7343950271606445,-0.14401447772979736,0.06168143078684807,0.005844298750162125,1.0,-0.21142146045429705,0.2021582759442071,0.9344017260807456,0.07346816782852408,0.1854747734163762,0.9024998346667837,0.0,0.0,0.0,0,0.0472
29,0,0.0,-0.36832803893166954,0.016569771759294465,0.9676826412829855,0.9910549694877209,0.04370998742536175,-0.09985373552606364,-0.07699815552633099,0.034100612520145665,-0.03363080638620685,-0.001571843822734841,0.09117942622606158,0.05991768689464954,-2.891892265633754,0.4076137436456146,2.7546451160974934,0.3607466885768069,0.9276464581489563,0.2704314589500427,0.7608650922775269,-0.1609891653060913,0.05198537930846214,-0.006449866108596325,-0.02624008245766163,0.9276464581489563,0.2704314589500427,0.7608650922775269,-0.1609891653060913,0.05198537930846214,-0.006449866108596325,1.0,-0.2114214598067888,0.2021582800175708,0.9344017257539684,0.07346816782852408,0.1854747734163762,0.9024998346667837,0.0,0.0,0.0,0,0.04
30,0,0.0,-0.3633030096730279,0.01865994453434231,0.9735403756189055,0.9920394810652207,0.04480672784234546,-0.09610631327923254,-0.0679234988482055,0.03406766309922632,-0.03358203378894654,0.0017701639970034723,0.07122458211729281,0.0613019798546334,-2.890146643533204,0.3548230305757128,2.747937968930261,0.4164707506463438,0.9631279706954956,0.33102497458457947,0.7584561109542847,-0.16273042559623718,0.05424974486231804,-0.008515947498381138,-0.10620240122079849,0.9631279706954956,0.33102497458457947,0.7584561109542847,-0.16273042559623718,0.05424974486231804,-0.008515947498381138,1.0,-0.2114214591590334,0.20215828409005976,0.9344017254266036,0.07346816782852408,0.1854747734163762,0.9024998346667837,0.0,0.0,0.0,0,0.0394
31,0,0.0,-0.3570203264612205,0.022136325425055607,0.9810036883584661,0.9930791900854334,0.04409485159429366,-0.09251947670535031,-0.05735427370565815,0.03221904906544648,-0.031746999969006,0.00617792919845744,0.04801431739743864,0.06468131741314233,-2.8845633496536305,0.29414084231902554,2.7338597974210095,0.48650792333343634,1.0877379179000854,0.3777483403682709,0.8086377382278442,-0.16379530727863312,0.051999080926179886,-0.0003614220768213272,-0.09638526290655136,1.0877379179000854,0.3777483403682709,0.8086377382278442,-0.16379530727863312,0.051999080926179886,-0.0003614220768213272,1.0,-0.2114214585111022,0.20215828816192635,0.9344017250988204,0.07346816782852408,0.1854747734163762,0.9024998346667837,0.0,0.0,0.0,0,0.0397
32,1,0.1442,-0.3492949146472495,0.02656789282616679,0.9895418955357759,0.99399783676468,0.042783241395568716,-0.08958072483497166,-0.04596943006896504,0.028994286808578535,-0.028551191407510928,0.010969345124254485,0.025223009379199968,0.06979950520806481,-2.872340984675627,0.23092792958055802,2.711147493396896,0.5619192765984384,-1.3350677490234375,0.39717262983322144,-0.6611591577529907,0.01119798980653286,-0.2728663384914398,0.040304139256477356,1.018912434577942,-1.3350677490234375,0.39717262983322144,-0.6611591577529907,0.01119798980653286,-0.2728663384914398,0.040304139256477356,-1.0,-0.21142145786304567,0.20215829223335013,0.934401724770739,0.07346816782852408,0.1854747734163762,0.9024998346667837,0.0,0.0,0.0,0,0.0421
33,0,0.0,-0.3443820723966573,0.03256078202782765,0.9936604411445703,0.9943222820872695,0.04089180137781495,-0.09043098819474464,-0.0383835420325228,0.026471009168095444,-0.02601833280336298,0.016518294628210337,0.020171056514500234,0.08051468885470586,-2.8591469295423275,0.19664336812462005,2.694562073750069,0.615688509516125,-1.3618544340133667,0.37372952699661255,-0.6974297761917114,0.0008507035672664642,-0.29362183809280396,0.018538592383265495,1.0459719896316528,-1.3618544340133667,0.37372952699661255,-0.6974297761917114,0.0008507035672664642,-0.29362183809280396,0.018538592383265495,-1.0,-0.2114214572148998,0.20215829630445897,0.934401724442446,0.07346816782852408,0.1854747734163762,0.9024998346667837,0.0,0.0,0.0,0,0.0409
34,0,0.0,-0.34385928482250727,0.03891724125119942,0.991623506647116,0.99442485154392,0.040953815311011166,-0.09030357937051738,-0.03587845030369915,0.026451485743223403,-0.02605926123256104,0.022235420848798627,0.030705881503868288,0.09480195883853472,-2.8561786598301953,0.19449065821651065,2.7043618027846255,0.6369562564678519,-1.3211822509765625,0.2923024892807007,-0.8087462186813354,0.0012029423378407955,-0.29911911487579346,0.008958907797932625,0.9693670868873596,-1.3211822509765625,0.2923024892807007,-0.8087462186813354,0.0012029423378407955,-0.29911911487579346,0.008958907797932625,-1.0,-0.21142145656669045,0.20215830037534388,0.9344017241140018,0.07346816782852408,0.1854747734163762,0.9024998346667837,0.0,0.0,0.0,0,0.0428
35,0,0.0,-0.34618065703571915,0.04405182514545903,0.986522248947958,0.994803153032366,0.041994174628559866,-0.08609230029400922,-0.03451509588880691,0.028203762878978373,-0.027918510022290424,0.02745215207259842,0.04641302798901636,0.10933482555273596,-2.8649540988015896,0.2040637353630249,2.73858320713111,0.6438249578837337,-1.208985447883606,0.3016038239002228,-0.9189754724502563,0.0010938597843050957,-0.30049753189086914,-0.006789589300751686,1.016270399093628,-1.208985447883606,0.3016038239002228,-0.9189754724502563,0.0010938597843050957,-0.30049753189086914,-0.006789589300751686,-1.0,-0.21142145591843564,0.20215830444606953,0.9344017237854501,0.07346816782852408,0.1854747734163762,0.9024998346667837,0.0,0.0,0.0,0,0.0411
36,1,0.1408,-0.3508235201969799,0.0483349016606193,0.9790448679380622,0.9954099206897566,0.04290753155838223,-0.07881657695251583,-0.03325628851008407,0.031376047004910736,-0.031130967967281514,0.03253148516686135,0.06795939561808857,0.12548913374695309,-2.8821196007065444,0.2220289484617994,2.7928886235297266,0.6433735149788206,-1.6017979383468628,0.3168342411518097,-0.3158681094646454,0.18115484714508057,-0.03512377664446831,-0.002204934135079384,1.058914303779602,-1.6017979383468628,0.3168342411518097,-0.3158681094646454,0.18115484714508057,-0.03512377664446831,-0.002204934135079384,-1.0,-0.21142145527014838,0.20215830851668207,0.9344017234568219,0.07346816782852408,0.1854747734163762,0.9024998346667837,0.0,0.0,0.0,0,0.048
37,0,0.0,-0.35760157887649663,0.05365810627438379,0.9733658496112583,0.9957798504304493,0.04201403751360844,-0.07293628053192486,-0.036573338795961495,0.0346704870336629,-0.03433453668842826,0.03695388533021395,0.08047626156933649,0.1497195457792733,-2.902028916957148,0.27574819894064584,2.8367494760446372,0.6195141777965529,-1.507258653640747,0.25466388463974,-0.24683213233947754,0.18104681372642517,-0.06020351126790047,-0.02860686555504799,1.080390453338623,-1.507258653640747,0.25466388463974,-0.24683213233947754,0.18104681372642517,-0.06020351126790047,-0.02860686555504799,-1.0,-0.2114214546218379,0.20215831258721417,0.934401723128139,0.07346816782852408,0.1854747734163762,0.9024998346667837,0.0,0.0,0.0,0,0.04
38,0,0.0,-0.36589244247033487,0.05886841448654939,0.9708992098004401,0.9955525819588473,0.04063895076949964,-0.0719102064062132,-0.04530402244879889,0.036613038933443205,-0.03631546215357742,0.039254267953162204,0.0799320507152441,0.17857677670090982,-2.9200215059127284,0.36428352267062364,2.8547864270830376,0.5656065081103689,-1.3856399059295654,0.23705819249153137,-0.3791508674621582,0.17459316551685333,-0.06956703960895538,-0.03170495480298996,1.1005618572235107,-1.3856399059295654,0.23705819249153137,-0.3791508674621582,0.17459316551685333,-0.06956703960895538,-0.03170495480298996,-1.0,-0.21142145397351092,0.20215831665768924,0.9344017227994169,0.07346816782852408,0.1854747734163762,0.9024998346667837,0.0,0.0,0.0,0,0.0404
39,0,0.0,-0.3743880548442889,0.06297051935603391,0.9686194623594195,0.9951212241312166,0.039059024044399204,-0.07186726046805672,-0.05516555806934971,0.03770500271086599,-0.037443279160786165,0.040203177937549815,0.07997363782579939,0.20808387658220515,-2.935407581761897,0.4658287745312963,2.8673973587252553,0.49821182698097594,-1.1340235471725464,0.24851402640342712,-0.4817086458206177,0.18033739924430847,-0.09657809138298035,-0.026713553816080093,0.9946655035018921,-1.1340235471725464,0.24851402640342712,-0.4817086458206177,0.18033739924430847,-0.09657809138298035,-0.026713553816080093,-1.0,-0.21142145332517207,0.2021583207281239,0.9344017224706672,0.07346816782852408,0.1854747734163762,0.9024998346667837,0.0,0.0,0.0,0,0.0398
40,1,0.1467,-0.3822692487270451,0.06684575294850299,0.9654065267224545,0.9945582523748692,0.038015509499691846,-0.07177884347235605,-0.06524186769471818,0.03833949634377455,-0.038058794961456324,0.04059757048103565,0.08700117828126996,0.23901639089111018,-2.9453762109145307,0.5760888843362951,2.8803356528903175,0.42126887581163835,0.18095022439956665,0.04226158559322357,-0.1727820187807083,-0.005460820626467466,0.06137325242161751,0.00048219040036201477,0.9236765503883362,0.18095022439956665,0.04226158559322357,-0.1727820187807083,-0.005460820626467466,0.06137325242161751,0.00048219040036201477,-1.0,-0.21142145267682463,0.20215832479853,0.9344017221418975,0.07346816782852408,0.1854747734163762,0.9024998346667837,0.0,0.0,0.0,0,0.0413
41,0,0.0,-0.39021800613343044,0.06757948325169749,0.9607296976430502,0.9944043913467754,0.036513131973398505,-0.06959741579356081,-0.07058964073148208,0.038609980159217794,-0.0384924977372718,0.040404747133335084,0.10164220137257302,0.26543127060555605,-2.9563107820015357,0.6776775142585552,2.906628610542413,0.34716067907458265,0.12391315400600433,0.13114985823631287,-0.12292321026325226,-0.018636591732501984,0.07360094785690308,0.003978511318564415,-0.1107591986656189,0.12391315400600433,0.13114985823631287,-0.12292321026325226,-0.018636591732501984,0.07360094785690308,0.003978511318564415,1.0,-0.21142145202847099,0.20215832886891585,0.9344017218131137,0.07346816782852408,0.1854747734163762,0.9024998346667837,0.0,0.0,0.0,0,0.0536
42,0,0.0,-0.39734724977499797,0.06658195496065052,0.9559578541875263,0.9947141183294156,0.036252522731898995,-0.06532026650982195,-0.07044742844697344,0.03854402331126067,-0.03838622371445784,0.04055692066314345,0.11936534859236188,0.29050806305967425,-2.9663215637280467,0.7655833652790455,2.9410331707028883,0.28220541466489657,0.13079440593719482,0.15258833765983582,-0.07199256122112274,-0.035305894911289215,0.09672799706459045,0.010633300989866257,-0.035360392183065414,0.13079440593719482,0.15258833765983582,-0.07199256122112274,-0.035305894911289215,0.09672799706459045,0.010633300989866257,1.0,-0.21142145138011278,0.20215833293928756,0.9344017214843195,0.07346816782852408,0.1854747734163762,0.9024998346667837,0.0,0.0,0.0,0,0.0396
43,0,0.0,-0.40420844259743915,0.06636603098754831,0.9519115074815322,0.9950164050319454,0.03688794797073147,-0.062056807185761245,-0.06877925336698841,0.03689166928241663,-0.03664547975620393,0.04094794364177647,0.1362660449383509,0.3174610289949979,-2.9737620108913094,0.8464859598065928,2.971581145728082,0.22492592487147903,-0.0004969090223312378,0.169219508767128,0.03142353892326355,-0.03100457228720188,0.09628628194332123,0.007443509995937347,-0.01520379539579153,-0.0004969090223312378,0.169219508767128,0.03142353892326355,-0.03100457228720188,0.09628628194332123,0.007443509995937347,1.0,-0.21142145073175128,0.20215833700964927,0.934401721155518,0.07346816782852408,0.1854747734163762,0.9024998346667837,0.0,0.0,0.0,0,0.0392
44,1,0.1521,-0.4112180808332274,0.06681245354765625,0.9490665374868285,0.9952825863056057,0.03764667596670018,-0.05966146620543454,-0.0666018816228142,0.03379371007845029,-0.033487244402474324,0.041199148028303344,0.14841633955474368,0.34635514940946205,-2.9810254662659745,0.9226626333536921,2.996454715605595,0.17449942995227782,-0.24236007034778595,0.11054786294698715,-0.7733248472213745,0.009069805033504963,-0.04997774958610535,-0.17241719365119934,0.02777257189154625,-0.24236007034778595,0.11054786294698715,-0.7733248472213745,0.009069805033504963,-0.04997774958610535,-0.17241719365119934,1.0,-0.21142145008338734,0.2021583410800041,0.9344017208267111,0.07346816782852408,0.1854747734163762,0.9024998346667837,0.0,0.0,0.0,0,0.0408
45,0,0.0,-0.41488353567261954,0.06833892773623415,0.9440234045329942,0.9955093418586086,0.0323307941734311,-0.05964455283371774,-0.06601815915049655,0.029855696622155915,-0.029528240354744554,0.03939528364863291,0.17923173889907573,0.36932016428046377,-2.971252195221553,0.9965039008322243,3.0197587635947056,0.13069666305046856,-0.2988792657852173,0.1369054615497589,-0.7465120553970337,0.008579970337450504,-0.06585289537906647,-0.14986690878868103,-0.039347704499959946,-0.2988792657852173,0.1369054615497589,-0.7465120553970337,0.008579970337450504,-0.06585289537906647,-0.14986690878868103,1.0,-0.21142144943502156,0.2021583451503542,0.9344017204979004,0.07346816782852408,0.1854747734163762,0.9024998346667837,0.0,0.0,0.0,0,0.0411
46,0,0.0,-0.4149091169805013,0.07094410831787672,0.9361524059351575,0.9956529169263887,0.023073069690609405,-0.060912329821964546,-0.0665777030745672,0.02545786850409171,-0.02510908138389939,0.03525008172542291,0.22842606207674046,0.38718665266280244,-2.9452732469833784,1.0693117073081748,3.045493683744911,0.08626146852828613,-0.3390418291091919,0.12865659594535828,-0.6856904029846191,0.0010045580565929413,-0.07793121039867401,-0.12264366447925568,-0.025470752269029617,-0.3390418291091919,0.12865659594535828,-0.6856904029846191,0.0010045580565929413,-0.07793121039867401,-0.12264366447925568,1.0,-0.21142144878665436,0.20215834922070114,0.9344017201690867,0.07346816782852408,0.1854747734163762,0.9024998346667837,0.0,0.0,0.0,0,0.039
47,0,0.0,-0.4144727711705026,0.07393754316669507,0.928188001126693,0.9957675366284668,0.014883225537547728,-0.061578964284982295,-0.06658478619070171,0.020795254391355267,-0.020438176377619965,0.029507626049906036,0.2783966348319591,0.40613529358640943,-2.9165304607890152,1.1423900782967296,3.0728153101898448,0.038085298468383544,-0.43417924642562866,0.026364602148532867,-0.6053793430328369,-0.00928412564098835,-0.09945881366729736,-0.05012676119804382,-0.01490467507392168,-0.43417924642562866,0.026364602148532867,-0.6053793430328369,-0.00928412564098835,-0.09945881366729736,-0.05012676119804382,1.0,-0.211421448138286,0.2021583532910459,0.9344017198402713,0.07346816782852408,0.1854747734163762,0.9024998346667837,0.0,0.0,0.0,0,0.0422
48,1,0.1488,-0.41459079728065457,0.0766285456840182,0.9209914021476895,0.9959466464053011,0.00925161478341524,-0.06128751373918742,-0.06518071645510728,0.015971704126995074,-0.01563598224872457,0.022193667657861023,0.32451981124672635,0.42715589142876437,-2.889398274589581,1.215737842925632,3.1024254034567083,-0.015542873621936439,0.2630884051322937,0.09680584073066711,0.5264263153076172,-0.113832026720047,0.12810593843460083,-0.13639599084854126,0.03285231068730354,0.2630884051322937,0.09680584073066711,0.5264263153076172,-0.113832026720047,0.12810593843460083,-0.13639599084854126,1.0,-0.21142144748991681,0.2021583573613894,0.9344017195114538,0.07346816782852408,0.1854747734163762,0.9024998346667837,0.0,0.0,0.0,0,0.0719
49,0,0.0,-0.41836293034030647,0.07761725681241025,0.9182426391677468,0.9965903858856444,0.004026979482460558,-0.05794077735796662,-0.058602495814628466,0.01104494256591804,-0.01077020857729962,0.014341006055460948,0.34845141278362124,0.45951307069703246,-2.87969594609131,1.297488767152441,3.1383037281204347,-0.0654786828042015,0.2793896794319153,0.049785174429416656,0.5467381477355957,-0.11021210253238678,0.14622287452220917,-0.1416085660457611,0.02732883393764496,0.2793896794319153,0.049785174429416656,0.5467381477355957,-0.11021210253238678,0.14622287452220917,-0.1416085660457611,1.0,-0.21142144684154685,0.20215836143173205,0.9344017191826356,0.07346816782852408,0.1854747734163762,0.9024998346667837,0.0,0.0,0.0,0,0.0663
50,0,0.0,-0.4256675306572801,0.07754788409938942,0.9208106626593806,0.9973983789849051,-0.0035299956980844316,-0.05266063364393215,-0.04910061499486297,0.006822461771206034,-0.006570253595115295,0.006621302806190766,0.34817761649205686,0.5012495014023531,-2.886033865723989,1.3865226033121527,3.1713207474384557,-0.10599212451097564,0.28892040252685547,0.016541525721549988,0.5844630002975464,-0.08583290874958038,0.16022157669067383,-0.14427587389945984,0.020104357972741127,0.28892040252685547,0.016541525721549988,0.5844630002975464,-0.08583290874958038,0.16022157669067383,-0.14427587389945984,1.0,-0.2114214461931763,0.20215836550207403,0.9344017188538157,0.07346816782852408,0.1854747734163762,0.9024998346667837,0.0,0.0,0.0,0,0.0584
51,0,0.0,-0.43370015134718926,0.07724300867845971,0.9247028145193071,0.9979360744805339,-0.012410454219433875,-0.0483523495310814,-0.04039334315543046,0.004305347513503474,-0.00408213651762864,-0.00044749294319921834,0.34097790801089284,0.5415936310762152,-2.8946081499598564,1.4748648220031544,3.197086565688402,-0.14301028988172904,0.284088134765625,0.05176912993192673,0.6800882816314697,-0.09071727097034454,0.18190047144889832,-0.15745402872562408,-0.01085582748055458,0.284088134765625,0.05176912993192673,0.6800882816314697,-0.09071727097034454,0.18190047144889832,-0.15745402872562408,1.0,-0.21142144554480535,0.202158369572416,0.9344017185249954,0.07346816782852408,0.1854747734163762,0.9024998346667837,0.0,0.0,0.0,0,0.0668
52,1,0.1715,-0.4422011792898261,0.07659407841333199,0.929388659209776,0.9982443032086808,-0.02173430566377582,-0.044659171141285856,-0.03227211647383318,0.002877795269364879,-0.002696884951862455,-0.004882885635024228,0.32827630947985675,0.578748869275087,-2.904857185095872,1.5626661793910301,3.2167811002655844,-0.17834695619139676,0.06840892136096954,-0.34686222672462463,0.4229688346385956,0.012463236227631569,0.3023093640804291,-0.278557151556015,0.07547074556350708,0.06840892136096954,-0.34686222672462463,0.4229688346385956,0.012463236227631569,0.3023093640804291,-0.278557151556015,1.0,-0.21142144489643372,0.20215837364275818,0.9344017181961751,0.07346816782852408,0.1854747734163762,0.9024998346667837,0.0,0.0,0.0,0,0.0834
53,0,0.0,-0.4529429006108808,0.07441519237049338,0.9326061606319865,0.9979790756207109,-0.035289416132799956,-0.04587345097075501,-0.02623067342388487,0.002032086519239056,-0.00197081851036276,-0.005294350835248135,0.31749584382529256,0.6024946009498163,-2.916656754504767,1.6466359340372505,3.2240685817390946,-0.2096359352613309,0.06065075099468231,-0.44067463278770447,0.4811156094074249,0.01393059454858303,0.30674776434898376,-0.2785371243953705,-0.0013200825778767467,0.06065075099468231,-0.44067463278770447,0.4811156094074249,0.01393059454858303,0.30674776434898376,-0.2785371243953705,1.0,-0.21142144424806159,0.20215837771310086,0.9344017178673538,0.07346816782852408,0.1854747734163762,0.9024998346667837,0.0,0.0,0.0,0,0.0582
54,0,0.0,-0.4642804499970709,0.07022066625073947,0.9348075127990327,0.997225853378064,-0.05120881198943439,-0.04955759400741205,-0.02150115822968938,0.0015522669913069578,-0.0015734575825787627,0.0003931347505370392,0.30576295773682965,0.6101459027926821,-2.930594342386224,1.7223652744515177,3.222020253471268,-0.2378238937554841,0.1108780950307846,-0.4586913287639618,0.5009360313415527,0.023665770888328552,0.31784260272979736,-0.2817389667034149,-0.03455928713083267,0.1108780950307846,-0.4586913287639618,0.5009360313415527,0.023665770888328552,0.31784260272979736,-0.2817389667034149,1.0,-0.21142144359968926,0.20215838178344353,0.9344017175385319,0.07346816782852408,0.1854747734163762,0.9024998346667837,0.0,0.0,0.0,0,0.0628
55,0,0.0,-0.4757098591820663,0.06486763379094468,0.9371762348328878,0.9961976681481672,-0.0669018762293126,-0.05305844403389216,-0.01729585065422061,0.0012817860325741372,-0.001352370476407322,0.01358211669861375,0.2887272935153628,0.6069484807484218,-2.9490646065910227,1.7888654952734782,3.213247086014558,-0.2600512357209715,0.17603661119937897,-0.4600205719470978,0.5298199653625488,0.024236006662249565,0.3226514756679535,-0.27197572588920593,-0.034372664988040924,0.17603661119937897,-0.4600205719470978,0.5298199653625488,0.024236006662249565,0.3226514756679535,-0.27197572588920593,1.0,-0.21142144295131626,0.2021583858537868,0.9344017172097091,0.07346816782852408,0.1854747734163762,0.9024998346667837,0.0,0.0,0.0,0,0.0649
56,1,0.1699,-0.48726087928073075,0.0587282795106974,0.9397239117357052,0.9949511152281554,-0.08209475110417513,-0.05609700687326742,-0.013632900177594871,0.0011175938462108905,-0.0012402106366846495,0.03335131079753916,0.2668987858193201,0.5959649588515736,-2.972432097888954,1.8453228738236223,3.199234891230468,-0.2743206668572146,0.23771390318870544,0.0259099081158638,-0.09024959057569504,0.00972173735499382,0.31438544392585754,-0.13186901807785034,-0.0037131395656615496,0.23771390318870544,0.0259099081158638,-0.09024959057569504,0.00972173735499382,0.31438544392585754,-0.13186901807785034,1.0,-0.21142144230294324,0.2021583899241304,0.9344017168808862,0.07346816782852408,0.1854747734163762,0.9024998346667837,0.0,0.0,0.0,0,0.0693
57,0,0.0,-0.4942030816296761,0.05436717862724703,0.9401231796494091,0.9937513369833898,-0.09337787582135226,-0.05939858802785622,-0.014514141073901352,-0.0002357518316893084,-0.0011075812816187056,0.05669134911303135,0.25509710369704336,0.5676357337884562,-2.985198338597015,1.875868994572587,3.1800022051961467,-0.2864909969463815,0.32096976041793823,0.007260933518409729,0.053198814392089844,0.020129168406128883,0.3500346541404724,-0.13230009377002716,0.00932963378727436,0.32096976041793823,0.007260933518409729,0.053198814392089844,0.020129168406128883,0.3500346541404724,-0.13230009377002716,1.0,-0.21142144165456958,0.20215839399447452,0.9344017165520633,0.07346816782852408,0.1854747734163762,0.9024998346667837,0.0,0.0,118.93166256078614,1,0.0702
58,0,0.0,-0.4930432079919941,0.05403294489402819,0.939478424567483,0.9930739438254477,-0.10007219254465716,-0.05871757134415752,-0.018491760049250176,-0.001111294912583263,-0.002108645410994369,0.08237173089775696,0.2513362985597155,0.5329014972373003,-2.98224559113422,1.8870019863828842,3.1648941750814146,-0.293546289888878,0.3690607249736786,-0.0038700103759765625,0.053918540477752686,0.01282922551035881,0.35072216391563416,-0.12979091703891754,-0.0015109311789274216,0.3690607249736786,-0.0038700103759765625,0.053918540477752686,0.01282922551035881,0.35072216391563416,-0.12979091703891754,1.0,-0.2114214410061957,0.20215839806481928,0.9344017162232402,0.07346816782852408,0.1854747734163762,0.9024998346667837,0.0,0.0,89.44425526614319,1,0.0689
59,0,0.0,-0.49263847492563734,0.05416542232993139,0.938522015672257,0.992372793037072,-0.10621004467507389,-0.059120074832977466,-0.020505677303173004,-0.0008263901896067818,-0.0018258736943190471,0.10901127110005512,0.2515169540261844,0.5026271571263928,-2.979485598619541,1.8932631765201084,3.1542321208547826,-0.2912245191806448,0.47392910718917847,0.0077492594718933105,0.19477570056915283,-0.004476384725421667,0.3364258110523224,-0.12826769053936005,0.00014515510702040046,0.47392910718917847,0.0077492594718933105,0.19477570056915283,-0.004476384725421667,0.3364258110523224,-0.12826769053936005,1.0,-0.2114214403578213,0.20215840213516445,0.934401715894417,0.07346816782852408,0.1854747734163762,0.9024998346667837,0.0,0.0,84.4622864840626,1,0.0683
60,1,0.1642,-0.49264590810258746,0.05409975891375678,0.938012517623672,0.9917261944323996,-0.11218340912650826,-0.059149102156856516,-0.019885213285777796,-0.0006777236875370235,-0.0016773484734003137,0.13505711198228668,0.25134345112665785,0.47869059272797576,-2.9784458035751467,1.8970032036661462,3.1491925001483034,-0.2806885132607654,0.3378809094429016,-0.3013889789581299,0.51869797706604,0.06742033362388611,0.33346664905548096,-0.17061614990234375,-0.05696285516023636,0.3378809094429016,-0.3013889789581299,0.51869797706604,0.06742033362388611,0.33346664905548096,-0.17061614990234375,1.0,-0.21142143970944655,0.20215840620551,0.9344017155655928,0.07346816782852408,0.1854747734163762,0.9024998346667837,0.0,0.0,71.2100104571684,1,0.0649
61,0,0.0,-0.49227785081853437,0.05451516189942727,0.9388606969107642,0.9911381162517972,-0.11859184520342131,-0.056901452246563566,-0.01853195878253585,-0.0004862322730215342,-0.0014857231094834134,0.15940527754538217,0.24437328302439726,0.46293860594925906,-2.9803452040426426,1.9007691847466999,3.1466553986295764,-0.2623724391775515,0.2141203135251999,-0.3789742887020111,0.4169318974018097,0.09584799408912659,0.34504371881484985,-0.1829126626253128,0.05453633517026901,0.2141203135251999,-0.3789742887020111,0.4169318974018097,0.09584799408912659,0.34504371881484985,-0.1829126626253128,1.0,-0.21142143906107144,0.20215841027585615,0.9344017152367682,0.07346816782852408,0.1854747734163762,0.9024998346667837,0.0,0.0,88.17838749981114,1,0.0631
62,0,0.0,-0.4923711460549134,0.05478140971523177,0.940000930468015,0.9902948457912354,-0.1262866209281574,-0.05501924676439564,-0.0184577967086573,-0.00043349201769994844,-0.0014322008003570719,0.18030779931062874,0.2343791685360476,0.44924631122788683,-2.9856507488055484,1.8997601817022274,3.1406247671985663,-0.23795626655205265,0.1884019523859024,-0.371275931596756,0.34000706672668457,0.11339302361011505,0.32195448875427246,-0.20694763958454132,-0.026254503056406975,0.1884019523859024,-0.371275931596756,0.34000706672668457,0.11339302361011505,0.32195448875427246,-0.20694763958454132,1.0,-0.211421438412696,0.2021584143462029,0.9344017149079433,0.07346816782852408,0.1854747734163762,0.9024998346667837,0.0,0.0,81.77055250172845,1,0.0624
63,0,0.0,-0.4924312082594007,0.054864615100509107,0.940710351432934,0.9890840012442325,-0.13539000829829656,-0.05452131011828848,-0.02024378617429336,-0.0005183087332714278,-0.0015171504765197135,0.19703345528591978,0.22460038914778052,0.43449108410081505,-2.991967791885708,1.8912049205523036,3.1302287860645874,-0.20846810092061216,0.143930122256279,-0.2949588894844055,0.2944447994232178,0.13398924469947815,0.3332603871822357,-0.19429095089435577,-0.03712097555398941,0.143930122256279,-0.2949588894844055,0.2944447994232178,0.13398924469947815,0.3332603871822357,-0.19429095089435577,1.0,-0.2114214377643202,0.20215841841655027,0.9344017145791181,0.07346816782852408,0.1854747734163762,0.9024998346667837,0.0,0.0,79.15970591721789,1,0.0678
64,1,0.1636,-0.4924197186420206,0.05485433540087635,0.9410931837953898,0.9876244896858469,-0.14482646449284403,-0.05535367308520428,-0.0236460024369621,-0.0004638339785993889,-0.0014623264456762053,0.2095267510837562,0.21482543117410471,0.41946963380130287,-2.999287690885888,1.8747811162054389,3.11607866423742,-0.1751679019450837,0.1766204982995987,0.1940460354089737,0.3454449474811554,-0.020730288699269295,0.3318399488925934,-0.11360052973031998,-0.01165702287107706,0.1766204982995987,0.1940460354089737,0.3454449474811554,-0.020730288699269295,0.3318399488925934,-0.11360052973031998,1.0,-0.21142143711594416,0.2021584224868982,0.9344017142502926,0.07346816782852408,0.1854747734163762,0.9024998346667837,0.0,0.0,81.66490203104287,1,0.0658
65,0,0.0,-0.49221671471617606,0.055418637392847615,0.9421528951649233,0.9865853697659114,-0.15117536875490722,-0.05552972996271614,-0.026678926813951453,-0.0004586477370349533,-0.0014579811843025094,0.21949463861802634,0.20164845715217244,0.41213436042769885,-3.008493879178104,1.8531523336244051,3.1043488070454255,-0.13789771917840266,0.17574229836463928,0.16917985677719116,0.3310334086418152,-0.01785270869731903,0.3407896161079407,-0.12500983476638794,-0.012783879414200783,0.17574229836463928,0.16917985677719116,0.3310334086418152,-0.01785270869731903,0.3407896161079407,-0.12500983476638794,1.0,-0.21142143646756767,0.20215842655724675,0.9344017139214668,0.07346816782852408,0.1854747734163762,0.9024998346667837,0.0,0.0,92.50770069604523,1,0.0635
66,0,0.0,-0.49245703881280345,0.05626771841825291,0.9436800147219295,0.985844972476726,-0.1557787559116226,-0.05549112672133954,-0.027629772061771828,-0.00037672987645951127,-0.0013733893068512818,0.22748382515068866,0.18747757947622049,0.4131666743463369,-3.019531046465257,1.82664211129411,3.0971482608938428,-0.09236173174218776,0.18742145597934723,0.12570303678512573,0.36613771319389343,-0.013166521675884724,0.33451026678085327,-0.13660170137882233,0.054786317050457,0.18742145597934723,0.12570303678512573,0.36613771319389343,-0.013166521675884724,0.33451026678085327,-0.13660170137882233,1.0,-0.21142143581919093,0.20215843062759584,0.9344017135926409,0.07346816782852408,0.1854747734163762,0.9024998346667837,0.0,0.0,92.45559680244679,1,0.0607
67,0,0.0,-0.4927975409065046,0.05713885194055845,0.9454227846230674,0.9850037801258047,-0.16107415273113868,-0.055459204442479024,-0.027330333009812562,-0.0003462752321585339,-0.0013442555915357498,0.23313087737320956,0.17236779484744452,0.4191844380880663,-3.0318713970702063,1.7945994240388365,3.092179717390147,-0.037139953523541915,0.1689217984676361,0.07653290033340454,0.4571414291858673,-0.01001143641769886,0.34785014390945435,-0.14569073915481567,-0.02536005526781082,0.1689217984676361,0.07653290033340454,0.4571414291858673,-0.01001143641769886,0.34785014390945435,-0.14569073915481567,1.0,-0.21142143517081374,0.20215843469794545,0.934401713263815,0.07346816782852408,0.1854747734163762,0.9024998346667837,0.0,0.0,89.07129530160147,1,0.0621
68,1,0.1779,-0.49351303859134055,0.05803115069605537,0.9477886680835135,0.9840597583653046,-0.16710906090306327,-0.05486469914213697,-0.026283426682144954,-0.0004148176410305271,-0.0014056787560673483,0.23698632056626,0.15283659009062786,0.4311268125229924,-3.047620063434206,1.758621464031879,3.087823036468954,0.02780227203698284,0.31732839345932007,0.31291258335113525,0.23076540231704712,-0.10110710561275482,0.0021377597004175186,-0.07762917876243591,-0.045238446444272995,0.31732839345932007,0.31291258335113525,0.23076540231704712,-0.10110710561275482,0.0021377597004175186,-0.07762917876243591,1.0,-0.21142143452243614,0.2021584387682957,0.9344017129349887,0.07346816782852408,0.1854747734163762,0.9024998346667837,0.0,0.0,94.49502222807719,1,0.0702
69,0,0.0,-0.4930039406977137,0.059215184348029984,0.9506102887732444,0.9832848811044497,-0.17267730328755715,-0.052389717608830176,-0.024263326433345285,-0.0001842390601906807,-0.0012839791480031048,0.23938203757834634,0.1322191322870469,0.4463001624306121,-3.0622083940203413,1.7184175640714208,3.0872271520827903,0.0976605824100785,0.35391342639923096,0.2834327220916748,0.5027787685394287,-0.11802035570144653,0.033533159643411636,-0.05800752341747284,-0.08958418667316437,0.35391342639923096,0.2834327220916748,0.5027787685394287,-0.11802035570144653,0.033533159643411636,-0.05800752341747284,1.0,-0.21142143387405826,0.2021584428386464,0.9344017126061617,0.07346816782852408,0.1854747734163762,0.9024998346667837,0.0,0.0,0.0,0,0.0582
70,0,0.0,-0.49084988803619056,0.06188965214133859,0.9544700932860976,0.98295910688995,-0.17663052830119913,-0.046012609642850415,-0.021814912514255717,-2.369185019358796e-05,-0.0010222726302635005,0.242198895843551,0.10777800906108961,0.46970043631946784,-3.074575833833391,1.6817398472302758,3.0916326245052104,0.16948091836847284,0.33967846632003784,0.18697752058506012,0.5958070755004883,-0.12378500401973724,0.09952349960803986,-0.05502065271139145,0.13011421263217926,0.33967846632003784,0.18697752058506012,0.5958070755004883,-0.12378500401973724,0.09952349960803986,-0.05502065271139145,1.0,-0.21142143322567988,0.2021584469089976,0.9344017122773345,0.07346816782852408,0.1854747734163762,0.9024998346667837,0.0,0.0,0.0,0,0.0576
71,0,0.0,-0.4842674477640991,0.07099950925328019,0.959167038899294,0.9825575357466515,-0.18142258703841208,-0.034217326550965224,-0.022264510402453714,7.453875520832881e-05,-0.0009248128316291921,0.24707362255009555,0.08725061833832745,0.5049826972784718,-3.073020138212431,1.6572560295261913,3.102895549820601,0.2446229614331861,0.3510966897010803,0.19869455695152283,0.7294260263442993,-0.13331545889377594,0.13142059743404388,-0.06012383848428726,0.023029830306768417,0.3510966897010803,0.19869455695152283,0.7294260263442993,-0.13331545889377594,0.13142059743404388,-0.06012383848428726,1.0,-0.2114214325773013,0.2021584509793494,0.9344017119485067,0.07346816782852408,0.1854747734163762,0.9024998346667837,0.0,0.0,0.0,0,0.0584
72,1,0.1743,-0.4802783802037746,0.08086206204901315,0.9641628345768786,0.9819292817093673,-0.18694819612777397,-0.0209940198774365,-0.020603611714512325,0.0001028816339433349,-0.0008967111038383322,0.2545834479390907,0.06870837318453031,0.5523954559082108,-3.0725549381241897,1.6470840317639655,3.120898426583959,0.32137627562892623,-0.7449607253074646,-0.7237330675125122,-0.468313992023468,0.03192606195807457,0.334320992231369,-0.30712610483169556,0.9892595410346985,-0.7449607253074646,-0.7237330675125122,-0.468313992023468,0.03192606195807457,0.334320992231369,-0.30712610483169556,-1.0,-0.21142143192892232,0.2021584550497018,0.9344017116196786,0.07346816782852408,0.1854747734163762,0.9024998346667837,0.0,0.0,0.0,0,0.0734
73,0,0.0,-0.4824236115529211,0.08647184806430452,0.9639748608699433,0.9790374899601378,-0.20194492037870287,-0.02080392307993716,-0.016463267302545145,0.00041817662922808503,-0.0012196263290075436,0.2573902360933816,0.07584891667588804,0.5816204917905348,-3.072383007437628,1.6327113393042898,3.1300747250718977,0.3991591102842607,-0.9433695077896118,-0.9423631429672241,-0.5162868499755859,0.02406322956085205,0.3224841356277466,-0.2933039665222168,1.0421730279922485,-0.9433695077896118,-0.9423631429672241,-0.5162868499755859,0.02406322956085205,0.3224841356277466,-0.2933039665222168,-1.0,-0.21142143128054305,0.2021584591200549,0.9344017112908503,0.07346816782852408,0.1854747734163762,0.9024998346667837,0.0,0.0,0.0,0,0.0736
74,0,0.0,-0.48992347976674633,0.08658055861068159,0.9579104441894786,0.9746247294142022,-0.2208329096741028,-0.03552034207370784,-0.008818623369275278,0.0025017020739318565,-0.003130423988811334,0.2543958597012671,0.10812410231681284,0.5874918074196649,-3.072213485347772,1.6066874453834545,3.1300499192489752,0.4659722504483457,-0.9856283664703369,-1.0914068222045898,-0.6114180088043213,0.05491307005286217,0.3352937698364258,-0.303272008895874,1.0555129051208496,-0.9856283664703369,-1.0914068222045898,-0.6114180088043213,0.05491307005286217,0.3352937698364258,-0.303272008895874,-1.0,-0.21142143063216343,0.20215846319040862,0.9344017109620216,0.07346816782852408,0.1854747734163762,0.9024998346667837,0.0,0.0,0.0,0,0.0687
75,0,0.0,-0.49811876995755366,0.08415156012411823,0.9507945916750893,0.969616249056918,-0.23878252069364403,-0.05317170153651654,-8.678532530972602e-05,0.005856197195981406,-0.006362393949220196,0.2486851041340039,0.14571570820731425,0.5817143947756644,-3.0720575658155416,1.5771786007666466,3.1271659697011387,0.5202949345647997,-0.9691085815429688,-1.0081225633621216,-0.6102067232131958,0.06219620630145073,0.340055376291275,-0.2903590798377991,0.999407172203064,-0.9691085815429688,-1.0081225633621216,-0.6102067232131958,0.06219620630145073,0.340055376291275,-0.2903590798377991,-1.0,-0.21142142998378347,0.20215846726076295,0.934401710633193,0.07346816782852408,0.1854747734163762,0.9024998346667837,0.0,0.0,0.0,0,0.068
76,1,0.1692,-0.501580230726725,0.08020499384050664,0.946404805021402,0.9649374670974089,-0.25500874086376346,-0.06158920101212764,0.008543827795620445,0.003999297072852628,-0.01029138310582139,0.2416698673000161,0.17122827718895528,0.5731511414689509,-3.07207958545529,1.5486384779583136,3.1344217761310347,0.5665781611273194,-1.250573754310608,-0.22144469618797302,-0.9808096885681152,0.11887982487678528,-0.04894571006298065,-0.2763626277446747,0.956473171710968,-1.250573754310608,-0.22144469618797302,-0.9808096885681152,0.11887982487678528,-0.04894571006298065,-0.2763626277446747,-1.0,-0.21142142933540312,0.20215847133111778,0.9344017103043644,0.07346816782852408,0.1854747734163762,0.9024998346667837,0.0,0.0,770.7810947305953,1,0.0414
77,0,0.0,-0.49914730638114596,0.08317489074739964,0.9447167821643141,0.9606326304127376,-0.2705990482360671,-0.06210625259176142,0.010194011430560163,0.008292749498633682,-0.01451551056746,0.23624184319364153,0.1851779372711538,0.5759683561405035,-3.0621010865072766,1.52770941313719,3.1418683590961454,0.6168618865616904,-1.303801417350769,-0.10462678968906403,-0.8808636665344238,0.10260838270187378,-0.0875975638628006,-0.27467799186706543,1.014235019683838,-1.303801417350769,-0.10462678968906403,-0.8808636665344238,0.10260838270187378,-0.0875975638628006,-0.27467799186706543,-1.0,-0.21142142868702246,0.20215847540147303,0.9344017099755354,0.07346816782852408,0.1854747734163762,0.9024998346667837,0.0,0.0,845.7910264694856,1,0.0404
78,0,0.0,-0.4940157811596751,0.08961935374463513,0.9444460189640062,0.9560254416916459,-0.2871310638660328,-0.05921580390433969,0.00803713689168779,0.0165292116140999,-0.019175568921736712,0.23205981033414838,0.19205517636439742,0.5841078559258436,-3.04891551257085,1.510045670801251,3.1488321665478307,0.6722289322631398,-1.2698169946670532,-0.055300429463386536,-0.7491682767868042,0.0846966803073883,-0.08761797845363617,-0.2641051411628723,0.9386352896690369,-1.2698169946670532,-0.055300429463386536,-0.7491682767868042,0.0846966803073883,-0.08761797845363617,-0.2641051411628723,-1.0,-0.21142142803864133,0.20215847947182888,0.9344017096467055,0.07346816782852408,0.1854747734163762,0.9024998346667837,0.0,0.0,706.964575740497,1,0.0396
79,0,0.0,-0.48882251159363915,0.09527693413365376,0.9449621003858669,0.9514267156609102,-0.30321535101526664,-0.05280384872475676,0.007707736064125753,0.023952216756115034,-0.024027123701343214,0.22909327604101382,0.19799809337584204,0.5965514287300808,-3.038015889296007,1.4939248439144615,3.164172294614362,0.7307378272550726,-1.3025411367416382,-0.021025195717811584,-0.6982475519180298,0.07711422443389893,-0.12690369784832,-0.28561994433403015,0.9277292490005493,-1.3025411367416382,-0.021025195717811584,-0.6982475519180298,0.07711422443389893,-0.12690369784832,-0.28561994433403015,-1.0,-0.21142142739025999,0.20215848354218532,0.9344017093178755,0.07346816782852408,0.1854747734163762,0.9024998346667837,0.0,0.0,571.764105730199,1,0.0471
80,1,0.1432,-0.48337660483976386,0.1007284433974001,0.9455627361321735,0.9468852775512822,-0.3186136340501633,-0.042413747568226114,0.009731257431477774,0.03131612310047186,-0.028926297890370177,0.22724120452076724,0.20975903538811444,0.613795345567293,-3.025854349912144,1.4799143861023965,3.193117870345217,0.7915931011370005,0.30905139446258545,0.13176371157169342,0.7947887182235718,-0.05648002773523331,0.17166924476623535,-0.15355327725410461,-0.02414466254413128,0.30905139446258545,0.13176371157169342,0.7947887182235718,-0.05648002773523331,0.17166924476623535,-0.15355327725410461,1.0,-0.21142142674187814,0.20215848761254235,0.9344017089890448,0.07346816782852408,0.1854747734163762,0.9024998346667837,0.0,0.0,453.1284891257931,1,0.0459
81,0,0.0,-0.4821026526282565,0.10337821239133138,0.9491101179966563,0.9440795885858853,-0.32833074526952655,-0.026726319542601087,0.014083890441494365,0.0333679191522551,-0.032598958629004894,0.22811539080005652,0.20396213556104256,0.6495389724189455,-3.0316750348224404,1.479178761657253,3.226065894202514,0.8493105283863395,0.36761897802352905,0.15909166634082794,0.8222671747207642,-0.07368148863315582,0.148219496011734,-0.1548910290002823,-0.020428160205483437,0.36761897802352905,0.15909166634082794,0.8222671747207642,-0.07368148863315582,0.148219496011734,-0.1548910290002823,1.0,-0.2114214260934961,0.20215849168289995,0.9344017086602141,0.07346816782852408,0.1854747734163762,0.9024998346667837,0.0,0.0,0.0,0,0.0438
82,0,0.0,-0.48746350219946,0.10367882175781334,0.9545293655147628,0.9416163528916937,-0.3359232334249942,-0.014313359628581206,0.017588432232118638,0.03314191953059622,-0.03303481367836468,0.23076234536731366,0.17763449691762742,0.6993186203171368,-3.055138063090479,1.4919122920974561,3.2399617283336735,0.9071647458958492,0.3763647675514221,0.2083093523979187,0.8140509128570557,-0.08189761638641357,0.1135576069355011,-0.15980325639247894,-0.07710600644350052,0.3763647675514221,0.2083093523979187,0.8140509128570557,-0.08189761638641357,0.1135576069355011,-0.15980325639247894,1.0,-0.2114214254451136,0.20215849575325817,0.9344017083313829,0.07346816782852408,0.1854747734163762,0.9024998346667837,0.0,0.0,0.0,0,0.0423
83,0,0.0,-0.4919178033839656,0.1051603689251099,0.9605087030413407,0.9385030514846204,-0.3448385699718009,-0.002358184718310047,0.01711204192061841,0.03172622983495202,-0.03138633386179597,0.233865359330781,0.14386930706009254,0.7507396718034027,-3.075902245158272,1.5096324901691298,3.2439888069388876,0.9645304183090132,0.34911268949508667,0.20313851535320282,0.7278258800506592,-0.07748368382453918,0.10202188789844513,-0.16463589668273926,-0.021380169317126274,0.34911268949508667,0.20313851535320282,0.7278258800506592,-0.07748368382453918,0.10202188789844513,-0.16463589668273926,1.0,-0.21142142479673087,0.202158499823617,0.9344017080025515,0.07346816782852408,0.1854747734163762,0.9024998346667837,0.0,0.0,0.0,0,0.0426
84,1,0.1465,-0.4910909245624857,0.11537371532046482,0.9664823680475304,0.9341434926854384,-0.35667576720823574,0.00981734420197385,0.007870953734171677,0.02873079381042626,-0.02836163093754957,0.238236442242636,0.1189552178599184,0.7995774706470125,-3.073421361279003,1.5392779916633927,3.249660400608923,1.0126701218720247,0.7308849096298218,0.03586866706609726,0.6611489057540894,-0.0007434855215251446,0.012467557564377785,-0.11813575774431229,-0.03846621513366699,0.7308849096298218,0.03586866706609726,0.6611489057540894,-0.0007434855215251446,0.012467557564377785,-0.11813575774431229,1.0,-0.21142142414834775,0.20215850389397638,0.9344017076737201,0.07346816782852408,0.1854747734163762,0.9024998346667837,0.0,0.0,0.0,0,0.0426
85,0,0.0,-0.49023233160919943,0.12088443959304677,0.9716595036048175,0.9295926866512922,-0.36787703980614345,0.02278991622088655,0.0021307807361031416,0.024741853808766034,-0.024572815477251764,0.2414732691352536,0.10100074733525112,0.8362919250212051,-3.072279734432387,1.56959989969869,3.263243238370608,1.0458828411729013,0.7208766937255859,0.00566709041595459,0.634178876876831,-0.0038181059062480927,0.004915429279208183,-0.09933110326528549,0.021756472066044807,0.7208766937255859,0.00566709041595459,0.634178876876831,-0.0038181059062480927,0.004915429279208183,-0.09933110326528549,1.0,-0.21142142349996432,0.2021585079643364,0.9344017073448887,0.07346816782852408,0.1854747734163762,0.9024998346667837,0.0,0.0,0.0,0,0.0405
86,0,0.0,-0.48778600820274953,0.12314237651268005,0.9764464224218893,0.925643633027279,-0.3766828026956268,0.035901577596574,-0.002237747864181315,0.020333796683571832,-0.020212224859905165,0.2431290117696587,0.08498633817480204,0.8592101499687613,-3.072063485088615,1.5926515354696624,3.278074798369153,1.0661161996168245,0.6731854677200317,-0.011881425976753235,0.5573751926422119,-0.013863337226212025,-0.009998044930398464,-0.08776549994945526,0.04540945217013359,0.6731854677200317,-0.011881425976753235,0.5573751926422119,-0.013863337226212025,-0.009998044930398464,-0.08776549994945526,1.0,-0.21142142285158033,0.20215851203469692,0.9344017070160568,0.07346816782852408,0.1854747734163762,0.9024998346667837,0.0,0.0,0.0,0,0.0431
87,0,0.0,-0.4845685265557911,0.12429481214147409,0.980853106371773,0.922132307410596,-0.38386949734294606,0.04769444195110079,-0.006438699112089649,0.015683968560604028,-0.01554980361737273,0.24357359620070454,0.06969064558023867,0.8739583068818085,-3.0720379690566277,1.6087617655705937,3.2904282808865815,1.0806218058425041,0.8414206504821777,-0.018828198313713074,0.5061348676681519,-0.01056854147464037,-0.013892625458538532,-0.06937873363494873,0.018945693969726562,0.8414206504821777,-0.018828198313713074,0.5061348676681519,-0.01056854147464037,-0.013892625458538532,-0.06937873363494873,1.0,-0.2114214222031962,0.2021585161050579,0.9344017066872243,0.07346816782852408,0.1854747734163762,0.9024998346667837,0.0,0.0,0.0,0,0.0418
88,1,0.142,-0.48018927217062995,0.12377501936620439,0.9847204269437826,0.9189181786423571,-0.39000130929405386,0.05824464848063618,-0.009793907948445806,0.010886206657336368,-0.010731261381550955,0.24103575424417267,0.056725664787124375,0.8786513976894154,-3.071886024959764,1.6173417324771338,3.301574640902505,1.087430684761503,-0.05069515109062195,0.16692116856575012,-0.2082551121711731,0.15497298538684845,0.05363096669316292,-0.225550577044487,1.1031434535980225,-0.05069515109062195,0.16692116856575012,-0.2082551121711731,0.15497298538684845,0.05363096669316292,-0.225550577044487,-1.0,-0.21142142155481147,0.20215852017541938,0.9344017063583914,0.07346816782852408,0.1854747734163762,0.9024998346667837,0.0,0.0,0.0,0,0.0414
89,0,0.0,-0.4770639718887012,0.12509123001768782,0.9856572758169733,0.91509297400896,-0.3987076132043223,0.05880836670182836,-0.013366529026346108,0.007474998861359233,-0.007283839311114065,0.23632083123263048,0.054599659562892464,0.8730438440294581,-3.065663159305452,1.6180014446553717,3.2991216169895425,1.0953443037722,-0.2811565399169922,0.10290469229221344,-0.44885197281837463,0.1807427555322647,0.03359156474471092,-0.22518153488636017,0.980204701423645,-0.2811565399169922,0.10290469229221344,-0.44885197281837463,0.1807427555322647,0.03359156474471092,-0.22518153488636017,-1.0,-0.21142142090642668,0.20215852424578146,0.9344017060295581,0.07346816782852408,0.1854747734163762,0.9024998346667837,0.0,0.0,0.0,0,0.0401
90,0,0.0,-0.47621356365027434,0.12924187556363378,0.9833372874685352,0.9103904697356726,-0.4106388271087399,0.0474545866586341,-0.017692045960738464,0.007132293499280461,-0.006939487591152661,0.2300299176659667,0.06179485276367096,0.860415177050725,-3.054017524628901,1.6129872692969485,3.280250061103427,1.1066570946254382,-0.35679250955581665,0.016937360167503357,-0.7013028860092163,0.18115484714508057,0.00011141132563352585,-0.24610494077205658,0.9320391416549683,-0.35679250955581665,0.016937360167503357,-0.7013028860092163,0.18115484714508057,0.00011141132563352585,-0.24610494077205658,-1.0,-0.2114214202580413,0.20215852831614425,0.9344017057007244,0.07346816782852408,0.1854747734163762,0.9024998346667837,0.0,0.0,0.0,0,0.0383
91,0,0.0,-0.4744335782036487,0.13333058143701168,0.979556658720169,0.9049582721630334,-0.4237311058883351,0.032386286014216156,-0.02129798170132899,0.008627012775889007,-0.008403588311782718,0.2219760865503691,0.07671948423367732,0.836840097828887,-3.0394534779994986,1.5955230796530642,3.2586699315922676,1.1203386147025156,-0.5051223635673523,0.02741263061761856,-0.9359967708587646,0.17588521540164948,-0.025301560759544373,-0.26487165689468384,0.8822484612464905,-0.5051223635673523,0.02741263061761856,-0.9359967708587646,0.17588521540164948,-0.025301560759544373,-0.26487165689468384,-1.0,-0.2114214196096558,0.20215853238650766,0.9344017053718905,0.07346816782852408,0.1854747734163762,0.9024998346667837,0.0,0.0,0.0,0,0.0399
92,1,0.1472,-0.4711300252640161,0.13726463125539462,0.9741501554187775,0.8989265348956341,-0.43720829657256527,0.014597659394355228,-0.023809632690347,0.011637381068966892,-0.011378737077672169,0.21319790586067033,0.10269251572467371,0.8013896208496547,-3.0196701932992696,1.5674227779779668,3.237801184178492,1.1326297696537175,0.724021315574646,0.16752171516418457,0.3361552953720093,-0.14218689501285553,-0.12059925496578217,-0.12955725193023682,-0.04424506053328514,0.724021315574646,0.16752171516418457,0.3361552953720093,-0.14218689501285553,-0.12059925496578217,-0.12955725193023682,1.0,-0.2114214189612698,0.20215853645687168,0.9344017050430564,0.07346816782852408,0.1854747734163762,0.9024998346667837,0.0,0.0,0.0,0,0.0412
93,0,0.0,-0.46666388953003973,0.13852793792095683,0.9716854567098343,0.8946277376419638,-0.44600125524553524,0.006523463242775123,-0.02610624041005725,0.014006858066583267,-0.013826737201547189,0.20776377713218352,0.1135559109698147,0.7756492087918677,-3.008559921890824,1.5465894872159016,3.2272863111033194,1.1406030613832696,0.7156611084938049,0.08838663250207901,0.39890041947364807,-0.1116688996553421,-0.11748151481151581,-0.10766568034887314,-0.012776392512023449,0.7156611084938049,0.08838663250207901,0.39890041947364807,-0.1116688996553421,-0.11748151481151581,-0.10766568034887314,1.0,-0.21142141831288358,0.20215854052723625,0.9344017047142223,0.07346816782852408,0.1854747734163762,0.9024998346667837,0.0,0.0,0.0,0,0.0399
94,0,0.0,-0.46067951323396383,0.13578023899809155,0.9742418201412955,0.8918803270671769,-0.4511681730359762,0.013380165084649785,-0.02859603140702303,0.01393472869134499,-0.013782842834444182,0.20558881627569028,0.10239244971300204,0.7628459355529938,-3.0097314093832823,1.5363846132639256,3.231707787699203,1.1476315240775727,0.6749845743179321,0.02098122239112854,0.37020835280418396,-0.06847348809242249,-0.07754369080066681,-0.0822094976902008,-0.0308933574706316,0.6749845743179321,0.02098122239112854,0.37020835280418396,-0.06847348809242249,-0.07754369080066681,-0.0822094976902008,1.0,-0.21142141766449676,0.2021585445976013,0.9344017043853882,0.07346816782852408,0.1854747734163762,0.9024998346667837,0.0,0.0,0.0,0,0.0413
95,0,0.0,-0.4548270539262595,0.13266694748930807,0.9776478764644506,0.8894898113302131,-0.45532971439691455,0.02313182158793234,-0.030783852211660655,0.012078371818088341,-0.011924490471734588,0.20430363821190844,0.0894365006005349,0.7540467313071695,-3.0125068442980316,1.5279601755073078,3.2405079876296554,1.1556436522233626,0.7201851606369019,0.09993442893028259,0.3966093361377716,-0.06462642550468445,-0.059231068938970566,-0.054529547691345215,-0.010745475068688393,0.7201851606369019,0.09993442893028259,0.3966093361377716,-0.06462642550468445,-0.059231068938970566,-0.054529547691345215,1.0,-0.21142141701610984,0.20215854866796687,0.9344017040565535,0.07346816782852408,0.1854747734163762,0.9024998346667837,0.0,0.0,0.0,0,0.0391
96,1,0.1434,-0.4493358803367436,0.13026716186524165,0.9809142306824409,0.8875202211150208,-0.4584592190279294,0.031956731872546607,-0.03319290418554568,0.008877977654516781,-0.008679633561125602,0.20306844821992914,0.0775798983515085,0.746166306679731,-3.0144884031480244,1.5184784177741744,3.2483768211907265,1.163274753027896,-0.5652231574058533,0.3685722351074219,-0.8733929395675659,0.04887045919895172,-0.08448316156864166,0.1190524771809578,0.9071084856987,-0.5652231574058533,0.3685722351074219,-0.8733929395675659,0.04887045919895172,-0.08448316156864166,0.1190524771809578,-1.0,-0.21142141636772224,0.20215855273833305,0.934401703727718,0.07346816782852408,0.1854747734163762,0.9024998346667837,0.0,0.0,0.0,0,0.0411
97,0,0.0,-0.44621218828970344,0.13166479918981186,0.9796320267389974,0.8884982821416343,-0.45667463103074213,0.02932386387720603,-0.03404695304443738,0.006347163148335868,-0.0061322852310670035,0.20069066180099213,0.08814599493337821,0.7330599606413611,-3.0068617749450204,1.4956181634346146,3.2464067065088344,1.1652849096292823,-0.5898311138153076,0.3787412941455841,-0.8812452554702759,0.04708832874894142,-0.06129838153719902,0.11674218624830246,0.9624670743942261,-0.5898311138153076,0.3787412941455841,-0.8812452554702759,0.04708832874894142,-0.06129838153719902,0.11674218624830246,-1.0,-0.21142141571933457,0.2021585568086997,0.9344017033988823,0.07346816782852408,0.1854747734163762,0.9024998346667837,0.0,0.0,0.0,0,0.0565
98,0,0.0,-0.44498822866879645,0.13711591041149196,0.9738709568041882,0.8919148298063291,-0.4506544420710161,0.016147408371415237,-0.03373086740797215,0.006364739564005034,-0.006134364806904709,0.19778095381027355,0.1192741006359272,0.7161526789713704,-2.9894389693859287,1.4619175792550583,3.2379689965881333,1.1636870849249406,-0.6121836304664612,0.3392033576965332,-0.9120851755142212,0.04350099712610245,-0.03224022686481476,0.1017044261097908,0.981580913066864,-0.6121836304664612,0.3392033576965332,-0.9120851755142212,0.04350099712610245,-0.03224022686481476,0.1017044261097908,-1.0,-0.21142141507094633,0.202158560879067,0.9344017030700462,0.07346816782852408,0.1854747734163762,0.9024998346667837,0.0,0.0,0.0,0,0.04
99,0,0.0,-0.44399993902480434,0.14293170487991397,0.9669413441210988,0.8953348840546569,-0.44421359137524213,0.0032160594992769603,-0.03223953463745276,0.008162563378133321,-0.007957718656807285,0.19542535530468857,0.15864099779555302,0.7004360769305249,-2.969135517909504,1.4270575553748566,3.235625176743679,1.163393900692646,-0.6195862889289856,0.28622308373451233,-0.933983325958252,0.05366354063153267,-0.021237021312117577,0.08591651171445847,1.0201729536056519,-0.6195862889289856,0.28622308373451233,-0.933983325958252,0.05366354063153267,-0.021237021312117577,0.08591651171445847,-1.0,-0.21142141442255805,0.20215856494943488,0.9344017027412099,0.07346816782852408,0.1854747734163762,0.9024998346667837,0.0,0.0,0.0,0,0.0406
100,1,0.144,-0.44331327661599446,0.1489887858138936,0.9591108897598609,0.8982659329203457,-0.43833008420951214,-0.009108024355507581,-0.03003489510488999,0.011353546116751155,-0.011156437743452305,0.19356328973063255,0.20378257268751457,0.6867221425082138,-2.9466596196245267,1.3930670034795978,3.2384483428416546,1.1651753014668693,-0.2163895219564438,0.10326085984706879,-0.6333663463592529,0.010448259301483631,-0.015242448076605797,-0.01368915569037199,0.34624871611595154,-0.2163895219564438,0.10326085984706879,-0.6333663463592529,0.010448259301483631,-0.015242448076605797,-0.01368915569037199,1.0,-0.21142141377416918,0.20215856901980334,0.9344017024123732,0.07346816782852408,0.1854747734163762,0.9024998346667837,0.0,0.0,0.0,0,0.0416
101,0,0.0,-0.44155199036873266,0.15353301891113197,0.9519126330742556,0.8995749080583609,-0.43560591993080117,-0.016222437516615416,-0.027373341667578897,0.013865052163103029,-0.013689724735003224,0.19152347578632462,0.24777349542411942,0.6754435214465122,-2.925287358164614,1.363404845890274,3.2517347289342022,1.1716797823476555,-0.4489443898200989,0.10037209093570709,-0.7684624195098877,0.01276356726884842,-0.014739862643182278,-0.007771248929202557,0.037202198058366776,-0.4489443898200989,0.10037209093570709,-0.7684624195098877,0.01276356726884842,-0.014739862643182278,-0.007771248929202557,1.0,-0.2114214131257802,0.20215857309017243,0.9344017020835362,0.07346816782852408,0.1854747734163762,0.9024998346667837,0.0,0.0,0.0,0,0.0406
102,0,0.0,-0.44057780381958367,0.157228977966084,0.9446380420103954,0.8997535983752706,-0.4351745813379537,-0.022060713300959413,-0.02408050864787489,0.01382803455876531,-0.013697067788806984,0.188826555397495,0.29137188236573913,0.6676797701706207,-2.9059885990706187,1.336627105433678,3.2675202450042553,1.1826459836986554,-0.48633503913879395,0.04453589767217636,-0.7332754135131836,0.015105729922652245,-0.015059184283018112,-0.013223718851804733,-0.011018489487469196,-0.48633503913879395,0.04453589767217636,-0.7332754135131836,0.015105729922652245,-0.015059184283018112,-0.013223718851804733,1.0,-0.21142141247739066,0.20215857716054217,0.9344017017546993,0.07346816782852408,0.1854747734163762,0.9024998346667837,0.0,0.0,0.0,0,0.0409
103,0,0.0,-0.44070652297775215,0.16094578295236367,0.9370311097577887,0.8996499850412845,-0.4352329462466126,-0.027950017776112914,-0.02051788056851118,0.01198280673050495,-0.011904678289914329,0.18502948421998627,0.3354326204959617,0.6637877267078521,-2.8882924464658877,1.3094470177379458,3.2848525734066407,1.1975691429633806,-0.3417562246322632,0.04311300814151764,-0.6280887126922607,0.011761251837015152,-0.010131611488759518,-0.020291432738304138,-0.01634078100323677,-0.3417562246322632,0.04311300814151764,-0.6280887126922607,0.011761251837015152,-0.010131611488759518,-0.020291432738304138,1.0,-0.21142141182900093,0.20215858123091252,0.9344017014258623,0.07346816782852408,0.1854747734163762,0.9024998346667837,0.0,0.0,0.0,0,0.0395
104,1,0.1472,-0.4409276461183327,0.16451436371052833,0.9298623576604849,0.8992376315952011,-0.43593477507729994,-0.03210311445323041,-0.017376531407588738,0.00877506445481684,-0.008707300682205413,0.17975132087774778,0.37752476685009984,0.6631938679307335,-2.87291008588351,1.2795333904880433,3.305528890659178,1.2182893328805309,-1.3942573070526123,-0.6758228540420532,-1.3498766422271729,-0.005620322190225124,-0.18575111031532288,-0.2929876148700714,1.0907095670700073,-1.3942573070526123,-0.6758228540420532,-1.3498766422271729,-0.005620322190225124,-0.18575111031532288,-0.2929876148700714,-1.0,-0.21142141118061056,0.20215858530128328,0.9344017010970249,0.07346816782852408,0.1854747734163762,0.9024998346667837,0.0,0.0,0.0,0,0.0411
105,0,0.0,-0.44109294362189816,0.16507025989078006,0.9221464161870927,0.8952665256951304,-0.44403126081072036,-0.03435629574326046,-0.012398884442279974,0.0061907576334127926,-0.006234284259624424,0.1726375926307368,0.42121768984832664,0.6587249381484422,-2.860890596901248,1.2469841787788383,3.3315594777789874,1.253743506631725,-1.6709588766098022,-0.8316121101379395,-1.3803324699401855,-0.03755809739232063,-0.15615300834178925,-0.2707046866416931,0.9645608067512512,-1.6709588766098022,-0.8316121101379395,-1.3803324699401855,-0.03755809739232063,-0.15615300834178925,-0.2707046866416931,-1.0,-0.21142141053222016,0.2021585893716545,0.9344017007681867,0.07346816782852408,0.1854747734163762,0.9024998346667837,0.0,0.0,0.0,0,0.039
106,0,0.0,-0.4419921771411862,0.16257636099319606,0.9133337813622878,0.8886227003428928,-0.4572487948090276,-0.035319189420752975,-0.00507847808475456,0.0061876042514690185,-0.006266563000465592,0.165015682115921,0.46803457221272954,0.6496632224702477,-2.8529749715510833,1.2079411121813735,3.3626954033518106,1.3020687269919002,-1.6652573347091675,-0.9437371492385864,-1.4557443857192993,-0.015496473759412766,-0.17074963450431824,-0.26204225420951843,0.9796810746192932,-1.6652573347091675,-0.9437371492385864,-1.4557443857192993,-0.015496473759412766,-0.17074963450431824,-0.26204225420951843,-1.0,-0.2114214098838291,0.20215859344202633,0.9344017004393481,0.07346816782852408,0.1854747734163762,0.9024998346667837,0.0,0.0,0.0,0,0.0435
107,0,0.0,-0.4403209293924052,0.16275645978792344,0.9075472446015391,0.883769206975977,-0.4669886083132417,-0.02943065994987776,-0.002732171595857325,0.00972640934019667,-0.0038671473404619837,0.1583071616985253,0.5049618580380486,0.6486046259247769,-2.8472552521714736,1.1617971140064733,3.4039730902776593,1.3573910980202175,-1.370734453201294,-0.6983630657196045,-1.1823313236236572,-0.011586549691855907,-0.25119563937187195,-0.24670806527137756,1.077229380607605,-1.370734453201294,-0.6983630657196045,-1.1823313236236572,-0.011586549691855907,-0.25119563937187195,-0.24670806527137756,-1.0,-0.21142140923543803,0.2021585975123988,0.9344017001105093,0.07346816782852408,0.1854747734163762,0.9024998346667837,0.0,0.0,472.4178242181423,2,0.0431
108,1,0.1437,-0.4368167916456738,0.1655341808947509,0.9078364234801094,0.8817251773622099,-0.47158656967812307,-0.010912550754246656,-0.006909062225435558,0.014142464830398258,0.0005193561322434376,0.153322959870193,0.5273972551957508,0.6635523876092431,-2.852125014449201,1.1146713818104175,3.4674274764715927,1.4210083294403515,0.33780789375305176,-0.08623908460140228,0.8856903314590454,-0.04892835393548012,0.03801858052611351,-0.2615370750427246,-0.022479068487882614,0.33780789375305176,-0.08623908460140228,0.8856903314590454,-0.04892835393548012,0.03801858052611351,-0.2615370750427246,1.0,-0.21142140858704628,0.20215860158277188,0.9344016997816701,0.07346816782852408,0.1854747734163762,0.9024998346667837,0.0,0.0,437.25217484569794,2,0.0455
109,0,0.0,-0.4390417832853388,0.16562350589195926,0.9113660469011433,0.8772663644277898,-0.4798024836070014,0.008850019294889565,-0.010722860004689009,0.0142185591877052,-0.00362013393647591,0.14894374343954636,0.5367101857741384,0.6888321288161952,-2.876807382458805,1.0753100952782735,3.5333006505385427,1.5016594687600089,0.282682865858078,-0.1078348159790039,0.8004224300384521,-0.04785039275884628,0.027218200266361237,-0.26744726300239563,0.059309184551239014,0.282682865858078,-0.1078348159790039,0.8004224300384521,-0.04785039275884628,0.027218200266361237,-0.26744726300239563,1.0,-0.21142140793865452,0.20215860565314558,0.9344016994528306,0.07346816782852408,0.1854747734163762,0.9024998346667837,0.0,0.0,0.0,0,0.0405
110,0,0.0,-0.4447715466262729,0.16406587749442125,0.9174394139494533,0.8698919013844628,-0.4924175370217258,0.024053305835005395,-0.015312988525687049,0.013964327784885093,-0.007495443680759828,0.1448734501814025,0.5294804679716205,0.7167749817579255,-2.912981057279289,1.043164093288352,3.5819666510457537,1.592377453778531,0.30083948373794556,-0.12550854682922363,0.660455584526062,-0.03183523938059807,0.03791993483901024,-0.2518508732318878,-0.039843346923589706,0.30083948373794556,-0.12550854682922363,0.660455584526062,-0.03183523938059807,0.03791993483901024,-0.2518508732318878,1.0,-0.21142140729026213,0.2021586097235199,0.934401699123991,0.07346816782852408,0.1854747734163762,0.9024998346667837,0.0,0.0,0.0,0,0.0439
111,0,0.0,-0.45024421469596815,0.16098396669456658,0.9232294128770104,0.8615913363198646,-0.5059735783422099,0.03527128759492393,-0.020175318325237182,0.012068604009184736,-0.007882757825228374,0.14171728748218518,0.5161964171447322,0.7365823988974846,-2.9497580016035676,1.01018973277634,3.6163160007176254,1.680685549795537,0.3490399718284607,-0.05345518887042999,0.5322129726409912,-0.017609547823667526,0.04195096716284752,-0.24036487936973572,0.02039674110710621,0.3490399718284607,-0.05345518887042999,0.5322129726409912,-0.017609547823667526,0.04195096716284752,-0.24036487936973572,1.0,-0.21142140664186967,0.20215861379389477,0.9344016987951512,0.07346816782852408,0.1854747734163762,0.9024998346667837,0.0,0.0,0.0,0,0.0518
112,1,0.1453,-0.4541989053724303,0.1574667274200929,0.9280050861896652,0.8532628115625023,-0.5190941920209341,0.04296726410861724,-0.025250909480777038,0.008860286172910178,-0.006396349767404483,0.13953976186708106,0.5005193582958959,0.7465883202393909,-2.9823968613763454,0.9744864452103426,3.6386508291317776,1.7619326513637479,-0.04251579940319061,0.23309478163719177,-0.43817779421806335,-0.01474886666983366,-0.01729624718427658,-0.28460806608200073,-0.0036594029515981674,-0.04251579940319061,0.23309478163719177,-0.43817779421806335,-0.01474886666983366,-0.01729624718427658,-0.28460806608200073,1.0,-0.21142140599347659,0.2021586178642701,0.9344016984663115,0.07346816782852408,0.1854747734163762,0.9024998346667837,0.0,0.0,0.0,0,0.0421
113,0,0.0,-0.4566920202541454,0.15496541272271214,0.9280878034295326,0.8442009372059669,-0.5336594935989287,0.04202080351570301,-0.027687083345776096,0.005605174958609784,-0.004116541514239008,0.13934086180210883,0.497523835916022,0.7369885711059747,-2.9996904033861154,0.9316588597254799,3.6442149129160537,1.832804319440099,0.03358956426382065,0.20411762595176697,-0.4202137291431427,-0.005411441437900066,-0.022194400429725647,-0.29487037658691406,0.04329170659184456,0.03358956426382065,0.20411762595176697,-0.4202137291431427,-0.005411441437900066,-0.022194400429725647,-0.29487037658691406,1.0,-0.21142140534508325,0.202158621934646,0.9344016981374713,0.07346816782852408,0.1854747734163762,0.9024998346667837,0.0,0.0,0.0,0,0.0408
114,0,0.0,-0.4569345198069534,0.15339794514786956,0.9244536799457235,0.835332319847877,-0.5477773715636358,0.0369289357539591,-0.028215604272761458,0.003662981554805455,-0.0026699741816616765,0.14232678499345347,0.5067861185536936,0.7110336812511002,-3.0034243349104717,0.88441641880383,3.644621837605265,1.8907244962327647,-0.04039865732192993,0.19791777431964874,-0.37226957082748413,0.007628082297742367,0.013128267601132393,-0.28559818863868713,0.07137361168861389,-0.04039865732192993,0.19791777431964874,-0.37226957082748413,0.007628082297742367,0.013128267601132393,-0.28559818863868713,1.0,-0.2114214046966894,0.2021586260050225,0.9344016978086302,0.07346816782852408,0.1854747734163762,0.9024998346667837,0.0,0.0,0.0,0,0.0409
115,0,0.0,-0.4566364027930966,0.152367273368581,0.9202351727708469,0.8272815223065291,-0.5601199207684394,0.0323426713498546,-0.028721225922697734,0.002529253315724375,-0.0018947252915545016,0.14777122266768927,0.520005955747914,0.6827187383410516,-3.0035321334313902,0.8385657820360147,3.6476223047349317,1.942664384955399,-0.0001266002655029297,0.19219854474067688,-0.21535475552082062,0.004471967928111553,0.012446116656064987,-0.24559922516345978,-0.08808011561632156,-0.0001266002655029297,0.19219854474067688,-0.21535475552082062,0.004471967928111553,0.012446116656064987,-0.24559922516345978,1.0,-0.21142140404829543,0.2021586300753995,0.934401697479789,0.07346816782852408,0.1854747734163762,0.9024998346667837,0.0,0.0,0.0,0,0.0402
116,1,0.1452,-0.4562668097825365,0.15119177121722818,0.9184841472655989,0.8203686897430725,-0.5701168270684362,0.03161297129000624,-0.031026382787393652,0.0019102647035985768,-0.0014452838086627866,0.15365005589039435,0.524663001381547,0.6619592617959941,-3.008887003257688,0.7997221078523343,3.6559810332773868,1.991546111434207,-0.014574870467185974,-0.5322473049163818,0.6981062889099121,0.09206254780292511,0.31967592239379883,-0.04799148067831993,0.03982864320278168,-0.014574870467185974,-0.5322473049163818,0.6981062889099121,0.09206254780292511,0.31967592239379883,-0.04799148067831993,1.0,-0.2114214033999009,0.20215863414577706,0.9344016971509473,0.07346816782852408,0.1854747734163762,0.9024998346667837,0.0,0.0,256.78310879915784,1,0.043
117,0,0.0,-0.458471907129679,0.14960119841017028,0.9214501709710868,0.8164297673201091,-0.5755189640263629,0.032120302332670964,-0.03447670601596432,0.0014500647920952078,-0.0012889786021013855,0.1556190294754525,0.5070252153473078,0.6584332778351016,-3.029579931405138,0.7663689590417554,3.6574054849326005,2.039943215412356,0.05295626074075699,-0.6098718643188477,0.6491668224334717,0.09025512635707855,0.3433760106563568,-0.04487203434109688,-0.026618534699082375,0.05295626074075699,-0.6098718643188477,0.6491668224334717,0.09025512635707855,0.3433760106563568,-0.04487203434109688,1.0,-0.2114214027515063,0.20215863821615526,0.9344016968221054,0.07346816782852408,0.1854747734163762,0.9024998346667837,0.0,0.0,0.0,0,0.0414
118,0,0.0,-0.4654053256916362,0.146301576776579,0.9254216838047347,0.8131193944939797,-0.5804346408261603,0.027836478664584826,-0.0340236459290365,0.0012158154874050964,-0.0011955658688404692,0.151963882392236,0.47767091568039094,0.6633158561471207,-3.0613515373851596,0.7306371658215247,3.6442718936174767,2.0946366256765825,0.07555592060089111,-0.6024727821350098,0.6309661865234375,0.10730607807636261,0.3486952483654022,-0.03252975642681122,0.00404712650924921,0.07555592060089111,-0.6024727821350098,0.6309661865234375,0.10730607807636261,0.3486952483654022,-0.03252975642681122,1.0,-0.21142140210311108,0.20215864228653407,0.9344016964932631,0.07346816782852408,0.1854747734163762,0.9024998346667837,0.0,0.0,0.0,0,0.0414
119,0,0.0,-0.466943921022695,0.14797440619139424,0.9294086430936996,0.8079421067236094,-0.5877255482009639,0.020960115833195788,-0.036998725912522214,0.001182644859251516,-0.0008394829680485771,0.14364671677137403,0.44325640692205753,0.6681596902929057,-3.075932692831534,0.6927918915819621,3.614905680439964,2.147791991129356,0.12653237581253052,-0.6754814386367798,0.6062136888504028,0.12086045742034912,0.342215895652771,-0.04591037333011627,-0.029209978878498077,0.12653237581253052,-0.6754814386367798,0.6062136888504028,0.12086045742034912,0.342215895652771,-0.04591037333011627,1.0,-0.21142140145471583,0.20215864635691352,0.9344016961644206,0.07346816782852408,0.1854747734163762,0.9024998346667837,0.0,0.0,0.0,0,0.0417
120,1,0.1435,-0.4625853792216867,0.15367105083779634,0.9333330938200941,0.8020701154128461,-0.5957175002039012,0.01262171610996585,-0.04055714727242284,0.0011368778758557864,-0.0007641633309493502,0.1335357987157911,0.40332043497592185,0.6719771230980969,-3.073051445786007,0.6657747586947463,3.565175232899154,2.1863991624412757,-0.09891964495182037,-0.36657580733299255,-0.38696545362472534,0.13058076798915863,0.14768865704536438,-0.10288950055837631,0.030575020238757133,-0.09891964495182037,-0.36657580733299255,-0.38696545362472534,0.13058076798915863,0.14768865704536438,-0.10288950055837631,1.0,-0.2114214008063199,0.2021586504272936,0.9344016958355781,0.07346816782852408,0.1854747734163762,0.9024998346667837,0.0,0.0,0.0,0,0.0407
121,0,0.0,-0.4594630524688548,0.15600746766866186,0.9343745082609296,0.7952955763544753,-0.6051818556389366,-0.0006875331338163648,-0.03548795759979863,0.001069431795738858,-0.0007306366271136293,0.12120436529258259,0.37067441386381417,0.663641123897116,-3.0650902818898267,0.63908976163038,3.4987573911629504,2.2154010271663016,-0.06523941457271576,-0.2635068893432617,-0.43717268109321594,0.12765468657016754,0.14565978944301605,-0.07903186231851578,-0.09170939028263092,-0.06523941457271576,-0.2635068893432617,-0.43717268109321594,0.12765468657016754,0.14565978944301605,-0.07903186231851578,1.0,-0.21142140015792385,0.20215865449767423,0.9344016955067356,0.07346816782852408,0.1854747734163762,0.9024998346667837,0.0,0.0,0.0,0,0.04
122,0,0.0,-0.45487366740867213,0.15745201783949164,0.932572753228257,0.789219713139662,-0.6132642838454224,-0.017467991594973947,-0.0270930216282328,0.0010298037627267374,-0.000692667564356386,0.10775770479508763,0.35270413338262474,0.6410188314005778,-3.047186317698111,0.6049793211241544,3.4293090116979603,2.2323099363156933,0.03671078383922577,-0.09578679502010345,-0.26264625787734985,0.047293804585933685,0.10786889493465424,-0.08985362201929092,-0.06418754905462265,0.03671078383922577,-0.09578679502010345,-0.26264625787734985,0.047293804585933685,0.10786889493465424,-0.08985362201929092,1.0,-0.21142139950952724,0.20215865856805526,0.9344016951778925,0.07346816782852408,0.1854747734163762,0.9024998346667837,0.0,0.0,0.0,0,0.0412
123,0,0.0,-0.44934610862570207,0.15726739147555804,0.9309609403538256,0.7851877697804505,-0.6181454182517865,-0.0313964431659235,-0.019765410141304993,0.0009871790445553697,-0.0006614678635618199,0.09448427392185847,0.3399558899429212,0.6152522039507579,-3.0301054277628046,0.569835121355021,3.3707160282397894,2.240662068446367,0.12628881633281708,0.05411349982023239,-0.08610809594392776,0.005871310830116272,0.15677104890346527,-0.08259182423353195,-0.11379565298557281,0.12628881633281708,0.05411349982023239,-0.08610809594392776,0.005871310830116272,0.15677104890346527,-0.08259182423353195,1.0,-0.21142139886113037,0.2021586626384368,0.9344016948490488,0.07346816782852408,0.1854747734163762,0.9024998346667837,0.0,0.0,0.0,0,0.0403
124,1,0.1559,-0.4450458925480544,0.1560399358115072,0.9301784507518046,0.782757030901934,-0.6207355709578017,-0.042514866585641686,-0.013086926319225783,0.0009420935288076865,-0.0006358837423416894,0.08248945645207385,0.3277710332606098,0.594192141784868,-3.0176454474278156,0.5386522799652687,3.321001832643202,2.2465483791383907,-0.3178998827934265,0.1134953498840332,-0.5498266220092773,0.03917570784687996,0.017792146652936935,-0.024531181901693344,-0.021443810313940048,-0.3178998827934265,0.1134953498840332,-0.5498266220092773,0.03917570784687996,0.017792146652936935,-0.024531181901693344,1.0,-0.21142139821273306,0.20215866670881902,0.9344016945202047,0.07346816782852408,0.1854747734163762,0.9024998346667837,0.0,0.0,0.0,0,0.0418
125,0,0.0,-0.4420193539541569,0.15578929254430515,0.9280970296295739,0.7812518747235853,-0.6217767600341204,-0.05481629232153294,-0.005860291671379058,0.0008993564875485966,-0.0006109700698796415,0.07277101584505362,0.32697763956305453,0.5746548289123791,-3.0016993981766444,0.5107606697137186,3.2767492189930802,2.2487107203568337,-0.32288670539855957,0.13342614471912384,-0.3372650146484375,0.005037304013967514,0.010060982778668404,-0.017301810905337334,0.025273721665143967,-0.32288670539855957,0.13342614471912384,-0.3372650146484375,0.005037304013967514,0.010060982778668404,-0.017301810905337334,1.0,-0.2114213975643356,0.20215867077920183,0.9344016941913603,0.07346816782852408,0.1854747734163762,0.9024998346667837,0.0,0.0,0.0,0,0.0409
126,0,0.0,-0.4403758340236618,0.15526752548987385,0.9252079558527246,0.7816021242859907,-0.6204270244389223,-0.06456335238999879,-1.3625552565101062e-05,0.0008534438033352064,-0.0005913245004739982,0.06707950226277526,0.33402902648274846,0.557406184071627,-2.988969554927144,0.4879082790480687,3.249110832794165,2.245709090012643,-0.23763324320316315,0.11420243978500366,-0.2787095606327057,-0.011918246746063232,-0.004959280602633953,-0.03452375903725624,0.3242228627204895,-0.23763324320316315,0.11420243978500366,-0.2787095606327057,-0.011918246746063232,-0.004959280602633953,-0.03452375903725624,1.0,-0.2114213969159376,0.20215867484958522,0.9344016938625155,0.07346816782852408,0.1854747734163762,0.9024998346667837,0.0,0.0,0.0,0,0.0414
127,0,0.0,-0.44015269096173165,0.1543921535960814,0.9227189076458058,0.7823283609177727,-0.6188631743209805,-0.07039123044274347,0.003972637641012463,0.0008110667299933376,-0.0005717290887782919,0.06516926523081848,0.34215808170937223,0.544857270712379,-2.982070490083941,0.4722010852776579,3.2362390361706215,2.2435165704368587,-0.09841157495975494,0.2412392795085907,0.08066606521606445,-0.05655064806342125,0.035397060215473175,-0.046667296439409256,0.3713397681713104,-0.09841157495975494,0.2412392795085907,0.08066606521606445,-0.05655064806342125,0.035397060215473175,-0.046667296439409256,1.0,-0.21142139626753945,0.20215867891996925,0.9344016935336704,0.07346816782852408,0.1854747734163762,0.9024998346667837,0.0,0.0,0.0,0,0.0402
128,1,0.1444,-0.441460249333151,0.15348798943629918,0.9218009339481914,0.7832301493084232,-0.6175108922897496,-0.07205794610325335,0.006203508781527905,0.0007679496217662302,-0.0005553960152432626,0.06664975534115841,0.3436901404692887,0.5399185862379806,-2.9835151578449395,0.4638806773069899,3.2334955847048636,2.2454439398874326,-0.454399049282074,0.23850739002227783,-0.6567045450210571,-0.01819690316915512,-0.05007224902510643,-0.046449266374111176,0.8677801489830017,-0.454399049282074,0.23850739002227783,-0.6567045450210571,-0.01819690316915512,-0.05007224902510643,-0.046449266374111176,-1.0,-0.21142139561914075,0.20215868299035386,0.9344016932048251,0.07346816782852408,0.1854747734163762,0.9024998346667837,0.0,0.0,0.0,0,0.0427
129,0,0.0,-0.4439408401732058,0.1538235653643377,0.918765998446311,0.7823041230716972,-0.6181513345144024,-0.07610605678512697,0.009851638630369922,0.0010034364105134033,-0.0008769332931254141,0.0716906568199167,0.35834296924006814,0.5331507363574916,-2.9793132099867945,0.45973101251720566,3.2330879524019607,2.249446711133818,-0.4772840142250061,0.24996645748615265,-0.5908488035202026,-0.026259595528244972,-0.04178140312433243,-0.04427468031644821,1.060352087020874,-0.4772840142250061,0.24996645748615265,-0.5908488035202026,-0.026259595528244972,-0.04178140312433243,-0.04427468031644821,-1.0,-0.21142139497074197,0.20215868706073903,0.9344016928759799,0.07346816782852408,0.1854747734163762,0.9024998346667837,0.0,0.0,0.0,0,0.041
130,0,0.0,-0.4469273603910525,0.1542358351116603,0.9128202706396531,0.7812115203980411,-0.618916334109179,-0.0804192640655686,0.013560005065926067,0.002856229898734968,-0.0029193131862677475,0.08166453788721197,0.3883255956670467,0.5209011415101803,-2.9714694362278613,0.4572346114063074,3.244911849221641,2.249827341564231,-0.4754886031150818,0.23564237356185913,-0.5083738565444946,-0.03682916611433029,-0.02366071194410324,-0.041652753949165344,0.9981217384338379,-0.4754886031150818,0.23564237356185913,-0.5083738565444946,-0.03682916611433029,-0.02366071194410324,-0.041652753949165344,-1.0,-0.21142139432234258,0.20215869113112472,0.9344016925471346,0.07346816782852408,0.1854747734163762,0.9024998346667837,0.0,0.0,0.0,0,0.0407
131,0,0.0,-0.4454156343566113,0.15507570363379106,0.9094296682898404,0.780915797639546,-0.6199976572475886,-0.07540960339084637,0.009317388095790066,0.0062156906166286946,-0.0008837922173322562,0.09417779364424791,0.41058569371911474,0.5108150006860834,-2.966230041335348,0.458255969016238,3.2774576854662656,2.250696606530755,-0.4491850733757019,0.25613999366760254,-0.42929884791374207,-0.05080702528357506,-0.014521380886435509,-0.04166118800640106,1.0248605012893677,-0.4491850733757019,0.25613999366760254,-0.42929884791374207,-0.05080702528357506,-0.014521380886435509,-0.04166118800640106,-1.0,-0.21142139367394283,0.20215869520151106,0.9344016922182887,0.07346816782852408,0.1854747734163762,0.9024998346667837,0.0,0.0,275.478325790008,1,0.0401
132,1,0.1445,-0.44394441447149774,0.15555137649728676,0.9088195225441507,0.7811343146680858,-0.6211440228307221,-0.06331881694528299,0.00011300591094963452,0.01011134682420307,0.0009024595985914927,0.1069074104121921,0.42551081080675185,0.5092430678539338,-2.9718175751319262,0.46276312974825096,3.3285912899657992,2.2568087962182006,0.03397505730390549,0.12488231807947159,-0.06481483578681946,-0.0015233478043228388,0.016027456149458885,-0.11202723532915115,0.0008511142805218697,0.03397505730390549,0.12488231807947159,-0.06481483578681946,-0.0015233478043228388,0.016027456149458885,-0.11202723532915115,1.0,-0.21142139302554275,0.20215869927189783,0.9344016918894422,0.07346816782852408,0.1854747734163762,0.9024998346667837,0.0,0.0,280.0167440747987,1,0.0422
133,0,0.0,-0.44477549868155586,0.15560003895642957,0.909071930332756,0.7784932021578697,-0.6254853475009928,-0.051399599215971245,-0.00863107501905383,0.013095173076454632,0.0003423159326100032,0.1160454431310394,0.4386941264910039,0.5142243825720584,-2.982636489762127,0.46877253562475435,3.381954767267218,2.274048804313645,0.08938311785459518,0.08380246162414551,0.021820291876792908,-0.002083521569147706,0.03093569353222847,-0.13348278403282166,-0.007635161746293306,0.08938311785459518,0.08380246162414551,0.021820291876792908,-0.002083521569147706,0.03093569353222847,-0.13348278403282166,1.0,-0.2114213923771424,0.20215870334228517,0.9344016915605953,0.07346816782852408,0.1854747734163762,0.9024998346667837,0.0,0.0,132.87525623740925,1,0.0417
134,0,0.0,-0.44612169328607837,0.15566522103101704,0.9094403782860891,0.7728905226438745,-0.6328785727665126,-0.043333258394059625,-0.01507251993703418,0.01326624885272304,-0.0008691628884463599,0.12019647518236393,0.44953646818257964,0.5206359483088777,-2.9917608232024815,0.47259979711966094,3.4224703161658017,2.298417422948025,0.12794968485832214,0.050506070256233215,0.09804573655128479,-0.0004327758215367794,0.03412436693906784,-0.15917935967445374,-0.030619805678725243,0.12794968485832214,0.050506070256233215,0.09804573655128479,-0.0004327758215367794,0.03412436693906784,-0.15917935967445374,1.0,-0.2114213917287416,0.20215870741267308,0.9344016912317481,0.07346816782852408,0.1854747734163762,0.9024998346667837,0.0,0.0,66.11774437388108,1,0.0417
135,0,0.0,-0.44780913509467585,0.1557737967307461,0.909736259314928,0.766254980017637,-0.641077304952423,-0.03878728857832736,-0.019202627889154056,0.01164133660863256,-0.0024905651653015877,0.1213107636619683,0.4576006548324727,0.5267708423063949,-2.9990511859917395,0.47365141841746095,3.4503841945105638,2.325043152902777,0.17238059639930725,-0.03950546681880951,0.1551370918750763,0.006965278647840023,0.039558954536914825,-0.18288472294807434,0.005511622875928879,0.17238059639930725,-0.03950546681880951,0.1551370918750763,0.006965278647840023,0.039558954536914825,-0.18288472294807434,1.0,-0.2114213910803406,0.20215871148306158,0.9344016909029007,0.07346816782852408,0.1854747734163762,0.9024998346667837,0.0,0.0,10.5476367571301,1,0.0402
136,1,0.1449,-0.44899623312758635,0.15608835981612273,0.9102530976813834,0.7589044838611785,-0.649815854529255,-0.035935298057923955,-0.022627282896968238,0.008568334885748714,-0.0029922910258467967,0.12038448009361882,0.46268604662483104,0.5325191996989613,-3.004786377349849,0.4725742377770059,3.47063257604322,2.3532359569526013,-0.05156722664833069,-0.3491654396057129,-0.46722155809402466,0.15154410898685455,-0.11865611374378204,-0.29443272948265076,-0.027362212538719177,-0.05156722664833069,-0.3491654396057129,-0.46722155809402466,0.15154410898685455,-0.11865611374378204,-0.29443272948265076,1.0,-0.21142139043193914,0.20215871555345072,0.9344016905740528,0.07346816782852408,0.1854747734163762,0.9024998346667837,0.0,0.0,0.0,0,0.0619
137,0,0.0,-0.44665503533001505,0.15763731232796355,0.909097214239349,0.7478554295161832,-0.6623740367192427,-0.03574974283693475,-0.026359967953556416,0.006535514727762928,-0.0008706146599878875,0.1159833144286499,0.47482490919377834,0.5314454999269013,-2.9982936458200165,0.4659707355126091,3.484043309368125,2.3856879849334516,-0.1653481274843216,-0.3880942165851593,-0.4543302357196808,0.17679764330387115,-0.1563069373369217,-0.2932877838611603,0.032938964664936066,-0.1653481274843216,-0.3880942165851593,-0.4543302357196808,0.17679764330387115,-0.1563069373369217,-0.2932877838611603,1.0,-0.21142138978353747,0.2021587196238405,0.9344016902452048,0.07346816782852408,0.1854747734163762,0.9024998346667837,0.0,0.0,273.88846910690654,2,0.0435
138,0,0.0,-0.44415003791958935,0.1579819279856585,0.9089658503482335,0.7379135952845247,-0.6732316030386408,-0.034579379507973435,-0.03235739601901112,0.008561227719528806,0.001364129326360411,0.10609663418023493,0.4835386785799023,0.5307721849029813,-2.998399750200411,0.44893985884326165,3.5037805488453713,2.419078294778983,-0.22812272608280182,-0.4317406713962555,-0.5622676014900208,0.17800666391849518,-0.11883462965488434,-0.29725322127342224,-0.02070726454257965,-0.22812272608280182,-0.4317406713962555,-0.5622676014900208,0.17800666391849518,-0.11883462965488434,-0.29725322127342224,1.0,-0.2114213891351353,0.20215872369423088,0.9344016899163567,0.07346816782852408,0.1854747734163762,0.9024998346667837,0.0,0.0,253.99936269327063,2,0.0428
139,0,0.0,-0.44423489423184503,0.1576885079825498,0.9090594709138293,0.7281086323295535,-0.6834857124272651,-0.03570546596690492,-0.03781825134860773,0.008373830719429015,0.0009664979892651173,0.09104094045331232,0.49198783057694434,0.531832111103341,-3.0045135090238997,0.421294865922779,3.5248638170725277,2.458972533696366,-0.3840165138244629,-0.32252320647239685,-0.5105280876159668,0.1528182029724121,-0.11801163852214813,-0.28749537467956543,-0.11278826743364334,-0.3840165138244629,-0.32252320647239685,-0.5105280876159668,0.1528182029724121,-0.11801163852214813,-0.28749537467956543,1.0,-0.21142138848673286,0.20215872776462174,0.9344016895875087,0.07346816782852408,0.1854747734163762,0.9024998346667837,0.0,0.0,284.9167830005333,2,0.0431
140,1,0.1414,-0.44439704727629714,0.15716060152782083,0.9091831085311133,0.7179319479523718,-0.6936712251213697,-0.03798233409979636,-0.0441734291657383,0.008102818827191043,0.0005628258654212107,0.07273131816906134,0.5014380821711109,0.5311098285143986,-3.0118282687807225,0.38592624603537584,3.5479954605913955,2.501342112473245,0.6014868021011353,-1.1416620016098022,0.5041022300720215,0.18115484714508057,0.03564853221178055,0.053707703948020935,0.03769708424806595,0.6014868021011353,-1.1416620016098022,0.5041022300720215,0.18115484714508057,0.03564853221178055,0.053707703948020935,1.0,-0.21142138783833,0.202158731835013,0.93440168925866,0.07346816782852408,0.1854747734163762,0.9024998346667837,0.0,0.0,231.25037330955246,2,0.0485
141,0,0.0,-0.4436634683538903,0.15485537208640407,0.9116731689499511,0.7106652970748359,-0.7004368354221495,-0.03776266928199651,-0.054009776207990357,0.007292553632279231,0.00020386608309859306,0.05050586953570192,0.5011795475256142,0.5279898771835715,-3.027005483122326,0.34214393294376505,3.5771220214604957,2.5372331079470105,0.7346735000610352,-1.0812530517578125,0.3785538375377655,0.17753852903842926,0.02926575019955635,0.05114427208900452,0.047664251178503036,0.7346735000610352,-1.0812530517578125,0.3785538375377655,0.17753852903842926,0.02926575019955635,0.05114427208900452,1.0,-0.21142138718992676,0.20215873590540495,0.9344016889298107,0.07346816782852408,0.1854747734163762,0.9024998346667837,0.0,0.0,0.0,0,0.0409
142,0,0.0,-0.4415170117322646,0.14935675386371422,0.9153352664224096,0.7051625254243794,-0.7051320589358786,-0.036657062235974425,-0.06473679005161928,0.004728993840627949,7.176522380411457e-05,0.022112509682921413,0.49358772070700924,0.5156476310496226,-3.0456338445256668,0.2862405310915368,3.6032506746723723,2.5659142551337832,0.6950747966766357,-1.0203750133514404,0.04987896978855133,0.17897796630859375,-0.0010871794074773788,0.05757454037666321,-0.10547502338886261,0.6950747966766357,-1.0203750133514404,0.04987896978855133,0.17897796630859375,-0.0010871794074773788,0.05757454037666321,1.0,-0.2114213865415232,0.20215873997579747,0.934401688600961,0.07346816782852408,0.1854747734163762,0.9024998346667837,0.0,0.0,0.0,0,0.0402
143,0,0.0,-0.4375155782119046,0.14239995701243666,0.9172164875029268,0.7000153656385713,-0.7093306224676033,-0.03822095432351813,-0.07326468828991188,0.0031670276986955357,3.795077860789755e-05,-0.010309095993064673,0.489142124881558,0.4907604148452867,-3.0564348549384968,0.219041128022637,3.6176920966635318,2.587297923945735,0.6927938461303711,-0.8907815217971802,0.25115078687667847,0.1532202810049057,0.020665261894464493,0.050946250557899475,-0.020115412771701813,0.6927938461303711,-0.8907815217971802,0.25115078687667847,0.1532202810049057,0.020665261894464493,0.050946250557899475,1.0,-0.21142138589311932,0.20215874404619058,0.934401688272111,0.07346816782852408,0.1854747734163762,0.9024998346667837,0.0,0.0,0.0,0,0.0402
144,1,0.1426,-0.4325162395346929,0.1343715988081931,0.918690447646805,0.6966863396260814,-0.7115396811895603,-0.040461516461381915,-0.08186752687552981,0.002265445676691155,2.1008426580978643e-05,-0.04525650079792237,0.48447595952275707,0.458214360805343,-3.0644910735119635,0.1423540344598836,3.6284310569010927,2.6019829715539164,0.10576367378234863,0.2828492522239685,-0.14609451591968536,-0.0004675122909247875,-0.027967309579253197,-0.18516908586025238,0.007290282752364874,0.10576367378234863,0.2828492522239685,-0.14609451591968536,-0.0004675122909247875,-0.027967309579253197,-0.18516908586025238,1.0,-0.21142138524471507,0.20215874811658424,0.9344016879432606,0.07346816782852408,0.1854747734163762,0.9024998346667837,0.0,0.0,0.0,0,0.0442
145,0,0.0,-0.428930197758239,0.12771190365327173,0.9189333332116213,0.6945974391529904,-0.7126195081859784,-0.04561406803424903,-0.08733378997986353,0.001722064030046443,1.1064919859526478e-05,-0.07706305497785672,0.48298949087272025,0.4269394276535535,-3.066967759507612,0.0679058190246618,3.627983584339015,2.6153863234324284,0.15249495208263397,0.29967814683914185,-0.09858500957489014,-0.0073057785630226135,-0.022000793367624283,-0.20825740694999695,-0.02306385152041912,0.15249495208263397,0.29967814683914185,-0.09858500957489014,-0.0073057785630226135,-0.022000793367624283,-0.20825740694999695,1.0,-0.2114213845963106,0.20215875218697854,0.9344016876144101,0.07346816782852408,0.1854747734163762,0.9024998346667837,0.0,0.0,0.0,0,0.0418
146,0,0.0,-0.42461469577247446,0.12332543387320485,0.9180004378450843,0.6920882301164373,-0.714312052659225,-0.05108850396386809,-0.09034455115165918,0.0014634911169862876,8.140030062240112e-06,-0.10133263460843704,0.48437960941947195,0.4013643195499527,-3.060814678119496,0.00855722302429776,3.6190670892430585,2.628864105035772,0.1501220166683197,0.32400649785995483,-0.05730830132961273,-0.018730707466602325,-0.018470972776412964,-0.2195117026567459,0.03054160811007023,0.1501220166683197,0.32400649785995483,-0.05730830132961273,-0.018730707466602325,-0.018470972776412964,-0.2195117026567459,1.0,-0.21142138394790566,0.20215875625737345,0.9344016872855593,0.07346816782852408,0.1854747734163762,0.9024998346667837,0.0,0.0,0.0,0,0.0398
147,0,0.0,-0.41959792122612255,0.12029309149417429,0.9172395318744231,0.6886873768606092,-0.7169976717137585,-0.05504530956647371,-0.09270409702182705,0.0013084028367274186,6.157220805114353e-06,-0.11958647196984455,0.4847468495233244,0.3822354791931721,-3.0515145198215325,-0.03694756988572899,3.60776793647764,2.644446673374438,0.150587260723114,0.30983588099479675,-0.03135567158460617,-0.03146173804998398,-0.013869939371943474,-0.2251632809638977,-0.040145907551050186,0.150587260723114,0.30983588099479675,-0.03135567158460617,-0.03146173804998398,-0.013869939371943474,-0.2251632809638977,1.0,-0.21142138329950044,0.2021587603277689,0.9344016869567084,0.07346816782852408,0.1854747734163762,0.9024998346667837,0.0,0.0,0.0,0,0.0404
148,1,0.1436,-0.4144983758476304,0.11823177979910951,0.9167950438044123,0.6843871219765649,-0.7207131501676849,-0.057708042795896336,-0.09410953322948859,0.001213818137355761,4.849373070193454e-06,-0.13282365956231218,0.4833314109449782,0.36914735840260826,-3.0413209884543906,-0.06984599472001352,3.594803263787234,2.6621549763194707,0.26317423582077026,0.1621246486902237,-0.5809305310249329,0.08080323040485382,0.06359036266803741,0.003973899409174919,1.017939567565918,0.26317423582077026,0.1621246486902237,-0.5809305310249329,0.08080323040485382,0.06359036266803741,0.003973899409174919,-1.0,-0.2114213826510948,0.202158764398165,0.9344016866278576,0.07346816782852408,0.1854747734163762,0.9024998346667837,0.0,0.0,0.0,0,0.043
149,0,0.0,-0.4098894085359381,0.11910650230540606,0.9136130836471296,0.681703325951019,-0.7229843741513613,-0.06448233365018122,-0.09173984285635484,0.0013941963099340796,-0.00041244184843978917,-0.1426998128326226,0.49308371216900243,0.36111228444970395,-3.0206293462120644,-0.09963562425446967,3.570613481305347,2.6794522664387816,0.2465047389268875,0.04897996038198471,-0.6931260824203491,0.06778523325920105,0.03249271214008331,-0.0788763239979744,0.9986090660095215,0.2465047389268875,0.04897996038198471,-0.6931260824203491,0.06778523325920105,0.03249271214008331,-0.0788763239979744,-1.0,-0.21142138200268873,0.2021587684685615,0.934401686299006,0.07346816782852408,0.1854747734163762,0.9024998346667837,0.0,0.0,0.0,0,0.0535
150,0,0.0,-0.4032099419618995,0.11997725554794081,0.9089505317262417,0.679109880518415,-0.725091077951929,-0.07117976803364151,-0.08936520284456259,0.004969576623003038,0.000316587059563747,-0.1527186267955262,0.5086284142919357,0.3519438776439092,-2.993328029196751,-0.1281589605046876,3.5465310512136954,2.693880518914286,0.21176277101039886,0.05946072190999985,-0.6217467784881592,0.06894436478614807,-0.014182127080857754,-0.13720665872097015,0.9469205141067505,0.21176277101039886,0.05946072190999985,-0.6217467784881592,0.06894436478614807,-0.014182127080857754,-0.13720665872097015,-1.0,-0.2114213813542824,0.20215877253895856,0.9344016859701539,0.07346816782852408,0.1854747734163762,0.9024998346667837,0.0,0.0,434.095356012362,2,0.0453
151,0,0.0,-0.4018629405663031,0.11975598793194885,0.9090602654572081,0.6767190449776426,-0.7267188085661158,-0.07516725305653336,-0.09099995334464056,0.006179660038277622,0.0013740202253894665,-0.16563798408921257,0.5092774912234759,0.3478813136807872,-2.990132303874282,-0.15867289615112432,3.5409737613071988,2.7122039221723964,0.12770920991897583,0.040719978511333466,-0.5654703378677368,0.05495399981737137,-0.03424938768148422,-0.1647341549396515,1.0368871688842773,0.12770920991897583,0.040719978511333466,-0.5654703378677368,0.05495399981737137,-0.03424938768148422,-0.1647341549396515,-1.0,-0.21142138070587566,0.20215877660935616,0.9344016856413014,0.07346816782852408,0.1854747734163762,0.9024998346667837,0.0,0.0,315.2115438411323,2,0.0437
152,1,0.1434,-0.40213936014475443,0.11960134922646168,0.9093590413730687,0.6731304377212651,-0.7294666213314404,-0.07968910971980295,-0.09177967078027295,0.005849141003074707,0.0009774166898179181,-0.17872367442156353,0.5095175416212943,0.3460247095629024,-2.9897205583284054,-0.1858744802699748,3.536425113705752,2.732734471857977,0.12249275296926498,0.12446703761816025,0.3642773926258087,-0.0041266558691859245,0.02951354905962944,-0.2267816960811615,0.030992284417152405,0.12249275296926498,0.12446703761816025,0.3642773926258087,-0.0041266558691859245,0.02951354905962944,-0.2267816960811615,1.0,-0.21142138005746863,0.20215878067975437,0.9344016853124488,0.07346816782852408,0.1854747734163762,0.9024998346667837,0.0,0.0,264.02447328720865,2,0.0446
153,0,0.0,-0.4016248030958355,0.1189970677674675,0.911504273941793,0.6672969217752345,-0.7342546851155661,-0.0814581524455162,-0.09460150619994956,0.007942207772054566,-0.0017728331885558811,-0.19143072491052296,0.50265650773382,0.3464465246825566,-2.9937725753984132,-0.20695076494022085,3.5373628716199836,2.756724654626034,0.16915881633758545,0.12532372772693634,0.36655697226524353,-0.010076900944113731,0.03101952373981476,-0.2341488003730774,0.01191787514835596,0.16915881633758545,0.12532372772693634,0.36655697226524353,-0.010076900944113731,0.03101952373981476,-0.2341488003730774,1.0,-0.21142137940906122,0.20215878475015325,0.9344016849835957,0.07346816782852408,0.1854747734163762,0.9024998346667837,0.0,0.0,0.0,0,0.0448
154,0,0.0,-0.40047248591996115,0.11809280822204701,0.9151516227205779,0.6592617446253137,-0.7410656044120042,-0.08113688602331515,-0.09804349931279142,0.009886122423599321,-0.006236903120463472,-0.20323836410301488,0.48921207876466344,0.34940673558259294,-3.0004398258739626,-0.22211037860633187,3.5386249180538134,2.785008180035185,0.20860883593559265,0.11083205044269562,0.3446778357028961,-0.008845867589116096,0.02917727828025818,-0.2529779076576233,-0.000698824122082442,0.20860883593559265,0.11083205044269562,0.3446778357028961,-0.008845867589116096,0.02917727828025818,-0.2529779076576233,1.0,-0.2114213787606535,0.20215878882055274,0.9344016846547423,0.07346816782852408,0.1854747734163762,0.9024998346667837,0.0,0.0,0.0,0,0.0412
155,0,0.0,-0.3988369079010446,0.11759874179211564,0.9190148380225127,0.6501439348749621,-0.7487888129640224,-0.08046844074665299,-0.1007621336069901,0.009547806265464311,-0.007020771690860177,-0.21383555875430488,0.4737278686916235,0.3547346725037599,-3.005976214199452,-0.23349902528198543,3.5366899522018476,2.8165481792500993,0.22297179698944092,0.07518194615840912,0.2665305733680725,-0.013928604312241077,0.01975012943148613,-0.26164454221725464,-0.008449765853583813,0.22297179698944092,0.07518194615840912,0.2665305733680725,-0.013928604312241077,0.01975012943148613,-0.26164454221725464,1.0,-0.21142137811224546,0.20215879289095284,0.9344016843258887,0.07346816782852408,0.1854747734163762,0.9024998346667837,0.0,0.0,0.0,0,0.0398
156,1,0.143,-0.39645276163184473,0.11725604459929721,0.92259231585173,0.6401299702840879,-0.757235456360517,-0.07958280479806076,-0.10244345735596988,0.0074184573476156245,-0.005900785478412854,-0.22315683167223616,0.4580833319401414,0.36104309499451176,-3.008791669220363,-0.24167762179958271,3.5308232950911953,2.8499228901149696,0.20784053206443787,0.07521846145391464,0.4256785809993744,-0.017214544117450714,0.03639160096645355,-0.040407437831163406,-0.004160774871706963,0.20784053206443787,0.07521846145391464,0.4256785809993744,-0.017214544117450714,0.03639160096645355,-0.040407437831163406,1.0,-0.21142137746383705,0.2021587969613535,0.934401683997035,0.07346816782852408,0.1854747734163762,0.9024998346667837,0.0,0.0,0.0,0,0.041
157,0,0.0,-0.3947475695985075,0.11757740944369878,0.9265941908274018,0.6340752586352121,-0.7622499743768385,-0.07848141949348675,-0.10375070960472522,0.004723106864814699,-0.003907049344069528,-0.23126505308026266,0.4393101649365884,0.3690585709512768,-3.0130956336793546,-0.2514382828108946,3.5224525327361813,2.877000241827675,0.2449330985546112,0.10717770457267761,0.593463659286499,-0.019321206957101822,0.011705935001373291,-0.03639999404549599,0.00540917506441474,0.2449330985546112,0.10717770457267761,0.593463659286499,-0.019321206957101822,0.011705935001373291,-0.03639999404549599,1.0,-0.21142137681542822,0.20215880103175463,0.9344016836681814,0.07346816782852408,0.1854747734163762,0.9024998346667837,0.0,0.0,0.0,0,0.0387
158,0,0.0,-0.3938226292413158,0.1183129291912731,0.9320989032382198,0.6319990622901555,-0.7638514934989123,-0.07606019939609315,-0.10640924401418324,0.003089350588019949,-0.0026303974435246103,-0.23912260164498952,0.4139237797219676,0.3788576551513438,-3.0219189751450033,-0.26405279310022883,3.515826685486415,2.899168493891108,0.37136369943618774,0.12687216699123383,0.6483386754989624,-0.010833894833922386,0.0012452900409698486,-0.03568025305867195,-0.019540242850780487,0.37136369943618774,0.12687216699123383,0.6483386754989624,-0.010833894833922386,0.0012452900409698486,-0.03568025305867195,1.0,-0.21142137616701911,0.20215880510215628,0.9344016833393272,0.07346816782852408,0.1854747734163762,0.9024998346667837,0.0,0.0,0.0,0,0.0396
159,0,0.0,-0.3929842355676972,0.11862669035812103,0.9383371871435804,0.6376797217045589,-0.7588899841086209,-0.07109630390004082,-0.11133678690426334,0.002181965468507343,-0.0019000827093870497,-0.247894672956541,0.3862954081776875,0.3898364105420879,-3.03344921214554,-0.2741315348362609,3.5138767036647303,2.8987279839414266,0.41759371757507324,0.09734572470188141,0.6760319471359253,-0.0024891081266105175,0.018399300053715706,-0.038355015218257904,-0.03579186275601387,0.41759371757507324,0.09734572470188141,0.6760319471359253,-0.0024891081266105175,0.018399300053715706,-0.038355015218257904,1.0,-0.21142137551860948,0.20215880917255855,0.9344016830104723,0.07346816782852408,0.1854747734163762,0.9024998346667837,0.0,0.0,0.0,0,0.0382
160,1,0.14,-0.3925950253646766,0.1189401550390075,0.9445633752478277,0.6427465306925666,-0.7541547432442558,-0.06587328045710991,-0.11742330027161367,0.0016696149647905092,-0.0014953730949571718,-0.25741351444018973,0.3601134113347488,0.4017435117607701,-3.0465434044669712,-0.28240041874845195,3.517216507277066,2.897791391801915,0.379751980304718,-0.007378816604614258,0.39339956641197205,0.04483021795749664,0.05202818289399147,-0.17217108607292175,0.6996539831161499,0.379751980304718,-0.007378816604614258,0.39339956641197205,0.04483021795749664,0.05202818289399147,-0.17217108607292175,-1.0,-0.21142137487019969,0.20215881324296137,0.934401682681617,0.07346816782852408,0.1854747734163762,0.9024998346667837,0.0,0.0,0.0,0,0.0422
161,0,0.0,-0.39271486492066604,0.11886780103108731,0.9491170615978698,0.6453307745787686,-0.7514644318176367,-0.062227828345718945,-0.12238094816571185,0.0017038308172339632,-0.00155393621258608,-0.26739521940251476,0.3420986046439747,0.4117865768008001,-3.0572373631449565,-0.2881253744700671,3.522193429247273,2.897738040444678,0.42590105533599854,-0.08273467421531677,0.4034667909145355,0.07880574464797974,0.055544476956129074,-0.2083081603050232,0.9948715567588806,0.42590105533599854,-0.08273467421531677,0.4034667909145355,0.07880574464797974,0.055544476956129074,-0.2083081603050232,-1.0,-0.21142137422178942,0.20215881731336474,0.9344016823527614,0.07346816782852408,0.1854747734163762,0.9024998346667837,0.0,0.0,0.0,0,0.0415
162,0,0.0,-0.3924697553500866,0.11823555472877217,0.9522880952509913,0.6446871279466704,-0.7512102407922334,-0.05980089064354375,-0.12839600720811212,0.0033668485320768188,-0.0032040786326234497,-0.27799706677712865,0.3334161267949081,0.4180552721285392,-3.06575318434213,-0.2919878703310694,3.5347567279117804,2.8977441585645813,0.009289473295211792,-0.17683148384094238,0.2571885287761688,0.1261519491672516,0.07564413547515869,-0.19838958978652954,-0.2169446349143982,0.009289473295211792,-0.17683148384094238,0.2571885287761688,0.1261519491672516,0.07564413547515869,-0.19838958978652954,1.0,-0.21142137357337892,0.20215882138376876,0.9344016820239056,0.07346816782852408,0.1854747734163762,0.9024998346667837,0.0,0.0,0.0,0,0.0434
163,0,0.0,-0.3929553864833505,0.11746627630214307,0.9544099994874657,0.642307214004205,-0.7520376454410153,-0.05920059074106507,-0.1355585214348335,0.005037838036860512,-0.004825400483824417,-0.28893527881192954,0.33325025998897867,0.42024320316588437,-3.073830781146057,-0.29819603921201154,3.554784081034178,2.897752465954663,-0.019532114267349243,-0.15643030405044556,0.18758094310760498,0.17644962668418884,0.06459207832813263,-0.19763799011707306,0.11124831438064575,-0.019532114267349243,-0.15643030405044556,0.18758094310760498,0.17644962668418884,0.06459207832813263,-0.19763799011707306,1.0,-0.21142137292496807,0.20215882545417335,0.9344016816950493,0.07346816782852408,0.1854747734163762,0.9024998346667837,0.0,0.0,0.0,0,0.0555
164,1,0.1414,-0.390465366621043,0.11754760227268123,0.9554653798257711,0.6396171829502916,-0.7525123273158203,-0.060030125591098576,-0.14495323567957002,0.004675094363870272,-0.004461757460798155,-0.30018916642070226,0.34346613575159113,0.41823878762149896,-3.072501976400863,-0.3109127700187424,3.576828876193285,2.8977562630259497,-0.7563657760620117,-0.05163602530956268,-0.7080094814300537,0.018649835139513016,0.000687669962644577,-0.11860312521457672,0.9974796772003174,-0.7563657760620117,-0.05163602530956268,-0.7080094814300537,0.018649835139513016,0.000687669962644577,-0.11860312521457672,-1.0,-0.21142137227655688,0.2021588295245786,0.934401681366193,0.07346816782852408,0.1854747734163762,0.9024998346667837,0.0,0.0,0.0,0,0.0427
165,0,0.0,-0.3919598244410304,0.11582018555666974,0.9524513200804965,0.63556470302081,-0.7552498545880305,-0.06502897671274402,-0.14637758573811988,0.0038000116271030174,-0.0037683218187104664,-0.30786726607110976,0.3645154628976805,0.40793991582848554,-3.0709321260887537,-0.3202564874167496,3.5890728994759478,2.8948127062189646,-0.6795802712440491,-0.0042036473751068115,-0.6447302103042603,0.006202203221619129,-0.003845172468572855,-0.11141841858625412,0.9882867932319641,-0.6795802712440491,-0.0042036473751068115,-0.6447302103042603,0.006202203221619129,-0.003845172468572855,-0.11141841858625412,-1.0,-0.2114213716281453,0.2021588335949844,0.9344016810373366,0.07346816782852408,0.1854747734163762,0.9024998346667837,0.0,0.0,0.0,0,0.0393
166,0,0.0,-0.39484032241382766,0.11308792730617334,0.9463572912677655,0.6323873981064552,-0.7583999711122219,-0.07136255738466121,-0.14079434625242832,0.004624283846837642,-0.00453216180619204,-0.30937404739089575,0.3906536443865401,0.3931858195209175,-3.0651380181379606,-0.3225966139275033,3.589588845623549,2.886580244633202,-0.5703443288803101,0.04079984128475189,-0.47155502438545227,-0.0005049719475209713,-0.011204646900296211,-0.11118660122156143,1.0066132545471191,-0.5703443288803101,0.04079984128475189,-0.47155502438545227,-0.0005049719475209713,-0.011204646900296211,-0.11118660122156143,-1.0,-0.21142137097973343,0.20215883766539083,0.9344016807084802,0.07346816782852408,0.1854747734163762,0.9024998346667837,0.0,0.0,0.0,0,0.0468
167,0,0.0,-0.39693990621150765,0.11083151855133798,0.940863145991985,0.6298431407807087,-0.7607817446009162,-0.07596934799030922,-0.13688467138217103,0.007172541515182577,-0.007055499484954846,-0.30687384643775667,0.41528061788746606,0.3784170630735666,-3.0592969911485164,-0.3214799806139928,3.594318451820287,2.8770219546019997,-0.4227184057235718,0.045783840119838715,-0.3500373959541321,-0.009418997913599014,0.0011832220479846,-0.11223360896110535,0.9953823089599609,-0.4227184057235718,0.045783840119838715,-0.3500373959541321,-0.009418997913599014,0.0011832220479846,-0.11223360896110535,-1.0,-0.211421370331321,0.20215884173579765,0.9344016803796231,0.07346816782852408,0.1854747734163762,0.9024998346667837,0.0,0.0,0.0,0,0.04
168,1,0.1423,-0.39893072979267263,0.10892107182403767,0.9363542132465943,0.6271561769649405,-0.7630978222193193,-0.07892891175960971,-0.1346368088870775,0.0107810894246792,-0.010678583971718728,-0.3016354287794995,0.43682731013711834,0.36465047098154,-3.055728867214591,-0.31717272723856277,3.6038960632034365,2.8683398974639447,-0.153193399310112,-0.021148204803466797,0.035890206694602966,-0.11179935932159424,0.12465272843837738,-0.11417355388402939,-0.030173517763614655,-0.153193399310112,-0.021148204803466797,0.035890206694602966,-0.11179935932159424,0.12465272843837738,-0.11417355388402939,1.0,-0.21142136968290842,0.202158845806205,0.9344016800507655,0.07346816782852408,0.1854747734163762,0.9024998346667837,0.0,0.0,0.0,0,0.0403
169,0,0.0,-0.4014265631616651,0.10575789190339949,0.9333617670220138,0.6241601441560205,-0.7659611932454017,-0.07883356638052769,-0.13233606349344534,0.013523744708195338,-0.013454737283454093,-0.29444356267229704,0.448921595647604,0.3508718159884086,-3.058320191432201,-0.307316682613599,3.614767285995197,2.859068574390544,-0.11258722841739655,-0.10989972949028015,0.4076583683490753,-0.139288529753685,0.14828483760356903,-0.12761981785297394,0.05404549092054367,-0.11258722841739655,-0.10989972949028015,0.4076583683490753,-0.139288529753685,0.14828483760356903,-0.12761981785297394,1.0,-0.21142136903449524,0.2021588498766129,0.9344016797219075,0.07346816782852408,0.1854747734163762,0.9024998346667837,0.0,0.0,0.0,0,0.0399
170,0,0.0,-0.40551356091464075,0.10138230296238683,0.9334466390660374,0.6208945108711437,-0.769296646403191,-0.0751220599737071,-0.13049656052246184,0.013584205093326014,-0.013541092497811708,-0.28622565818134305,0.4452741359684828,0.3391047005170704,-3.0725688916948197,-0.2931597832455255,3.6284235082706244,2.8519744673056677,0.04240719974040985,-0.1273585855960846,0.7730454206466675,-0.1710645705461502,0.1852598637342453,-0.11126338690519333,0.049424804747104645,0.04240719974040985,-0.1273585855960846,0.7730454206466675,-0.1710645705461502,0.1852598637342453,-0.11126338690519333,1.0,-0.21142136838608197,0.2021588539470215,0.9344016793930492,0.07346816782852408,0.1854747734163762,0.9024998346667837,0.0,0.0,0.0,0,0.0409
171,0,0.0,-0.4007595922102909,0.09744409846620611,0.9361813557364895,0.6177066449755056,-0.7722360763189201,-0.0655738082537739,-0.1333792294765557,0.01207602804380406,-0.01159697374294682,-0.27745044806407076,0.4296152232972643,0.331323359734077,-3.0733782156933587,-0.2800409082728402,3.6325167690292415,2.8521251844483104,0.21039775013923645,-0.1988285779953003,0.9937553405761719,-0.18211473524570465,0.2387588620185852,-0.11745888739824295,-0.00681246817111969,0.21039775013923645,-0.1988285779953003,0.9937553405761719,-0.18211473524570465,0.2387588620185852,-0.11745888739824295,1.0,-0.2114213677376682,0.2021588580174307,0.9344016790641905,0.07346816782852408,0.1854747734163762,0.9024998346667837,0.0,0.0,0.0,0,0.0393
172,1,0.1417,-0.3933827733669715,0.09394261669928898,0.9412438479623132,0.6143532768590148,-0.77537336862807,-0.05458001943532311,-0.13559945395682654,0.008950644670342523,-0.008460493638227996,-0.26985880518334715,0.39865736649660316,0.32731033588572045,-3.0725518340270837,-0.27268017224415286,3.6212283476040295,2.8643174850546425,0.6980254054069519,0.5122337341308594,0.7836257219314575,-0.19045887887477875,0.05530044063925743,-0.02082997001707554,0.0019838304724544287,0.6980254054069519,0.5122337341308594,0.7836257219314575,-0.19045887887477875,0.05530044063925743,-0.02082997001707554,1.0,-0.21142136708925424,0.20215886208784048,0.9344016787353314,0.07346816782852408,0.1854747734163762,0.9024998346667837,0.0,0.0,0.0,0,0.0416
173,0,0.0,-0.38660933661578134,0.09374772528574282,0.9480432710732251,0.615092995274602,-0.7752723289705882,-0.04507165339767312,-0.13631569666270027,0.005673793632008979,-0.005301754192746714,-0.2612900948125374,0.35753695564207055,0.3328522966334296,-3.072044081073339,-0.2708160922013177,3.596288755399422,2.882386139321028,0.7707075476646423,0.4970349967479706,0.5871132612228394,-0.19043971598148346,0.034707725048065186,-0.026176661252975464,0.052927106618881226,0.7707075476646423,0.4970349967479706,0.5871132612228394,-0.19043971598148346,0.034707725048065186,-0.026176661252975464,1.0,-0.21142136644083986,0.20215886615825093,0.9344016784064723,0.07346816782852408,0.1854747734163762,0.9024998346667837,0.0,0.0,0.0,0,0.04
174,0,0.0,-0.3797626260125413,0.09614332847783388,0.9548201144382504,0.6189439001047662,-0.7730515083507652,-0.03635665969429845,-0.13408209147973513,0.00373190902272655,-0.0033345098886009275,-0.2498423522062063,0.3140331917256206,0.34616356345532195,-3.067007635120028,-0.264412204700006,3.558214848776149,2.8998444093490128,0.8107308149337769,0.5443775653839111,0.42908939719200134,-0.1848514825105667,-0.000876525416970253,-0.04867209494113922,-0.01943841390311718,0.8107308149337769,0.5443775653839111,0.42908939719200134,-0.1848514825105667,-0.000876525416970253,-0.04867209494113922,1.0,-0.2114213657924252,0.20215887022866189,0.9344016780776131,0.07346816782852408,0.1854747734163762,0.9024998346667837,0.0,0.0,0.0,0,0.0389
175,0,0.0,-0.3708162244392908,0.09911558845862699,0.9606437487690596,0.627889502813276,-0.7669805981976686,-0.026378903095425454,-0.12961360930367213,0.002678625784118922,-0.002182017925433308,-0.2367869716631332,0.2754725288387018,0.36302004049469083,-3.052913848017356,-0.24698063078581578,3.5110441894996636,2.898499701731994,0.7698736786842346,0.5592225790023804,0.42772969603538513,-0.18170158565044403,0.006994720548391342,-0.049820221960544586,0.043032750487327576,0.7698736786842346,0.5592225790023804,0.42772969603538513,-0.18170158565044403,0.006994720548391342,-0.049820221960544586,1.0,-0.21142136514401005,0.20215887429907328,0.9344016777487539,0.07346816782852408,0.1854747734163762,0.9024998346667837,0.0,0.0,0.0,0,0.043
176,1,0.1548,-0.3608040099488988,0.1032731709689717,0.9661717781652314,0.634316529842242,-0.7628312091699525,-0.017177070563584265,-0.124241838895185,0.0020738212027845327,-0.0015438831438930433,-0.22214356149342968,0.2418988753095069,0.3828020835608389,-3.033242667991098,-0.2203363751146058,3.460481966797612,2.8976806142588614,0.47770458459854126,-0.03508378565311432,0.4698384702205658,0.009116577915847301,0.09369179606437683,-0.08292541652917862,-0.0767567977309227,0.47770458459854126,-0.03508378565311432,0.4698384702205658,0.009116577915847301,0.09369179606437683,-0.08292541652917862,1.0,-0.2114213644955947,0.20215887836948535,0.9344016774198941,0.07346816782852408,0.1854747734163762,0.9024998346667837,0.0,0.0,0.0,0,0.041
177,0,0.0,-0.3549684276184676,0.10819173997176032,0.9708379914085676,0.6385793787614312,-0.7601539395847245,-0.011054762736372827,-0.11941590084795453,0.0015845085143064367,-0.0013277207120980614,-0.20958576801996945,0.21554970962613854,0.403634028466312,-3.0213010140664722,-0.19267605963988985,3.4222139123726687,2.8977336811023093,0.430014431476593,-0.004092514514923096,0.4836544096469879,0.00627619493752718,0.08720093965530396,-0.06980522722005844,-0.07497013360261917,0.430014431476593,-0.004092514514923096,0.4836544096469879,0.00627619493752718,0.08720093965530396,-0.06980522722005844,1.0,-0.21142136384717866,0.20215888243989794,0.9344016770910337,0.07346816782852408,0.1854747734163762,0.9024998346667837,0.0,0.0,0.0,0,0.0398
178,0,0.0,-0.35320147764091264,0.11200819546650145,0.9744132603790208,0.64002917577315,-0.7592173313919369,-0.0070007418182649606,-0.1179096581592927,0.0013509568465485248,-0.001160460898910824,-0.2014804106213838,0.19700708063041683,0.42133947493628704,-3.0195619895466517,-0.16792874974243255,3.4052929988268583,2.8977414026562665,0.34810173511505127,0.05526619404554367,0.5023497343063354,0.0007044943049550056,0.05210457369685173,-0.0526290088891983,-0.030361367389559746,0.34810173511505127,0.05526619404554367,0.5023497343063354,0.0007044943049550056,0.05210457369685173,-0.0526290088891983,1.0,-0.21142136319876262,0.20215888651031103,0.9344016767621729,0.07346816782852408,0.1854747734163762,0.9024998346667837,0.0,0.0,0.0,0,0.0388
179,0,0.0,-0.3526308851310468,0.11482063472709945,0.977889068010916,0.6401306042316599,-0.7589247675950581,-0.0029373279537816543,-0.11940426609333364,0.0012490828574410072,-0.001037053511098214,-0.19544001827803859,0.18110745665944966,0.4359739627276844,-3.022970551041311,-0.1462495821517514,3.401273336243523,2.897654994474434,0.43919992446899414,0.04124150425195694,0.5658625364303589,-0.0015694506000727415,0.04137007147073746,-0.06970696896314621,-0.05810412019491196,0.43919992446899414,0.04124150425195694,0.5658625364303589,-0.0015694506000727415,0.04137007147073746,-0.06970696896314621,1.0,-0.21142136255034594,0.20215889058072473,0.9344016764333116,0.07346816782852408,0.1854747734163762,0.9024998346667837,0.0,0.0,0.0,0,0.0462
180,1,0.1439,-0.35218550603796495,0.11675734186044832,0.9816562826893119,0.6395178270527492,-0.7588624418641631,0.0018279061431194163,-0.1230504041798316,0.0011975726653311806,-0.0009408468406567102,-0.19018003148445348,0.1654634046099442,0.447639405786269,-3.0289128432304624,-0.12713622252454865,3.4044870356279326,2.8976253942619823,0.03427610546350479,-0.07305701076984406,0.24342289566993713,0.007387096062302589,0.03718947991728783,-0.20298051834106445,-0.01638997346162796,0.03427610546350479,-0.07305701076984406,0.24342289566993713,0.007387096062302589,0.03718947991728783,-0.20298051834106445,1.0,-0.2114213619019292,0.20215889465113906,0.9344016761044502,0.07346816782852408,0.1854747734163762,0.9024998346667837,0.0,0.0,0.0,0,0.0409
181,0,0.0,-0.3529274788177664,0.11687663187417843,0.9841208231754365,0.636778012914837,-0.7608321849819771,0.00570577125287252,-0.12496236528727654,0.0011438905929320542,-0.0008937082278174996,-0.18515194828959658,0.15321193340793876,0.45493395420304383,-3.0366798454416073,-0.10667786398100192,3.40826013137801,2.8976837649953806,0.049581900238990784,-0.09380348026752472,0.22757023572921753,0.004240317270159721,0.04931582510471344,-0.2047640085220337,-0.009557670913636684,0.049581900238990784,-0.09380348026752472,0.22757023572921753,0.004240317270159721,0.04931582510471344,-0.2047640085220337,1.0,-0.2114213612535119,0.202158898721554,0.9344016757755884,0.07346816782852408,0.1854747734163762,0.9024998346667837,0.0,0.0,0.0,0,0.0389
182,0,0.0,-0.3544743382018586,0.11574351699012297,0.9854164356544205,0.6320179678222497,-0.7646308124790248,0.008762263055834323,-0.12576260057600414,0.001101934289019096,-0.0008481503072290364,-0.17951178886608515,0.14473759799196195,0.45887689753978844,-3.045319599766726,-0.08392832776348189,3.4139479467758265,2.897651298474311,0.04825277626514435,-0.11832824349403381,0.24175047874450684,-0.0018560923635959625,0.05984059348702431,-0.21097537875175476,-0.0014196035917848349,0.04825277626514435,-0.11832824349403381,0.24175047874450684,-0.0018560923635959625,0.05984059348702431,-0.21097537875175476,1.0,-0.21142136060509448,0.20215890279196952,0.9344016754467265,0.07346816782852408,0.1854747734163762,0.9024998346667837,0.0,0.0,0.0,0,0.0383
183,0,0.0,-0.35628714012572293,0.11405525150466658,0.9864302453143245,0.626444386108324,-0.7690042196338651,0.011866886307956175,-0.1267245765746636,0.0010621987759049227,-0.0008042581280189806,-0.1728588345699713,0.1375191495052858,0.460722206754054,-3.054867587185622,-0.06042389903873643,3.4220517565447497,2.8976240966416134,0.08552003651857376,-0.11784723401069641,0.30488187074661255,0.0016675656661391258,0.06445540487766266,-0.22026175260543823,0.022013405337929726,0.08552003651857376,-0.11784723401069641,0.30488187074661255,0.0016675656661391258,0.06445540487766266,-0.22026175260543823,1.0,-0.21142135995667652,0.20215890686238575,0.9344016751178645,0.07346816782852408,0.1854747734163762,0.9024998346667837,0.0,0.0,0.0,0,0.0391
184,1,0.1437,-0.3582870400173942,0.11211501026641114,0.9875683252892034,0.6206697004360678,-0.7733415776587642,0.01542625885263807,-0.1283509164854934,0.001024744929996054,-0.0007616727967509788,-0.1651643214218961,0.1302156375748565,0.4614929551420967,-3.065649143724057,-0.036781802069119254,3.4329593611765903,2.8976411740160324,0.5766929388046265,-0.13161978125572205,0.8337694406509399,0.013524230569601059,0.1842675507068634,-0.08448176085948944,0.0004625626315828413,0.5766929388046265,-0.13161978125572205,0.8337694406509399,0.013524230569601059,0.1842675507068634,-0.08448176085948944,1.0,-0.2114213593082584,0.20215891093280247,0.9344016747890026,0.07346816782852408,0.1854747734163762,0.9024998346667837,0.0,0.0,0.0,0,0.0408
185,0,0.0,-0.3583603750179761,0.11201768404184498,0.9904176469264866,0.6175237733621204,-0.774774927032457,0.020400502089185264,-0.13405976760000532,0.0009980155877878558,-0.0006511112860844051,-0.15695243170693138,0.120863781270707,0.46411385869080174,-3.073725966441334,-0.019168273583248997,3.4482453154353694,2.8977321217049656,0.6458559632301331,-0.2034147083759308,0.7956417798995972,0.005259079858660698,0.1519586145877838,-0.07087641209363937,0.022504666820168495,0.6458559632301331,-0.2034147083759308,0.7956417798995972,0.005259079858660698,0.1519586145877838,-0.07087641209363937,1.0,-0.21142135865983958,0.20215891500321959,0.9344016744601399,0.07346816782852408,0.1854747734163762,0.9024998346667837,0.0,0.0,0.0,0,0.0387
186,0,0.0,-0.35403210333467255,0.11330475454732893,0.9949215836555436,0.616192030386584,-0.7743050786094415,0.026292110061963317,-0.14166069277034543,0.0009686538483950223,-0.0005971625808117404,-0.14950108425365488,0.10923335667063763,0.4652536829945301,-3.0724136246005713,-0.008270034776426826,3.455339446670457,2.89772299720149,0.6142017841339111,-0.24786385893821716,0.8302963972091675,0.008421719074249268,0.11768844723701477,-0.08400003612041473,-0.005440167151391506,0.6142017841339111,-0.24786385893821716,0.8302963972091675,0.008421719074249268,0.11768844723701477,-0.08400003612041473,1.0,-0.21142135801142073,0.20215891907363723,0.9344016741312767,0.07346816782852408,0.1854747734163762,0.9024998346667837,0.0,0.0,0.0,0,0.0389
187,0,0.0,-0.34980958863943173,0.11356989878659124,0.9998674481772678,0.6154138298792624,-0.7734303870233297,0.0326928267592517,-0.14833217284449263,0.0009401693447260096,-0.0005584313015814979,-0.14290630135300753,0.09354113151731323,0.46360199433547683,-3.072133083735399,-0.001959424149501525,3.4585497676757235,2.897747896023383,0.590430498123169,-0.3452950417995453,0.7735888957977295,0.024364840239286423,0.07080112397670746,-0.10136070102453232,-0.004402661696076393,0.590430498123169,-0.3452950417995453,0.7735888957977295,0.024364840239286423,0.07080112397670746,-0.10136070102453232,1.0,-0.21142135736300122,0.20215892314405554,0.9344016738024131,0.07346816782852408,0.1854747734163762,0.9024998346667837,0.0,0.0,0.0,0,0.0387
188,1,0.1454,-0.3452835104824607,0.11297212227031957,1.005219065329669,0.6145550449559148,-0.7724849637481276,0.03955977040313512,-0.15499710341789544,0.0009142118881564364,-0.0005201642420169593,-0.13700634869091866,0.07609349363463924,0.45876229679015607,-3.072069673088025,0.0008544172352287537,3.460572979837976,2.897756423392559,0.2977014183998108,-0.09666702151298523,0.7915617227554321,-0.004889181349426508,0.24335096776485443,-0.1945173591375351,-0.014030816964805126,0.2977014183998108,-0.09666702151298523,0.7915617227554321,-0.004889181349426508,0.24335096776485443,-0.1945173591375351,1.0,-0.2114213567145817,0.20215892721447445,0.9344016734735492,0.07346816782852408,0.1854747734163762,0.9024998346667837,0.0,0.0,0.0,0,0.0453
189,0,0.0,-0.34195621909012425,0.1126274147910674,1.0098948031264388,0.6150328840449054,-0.7709467675967517,0.04524471053134916,-0.1591494556838293,0.0008845090512982493,-0.0004883883663156016,-0.13045480471246457,0.05815636002286804,0.4543947109247567,-3.072223089958132,0.0017672432665755214,3.456300708710336,2.897766426204841,0.3144611418247223,-0.09099943935871124,0.7767766714096069,-0.010217498987913132,0.2625995874404907,-0.1710943877696991,0.0407961905002594,0.3144611418247223,-0.09099943935871124,0.7767766714096069,-0.010217498987913132,0.2625995874404907,-0.1710943877696991,1.0,-0.2114213560661615,0.20215893128489396,0.9344016731446849,0.07346816782852408,0.1854747734163762,0.9024998346667837,0.0,0.0,0.0,0,0.0528
190,0,0.0,-0.3398465962744155,0.11301410174705374,1.0140202295559473,0.6169158691153886,-0.7689084416466333,0.04985550337369898,-0.1603404115670927,0.0008576776854867214,-0.00045636213714819057,-0.12238536772169335,0.03835355924467288,0.4522894863505477,-3.0721915959863146,0.003900784867692422,3.443873952668276,2.8977645938450234,0.3543311059474945,-0.08650337159633636,0.7663038969039917,-0.010532965883612633,0.20790334045886993,-0.1513027399778366,0.019415011629462242,0.3543311059474945,-0.08650337159633636,0.7663038969039917,-0.010532965883612633,0.20790334045886993,-0.1513027399778366,1.0,-0.2114213554177413,0.20215893535531407,0.9344016728158204,0.07346816782852408,0.1854747734163762,0.9024998346667837,0.0,0.0,0.0,0,0.0411
191,0,0.0,-0.3379334782967316,0.11356633084619161,1.018324376223974,0.6187836110526946,-0.7669797140445334,0.05451407711168523,-0.16086384408378845,0.0008345924371746333,-0.0004231099514317059,-0.11290009720456752,0.016717488932243372,0.45044937648924255,-3.0721097123376606,0.007976794823467031,3.4286287759520704,2.897761068779674,0.4180254340171814,-0.06091129779815674,0.7088621854782104,-0.011458509601652622,0.156755730509758,-0.1348665952682495,0.07866854220628738,0.4180254340171814,-0.06091129779815674,0.7088621854782104,-0.011458509601652622,0.156755730509758,-0.1348665952682495,1.0,-0.21142135476932047,0.2021589394257348,0.9344016724869557,0.07346816782852408,0.1854747734163762,0.9024998346667837,0.0,0.0,0.0,0,0.0407
192,1,0.1444,-0.33603634190852216,0.11400693510608433,1.022723956700357,0.619879758316135,-0.7656502705824836,0.05918299791219083,-0.1613261328645325,0.0008125066393946899,-0.0003912744366470103,-0.10195150500457613,-0.005144924882717113,0.4475678073262201,-3.0719760434369343,0.014339989837621123,3.412834441207324,2.8977566577418292,-0.15179003775119781,0.2084985375404358,-0.8780440092086792,-0.09339958429336548,-0.062460802495479584,-0.037949975579977036,0.950637698173523,-0.15179003775119781,0.2084985375404358,-0.8780440092086792,-0.09339958429336548,-0.062460802495479584,-0.037949975579977036,-1.0,-0.21142135412089957,0.20215894349615604,0.934401672158091,0.07346816782852408,0.1854747734163762,0.9024998346667837,0.0,0.0,0.0,0,0.0422
193,0,0.0,-0.3337937363845048,0.11350913093947379,1.0225727177098616,0.6205858641601774,-0.7665260824438503,0.05873322724480738,-0.1544712211230883,0.0011321144369314828,-0.0006526784665480544,-0.09107776191271852,-0.007802300818271545,0.4389601804415396,-3.0606903216979147,0.028669235814167096,3.3845730119830724,2.8857427294697255,-0.27276545763015747,0.1744874119758606,-0.8890217542648315,-0.08059768378734589,-0.06639926135540009,-0.04642651230096817,1.0076907873153687,-0.27276545763015747,0.1744874119758606,-0.8890217542648315,-0.08059768378734589,-0.06639926135540009,-0.04642651230096817,-1.0,-0.211421353472478,0.20215894756657782,0.9344016718292263,0.07346816782852408,0.1854747734163762,0.9024998346667837,0.0,0.0,0.0,0,0.0403
194,0,0.0,-0.3296251037294444,0.11170001215265363,1.0192101858596505,0.6233734991916595,-0.7670742135012502,0.054867001777913024,-0.14139393057301258,0.0031544376954443032,-0.002562509485699535,-0.08072987159431552,0.0034276004764616616,0.4256369804572455,-3.037671474582064,0.05539631282157786,3.344404803538628,2.851113036508577,-0.391463041305542,0.09916365146636963,-0.8472907543182373,-0.0884268581867218,-0.038454629480838776,-0.04273391515016556,1.0144824981689453,-0.391463041305542,0.09916365146636963,-0.8472907543182373,-0.0884268581867218,-0.038454629480838776,-0.04273391515016556,-1.0,-0.21142135282405627,0.20215895163700015,0.9344016715003607,0.07346816782852408,0.1854747734163762,0.9024998346667837,0.0,0.0,0.0,0,0.0394
195,0,0.0,-0.3261997760950488,0.10857975624059801,1.0155270105679868,0.6276501941952939,-0.7661391486500713,0.05109987205154151,-0.1283543599129738,0.006418602432306314,-0.0058703621336186965,-0.069994993784674,0.015368005243970521,0.4116610989202596,-3.0172539820133024,0.09230692690462097,3.3080563586330545,2.801999464946799,-0.42820966243743896,0.19717909395694733,-0.8088244199752808,-0.09555710852146149,-0.005994192790240049,-0.036628637462854385,1.0438107252120972,-0.42820966243743896,0.19717909395694733,-0.8088244199752808,-0.09555710852146149,-0.005994192790240049,-0.036628637462854385,-1.0,-0.211421352175634,0.20215895570742304,0.9344016711714946,0.07346816782852408,0.1854747734163762,0.9024998346667837,0.0,0.0,0.0,0,0.0391
196,1,0.1434,-0.3250845025012114,0.104596891934724,1.0112800472073684,0.6329612836266685,-0.7640514069641782,0.047016259304880174,-0.11565004239823995,0.010413625099693347,-0.009959740880145436,-0.058342689127447875,0.02699896677119185,0.3985832068664558,-3.002795959101219,0.1373137265681257,3.2781721747183368,2.7437423311794027,-0.1877206414937973,0.3655291199684143,-0.5289894342422485,-0.1842508465051651,-0.034676168113946915,-0.05461131036281586,1.1667966842651367,-0.1877206414937973,0.3655291199684143,-0.5289894342422485,-0.1842508465051651,-0.034676168113946915,-0.05461131036281586,-1.0,-0.21142135152721156,0.20215895977784645,0.9344016708426284,0.07346816782852408,0.1854747734163762,0.9024998346667837,0.0,0.0,0.0,0,0.0398
197,0,0.0,-0.3261116082093713,0.09721936662728248,1.0079525459862284,0.6394686436302572,-0.7602432195668749,0.04580384248156651,-0.10493859599877557,0.01485932599924739,-0.014440464981521794,-0.046034257297524465,0.030938768797301442,0.38161243627708763,-2.999648086862435,0.1911631100862817,3.2590937258226638,2.66975911786644,-0.27053695917129517,0.2537066638469696,-0.33618783950805664,-0.1915077269077301,-0.015867339447140694,-0.035201188176870346,1.0491068363189697,-0.27053695917129517,0.2537066638469696,-0.33618783950805664,-0.1915077269077301,-0.015867339447140694,-0.035201188176870346,-1.0,-0.21142135087878855,0.20215896384827037,0.9344016705137617,0.07346816782852408,0.1854747734163762,0.9024998346667837,0.0,0.0,0.0,0,0.0399
198,0,0.0,-0.330378131440047,0.0873189203707948,1.0053273805746739,0.647662573030001,-0.7543302350674729,0.047714527370369644,-0.096137463233803,0.01948150774838329,-0.019205298428913647,-0.03145860047073089,0.02817873745512855,0.3634641392654202,-3.009428222833319,0.25268175890269934,3.2531972631818067,2.5843460571064982,-0.28737127780914307,0.24993495643138885,-0.3213890790939331,-0.18918585777282715,-0.003933666739612818,-0.0028734635561704636,0.04277029633522034,-0.28737127780914307,0.24993495643138885,-0.3213890790939331,-0.18918585777282715,-0.003933666739612818,-0.0028734635561704636,1.0,-0.21142135023036548,0.20215896791869498,0.9344016701848946,0.07346816782852408,0.1854747734163762,0.9024998346667837,0.0,0.0,0.0,0,0.0382
199,0,0.0,-0.3376646425622519,0.07794869577898622,1.0020632639120934,0.656342326678258,-0.7475158589725687,0.050932800559126204,-0.08854739195637874,0.022779388080620598,-0.022610192105896827,-0.013743727643937607,0.02765049281096409,0.3496416976165767,-3.0264428178254725,0.3201452704646236,3.260911050392456,2.498501565260604,-0.1946808248758316,0.2100830376148224,-0.11102106422185898,-0.19046279788017273,0.02442748472094536,0.004429692402482033,0.11848250776529312,-0.1946808248758316,0.2100830376148224,-0.11102106422185898,-0.19046279788017273,0.02442748472094536,0.004429692402482033,1.0,-0.2114213495819418,0.20215897198912025,0.9344016698560272,0.07346816782852408,0.1854747734163762,0.9024998346667837,0.0,0.0,0.0,0,0.0395
200,1,0.1422,-0.34627626421750085,0.07000369827368572,0.9986866943653905,0.6644520720654087,-0.7406020484153661,0.056431732559602904,-0.08262874421936293,0.023090644799179067,-0.02293076260336082,0.006733433658218881,0.03092423242903333,0.34296557212421974,-3.0464733863811895,0.39380711754709974,3.282029077993469,2.4171137152320727,-0.8670690059661865,0.3168827295303345,-1.0119245052337646,-0.17752660810947418,-0.002331152558326721,0.2677060067653656,1.0693894624710083,-0.8670690059661865,0.3168827295303345,-1.0119245052337646,-0.17752660810947418,-0.002331152558326721,0.2677060067653656,-1.0,-0.21142134893351813,0.20215897605954616,0.9344016695271598,0.07346816782852408,0.1854747734163762,0.9024998346667837,0.0,0.0,0.0,0,0.0418
201,0,0.0,-0.35625110309229613,0.0664854783775795,0.9918192252587218,0.6763135204885107,-0.7307174817183245,0.05769305073439395,-0.07296229034662154,0.02276858074692254,-0.02272158151385198,0.029626133342848672,0.0534484378566548,0.3455032496266948,-3.0575037971781147,0.466894099851914,3.3024502244139287,2.337485512874067,-0.9753121137619019,0.29254281520843506,-1.0398766994476318,-0.1908293515443802,0.003204917535185814,0.2679247260093689,1.030160903930664,-0.9753121137619019,0.29254281520843506,-1.0398766994476318,-0.1908293515443802,0.003204917535185814,0.2679247260093689,-1.0,-0.21142134828509382,0.20215898012997263,0.9344016691982924,0.07346816782852408,0.1854747734163762,0.9024998346667837,0.0,0.0,0.0,0,0.0531
202,0,0.0,-0.3669798860739843,0.06535563982577612,0.9819423103856576,0.6904386376785907,-0.7185716532956476,0.057150515597277365,-0.06068842762385375,0.02391118421877361,-0.02394795217974815,0.054673919672995674,0.0942387215284009,0.35255770411936177,-3.0616877786240404,0.5394236066123377,3.330278775940355,2.2594473605118433,-1.0088750123977661,0.2454933226108551,-1.0617483854293823,-0.18381351232528687,0.005974827334284782,0.26594114303588867,0.9789630174636841,-1.0088750123977661,0.2454933226108551,-1.0617483854293823,-0.18381351232528687,0.005974827334284782,0.26594114303588867,-1.0,-0.2114213476366693,0.20215898420039957,0.9344016688694249,0.07346816782852408,0.1854747734163762,0.9024998346667837,0.0,0.0,0.0,0,0.0814
203,0,0.0,-0.37747662674429344,0.0654730781234779,0.9716068951914065,0.7037302123257954,-0.7064362696199007,0.05820011623350793,-0.04821132331533178,0.026684209694847635,-0.026748207095334497,0.08244433460133342,0.1442519556884637,0.36284761887265565,-3.061235944259363,0.6119794191377572,3.3660551383481754,2.1892461871313875,-1.0008543729782104,0.1863812804222107,-1.1431776285171509,-0.15935800969600677,-0.007416903972625732,0.2550182342529297,1.000783920288086,-1.0008543729782104,0.1863812804222107,-1.1431776285171509,-0.15935800969600677,-0.007416903972625732,0.2550182342529297,-1.0,-0.21142134698824425,0.20215898827082696,0.9344016685405565,0.07346816782852408,0.1854747734163762,0.9024998346667837,0.0,0.0,0.0,0,0.0732
204,1,0.1666,-0.38679505774417966,0.06729069993605952,0.9612094017915626,0.7155051910904662,-0.6951046924642204,0.05996050318744765,-0.03586817662391431,0.03044782083086972,-0.030481062065491612,0.11225968670998655,0.20079451222719505,0.37481462658062265,-3.0536325780498212,0.6820039854596218,3.4040660884744245,2.1291271389567297,0.3659372925758362,0.025930196046829224,0.5558515787124634,-0.012916416861116886,0.12592388689517975,-0.11483482271432877,-0.04050469771027565,0.3659372925758362,0.025930196046829224,0.5558515787124634,-0.012916416861116886,0.12592388689517975,-0.11483482271432877,1.0,-0.211421346339819,0.20215899234125498,0.9344016682116877,0.07346816782852408,0.1854747734163762,0.9024998346667837,0.0,0.0,0.0,0,0.0674
205,0,0.0,-0.3903224535486735,0.07147476669528142,0.9559925523135258,0.719695453307549,-0.6901932696538535,0.06847116757823474,-0.031359276513300297,0.033496271962785915,-0.033145918864386704,0.1423531036455753,0.24223098351401842,0.3930468246224932,-3.0404818813910235,0.7565163593514909,3.4450932163899792,2.0918234359879464,0.4576888680458069,0.08973151445388794,0.5146967172622681,-0.01524791494011879,0.14292287826538086,-0.11942482739686966,0.04590701311826706,0.4576888680458069,0.08973151445388794,0.5146967172622681,-0.01524791494011879,0.14292287826538086,-0.11942482739686966,1.0,-0.21142134569139326,0.20215899641168358,0.9344016678828185,0.07346816782852408,0.1854747734163762,0.9024998346667837,0.0,0.0,0.0,0,0.0631
206,0,0.0,-0.39138696648225474,0.07614382155554887,0.9565246968059371,0.7149396403416785,-0.6938787506565925,0.07974397729413506,-0.032163459712364034,0.033634215879310966,-0.03325890387477067,0.17075896577867064,0.2579761532160582,0.4152341137942307,-3.030486286205426,0.8356573015077254,3.473637828855118,2.075958956422498,0.5613123178482056,0.09944874048233032,0.5370107889175415,-0.01524666603654623,0.159231498837471,-0.08400996029376984,-0.03634859248995781,0.5613123178482056,0.09944874048233032,0.5370107889175415,-0.01524666603654623,0.159231498837471,-0.08400996029376984,1.0,-0.2114213450429674,0.20215900048211283,0.934401667553949,0.07346816782852408,0.1854747734163762,0.9024998346667837,0.0,0.0,0.0,0,0.0602
207,0,0.0,-0.3923503615374553,0.08017438327944065,0.9582249823272833,0.708373128130548,-0.6996304327070993,0.08757251351321103,-0.03249344317853553,0.03195288672331198,-0.03156821077793387,0.19666081518353684,0.26279591429390675,0.43293075440669787,-3.0200022916040927,0.9130432097999013,3.4858325760413322,2.059264592175284,0.6005868911743164,0.13922041654586792,0.4822472035884857,-0.012189393863081932,0.1526237428188324,-0.06899648904800415,-0.05490627512335777,0.6005868911743164,0.13922041654586792,0.4822472035884857,-0.012189393863081932,0.1526237428188324,-0.06899648904800415,1.0,-0.21142134439454094,0.2021590045525426,0.9344016672250792,0.07346816782852408,0.1854747734163762,0.9024998346667837,0.0,0.0,0.0,0,0.0562
208,1,0.175,-0.39237454080753104,0.08344708056167116,0.9603314686975863,0.7024756205496935,-0.7048970262212342,0.09268003409855993,-0.0325360759353789,0.028845792959645223,-0.028426640957455753,0.21981888274820216,0.26206131861750154,0.4438239040578679,-3.007034421071184,0.9873258378073706,3.486980746736883,2.033625797134164,0.07554556429386139,-0.05740632116794586,0.2093292772769928,0.05578107759356499,0.06327740848064423,-0.2039138227701187,0.025438405573368073,0.07554556429386139,-0.05740632116794586,0.2093292772769928,0.05578107759356499,0.06327740848064423,-0.2039138227701187,1.0,-0.2114213437461144,0.202159008622973,0.9344016668962091,0.07346816782852408,0.1854747734163762,0.9024998346667837,0.0,0.0,0.0,0,0.0642
209,0,0.0,-0.39231719818097577,0.08604971758782902,0.9620421500066583,0.6948650410968034,-0.7122418738172398,0.09413701707191917,-0.0318168172456709,0.02488286810949344,-0.024495689858714965,0.2400503351858205,0.25886260904369757,0.44917852292688976,-2.9919867275901084,1.0606293366148136,3.4781641525942315,2.005796066050535,0.09364739805459976,-0.03707133233547211,0.3167366683483124,0.05216478183865547,0.036900341510772705,-0.22939960658550262,-0.0042357295751571655,0.09364739805459976,-0.03707133233547211,0.3167366683483124,0.05216478183865547,0.036900341510772705,-0.22939960658550262,1.0,-0.21142134309768726,0.20215901269340403,0.9344016665673388,0.07346816782852408,0.1854747734163762,0.9024998346667837,0.0,0.0,0.0,0,0.0667
210,0,0.0,-0.392412518338558,0.08801252870380383,0.9642934874785853,0.6851437710028169,-0.7215665388123816,0.0944093172013751,-0.031727337548686216,0.020478221278909706,-0.020083211372827377,0.2579084250043128,0.2514850740274568,0.45272433896453684,-2.9780334071600203,1.1345679779161866,3.466485350961114,1.9784592117844393,0.057109907269477844,0.030894480645656586,0.4637424647808075,0.04367823153734207,0.001922491006553173,-0.24014440178871155,0.002427927451208234,0.057109907269477844,0.030894480645656586,0.4637424647808075,0.04367823153734207,0.001922491006553173,-0.24014440178871155,1.0,-0.21142134244926006,0.20215901676383558,0.9344016662384685,0.07346816782852408,0.1854747734163762,0.9024998346667837,0.0,0.0,0.0,0,0.0633
211,0,0.0,-0.39286961533416276,0.08953893479140916,0.9681236082641781,0.6750372595219509,-0.7307683675068634,0.09586709370264294,-0.033343539905887266,0.01580599127015308,-0.01542014950153473,0.2742195648773609,0.23762098394175363,0.4584068142230016,-2.967844209177571,1.2107354881345505,3.4568979922430394,1.9498894675014036,0.026627659797668457,0.10172151029109955,0.6998312473297119,0.012181036174297333,-0.009710858575999737,-0.24294181168079376,0.009363001212477684,0.026627659797668457,0.10172151029109955,0.6998312473297119,0.012181036174297333,-0.009710858575999737,-0.24294181168079376,1.0,-0.21142134180083222,0.20215902083426776,0.9344016659095983,0.07346816782852408,0.1854747734163762,0.9024998346667837,0.0,0.0,0.0,0,0.0634
212,1,0.1663,-0.39475718673166155,0.09044364523766105,0.9739525726331236,0.664986929620613,-0.7392873851131234,0.09956854021709226,-0.03650549883765968,0.010969912376425698,-0.010630261748826959,0.2894866955053424,0.215509087771563,0.4701099013337281,-2.964239551928319,1.2922107864839512,3.45168154041653,1.9203389458741258,-0.49511802196502686,0.10814248025417328,-0.7378263473510742,-0.029720496386289597,-0.021765781566500664,-0.15791592001914978,0.986291229724884,-0.49511802196502686,0.10814248025417328,-0.7378263473510742,-0.029720496386289597,-0.021765781566500664,-0.15791592001914978,-1.0,-0.21142134115240413,0.2021590249047004,0.9344016655807271,0.07346816782852408,0.1854747734163762,0.9024998346667837,0.0,0.0,0.0,0,0.0689
213,0,0.0,-0.3984632790582723,0.09047796347368287,0.9745085951266275,0.6561644292428626,-0.7477126021607196,0.09614789953275354,-0.033610828342547916,0.00749424153577902,-0.007254219413000804,0.300143813582408,0.21248035328624948,0.47175601783342436,-2.953996653670995,1.363248810052124,3.4384793214239266,1.8847789040341638,-0.5397456288337708,0.0764690488576889,-0.7563728094100952,-0.0319305956363678,-0.008593721315264702,-0.13681618869304657,0.9519159197807312,-0.5397456288337708,0.0764690488576889,-0.7563728094100952,-0.0319305956363678,-0.008593721315264702,-0.13681618869304657,-1.0,-0.21142134050397562,0.20215902897513352,0.9344016652518555,0.07346816782852408,0.1854747734163762,0.9024998346667837,0.0,0.0,0.0,0,0.0653
214,0,0.0,-0.40095071170898966,0.09096542285100312,0.9696966326270493,0.6497966063964498,-0.7545797947889623,0.08765197208078443,-0.026283747873026377,0.00717900778113021,-0.006887878100881826,0.3065555388853683,0.23189285510613328,0.46259711539603926,-2.932144421524612,1.4189958334315078,3.4247824087134937,1.8432500131884446,-0.48784542083740234,0.05096898972988129,-0.7231259346008301,-0.02054636925458908,-0.002819335088133812,-0.12668833136558533,0.9677895307540894,-0.48784542083740234,0.05096898972988129,-0.7231259346008301,-0.02054636925458908,-0.002819335088133812,-0.12668833136558533,-1.0,-0.21142133985554687,0.20215903304556718,0.9344016649229837,0.07346816782852408,0.1854747734163762,0.9024998346667837,0.0,0.0,0.0,0,0.0628
215,0,0.0,-0.40226590566421,0.0919796692292205,0.9640021482061181,0.6444942090494714,-0.7600849746893232,0.08087420204834202,-0.018905269008135092,0.008680047275912855,-0.008351017776262275,0.31116245302907547,0.259127269451931,0.45354696123739213,-2.905999259105109,1.4693824975626433,3.418590696243768,1.8016694945520828,-0.4480511546134949,0.02107170969247818,-0.6659621000289917,-0.011515747755765915,0.01854778081178665,-0.12772881984710693,0.9661621451377869,-0.4480511546134949,0.02107170969247818,-0.6659621000289917,-0.011515747755765915,0.01854778081178665,-0.12772881984710693,-1.0,-0.21142133920711764,0.2021590371160015,0.9344016645941113,0.07346816782852408,0.1854747734163762,0.9024998346667837,0.0,0.0,0.0,0,0.057
216,1,0.1567,-0.4033027632270354,0.09344184856022457,0.9579922138095234,0.6392333418224414,-0.765219516943913,0.07539962332795494,-0.01160699757211012,0.011666598022204483,-0.011364828327671734,0.3142763756070526,0.28977036712919735,0.44685236921369653,-2.8781409497528037,1.5176946777927833,3.417265075542585,1.762197970134553,-0.6024101376533508,0.5307216644287109,-0.33046501874923706,-0.0031086066737771034,-0.2650338113307953,-0.18013733625411987,0.034532543271780014,-0.6024101376533508,0.5307216644287109,-0.33046501874923706,-0.0031086066737771034,-0.2650338113307953,-0.18013733625411987,1.0,-0.21142133855868828,0.20215904118643646,0.9344016642652387,0.07346816782852408,0.1854747734163762,0.9024998346667837,0.0,0.0,0.0,0,0.0571
217,0,0.0,-0.4018790691230777,0.09935951986963848,0.9555325580325706,0.6332325714733171,-0.7703028678657575,0.0743888158084233,-0.01078453827008171,0.014120237415836815,-0.013742673100328737,0.3178266642859371,0.31180060144210453,0.4538065420106571,-2.8470685646554803,1.5708019916344185,3.426627616004094,1.7311266484512227,-0.4140748381614685,0.48937761783599854,-0.30839937925338745,-0.0027200072072446346,-0.2770584225654602,-0.18507003784179688,0.026765795424580574,-0.4140748381614685,0.48937761783599854,-0.30839937925338745,-0.0027200072072446346,-0.2770584225654602,-0.18507003784179688,1.0,-0.21142133791025838,0.20215904525687203,0.9344016639363658,0.07346816782852408,0.1854747734163762,0.9024998346667837,0.0,0.0,0.0,0,0.0549
218,0,0.0,-0.39942571314566616,0.10843565621654151,0.9558648327602861,0.6251996833399537,-0.7765271552506832,0.07704457507616644,-0.013966623114947587,0.014046204863466706,-0.013694992459227315,0.3209420858949024,0.3289394646517382,0.4711337715017147,-2.8142978535396534,1.6270737809695586,3.4456963406948735,1.7097952158695433,-0.2482890635728836,0.4354379177093506,-0.20795506238937378,0.0021725757978856564,-0.27276983857154846,-0.20400772988796234,-0.005780523642897606,-0.2482890635728836,0.4354379177093506,-0.20795506238937378,0.0021725757978856564,-0.27276983857154846,-0.20400772988796234,1.0,-0.21142133726182835,0.20215904932730824,0.9344016636074928,0.07346816782852408,0.1854747734163762,0.9024998346667837,0.0,0.0,0.0,0,0.0548
219,0,0.0,-0.39608537067854743,0.1178205676980836,0.9569062157419265,0.6156044397846163,-0.7836304992240224,0.08149361388402553,-0.01769760716872678,0.012192191994342504,-0.011817412985466234,0.32184052322143253,0.3468026329800602,0.4898102096647112,-2.7794506300704183,1.6791672181633965,3.470866816128664,1.694042593018326,-0.05996781587600708,0.35997214913368225,0.003367200493812561,-0.0023357849568128586,-0.24781568348407745,-0.2298976629972458,0.10461926460266113,-0.05996781587600708,0.35997214913368225,0.003367200493812561,-0.0023357849568128586,-0.24781568348407745,-0.2298976629972458,1.0,-0.21142133661339774,0.202159053397745,0.9344016632786197,0.07346816782852408,0.1854747734163762,0.9024998346667837,0.0,0.0,0.0,0,0.0552
