step,query,infer_s,eef_x,eef_y,eef_z,eef_qx,eef_qy,eef_qz,eef_qw,gripper_q0,gripper_q1,joint_0,joint_1,joint_2,joint_3,joint_4,joint_5,joint_6,act_raw_0,act_raw_1,act_raw_2,act_raw_3,act_raw_4,act_raw_5,act_raw_6,act_env_0,act_env_1,act_env_2,act_env_3,act_env_4,act_env_5,act_env_6,akita_black_bowl_1_x,akita_black_bowl_1_y,akita_black_bowl_1_z,plate_1_x,plate_1_y,plate_1_z,force_akita_black_bowl_1,force_plate_1,force_other,n_contacts,sim_s
0,1,0.765,-0.21105704521519358,0.010661800072859788,1.1654340034783894,0.9995753772839433,0.0018412676984492227,-0.029079212932853447,0.0002724630802320577,0.03872217662895952,-0.03872341112585576,0.007295129113512137,-0.15474485611572683,0.01613999032816503,-2.4603184284589403,0.004089318054157637,2.247447272640108,0.8027670946391919,0.1280365256251389,0.20164131634132387,0.08439037138450534,0.00022221714684994565,0.019578556430820793,-7.062274764693677e-05,0.990234375,0.1280365256251389,0.20164131634132387,0.08439037138450534,0.00022221714684994565,0.019578556430820793,-7.062274764693677e-05,-1.0,-0.22211366121206863,0.19678776032656922,0.9343990250862266,0.049885784259328186,0.20180292461459565,0.9024995673059236,0.0,0.0,0.0,0,0.0394
1,0,0.0,-0.2107170544075004,0.011765477962579705,1.1656402174976208,0.9995899709502604,0.001905816979543673,-0.028570186319579402,-4.786399444910508e-05,0.03887574222238192,-0.03881416410305766,0.007818130609480802,-0.1544755733690111,0.01797939572264882,-2.4596031678876664,0.005438504173254185,2.248054904209044,0.8040224405311249,0.1923652597502944,0.32954735553361225,0.07160960962067908,0.0009710286425249764,0.010518367104891457,0.0015809886215774616,0.98779296875,0.1923652597502944,0.32954735553361225,0.07160960962067908,0.0009710286425249764,0.010518367104891457,0.0015809886215774616,-1.0,-0.22211317208242254,0.1967895568059379,0.9344009677437313,0.04988578426850228,0.2018029246446038,0.9024997617621902,0.0,0.0,0.0,0,0.0384
2,0,0.0,-0.20959026757409402,0.014654499958456258,1.1660254061784312,0.9996141589402786,0.0025457226209181782,-0.027653654696455372,-0.0005726468239068052,0.03896761121857855,-0.03886700252893419,0.009159586450955241,-0.15241915109522625,0.022707198175823236,-2.4566271857291313,0.007996836332511456,2.2490494194885633,0.8070657375119559,0.3573344366045853,0.5091600914206553,0.0507552862962215,0.00028179999704344705,0.02664878169291554,0.009113947793405824,0.990234375,0.3573344366045853,0.5091600914206553,0.0507552862962215,0.00028179999704344705,0.02664878169291554,0.009113947793405824,-1.0,-0.22211304662764672,0.1967900546772706,0.9344014969388695,0.049885784270651747,0.2018029246535472,0.9024998147869767,0.0,0.0,0.0,0,0.0375
3,0,0.0,-0.2073529508746735,0.01950559991861699,1.1660382846542776,0.9996476447818797,0.003632488616919227,-0.026264798236761006,-0.0012456653121216132,0.03903880400632601,-0.03891027408647075,0.011399969860194094,-0.14661156770710967,0.030636221268015053,-2.4508841603204297,0.011583311284004428,2.252006171868783,0.8125922170080322,0.447728506113786,0.6589312128813247,0.028274839265205576,-0.004750535323353219,0.032923021329476415,0.01056414314199311,0.98681640625,0.447728506113786,0.6589312128813247,0.028274839265205576,-0.004750535323353219,0.032923021329476415,0.01056414314199311,-1.0,-0.22211301661599755,0.19679020304735328,0.934401648239376,0.04988578427114308,0.2018029246561901,0.9024998292459088,0.0,0.0,0.0,0,0.0398
4,0,0.0,-0.20397040326459137,0.026395364720937967,1.1654498372673807,0.9996777292671184,0.005043805204996643,-0.024808182479060234,-0.0018846003492707982,0.03909876361810658,-0.03895028910870294,0.014529108026016225,-0.13616147627925693,0.04185204594791815,-2.4417119548375417,0.015487246803042873,2.2563330761886755,0.8214508496961467,0.45984952907070153,0.7058519902812836,-0.003255378459490643,-0.005909985381172614,0.02931767467264665,0.010403010325483408,0.9912109375,0.45984952907070153,0.7058519902812836,-0.003255378459490643,-0.005909985381172614,0.02931767467264665,0.010403010325483408,-1.0,-0.22211301084063031,0.19679025481793586,0.934401695248162,0.049885784271251545,0.20180292465696556,0.9024998331886069,0.0,0.0,0.0,0,0.0393
5,0,0.0,-0.19984034329067232,0.034697378717947334,1.1644554244111238,0.9996965502825537,0.006365329660929786,-0.023687515400928318,-0.0022784963460323396,0.039146233219250405,-0.03898862103945773,0.01820030882598795,-0.1221341175210684,0.055261101545101325,-2.4294074211124905,0.01870569875927751,2.2604544594585554,0.8337224480360006,0.4454686543760559,0.7306261607484621,-0.02838273408961378,-0.003563709361390874,0.023043435036085774,0.010262019111037413,0.99658203125,0.4454686543760559,0.7306261607484621,-0.02838273408961378,-0.003563709361390874,0.023043435036085774,0.010262019111037413,-1.0,-0.22211301072072,0.19679027823273815,0.9344017122078049,0.049885784271274256,0.20180292465719177,0.9024998342637116,0.0,0.0,0.0,0,0.0359
6,0,0.0,-0.19532691845588335,0.043777398160092774,1.1632743573444002,0.9997047214156937,0.007473532473202649,-0.02298296887949077,-0.0025297100673990786,0.03918968187534713,-0.039025185847419895,0.022104849268526426,-0.10586543148924506,0.06970639059747277,-2.4146968991215174,0.021120985243615324,2.2636156196666093,0.8482643781967042,0.4401271866323305,0.7520220352428435,-0.09807782558297917,-0.0004017924328792444,0.0252909238611225,0.0075026196283088376,0.99609375,0.4401271866323305,0.7520220352428435,-0.09807782558297917,-0.0004017924328792444,0.0252909238611225,0.0075026196283088376,-1.0,-0.22211301155441723,0.19679029219289204,0.9344017197276557,0.04988578427127859,0.20180292465725744,0.9024998345568738,0.0,0.0,0.0,0,0.0374
7,0,0.0,-0.19064470520606408,0.05335121199550273,1.1616755482433296,0.9997020401628198,0.00835735175534158,-0.022758702197236504,-0.0028332031748657576,0.03923141145644015,-0.03905992591028645,0.026104500194274467,-0.08747204553152715,0.08459733016730413,-2.3983706405693757,0.023008649626290803,2.266353924271273,0.8641943581095355,0.43067689754727756,0.7700396137644276,-0.19781341291855226,-7.730745142006668e-05,0.02337119382307029,0.0020845286731702717,0.9951171875,0.43067689754727756,0.7700396137644276,-0.19781341291855226,-7.730745142006668e-05,0.02337119382307029,0.0020845286731702717,-1.0,-0.22211301225355742,0.19679030227218317,0.9344017237722424,0.04988578427127928,0.20180292465727637,0.9024998346368139,0.0,0.0,0.0,0,0.0371
8,1,0.7291,-0.18584032831948485,0.06324293894368035,1.1592030088688758,0.9996910600668506,0.008928450335439542,-0.022971795875841885,-0.003219284277877323,0.03927150571318442,-0.039093021017730246,0.030120407742484073,-0.06640203331992803,0.09961857394319891,-2.381055272871411,0.02421645328745895,2.269952638732217,0.8813754682761494,0.16730144956819792,0.24565300554248548,0.06687388093140423,0.00017229638047161489,0.02245815148789912,0.0013292185957810565,0.9931640625,0.16730144956819792,0.24565300554248548,0.06687388093140423,0.00017229638047161489,0.02245815148789912,0.0013292185957810565,-1.0,-0.22211301264166472,0.19679031034564629,0.9344017262256741,0.04988578427127933,0.20180292465728178,0.9024998346586124,0.0,0.0,0.0,0,0.0393
9,0,0.0,-0.1821686836180321,0.07047627700756208,1.1578974178777057,0.9996568041760165,0.008383840545675869,-0.024681422598620884,-0.002610069118949482,0.03929960449550692,-0.03913499407396442,0.032895044829733704,-0.05013577631382358,0.11040630557809135,-2.3644261434454203,0.022475299202749377,2.2660412047340657,0.897409242995402,0.25523022627260195,0.40218071894874874,0.04647601338422602,0.0003784208351950563,0.01705013150265447,0.005609309034319887,0.99365234375,0.25523022627260195,0.40218071894874874,0.04647601338422602,0.0003784208351950563,0.01705013150265447,0.005609309034319887,-1.0,-0.22211301275143952,0.19679031719234635,0.9344017277869332,0.04988578427127933,0.2018029246572833,0.9024998346645562,0.0,0.0,0.0,0,0.0368
10,0,0.0,-0.1789525310052437,0.0758783649703647,1.1583777306701206,0.9996187008079035,0.008020885679633716,-0.026340428441454542,-0.002073696591451381,0.039331397342511586,-0.039170293673874694,0.03493770474756298,-0.038289144499012606,0.1184217248159182,-2.3480221831642556,0.021011934086626993,2.258248289876289,0.909244797673735,0.43190954394967573,0.6007494489053755,0.0021320478336734894,-0.003389791852717969,0.035989907121974446,0.011410090428669,0.98974609375,0.43190954394967573,0.6007494489053755,0.0021320478336734894,-0.003389791852717969,0.035989907121974446,0.011410090428669,-1.0,-0.22211301264805225,0.19679032321928278,0.9344017287787089,0.04988578427127933,0.20180292465728375,0.9024998346661771,0.0,0.0,0.0,0,0.036
11,0,0.0,-0.17492296705215768,0.08243174106555104,1.1584583835321223,0.999596868831661,0.00867568903878313,-0.02692933098505425,-0.0023755787374348126,0.03936570560210107,-0.03920019518018701,0.03741023269375211,-0.023769701652387804,0.12767004174141314,-2.33017908153094,0.020805767876820983,2.253989135317884,0.9198687878588422,0.47258687522881615,0.6987200321164899,-0.027070423729935178,-0.008518748011266258,0.031213993368771398,0.011510798438987585,0.986328125,0.47258687522881615,0.6987200321164899,-0.027070423729935178,-0.008518748011266258,0.031213993368771398,0.011510798438987585,-1.0,-0.22211301238897205,0.1967903286769628,0.9344017293830383,0.04988578427127933,0.20180292465728375,0.9024998346666192,0.0,0.0,0.0,0,0.0368
12,0,0.0,-0.17011447473051908,0.0903741986735389,1.1577069360950687,0.999582804351636,0.009782617272294458,-0.02701878473968575,-0.002915975824964877,0.03939934506444675,-0.039228002594485605,0.040423300580883385,-0.005483052971472606,0.13857689768076847,-2.3102141144912713,0.020122367830287435,2.2523771743486485,0.9321277996318628,0.4372510116934013,0.7321276256252607,-0.06538418053533412,-0.0026562786564169466,0.029949780904688222,0.011631648051369847,0.99755859375,0.4372510116934013,0.7321276256252607,-0.06538418053533412,-0.0026562786564169466,0.029949780904688222,0.011631648051369847,-1.0,-0.22211301201803296,0.19679033373327376,0.9344017297164962,0.04988578427127933,0.20180292465728375,0.9024998346667397,0.0,0.0,0.0,0,0.0357
13,0,0.0,-0.1651497381905932,0.09926462452016692,1.1564274085581112,0.9995615477576167,0.01088682197889268,-0.027320974411584698,-0.003428368241265763,0.03943192162623416,-0.039254232167112144,0.04383645133004707,0.014924682650389532,0.15057497990055901,-2.288819775819919,0.018661846342488235,2.250959180395626,0.946369776666917,0.4041749998957166,0.7523974014620431,-0.1231828933333522,-0.0006505910911196455,0.028217341602055745,0.009113947793405824,1.0009765625,0.4041749998957166,0.7523974014620431,-0.1231828933333522,-0.0006505910911196455,0.028217341602055745,0.009113947793405824,-1.0,-0.22211301156720709,0.19679033850493802,0.934401729858508,0.04988578427127933,0.20180292465728375,0.9024998346667725,0.0,0.0,0.0,0,0.0366
14,0,0.0,-0.16033576344696318,0.10871200011216352,1.1546619546022099,0.9995284865402004,0.01181288931160246,-0.028062188299505336,-0.003971627954568446,0.039463213834576,-0.03927922195882746,0.047508270164972825,0.03667590605154801,0.16306075897897016,-2.2667245113171384,0.016643411897046365,2.2493089582918064,0.9620260656924752,0.38999956626813737,0.7595293596268369,-0.23056411493835727,-0.0011131633537705132,0.0182675212828827,0.0004530589060095791,1.001953125,0.38999956626813737,0.7595293596268369,-0.23056411493835727,-0.0011131633537705132,0.0182675212828827,0.0004530589060095791,-1.0,-0.22211301105945389,0.19679034307429136,0.934401729864634,0.04988578427127933,0.20180292465728375,0.9024998346667815,0.0,0.0,0.0,0,0.0613
15,0,0.0,-0.15555095564330298,0.11840940525496722,1.1520901711339575,0.9994955066991934,0.01233324529998392,-0.028922880874775746,-0.004482199281090167,0.039493028593473235,-0.03930327579783797,0.051346459498856446,0.06024827244106199,0.17555750491356947,-2.244394954198822,0.013600045471317407,2.2489793844516126,0.9792554760089441,0.3606214936776472,0.7189898079532722,-0.33338077877056704,-0.0004339993789297808,0.0032959681202682223,-0.0072208914802647794,0.9990234375,0.3606214936776472,0.7189898079532722,-0.33338077877056704,-0.0004339993789297808,0.0032959681202682223,-0.0072208914802647794,-1.0,-0.2221130105111673,0.19679034749973554,0.9344017297741521,0.04988578427127933,0.20180292465728375,0.9024998346667837,0.0,0.0,0.0,0,0.0622
16,1,0.7851,-0.15072879041522175,0.12799109342202,1.1484595636684036,0.9994739795370103,0.012263416418625328,-0.029629390131650574,-0.00484479995668323,0.03952074618275882,-0.03932711942895359,0.05525362342318696,0.08572595803561955,0.1875308400874824,-2.2224225332434875,0.009020534104570632,2.251079998704407,0.9980704978614056,0.19565231682335626,0.3338640670544084,-0.011094471525152305,-0.00013205925970598276,0.02737453329266698,0.0035347240217575293,0.9921875,0.19565231682335626,0.3338640670544084,-0.011094471525152305,-0.00013205925970598276,0.02737453329266698,0.0035347240217575293,-1.0,-0.22211300993402872,0.19679035182278212,0.9344017296149437,0.04988578427127933,0.20180292465728375,0.9024998346667837,0.0,0.0,0.0,0,0.0579
17,0,0.0,-0.1469725941795483,0.13547341418450803,1.1460077382670695,0.9994279570607937,0.01161838735804871,-0.03149518871006397,-0.004101805529651265,0.03954044452119433,-0.03935678455350003,0.058482614454246566,0.1061530630383467,0.19668616245089734,-2.201973336961122,0.0030250590878557596,2.246683798558027,1.01544145085339,0.37459148623815997,0.5129137536126522,-0.08917693792602865,6.762380580735416e-05,0.03659860201208859,0.010805842366757634,1.0029296875,0.37459148623815997,0.5129137536126522,-0.08917693792602865,6.762380580735416e-05,0.03659860201208859,0.010805842366757634,-1.0,-0.2221130093363555,0.19679035607296008,0.9344017294068316,0.04988578427127933,0.20180292465728375,0.9024998346667837,0.0,0.0,0.0,0,0.0589
18,0,0.0,-0.14323104299952977,0.14200998517451588,1.1448727695389627,0.9993757025126928,0.011550311710595729,-0.033176436203105064,-0.003757606619898997,0.03956382947954793,-0.03938065766629609,0.06137730839747588,0.1242239981933626,0.20433950879699173,-2.181072262856711,-0.001546823102811921,2.2402572656205053,1.0287213890783289,0.4651909968144269,0.6292772815645507,-0.14486454275412897,-8.374884063017118e-05,0.03240797180707217,0.007099787587034612,0.99365234375,0.4651909968144269,0.6292772815645507,-0.14486454275412897,-8.374884063017118e-05,0.03240797180707217,0.007099787587034612,-1.0,-0.2221130087240679,0.19679036027128075,0.934401729163918,0.04988578427127933,0.20180292465728375,0.9024998346667837,0.0,0.0,0.0,0,0.0593
19,0,0.0,-0.13851340253817535,0.14938814966377828,1.1429729796524997,0.9993447018385478,0.012074078761197593,-0.033833574599172356,-0.004435398418754923,0.03958790429315416,-0.03940181139867314,0.06463626389838233,0.14578036466986555,0.2122945615821764,-2.1581829658908047,-0.005549048003998109,2.2376495602950404,1.040968175630208,0.4489611525161842,0.6427904654557388,-0.21230588384717675,3.05858178492463e-05,0.028193930260128286,0.0040382640733503394,0.99755859375,0.4489611525161842,0.6427904654557388,-0.21230588384717675,3.05858178492463e-05,0.028193930260128286,0.0040382640733503394,-1.0,-0.22211300810137935,0.19679036443269632,0.9344017288962375,0.04988578427127933,0.20180292465728375,0.9024998346667837,0.0,0.0,0.0,0,0.0544
20,0,0.0,-0.1333861024136772,0.15728348945780235,1.1401290753949653,0.9993175228929223,0.012573457023287216,-0.03432349635608173,-0.005319230727376138,0.039610610119388816,-0.039422392884419157,0.06830371802710265,0.17020505381744203,0.22037378639644645,-2.1339648551357064,-0.0103717249532522,2.236817290118923,1.0541327458369476,0.4197885209927602,0.6548021844701284,-0.33543482976832484,0.0004122381285481258,0.02763205805386909,0.0009263865545068029,1.0048828125,0.4197885209927602,0.6548021844701284,-0.33543482976832484,0.0004122381285481258,0.02763205805386909,0.0009263865545068029,-1.0,-0.22211300747128868,0.196790368567848,0.934401728610931,0.04988578427127933,0.20180292465728375,0.9024998346667837,0.0,0.0,0.0,0,0.0541
21,0,0.0,-0.12831648793585523,0.16541214449370684,1.1361391445760078,0.9992781951831885,0.012886672211095851,-0.035209559138097146,-0.006108130323790853,0.039632454765592476,-0.03944197938411018,0.07237018698687446,0.197024745235116,0.22835837029325046,-2.109309265339895,-0.016222045742581966,2.237004264911542,1.0684079629569208,0.31419181252064876,0.5924913920829826,-0.4851523247160045,0.006766668584319402,0.009113686589243525,-0.00698926305653208,1.0087890625,0.31419181252064876,0.5924913920829826,-0.4851523247160045,0.006766668584319402,0.009113686589243525,-0.00698926305653208,-1.0,-0.22211300683592988,0.19679037268430835,0.9344017283130802,0.04988578427127933,0.20180292465728375,0.9024998346667837,0.0,0.0,0.0,0,0.0532
22,0,0.0,-0.12357617308459876,0.17341905266522423,1.1307860836452532,0.9992266623534894,0.01280225643105698,-0.0365709557857253,-0.006689145318828772,0.03965242535013466,-0.039461664890545395,0.07674940525188202,0.22562599447407441,0.2358146240078572,-2.0854587550933212,-0.02309676834044084,2.238658949967113,1.0837340507190765,0.2128066459233977,0.5189196131198468,-0.5951581670403667,0.011997076622926886,-0.0023344596132873485,-0.017809079915132475,1.0078125,0.2128066459233977,0.5189196131198468,-0.5951581670403667,0.011997076622926886,-0.0023344596132873485,-0.017809079915132475,-1.0,-0.22211300619682178,0.1967903767874666,0.9344017280063023,0.04988578427127933,0.20180292465728375,0.9024998346667837,0.0,0.0,0.0,0,0.0533
23,0,0.0,-0.11945379520335625,0.18090912777994345,1.1242144909427414,0.9991682098564056,0.012091053778513217,-0.03830305315167769,-0.0070406640403860654,0.03967056893963423,-0.039481480826480925,0.08130210267219642,0.25462929646916777,0.24233023846071747,-2.0638310172639573,-0.03056367636526909,2.242062214840529,1.0998072874073728,0.058160882689191507,0.39223351413995755,-0.6859928667189894,0.018374051940933556,-0.019878333970182183,-0.027080511115085,1.0087890625,0.058160882689191507,0.39223351413995755,-0.6859928667189894,0.018374051940933556,-0.019878333970182183,-0.027080511115085,-1.0,-0.22211300555504535,0.19679038088115836,0.9344017276931713,0.04988578427127933,0.20180292465728375,0.9024998346667837,0.0,0.0,0.0,0,0.0529
24,1,0.7708,-0.11629911797601299,0.1874784376484294,1.1167556565343044,0.9991005884896511,0.010692679618827916,-0.04042032862416597,-0.007062415742180727,0.03968631921652526,-0.039502068361105584,0.08585138309684473,0.282283145087709,0.24755927153870005,-2.045896035811621,-0.03815175579266671,2.2468963173047403,1.1160545084758964,0.2421847185138879,0.436339044895919,-0.23512867271115234,0.013014816118123912,0.027117008531464842,0.007986018077837942,1.0205078125,0.2421847185138879,0.436339044895919,-0.23512867271115234,0.013014816118123912,0.027117008531464842,0.007986018077837942,-1.0,-0.22211300491136982,0.19679038496811316,0.9344017273755183,0.04988578427127933,0.20180292465728375,0.9024998346667837,0.0,0.0,0.0,0,0.0553
25,0,0.0,-0.11354523362180322,0.19372113305026042,1.1109609564879364,0.9990447061093314,0.009893230879918623,-0.04193320221109223,-0.007307922413385771,0.03970311205429786,-0.03952005826086204,0.09034292402983486,0.3054371924141788,0.25238348937618077,-2.028937550709407,-0.044387863111574694,2.2496992992786873,1.1296055788651158,0.3374066530991481,0.5301805996958371,-0.32516457477953586,0.0016650883299140773,0.011244118704642925,0.0028297679495276062,1.0244140625,0.3374066530991481,0.5301805996958371,-0.32516457477953586,0.0016650883299140773,0.011244118704642925,0.0028297679495276062,-1.0,-0.22211300426634256,0.19679038905027363,0.9344017270546474,0.04988578427127933,0.20180292465728375,0.9024998346667837,0.0,0.0,0.0,0,0.0629
26,0,0.0,-0.11012995391059176,0.20018582474347194,1.1066021608150838,0.9990256669046079,0.00992991302783891,-0.04223837610472224,-0.008064321242208041,0.039719718092516544,-0.03953674293323301,0.09505807507463797,0.3274413804098698,0.25693809418960484,-2.010050402265123,-0.05023698780760325,2.2520687143574984,1.1410703643899043,0.2957021164846759,0.4945208088718682,-0.4787619438340914,0.0016038951324180567,0.017424712973493933,-0.0023466237808464074,1.0224609375,0.2957021164846759,0.4945208088718682,-0.4787619438340914,0.0016038951324180567,0.017424712973493933,-0.0023466237808464074,-1.0,-0.22211300362035347,0.1967903931290223,0.9344017267314861,0.04988578427127933,0.20180292465728375,0.9024998346667837,0.0,0.0,0.0,0,0.0683
27,0,0.0,-0.10652822936751752,0.2066071462094962,1.101055371266895,0.9990059553313643,0.009935934592303908,-0.04256395994760996,-0.008757153066087498,0.03973476229915793,-0.03955356271306559,0.10022322377557365,0.3519953690480494,0.26078548426459497,-1.990595220443235,-0.05704736734406329,2.25608554295921,1.1527876607557197,0.14886311379899164,0.3956118101127546,-0.6038308268086774,0.01311787834548564,0.0030618547009935437,-0.011878636957498218,1.0205078125,0.14886311379899164,0.3956118101127546,-0.6038308268086774,0.01311787834548564,0.0030618547009935437,-0.011878636957498218,-1.0,-0.2221130029736796,0.19679039720534314,0.9344017264066947,0.04988578427127933,0.20180292465728375,0.9024998346667837,0.0,0.0,0.0,0,0.0669
28,0,0.0,-0.1035298991792332,0.2125225910103551,1.0941108298062294,0.9989523454602884,0.009516015489712593,-0.043818700135264246,-0.009142125958594906,0.03974811156081883,-0.039570713702934635,0.10561577968310736,0.3777298407386451,0.26368907432618627,-1.9725194102133599,-0.06400515938506837,2.2607025741126496,1.1647248842130924,0.029553214100200176,0.334427116383208,-0.6444553909865539,0.02194258156333323,-0.0027324524260542715,-0.02500592610252264,1.0166015625,0.029553214100200176,0.334427116383208,-0.6444553909865539,0.02194258156333323,-0.0027324524260542715,-0.02500592610252264,-1.0,-0.22211300232651834,0.19679040127993624,0.9344017260807432,0.04988578427127933,0.20180292465728375,0.9024998346667837,0.0,0.0,0.0,0,0.064
29,0,0.0,-0.10144246589877493,0.21785141820187073,1.086508401059097,0.9988713214101475,0.008451916911758561,-0.045777477246947085,-0.009437740289261093,0.039760649999296196,-0.03958737119045338,0.11101959547375835,0.40239259406180306,0.2658077657224213,-1.9571822418517206,-0.06995916451893913,2.265757956332795,1.1766543370406723,-0.09853929121567828,0.26338905939966994,-0.7028817304783312,0.020203406476604152,-0.018859940596337416,-0.038057684239808154,0.99365234375,-0.09853929121567828,0.26338905939966994,-0.7028817304783312,0.020203406476604152,-0.018859940596337416,-0.038057684239808154,-1.0,-0.22211300167901005,0.19679040535329997,0.9344017257539662,0.04988578427127933,0.20180292465728375,0.9024998346667837,0.0,0.0,0.0,0,0.0669
30,0,0.0,-0.10032540882517481,0.22245111148814747,1.0786097498753429,0.9987783623439032,0.006643619781362242,-0.04803118332408061,-0.0095210639278894,0.039771735657766295,-0.03960423382169291,0.11635547279144336,0.42486042473563024,0.2670738872085236,-1.9455453570230918,-0.07518884095852489,2.2718194356614116,1.1889381594695476,-0.19694556234046712,0.23617500850769368,-0.7403111042152513,0.018039099702007955,-0.04044812427120198,-0.049941229457398345,0.99267578125,-0.19694556234046712,0.23617500850769368,-0.7403111042152513,0.018039099702007955,-0.04044812427120198,-0.049941229457398345,-1.0,-0.22211300103125464,0.1967904094257889,0.9344017254266013,0.04988578427127933,0.20180292465728375,0.9024998346667837,0.0,0.0,0.0,0,0.0653
31,0,0.0,-0.10008348871470928,0.22643237663286556,1.0704925449837004,0.9987026143300229,0.004184082445406745,-0.049882826524414815,-0.009342654997457633,0.039782520574612644,-0.039620203271191104,0.12171423358702803,0.44486438476375456,0.2676382277492047,-1.9382146215808613,-0.0804404365602681,2.280511988188392,1.202187971311198,-0.23803377575374007,0.22153572595890647,-0.7494402197608414,0.014985881216416877,-0.046207314385358605,-0.05012250387597175,1.0107421875,-0.23803377575374007,0.22153572595890647,-0.7494402197608414,0.014985881216416877,-0.046207314385358605,-0.05012250387597175,-1.0,-0.22211300038332343,0.19679041349765547,0.9344017250988179,0.04988578427127933,0.20180292465728375,0.9024998346667837,0.0,0.0,0.0,0,0.0669
32,1,0.7803,-0.10064646068666099,0.2300894285378825,1.062160968821975,0.9986574466578153,0.001399359854640625,-0.05098321377554309,-0.009058583774856558,0.03979306277757369,-0.03963527103500229,0.12718974287320217,0.46266276660629346,0.2678221693382617,-1.9351363372349173,-0.08598929941926799,2.2926910658349238,1.2163327386978788,0.11917687960790191,0.2528788052620792,-0.20956714918349972,0.0006038694575488252,0.010331076369471753,-0.003142217062363062,0.9912109375,0.11917687960790191,0.2528788052620792,-0.20956714918349972,0.0006038694575488252,0.010331076369471753,-0.003142217062363062,-1.0,-0.22211299973526688,0.19679041756907925,0.9344017247707368,0.04988578427127933,0.20180292465728375,0.9024998346667837,0.0,0.0,0.0,0,0.0395
33,0,0.0,-0.10083040574078797,0.23374023443149877,1.0560276746495294,0.9986822181387268,-0.00042962867064427757,-0.05051189089826,-0.009065951169016687,0.039803846838596196,-0.03964899738194027,0.13247952895138537,0.47625570525237704,0.2680948575328855,-1.9320953139001331,-0.09116287227692142,2.3039925905673644,1.2281661102330808,0.16653104556669895,0.342309806986401,-0.32402343533633715,0.0034783393925594125,0.00383442898459993,-0.010272344192917171,1.005859375,0.16653104556669895,0.342309806986401,-0.32402343533633715,0.0034783393925594125,0.00383442898459993,-0.010272344192917171,-1.0,-0.22211299908712104,0.19679042164018812,0.9344017244424437,0.04988578427127933,0.20180292465728375,0.9024998346667837,0.0,0.0,0.0,0,0.0429
34,0,0.0,-0.10007204054071589,0.23771894453810255,1.0514786901910278,0.9987419005677606,-0.0012970315887865236,-0.04916075008324731,-0.009805835538400526,0.03981497253736842,-0.03966132829631451,0.13769890009487995,0.4891416098012867,0.268472986067041,-1.926205951829342,-0.0952322372627516,2.3138534234316053,1.2372378973705225,0.15497498554421596,0.36858544233037804,-0.503410555807185,0.006354419674872505,0.007615360705885699,-0.015776036956826528,1.001953125,0.15497498554421596,0.36858544233037804,-0.503410555807185,0.006354419674872505,0.007615360705885699,-0.015776036956826528,-1.0,-0.22211299843891166,0.196790425711073,0.9344017241139995,0.04988578427127933,0.20180292465728375,0.9024998346667837,0.0,0.0,0.0,0,0.04
35,0,0.0,-0.09899441170571613,0.24202549881366714,1.045582726758384,0.9987822594043121,-0.0021708516268271194,-0.04802807555068653,-0.01107202155563558,0.03982541953779691,-0.03967333175443493,0.14325674525490778,0.5057927444535647,0.268566406197298,-1.918418860313776,-0.09909510307380424,2.325438733435081,1.245967594040613,0.06933174071092507,0.35488457532959017,-0.5960710785949257,0.0027279175495818625,-0.002872920477619084,-0.022052663699930836,1.0068359375,0.06933174071092507,0.35488457532959017,-0.5960710785949257,0.0027279175495818625,-0.002872920477619084,-0.022052663699930836,-1.0,-0.22211299779065685,0.19679042978179864,0.9344017237854477,0.04988578427127933,0.20180292465728375,0.9024998346667837,0.0,0.0,0.0,0,0.0375
36,0,0.0,-0.09809128582473389,0.24631238837441954,1.0381923257220882,0.9987945173765591,-0.0032582601692888735,-0.047451297346555135,-0.012135492545545325,0.03983484637114719,-0.03968539314343891,0.14918319889887388,0.5253104700866268,0.2682273900086935,-1.9099757205228074,-0.10381839878556143,2.337991772179314,1.2555484346667607,0.037359974648722094,0.3560106739871891,-0.6211761463452988,0.004982403773119565,-0.006811878756915218,-0.03082684909893546,1.013671875,0.037359974648722094,0.3560106739871891,-0.6211761463452988,0.004982403773119565,-0.006811878756915218,-0.03082684909893546,-1.0,-0.22211299714236962,0.19679043385241118,0.9344017234568196,0.04988578427127933,0.20180292465728375,0.9024998346667837,0.0,0.0,0.0,0,0.0399
37,0,0.0,-0.09746578174327915,0.25062610045056943,1.0301458815405162,0.9987971821122952,-0.004714019454972906,-0.047060265801420545,-0.012934388575275948,0.03984436368425739,-0.03969644318898746,0.15543991504568935,0.5458296906047386,0.26771359715691045,-1.9015000269031317,-0.10928632409173904,2.351021179156674,1.266538123741677,-0.07111290876231857,0.31640953786162374,-0.7019688189237723,0.010393170709610058,-0.016330784063735837,-0.03357617778063218,1.009765625,-0.07111290876231857,0.31640953786162374,-0.7019688189237723,0.010393170709610058,-0.016330784063735837,-0.03357617778063218,-1.0,-0.22211299649405913,0.19679043792294335,0.9344017231281366,0.04988578427127933,0.20180292465728375,0.9024998346667837,0.0,0.0,0.0,0,0.0521
38,0,0.0,-0.09740754040224778,0.25492187202151195,1.0215871485595127,0.9987825632559795,-0.006493471704475784,-0.04699377999676215,-0.01352075451498509,0.039853134279298576,-0.03970735883438822,0.16192765867535197,0.5665461464567904,0.26712544918335707,-1.8939803490723348,-0.11504169896337012,2.3644449195050115,1.2786082859611583,-0.16017161133558777,0.26245064385167083,-0.7676984508520219,0.010683033224064914,-0.034255824331387213,-0.03619458604891476,1.0068359375,-0.16017161133558777,0.26245064385167083,-0.7676984508520219,0.010683033224064914,-0.034255824331387213,-0.03619458604891476,-1.0,-0.2221129958457322,0.19679044199341844,0.9344017227994146,0.04988578427127933,0.20180292465728375,0.9024998346667837,0.0,0.0,0.0,0,0.0381
39,0,0.0,-0.09800484952355569,0.25888272362871,1.0125001049533913,0.9987652954629527,-0.008456211327946106,-0.046978886512564814,-0.013760860831223392,0.03986077886022673,-0.03971855766181525,0.16854616746955173,0.5868587467787623,0.2661132505076523,-1.888507394537662,-0.1215028182590003,2.3792256171154875,1.291529462671046,-0.22652907599802363,0.2306383567744985,-0.7727194644020965,0.00799053253423987,-0.05952836794208674,-0.04367719121558386,1.0166015625,-0.22652907599802363,0.2306383567744985,-0.7727194644020965,0.00799053253423987,-0.05952836794208674,-0.04367719121558386,-1.0,-0.22211299519739336,0.19679044606385307,0.9344017224706649,0.04988578427127933,0.20180292465728375,0.9024998346667837,0.0,0.0,0.0,0,0.0377
40,1,0.7291,-0.0990514165786413,0.2623899734786977,1.0032747492111849,0.9987781543560853,-0.0106515087206982,-0.046288212437954196,-0.013643501468551443,0.0398678953438794,-0.03972947841403014,0.17529024656404607,0.6058799817619968,0.264471055866987,-1.8856150591151821,-0.12927101279574402,2.3963381894566864,1.3057944384603692,0.06260354576450167,0.20243896955712315,-0.13847416187221584,4.5078943571988384e-05,-0.0038796081805001215,-0.009426396906241252,0.98486328125,0.06260354576450167,0.20243896955712315,-0.13847416187221584,4.5078943571988384e-05,-0.0038796081805001215,-0.009426396906241252,-1.0,-0.2221129945490459,0.19679045013425916,0.9344017221418953,0.04988578427127933,0.20180292465728375,0.9024998346667837,0.0,0.0,0.0,0,0.0411
41,0,0.0,-0.09985564933076281,0.2656878543765169,0.9971064761609146,0.9988362463338569,-0.012357697311619509,-0.044648980650864395,-0.013413010612197733,0.03987540900741453,-0.039739228572969826,0.1815125456717847,0.6184862441129308,0.2632475552311855,-1.883587551270074,-0.13634482325948968,2.4096193464074904,1.3187293213372853,0.090591681135621,0.3064623330528323,-0.21846803684045013,0.0017874747249061324,0.0018678762626928025,-0.011526158921383256,0.9931640625,0.090591681135621,0.3064623330528323,-0.21846803684045013,0.0017874747249061324,0.0018678762626928025,-0.011526158921383256,-1.0,-0.22211299390069222,0.19679045420464503,0.9344017218131114,0.04988578427127933,0.20180292465728375,0.9024998346667837,0.0,0.0,0.0,0,0.0388
42,0,0.0,-0.10009489599886182,0.2693451392980477,0.9934908864849284,0.9988936977453267,-0.013398452683365536,-0.04289590237362422,-0.013849318752591997,0.03988390024890649,-0.039747258964791025,0.18720598951397022,0.627880387255087,0.2629548465235732,-1.8798077640853612,-0.14088296669744652,2.4187445375489465,1.3287461614797036,0.18928364374429896,0.3575121388639879,-0.2968643165882062,0.00012559630869833638,0.00711201685444518,-0.01150601731931955,1.0,0.18928364374429896,0.3575121388639879,-0.2968643165882062,0.00012559630869833638,0.00711201685444518,-0.01150601731931955,-1.0,-0.22211299325233402,0.19679045827501673,0.9344017214843172,0.04988578427127933,0.20180292465728375,0.9024998346667837,0.0,0.0,0.0,0,0.0368
43,0,0.0,-0.09962731283248598,0.27341351839728106,0.9893898630506381,0.9989415724507134,-0.014347058892188291,-0.04103039454153228,-0.01504670909551457,0.039891746038371395,-0.03975522592014667,0.19301218155705088,0.6401674456130344,0.262576739434778,-1.872810864741191,-0.14463644355717234,2.428400715400526,1.3375611600092183,0.18060375866074496,0.3817232600023668,-0.3767440776121206,7.08445004124203e-05,-0.009673915307547937,-0.014970372874278048,1.0048828125,0.18060375866074496,0.3817232600023668,-0.3767440776121206,7.08445004124203e-05,-0.009673915307547937,-0.014970372874278048,-1.0,-0.22211299260397255,0.19679046234537848,0.9344017211555158,0.04988578427127933,0.20180292465728375,0.9024998346667837,0.0,0.0,0.0,0,0.0376
44,0,0.0,-0.09845230876604527,0.27763407379673344,0.9843575129014228,0.998988656134314,-0.015293164762598788,-0.038956387195664105,-0.016437272375954683,0.03989912816395313,-0.03976297873338896,0.19918589509118453,0.6558908412872317,0.26163222266495834,-1.8625999901996961,-0.14906984213306607,2.4387652716057397,1.3462822147245397,0.14832383099794244,0.40537133181194607,-0.4732844745067372,0.0035588567576857605,-0.009056441164211032,-0.021891530883421134,1.0126953125,0.14832383099794244,0.40537133181194607,-0.4732844745067372,0.0035588567576857605,-0.009056441164211032,-0.021891530883421134,-1.0,-0.2221129919556086,0.1967904664157333,0.9344017208267089,0.04988578427127933,0.20180292465728375,0.9024998346667837,0.0,0.0,0.0,0,0.0515
45,0,0.0,-0.0971522856983937,0.28212054238136997,0.9783030587980738,0.9990199712264399,-0.01637657668344733,-0.03706203602319496,-0.017813206131077147,0.03990674229807695,-0.0397698504747825,0.20586226030826849,0.6745147867820742,0.2604750822655194,-1.8502892602682086,-0.15415691132191717,2.449520451204473,1.3557718980718174,0.009779511395062612,0.35995201928878573,-0.607026017249634,0.006483247459074665,-0.01644198793789131,-0.025559820159274715,1.015625,0.009779511395062612,0.35995201928878573,-0.607026017249634,0.006483247459074665,-0.01644198793789131,-0.025559820159274715,-1.0,-0.22211299130724282,0.19679047048608345,0.9344017204978982,0.04988578427127933,0.20180292465728375,0.9024998346667837,0.0,0.0,0.0,0,0.0384
46,0,0.0,-0.09643640794035678,0.2866302479881599,0.9710312008720244,0.999019618110772,-0.017674212232145825,-0.03596656784314194,-0.018810392057668813,0.039913246351068646,-0.03977721117571194,0.212984877655813,0.6951667765990245,0.25912310846426156,-1.8376768088437558,-0.15978891469789283,2.4601740243882837,1.3662985954460927,-0.0832339317192341,0.31584648853282415,-0.6353262754409637,0.006251357447510791,-0.03401000524114883,-0.02847028165748114,1.013671875,-0.0832339317192341,0.31584648853282415,-0.6353262754409637,0.006251357447510791,-0.03401000524114883,-0.02847028165748114,-1.0,-0.22211299065887563,0.19679047455643034,0.9344017201690845,0.04988578427127933,0.20180292465728375,0.9024998346667837,0.0,0.0,0.0,0,0.0367
47,0,0.0,-0.09637467263237101,0.29086285571671755,0.9631416376258739,0.9990128459620451,-0.019111051767922438,-0.03519069126542194,-0.019228014754518633,0.03991909136706632,-0.039784636832540014,0.22041697665085191,0.7158785849351829,0.25737535181797133,-1.8262911196153915,-0.16641853293690936,2.471115489496335,1.3780400276892606,-0.12832824594030123,0.3254183271224158,-0.6289358945590505,0.005143438503372261,-0.06163538871555868,-0.040333685273007625,1.013671875,-0.12832824594030123,0.3254183271224158,-0.6289358945590505,0.005143438503372261,-0.06163538871555868,-0.040333685273007625,-1.0,-0.22211299001050727,0.19679047862677507,0.934401719840269,0.04988578427127933,0.20180292465728375,0.9024998346667837,0.0,0.0,0.0,0,0.0377
48,1,0.7274,-0.096550988328369,0.2949521330040735,0.9553882489479603,0.9990278607702967,-0.02086084000678351,-0.03365873599153238,-0.01937132546798248,0.039925168121628475,-0.03979126254535269,0.2281998544684826,0.7354472760970345,0.25519412064275626,-1.8164747297033483,-0.17449141471835342,2.483705903595498,1.3918242010921964,-0.04368652630895886,0.18784660778573592,-0.18993955076048075,0.00033494145802683006,-0.0017140590522095045,-0.009527104916559809,0.99072265625,-0.04368652630895886,0.18784660778573592,-0.18993955076048075,0.00033494145802683006,-0.0017140590522095045,-0.009527104916559809,-1.0,-0.2221129893621381,0.1967904826971186,0.9344017195114515,0.04988578427127933,0.20180292465728375,0.9024998346667837,0.0,0.0,0.0,0,0.0385
49,0,0.0,-0.09739247534343612,0.2986644750989857,0.9498336566903434,0.9990432784387763,-0.02229947300110574,-0.03259806544109053,-0.018778376917915913,0.03992999862426492,-0.03979859036391457,0.2354666051706203,0.748845989251763,0.25365097535658915,-1.8097389583740824,-0.18176354737828584,2.4915136834501044,1.405015836639971,-0.034338957757439226,0.28647408188044987,-0.28659406159941725,-4.841822806356255e-06,0.0007207205082469526,-0.006405156596684419,0.99462890625,-0.034338957757439226,0.28647408188044987,-0.28659406159941725,-4.841822806356255e-06,0.0007207205082469526,-0.006405156596684419,-1.0,-0.22211298871376817,0.19679048676746128,0.9344017191826335,0.04988578427127933,0.20180292465728375,0.9024998346667837,0.0,0.0,0.0,0,0.0364
50,0,0.0,-0.09843028224192027,0.3024537964217498,0.9460337495901892,0.9990472362261918,-0.023090820559946212,-0.03209944734537188,-0.018467790197992388,0.03993627917681546,-0.03980394595708431,0.24204819799968258,0.7589656235282929,0.2531306892325201,-1.8037760281799913,-0.1866908516607694,2.4962746895066523,1.4154659804102425,0.047837469069106686,0.3826616755503658,-0.33452191821376587,9.338936264778608e-05,-0.0009180734266756585,-0.009834264348031418,1.0029296875,0.047837469069106686,0.3826616755503658,-0.33452191821376587,9.338936264778608e-05,-0.0009180734266756585,-0.009834264348031418,-1.0,-0.22211298806539767,0.1967904908378033,0.9344017188538135,0.04988578427127933,0.20180292465728375,0.9024998346667837,0.0,0.0,0.0,0,0.0366
51,0,0.0,-0.09895387020235999,0.30679331694505896,0.9417434035204695,0.9990519004355013,-0.023732209053753006,-0.031081705929642295,-0.019131389028087767,0.039942874148875616,-0.039808487301611184,0.24876430437650393,0.7715082582603138,0.25276186345093643,-1.7955163281899724,-0.19099629486009265,2.503029957356966,1.424942364846789,0.01969204288101467,0.3781572809199698,-0.38222154693947474,0.00028179999704344705,-0.012903217284667784,-0.015692952848313707,1.0029296875,0.01969204288101467,0.3781572809199698,-0.38222154693947474,0.00028179999704344705,-0.012903217284667784,-0.015692952848313707,-1.0,-0.2221129874170267,0.1967904949081453,0.9344017185249932,0.04988578427127933,0.20180292465728375,0.9024998346667837,0.0,0.0,0.0,0,0.0431
52,0,0.0,-0.09908592752497669,0.31130464578364236,0.9367763060466209,0.999056091351125,-0.024516854288319012,-0.02975144112825846,-0.020017540828188324,0.03994828782996131,-0.039813732507975735,0.2558177610609796,0.7863154427165687,0.25200683063485835,-1.7851935024327505,-0.19575898746920498,2.5106764647152593,1.4347494695908543,0.00988223192859583,0.36539482946718094,-0.4308340872197427,0.0002705275659257572,-0.012098452405911148,-0.02203252209786713,1.01171875,0.00988223192859583,0.36539482946718094,-0.4308340872197427,0.0002705275659257572,-0.012098452405911148,-0.02203252209786713,-1.0,-0.22211298676865507,0.19679049897848747,0.9344017181961729,0.04988578427127933,0.20180292465728375,0.9024998346667837,0.0,0.0,0.0,0,0.0438
53,0,0.0,-0.09920109827968321,0.31575795077146984,0.931229930238319,0.9990516153961506,-0.02559768405950913,-0.028475920577639032,-0.020730419493734456,0.039953361946740956,-0.03981886061179161,0.26317182802909644,0.8025349485123751,0.250851757573785,-1.7738254345495568,-0.20099835016012108,2.518442294209915,1.445365805304715,-0.02550499187358557,0.3351778488216073,-0.464155358961147,0.001165880666130728,-0.019322314599404866,-0.026838811890320446,1.0146484375,-0.02550499187358557,0.3351778488216073,-0.464155358961147,0.001165880666130728,-0.019322314599404866,-0.026838811890320446,-1.0,-0.22211298612028296,0.1967905030488301,0.9344017178673516,0.04988578427127933,0.20180292465728375,0.9024998346667837,0.0,0.0,0.0,0,0.0366
54,0,0.0,-0.09940955278495917,0.3200521219791186,0.9252486879371322,0.9990373957155103,-0.027004279921968632,-0.027300143534603694,-0.02120738057507048,0.03995793040898294,-0.039824057561894624,0.270738071982803,0.8195352091897018,0.24929722778992539,-1.7620194823983382,-0.20661067907189132,2.5261946629359535,1.4567845508982118,-0.10696237496539929,0.2681749786944658,-0.4303776314424632,0.00013364804521096008,-0.02324664078999633,-0.03739301137170564,0.0067596435546875,-0.10696237496539929,0.2681749786944658,-0.4303776314424632,0.00013364804521096008,-0.02324664078999633,-0.03739301137170564,1.0,-0.22211298547191063,0.1967905071191728,0.9344017175385295,0.04988578427127933,0.20180292465728375,0.9024998346667837,0.0,0.0,0.0,0,0.0376
55,0,0.0,-0.10000664637610347,0.3239214251851807,0.919400201736201,0.9990107035121272,-0.02883068208038145,-0.026472264996368955,-0.02110983716059434,0.039542481609263755,-0.03942167604423556,0.2782916655048739,0.8352946755869551,0.2474353396141699,-1.7514489186017366,-0.21237245820284534,2.5327898007728677,1.4692397243413196,-0.12976633340976573,0.23720726561049288,-0.3730924313938846,-0.0004146752112994534,-0.018833602836669017,-0.036053594834468794,0.0028400421142578125,-0.12976633340976573,0.23720726561049288,-0.3730924313938846,-0.0004146752112994534,-0.018833602836669017,-0.036053594834468794,1.0,-0.22211298482353764,0.19679051118951604,0.9344017172097069,0.04988578427127933,0.20180292465728375,0.9024998346667837,0.0,0.0,0.0,0,0.0361
56,1,0.7302,-0.1010728245841852,0.32745861757776645,0.9142170843843964,0.9989714656794775,-0.03093827331552318,-0.02596633440628329,-0.02060542355668756,0.03741381453131083,-0.03729795801301081,0.2856300235541624,0.84862474706303,0.2456599455489915,-1.7429302412507441,-0.21781564498044703,2.5381198267991647,1.4822543353137636,-0.08549378345696412,0.23401665274729566,-0.17795758660689354,-0.0016237692570545553,0.001668879856309341,-0.008479741609246777,0.9931640625,-0.08549378345696412,0.23401665274729566,-0.17795758660689354,-0.0016237692570545553,0.001668879856309341,-0.008479741609246777,-1.0,-0.2221129841751646,0.1967905152598597,0.934401716880884,0.04988578427127933,0.20180292465728375,0.9024998346667837,0.0,0.0,0.0,0,0.0388
57,0,0.0,-0.10220311770968331,0.3310116418510957,0.910829142015393,0.9989480453720525,-0.03242054514363829,-0.025494920600490283,-0.020042951966176725,0.03620412351328488,-0.03537271003789507,0.29241905491438325,0.8577548751499353,0.24469626875679892,-1.7360036007182806,-0.2224012397298069,2.5407645625180084,1.4936838568193116,-0.01831455452626285,0.34643883539759757,-0.23889443287370826,-0.009736170571976607,0.007779240099377943,-0.004421208793408765,0.9931640625,-0.01831455452626285,0.34643883539759757,-0.23889443287370826,-0.009736170571976607,0.007779240099377943,-0.004421208793408765,-1.0,-0.22211298352679087,0.1967905193302038,0.934401716552061,0.04988578427127933,0.20180292465728375,0.9024998346667837,0.0,0.0,44.6360933816293,1,0.0378
58,0,0.0,-0.10189951715621386,0.3352171282299773,0.9110245320770389,0.9989542532567501,-0.03344981919381146,-0.02401349459068019,-0.019871124117487912,0.040201808913793664,-0.03561941881912776,0.29874672191125723,0.862035812497643,0.24486575781750036,-1.7271731755295758,-0.22592514115334855,2.538635006367247,1.5036844281023167,0.027601523963069696,0.4130663393055394,-0.2811165922720631,-0.005864895656701868,0.0038695459974911195,-0.0076035819194753,1.0068359375,0.027601523963069696,0.4130663393055394,-0.2811165922720631,-0.005864895656701868,0.0038695459974911195,-0.0076035819194753,-1.0,-0.222112982878417,0.19679052340054856,0.9344017162232379,0.04988578427127933,0.20180292465728375,0.9024998346667837,0.0,0.0,59.45821857369052,1,0.0457
59,0,0.0,-0.10146736804267092,0.33645541405122475,0.9106543446971471,0.9989090430362121,-0.036010536809833016,-0.02436531865904325,-0.01703808163465522,0.041235758158349,-0.03702169327717297,0.30393954661351047,0.865515286628793,0.24209198232211349,-1.7191909345746825,-0.22883882699611344,2.5307778250149173,1.5136363830440687,-0.005577208368148234,0.3736528862895738,-0.2973207723654857,-0.0021828365494740293,0.00010031994716910853,-0.01744149567746972,1.0126953125,-0.005577208368148234,0.3736528862895738,-0.2973207723654857,-0.0021828365494740293,0.00010031994716910853,-0.01744149567746972,-1.0,-0.22211298223004258,0.19679052747089373,0.9344017158944148,0.04988578427127933,0.20180292465728375,0.9024998346667837,0.0,0.0,77.49662998423557,1,0.0524
60,0,0.0,-0.10101718170336967,0.3364265772456439,0.9102645883558136,0.9987924411773584,-0.039516821490765575,-0.025848646433641296,-0.013561996305381973,0.04106331708764853,-0.037882838200860816,0.3080735398681003,0.8683024678511906,0.2388480761168711,-1.7117475153779147,-0.22977791581006732,2.5205615092537297,1.522492751122366,0.009471349794463069,0.3505678638087939,-0.32607748633409495,-0.0007311084562459935,0.00025249366969765097,-0.02408193010784984,1.0087890625,0.009471349794463069,0.3505678638087939,-0.32607748633409495,-0.0007311084562459935,0.00025249366969765097,-0.02408193010784984,-1.0,-0.22211298158166784,0.1967905315412393,0.9344017155655906,0.04988578427127933,0.20180292465728375,0.9024998346667837,0.0,0.0,71.95539210239947,1,0.0412
61,0,0.0,-0.10052921850029863,0.3364760390431189,0.909903402934903,0.9986240199494353,-0.043281958535662246,-0.027726950262591935,-0.010390143140591748,0.04098285885540313,-0.038362935207821344,0.3117226254994208,0.8714686415635212,0.23615097571835775,-1.7036328620987338,-0.2296268863353496,2.509662838713754,1.5307510188803028,-0.0355716041598374,0.2366442162816933,-0.28248595960390155,-0.002942920476266736,-0.0013511832523337708,-0.030877203104094753,0.0013427734375,-0.0355716041598374,0.2366442162816933,-0.28248595960390155,-0.002942920476266736,-0.0013511832523337708,-0.030877203104094753,1.0,-0.22211298093329274,0.19679053561158544,0.934401715236766,0.04988578427127933,0.20180292465728375,0.9024998346667837,0.0,0.0,75.17432548310917,1,0.04
62,0,0.0,-0.10003743842255124,0.3364363630090545,0.9096324118796846,0.9984184375707323,-0.04717272903688663,-0.02969461037110675,-0.007320332570071665,0.04082373306957508,-0.038327607512738844,0.3149374244136509,0.8744184366909717,0.23371275180309312,-1.6957725304765126,-0.22921264008128056,2.4987560269126567,1.538795379735855,-0.031976385486176095,0.2446207484396864,-0.24916468786249735,-0.004818169910059358,-0.0015501796587172323,-0.036365789666456316,0.0043487548828125,-0.031976385486176095,0.2446207484396864,-0.24916468786249735,-0.004818169910059358,-0.0015501796587172323,-0.036365789666456316,1.0,-0.22211298028491724,0.19679053968193225,0.934401714907941,0.04988578427127933,0.20180292465728375,0.9024998346667837,0.0,0.0,58.65820576970273,1,0.0405
63,0,0.0,-0.09955845606806481,0.33641362738726993,0.9093793696194015,0.9981970423699538,-0.051009904745998924,-0.03128165693939648,-0.0047023569415444435,0.040696623988704696,-0.036683414293741216,0.31778895078774316,0.8771107561827792,0.23150176991431104,-1.6888469059799438,-0.22880808385187323,2.4895993978876425,1.5466408876531463,-0.018006392925663306,0.21140083804051535,-0.20888246551758038,-0.006029151081559617,0.0024765711528069168,-0.03766492299956575,0.0028934478759765625,-0.018006392925663306,0.21140083804051535,-0.20888246551758038,-0.006029151081559617,0.0024765711528069168,-0.03766492299956575,1.0,-0.22211297963654145,0.19679054375227958,0.9344017145791157,0.04988578427127933,0.20180292465728375,0.9024998346667837,0.0,0.0,53.06049937136702,1,0.0404
64,1,0.7265,-0.09903879809990401,0.33674101228067577,0.9094915880793139,0.9979966948944712,-0.05427720456625441,-0.03239571116580083,-0.002664571681693154,0.040582865167061714,-0.034432460457240174,0.3203626393172224,0.8791961880922867,0.22993487456077283,-1.682480917306765,-0.22852512151754317,2.4816951299434913,1.553599894622453,-0.14784514731160592,0.22435097260290404,-0.18434796748880677,-0.000135279954311035,0.0027926242688277036,-0.008509954012342363,0.9853515625,-0.14784514731160592,0.22435097260290404,-0.18434796748880677,-0.000135279954311035,0.0027926242688277036,-0.008509954012342363,-1.0,-0.22211297898816543,0.1967905478226275,0.9344017142502903,0.04988578427127933,0.20180292465728375,0.9024998346667837,0.0,0.0,59.36488707640606,2,0.0424
65,0,0.0,-0.09877330849167165,0.33786207515526084,0.9095205344965023,0.9978775356685049,-0.05599365887661495,-0.03320688443219744,-0.0015610253255971783,0.03908532926636627,-0.03229711799855945,0.32283648169647544,0.8817302432318347,0.2296074445917186,-1.6764226223944334,-0.22832081836535037,2.4758893128137904,1.5580903571785312,-0.11363920964505614,0.29576439580564173,-0.22896651971787896,-0.0001650713794077857,0.00927756598273577,-0.007200749878201046,0.9765625,-0.11363920964505614,0.29576439580564173,-0.22896651971787896,-0.0001650713794077857,0.00927756598273577,-0.007200749878201046,-1.0,-0.22211297833978894,0.19679055189297603,0.9344017139214644,0.04988578427127933,0.20180292465728375,0.9024998346667837,0.0,0.0,25.672684432799798,2,0.0536
66,0,0.0,-0.09855589262341993,0.339851454744059,0.909400833430845,0.9978545385732314,-0.056215147223044215,-0.03352842479555519,-0.0014219009189241627,0.04050164712189074,-0.030298904057496537,0.32538195033465556,0.8851320337491924,0.2301580304684399,-1.6699248039643995,-0.22837309793575997,2.472061500002786,1.5604469812847441,-0.03372263455624014,0.35769982197358763,-0.28933279626309427,-7.006088855869563e-05,0.0018795819336565323,-0.005841191738900492,1.0029296875,-0.03372263455624014,0.35769982197358763,-0.28933279626309427,-7.006088855869563e-05,0.0018795819336565323,-0.005841191738900492,-1.0,-0.22211297769141225,0.19679055596332515,0.9344017135926386,0.04988578427127933,0.20180292465728375,0.9024998346667837,0.0,0.0,53.178973170452544,2,0.0396
67,0,0.0,-0.0983639058521074,0.34083112467814264,0.9094017104077157,0.9978413430571119,-0.056052799535149134,-0.03421443186996147,-0.0003322680634217142,0.040774915939276554,-0.02933311584675575,0.3274456095553878,0.8873991480590119,0.2299585482296414,-1.6645553575464687,-0.22887807112891484,2.466617567097267,1.561668209934305,-0.045432775379023016,0.31659722097122356,-0.29435380981316894,-0.00017634381052547554,-0.0009883074524580648,-0.012553380626632582,1.015625,-0.045432775379023016,0.31659722097122356,-0.29435380981316894,-0.00017634381052547554,-0.0009883074524580648,-0.012553380626632582,-1.0,-0.22211297704303506,0.19679056003367476,0.9344017132638127,0.04988578427127933,0.20180292465728375,0.9024998346667837,0.0,0.0,33.97517557326358,1,0.0383
68,0,0.0,-0.09815618686671457,0.34212879611745534,0.9093518866248517,0.997848413217618,-0.055697345235781515,-0.034587879457974466,0.0001690188369579751,0.040604134208420045,-0.02803607278110362,0.3294252951044089,0.8899537941893154,0.23017355130767106,-1.6593012427147584,-0.22922588082749595,2.462777171990396,1.5625733658520913,-0.02170433213285783,0.3152834392040247,-0.28613760582213765,-0.00019566797815578907,-0.0008712507428207394,-0.015995076879269404,1.0048828125,-0.02170433213285783,0.3152834392040247,-0.28613760582213765,-0.00019566797815578907,-0.0008712507428207394,-0.015995076879269404,-1.0,-0.22211297639465744,0.196790564104025,0.9344017129349865,0.04988578427127933,0.20180292465728375,0.9024998346667837,0.0,0.0,72.04452036493677,2,0.0391
69,0,0.0,-0.09794788116456336,0.34360758968432514,0.909332233418406,0.9978577378300242,-0.055445247320657365,-0.034722385730200894,0.0003398992495371334,0.04056714282099683,-0.02655522847559811,0.3313696170070713,0.8924523891183881,0.230568860827617,-1.6543210852850856,-0.2295544221716872,2.45986919329817,1.5637759359529995,-0.05693747513473946,0.2050196123141209,-0.24460013008970216,-0.00020452488831969318,-0.003768404306344647,-0.023638814862448176,0.005016326904296875,-0.05693747513473946,0.2050196123141209,-0.24460013008970216,-0.00020452488831969318,-0.003768404306344647,-0.023638814862448176,1.0,-0.22211297574627956,0.1967905681743757,0.9344017126061596,0.04988578427127933,0.20180292465728375,0.9024998346667837,0.0,0.0,73.58944932998367,2,0.0377
70,0,0.0,-0.0977712327805945,0.34514868728245907,0.9093431922270607,0.9978514917061552,-0.055562104812029056,-0.03471552723791529,0.0002918514175531753,0.04018394534918824,-0.025015683499803047,0.33325336441315623,0.8947512124981039,0.23103871750179023,-1.6498044492167911,-0.22973845338648338,2.4577190005328133,1.565680079576807,-0.04635726018082165,0.20642723563611964,-0.22200556911436642,-0.00020210936736590746,-0.008690638946594359,-0.027674688375964512,0.00701904296875,-0.04635726018082165,0.20642723563611964,-0.22200556911436642,-0.00020210936736590746,-0.008690638946594359,-0.027674688375964512,1.0,-0.22211297509790126,0.19679057224472693,0.934401712277332,0.04988578427127933,0.20180292465728375,0.9024998346667837,0.0,0.0,34.74624481195598,1,0.0403
71,0,0.0,-0.09761883274917157,0.34671260103407486,0.9093663706103146,0.9978333943067204,-0.0560257332888231,-0.034490858081012064,0.00012298216789637627,0.0400582444207957,-0.023449899251679177,0.3351567397695308,0.8968498903704674,0.23147338859308475,-1.6457840804000388,-0.23008373544726524,2.4563777344067814,1.5684376544775018,-0.030538298016711485,0.2033304643277224,-0.20294854041294674,-0.0019052529332009432,-0.006449002957039512,-0.02735242274294511,0.005290985107421875,-0.030538298016711485,0.2033304643277224,-0.20294854041294674,-0.0019052529332009432,-0.006449002957039512,-0.02735242274294511,1.0,-0.2221129744495227,0.19679057631507874,0.9344017119485043,0.04988578427127933,0.20180292465728375,0.9024998346667837,0.0,0.0,30.14460978708497,1,0.0403
72,1,0.7225,-0.097473692722119,0.3483200591356696,0.909378013834264,0.9978151653739059,-0.056613130300100956,-0.03405648448801631,-7.135674218126248e-05,0.039514504510706504,-0.021847086080423697,0.33715268423640693,0.8989007968673345,0.23186229585161344,-1.6419790407067607,-0.23078251702263425,2.455553493931988,1.5717921785769537,-0.12421942459897395,0.23448586052129516,-0.2188103786734098,-3.704876885689268e-05,0.007404658628538507,-0.012850469257072339,0.97607421875,-0.12421942459897395,0.23448586052129516,-0.2188103786734098,-3.704876885689268e-05,0.007404658628538507,-0.012850469257072339,-1.0,-0.22211297380114373,0.19679058038543115,0.9344017116196763,0.04988578427127933,0.20180292465728375,0.9024998346667837,0.0,0.0,43.038845378223996,2,0.059
73,0,0.0,-0.09733852431213957,0.3498067728305442,0.9093877233814553,0.9977955771850091,-0.0571404891144226,-0.033747870469497766,-0.00017858491497505652,0.039088862179385994,-0.020370888395084132,0.3390319628514445,0.900880190000643,0.2321975792632353,-1.638215229058605,-0.23132550796241852,2.4543583067689156,1.5747466341182081,-0.08970532533182463,0.2518465481592801,-0.31466609190210715,-5.637293648722008e-05,0.004209010455439394,-0.01080609664760554,0.98681640625,-0.08970532533182463,0.2518465481592801,-0.31466609190210715,-5.637293648722008e-05,0.004209010455439394,-0.01080609664760554,-1.0,-0.22211297315276446,0.19679058445578423,0.934401711290848,0.04988578427127933,0.20180292465728375,0.9024998346667837,0.0,0.0,37.9502764077386,2,0.0408
74,0,0.0,-0.09717608226983458,0.3512395891060008,0.9092673232504076,0.9977916328803836,-0.05731209368373563,-0.03357121361520377,-0.0003935579821034048,0.040320826892931406,-0.018944040794956825,0.3407513731172094,0.9032077401523869,0.23257419540969076,-1.6342146564045452,-0.23156424751034083,2.453195474146796,1.5765540615696558,-0.05909460633893626,0.27061485911926364,-0.3196871054521817,-2.0945295831617528e-05,-0.005781779712106722,-0.013127416285448362,0.998046875,-0.05909460633893626,0.27061485911926364,-0.3196871054521817,-2.0945295831617528e-05,-0.005781779712106722,-0.013127416285448362,-1.0,-0.22211297250438483,0.19679058852613793,0.9344017109620194,0.04988578427127933,0.20180292465728375,0.9024998346667837,0.0,0.0,66.72330180735052,2,0.0417
75,0,0.0,-0.09707667749935422,0.351902425572959,0.9092489769076134,0.9977861746256762,-0.05732460662894334,-0.03371360990641356,0.0001780667675189175,0.04061396147468648,-0.01829494077967417,0.3421361548172005,0.9045244811107218,0.23236422455994826,-1.6312521102586848,-0.23214823304421045,2.4506570922451574,1.5778346233109861,-0.07881694877730727,0.2570078336732755,-0.3005159628064423,-0.0002512249600929717,-0.018011279451466772,-0.020486024714412715,0.9990234375,-0.07881694877730727,0.2570078336732755,-0.3005159628064423,-0.0002512249600929717,-0.018011279451466772,-0.020486024714412715,-1.0,-0.22211297185600487,0.19679059259649223,0.9344017106331908,0.04988578427127933,0.20180292465728375,0.9024998346667837,0.0,0.0,69.1978777174738,2,0.04
76,0,0.0,-0.09700280094996006,0.35241253187798066,0.9092852261703234,0.9977858914641078,-0.057381094328989024,-0.033618445466869096,0.0007245227207593949,0.04050683377753365,-0.01778624413437014,0.3434096765162605,0.9053691187585888,0.23206625879343074,-1.6291921799036375,-0.23301838159352817,2.449083765304114,1.5794146246628762,-0.06885305702458855,0.20042137612892497,-0.2509905109716153,-0.0003446251036395287,-0.01443885499422251,-0.035167364343665436,0.65283203125,-0.06885305702458855,0.20042137612892497,-0.2509905109716153,-0.0003446251036395287,-0.01443885499422251,-0.035167364343665436,-1.0,-0.22211297120762452,0.19679059666684706,0.9344017103043621,0.04988578427127933,0.20180292465728375,0.9024998346667837,0.0,0.0,69.60557705833885,2,0.0388
77,0,0.0,-0.09693248692417888,0.3532851307966613,0.9092855540334166,0.9977687544476823,-0.05798855833568112,-0.033081088636111367,0.000693775698096798,0.040319654785818254,-0.016945958767324628,0.3447706401938953,0.9062877274317286,0.23196992651788068,-1.6275284118134936,-0.23383961293740121,2.449268282217394,1.5823493618018383,-0.07809790504257497,0.1542278707786653,-0.23889443287370826,-0.00046459597767779803,-0.014486409282512658,-0.04162274780508521,0.0022983551025390625,-0.07809790504257497,0.1542278707786653,-0.23889443287370826,-0.00046459597767779803,-0.014486409282512658,-0.04162274780508521,1.0,-0.22211297055924387,0.19679060073720228,0.9344017099755331,0.04988578427127933,0.20180292465728375,0.9024998346667837,0.0,0.0,41.06213139573569,1,0.0407
78,0,0.0,-0.09691233870814796,0.35406012020784844,0.9092876165730288,0.9977116607239394,-0.05929633992901301,-0.03248118053410574,0.0005991974726253825,0.0399534473472689,-0.016209169096828513,0.3460478872346971,0.9068995112351139,0.23177969665648906,-1.626514327982087,-0.2345148380966198,2.4500289809119837,1.5865057565029828,-0.03423623722390612,0.165981525517355,-0.21493050456653395,-9.421609809659448e-05,-0.0019247611295566958,-0.04013226925237051,0.003307342529296875,-0.03423623722390612,0.165981525517355,-0.21493050456653395,-9.421609809659448e-05,-0.0019247611295566958,-0.04013226925237051,1.0,-0.22211296991086266,0.19679060480755814,0.9344017096467032,0.04988578427127933,0.20180292465728375,0.9024998346667837,0.0,0.0,38.19304648353923,1,0.0411
79,0,0.0,-0.0968823589778794,0.35484037873260865,0.9093078414748148,0.9976401698705706,-0.06081160299645244,-0.03187346456297069,0.00035022617289751437,0.03934767155352306,-0.015471619673615393,0.3472031499451364,0.9074688551516652,0.23167157925412074,-1.6256156666402364,-0.2349266862245088,2.4510656404004196,1.5907696853746334,-0.033003590821507944,0.13881439540277873,-0.1476032774178061,-0.00033737854077815765,-0.0007776053751108736,-0.03495587752199647,0.004547119140625,-0.033003590821507944,0.13881439540277873,-0.1476032774178061,-0.00033737854077815765,-0.0007776053751108736,-0.03495587752199647,1.0,-0.2221129692624813,0.19679060887791455,0.9344017093178731,0.04988578427127933,0.20180292465728375,0.9024998346667837,0.0,0.0,45.205243307444775,2,0.0464
80,1,0.7327,-0.0968569135322696,0.35559183573772324,0.9093466420595715,0.9975585876309834,-0.06235466471905826,-0.031444475816761325,7.05128310362034e-05,0.03655033518647826,-0.014757264786997666,0.34821837806387407,0.9080510782611292,0.23166639433746583,-1.6246013735955633,-0.23499665033784975,2.451745827405895,1.5947518733136672,-0.13264250834869484,0.2090547991705174,-0.2655970958445597,-0.001899012837403652,0.0010718906371589565,-0.016226705303002076,0.96826171875,-0.13264250834869484,0.2090547991705174,-0.2655970958445597,-0.001899012837403652,0.0010718906371589565,-0.016226705303002076,-1.0,-0.22211296861409946,0.1967906129482716,0.9344017089890427,0.04988578427127933,0.20180292465728375,0.9024998346667837,0.0,0.0,24.54936597103466,1,0.044
81,0,0.0,-0.09680247191987253,0.3563581949576801,0.9093004082527574,0.9975149172242999,-0.06325865227091931,-0.031021090242876505,-0.00015744207378931216,0.035998822324943135,-0.014007919975788943,0.34923356642845577,0.9089629000913784,0.23170515934681912,-1.6232144987351032,-0.23538556438107397,2.452250360849365,1.59756107607595,-0.12031604432471299,0.2030958604407226,-0.24574126953290099,-0.00026571808581571377,-0.00027426152367035495,-0.022488225844558618,0.95263671875,-0.12031604432471299,0.2030958604407226,-0.24574126953290099,-0.00026571808581571377,-0.00027426152367035495,-0.022488225844558618,-1.0,-0.22211296796571742,0.1967906170186292,0.9344017086602118,0.04988578427127933,0.20180292465728375,0.9024998346667837,0.0,0.0,43.92978552991941,2,0.04
82,0,0.0,-0.09672581528937908,0.35704186299750174,0.9092586605556036,0.9975040032188691,-0.06359646997499091,-0.030678806274629922,-0.00025182258179853693,0.03664078376895294,-0.013335880305937086,0.35019558012262825,0.9098818654650388,0.23171819275279493,-1.6216750428614577,-0.23585875527659866,2.4522965545132744,1.599305757504519,-0.11435825337978833,0.198075337258927,-0.22599955716556208,-0.000256056002000557,0.001411355095107203,-0.02589719199384191,0.943359375,-0.11435825337978833,0.198075337258927,-0.22599955716556208,-0.000256056002000557,0.001411355095107203,-0.02589719199384191,-1.0,-0.22211296731733496,0.19679062108898743,0.9344017083313806,0.04988578427127933,0.20180292465728375,0.9024998346667837,0.0,0.0,42.357983595679535,2,0.0404
83,0,0.0,-0.09663863665679626,0.35772896583538644,0.9092708247319947,0.9974887093405203,-0.0639713342491397,-0.0303934868690905,-0.00042318849861113124,0.03732405259889565,-0.012669847247114629,0.3510921645748285,0.9107228018478193,0.2317824384431302,-1.6201344261810817,-0.23604308080345673,2.4522888863969765,1.600887071743373,-0.1246303067331066,0.12652115172398948,-0.23455810298955293,0.00010466179376547591,-0.006127097005536847,-0.03248853126919171,0.0166168212890625,-0.1246303067331066,0.12652115172398948,-0.23455810298955293,0.00010466179376547591,-0.006127097005536847,-0.03248853126919171,1.0,-0.22211296666895222,0.19679062515934628,0.9344017080025493,0.04988578427127933,0.20180292465728375,0.9024998346667837,0.0,0.0,37.81738883433785,2,0.0414
84,0,0.0,-0.09656295086164002,0.3582188853003491,0.909293374716062,0.9974508323633331,-0.06465504332101624,-0.03018885558106342,-0.000442028908767534,0.03779490758939644,-0.012244512471409539,0.35189272733776894,0.9113018481644778,0.2316538512087676,-1.618937099581209,-0.23618166941612356,2.452055890851798,1.6029148547296463,-0.06104629647606674,0.12168831165179372,-0.1512549236360422,-0.0029260118295902082,-0.009729517244625674,-0.05159284082662274,0.00876617431640625,-0.06104629647606674,0.12168831165179372,-0.1512549236360422,-0.0029260118295902082,-0.009729517244625674,-0.05159284082662274,1.0,-0.22211296602056907,0.19679062922970564,0.9344017076737179,0.04988578427127933,0.20180292465728375,0.9024998346667837,0.0,0.0,39.44067838568631,2,0.0423
85,0,0.0,-0.0965366726556203,0.3583238539328988,0.9093680913433893,0.9973541450329849,-0.06619479923375043,-0.030048571589360917,-0.00020318800439281248,0.03748639890084676,-0.01224794646006235,0.35252933364729694,0.9112293558247403,0.23118750476136898,-1.6186630969727436,-0.23623405549114618,2.451802348598546,1.606446685601985,-0.04245387990656069,0.13110765771483546,-0.1372189084846972,-0.0044719452400160675,0.0020083443142575874,-0.043032659949545055,0.0022125244140625,-0.04245387990656069,0.13110765771483546,-0.1372189084846972,-0.0044719452400160675,0.0020083443142575874,-0.043032659949545055,1.0,-0.22211296537218564,0.19679063330006566,0.9344017073448865,0.04988578427127933,0.20180292465728375,0.9024998346667837,0.0,0.0,26.84133762513144,1,0.0434
86,0,0.0,-0.09658398641077676,0.3585517206103765,0.9093522271317318,0.9972109860736098,-0.06838611202720823,-0.029892414930792463,-0.00018018186617908827,0.034852571340669346,-0.01209492738191738,0.3531376482030688,0.9113212419358573,0.23090317322227957,-1.6185267415745968,-0.23610149092246407,2.452152570712788,1.6111353180496022,0.009728151128295948,0.1352718767090818,-0.11684956942359903,-0.0033318193498270005,0.00925415464080831,-0.052056097674088114,-0.0002034902572631836,0.009728151128295948,0.1352718767090818,-0.11684956942359903,-0.0033318193498270005,0.00925415464080831,-0.052056097674088114,1.0,-0.22211296472380165,0.19679063737042615,0.9344017070160546,0.04988578427127933,0.20180292465728375,0.9024998346667837,0.0,0.0,23.986208057911817,1,0.0427
87,0,0.0,-0.09656720989475578,0.3590591198172571,0.9093822757840884,0.9970471478704361,-0.07079796002274935,-0.029739263901468284,-0.0004582168086420778,0.03190637460884159,-0.011659727220667939,0.35373688693862465,0.9117642127741117,0.23095936788447743,-1.6177536529439087,-0.2356271455477576,2.452550457480498,1.6161266051844885,0.035562365311891386,0.16433929830835647,-0.07097576380700821,-0.008235326886021507,0.00995649489863229,-0.03884320672029293,0.015899658203125,0.035562365311891386,0.16433929830835647,-0.07097576380700821,-0.008235326886021507,0.00995649489863229,-0.03884320672029293,1.0,-0.22211296407541753,0.19679064144078712,0.9344017066872221,0.04988578427127933,0.20180292465728375,0.9024998346667837,0.0,0.0,36.65791088875264,2,0.0418
88,1,0.7405,-0.09648706728496016,0.35988555646872256,0.9094238652986035,0.9968829091240847,-0.07313393889231018,-0.02958265514402978,-0.0008712020580310224,0.028179545405125368,-0.010895056626076724,0.3545027846274467,0.9127334466904468,0.23130414445677705,-1.6160161876750851,-0.2352285430773138,2.452626318603581,1.6211469720755436,-0.09206789760308776,0.20558266164292038,-0.15924289973843364,-0.002103124357998948,-0.0062792707280653615,-0.02619931602479758,0.89453125,-0.09206789760308776,0.20558266164292038,-0.15924289973843364,-0.002103124357998948,-0.0062792707280653615,-0.02619931602479758,-1.0,-0.2221129634270328,0.19679064551114864,0.9344017063583892,0.04988578427127933,0.20180292465728375,0.9024998346667837,0.0,0.0,15.40630002880057,1,0.0439
89,0,0.0,-0.09636099840286746,0.3607909871462669,0.9094283534175022,0.9967671469483275,-0.07481095601241902,-0.029282739163149524,-0.0010472879749217165,0.027173930145745206,-0.01005228436779621,0.355513303919152,0.9139747392382045,0.23157002133758176,-1.6137813352054364,-0.23568003929530668,2.452332547507341,1.6255987623168997,-0.06094357594253352,0.1357880052604814,-0.12877447660502628,-0.001042308072459322,-0.0022993426003961592,-0.033737310597141884,0.01531219482421875,-0.06094357594253352,0.1357880052604814,-0.12877447660502628,-0.001042308072459322,-0.0022993426003961592,-0.033737310597141884,1.0,-0.22211296277864798,0.19679064958151074,0.9344017060295557,0.04988578427127933,0.20180292465728375,0.9024998346667837,0.0,0.0,29.18789207777138,2,0.0418
90,0,0.0,-0.09627737042180584,0.361410112873446,0.9094217103323434,0.9966606326588139,-0.07630823290428362,-0.02904842313617908,-0.0009088522753717271,0.026290511076133338,-0.009497351197086907,0.35647407908857487,0.9148845467214708,0.23155804900691707,-1.612010782451658,-0.23628610919215215,2.4517145996318486,1.6297677018834167,-0.03310631135504105,0.08618101335437467,-0.0806183921020378,-0.00048633566626191116,0.0019264046175114513,-0.04389874883828468,0.00608062744140625,-0.03310631135504105,0.08618101335437467,-0.0806183921020378,-0.00048633566626191116,0.0019264046175114513,-0.04389874883828468,1.0,-0.2221129621302626,0.19679065365187354,0.9344017057007221,0.04988578427127933,0.20180292465728375,0.9024998346667837,0.0,0.0,15.923767109302284,1,0.0424
91,0,0.0,-0.0962393870611059,0.3621143451851635,0.9094367169476834,0.9965044103991731,-0.07836968114563297,-0.028915471912835285,-0.0010240196214278633,0.02210373236789856,-0.008834961970237604,0.3573650009868793,0.9157484384946136,0.23168849362990285,-1.610384078535609,-0.23622500894431075,2.451408253823408,1.6346087249726402,-0.06114901700959985,0.08714288929107383,-0.02846831954785367,3.300133880303202e-05,0.011923047620539418,-0.045389227390999376,0.00141143798828125,-0.06114901700959985,0.08714288929107383,-0.02846831954785367,3.300133880303202e-05,0.011923047620539418,-0.045389227390999376,1.0,-0.2221129614818771,0.19679065772223694,0.9344017053718883,0.04988578427127933,0.20180292465728375,0.9024998346667837,0.0,0.0,10.730029530751047,1,0.0406
92,0,0.0,-0.0962715914560866,0.3628980564008617,0.9095331217671265,0.9962920963474288,-0.08098490178103412,-0.029014478881563104,-0.0012901373541198066,0.016738213572341062,-0.008105780079308612,0.35815424389413825,0.9164644421725088,0.23202726983781738,-1.6087934396106836,-0.2354601176927099,2.4508110571154065,1.6400343044807442,0.020000204481614214,0.06432766128034373,0.04984237474166242,-0.00242519381850434,0.0072290735640825055,-0.060777411367675505,0.005126953125,0.020000204481614214,0.06432766128034373,0.04984237474166242,-0.00242519381850434,0.0072290735640825055,-0.060777411367675505,1.0,-0.2221129608334911,0.19679066179260096,0.9344017050430541,0.04988578427127933,0.20180292465728375,0.9024998346667837,0.0,0.0,3.1716219473020826,1,0.0388
93,0,0.0,-0.09622161686437856,0.3636309374189765,0.9098661252506667,0.9960181681562179,-0.08421372212096839,-0.029214679530614945,-0.0015362972326065892,0.011437999331904043,-0.0065632106588645114,0.35885733448878065,0.916791009779217,0.23233579896487647,-1.6070984006480948,-0.23428606314435735,2.4496242319764296,1.646296523429958,-0.0003898214247224363,0.06744789297744103,0.12478670767374211,-0.00039052000176155455,0.006304325557947604,-0.054835638758880395,0.003147125244140625,-0.0003898214247224363,0.06744789297744103,0.12478670767374211,-0.00039052000176155455,0.006304325557947604,-0.054835638758880395,1.0,-0.2221129601851049,0.19679066586296556,0.9344017047142199,0.04988578427127933,0.20180292465728375,0.9024998346667837,0.0,0.0,0.0,0,0.0382
94,0,0.0,-0.09617094226042315,0.3643655882410344,0.9108193228197009,0.9957119598989643,-0.0876610727834321,-0.029505957981750965,-0.001621010857067966,0.0070001947309536695,-0.004255153752493051,0.3594771697197102,0.9158065943561753,0.23286021270275611,-1.6057921652449794,-0.2329282330205753,2.4471657833616196,1.6529460354267635,0.07128343084805555,0.06803440269494054,0.13539930449549087,-0.002266977196031056,0.007510009667212103,-0.06049542893878354,0.002468109130859375,0.07128343084805555,0.06803440269494054,0.13539930449549087,-0.002266977196031056,0.007510009667212103,-0.06049542893878354,1.0,-0.22211295953671817,0.19679066993333066,0.9344017043853857,0.04988578427127933,0.20180292465728375,0.9024998346667837,0.0,0.0,0.0,0,0.037
95,0,0.0,-0.09583329284140572,0.3651378339166761,0.9123009326716829,0.9953890449493541,-0.09123753059227235,-0.02954696532194653,-0.0018273058035427371,0.004368001013405672,-0.0028237361252688273,0.3599889749041091,0.9141928496790843,0.23338379992001962,-1.6041834701865985,-0.23147317284430619,2.4444063104711056,1.6596826138493765,0.09091589281958512,0.08180565086182845,0.22771748545027193,-0.002143785627387748,0.004782588332662291,-0.05447308992173358,0.0034542083740234375,0.09091589281958512,0.08180565086182845,0.22771748545027193,-0.002143785627387748,0.004782588332662291,-0.05447308992173358,1.0,-0.22211295888833127,0.19679067400369624,0.9344017040565511,0.04988578427127933,0.20180292465728375,0.9024998346667837,0.0,0.0,0.0,0,0.0391
96,1,0.7323,-0.09512022764120905,0.3659547235644116,0.9143899370599912,0.9950617434712646,-0.09480223694658385,-0.029327575618006013,-0.002134445647021704,0.002889381878235171,-0.002017193561124691,0.36038346648315767,0.9118416209852309,0.23396805962231768,-1.602012669770634,-0.22993115228758448,2.440865402689559,1.6661419820177488,0.11062539519126446,-0.005936202876094976,0.39580732543345176,-0.0011369159764827858,0.0008845999017392248,-0.05640668371984997,0.00324249267578125,0.11062539519126446,-0.005936202876094976,0.39580732543345176,-0.0011369159764827858,0.0008845999017392248,-0.05640668371984997,1.0,-0.22211295823994368,0.19679067807406242,0.9344017037277157,0.04988578427127933,0.20180292465728375,0.9024998346667837,0.0,0.0,0.0,0,0.0381
97,0,0.0,-0.09408218744688417,0.3664459183586568,0.9180776813748088,0.9947259863536885,-0.09832801834689292,-0.029118617916206305,-0.0019796391850184815,0.002049136750523461,-0.0015773604174916431,0.3603381407967227,0.9062822741683068,0.23458213079854084,-1.6004495257616123,-0.2280533666722073,2.434136560572263,1.6721001638538737,0.18948908481136528,6.965663109981257e-05,0.5350263375037028,-0.0003993769119254448,-0.011669732206864403,-0.060857977775930355,0.0051727294921875,0.18948908481136528,6.965663109981257e-05,0.5350263375037028,-0.0003993769119254448,-0.011669732206864403,-0.060857977775930355,1.0,-0.22211295759155608,0.19679068214442916,0.9344017033988801,0.04988578427127933,0.20180292465728375,0.9024998346667837,0.0,0.0,0.0,0,0.037
98,0,0.0,-0.09227859637780712,0.36664689137135736,0.9238448732498394,0.9943740983068066,-0.10204473830716565,-0.028349278745400473,-0.0018282218033172787,0.0015865262856869847,-0.0013232343901566877,0.3597281839727327,0.8971766466078516,0.2351132452733448,-1.5991355190700138,-0.22566118633822127,2.425198871208745,1.677586061594586,0.3123428429170515,-0.022170791856480743,0.6240352140732075,-0.0021675382501000207,-0.002264225587504942,-0.07338605425955934,0.000629425048828125,0.3123428429170515,-0.022170791856480743,0.6240352140732075,-0.0021675382501000207,-0.002264225587504942,-0.07338605425955934,1.0,-0.22211295694316782,0.19679068621479642,0.9344017030700439,0.04988578427127933,0.20180292465728375,0.9024998346667837,0.0,0.0,0.0,0,0.0365
99,0,0.0,-0.08955214055078284,0.3665972363449943,0.9310294954234146,0.9939646791871035,-0.10631550476884755,-0.02696354747526253,-0.0020486780546261915,0.0013247941518949348,-0.0011840246994139223,0.3585641012995059,0.88634395067236,0.23535578269218088,-1.5969199095261957,-0.2224395488756768,2.4151655359152175,1.6827649816199093,0.36801737209203644,-0.024986038500478314,0.6655726898056429,-0.002409492932304691,0.000872894230775495,-0.06557111265883901,0.0034313201904296875,0.36801737209203644,-0.024986038500478314,0.6655726898056429,-0.002409492932304691,0.000872894230775495,-0.06557111265883901,1.0,-0.22211295629477953,0.19679069028516435,0.9344017027412076,0.04988578427127933,0.20180292465728375,0.9024998346667837,0.0,0.0,0.0,0,0.0368
100,0,0.0,-0.0861295965785932,0.36629318797196664,0.9389378968161882,0.9935173920318701,-0.11077132684311825,-0.025420148266592082,-0.00259247790930767,0.0011797626274720296,-0.0011047775892605166,0.3568824978846641,0.8752057165757341,0.2354065777843347,-1.5931751677270858,-0.21826009785662262,2.4040199886977263,1.6866691237956475,0.45450806132697597,-0.05848747356404904,0.6829180093422644,-0.0009770890067069826,0.006269208545056387,-0.05638654211778624,0.0002498626708984375,0.45450806132697597,-0.05848747356404904,0.6829180093422644,-0.0009770890067069826,0.006269208545056387,-0.05638654211778624,1.0,-0.22211295564639066,0.19679069435553287,0.9344017024123707,0.04988578427127933,0.20180292465728375,0.9024998346667837,0.0,0.0,0.0,0,0.0373
101,0,0.0,-0.08203569596375578,0.3656995292757077,0.9471609970841834,0.9930884121361719,-0.11488172115942924,-0.023788890835733392,-0.0034182593681747154,0.001097244062175196,-0.0010556163529915111,0.3546866391293142,0.8647115408727329,0.23519704985022108,-1.5873845696638178,-0.2134162067581321,2.3920162542129897,1.6883974918765723,0.5348355185499246,-0.04412971567966162,0.6678549686920405,-0.007520332683699546,0.004314361494112989,-0.04949811421199668,-0.003154754638671875,0.5348355185499246,-0.04412971567966162,0.6678549686920405,-0.007520332683699546,0.004314361494112989,-0.04949811421199668,1.0,-0.22211295499800168,0.196790698425902,0.9344017020835339,0.04988578427127933,0.20180292465728375,0.9024998346667837,0.0,0.0,0.0,0,0.0372
102,0,0.0,-0.07706470934835623,0.3647793099667512,0.9553072818363313,0.9926906745276748,-0.11860798608104156,-0.021834627394549534,-0.004540857862737812,0.0010474455965465697,-0.001010339402954827,0.35210296627676807,0.8560220113553285,0.23446463995841582,-1.5786776511803235,-0.20849273129772858,2.3798292089331063,1.6881250133594854,0.5857849031823831,-0.11169563513560266,0.5706298881315046,-0.00023109561881139162,-0.002837803464727867,-0.05328473539997458,-0.0007357597351074219,0.5857849031823831,-0.11169563513560266,0.5706298881315046,-0.00023109561881139162,-0.002837803464727867,-0.05328473539997458,1.0,-0.22211295434961217,0.19679070249627173,0.934401701754697,0.04988578427127933,0.20180292465728375,0.9024998346667837,0.0,0.0,0.0,0,0.0389
103,0,0.0,-0.07123927698920078,0.36339727885968,0.9627706549308613,0.9922834965523497,-0.12229718435263415,-0.01956813618037661,-0.005826595548465514,0.0010020479765707122,-0.0009674570010919988,0.34924792502147156,0.8502110840611455,0.23287720607947066,-1.5668924427118547,-0.2037793248058319,2.3681658074464718,1.6866434485426358,0.5927698994626395,-0.14172493267157638,0.5341134259491438,0.0035330912008453286,0.00025249366969765097,-0.042952093541290204,0.0005745887756347656,0.5927698994626395,-0.14172493267157638,0.5341134259491438,0.0035330912008453286,0.00025249366969765097,-0.042952093541290204,1.0,-0.2221129537012225,0.1967907065666421,0.93440170142586,0.04988578427127933,0.20180292465728375,0.9024998346667837,0.0,0.0,0.0,0,0.0362
104,1,0.7379,-0.06496628070571167,0.3615738479709381,0.9694490071766312,0.9918841185138341,-0.1257338362038063,-0.01747977387711292,-0.007166266720778935,0.0009589040425268764,-0.0009261288548285492,0.3460810850158394,0.8468996940850362,0.23078029849522455,-1.5528322916192674,-0.19882108521067596,2.3564958855764493,1.6834418652522736,0.4146524943161013,-0.066557847276842,0.6806357304558668,0.00012076526679075106,-0.0054774322670496645,-0.05417096589077791,-0.0004303455352783203,0.4146524943161013,-0.066557847276842,0.6806357304558668,0.00012076526679075106,-0.0054774322670496645,-0.05417096589077791,1.0,-0.22211295305283213,0.19679071063701284,0.9344017010970225,0.04988578427127933,0.20180292465728375,0.9024998346667837,0.0,0.0,0.0,0,0.0552
105,0,0.0,-0.05921216978812465,0.35986569278181935,0.9768297693026399,0.991489602047112,-0.12890088726581977,-0.016343370242619597,-0.008113232626731194,0.0009185615479257083,-0.0008856227172690777,0.34282697947596746,0.8423646893712105,0.22954297312938773,-1.5385409537399948,-0.19326097574310366,2.3412338385453983,1.6799308591434103,0.5058683280935673,-0.1441648130963743,0.6149060985276171,0.003607167176761558,-0.002076934852085238,-0.04607404186116559,-0.0027008056640625,0.5058683280935673,-0.1441648130963743,0.6149060985276171,0.003607167176761558,-0.002076934852085238,-0.04607404186116559,1.0,-0.2221129524044417,0.1967907147073841,0.9344017007681844,0.04988578427127933,0.20180292465728375,0.9024998346667837,0.0,0.0,0.0,0,0.0532
106,0,0.0,-0.053564969928251056,0.35816472244507913,0.9848989774833297,0.9910755453366515,-0.13211690789222041,-0.015324491934781616,-0.008918858200308983,0.0008793559613883595,-0.0008474465573658025,0.33952935589587113,0.8372137907616587,0.22848191837303142,-1.5237618917727696,-0.1878742451759259,2.324605121787315,1.676756651712474,0.5755128498290648,-0.17456947685154772,0.5669782419132685,0.005021052108380206,-0.008778431478822374,-0.04246869509176113,-0.0037403106689453125,0.5755128498290648,-0.17456947685154772,0.5669782419132685,0.005021052108380206,-0.008778431478822374,-0.04246869509176113,1.0,-0.22211295175605064,0.19679071877775592,0.9344017004393458,0.04988578427127933,0.20180292465728375,0.9024998346667837,0.0,0.0,0.0,0,0.0552
107,0,0.0,-0.047253574047037554,0.35601385887557463,0.9924548595192854,0.9906699573571899,-0.1352239297725179,-0.013691884796839044,-0.010002834472764548,0.0008418419742697933,-0.0008108992851215536,0.33603888778870755,0.8340662141848786,0.2265959022871175,-1.5072406039469055,-0.18296879541706215,2.309599743559595,1.6726975782269686,0.6219425309860634,-0.18808266074273594,0.5012486099850189,0.005040376276010533,-0.011529264155299618,-0.03416028424047984,-0.004146575927734375,0.6219425309860634,-0.18808266074273594,0.5012486099850189,0.005040376276010533,-0.011529264155299618,-0.03416028424047984,1.0,-0.22211295110765958,0.19679072284812843,0.934401700110507,0.04988578427127933,0.20180292465728375,0.9024998346667837,0.0,0.0,0.0,0,0.0611
108,0,0.0,-0.04035315085402547,0.35350211002977133,0.9991823600167741,0.9903011888282827,-0.13798865802258803,-0.011547722954408793,-0.011372587963307973,0.0008061848915486166,-0.0007756729362858465,0.33244503917546103,0.8335174178968942,0.22399263334563915,-1.4887964156376416,-0.17853128542209046,2.2964098788577414,1.6673768906250974,0.6198881203153997,-0.24588905849948545,0.3782337780081906,0.021813753779131084,-0.01103469955708189,-0.03074628269068061,-0.004138946533203125,0.6198881203153997,-0.24588905849948545,0.3782337780081906,0.021813753779131084,-0.01103469955708189,-0.03074628269068061,1.0,-0.22211295045926785,0.19679072691850152,0.9344016997816679,0.04988578427127933,0.20180292465728375,0.9024998346667837,0.0,0.0,0.0,0,0.0581
109,0,0.0,-0.033218796689905246,0.3507004487006754,1.0047191297755973,0.9899617295858356,-0.14041104565648366,-0.00947181429010805,-0.013068930603776558,0.0007720087076811561,-0.0007420071490873884,0.32867135560988203,0.8357877357407191,0.22094280414240966,-1.4689571307874392,-0.1736983830299533,2.2849100439037247,1.6604574876532343,0.6490607518388235,-0.26916176408986514,0.2748465444543815,0.03572715447296379,-0.009319818760895021,-0.02391827959108217,-0.006175994873046875,0.6490607518388235,-0.26916176408986514,0.2748465444543815,0.03572715447296379,-0.009319818760895021,-0.02391827959108217,1.0,-0.2221129498108761,0.19679073098887523,0.9344016994528284,0.04988578427127933,0.20180292465728375,0.9024998346667837,0.0,0.0,0.0,0,0.0635
110,0,0.0,-0.025867923301381848,0.34765735027541556,1.0088928639981383,0.9896409293204343,-0.14252923417224755,-0.0075941128993672995,-0.01544596611838489,0.0007397160923553167,-0.0007093687635343584,0.32456279977339,0.8410672503193497,0.21755010085498264,-1.4478892364240528,-0.16770313047311675,2.2757571509526886,1.651442824518886,0.6597436873262744,-0.3166455908186237,0.21950128145924075,0.048171918426891946,-0.006226595208728564,-0.01709531189199967,-0.00030040740966796875,0.6597436873262744,-0.3166455908186237,0.21950128145924075,0.048171918426891946,-0.006226595208728564,-0.01709531189199967,1.0,-0.22211294916248372,0.19679073505924954,0.9344016991239886,0.04988578427127933,0.20180292465728375,0.9024998346667837,0.0,0.0,0.0,0,0.0616
111,0,0.0,-0.018305066661165666,0.34426057492662554,1.0119610266888537,0.9893488646660955,-0.1442666722417547,-0.0060007090777037565,-0.01843753656977922,0.0007086407090868363,-0.0006782995847417302,0.3199889530972422,0.8487305983309681,0.21382037304920903,-1.4257754941912593,-0.1602681527787231,2.2682011041237042,1.6399688896283504,0.6683722121430619,-0.30726143533863187,0.09962458295120902,0.04286421371776317,-0.0067533504020965696,-0.011898778559561923,0.003322601318359375,0.6683722121430619,-0.30726143533863187,0.09962458295120902,0.04286421371776317,-0.0067533504020965696,-0.011898778559561923,1.0,-0.22211294851409127,0.19679073912962444,0.9344016987951489,0.04988578427127933,0.20180292465728375,0.9024998346667837,0.0,0.0,0.0,0,0.0588
112,1,0.7724,-0.010533822633456117,0.3404370057397248,1.013810070783175,0.9890972977333552,-0.14557118305248873,-0.00452968824123257,-0.02179560060447062,0.0006791805670689062,-0.0006482830325768422,0.31509947940157396,0.8589565292056959,0.20960784862556536,-1.4026322921914343,-0.1520290855466369,2.2623762492354205,1.626412237929148,0.581265199706923,-0.1595548280835608,0.31364528552313997,0.003710229404123286,0.012157161039814096,-0.017782644062423858,0.00044608116149902344,0.581265199706923,-0.1595548280835608,0.31364528552313997,0.003710229404123286,0.012157161039814096,-0.017782644062423858,1.0,-0.22211294786569818,0.19679074319999976,0.9344016984663092,0.04988578427127933,0.20180292465728375,0.9024998346667837,0.0,0.0,0.0,0,0.055
113,0,0.0,-0.0032151787198679473,0.33665261308846817,1.01576002006729,0.9888976983480269,-0.14651774343353952,-0.00361122634256068,-0.024512284785802627,0.0006522111345750499,-0.0006183274745324287,0.3105537722588522,0.8690110614416452,0.205734868711452,-1.3788096070777718,-0.14429295341829773,2.253771746586531,1.6131695017130605,0.6490607518388235,-0.15092140504196838,0.1985043157043831,0.004731189593925364,0.011197296020787978,-0.015914510471014554,-0.00537872314453125,0.6490607518388235,-0.15092140504196838,0.1985043157043831,0.004731189593925364,0.011197296020787978,-0.015914510471014554,1.0,-0.22211294721730493,0.19679074727037574,0.9344016981374689,0.04988578427127933,0.20180292465728375,0.9024998346667837,0.0,0.0,0.0,0,0.0597
114,0,0.0,0.003988825827206438,0.33337092895312803,1.0179936396038514,0.9886998964282652,-0.147456360142029,-0.0024591241710152506,-0.02689032102284323,0.0006273140878185294,-0.0005887375553496246,0.30676491969029773,0.8798889206193014,0.20219330921542694,-1.3530775604529224,-0.1379064351612516,2.244092021983144,1.601653299585037,0.6589219230580091,-0.14247566510997578,0.062024038297809336,0.01173942105452258,0.0014230607660709327,-0.012432531014250292,-0.0027103424072265625,0.6589219230580091,-0.14247566510997578,0.062024038297809336,0.01173942105452258,0.0014230607660709327,-0.012432531014250292,1.0,-0.2221129465689111,0.19679075134075222,0.934401697808628,0.04988578427127933,0.20180292465728375,0.9024998346667837,0.0,0.0,0.0,0,0.0529
115,0,0.0,0.011430979897701709,0.3304706928348039,1.0189159470612479,0.9884943032172308,-0.14835785438439814,-0.0006886815267190365,-0.029470074097177106,0.0006034995628051976,-0.0005603988332868829,0.3036462555935779,0.8943394853617128,0.19854852099938616,-1.3249413649087567,-0.1325798932602632,2.23671434827915,1.5909936058195118,0.6544022195825491,-0.13177772786278508,0.011492957328663511,0.00879570618550335,-0.015340557460647553,-0.015247319902654072,-0.0041351318359375,0.6544022195825491,-0.13177772786278508,0.011492957328663511,0.00879570618550335,-0.015340557460647553,-0.015247319902654072,1.0,-0.22211294592051709,0.19679075541112923,0.9344016974797867,0.04988578427127933,0.20180292465728375,0.9024998346667837,0.0,0.0,0.0,0,0.059
116,0,0.0,0.019064028102005647,0.32775704290420377,1.0186960896391914,0.9882815310461288,-0.14923659942514178,0.0016965099041916076,-0.03201834847838752,0.0005806207205276364,-0.0005333596369599432,0.3011310814432187,0.9116924913111285,0.19465924205914173,-1.2948005512966685,-0.1284267156748835,2.2311449020405765,1.581222260648086,0.5442858076349774,-0.13515602383558212,-0.13436605987670025,0.021865284892811948,-0.004219072638448368,-0.011712468740472604,-0.00830841064453125,0.5442858076349774,-0.13515602383558212,-0.13436605987670025,0.021865284892811948,-0.004219072638448368,-0.011712468740472604,1.0,-0.22211294527212255,0.19679075948150682,0.934401697150945,0.04988578427127933,0.20180292465728375,0.9024998346667837,0.0,0.0,0.0,0,0.0592
117,0,0.0,0.02606387345553866,0.32539401158069087,1.017233582018753,0.9880811599960508,-0.15002017227448067,0.003455663254445747,-0.034316578545437626,0.0005588087146538676,-0.0005073939245949566,0.2991444586560804,0.9310835648066073,0.19116349777999295,-1.2641408338229585,-0.12433138344457759,2.225581016119049,1.572041821084625,0.5005268603498417,-0.11019417025880396,-0.29709254447684597,0.03490265665407,-0.011672658624605342,-0.005700200524454496,-0.0121307373046875,0.5005268603498417,-0.11019417025880396,-0.29709254447684597,0.03490265665407,-0.011672658624605342,-0.005700200524454496,1.0,-0.22211294462372794,0.19679076355188502,0.9344016968221031,0.04988578427127933,0.20180292465728375,0.9024998346667837,0.0,0.0,0.0,0,0.059
118,0,0.0,0.03242096833513701,0.32354958247611854,1.014172886458292,0.9878981332660737,-0.1505720414572871,0.004667603621926648,-0.03692630630349484,0.000538568746412074,-0.00048190447624834356,0.2975650156025277,0.9529531098548834,0.1881928226917575,-1.2333256620851818,-0.11968115315423491,2.221820630120832,1.5627405042837543,0.4448523311748568,-0.08541999979162551,-0.4121194003512827,0.03284141210683553,-0.019685190399280572,-0.007583440317411594,-0.0087890625,0.4448523311748568,-0.08541999979162551,-0.4121194003512827,0.03284141210683553,-0.019685190399280572,-0.007583440317411594,1.0,-0.2221129439753327,0.19679076762226383,0.9344016964932608,0.04988578427127933,0.20180292465728375,0.9024998346667837,0.0,0.0,0.0,0,0.06
119,0,0.0,0.038367706399728946,0.3219931043683075,1.0094917165810602,0.987722905372594,-0.15097021116225645,0.005887852010282095,-0.039708824493421786,0.0005301490025052615,-0.00046903160186292453,0.29641535111159006,0.9772049374594282,0.18532889991123677,-1.2025199772799808,-0.11514177909379246,2.220574379062134,1.5536543396970937,0.35137664565966087,-0.06909156925643978,-0.4401914306539727,0.029775310842824226,-0.017886906697477112,-0.005901616545091609,-0.006694793701171875,0.35137664565966087,-0.06909156925643978,-0.4401914306539727,0.029775310842824226,-0.017886906697477112,-0.005901616545091609,1.0,-0.22211294332693748,0.19679077169264328,0.9344016961644183,0.04988578427127933,0.20180292465728375,0.9024998346667837,0.0,0.0,0.0,0,0.0612
120,1,0.785,0.043578331525515906,0.320648109646123,1.0038586152180318,0.9875744325819353,-0.1512542283798644,0.006694598325039946,-0.0421198392796708,0.000532676324739894,-0.0004669169572629952,0.2957413896344113,1.0021519349988204,0.1826793595668347,-1.172497841316569,-0.11095297547340974,2.2195891171323567,1.5452601189910309,0.3780839843782883,0.0701458376779387,-0.062188990094377616,0.003214242434944989,-0.000543491955836195,-0.022631734759262556,0.003673553466796875,0.3780839843782883,0.0701458376779387,-0.062188990094377616,0.003214242434944989,-0.000543491955836195,-0.022631734759262556,1.0,-0.22211294267854162,0.1967907757630234,0.9344016958355758,0.04988578427127933,0.20180292465728375,0.9024998346667837,0.0,0.0,0.0,0,0.0395
121,0,0.0,0.04833362442428747,0.3198461008364624,0.9999251350861396,0.9873878781573263,-0.15185693459682664,0.007400632141177151,-0.04415744701336606,0.0005368705324863204,-0.00046268976413546396,0.2957075853513034,1.0243037405764124,0.18066586655696,-1.1423565969854586,-0.1074205799471292,2.215175140748056,1.5391824092525785,0.39842265001785837,0.035025635794069365,-0.194389994588956,0.00819021559975322,0.006070212138672926,-0.00968823773306951,0.004180908203125,0.39842265001785837,0.035025635794069365,-0.194389994588956,0.00819021559975322,0.006070212138672926,-0.00968823773306951,1.0,-0.2221129420301456,0.19679077983340404,0.9344016955067332,0.04988578427127933,0.20180292465728375,0.9024998346667837,0.0,0.0,0.0,0,0.0388
122,0,0.0,0.052897490276447086,0.3195909038250101,0.997114946029994,0.9871697292114147,-0.15268499936358543,0.008354978705349205,-0.04597185039603773,0.0005400653158179222,-0.00045957403849014393,0.29636437613447786,1.0455375590865772,0.17905626242463682,-1.1112692176865513,-0.1047956708118566,2.2090960863839046,1.5349311286513858,0.3460351779159353,-0.017384872561684972,-0.33064204410689,0.015204888449560541,-0.0016438250264270982,-0.007905705950430997,0.0030536651611328125,0.3460351779159353,-0.017384872561684972,-0.33064204410689,0.015204888449560541,-0.0016438250264270982,-0.007905705950430997,1.0,-0.22211294138174897,0.19679078390378507,0.9344016951778902,0.04988578427127933,0.20180292465728375,0.9024998346667837,0.0,0.0,0.0,0,0.0366
123,0,0.0,0.05714461934326394,0.31932560036072566,0.9931919373000762,0.9869802674156922,-0.15337124799342505,0.009270217551883054,-0.047552866238819234,0.0005420321672882607,-0.0004575486955582448,0.29734438386976814,1.0684949550112381,0.17726508848090958,-1.079856194418591,-0.10254466047754167,2.204059381537545,1.530758323342713,0.2995027762254038,0.031084290492472744,-0.413716995571761,0.011166137414822988,-0.009770487092998742,-0.006999333857563933,-0.0046234130859375,0.2995027762254038,0.031084290492472744,-0.413716995571761,0.011166137414822988,-0.009770487092998742,-0.006999333857563933,1.0,-0.22211294073335214,0.1967907879741666,0.9344016948490466,0.04988578427127933,0.20180292465728375,0.9024998346667837,0.0,0.0,0.0,0,0.0372
124,0,0.0,0.061028597776163526,0.31915271443058146,0.988104505174119,0.9868151044981878,-0.15389440232224605,0.010245664462078027,-0.04906616785361213,0.0005447978225990332,-0.00045477567683224404,0.2986915886270535,1.0930826838213645,0.17541310507071134,-1.0484547091175969,-0.1005743957132945,2.2007286383027784,1.5266722326453428,0.25502478520553573,0.025453797204477713,-0.4541133318609978,0.0151662401142999,-0.0190267464075706,-0.009078954270642231,-0.00907135009765625,0.25502478520553573,0.025453797204477713,-0.4541133318609978,0.0151662401142999,-0.0190267464075706,-0.009078954270642231,1.0,-0.22211294008495483,0.1967907920445488,0.9344016945202024,0.04988578427127933,0.20180292465728375,0.9024998346667837,0.0,0.0,0.0,0,0.0406
125,0,0.0,0.06453443622141758,0.31918801565033045,0.9822844653584406,0.9866570682244742,-0.154360853423805,0.011370709950349977,-0.05051003472760652,0.0005475221029920717,-0.00045206150343344496,0.3004724190898032,1.1185680359767842,0.17357968787018901,-1.0172386709208137,-0.0989781806065332,2.1986594248898106,1.5231306760581984,0.1867156304059694,0.007201614795893652,-0.4974766307025513,0.018824949185641093,-0.037720702936652195,-0.006626714219385266,-0.007427215576171875,0.1867156304059694,0.007201614795893652,-0.4974766307025513,0.018824949185641093,-0.037720702936652195,-0.006626714219385266,1.0,-0.22211293943655736,0.1967907961149316,0.934401694191358,0.04988578427127933,0.20180292465728375,0.9024998346667837,0.0,0.0,0.0,0,0.0418
126,0,0.0,0.06767081028331964,0.3192722921986109,0.9761744889014672,0.9865168943916136,-0.15474850101906895,0.012600260281008463,-0.051754728799662746,0.0005500765378772792,-0.0004495006931160523,0.3025400612929379,1.144009296638529,0.17166811033948656,-0.986716839814566,-0.0977301992753144,2.19721570085095,1.5199664684837302,0.11111331772554711,-0.022921524294880147,-0.5399270179895459,0.018232341378311173,-0.042227386257689375,-0.0035651907057009935,-0.0072021484375,0.11111331772554711,-0.022921524294880147,-0.5399270179895459,0.018232341378311173,-0.042227386257689375,-0.0035651907057009935,1.0,-0.22211293878815935,0.19679080018531503,0.9344016938625133,0.04988578427127933,0.20180292465728375,0.9024998346667837,0.0,0.0,0.0,0,0.0371
127,0,0.0,0.07026361989865788,0.3192585870286538,0.9698451463037989,0.986434864599486,-0.15492347270299284,0.013599233123296032,-0.052536048259221466,0.0005522022000376027,-0.0004473673950511982,0.3047694348379492,1.1687582544532686,0.1696239176212857,-0.9577075341992104,-0.09678991777400839,2.1956652549447413,1.5169069625480374,-0.04276204150716023,-0.02479835539087849,-0.5326237255530737,0.01392949338595921,-0.051638745712530715,-0.0007755788198768598,-0.005443572998046875,-0.04276204150716023,-0.02479835539087849,-0.5326237255530737,0.01392949338595921,-0.051638745712530715,-0.0007755788198768598,1.0,-0.22211293813976124,0.196790804255699,0.9344016935336682,0.04988578427127933,0.20180292465728375,0.9024998346667837,0.0,0.0,0.0,0,0.0371
128,1,0.7369,0.07194943204104298,0.3191796001636498,0.9637070557785374,0.9864624454514812,-0.15477318763093068,0.013639867364130932,-0.052450530242621286,0.0005544601820787233,-0.00044513404677870393,0.30716510316651613,1.1913805478766835,0.16765157447541496,-0.9312855806544199,-0.09616300234315724,2.1919502797265578,1.5140511707272069,0.01969204288101467,0.09130710828532018,-0.24208962331466488,0.007951884198979228,-0.0047224164898888865,-0.026310094836148018,0.004383087158203125,0.01969204288101467,0.09130710828532018,-0.24208962331466488,0.007951884198979228,-0.0047224164898888865,-0.026310094836148018,1.0,-0.22211293749136254,0.1967908083260836,0.9344016932048229,0.04988578427127933,0.20180292465728375,0.9024998346667837,0.0,0.0,0.0,0,0.0394
129,0,0.0,0.0730247025699367,0.3196782238513054,0.9592412616866941,0.9864127682501208,-0.1551977616772688,0.012879661221737627,-0.052322268015738325,0.0005587526572564305,-0.00044080061818200904,0.30986875500016675,1.2104894411412934,0.1664350831511805,-0.9065013719145215,-0.09498917392722257,2.1851114213888563,1.5132474448688897,0.03715453358165577,0.057031480394650114,-0.289561024151734,0.006502571626704992,-0.01124832805217002,-0.02195699109012822,0.0003178119659423828,0.03715453358165577,0.057031480394650114,-0.289561024151734,0.006502571626704992,-0.01124832805217002,-0.02195699109012822,1.0,-0.22211293684296377,0.19679081239646878,0.9344016928759776,0.04988578427127933,0.20180292465728375,0.9024998346667837,0.0,0.0,0.0,0,0.0384
130,0,0.0,0.07406128006364117,0.3204905725873579,0.9559141664172421,0.9862438549165301,-0.15629093248988957,0.012291633374171934,-0.05239388141584088,0.000561357606494446,-0.0004382174254036639,0.3128002735784336,1.2279181653483984,0.16533270180643184,-0.8822182605063137,-0.09372101437417514,2.1777312326029383,1.5141074660385452,0.017124029542685104,0.023154679111879628,-0.32653394211137443,0.004612023893538375,-0.022667210077291555,-0.022050145999672865,-0.0022487640380859375,0.017124029542685104,0.023154679111879628,-0.32653394211137443,0.004612023893538375,-0.022667210077291555,-0.022050145999672865,1.0,-0.22211293619456438,0.19679081646685448,0.9344016925471323,0.04988578427127933,0.20180292465728375,0.9024998346667837,0.0,0.0,0.0,0,0.037
131,0,0.0,0.07509049189977576,0.32107150381780436,0.9524280543302525,0.9860711859286313,-0.15744114371267298,0.012178721828286583,-0.05222625089335615,0.0005631216277881974,-0.0004364419241582431,0.31578819871543706,1.2451457733371467,0.16373116995576878,-0.8588105955853306,-0.09297284763069275,2.171579093998399,1.5153564841586622,0.01224480419985896,0.03709014999966753,-0.359626985964139,0.0026312967114302394,-0.03415047329271362,-0.02153024089640332,-0.0016231536865234375,0.01224480419985896,0.03709014999966753,-0.359626985964139,0.0026312967114302394,-0.03415047329271362,-0.02153024089640332,1.0,-0.22211293554616468,0.19679082053724078,0.9344016922182865,0.04988578427127933,0.20180292465728375,0.9024998346667837,0.0,0.0,0.0,0,0.0383
132,0,0.0,0.0761018214792867,0.32157608828222867,0.9486454582877988,0.9859025215437607,-0.15853099477513943,0.012657732569483493,-0.05199926456650568,0.0005653498299934517,-0.0004342435333157113,0.3188992882849148,1.2624147113353674,0.16180141953425572,-0.8363376730714922,-0.09272101752352964,2.1673974860495164,1.516852846167543,-0.028073005211915136,0.0414068615204638,-0.36464799951421356,0.004183671511066203,-0.04922737749400172,-0.02141694438479491,-0.0071868896484375,-0.028073005211915136,0.0414068615204638,-0.36464799951421356,0.004183671511066203,-0.04922737749400172,-0.02141694438479491,1.0,-0.2221129348977646,0.1967908246076275,0.93440169188944,0.04988578427127933,0.20180292465728375,0.9024998346667837,0.0,0.0,0.0,0,0.0368
133,0,0.0,0.07698281679085843,0.3221815496785131,0.9447278809465187,0.9857427596690647,-0.1595317372407295,0.013533661766156675,-0.05174627109434458,0.0005676217007993783,-0.0004320465796664494,0.3222271897286007,1.2793395983563607,0.15972437931312586,-0.8149692800973356,-0.09282759054680319,2.164592386045177,1.5186834943506335,-0.049849758320949844,0.02109016490628146,-0.3644197716255738,0.004338264852108795,-0.0496487816486961,-0.01864778881356674,-0.006542205810546875,-0.049849758320949844,0.02109016490628146,-0.3644197716255738,0.004338264852108795,-0.0496487816486961,-0.01864778881356674,1.0,-0.22211293424936424,0.1967908286780148,0.934401691560593,0.04988578427127933,0.20180292465728375,0.9024998346667837,0.0,0.0,0.0,0,0.0407
134,0,0.0,0.07762873814363538,0.32279780538202035,0.9408809191750016,0.9856083384959654,-0.16043163225132556,0.014415662246064876,-0.051284336228557464,0.0005693843309576677,-0.0004302166764362484,0.3256630565732606,1.2953836555528147,0.1574871554100849,-0.7949795544931633,-0.09310216010159615,2.1620469924830985,1.5207004705311338,-0.09278694133782006,0.01165908864888976,-0.3845038258258723,0.006998558595883289,-0.05156851168674831,-0.011717504140988516,-0.006134033203125,-0.09278694133782006,0.01165908864888976,-0.3845038258258723,0.006998558595883289,-0.05156851168674831,-0.011717504140988516,1.0,-0.22211293360096346,0.1967908327484027,0.9344016912317459,0.04988578427127933,0.20180292465728375,0.9024998346667837,0.0,0.0,0.0,0,0.037
135,0,0.0,0.07795244935495023,0.32340695700727873,0.9370494593335733,0.9855319579837111,-0.16105474749626997,0.015039374238981364,-0.0506156628347801,0.000571081385397589,-0.0004284756921029638,0.32909732634208,1.3104768893529495,0.15523425274172445,-0.7765706260360933,-0.09333562553049375,2.1594374993380585,1.5223825526759045,-0.07357820156711492,0.03469719035226959,-0.2961796329222869,0.0003172276376990357,-0.05409693661491463,-0.009038671066514792,-0.005527496337890625,-0.07357820156711492,0.03469719035226959,-0.2961796329222869,0.0003172276376990357,-0.05409693661491463,-0.009038671066514792,1.0,-0.22211293295256243,0.1967908368187912,0.9344016909028984,0.04988578427127933,0.20180292465728375,0.9024998346667837,0.0,0.0,0.0,0,0.0379
136,1,0.7399,0.07821862427257269,0.32406967283009835,0.9337009493205055,0.9855039726892612,-0.1613772368609368,0.015816404739595672,-0.04989136776963811,0.000573199777226201,-0.000426408524244167,0.3325469949749902,1.3242598772195848,0.1529661174146164,-0.7593128417250015,-0.09375717141373079,2.156898623334519,1.5238106753871818,-0.12401398353190751,0.05412239219585269,-0.2234890503905248,0.004914769186413426,-0.020056845452379096,-0.026612218867103687,0.0008730888366699219,-0.12401398353190751,0.05412239219585269,-0.2234890503905248,0.004914769186413426,-0.020056845452379096,-0.026612218867103687,1.0,-0.22211293230416096,0.19679084088918036,0.9344016905740505,0.04988578427127933,0.20180292465728375,0.9024998346667837,0.0,0.0,0.0,0,0.0381
137,0,0.0,0.07800507096658377,0.32494089553525957,0.9310660262973228,0.9854404252691278,-0.16207551883180565,0.015577794270488873,-0.04894922641336696,0.0005749825753946377,-0.00042458875911271897,0.33600703552930694,1.3360542323718474,0.15116219453846022,-0.7434142787069621,-0.09364026852057955,2.151631537370711,1.5262701053275705,-0.08272032905156823,0.05036873000385589,-0.18640201848656457,0.004196554289486426,-0.025236604853830946,-0.030222601037024094,0.0087432861328125,-0.08272032905156823,0.05036873000385589,-0.18640201848656457,0.004196554289486426,-0.025236604853830946,-0.030222601037024094,1.0,-0.22211293165575932,0.19679084495957017,0.9344016902452025,0.04988578427127933,0.20180292465728375,0.9024998346667837,0.0,0.0,0.0,0,0.0377
138,0,0.0,0.07774630503574312,0.32591634502994243,0.9291753168362179,0.9852611597453715,-0.1634448728629947,0.015111078654891256,-0.04814432400490755,0.0005767557529453315,-0.00042284018198730826,0.33933819268401144,1.346428705641405,0.149574207070051,-0.7282572776704306,-0.09322677002405487,2.1456593086991975,1.5300094885762339,-0.06207350181139848,0.03225730992747178,-0.19564524797647465,0.0003671484040773665,-0.027677237249769282,-0.03359631938269589,0.007694244384765625,-0.06207350181139848,0.03225730992747178,-0.19564524797647465,0.0003671484040773665,-0.027677237249769282,-0.03359631938269589,1.0,-0.22211293100735716,0.19679084902996055,0.9344016899163544,0.04988578427127933,0.20180292465728375,0.9024998346667837,0.0,0.0,0.0,0,0.0371
139,0,0.0,0.07771944804899708,0.3267249617925979,0.9274716478338796,0.9850093212169638,-0.16515868652800197,0.01521441551412252,-0.047410620546494454,0.0005777895675069636,-0.0004218116324611432,0.34249856530772177,1.3563856729924593,0.1477321919641242,-0.7137114407692089,-0.09312003584047744,2.1409009231051144,1.5344534519500648,-0.052212330592212974,0.0508379377778555,-0.20443202168910524,0.0002318792306651024,-0.036550135840278886,-0.030937627910285898,0.00675201416015625,-0.052212330592212974,0.0508379377778555,-0.20443202168910524,0.0002318792306651024,-0.036550135840278886,-0.030937627910285898,1.0,-0.22211293035895474,0.19679085310035144,0.9344016895875064,0.04988578427127933,0.20180292465728375,0.9024998346667837,0.0,0.0,0.0,0,0.0365
140,0,0.0,0.07782350811593496,0.3275180988734981,0.9256515138110742,0.9847256039242338,-0.166934560657988,0.01588345986405692,-0.04686206500703671,0.0005791953328490785,-0.00042036284306736865,0.3456344158297607,1.3663328062631341,0.14574876666652767,-0.6998187688503208,-0.09321569644469946,2.1379538442587727,1.539105902452241,-0.03320903188857427,0.05304321431565362,-0.19518879219919516,-2.2555643134150594e-05,-0.03314378558983258,-0.023530553751355737,0.0169219970703125,-0.03320903188857427,0.05304321431565362,-0.19518879219919516,-2.2555643134150594e-05,-0.03314378558983258,-0.023530553751355737,1.0,-0.22211292971055188,0.19679085717074274,0.9344016892586576,0.04988578427127933,0.20180292465728375,0.9024998346667837,0.0,0.0,0.0,0,0.037
141,0,0.0,0.07794614045646923,0.3284033467503705,0.9236839787611227,0.9844635240057514,-0.16846922694939914,0.016928312230588185,-0.04650937237021492,0.0005804676685503146,-0.0004191869278802149,0.34880751733762294,1.376272313532495,0.14375543619022518,-0.6865679759008826,-0.0933984961647817,2.1364249968701308,1.5434002293371638,-0.02314241960232233,0.043377534171262,-0.19187948781391861,-0.00028906812170235996,-0.034419703724879486,-0.016659749747371888,0.249755859375,-0.02314241960232233,0.043377534171262,-0.19187948781391861,-0.00028906812170235996,-0.034419703724879486,-0.016659749747371888,1.0,-0.22211292906214863,0.19679086124113468,0.9344016889298083,0.04988578427127933,0.20180292465728375,0.9024998346667837,0.0,0.0,0.0,0,0.0374
142,0,0.0,0.07808053490371304,0.3292617354166251,0.9216364495692934,0.9842552225958676,-0.16962764470689307,0.018195315183369507,-0.0462282321674518,0.0005814023885974522,-0.0004181993117549672,0.3519090152698234,1.3860976328597923,0.14171275917540566,-0.6738622415476879,-0.0936486808576855,2.135732251452313,1.5469630323157169,0.007262858323499599,0.03976463431146515,-0.16026992523731254,-0.0008253137734438309,-0.031844456112858216,-0.007432378301933745,0.9111328125,0.007262858323499599,0.03976463431146515,-0.16026992523731254,-0.0008253137734438309,-0.031844456112858216,-0.007432378301933745,-1.0,-0.22211292841374508,0.19679086531152717,0.9344016886009587,0.04988578427127933,0.20180292465728375,0.9024998346667837,0.0,0.0,0.0,0,0.0366
143,0,0.0,0.07830360393146359,0.3300510876375668,0.9196740508888803,0.9841145174119527,-0.17032167575457247,0.019707114316984964,-0.04605185156418869,0.0009050750532133758,-0.000731562931525754,0.35486426640922186,1.3957160342674053,0.1396365710759477,-0.6614477693603739,-0.0938990618822485,2.1356122765386734,1.5494895239128708,0.041828317857415476,0.09123672711922026,-0.0722880741666867,-0.007600850048825894,-0.03669060389184367,-0.01617131589732687,0.931640625,0.041828317857415476,0.09123672711922026,-0.0722880741666867,-0.007600850048825894,-0.03669060389184367,-0.01617131589732687,-1.0,-0.2221129277653412,0.19679086938192028,0.9344016882721087,0.04988578427127933,0.20180292465728375,0.9024998346667837,0.0,0.0,0.0,0,0.037
144,1,0.7426,0.07879712758359055,0.33091296348588956,0.9182469379538999,0.9839626511130695,-0.17092637206064765,0.021754149094859485,-0.0461349492888234,0.002922609718281398,-0.0027178712343657466,0.35781646167217457,1.4048564289972318,0.1375455853031829,-0.6487913820005797,-0.0942797710653006,2.1359698059103933,1.5519823505390078,-0.177223219902096,0.06284965679224508,-0.1372189084846972,0.007629814738473836,-0.03055683230684761,-0.02456784625763689,-0.0003452301025390625,-0.177223219902096,0.06284965679224508,-0.1372189084846972,0.007629814738473836,-0.03055683230684761,-0.02456784625763689,1.0,-0.22211292711693695,0.19679087345231397,0.9344016879432584,0.04988578427127933,0.20180292465728375,0.9024998346667837,0.0,0.0,0.0,0,0.0386
145,0,0.0,0.0784467761027147,0.33197881892178444,0.9171730142740946,0.9838331578761229,-0.1718279736674732,0.021929466799028796,-0.04545947002259262,0.0047679901402347446,-0.0045627809682597005,0.36096259260189156,1.4123609859916197,0.13603167735830263,-0.6372140410805012,-0.09425488338689028,2.131486502435863,1.5554438231002337,-0.1336697136840267,0.03957695120186533,-0.10777751085016873,0.008531609227888926,-0.0350283986149936,-0.03130017674743271,-0.000789642333984375,-0.1336697136840267,0.03957695120186533,-0.10777751085016873,0.008531609227888926,-0.0350283986149936,-0.03130017674743271,1.0,-0.22211292646853248,0.19679087752270827,0.9344016876144078,0.04988578427127933,0.20180292465728375,0.9024998346667837,0.0,0.0,0.0,0,0.0368
146,0,0.0,0.07784257173588002,0.333069472224584,0.9167043334638129,0.9836495759287466,-0.17320817763561508,0.021329503859358445,-0.04446899189838301,0.004486110004229413,-0.004278856360075528,0.3640202182631107,1.4183931692184033,0.13471795096619885,-0.6264247935739258,-0.09411075209585969,2.1249909930606905,1.559951271151817,-0.10049098135280876,0.019588700029482764,-0.08763639967771031,0.0015233777672917087,-0.034244118660423484,-0.0357716124055768,0.0004863739013671875,-0.10049098135280876,0.019588700029482764,-0.08763639967771031,0.0015233777672917087,-0.034244118660423484,-0.0357716124055768,1.0,-0.22211292582012754,0.19679088159310318,0.934401687285557,0.04988578427127933,0.20180292465728375,0.9024998346667837,0.0,0.0,0.0,0,0.038
147,0,0.0,0.07754561522034013,0.33389454750826497,0.9165645429581584,0.9833740955637654,-0.1750279598289266,0.021226916469745692,-0.043474354158001,0.0031287162056913096,-0.002927576114694774,0.3668268979085791,1.4238373752458218,0.13301545828049594,-0.6160981278060017,-0.09417892888585833,2.1191796101956735,1.5652177475292472,-0.04563821644608934,0.03127197360207257,-0.07468446699740416,-9.341092444532795e-05,-0.036070203330765827,-0.028676733078634192,0.08599853515625,-0.04563821644608934,0.03127197360207257,-0.07468446699740416,-9.341092444532795e-05,-0.036070203330765827,-0.028676733078634192,1.0,-0.22211292517172232,0.19679088566349862,0.9344016869567061,0.04988578427127933,0.20180292465728375,0.9024998346667837,0.0,0.0,0.0,0,0.0368
148,0,0.0,0.07756359862750394,0.3346161720803755,0.9164706693954356,0.9830647345689185,-0.17685712824158906,0.021871059053533363,-0.042742725848449,0.0022412048052034912,-0.0020354264813350043,0.36950436154203087,1.429248058850705,0.13102895720017377,-0.6061573287374987,-0.09437902162125555,2.1152989495002688,1.5703819057964392,0.00623565298816775,0.05416931297325256,-0.09425500844826318,-0.0004444666363962041,-0.014346307033165473,-0.01617131589732687,0.970703125,0.00623565298816775,0.05416931297325256,-0.09425500844826318,-0.0004444666363962041,-0.014346307033165473,-0.01617131589732687,-1.0,-0.22211292452331668,0.19679088973389472,0.9344016866278553,0.04988578427127933,0.20180292465728375,0.9024998346667837,0.0,0.0,0.0,0,0.0379
149,0,0.0,0.0776395552926387,0.33546382591599705,0.9158508708019051,0.9828034415399816,-0.17821290288353425,0.02299690440193406,-0.04252880119306046,0.0021202924236212407,-0.001914297572368513,0.3721239357452925,1.4353559475301316,0.12918710333181802,-0.5967863928181153,-0.09437606520114766,2.113977047900544,1.574433871640027,0.025341672225339784,0.06993469417963882,-0.06578357934045376,-0.004715107682697631,-0.023281757802887548,-0.015773519256568558,0.96923828125,0.025341672225339784,0.06993469417963882,-0.06578357934045376,-0.004715107682697631,-0.023281757802887548,-0.015773519256568558,-1.0,-0.22211292387491063,0.19679089380429124,0.9344016862990038,0.04988578427127933,0.20180292465728375,0.9024998346667837,0.0,0.0,0.0,0,0.0381
150,0,0.0,0.07779913150811449,0.33633705149998705,0.9148943810553016,0.9825818855433412,-0.17920290467693917,0.02452474829775829,-0.04263442128574692,0.0036138854020796684,-0.003407293789081938,0.37466682224937975,1.441935139636489,0.12735797914213853,-0.5876308417448074,-0.09436304423003074,2.11433602002477,1.577708097843648,0.04871059360413876,0.07579979135463377,-0.022891000519219662,-0.008209561329181075,-0.029187268804090838,-0.020010808790722007,0.96826171875,0.04871059360413876,0.07579979135463377,-0.022891000519219662,-0.008209561329181075,-0.029187268804090838,-0.020010808790722007,-1.0,-0.2221129232265043,0.1967908978746883,0.9344016859701518,0.04988578427127933,0.20180292465728375,0.9024998346667837,0.0,0.0,0.0,0,0.0367
151,0,0.0,0.07819796827869784,0.33716059397707343,0.9141989111642774,0.9823361967152034,-0.18021213665080976,0.026566006978046234,-0.042818567235497276,0.006622377784764417,-0.006409563773287214,0.37721162961275656,1.4483768026448631,0.12526603228574468,-0.5782543850869767,-0.09458321810178387,2.1152671413033923,1.5811448834228798,0.054077741481247554,0.0770901127331326,0.03386642253687955,-0.00824820966444173,-0.029959843087697224,-0.027417882949652167,0.966796875,0.054077741481247554,0.0770901127331326,0.03386642253687955,-0.00824820966444173,-0.029959843087697224,-0.027417882949652167,-1.0,-0.2221129225780976,0.19679090194508586,0.9344016856412993,0.04988578427127933,0.20180292465728375,0.9024998346667837,0.0,0.0,0.0,0,0.0368
152,1,0.7446,0.07875107362337128,0.33797152305795064,0.9140414730986886,0.9820285552062248,-0.18150930208974708,0.02879633810517123,-0.042954172395700076,0.010506977537039617,-0.010285008288002832,0.37979840141824894,1.4542352710278708,0.12298203041193317,-0.568580514707538,-0.09490802329883123,2.1155487641022344,1.5852969559149228,-0.1688001361523751,0.11115752967409032,-0.07770848652188089,0.005697397975441526,-0.035847795582454905,-0.023253606722979686,0.9345703125,-0.1688001361523751,0.11115752967409032,-0.07770848652188089,0.005697397975441526,-0.035847795582454905,-0.023253606722979686,-1.0,-0.22211292192969057,0.19679090601548405,0.9344016853124465,0.04988578427127933,0.20180292465728375,0.9024998346667837,0.0,0.0,0.0,0,0.0379
153,0,0.0,0.07843954553053017,0.3392186481375318,0.9139996051705935,0.9817971159035777,-0.18277421240499936,0.02932913840477585,-0.042518373952702714,0.014882502414104902,-0.01465119986744075,0.38286277866759116,1.4590108423016488,0.12139743380390433,-0.5597594843923094,-0.09480977364822459,2.111928069224183,1.5898307144730537,-0.13695677075708856,0.09827484372921413,-0.06270250284381707,0.006032350214367127,-0.027150482056401304,-0.026098608014479024,0.98828125,-0.13695677075708856,0.09827484372921413,-0.06270250284381707,0.006032350214367127,-0.027150482056401304,-0.026098608014479024,-1.0,-0.22211292128128318,0.19679091008588293,0.9344016849835934,0.04988578427127933,0.20180292465728375,0.9024998346667837,0.0,0.0,0.0,0,0.0369
154,0,0.0,0.07763162493567768,0.34082266901621144,0.9140763280100572,0.9815994797727448,-0.18404796460931588,0.02901289878643998,-0.04179784368902714,0.01953183339795929,-0.019294319843509062,0.38625470983963783,1.463018779340349,0.12019567995746172,-0.551646969107372,-0.09465478629772207,2.106728330658744,1.5948657365348575,-0.10768141870013148,0.07185844605303715,-0.05086318112062971,0.002479924064992714,-0.0188248235834462,-0.030514654266947938,0.99267578125,-0.10768141870013148,0.07185844605303715,-0.05086318112062971,0.002479924064992714,-0.0188248235834462,-0.030514654266947938,-1.0,-0.22211292063287547,0.19679091415628241,0.9344016846547399,0.04988578427127933,0.20180292465728375,0.9024998346667837,0.0,0.0,0.0,0,0.0364
155,0,0.0,0.07689599305596034,0.3422721981172309,0.9141876008380703,0.9813440800159803,-0.18561527353616886,0.028810164708118813,-0.04099684447823308,0.02432823659253197,-0.024100323248004707,0.38951802650918416,1.466777807519797,0.11874326649407527,-0.5439359730670643,-0.09454106087373101,2.1017662033916626,1.6004335991318732,-0.08518562185636458,0.07929538927093072,-0.06949228253084971,-0.00011112474477312229,-0.01775521789913509,-0.026330236438211724,0.99072265625,-0.08518562185636458,0.07929538927093072,-0.06949228253084971,-0.00011112474477312229,-0.01775521789913509,-0.026330236438211724,-1.0,-0.22211291998446747,0.19679091822668252,0.9344016843258863,0.04988578427127933,0.20180292465728375,0.9024998346667837,0.0,0.0,0.0,0,0.0375
156,0,0.0,0.07626660756804535,0.3435948817456647,0.9140977432998515,0.9810616512818626,-0.18724032747450126,0.028902023131800257,-0.04029601978153896,0.02921528223321778,-0.028990095860911107,0.3926597711540318,1.4706917666545298,0.11705632691511345,-0.53666615822571,-0.09437570196279592,2.098026261605437,1.6059605295977417,-0.006193531569347321,0.06585258654584236,-0.01610835295370694,-0.00031000263663520655,-0.00465218246410648,-0.026209386825829434,0.98974609375,-0.006193531569347321,0.06585258654584236,-0.01610835295370694,-0.00031000263663520655,-0.00465218246410648,-0.026209386825829434,-1.0,-0.22211291933605906,0.19679092229708323,0.9344016839970327,0.04988578427127933,0.20180292465728375,0.9024998346667837,0.0,0.0,0.0,0,0.0364
157,0,0.0,0.07587371149939753,0.34479932121957724,0.9138696054362809,0.9807527826014266,-0.18883592126879423,0.029480276670047177,-0.03994856124544286,0.033419492149584666,-0.03319837659289484,0.39557661707763464,1.4748448637194649,0.11512999951930682,-0.5296087553525443,-0.093921475289202,2.095946507740788,1.611091888306359,0.020000204481614214,0.06754173453224088,0.04559163031574698,-0.001304190802532773,-0.0062792707280653615,-0.030544866670043497,0.982421875,0.020000204481614214,0.06754173453224088,0.04559163031574698,-0.001304190802532773,-0.0062792707280653615,-0.030544866670043497,-1.0,-0.22211291868765023,0.19679092636748438,0.9344016836681791,0.04988578427127933,0.20180292465728375,0.9024998346667837,0.0,0.0,0.0,0,0.036
158,0,0.0,0.07579057283326761,0.34581968642911565,0.9139629839788175,0.9803914946769445,-0.19057045661995375,0.030377010817071944,-0.03990808743334351,0.035889083985601776,-0.035700510052530214,0.3981907755441418,1.4787213363797327,0.11293122963292034,-0.5223930164368485,-0.09299135661872916,2.0942799185893883,1.6159968057764496,0.02308182048760976,0.06932472407343937,0.09197894868177725,-0.0021763951602639248,-0.012016512709165011,-0.03113904393092301,0.9921875,0.02308182048760976,0.06932472407343937,0.09197894868177725,-0.0021763951602639248,-0.012016512709165011,-0.03113904393092301,-1.0,-0.22211291803924113,0.19679093043788604,0.9344016833393248,0.04988578427127933,0.20180292465728375,0.9024998346667837,0.0,0.0,0.0,0,0.0369
159,0,0.0,0.07592697976055167,0.3467451055581408,0.9146678801716165,0.9799989001088826,-0.19240843878409597,0.03139933241687781,-0.03994033542448489,0.03729717392462813,-0.03710720650235453,0.40068836259382057,1.481907495452448,0.11045625233518722,-0.5149133059945504,-0.09175097636655079,2.091929232242373,1.6208539243231963,0.04681026373377484,0.06367077039674429,0.16769355073801617,-0.003380129768902812,-0.02019438708620297,-0.036748480105666864,0.99072265625,0.04681026373377484,0.06367077039674429,0.16769355073801617,-0.003380129768902812,-0.02019438708620297,-0.036748480105666864,-1.0,-0.2221129173908315,0.19679093450828833,0.93440168301047,0.04988578427127933,0.20180292465728375,0.9024998346667837,0.0,0.0,0.0,0,0.0419
160,1,0.7339,0.07636060125649712,0.34758587295959387,0.9162213517433166,0.9795595554945131,-0.19441141993523392,0.03271262259388597,-0.03996450126282573,0.03809364502583572,-0.03789404451685727,0.4031544708244421,1.4841758974011454,0.10752714083949313,-0.5069905830046294,-0.09038843536798288,2.088708142812307,1.6259788349730777,-0.0748108479695131,0.18432754948073904,-0.17578942166481593,-0.005552488280011633,0.005192286816392971,-0.0028703054345029233,0.9853515625,-0.0748108479695131,0.18432754948073904,-0.17578942166481593,-0.005552488280011633,0.005192286816392971,-0.0028703054345029233,-1.0,-0.2221129167424217,0.19679093857869115,0.9344016826816147,0.04988578427127933,0.20180292465728375,0.9024998346667837,0.0,0.0,0.0,0,0.0384
161,0,0.0,0.0759729571178678,0.34910987376584296,0.9160929636143803,0.9793042601943897,-0.1955058299043292,0.033448490418514075,-0.04027201171111552,0.03853980143441567,-0.03833391415071261,0.4063867472989267,1.488059157996878,0.10504816260630569,-0.5008337008188505,-0.0882791339019234,2.0881626720422215,1.6296698015562856,-0.09083525120068958,0.24837441063168308,-0.21059417468237862,-0.0003277164569630009,0.011080239311150653,-0.004622624814045906,1.00390625,-0.09083525120068958,0.24837441063168308,-0.21059417468237862,-0.0003277164569630009,0.011080239311150653,-0.004622624814045906,-1.0,-0.22211291609401146,0.19679094264909455,0.9344016823527592,0.04988578427127933,0.20180292465728375,0.9024998346667837,0.0,0.0,0.0,0,0.0373
162,0,0.0,0.0748684733577598,0.3514125034392092,0.9139834974658669,0.9792121688536771,-0.19567643601534568,0.03412266251240374,-0.04110844998627027,0.03902502461109316,-0.03857393841902655,0.41042934436540995,1.4937994259136316,0.10275530758816902,-0.49614594129086953,-0.08564744456834489,2.0916949066809374,1.632248132924584,-0.13182074408042943,0.2756823030784592,-0.2375250655418698,0.00099035281015529,-0.01463565658730026,-0.015725682951667236,1.013671875,-0.13182074408042943,0.2756823030784592,-0.2375250655418698,0.00099035281015529,-0.01463565658730026,-0.015725682951667236,-1.0,-0.22211291544560097,0.19679094671949854,0.9344016820239033,0.04988578427127933,0.20180292465728375,0.9024998346667837,0.0,0.0,31.47494899109894,1,0.0388
163,0,0.0,0.07534499742613299,0.35299675126919067,0.9144219383137313,0.9790733893197631,-0.195651553405005,0.03703342525158693,-0.042003492595902685,0.040571853158460416,-0.038723224385430924,0.41394835893833204,1.497631211611332,0.0986878167074849,-0.4892509988301303,-0.08372751536019638,2.0945150532698342,1.6341599138663445,-0.0930951029384196,0.25513100257727717,-0.26103253807176463,0.003996871223973075,-0.016960695482471727,-0.02199727429425563,1.0146484375,-0.0930951029384196,0.25513100257727717,-0.26103253807176463,0.003996871223973075,-0.016960695482471727,-0.02199727429425563,-1.0,-0.22211291479719006,0.19679095078990314,0.9344016816950472,0.04988578427127933,0.20180292465728375,0.9024998346667837,0.0,0.0,33.39357379914852,1,0.0396
164,0,0.0,0.07573934984339141,0.3535787990353775,0.9147719887503476,0.9788599380463499,-0.196380574514875,0.03912633201701765,-0.041677593308595745,0.04070726005227764,-0.038809815496611555,0.41703405408189476,1.5009845175170096,0.09294564622051181,-0.4827193385438259,-0.08095167375611673,2.0945847896060745,1.6368854518461406,-0.06926393915872131,0.25663246745407586,-0.2916150751494918,0.006515454405125201,-0.017646940442720582,-0.025569890960306596,1.0107421875,-0.06926393915872131,0.25663246745407586,-0.2916150751494918,0.006515454405125201,-0.017646940442720582,-0.025569890960306596,-1.0,-0.22211291414877887,0.19679095486030831,0.9344016813661908,0.04988578427127933,0.20180292465728375,0.9024998346667837,0.0,0.0,33.690739019159054,1,0.0395
165,0,0.0,0.0762347865946908,0.354076961484483,0.9148986514645268,0.9785115462218178,-0.1976501240265774,0.04134665287164764,-0.041713746884884356,0.0407048773758114,-0.03885774029431699,0.4203131647343964,1.5045333293640943,0.08559994271496082,-0.4765843837102993,-0.07598779250726882,2.095963056880526,1.639978971920718,-0.0678258516892567,0.22087883507530703,-0.29138684726085207,0.00964596956123756,-0.0213854391067628,-0.027080511115085,1.0078125,-0.0678258516892567,0.22087883507530703,-0.29138684726085207,0.00964596956123756,-0.0213854391067628,-0.027080511115085,-1.0,-0.22211291350036727,0.19679095893071413,0.9344016810373345,0.04988578427127933,0.20180292465728375,0.9024998346667837,0.0,0.0,39.91146466617756,1,0.0398
166,0,0.0,0.0767559488891453,0.3544915916126036,0.9149445035711932,0.9780873398160316,-0.19924272976097296,0.04352698722744551,-0.041867549628502046,0.040705699323694854,-0.03890234010841445,0.42426441532579945,1.507717447321401,0.07509037279235659,-0.4712504596600323,-0.0672950440461122,2.0978897715628735,1.642840573480706,-0.07347548103358181,0.2281984763497007,-0.3002877349178026,0.005581452969659589,-0.025751654376235195,-0.021325048325379237,1.0146484375,-0.07347548103358181,0.2281984763497007,-0.3002877349178026,0.005581452969659589,-0.025751654376235195,-0.021325048325379237,-1.0,-0.2221129128519554,0.19679096300112053,0.9344016807084781,0.04988578427127933,0.20180292465728375,0.9024998346667837,0.0,0.0,38.778754264309164,1,0.0541
167,0,0.0,0.07727773687369079,0.35488952268691115,0.9150123295789451,0.9776670715977265,-0.20078168361570298,0.045718772926147073,-0.0419953145016843,0.04070978040271169,-0.03894473590643995,0.4301259269931259,1.509096519501395,0.05725163071666102,-0.46902341520437624,-0.05056207778958859,2.101251390078554,1.6441279089187393,-0.10716781603246561,0.19948296058092574,-0.30074419069508207,0.01595208959793304,-0.053511653066728004,-0.02369168656786541,1.017578125,-0.10716781603246561,0.19948296058092574,-0.30074419069508207,0.01595208959793304,-0.053511653066728004,-0.02369168656786541,-1.0,-0.22211291220354293,0.1967909670715273,0.9344016803796209,0.04988578427127933,0.20180292465728375,0.9024998346667837,0.0,0.0,39.79966883998867,1,0.0408
168,1,0.742,0.0778433155614145,0.35541513355696885,0.9151724838083318,0.9772311820512913,-0.20228364108634828,0.0481471527428302,-0.042218444526571024,0.040643738119867316,-0.038984929274171194,0.43803464478522686,1.5084018986868286,0.0323497181426124,-0.4705468195969096,-0.02613307982131775,2.1067575692812865,1.64413047698155,-0.03896138176643249,0.21384071846531327,-0.16711676189650515,-0.010399633660617705,0.004899645042299644,-0.0016618093106802179,0.98779296875,-0.03896138176643249,0.21384071846531327,-0.16711676189650515,-0.010399633660617705,0.004899645042299644,-0.0016618093106802179,-1.0,-0.22211291155513035,0.19679097114193464,0.9344016800507633,0.04988578427127933,0.20180292465728375,0.9024998346667837,0.0,0.0,35.54318850362189,1,0.0409
169,0,0.0,0.07820593492730497,0.35588773141111846,0.9152289335827883,0.9769564945279244,-0.2031415118212488,0.0501948529799416,-0.04207149520765183,0.04059944928583041,-0.039024245100007134,0.4449643526589792,1.5079590310784048,0.011203486162828923,-0.4718813383299477,-0.005906907064697047,2.110860416956551,1.6435830420691404,-0.037215132696368336,0.26188759452287125,-0.19313474120143725,-0.0036410060319121695,0.016745784057597413,-0.004813970033651166,1.005859375,-0.037215132696368336,0.26188759452287125,-0.19313474120143725,-0.0036410060319121695,0.016745784057597413,-0.004813970033651166,-1.0,-0.2221129109067172,0.19679097521234254,0.9344016797219052,0.04988578427127933,0.20180292465728375,0.9024998346667837,0.0,0.0,26.508079194364804,1,0.0402
170,0,0.0,0.07848334853023642,0.3563412221535071,0.9152337220424446,0.9768116713188767,-0.20341823400228992,0.0519114400746373,-0.04201408382898282,0.04063797948876511,-0.0390612350254393,0.44944124171743755,1.507829467704002,-0.0016563528967207216,-0.4728655641291236,0.005842637621057987,2.114414658245816,1.6432934923147957,-0.08313121118570088,0.2836588352364523,-0.22531487349964285,5.79617219921974e-05,-0.00509699796072835,-0.012946141866874955,1.017578125,-0.08313121118570088,0.2836588352364523,-0.22531487349964285,5.79617219921974e-05,-0.00509699796072835,-0.012946141866874955,-1.0,-0.22211291025830393,0.19679097928275113,0.9344016793930469,0.04988578427127933,0.20180292465728375,0.9024998346667837,0.0,0.0,33.55543411579666,1,0.0393
171,0,0.0,0.07881432539309496,0.3568470164402887,0.9153412627611796,0.9766442002171295,-0.20373500463113853,0.053626859068751476,-0.042217461513127455,0.04066183874435515,-0.03909648461860456,0.45159179597787585,1.5077131453966794,-0.006556543366264164,-0.47368503537073925,0.009112989410788279,2.1181043410563913,1.6446583429855315,-0.04861711191855167,0.27802834194845716,-0.268107602619597,0.002705372687346483,-0.00959490202854274,-0.01846682910752559,1.013671875,-0.04861711191855167,0.27802834194845716,-0.268107602619597,0.002705372687346483,-0.00959490202854274,-0.01846682910752559,-1.0,-0.22211290960989014,0.1967909833531603,0.9344016790641881,0.04988578427127933,0.20180292465728375,0.9024998346667837,0.0,0.0,33.3451079602675,1,0.0397
172,0,0.0,0.07930247516570131,0.35740747840458675,0.9154726610262309,0.9763523837883561,-0.2044637694555161,0.05574512556519067,-0.0426974311470421,0.04071226789470965,-0.03913015793330806,0.4520334763398249,1.507770823298194,-0.005569921064654523,-0.4744360271377596,0.00563031556945235,2.1229163496466565,1.6482955422176533,-0.015746541187933283,0.2827204196884531,-0.29754900025412545,0.004827810432076973,-0.011839464435838554,-0.023782323777152115,1.0126953125,-0.015746541187933283,0.2827204196884531,-0.29754900025412545,0.004827810432076973,-0.011839464435838554,-0.023782323777152115,-1.0,-0.22211290896147617,0.1967909874235701,0.9344016787353291,0.04988578427127933,0.20180292465728375,0.9024998346667837,0.0,0.0,41.92607273070749,1,0.0405
173,0,0.0,0.07998485281238732,0.3580270234088016,0.9156274313589479,0.9758939642175343,-0.2057453106180565,0.05836299316418386,-0.043515500587504,0.04075990379028882,-0.03916212902982309,0.4514125288969609,1.5080798666041932,-0.0009475944428386508,-0.4750428547909487,-0.002152268933386858,2.1290429003323945,1.6540114282459857,-0.03023013641611194,0.24696678730968435,-0.2932126703699701,0.006425274956183696,-0.016469057301994938,-0.02643094444853028,1.013671875,-0.03023013641611194,0.24696678730968435,-0.2932126703699701,0.006425274956183696,-0.016469057301994938,-0.02643094444853028,-1.0,-0.22211290831306177,0.19679099149398052,0.93440167840647,0.04988578427127933,0.20180292465728375,0.9024998346667837,0.0,0.0,52.43482497542126,1,0.0532
174,0,0.0,0.08069598892823046,0.3585779058684375,0.9157951848635553,0.9753446516270049,-0.20740885185992852,0.0610313229751175,-0.04426687620160685,0.04076629839539567,-0.03919321291248343,0.45024268401936807,1.5084317684279824,0.005330480635573538,-0.47550855546786297,-0.012136043629159588,2.134955529641327,1.6609809613919995,-0.03906410229996571,0.24527763932328583,-0.3021135580269205,0.00401297469699835,-0.01393624274721722,-0.021536535147048202,1.0166015625,-0.03906410229996571,0.24527763932328583,-0.3021135580269205,0.00401297469699835,-0.01393624274721722,-0.021536535147048202,-1.0,-0.2221129076646471,0.1967909955643915,0.9344016780776109,0.04988578427127933,0.20180292465728375,0.9024998346667837,0.0,0.0,45.624388608823615,1,0.0405
175,0,0.0,0.08135014560922046,0.3590463957717427,0.9159261951551478,0.9748102846753296,-0.20903337440667324,0.06356142623968752,-0.04483193470885026,0.04075864545686511,-0.039222728725516576,0.4489770062457947,1.5088294363246488,0.011807390890894623,-0.47590951463038056,-0.022530074389527734,2.1403717636399047,1.6679463709868414,-0.05919732687246937,0.21759438065730996,-0.299831279140523,0.013349768357049513,-0.035637093505107714,-0.023485235146712358,1.021484375,-0.05919732687246937,0.21759438065730996,-0.299831279140523,0.013349768357049513,-0.035637093505107714,-0.023485235146712358,-1.0,-0.22211290701623193,0.19679099963480293,0.9344016777487517,0.04988578427127933,0.20180292465728375,0.9024998346667837,0.0,0.0,46.02637519373692,1,0.0427
176,1,0.7368,0.08201816923109782,0.3595739338802921,0.9161114291960741,0.9742789315059687,-0.21056017122536674,0.06616355215247521,-0.04546825578024937,0.040714836766469795,-0.0392504757626899,0.4479965919308107,1.5092622266844113,0.01747135883296128,-0.47617554905535875,-0.032034668652836676,2.1458914667444344,1.674638570682103,-0.02252609640112324,0.24518379776848587,-0.1527384049122006,-0.011945567071043564,0.005449811577595082,-0.0023264821787827017,0.986328125,-0.02252609640112324,0.24518379776848587,-0.1527384049122006,-0.011945567071043564,0.005449811577595082,-0.0023264821787827017,-1.0,-0.22211290636781658,0.196791003705215,0.9344016774198918,0.04988578427127933,0.20180292465728375,0.9024998346667837,0.0,0.0,42.380150208335195,1,0.0426
177,0,0.0,0.08245446157873158,0.36018751331814297,0.9162040642817605,0.9739335431227303,-0.21136160095756046,0.06840824943532688,-0.045826178438256225,0.040613908785094514,-0.039277355817444355,0.44760122500426663,1.5096000560620717,0.021816653318298542,-0.4765815994470857,-0.039984366618968724,2.1504529803546646,1.6796092219801408,-0.010199632377141388,0.29820427623043955,-0.18103866310353023,-0.00487775276025286,0.020936414262613834,-0.003263066674745324,1.001953125,-0.010199632377141388,0.29820427623043955,-0.18103866310353023,-0.00487775276025286,0.020936414262613834,-0.003263066674745324,-1.0,-0.22211290571940054,0.19679100777562755,0.9344016770910314,0.04988578427127933,0.20180292465728375,0.9024998346667837,0.0,0.0,30.838181901632375,1,0.0414
178,0,0.0,0.08283917417333131,0.3608740154327025,0.9163115937936812,0.9737410166876465,-0.21145785064538297,0.0704973729441147,-0.04630475384364847,0.04067800357502372,-0.0393026280457169,0.44763409722061454,1.5099060750647133,0.02469410188273844,-0.47698643620972603,-0.045675299257588425,2.1549917945272066,1.6826168437843527,-0.053136815394011605,0.31059136146402877,-0.207398984241422,-0.00012239717589081212,0.0008143658759568184,-0.010221990187757879,1.015625,-0.053136815394011605,0.31059136146402877,-0.207398984241422,-0.00012239717589081212,0.0008143658759568184,-0.010221990187757879,-1.0,-0.2221129050709845,0.19679101184604064,0.9344016767621706,0.04988578427127933,0.20180292465728375,0.9024998346667837,0.0,0.0,38.70452214805579,1,0.042
179,0,0.0,0.08326949384899887,0.36164226899618557,0.9164860245368809,0.9735135950581564,-0.2116188855737009,0.07259399798272614,-0.04710455352056597,0.04067428207590115,-0.03932669367916489,0.44808419649356757,1.5102271249794001,0.02610835028230659,-0.4773318101531089,-0.049191449217332255,2.1599087681157942,1.6852157974368722,-0.018930877727461937,0.29989342421683807,-0.2416331675373854,0.0013752258154592356,-0.002311048271359889,-0.016571630238343155,1.009765625,-0.018930877727461937,0.29989342421683807,-0.2416331675373854,0.0013752258154592356,-0.002311048271359889,-0.016571630238343155,-1.0,-0.22211290442256781,0.19679101591645437,0.9344016764333094,0.04988578427127933,0.20180292465728375,0.9024998346667837,0.0,0.0,0.0,0,0.0572
180,0,0.0,0.0838265250182479,0.3624593174903625,0.9166647303095916,0.9731527251123925,-0.21218614620493376,0.0750491331028437,-0.048150187803716396,0.04072380728558236,-0.039349623630803576,0.44894568324785833,1.5107259242657547,0.026073064922309944,-0.4775952689130709,-0.051306506276079494,2.1658275000629454,1.6884892225472943,0.016610426875019235,0.31209282634082747,-0.27472621139014997,0.001916302509108278,-0.005969070447526453,-0.022797902976288198,1.0087890625,0.016610426875019235,0.31209282634082747,-0.27472621139014997,0.001916302509108278,-0.005969070447526453,-0.022797902976288198,-1.0,-0.22211290377415108,0.19679101998686868,0.934401676104448,0.04988578427127933,0.20180292465728375,0.9024998346667837,0.0,0.0,47.65429972682604,1,0.0448
181,0,0.0,0.0846343065582557,0.36330678269605565,0.9169100790300552,0.97259345953279,-0.21330671369529342,0.0781293236001025,-0.04957839408797218,0.04077930265520818,-0.03937121290964464,0.4501002292917011,1.5114679738429493,0.024852925298567106,-0.4777130962179434,-0.05247849963163854,2.1733238072883183,1.6928332894347757,0.006800615922600284,0.2773714510648577,-0.27518266716742945,0.0035814016199211263,-0.0058754250798165875,-0.0250008907020067,1.0126953125,0.006800615922600284,0.2773714510648577,-0.27518266716742945,0.0035814016199211263,-0.0058754250798165875,-0.0250008907020067,-1.0,-0.22211290312573376,0.1967910240572836,0.9344016757755862,0.04988578427127933,0.20180292465728375,0.9024998346667837,0.0,0.0,57.830087627651245,1,0.0476
182,0,0.0,0.0854879768808444,0.36406798669340834,0.9171607301065762,0.9719284468140656,-0.21482283726153617,0.08130477978640961,-0.05094875512104015,0.04077111418443721,-0.039392297268507036,0.45144820531174357,1.5122167787947192,0.022713973737626913,-0.47783024295618304,-0.052972628183402044,2.180811589217783,1.6978832802093518,-0.014205733184935454,0.26883186957806526,-0.28454001060165945,0.0022319305804035655,-0.004628771122179021,-0.022400106335529885,1.0166015625,-0.014205733184935454,0.26883186957806526,-0.28454001060165945,0.0022319305804035655,-0.004628771122179021,-0.022400106335529885,-1.0,-0.22211290247731633,0.19679102812769914,0.9344016754467243,0.04988578427127933,0.20180292465728375,0.9024998346667837,0.0,0.0,54.96724258920651,1,0.043
183,0,0.0,0.08626245084840109,0.3646901221874185,0.9173860449275946,0.9712811955760824,-0.21635875773548063,0.08422820062975775,-0.05203207943305534,0.04078033117562454,-0.03941235436584385,0.4528757638004124,1.5128835819968847,0.020003983039534535,-0.4779054439582111,-0.05300243828566006,2.1874083276014553,1.7028154346940687,-0.04317292364129299,0.22923073345249978,-0.2847682384902992,0.013916610607538987,-0.02189463579368517,-0.02659207726503998,1.0185546875,-0.04317292364129299,0.22923073345249978,-0.2847682384902992,0.013916610607538987,-0.02189463579368517,-0.02659207726503998,-1.0,-0.22211290182889837,0.19679103219811533,0.9344016751178623,0.04988578427127933,0.20180292465728375,0.9024998346667837,0.0,0.0,0.0,0,0.0396
184,1,0.7345,0.08696120849465325,0.36530067572895364,0.917563737437853,0.9706434122637262,-0.2178821038607296,0.08697108701790512,-0.05305454805362929,0.0407199974585499,-0.03943110912445673,0.45435202907168826,1.5135682864414581,0.017164571772743043,-0.4779959101599151,-0.05273399122213198,2.193698272220446,1.707663273042064,-0.005731289168448006,0.2687380280232653,-0.1304861857698244,-0.013362672697267264,0.005918038416144411,-0.003827031532529279,0.98779296875,-0.005731289168448006,0.2687380280232653,-0.1304861857698244,-0.013362672697267264,0.005918038416144411,-0.003827031532529279,-1.0,-0.22211290118048024,0.19679103626853203,0.9344016747890004,0.04988578427127933,0.20180292465728375,0.9024998346667837,0.0,0.0,45.29427702756849,1,0.0418
185,0,0.0,0.08747127105550254,0.36604227129693306,0.9177274214528721,0.9701904279195492,-0.21869365300284815,0.08945960253209506,-0.05385721144238673,0.04060478448432594,-0.039448761176386626,0.456036809422177,1.5141480145703556,0.014468836198278713,-0.4781175742699501,-0.05255837889174848,2.1992135284431975,1.7111644846283889,0.029142331966067525,0.33555321504080693,-0.16255220412371008,-0.006273923871543699,0.023324371139215372,-0.0023869069849738467,0.99951171875,0.029142331966067525,0.33555321504080693,-0.16255220412371008,-0.006273923871543699,0.023324371139215372,-0.0023869069849738467,-1.0,-0.22211290053206142,0.19679104033894917,0.9344016744601377,0.04988578427127933,0.20180292465728375,0.9024998346667837,0.0,0.0,36.21683978571432,1,0.0564
186,0,0.0,0.0880138501024871,0.36702876509069676,0.9179422837431217,0.9698680532975765,-0.21869933452667517,0.09219478708608744,-0.05501528428090213,0.04070311622695286,-0.03946508118470574,0.4577871781661071,1.5149053409333602,0.01208880080739883,-0.47809245449111964,-0.05230743256980418,2.205706897014545,1.71315867374694,-0.018519995593329175,0.34493737052079876,-0.1938194248673566,-0.00018520072068936577,0.0026638618882266207,-0.008318608792737076,1.013671875,-0.018519995593329175,0.34493737052079876,-0.1938194248673566,-0.00018520072068936577,0.0026638618882266207,-0.008318608792737076,-1.0,-0.22211289988364255,0.19679104440936682,0.9344016741312745,0.04988578427127933,0.20180292465728375,0.9024998346667837,0.0,0.0,50.738120206019545,1,0.046
187,0,0.0,0.0886005187378805,0.36816676230886825,0.9181719618562149,0.9695064864802545,-0.218673509260709,0.09508297709962335,-0.05655348341339886,0.04069551899863344,-0.039480847090996855,0.4595191430763176,1.5158023381895027,0.00999035286751274,-0.4779979862756407,-0.05201287460050698,2.212929975583234,1.7151216251839514,0.0005346633770761944,0.32410454535521693,-0.22531487349964285,0.0010676494806765857,0.00018225964391524463,-0.014859594062927611,1.0078125,0.0005346633770761944,0.32410454535521693,-0.22531487349964285,0.0010676494806765857,0.00018225964391524463,-0.014859594062927611,-1.0,-0.22211289923522304,0.19679104847978512,0.9344016738024109,0.04988578427127933,0.20180292465728375,0.9024998346667837,0.0,0.0,48.00014614748068,1,0.0409
188,0,0.0,0.08928805864127959,0.3692569854635976,0.9184142985863722,0.9690222202376783,-0.21900507173712264,0.09821722858203805,-0.058190130165865495,0.04072582080020389,-0.03949595212584709,0.4612027327668548,1.5168320473010026,0.007791683439182257,-0.4778531218424894,-0.05192818317881635,2.220742963177521,1.71796074259198,0.04532081599754367,0.33799309546560485,-0.25487038507849114,0.0009436527383820115,-0.001515062645826043,-0.022390035534498032,1.0078125,0.04532081599754367,0.33799309546560485,-0.25487038507849114,0.0009436527383820115,-0.001515062645826043,-0.022390035534498032,-1.0,-0.22211289858680353,0.19679105255020404,0.9344016734735471,0.04988578427127933,0.20180292465728375,0.9024998346667837,0.0,0.0,54.064155996880686,1,0.0421
189,0,0.0,0.09024344839923479,0.37034607456090185,0.9187769130071762,0.9683061285796654,-0.21989515999498122,0.10197600331805476,-0.060251595108482756,0.04079496055970811,-0.03950976249260022,0.4628417701778756,1.5181200078828436,0.00534752163219711,-0.4774574295940654,-0.0519778023285336,2.2301048361721385,1.7221024967625405,0.03443243944302643,0.29820427623043955,-0.2630865890695224,0.0023510962807905544,-0.00035620122041649105,-0.02500592610252264,1.0107421875,0.03443243944302643,0.29820427623043955,-0.2630865890695224,0.0023510962807905544,-0.00035620122041649105,-0.02500592610252264,-1.0,-0.22211289793838335,0.19679105662062352,0.9344016731446827,0.04988578427127933,0.20180292465728375,0.9024998346667837,0.0,0.0,64.52574097795515,1,0.0393
190,0,0.0,0.09123689712172253,0.37136130249919674,0.9190812830621716,0.967455603901214,-0.2212247964294864,0.10584434267067126,-0.06233954643308043,0.04078195079535409,-0.03952340843051803,0.4644838761661474,1.519536858256624,0.0026407070387081686,-0.4770937267729358,-0.052025176824972284,2.2396999076420703,1.7271974153670402,0.00048330311030952977,0.28975853629844694,-0.27267216039239206,0.0007793973135242632,-0.00011038213017808274,-0.02314534561188722,1.0146484375,0.00048330311030952977,0.28975853629844694,-0.27267216039239206,0.0007793973135242632,-0.00011038213017808274,-0.02314534561188722,-1.0,-0.22211289728996314,0.1967910606910436,0.9344016728158181,0.04988578427127933,0.20180292465728375,0.9024998346667837,0.0,0.0,64.16507595679697,1,0.0403
191,0,0.0,0.0921313351916923,0.37218646606739536,0.9193962846605215,0.9666362435993298,-0.22261948877831844,0.1093496732473114,-0.06401237956022353,0.04077210907839427,-0.039536297389752145,0.4660917901435235,1.5207019239731379,-0.0003528939007068239,-0.47679055792077374,-0.05198120430319059,2.2479846203099694,1.7323098294895696,-0.024169624937654177,0.25569405190607664,-0.2740415277242306,0.010470467380131354,-0.012922238999983848,-0.026999944706830148,1.0205078125,-0.024169624937654177,0.25569405190607664,-0.2740415277242306,0.010470467380131354,-0.012922238999983848,-0.026999944706830148,-1.0,-0.22211289664154238,0.19679106476146435,0.9344016724869534,0.04988578427127933,0.20180292465728375,0.9024998346667837,0.0,0.0,59.0131141941207,1,0.0428
192,1,0.7304,0.09292852753470245,0.3729588601314727,0.9196463978277525,0.9658402061321144,-0.22400501137138268,0.1126077064210958,-0.06552828056465386,0.040730149589548646,-0.039548185447787106,0.4677016866479345,1.52179023237216,-0.003428471809871251,-0.47659741238051795,-0.051781739767337714,2.255734868719938,1.7373649638505801,0.028526008764868438,0.3010195228744371,-0.11405377778776205,-0.015984318105781117,0.008352817976600868,-0.0014402516879793714,0.9873046875,0.028526008764868438,0.3010195228744371,-0.11405377778776205,-0.015984318105781117,0.008352817976600868,-0.0014402516879793714,-1.0,-0.22211289599312148,0.19679106883188563,0.9344016721580887,0.04988578427127933,0.20180292465728375,0.9024998346667837,0.0,0.0,51.54832836063664,1,0.0581
193,0,0.0,0.09359372698922731,0.3739421943133206,0.9199084892909399,0.9652201624898646,-0.2246066665122311,0.1158198797579689,-0.06698984052937866,0.04064013691104004,-0.0395588133326249,0.46957424247574414,1.5228478622520056,-0.0063727478888004115,-0.47644386819523327,-0.051644289018182556,2.2633832836314642,1.7409756319118082,0.10113658590613672,0.40612206425034536,-0.15205372124628136,-0.012460878207852188,0.029083561253371998,-1.0197941455791781e-05,1.0,0.10113658590613672,0.40612206425034536,-0.15205372124628136,-0.012460878207852188,0.029083561253371998,-1.0197941455791781e-05,-1.0,-0.2221128953446999,0.1967910729023074,0.934401671829224,0.04988578427127933,0.20180292465728375,0.9024998346667837,0.0,0.0,0.0,0,0.0431
194,0,0.0,0.094428078435096,0.3753801906379738,0.9202532299925339,0.9646330810357612,-0.22430281360680882,0.11986388289306693,-0.06931029041433098,0.04075767418734155,-0.03956790047011511,0.4716702542214686,1.5245182236069315,-0.009096501973512377,-0.4759219373826726,-0.05137039630544542,2.2738588181578794,1.7431293681567432,0.060497774827071416,0.4207613467991327,-0.19416176670031626,-0.003407505673045763,0.005356166209885216,-0.006616643418353413,1.0146484375,0.060497774827071416,0.4207613467991327,-0.19416176670031626,-0.003407505673045763,0.005356166209885216,-0.006616643418353413,-1.0,-0.22211289469627818,0.19679107697272977,0.9344016715003585,0.04988578427127933,0.20180292465728375,0.9024998346667837,0.0,0.0,76.14414885547076,1,0.0399
195,0,0.0,0.09549506353490522,0.37708205197041533,0.920731127677564,0.9638635248969051,-0.2239934981582959,0.12468948786243417,-0.07243307098781254,0.04080360387080815,-0.03957694280671449,0.47389699861962126,1.5265481209669334,-0.012015507667469864,-0.4751376693734714,-0.05088107088422793,2.28655275436674,1.7455450286461462,0.055002226283046185,0.37158837208397544,-0.21926683445068929,-1.2088385667727297e-05,0.0024648654818431592,-0.012674230239014844,1.0068359375,0.055002226283046185,0.37158837208397544,-0.21926683445068929,-1.2088385667727297e-05,0.0024648654818431592,-0.012674230239014844,-1.0,-0.2221128940478559,0.19679108104315263,0.9344016711714924,0.04988578427127933,0.20180292465728375,0.9024998346667837,0.0,0.0,0.0,0,0.0577
196,0,0.0,0.09659103718913634,0.37868306649555855,0.9211940176648171,0.9629645637590885,-0.22404516849373562,0.12962882605346498,-0.07549423073906214,0.0408055337812523,-0.0395859348785293,0.47624852349416086,1.5286654280365666,-0.015612558022975044,-0.4744448235748481,-0.05006296470049587,2.299454136660358,1.7488016975896623,0.06630148497169619,0.38003411201596804,-0.248480004196578,0.00014653082363118297,-0.0010000131234217946,-0.02076486001798225,1.0068359375,0.06630148497169619,0.38003411201596804,-0.248480004196578,0.00014653082363118297,-0.0010000131234217946,-0.02076486001798225,-1.0,-0.22211289339943355,0.19679108511357604,0.934401670842626,0.04988578427127933,0.20180292465728375,0.9024998346667837,0.0,0.0,77.48025912596881,1,0.0734
197,0,0.0,0.0977990903196133,0.38022714264776897,0.9216790335927886,0.9618658051565186,-0.22454296894814496,0.1348772670935344,-0.07875754432390941,0.04082790119961493,-0.03959371688814579,0.47873505010269735,1.5309152199096083,-0.0200927408338623,-0.4737427100105985,-0.04866218996903912,2.313251790689398,1.7530312648877862,0.05307621627929904,0.3284212568760132,-0.2603478544058453,0.00015619290744633973,0.0007090148372832228,-0.02534833333760575,1.01171875,0.05307621627929904,0.3284212568760132,-0.2603478544058453,0.00015619290744633973,0.0007090148372832228,-0.02534833333760575,-1.0,-0.22211289275101057,0.19679108918400007,0.9344016705137593,0.04988578427127933,0.20180292465728375,0.9024998346667837,0.0,0.0,0.0,0,0.0706
198,0,0.0,0.09899144552141498,0.3816134225347929,0.9220828487197275,0.9606434506093395,-0.22546714049182165,0.14009123369794968,-0.08187292349004963,0.04079973440644326,-0.03960148348038846,0.4813848431248828,1.5331511748574191,-0.025565202966781265,-0.4732654850797555,-0.04656660995850643,2.326879925146168,1.758094382908208,0.023133180754376315,0.30890221347763025,-0.2687922862855163,8.846129265133174e-06,0.002640450546299161,-0.022024968997093247,1.0166015625,0.023133180754376315,0.30890221347763025,-0.2687922862855163,8.846129265133174e-06,0.002640450546299161,-0.022024968997093247,-1.0,-0.22211289210258756,0.1967910932544247,0.9344016701848923,0.04988578427127933,0.20180292465728375,0.9024998346667837,0.0,0.0,77.7206067962545,1,0.0618
199,0,0.0,0.10007734639937366,0.38277944021821714,0.9225035761156417,0.9594657038253671,-0.22648643040752342,0.1448618061457826,-0.08452524560349495,0.04080877057338838,-0.039608424344864855,0.4841051671131751,1.5350193033955155,-0.03178710189692598,-0.4729710769313958,-0.043751793094988375,2.3390099859527616,1.7630394048389373,0.0015105084456413786,0.2659227813792677,-0.2676511468423175,0.008035622258710629,-0.006413885944148295,-0.026441015249562133,1.025390625,0.0015105084456413786,0.2659227813792677,-0.2676511468423175,0.008035622258710629,-0.006413885944148295,-0.026441015249562133,-1.0,-0.22211289145416388,0.19679109732484995,0.934401669856025,0.04988578427127933,0.20180292465728375,0.9024998346667837,0.0,0.0,67.42826500667972,1,0.0692
200,1,0.8046,0.10104115069235478,0.383823098774428,0.9228660937552889,0.9583335721137233,-0.22755411435977407,0.1491857179282092,-0.08694544935724574,0.04073423725657521,-0.03961476468282327,0.48679467267065485,1.5367337361501865,-0.03817898045058855,-0.47287428413600624,-0.040405623486201615,2.3502010475061903,1.7677849197249131,0.08310271223771737,0.32785820754721373,-0.10001776263641704,-0.012042187909195187,0.012391274459088747,0.0011479441772076493,0.9833984375,0.08310271223771737,0.32785820754721373,-0.10001776263641704,-0.012042187909195187,0.012391274459088747,0.0011479441772076493,-1.0,-0.2221128908057402,0.19679110139527586,0.9344016695271575,0.04988578427127933,0.20180292465728375,0.9024998346667837,0.0,0.0,64.88336098574275,1,0.0649
201,0,0.0,0.10197865121682162,0.3851668781074701,0.9232745676389683,0.9572921957286658,-0.2277994141532373,0.153740986828714,-0.0897930279997484,0.040662932280067725,-0.03961931250832069,0.48954756711422787,1.538659371006504,-0.043967168339123265,-0.4726629738593844,-0.03718820600175803,2.362552025160846,1.7708800657230606,0.16894497810472875,0.4669313917606923,-0.15034201208148312,-0.013897308001706216,0.02952837674999384,0.002467219112380792,0.99951171875,0.16894497810472875,0.4669313917606923,-0.15034201208148312,-0.013897308001706216,0.02952837674999384,0.002467219112380792,-1.0,-0.22211289015731586,0.19679110546570236,0.93440166919829,0.04988578427127933,0.20180292465728375,0.9024998346667837,0.0,0.0,63.81964521321308,1,0.0623
202,0,0.0,0.10318519081357833,0.3869807232738769,0.9238516483946903,0.9561466208976713,-0.22699970575149925,0.15951655416470084,-0.09385756166722443,0.04081672059076026,-0.039622531748168,0.49227859864613904,1.5419199915409771,-0.04911020779117868,-0.47109520939733623,-0.03433627361363462,2.3786088697307557,1.7724060272677362,0.19025948881286414,0.5065325278862578,-0.17442005433297736,-0.009117797207806269,0.009839438188994964,-0.00509595246254313,1.01953125,0.19025948881286414,0.5065325278862578,-0.17442005433297736,-0.009117797207806269,0.009839438188994964,-0.00509595246254313,-1.0,-0.22211288950889135,0.19679110953612933,0.9344016688694226,0.04988578427127933,0.20180292465728375,0.9024998346667837,0.0,0.0,102.48216648804565,1,0.0622
203,0,0.0,0.10487229182811592,0.38923184489662416,0.9246112159502886,0.9544743629448125,-0.22602163584831347,0.16721630693905712,-0.09965749998473968,0.040862663465581296,-0.0396253468339118,0.4955489917351923,1.5467422175757772,-0.055923072441343626,-0.4685184428629739,-0.02987617357132879,2.4003951356030107,1.7741168403912042,0.15718347701517943,0.44722466525270943,-0.20386145196750582,-0.0005265943488250713,0.003717372274962605,-0.011143468482172708,1.0146484375,0.15718347701517943,0.44722466525270943,-0.20386145196750582,-0.0005265943488250713,0.003717372274962605,-0.011143468482172708,-1.0,-0.2221128888604663,0.19679111360655674,0.9344016685405542,0.04988578427127933,0.20180292465728375,0.9024998346667837,0.0,0.0,123.02590597926877,1,0.0599
204,0,0.0,0.10677994532848804,0.3915414752698343,0.9255164083173807,0.9523726982696274,-0.22535471694763398,0.17588717100030243,-0.10613763808182891,0.04087902092340749,-0.03962826069911396,0.500855329145572,1.550493884051225,-0.06964964371481376,-0.468937159180703,-0.017818409858723298,2.426191988755218,1.7754478631431412,0.11821387460602828,0.42977013605992465,-0.23684038187595047,-8.867691062675043e-06,0.0018444649207653152,-0.020811437472754574,1.013671875,0.11821387460602828,0.42977013605992465,-0.23684038187595047,-8.867691062675043e-06,0.0018444649207653152,-0.020811437472754574,-1.0,-0.222112888212041,0.19679111767698476,0.9344016682116854,0.04988578427127933,0.20180292465728375,0.9024998346667837,0.0,0.0,0.0,0,0.0595
205,0,0.0,0.10860106550317242,0.39368564558586217,0.9263398665884585,0.9500602383282261,-0.2251366365744138,0.1844991580031357,-0.11251266202436076,0.04086860669194197,-0.03963069793280268,0.506013020734053,1.5540554835712785,-0.08313438367387303,-0.4700565143531138,-0.006510183274303547,2.452183029491113,1.7781150305888058,0.08140140340107405,0.36239189971358354,-0.25395747352393216,-5.637293648722008e-05,0.004103659416765798,-0.025373510340185396,1.015625,0.08140140340107405,0.36239189971358354,-0.25395747352393216,-5.637293648722008e-05,0.004103659416765798,-0.025373510340185396,-1.0,-0.22211288756361525,0.1967911217474134,0.9344016678828162,0.04988578427127933,0.20180292465728375,0.9024998346667837,0.0,0.0,0.0,0,0.0607
206,0,0.0,0.11025225964913098,0.39551005896753366,0.9270943984307795,0.9477144928938541,-0.225322092800937,0.19255879524076236,-0.11827216422377448,0.04082429070875948,-0.03963295360135592,0.5091076043634999,1.5575431492112048,-0.09036161539214307,-0.47077726983960716,-0.00346340160092574,2.476046134089398,1.7835303142743917,0.0481199505363229,0.3239168622456171,-0.2535010177466527,-0.0003534820138034328,0.00570733633879722,-0.02079255472081984,1.0185546875,0.0481199505363229,0.3239168622456171,-0.2535010177466527,-0.0003534820138034328,0.00570733633879722,-0.02079255472081984,-1.0,-0.2221128869151893,0.19679112581784258,0.9344016675539467,0.04988578427127933,0.20180292465728375,0.9024998346667837,0.0,0.0,110.61465238856358,1,0.0607
207,0,0.0,0.11166623331434372,0.39707999804537764,0.927733707168925,0.9454987045104527,-0.22557839838855354,0.19978966502604173,-0.12341262373960174,0.0407766375704025,-0.03963431812822126,0.5102850604991191,1.5606672889426276,-0.09173276170559369,-0.47131398214053233,-0.007624968322274518,2.497458912654191,1.7904786190007307,0.03941438531938568,0.273711630427661,-0.23273227988043488,0.0012013083067863167,0.0009665395984853609,-0.02657697106349219,1.0263671875,0.03941438531938568,0.273711630427661,-0.23273227988043488,0.0012013083067863167,0.0009665395984853609,-0.02657697106349219,-1.0,-0.22211288626676284,0.19679112988827235,0.9344016672250769,0.04988578427127933,0.20180292465728375,0.9024998346667837,0.0,0.0,93.98594159302462,1,0.0577
208,1,0.7716,0.11293421697897246,0.3984215159430075,0.9282999090454184,0.9433665840854787,-0.22590679865332824,0.20642071586780641,-0.12812530746781034,0.040706191477484104,-0.03963510458107324,0.5102666474671255,1.5636277049262721,-0.08975953793481518,-0.47168527730011944,-0.01597230861115034,2.517173323871772,1.7984132553133347,0.10502712611370602,0.349254082041595,-0.11342615109400267,-0.006538020829158123,0.00993308355670483,0.002185236683488828,0.9833984375,0.10502712611370602,0.349254082041595,-0.11342615109400267,-0.006538020829158123,0.00993308355670483,0.002185236683488828,-1.0,-0.22211288561833636,0.19679113395870276,0.9344016668962069,0.04988578427127933,0.20180292465728375,0.9024998346667837,0.0,0.0,85.23592125181753,1,0.0672
209,0,0.0,0.114206674137561,0.4001093584841903,0.928951362504894,0.9411073202847815,-0.2253534714995109,0.21364514016674782,-0.13374819128738358,0.04068141834344155,-0.039633673362120876,0.5100270882420177,1.567323390881535,-0.08651055911346646,-0.47159438414346294,-0.025168902460629722,2.5396732323256246,1.8048730564772375,0.1990934546967178,0.49864983728306456,-0.16403568539986846,-0.00833194772417313,0.025899618751236614,0.0028499095515913397,0.9990234375,0.1990934546967178,0.49864983728306456,-0.16403568539986846,-0.00833194772417313,0.025899618751236614,0.0028499095515913397,-1.0,-0.22211288496990922,0.19679113802913378,0.9344016665673366,0.04988578427127933,0.20180292465728375,0.9024998346667837,0.0,0.0,98.87981885144583,1,0.0689
210,0,0.0,0.11583363826107243,0.402186527206812,0.929929280867808,0.938316232387703,-0.22354845550333746,0.2227372304758977,-0.14133952822810586,0.04082686322296735,-0.039631068939256275,0.510066534804849,1.573645505732567,-0.0849070033242569,-0.46874389804256,-0.0317137508184346,2.5679517439431128,1.8087324338476585,0.22985825448990593,0.5391893889566293,-0.1787563842171327,-0.005645888423558204,0.011852813594757039,-0.006928838250340935,1.017578125,0.22985825448990593,0.5391893889566293,-0.1787563842171327,-0.005645888423558204,0.011852813594757039,-0.006928838250340935,-1.0,-0.222112884321482,0.19679114209956527,0.9344016662384663,0.04988578427127933,0.20180292465728375,0.9024998346667837,0.0,0.0,0.0,0,0.0699
211,0,0.0,0.1178851664190518,0.40443775549793876,0.93107103976468,0.9344793851558624,-0.22127334661969067,0.23432949657919083,-0.15124837793307283,0.04085457222203094,-0.03962857390519567,0.5130842589411789,1.5802959277000261,-0.0937522400300762,-0.4690500537909951,-0.025511981770046217,2.6065338654740158,1.809846674425092,0.2142447333928622,0.5114122887358534,-0.2058013890209437,-0.002533087087773639,0.0052391095002478905,-0.010166600782082674,1.01953125,0.2142447333928622,0.5114122887358534,-0.2058013890209437,-0.002533087087773639,0.0052391095002478905,-0.010166600782082674,-1.0,-0.22211288367305415,0.19679114616999746,0.9344016659095961,0.04988578427127933,0.20180292465728375,0.9024998346667837,0.0,0.0,0.0,0,0.0697
212,0,0.0,0.1202603913660177,0.40680075017030654,0.9324497652088359,0.9292963004487942,-0.2186840844456504,0.24868624619390173,-0.16352616957642402,0.04084700237841394,-0.03962467404530028,0.5174717322410299,1.5892159022230465,-0.10817388659677858,-0.4692245522389714,-0.013394992875697032,2.654899588504833,1.8106672101186432,0.18204184613020957,0.4883272662550737,-0.23296050776907462,-0.0002584715229543427,0.00597656677096306,-0.02079255472081984,1.01953125,0.18204184613020957,0.4883272662550737,-0.23296050776907462,-0.0002584715229543427,0.00597656677096306,-0.02079255472081984,-1.0,-0.22211288302462603,0.19679115024043006,0.9344016655807248,0.04988578427127933,0.20180292465728375,0.9024998346667837,0.0,0.0,0.0,0,0.0688
213,0,0.0,0.12277051140834742,0.40912350545695775,0.9339551169670639,0.9224682560800482,-0.2156598029756987,0.265905678542337,-0.17843019930509346,0.04081282339945241,-0.03962073123299937,0.5213270715065446,1.6015025138119285,-0.12282166421881469,-0.4677126507072195,-0.002344103411401035,2.7132088319414525,1.8130067727888761,0.10807022191962656,0.39617485944155395,-0.2537292456352924,3.20991370628132e-06,0.012016692988249283,-0.025444005947408393,1.01171875,0.10807022191962656,0.39617485944155395,-0.2537292456352924,3.20991370628132e-06,0.012016692988249283,-0.025444005947408393,-1.0,-0.2221128823761975,0.19679115431086322,0.9344016652518533,0.04988578427127933,0.20180292465728375,0.9024998346667837,0.0,0.0,241.75884109513598,1,0.0681
214,0,0.0,0.12518189239315825,0.41112560188273417,0.9356964032308662,0.9138718079825845,-0.21214135013921898,0.28556488352198967,-0.19567080373633297,0.04072062179832498,-0.03961556763278357,0.5242386727949797,1.6134579269023277,-0.1357152392784527,-0.4708793538522203,0.004882186482494788,2.7835308787936466,1.8175172582591383,0.07258027758391206,0.3443743211919992,-0.239122660762348,-0.00035509236110596587,0.01019060831790694,-0.023439916542069006,1.0166015625,0.07258027758391206,0.3443743211919992,-0.239122660762348,-0.00035509236110596587,0.01019060831790694,-0.023439916542069006,-1.0,-0.22211288172776872,0.19679115838129693,0.9344016649229814,0.04988578427127933,0.20180292465728375,0.9024998346667837,0.0,0.0,258.73139627707894,1,0.0683
215,0,0.0,0.1272505743447525,0.41267752469297525,0.9376794425921946,0.9026686472748102,-0.20729961839085614,0.3086782940486202,-0.2166423140231435,0.04058992588096279,-0.03961314714379436,0.5233449963383816,1.630114571353586,-0.14085601096566713,-0.4713801652442813,-0.0006782036765643766,2.868131583262209,1.8261928863169385,0.06044641456030486,0.2789667574964564,-0.2084260097403009,9.661005725285221e-05,0.006222385861201468,-0.03066571628242576,1.0263671875,0.06044641456030486,0.2789667574964564,-0.2084260097403009,9.661005725285221e-05,0.006222385861201468,-0.03066571628242576,-1.0,-0.2221128810793395,0.19679116245173126,0.934401664594109,0.04988578427127933,0.20180292465728375,0.9024998346667837,0.0,0.0,288.4458900760152,1,0.0501
216,1,0.7407,0.12905552535768633,0.41144108416182357,0.9389950502630893,0.8873610510981789,-0.20301578253183145,0.3350827319649875,-0.24309364404649197,0.038707017387425005,-0.039642973513760574,0.5177416309747853,1.6555700825264084,-0.14391130659085366,-0.46638483108091155,-0.004052454208778489,2.9702364244957455,1.8345231107062017,0.11235880419463695,0.32729515821841415,-0.11605077181335988,-0.0017672662987156668,0.006175563177346521,0.002970759163973602,0.986328125,0.11235880419463695,0.32729515821841415,-0.11605077181335988,-0.0017672662987156668,0.006175563177346521,0.002970759163973602,-1.0,-0.22211288043091015,0.19679116652216624,0.9344016642652365,0.04988578427127933,0.20180292465728375,0.9024998346667837,0.0,0.0,456.76325037750036,2,0.0405
217,0,0.0,0.12914189779420227,0.41434224365685124,0.9449970778740828,0.8763195894578384,-0.19977476232647134,0.350553252322437,-0.2631851795903568,0.03893955890122594,-0.03955311535216205,0.5196452641835083,1.6554270998581686,-0.1422743468882425,-0.48055506196522996,0.00039429285560889284,3.0376722704480117,1.834003401968166,0.1699721834400606,0.4500399118967071,-0.17476239616593703,-0.004033930773728739,0.01939126569540109,0.0028499095515913397,0.99853515625,0.1699721834400606,0.4500399118967071,-0.17476239616593703,-0.004033930773728739,0.01939126569540109,0.0028499095515913397,-1.0,-0.22211287978248023,0.19679117059260182,0.9344016639363635,0.04988578427127933,0.20180292465728375,0.9024998346667837,0.0,0.0,0.0,0,0.0395
218,0,0.0,0.1282253743097148,0.42082415268127504,0.9527560531248201,0.8723649852605277,-0.19677870181940604,0.3557550408249003,-0.2714697514076678,0.03941014233907188,-0.03952684027288335,0.5269417759144726,1.6387344535498853,-0.14072906408668975,-0.5008732399337831,-0.0035624049615460155,3.0611455492440416,1.839167736677889,0.15764571941607874,0.4430956368415131,-0.19096657625935964,-0.0011582530782412725,0.005800981706507086,-0.004340642385153914,1.009765625,0.15764571941607874,0.4430956368415131,-0.19096657625935964,-0.0011582530782412725,0.005800981706507086,-0.004340642385153914,-1.0,-0.2221128791340502,0.19679117466303803,0.9344016636074904,0.04988578427127933,0.20180292465728375,0.9024998346667837,0.0,0.0,0.0,0,0.0439
219,0,0.0,0.12969979051089614,0.42964293052916264,0.969098706087615,0.8717755869700119,-0.19594742678545474,0.35607421312872867,-0.27353808993265577,0.03982906914108768,-0.03948731840384276,0.534986881052088,1.6135775810558115,-0.14082751598236343,-0.5033196353474425,-0.011670435471356403,3.0407942909863643,1.8502814193083559,0.10361471877762474,0.3858522884135631,-0.22965120338379819,-0.00022706975055507284,0.0016571741853455835,-0.015023244579695283,1.0068359375,0.10361471877762474,0.3858522884135631,-0.22965120338379819,-0.00022706975055507284,0.0016571741853455835,-0.015023244579695283,-1.0,-0.22211287848561959,0.19679117873347482,0.9344016632786174,0.04988578427127933,0.20180292465728375,0.9024998346667837,0.0,0.0,0.0,0,0.0376
