step,query,infer_s,eef_x,eef_y,eef_z,eef_qx,eef_qy,eef_qz,eef_qw,gripper_q0,gripper_q1,joint_0,joint_1,joint_2,joint_3,joint_4,joint_5,joint_6,act_raw_0,act_raw_1,act_raw_2,act_raw_3,act_raw_4,act_raw_5,act_raw_6,act_env_0,act_env_1,act_env_2,act_env_3,act_env_4,act_env_5,act_env_6,akita_black_bowl_1_x,akita_black_bowl_1_y,akita_black_bowl_1_z,plate_1_x,plate_1_y,plate_1_z,force_akita_black_bowl_1,force_plate_1,force_other,n_contacts,sim_s
0,1,0.758,-0.21378006239643896,-0.006235951764043774,1.1650077772957392,0.9995763841996822,0.0001976019022353337,-0.02909950878392955,-0.00048134427425561635,0.03872542484395527,-0.038720163274705434,-0.0069424216991382124,-0.1622001191316875,-0.007027109125332261,-2.4697596062223015,-0.0012876558811646109,2.2494198884168615,0.7724793352769479,0.09608672811454111,-0.03840538083686662,0.1403062041012455,-0.02886709652599659,0.024284236158241462,-0.0014201100859156657,0.98876953125,0.09608672811454111,-0.03840538083686662,0.1403062041012455,-0.02886709652599659,0.024284236158241462,-0.0014201100859156657,-1.0,0.014806736301042159,-0.2921326357249845,1.1263999683944255,0.07423593622685472,0.20074611240686369,0.9024995673059236,0.0,0.0,0.0,0,0.04
1,0,0.0,-0.21386315849978757,-0.006617993924141079,1.165350443336069,0.9995984360454806,0.0001965063355883201,-0.02833216146190124,0.0004654756544279666,0.0388357952061049,-0.038854270950701576,-0.0069209464915758545,-0.1637620815645677,-0.007368754324661647,-2.470684276525849,-0.003936540492547868,2.2503153303920227,0.7739043029944751,0.15014712046815637,-0.14454017931557395,0.29744110542971725,-0.03533425129294476,0.02175581123007514,-0.004209721971739799,0.9873046875,0.15014712046815637,-0.14454017931557395,0.29744110542971725,-0.03533425129294476,0.02175581123007514,-0.004209721971739799,-1.0,0.014806736301042159,-0.2921326357249845,1.1263999683946255,0.0742359362360288,0.20074611243687185,0.9024997617621902,0.0,0.0,0.0,0,0.0352
2,0,0.0,-0.2133983452274325,-0.007864558798568127,1.1671652060033557,0.9996196547660081,-0.00010368682809508423,-0.027467394441479553,0.0024652174597439066,0.03889181468370199,-0.03893917166983074,-0.00729820029240833,-0.1663127914753911,-0.00862265716907826,-2.4683244950822503,-0.009477929703356695,2.2472068587539966,0.7765029043020748,0.29036064874095036,-0.2798597013370558,0.3953508696561723,-0.022026341184862172,-0.0007424883622196565,-0.003323491480936469,1.0078125,0.29036064874095036,-0.2798597013370558,0.3953508696561723,-0.022026341184862172,-0.0007424883622196565,-0.003323491480936469,-1.0,0.014806736301042159,-0.2921326357249845,1.1263999683946322,0.07423593623817827,0.20074611244581525,0.9024998147869767,0.0,0.0,0.0,0,0.036
3,0,0.0,-0.21169011443749522,-0.01028898456430272,1.1706507993467152,0.9996668012609613,-0.0007119254720386325,-0.025385367819947664,0.004621982198623278,0.0389363539291025,-0.03899973075382792,-0.00823513989428644,-0.16896254041668704,-0.01178945490920527,-2.461825549778327,-0.015759591776211647,2.2424185076724235,0.7776781778979499,0.37870030757948736,-0.3935956657545565,0.4635910083594592,-0.006025930386954564,-0.011895066372916263,-0.0022056325664004395,0.99951171875,0.37870030757948736,-0.3935956657545565,0.4635910083594592,-0.006025930386954564,-0.011895066372916263,-0.0022056325664004395,-1.0,0.014806736301042159,-0.2921326357249845,1.1263999683946322,0.07423593623866964,0.20074611244845814,0.9024998292459088,0.0,0.0,0.0,0,0.0358
4,0,0.0,-0.2086744462752946,-0.014028770779274361,1.1752530219456387,0.9997340508285524,-0.0015349967716566937,-0.022168638587088986,0.006166268080318997,0.038978131111253575,-0.039050424737040464,-0.009784952272942857,-0.17040445418952604,-0.017458723208974316,-2.451395343683892,-0.02097782305437531,2.2371477775634974,0.775424467330475,0.419583079925694,-0.468668909594491,0.49485822910310584,-0.00041145451669440114,-0.03258191338357341,0.00046312970704143197,0.9892578125,0.419583079925694,-0.468668909594491,0.49485822910310584,-0.00041145451669440114,-0.03258191338357341,0.00046312970704143197,-1.0,0.014806736301042159,-0.2921326357249845,1.1263999683946322,0.07423593623877808,0.2007461124492336,0.9024998331886069,0.0,0.0,0.0,0,0.0352
5,0,0.0,-0.20468333404645128,-0.01900726204323225,1.1806419858706625,0.9998063903931125,-0.0022896660409800207,-0.018224784816105507,0.007056654796835732,0.03901753921880519,-0.03909631756718021,-0.011876390653958789,-0.17051039154346556,-0.02543232246672637,-2.4377088572067738,-0.024965522764821814,2.231464896347432,0.7693249708803682,0.47279231629588236,-0.513337489679252,0.4994227868759009,-0.0002979250318662502,-0.05437787271804423,0.00017107647711761542,0.99072265625,0.47279231629588236,-0.513337489679252,0.4994227868759009,-0.0002979250318662502,-0.05437787271804423,0.00017107647711761542,-1.0,0.014806736301042159,-0.2921326357249845,1.1263999683946322,0.0742359362388008,0.2007461124494598,0.9024998342637116,0.0,0.0,0.0,0,0.0367
6,0,0.0,-0.19980763773547092,-0.024975399039681715,1.1865371386473373,0.999877049601427,-0.0028597255860420834,-0.01340837880355639,0.00761071795414049,0.03905498160317047,-0.039139718257581675,-0.014353977984634766,-0.16904984173839743,-0.035039505969058894,-2.4214631016276935,-0.028191577639964997,2.226611224595783,0.7603053763635022,0.5130587654408899,-0.5159650532136497,0.5144858275261248,-0.0011840186350817045,-0.08893301340298403,0.0008961741514112442,0.9951171875,0.5130587654408899,-0.5159650532136497,0.5144858275261248,-0.0011840186350817045,-0.08893301340298403,0.0008961741514112442,-1.0,0.014806736301042159,-0.2921326357249845,1.1263999683946322,0.07423593623880514,0.20074611244952548,0.9024998345568738,0.0,0.0,0.0,0,0.0355
7,0,0.0,-0.19400815028282017,-0.03148632509533854,1.1928589066532704,0.9999357496979346,-0.003225825102951607,-0.007344873711506855,0.008008954900293897,0.039091203690377316,-0.039180858824098115,-0.01697545819861161,-0.16609421283438397,-0.04537226472193786,-2.403130868331794,-0.03064451313031367,2.2237374050202,0.7494655358557992,0.5549687431224285,-0.5268506735704401,0.503987344648696,-0.0031683690986205187,-0.10504001664908062,0.004018122471286634,0.998046875,0.5549687431224285,-0.5268506735704401,0.503987344648696,-0.0031683690986205187,-0.10504001664908062,0.004018122471286634,-1.0,0.014806736301042159,-0.2921326357249845,1.1263999683946322,0.07423593623880584,0.2007461124495444,0.9024998346368139,0.0,0.0,0.0,0,0.0352
8,1,0.7331,-0.1874972537172178,-0.038257994392401275,1.1993574005002714,0.9999590646194465,-0.0033635484101552926,-0.00021905294038425654,0.008396882951557504,0.039125854640538235,-0.03922025222106674,-0.019602209719049562,-0.16163693529665552,-0.05589548307623444,-2.3834195506515914,-0.032416304263085866,2.223094988317295,0.7375024464123745,0.10579111008185904,-0.08326164403122738,0.16997582962441382,-0.028995924310198748,0.02365212992619989,-0.002044499749890738,0.98583984375,0.10579111008185904,-0.08326164403122738,0.16997582962441382,-0.028995924310198748,0.02365212992619989,-0.002044499749890738,-1.0,0.014806736301042159,-0.2921326357249845,1.1263999683946322,0.07423593623880585,0.20074611244954982,0.9024998346586124,0.0,0.0,0.0,0,0.0373
9,0,0.0,-0.1839180518653659,-0.042970426961134595,1.203293851475184,0.9999575083418583,-0.0027319020553476236,0.0013255484047084817,0.008704087736716994,0.03916674968840357,-0.03925024240018259,-0.021245553247140402,-0.15701136223534248,-0.06286568762057719,-2.368331984721029,-0.03379020027042923,2.2152543586301996,0.7281766776429192,0.1998124984314501,-0.18301521678354032,0.3204921221823325,-0.03074798217534805,0.01138458675620771,-0.004401067191345059,0.99365234375,0.1998124984314501,-0.18301521678354032,0.3204921221823325,-0.03074798217534805,0.01138458675620771,-0.004401067191345059,-1.0,0.014806736301042159,-0.2921326357249845,1.1263999683946322,0.07423593623880585,0.20074611244955134,0.9024998346645562,0.0,0.0,0.0,0,0.0356
10,0,0.0,-0.18174669013894512,-0.04592218190407755,1.2066268731499472,0.9999489906984337,-0.0023019119395177867,0.000430457024522545,0.009825065361380766,0.03920205670404803,-0.03928280350594543,-0.022178553941688932,-0.15363319734589417,-0.06673154211810838,-2.3548137503234656,-0.03700057114216462,2.203707771601317,0.7242027170211033,0.3641139918177755,-0.3260297462986155,0.40082833898352654,-0.014953695832163882,-0.017010444584067586,-0.001994145744731446,1.0068359375,0.3641139918177755,-0.3260297462986155,0.40082833898352654,-0.014953695832163882,-0.017010444584067586,-0.001994145744731446,-1.0,0.014806736301042159,-0.2921326357249845,1.1263999683946322,0.07423593623880585,0.2007461124495518,0.9024998346661771,0.0,0.0,0.0,0,0.0354
11,0,0.0,-0.17829156381824884,-0.0493043903588542,1.2111528992170588,0.9999300420802416,-0.0025648982512151974,0.0018173400687669,0.01140304860291464,0.039233125245443486,-0.03931669236188335,-0.02326297071337211,-0.14986774252919738,-0.0709667640138488,-2.338806178149571,-0.040747129247933285,2.1947835310235138,0.7213041729131301,0.43211498501674217,-0.4255017943865287,0.4537772091479497,-0.003877727085383628,-0.03223074325466141,0.0009364573555386557,1.0009765625,0.43211498501674217,-0.4255017943865287,0.4537772091479497,-0.003877727085383628,-0.03223074325466141,0.0009364573555386557,-1.0,0.014806736301042159,-0.2921326357249845,1.1263999683946322,0.07423593623880585,0.2007461124495518,0.9024998346666192,0.0,0.0,0.0,0,0.0347
12,0,0.0,-0.17369284504657737,-0.053675121237824905,1.216344734128306,0.9999029892420981,-0.0030973475789901617,0.0049452050769863126,0.01264766735159725,0.03926170634033573,-0.039350275657173965,-0.024728493995515178,-0.1447283954201267,-0.0768075683655155,-2.320369004938886,-0.0433256584790762,2.1881966645523865,0.7161871532286788,0.47607937336894424,-0.49757210847286576,0.47614354223464583,-0.0002745749959796179,-0.054424695401899176,0.002406794306189647,0.9931640625,0.47607937336894424,-0.49757210847286576,0.47614354223464583,-0.0002745749959796179,-0.054424695401899176,0.002406794306189647,-1.0,0.014806736301042159,-0.2921326357249845,1.1263999683946322,0.07423593623880585,0.2007461124495518,0.9024998346667397,0.0,0.0,0.0,0,0.0348
13,0,0.0,-0.16833457965780038,-0.05909930024095662,1.2220134630241335,0.9998599116865895,-0.0036083121899394,0.009217633454820767,0.01349712260879304,0.03928827308902509,-0.0393831995279495,-0.02658892458099381,-0.1383653382437726,-0.08434309085497527,-2.2999099976921453,-0.04461762960416527,2.1831216282961146,0.7081456135970838,0.5225090545259427,-0.5414899561192275,0.4770564537892048,-0.00010629370286555084,-0.08013034883825682,0.001621271825704873,0.99462890625,0.5225090545259427,-0.5414899561192275,0.4770564537892048,-0.00010629370286555084,-0.08013034883825682,0.001621271825704873,-1.0,0.014806736301042159,-0.2921326357249845,1.1263999683946322,0.07423593623880585,0.2007461124495518,0.9024998346667725,0.0,0.0,0.0,0,0.0349
14,0,0.0,-0.16224149585840572,-0.06542007714758381,1.2279958260658814,0.9997838865886385,-0.004031856775986886,0.014704064539781021,0.014132046372079685,0.03931330910239177,-0.03941509687625515,-0.028748495884743916,-0.13063618471042437,-0.09318737976241213,-2.277797969407934,-0.044802610957190625,2.180222273386834,0.6976830428288517,0.5574340359272248,-0.5527509426952176,0.4670144266890557,-0.0005499443847117175,-0.1023711236693495,0.0026887767350816383,0.99560546875,0.5574340359272248,-0.5527509426952176,0.4670144266890557,-0.0005499443847117175,-0.1023711236693495,0.0026887767350816383,-1.0,0.014806736301042159,-0.2921326357249845,1.1263999683946322,0.07423593623880585,0.2007461124495518,0.9024998346667815,0.0,0.0,0.0,0,0.0346
15,0,0.0,-0.1555049224328049,-0.07229007114507757,1.2340768447650543,0.9996564017036029,-0.004287110047209719,0.021288881483324522,0.014679330558142908,0.03933744057007864,-0.0394454541942157,-0.03103598493600582,-0.12148495365128605,-0.10271755867789575,-2.254511955661379,-0.04391999796615921,2.1797513829058928,0.685479307323896,0.5845522567799849,-0.5538770413528166,0.45035379081835347,-0.0006135531031615377,-0.10649151984858352,0.008308283710857345,1.001953125,0.5845522567799849,-0.5538770413528166,0.45035379081835347,-0.0006135531031615377,-0.10649151984858352,0.008308283710857345,-1.0,0.014806736301042159,-0.2921326357249845,1.1263999683946322,0.07423593623880585,0.2007461124495518,0.9024998346667837,0.0,0.0,0.0,0,0.0354
16,1,0.7381,-0.14836817512904849,-0.07936580887421327,1.2399926621195263,0.999471282005614,-0.004231381158860181,0.028458852702069305,0.015144159350189666,0.039360794806882655,-0.0394742519475482,-0.03331638051517896,-0.11091825105694651,-0.112419761193464,-2.2305099704497144,-0.04189897227617173,2.1810612172078043,0.671874021571874,0.12297753934862965,-0.14529091175397324,0.19873254359302295,-0.025710815813043797,0.018361166650592564,0.00016100567608576255,0.98291015625,0.12297753934862965,-0.14529091175397324,0.19873254359302295,-0.025710815813043797,0.018361166650592564,0.00016100567608576255,-1.0,0.014806736301042159,-0.2921326357249845,1.1263999683946322,0.07423593623880585,0.2007461124495518,0.9024998346667837,0.0,0.0,0.0,0,0.0376
17,0,0.0,-0.14425354070505234,-0.08463399604554099,1.243752297646074,0.9994301309331493,-0.003448180303470827,0.02991589560940132,0.015250004112447212,0.039389826260051046,-0.039495146692578045,-0.034919497448970244,-0.102032443698606,-0.1195094422677289,-2.211263583222924,-0.040457988964577966,2.1731883999611408,0.6603814046349915,0.2680702929642499,-0.26615883433626775,0.2976693333183569,-0.02247723842956971,0.0033427908041231413,0.0005839793194236942,0.98974609375,0.2680702929642499,-0.26615883433626775,0.2976693333183569,-0.02247723842956971,0.0033427908041231413,0.0005839793194236942,-1.0,0.014806736301042159,-0.2921326357249845,1.1263999683946322,0.07423593623880585,0.2007461124495518,0.9024998346667837,0.0,0.0,0.0,0,0.0366
18,0,0.0,-0.14137326199875688,-0.08849446466667552,1.2471726685737459,0.9994381613262074,-0.0028007665982866525,0.029304702449850225,0.016023476703790923,0.039414116331114045,-0.03951865539087322,-0.0360170220920212,-0.09475935417753747,-0.12432392562108509,-2.1935341402258173,-0.04128580177425128,2.1620621489459935,0.6532492681680132,0.4197885209927602,-0.3965985955081539,0.3866782098878616,-0.007291663366740725,-0.015891089798160618,-9.076434971064251e-05,1.0009765625,0.4197885209927602,-0.3965985955081539,0.3866782098878616,-0.007291663366740725,-0.015891089798160618,-9.076434971064251e-05,-1.0,0.014806736301042159,-0.2921326357249845,1.1263999683946322,0.07423593623880585,0.2007461124495518,0.9024998346667837,0.0,0.0,0.0,0,0.0368
19,0,0.0,-0.1371818091203518,-0.0928105031108579,1.2514543855637623,0.9993669029302504,-0.002802272399929806,0.030988422435913075,0.017252775774615505,0.03943514730189278,-0.03954337270960947,-0.03723827640131079,-0.08627266221347547,-0.12945829200511752,-2.1734148848056507,-0.04207270136899599,2.15445540567601,0.6469380035909754,0.48162628217973624,-0.470921106909689,0.4147502401905516,-0.001585095760117311,-0.032289271609480086,0.0019032542545968645,1.0078125,0.48162628217973624,-0.470921106909689,0.4147502401905516,-0.001585095760117311,-0.032289271609480086,0.0019032542545968645,-1.0,0.014806736301042159,-0.2921326357249845,1.1263999683946322,0.07423593623880585,0.2007461124495518,0.9024998346667837,0.0,0.0,0.0,0,0.0363
20,0,0.0,-0.1319362904530567,-0.09794816986675799,1.256178042702351,0.9992396506968061,-0.0030979366329255686,0.034252121543592216,0.018366149125633984,0.039454411719177025,-0.03956789070992245,-0.03874872051599341,-0.07597088122578233,-0.13568702935220772,-2.150900882854627,-0.041554809827504965,2.1493121068481553,0.6391221653447338,0.5253852294648719,-0.5403638574616284,0.40607758042224096,0.0011691013607357803,-0.05341800769901814,0.0021046702752339774,1.0078125,0.5253852294648719,-0.5403638574616284,0.40607758042224096,0.0011691013607357803,-0.05341800769901814,0.0021046702752339774,-1.0,0.014806736301042159,-0.2921326357249845,1.1263999683946322,0.07423593623880585,0.2007461124495518,0.9024998346667837,0.0,0.0,0.0,0,0.035
21,0,0.0,-0.12594314855023742,-0.10395119201411358,1.2610539551329045,0.9990628048890882,-0.0034499679273253814,0.038585767118168655,0.019306687555090147,0.03947202186835182,-0.03959218138445312,-0.0405794866379961,-0.0638559896279641,-0.1431064697876896,-2.126479131234275,-0.03959948062162011,2.1461637406480607,0.6292138774444453,0.5816760818410559,-0.5685163239016038,0.4017412505380855,0.0029984558964063768,-0.08279924181798794,0.0020845286731702717,1.0048828125,0.5816760818410559,-0.5685163239016038,0.4017412505380855,0.0029984558964063768,-0.08279924181798794,0.0020845286731702717,-1.0,0.014806736301042159,-0.2921326357249845,1.1263999683946322,0.07423593623880585,0.2007461124495518,0.9024998346667837,0.0,0.0,0.0,0,0.0358
22,0,0.0,-0.1191418720542379,-0.11063390553024544,1.2660325867584965,0.9988142526372448,-0.003773289737976915,0.04420525031605609,0.020043623867682422,0.03948876628313431,-0.03961553791980673,-0.042657204921419764,-0.04992274723548657,-0.15141037003146396,-2.1003499935308185,-0.03584058084361557,2.145621628608411,0.6172876800686896,0.6075616562914178,-0.5621350981752093,0.3912427676606567,0.0024702619811775434,-0.09501996230412518,0.006999079576716027,1.0009765625,0.6075616562914178,-0.5621350981752093,0.3912427676606567,0.0024702619811775434,-0.09501996230412518,0.006999079576716027,-1.0,0.014806736301042159,-0.2921326357249845,1.1263999683946322,0.07423593623880585,0.2007461124495518,0.9024998346667837,0.0,0.0,0.0,0,0.0353
23,0,0.0,-0.11175383813175709,-0.11760756806753549,1.2709692679949516,0.9984935810183684,-0.0038547018835223823,0.05072352590734937,0.020562924355008148,0.03950516195854763,-0.039637522705915446,-0.044851353594577925,-0.0344798732938545,-0.16004323889695365,-2.073026715919206,-0.03029792241143643,2.1469656400222425,0.6036367538099828,0.6260513523273906,-0.5658887603672061,0.374125676012675,0.0016393227730736454,-0.09249153737595885,0.012014338490580367,1.0009765625,0.6260513523273906,-0.5658887603672061,0.374125676012675,0.0016393227730736454,-0.09249153737595885,0.012014338490580367,-1.0,0.014806736301042159,-0.2921326357249845,1.1263999683946322,0.07423593623880585,0.2007461124495518,0.9024998346667837,0.0,0.0,0.0,0,0.0348
24,1,0.7312,-0.10410491700067454,-0.124697178454154,1.275657755101405,0.9981212412386835,-0.0035650625262703683,0.05745056065408959,0.020993122632506474,0.03952081981814049,-0.03965860002982771,-0.047121627400173526,-0.017728969388904964,-0.16872913037355913,-2.04488987390121,-0.023496641279036213,2.149038853520913,0.5886320971359545,0.1805523983939784,-0.2186750076075092,0.20797577308293302,-0.021588326718574843,0.00499329041000951,0.0014399974071314658,0.98828125,0.1805523983939784,-0.2186750076075092,0.20797577308293302,-0.021588326718574843,0.00499329041000951,0.0014399974071314658,-1.0,0.014806736301042159,-0.2921326357249845,1.1263999683946322,0.07423593623880585,0.2007461124495518,0.9024998346667837,0.0,0.0,0.0,0,0.0406
25,0,0.0,-0.0992288271956143,-0.13042001742061377,1.278902218911699,0.998034202918638,-0.0027399091217980565,0.05903781884912929,0.02085086684287779,0.039540930957577346,-0.03967365489960564,-0.049027762044383166,-0.0037478356793078423,-0.1757979969711059,-2.020671243592105,-0.01816827517818258,2.14124454173207,0.5752957330332938,0.37500236837229284,-0.39997689148095095,0.32140503373689167,-0.006315792901409406,-0.0036220834192979834,-0.0001511891559017875,0.9951171875,0.37500236837229284,-0.39997689148095095,0.32140503373689167,-0.006315792901409406,-0.0036220834192979834,-0.0001511891559017875,-1.0,0.014806736301042159,-0.2921326357249845,1.1263999683946322,0.07423593623880585,0.2007461124495518,0.9024998346667837,0.0,0.0,0.0,0,0.0391
26,0,0.0,-0.09531456808974167,-0.1353953990877142,1.282390320628802,0.9980105822741034,-0.002215412784013271,0.059317382485686826,0.021246593848127358,0.03955653792163963,-0.039691712202134494,-0.05071872681799672,0.008426340266406495,-0.18171864702327678,-1.997177063862692,-0.015097673898578376,2.1307878356514047,0.5651934608122494,0.48183172324680246,-0.4453962040041113,0.337837441718954,-0.00037602687603881246,-0.023182259599695804,-0.0008057912229724462,1.0029296875,0.48183172324680246,-0.4453962040041113,0.337837441718954,-0.00037602687603881246,-0.023182259599695804,-0.0008057912229724462,-1.0,0.014806736301042159,-0.2921326357249845,1.1263999683946322,0.07423593623880585,0.2007461124495518,0.9024998346667837,0.0,0.0,0.0,0,0.0382
27,0,0.0,-0.09016466365896253,-0.1407493319389817,1.286353255979675,0.9978536929918866,-0.002209244838194846,0.061615076558747574,0.0220614813726838,0.039571051572300016,-0.03970941826596914,-0.05256455922803334,0.022456750953099923,-0.1877452769273733,-1.9714287481819799,-0.011327688146088082,2.1239280186572396,0.5556565309489886,0.5241525830624737,-0.5020765031032618,0.3159275644095374,0.0029662489503558404,-0.030451481268173985,0.0014399974071314658,1.009765625,0.5241525830624737,-0.5020765031032618,0.3159275644095374,0.0029662489503558404,-0.030451481268173985,0.0014399974071314658,-1.0,0.014806736301042159,-0.2921326357249845,1.1263999683946322,0.07423593623880585,0.2007461124495518,0.9024998346667837,0.0,0.0,0.0,0,0.0359
28,0,0.0,-0.08419588533362231,-0.1464969585912058,1.2901030237955098,0.9976280511336044,-0.0024017593705217832,0.06488146188124687,0.022866985972003206,0.03958428402601623,-0.03972702318883483,-0.05466206934928541,0.03870347951548781,-0.19413169969870317,-1.944033773955292,-0.006194172437017246,2.1193569601767823,0.5454460244151222,0.561542857268552,-0.5598829008600114,0.31455819707769894,0.007668463073734491,-0.045270860708259975,0.001983820662851715,1.0068359375,0.561542857268552,-0.5598829008600114,0.31455819707769894,0.007668463073734491,-0.045270860708259975,0.001983820662851715,-1.0,0.014806736301042159,-0.2921326357249845,1.1263999683946322,0.07423593623880585,0.2007461124495518,0.9024998346667837,0.0,0.0,0.0,0,0.0546
29,0,0.0,-0.07764398174449431,-0.15280677278005445,1.2936593767337574,0.9973419532712223,-0.0026763304948828615,0.06889327660799957,0.023570785698361626,0.03959621276597726,-0.0397446081014981,-0.05712646163406009,0.05685553725225566,-0.2011405052143603,-1.9150775759205885,0.0005658854947896054,2.116451775530136,0.5338950640174832,0.6215316488519306,-0.580903409135193,0.28443211577725114,0.009104892867588518,-0.056086900678749246,0.0022859446938073846,1.005859375,0.6215316488519306,-0.580903409135193,0.28443211577725114,0.009104892867588518,-0.056086900678749246,0.0022859446938073846,-1.0,0.014806736301042159,-0.2921326357249845,1.1263999683946322,0.07423593623880585,0.2007461124495518,0.9024998346667837,0.0,0.0,0.0,0,0.0626
30,0,0.0,-0.07045879365352674,-0.15959333557122327,1.296964791143825,0.9969823015919014,-0.0029379066060959413,0.07372319076219136,0.024136075926484982,0.03960752058720748,-0.03976154717857331,-0.05996113663386104,0.07706814886489911,-0.20861350374390247,-1.8845500856101618,0.009218814562111944,2.115402658687098,0.5209040982254476,0.6478281054364253,-0.5696424225592028,0.22851628306051097,0.006457481902234233,-0.05217720657686242,0.005991999473530435,1.0048828125,0.6478281054364253,-0.5696424225592028,0.22851628306051097,0.006457481902234233,-0.05217720657686242,0.005991999473530435,-1.0,0.014806736301042159,-0.2921326357249845,1.1263999683946322,0.07423593623880585,0.2007461124495518,0.9024998346667837,0.0,0.0,0.0,0,0.0638
31,0,0.0,-0.06282535702762133,-0.1665770791036924,1.299616646725901,0.996591292370425,-0.0029760819078519796,0.07868906639389762,0.024596132581775995,0.039618686969183144,-0.03977741636116657,-0.06309288777112068,0.09947739436663725,-0.21614706214764945,-1.852823638280479,0.019327206818626756,2.1153004610805195,0.5067692724163191,0.6502933982412217,-0.5707685212168019,0.20443824080901685,0.00562010130492023,-0.056086900678749246,0.007140070791162023,0.99951171875,0.6502933982412217,-0.5707685212168019,0.20443824080901685,0.00562010130492023,-0.056086900678749246,0.007140070791162023,-1.0,0.014806736301042159,-0.2921326357249845,1.1263999683946322,0.07423593623880585,0.2007461124495518,0.9024998346667837,0.0,0.0,0.0,0,0.0571
32,1,0.7812,-0.05493496401914421,-0.17362876516682796,1.3017527854963513,0.9961831977758018,-0.0027850585990182863,0.08357709972403535,0.02502295585049098,0.03962932640040619,-0.039792653815023886,-0.06651205403708829,0.12350182101143044,-0.22355343949267165,-1.8200033364203976,0.030472553071254137,2.115369224589617,0.4919344004514872,0.2542030209372702,-0.2817365324330542,0.15924911885834514,-0.009323921662529724,0.0012006530177600117,0.0008558909472838327,0.98779296875,0.2542030209372702,-0.2817365324330542,0.15924911885834514,-0.009323921662529724,0.0012006530177600117,0.0008558909472838327,-1.0,0.014806736301042159,-0.2921326357249845,1.1263999683946322,0.07423593623880585,0.2007461124495518,0.9024998346667837,0.0,0.0,0.0,0,0.0605
33,0,0.0,-0.04931487119909553,-0.1795536403656363,1.3034263182906798,0.9961068193676925,-0.002217033415543357,0.08465263759689137,0.02449939019447714,0.039643526360246366,-0.03980322485671043,-0.06980210751487367,0.14408603498913497,-0.22993029299614345,-1.7898091159402312,0.040281821699343724,2.106255401519104,0.4782474730436652,0.4152688175173004,-0.43225838633212277,0.28192160900221386,-3.463324790309308e-05,-0.009038882657765424,-0.0007252248147175955,1.00390625,0.4152688175173004,-0.43225838633212277,0.28192160900221386,-3.463324790309308e-05,-0.009038882657765424,-0.0007252248147175955,-1.0,0.014806736301042159,-0.2921326357249845,1.1263999683946322,0.07423593623880585,0.2007461124495518,0.9024998346667837,0.0,0.0,0.0,0,0.0549
34,0,0.0,-0.044602727564834854,-0.1849816783946051,1.3062020173575761,0.9960669022834416,-0.0018302176661406655,0.08516412014684581,0.02438132724802993,0.03965397145232114,-0.039816491775878524,-0.07305370514618537,0.16201072723649015,-0.2356129909983382,-1.7597899193935687,0.047931763187042356,2.094493331415854,0.46692153176443324,0.5052520048923682,-0.46491524740249424,0.28192160900221386,0.0008550836367430259,-0.01830099480781916,0.0008659617483156856,1.01171875,0.5052520048923682,-0.46491524740249424,0.28192160900221386,0.0008550836367430259,-0.01830099480781916,0.0008659617483156856,-1.0,0.014806736301042159,-0.2921326357249845,1.1263999683946322,0.07423593623880585,0.2007461124495518,0.9024998346667837,0.0,0.0,0.0,0,0.0499
35,0,0.0,-0.038983198220819595,-0.19070316205080154,1.3094413116552661,0.9958622840022722,-0.001748128887135325,0.08736289726539781,0.024959557859999933,0.03966397200285803,-0.0398291857757164,-0.07662461759354049,0.1813181780369587,-0.2411076843143361,-1.7278365427553426,0.05573698303627497,2.0856181475267457,0.45636764787720363,0.5529143324517648,-0.512211391021653,0.24129704482433745,0.0068826135901013386,-0.022193130403260375,0.002588068724763082,1.0107421875,0.5529143324517648,-0.512211391021653,0.24129704482433745,0.0068826135901013386,-0.022193130403260375,0.002588068724763082,-1.0,0.014806736301042159,-0.2921326357249845,1.1263999683946322,0.07423593623880585,0.2007461124495518,0.9024998346667837,0.0,0.0,0.0,0,0.0505
36,0,0.0,-0.032666033071553045,-0.19662562524297042,1.3122142912094494,0.9955820281975756,-0.0017673899713927521,0.090296079165559,0.025688899353935202,0.03967326423667715,-0.03984161510134389,-0.08063567258580434,0.20283507911509654,-0.24648087617729209,-1.6944330554295504,0.06459422871064473,2.078790469533566,0.445699204282123,0.5927698994626395,-0.5448682520920245,0.21904482568196126,0.007662021684524387,-0.03296820052537658,0.004521662522879444,1.0068359375,0.5927698994626395,-0.5448682520920245,0.21904482568196126,0.007662021684524387,-0.03296820052537658,0.004521662522879444,-1.0,0.014806736301042159,-0.2921326357249845,1.1263999683946322,0.07423593623880585,0.2007461124495518,0.9024998346667837,0.0,0.0,0.0,0,0.0513
37,0,0.0,-0.025771639122506927,-0.202863239373624,1.314480254112171,0.9952334263070348,-0.0018055241170761294,0.09385459653907527,0.026428809135270397,0.03968170657072242,-0.03985396269373714,-0.08521597113696833,0.22649495424994295,-0.25189825187902415,-1.6595361319163524,0.0748644862750107,2.073651467895655,0.4343741621550963,0.6494716339729562,-0.563636563052008,0.15285873797643212,0.006186943555409705,-0.034454820737770675,0.005750300248765883,1.005859375,0.6494716339729562,-0.563636563052008,0.15285873797643212,0.006186943555409705,-0.034454820737770675,0.005750300248765883,-1.0,0.014806736301042159,-0.2921326357249845,1.1263999683946322,0.07423593623880585,0.2007461124495518,0.9024998346667837,0.0,0.0,0.0,0,0.0514
38,0,0.0,-0.018308423107992185,-0.20941643596018428,1.3160397706338065,0.9948222153207525,-0.0017529960730751082,0.09789396414125083,0.027248095232299915,0.03968958634894282,-0.03986598119167144,-0.09041030948356754,0.2525641676916883,-0.25727881843153877,-1.6231787081890499,0.08640153426193083,2.0702073724571446,0.42234109870357617,0.6486498697046909,-0.554627773791216,0.07086786898259989,0.002747241717212176,-0.033237430957542446,0.010080744692464005,1.0029296875,0.6486498697046909,-0.554627773791216,0.07086786898259989,0.002747241717212176,-0.033237430957542446,0.010080744692464005,-1.0,0.014806736301042159,-0.2921326357249845,1.1263999683946322,0.07423593623880585,0.2007461124495518,0.9024998346667837,0.0,0.0,0.0,0,0.0493
39,0,0.0,-0.010511867101213122,-0.21611049983108505,1.3165796570768533,0.9944062141007914,-0.0014556232485900544,0.10181459242445379,0.02807047003758772,0.03969737618960202,-0.03987723664017217,-0.09619630018472758,0.280863739057914,-0.2624024250824631,-1.5858201915766748,0.0988122139198169,2.0675379558893185,0.40969613203594996,0.5179893510504828,-0.5448682520920245,-0.04424457235007684,0.004132140397385339,-0.043421364695990144,0.012316462521536065,0.99853515625,0.5179893510504828,-0.5448682520920245,-0.04424457235007684,0.004132140397385339,-0.043421364695990144,0.012316462521536065,-1.0,0.014806736301042159,-0.2921326357249845,1.1263999683946322,0.07423593623880585,0.2007461124495518,0.9024998346667837,0.0,0.0,0.0,0,0.0504
40,1,0.7814,-0.0031466416913528868,-0.22279880394176932,1.3161862321775233,0.9940796868839584,-0.000973106990018624,0.10485519155824166,0.028460815005209333,0.039704930641791834,-0.03988791127691846,-0.10259723235895797,0.30967802825182444,-0.2673161006276822,-1.548905711865484,0.11192013329660329,2.063669089264112,0.39650205591856386,0.26581044122651976,-0.2843640959674519,0.1356275323841305,-0.00996161919433039,0.0002759050116251105,0.001983820662851715,0.98779296875,0.26581044122651976,-0.2843640959674519,0.1356275323841305,-0.00996161919433039,0.0002759050116251105,0.001983820662851715,-1.0,0.014806736301042159,-0.2921326357249845,1.1263999683946322,0.07423593623880585,0.2007461124495518,0.9024998346667837,0.0,0.0,0.0,0,0.0599
41,0,0.0,0.0021342231516342236,-0.22855680300708273,1.3164025099366785,0.9940507918173764,-0.00021633240969470835,0.10530726684568788,0.027809279692669504,0.0397150958491718,-0.03989519580458041,-0.10900776393598086,0.3339871275391402,-0.27153273442829057,-1.5140622102481722,0.12337400932063641,2.0517222591424833,0.38432989523027467,0.4204048441939595,-0.42137276597533224,0.26731502412926944,-8.06251741140851e-06,-0.010349917805703518,-0.0009165700343228556,1.00390625,0.4204048441939595,-0.42137276597533224,0.26731502412926944,-8.06251741140851e-06,-0.010349917805703518,-0.0009165700343228556,-1.0,0.014806736301042159,-0.2921326357249845,1.1263999683946322,0.07423593623880585,0.2007461124495518,0.9024998346667837,0.0,0.0,0.0,0,0.0573
42,0,0.0,0.006815691435122187,-0.2338998315648429,1.318665913720586,0.9939583637103148,0.0002898683080323483,0.10618931394954066,0.027758184191378526,0.03972226610766377,-0.03990472868444742,-0.1154281692657535,0.35541715858467277,-0.2751493695460174,-1.4783091661936305,0.13257806870805447,2.0379141749529412,0.3746290007293929,0.48306436964920063,-0.47992989617048115,0.2848885715545306,0.0011143495524498642,-0.01369920291020163,0.00091631575347495,1.017578125,0.48306436964920063,-0.47992989617048115,0.2848885715545306,0.0011143495524498642,-0.01369920291020163,0.00091631575347495,-1.0,0.014806736301042159,-0.2921326357249845,1.1263999683946322,0.07423593623880585,0.2007461124495518,0.9024998346667837,0.0,0.0,0.0,0,0.0548
43,0,0.0,0.012179050478387562,-0.23957853524219455,1.3215104607698203,0.9936680495248744,0.000411775423515337,0.10866100685533003,0.02857312344874681,0.03972878357157177,-0.039914197593723895,-0.12239971439791741,0.3779556946684834,-0.2784915029731761,-1.4404396018080154,0.14155520523722556,2.0265671217250754,0.36609917049954455,0.5282614044038009,-0.5324811668584353,0.20637817786245471,0.010914923235628787,-0.01263252364363146,0.005589167432256181,1.0224609375,0.5282614044038009,-0.5324811668584353,0.20637817786245471,0.010914923235628787,-0.01263252364363146,0.005589167432256181,-1.0,0.014806736301042159,-0.2921326357249845,1.1263999683946322,0.07423593623880585,0.2007461124495518,0.9024998346667837,0.0,0.0,0.0,0,0.0574
44,0,0.0,0.018040926044321084,-0.24550408791748743,1.3236732505065063,0.9933082876644069,0.00046226612661054434,0.11164595276592963,0.029556948391513287,0.039734993315970676,-0.03992328882870589,-0.13013341586216184,0.4027418935734551,-0.28151503936489736,-1.401079623732952,0.15131954426634375,2.0169248514890774,0.357606850616576,0.558666682329623,-0.5632611968328084,0.1714593109005722,0.010657267667224482,-0.027653825907841822,0.006616389137505507,1.0166015625,0.558666682329623,-0.5632611968328084,0.1714593109005722,0.010657267667224482,-0.027653825907841822,0.006616389137505507,-1.0,0.014806736301042159,-0.2921326357249845,1.1263999683946322,0.07423593623880585,0.2007461124495518,0.9024998346667837,0.0,0.0,0.0,0,0.0599
45,0,0.0,0.024414476007476798,-0.25175093965417544,1.3250534952532622,0.9928642191067153,0.0005312948358468517,0.11527465851925454,0.03053052974774096,0.03974040742895879,-0.039932519450477905,-0.1387844285027356,0.42987706713426627,-0.28428170934484853,-1.3601339741708798,0.1624441573671075,2.0091846664903765,0.34865569031005883,0.5685278535488084,-0.5737714509703993,0.1036185710024049,0.007584725014003091,-0.038423043194476175,0.010080744692464005,1.0146484375,0.5685278535488084,-0.5737714509703993,0.1036185710024049,0.007584725014003091,-0.038423043194476175,0.010080744692464005,-1.0,0.014806736301042159,-0.2921326357249845,1.1263999683946322,0.07423593623880585,0.2007461124495518,0.9024998346667837,0.0,0.0,0.0,0,0.0592
46,0,0.0,0.031131583258399896,-0.258292878436859,1.3257476296321051,0.9923393442019293,0.0007321167736157319,0.1194603868939594,0.03148501099029741,0.03974545182846982,-0.03994149167684078,-0.14836014121078395,0.4589416006235293,-0.286745931794891,-1.317847462487324,0.1747201993127367,2.0029484626634044,0.33913322527439577,0.44320880263832596,-0.5628858306136088,-0.00421999789506966,0.005961494933055936,-0.05360529843443784,0.015780818076494563,1.0087890625,0.44320880263832596,-0.5628858306136088,-0.00421999789506966,0.005961494933055936,-0.05360529843443784,0.015780818076494563,-1.0,0.014806736301042159,-0.2921326357249845,1.1263999683946322,0.07423593623880585,0.2007461124495518,0.9024998346667837,0.0,0.0,0.0,0,0.0636
47,0,0.0,0.03746406745143974,-0.2649633942067419,1.3256728896387644,0.9918644663452474,0.0011763208085254218,0.12321507338370614,0.031961576338774535,0.0397504269033993,-0.039949932096252416,-0.15881907448656107,0.4885095365995247,-0.2889241901158715,-1.2756884275767282,0.187792325807528,1.9960250063570513,0.32881773532275593,0.3577453187387182,-0.5073316301720572,-0.104753491325692,0.0006312453616917901,-0.06327418265048132,0.01654619895491563,1.00390625,0.3577453187387182,-0.5073316301720572,-0.104753491325692,0.0006312453616917901,-0.06327418265048132,0.01654619895491563,-1.0,0.014806736301042159,-0.2921326357249845,1.1263999683946322,0.07423593623880585,0.2007461124495518,0.9024998346667837,0.0,0.0,0.0,0,0.0584
48,1,0.7596,0.0430182092364086,-0.2715733593995756,1.3250072586579906,0.991486345969887,0.001897134431642411,0.12626193554714413,0.031767125587902206,0.039755637453815024,-0.039957562202848476,-0.1699895164696821,0.5172968240050803,-0.2906640455181816,-1.2349470842944885,0.201247083438628,1.9879279765637592,0.31785637391018606,0.2618043404187257,-0.30988899887302956,0.09768464589777115,-0.009510721949622838,-0.0035167323806243878,0.0030110423681010134,0.98486328125,0.2618043404187257,-0.30988899887302956,0.09768464589777115,-0.009510721949622838,-0.0035167323806243878,0.0030110423681010134,-1.0,0.014806736301042159,-0.2921326357249845,1.1263999683946322,0.07423593623880585,0.2007461124495518,0.9024998346667837,0.0,0.0,0.0,0,0.0362
49,0,0.0,0.047163988564992806,-0.2774385658876699,1.3248144348573714,0.9913444485904948,0.002853058165603939,0.12753678165064367,0.03102279217134063,0.03976266959641894,-0.039962821905326316,-0.18110096587492325,0.5430311665883953,-0.29166972382126255,-1.195555696225184,0.21245781623959478,1.9745633933448754,0.3081508746749511,0.41876131565742847,-0.45815865545690015,0.20911691252613185,2.092373403407566e-05,-0.010376255565371917,-0.00178265892306248,1.00390625,0.41876131565742847,-0.45815865545690015,0.20911691252613185,2.092373403407566e-05,-0.010376255565371917,-0.00178265892306248,-1.0,0.014806736301042159,-0.2921326357249845,1.1263999683946322,0.07423593623880585,0.2007461124495518,0.9024998346667837,0.0,0.0,0.0,0,0.035
50,0,0.0,0.05124911039873495,-0.28310360452829214,1.3260681854009486,0.9910606046682342,0.0034115899068580258,0.1296204247088476,0.03139720413090866,0.03976705634668795,-0.039970200576440046,-0.19223235036482014,0.5678480702052532,-0.29208529349750706,-1.154394397435776,0.22123136542947433,1.9616854682479912,0.30118307845399844,0.4877895141917271,-0.4863111218968756,0.2349066639424242,0.0004686002841365611,-0.017414290232316387,0.002708918337145344,1.017578125,0.4877895141917271,-0.4863111218968756,0.2349066639424242,0.0004686002841365611,-0.017414290232316387,0.002708918337145344,-1.0,0.014806736301042159,-0.2921326357249845,1.1263999683946322,0.07423593623880585,0.2007461124495518,0.9024998346667837,0.0,0.0,0.0,0,0.0356
51,0,0.0,0.05616106676866955,-0.2889721787225855,1.3275711543510504,0.990500830844292,0.0036291019700318006,0.133488368154142,0.03279922686895488,0.039771576038162754,-0.039976942135577426,-0.20388588353716572,0.5944872353108338,-0.2918416230923644,-1.1106406349983093,0.22961556205395303,1.952241146715391,0.2957337491367039,0.51531861717862,-0.5234723775976431,0.16757943679369625,0.005439742407037207,-0.030428069926246526,0.010785700764693928,1.017578125,0.51531861717862,-0.5234723775976431,0.16757943679369625,0.005439742407037207,-0.030428069926246526,0.010785700764693928,-1.0,0.014806736301042159,-0.2921326357249845,1.1263999683946322,0.07423593623880585,0.2007461124495518,0.9024998346667837,0.0,0.0,0.0,0,0.0343
52,0,0.0,0.061618590035373524,-0.2948767021023317,1.328510158749352,0.9897860881741105,0.003935825013688499,0.1382779308872938,0.03445609914050927,0.03977583128588436,-0.0399834661053015,-0.21622909152919173,0.623303003830559,-0.29081359783478467,-1.0649283646742107,0.23839068228518362,1.9450331320039118,0.2906143383489732,0.5124424422396908,-0.5523755764760179,0.12353145428622359,0.006715137470638538,-0.05604007799489433,0.015236994820774341,1.0205078125,0.5124424422396908,-0.5523755764760179,0.12353145428622359,0.006715137470638538,-0.05604007799489433,0.015236994820774341,-1.0,0.014806736301042159,-0.2921326357249845,1.1263999683946322,0.07423593623880585,0.2007461124495518,0.9024998346667837,0.0,0.0,0.0,0,0.0507
53,0,0.0,0.0674233964400858,-0.300961116635177,1.328826722208759,0.9889076001314767,0.0043801092725574975,0.14402015080620023,0.03606617815519646,0.03977934808561341,-0.039990266430505225,-0.22950896649733996,0.65401471446928,-0.28909611543569347,-1.0176369951577027,0.24819275031871618,1.9399795974616072,0.2851946467597186,0.49580171580731525,-0.5257245749128412,0.04659012732854595,0.0008518629421379736,-0.06879925934536327,0.024461848565954514,1.021484375,0.49580171580731525,-0.5257245749128412,0.04659012732854595,0.0008518629421379736,-0.06879925934536327,0.024461848565954514,-1.0,0.014806736301042159,-0.2921326357249845,1.1263999683946322,0.07423593623880585,0.2007461124495518,0.9024998346667837,0.0,0.0,0.0,0,0.0377
54,0,0.0,0.07327441006296577,-0.3071253413599233,1.3285092024022347,0.987914204372274,0.005209263890456173,0.15032428036049547,0.03742992256623787,0.03978297582190656,-0.03999651332623233,-0.24366723438381296,0.6860456646891373,-0.2865769830827454,-0.9693784564023326,0.25875392835139827,1.936167981451986,0.2790083594612223,0.3452134136476698,-0.4547803594841031,-0.14155523836885253,-0.0007971326956495994,-0.08106680251535545,0.02873186820346149,1.0078125,0.3452134136476698,-0.4547803594841031,-0.14155523836885253,-0.0007971326956495994,-0.08106680251535545,0.02873186820346149,-1.0,0.014806736301042159,-0.2921326357249845,1.1263999683946322,0.07423593623880585,0.2007461124495518,0.9024998346667837,0.0,0.0,0.0,0,0.0349
55,0,0.0,0.07842957731476373,-0.3130235254594864,1.3271152635860863,0.9870764337896929,0.006496801417046338,0.1555893644623277,0.03781342479302137,0.039787306641037065,-0.04000120632528654,-0.25845942612136596,0.718177899373433,-0.2831262363982579,-0.9219286496458898,0.26940469758359975,1.9304928587292518,0.2721144350398672,0.17557045251761905,-0.37933174942496894,-0.36921255728700875,-0.011449580101865267,-0.08045810762524133,0.030343196368558478,0.98974609375,0.17557045251761905,-0.37933174942496894,-0.36921255728700875,-0.011449580101865267,-0.08045810762524133,0.030343196368558478,-1.0,0.014806736301042159,-0.2921326357249845,1.1263999683946322,0.07423593623880585,0.2007461124495518,0.9024998346667837,0.0,0.0,0.0,0,0.0349
56,1,0.7274,0.08225106775128949,-0.3186178866132204,1.3243821409742005,0.9866215867198127,0.008102711076547253,0.15858185947283696,0.03693216129371946,0.03979164947035974,-0.04000279888305159,-0.27362425188377504,0.7491832869413538,-0.2789013563842624,-0.8771662234375843,0.27912969821380124,1.9211871021816875,0.26470955821569414,0.14341892552173297,-0.24382454429388728,0.15411399136395065,-0.016254856452605645,-0.009542226509205942,0.00046312970704143197,0.99560546875,0.14341892552173297,-0.24382454429388728,0.15411399136395065,-0.016254856452605645,-0.009542226509205942,0.00046312970704143197,-1.0,0.014806736301042159,-0.2921326357249845,1.1263999683946322,0.07423593623880585,0.2007461124495518,0.9024998346667837,0.0,0.0,0.0,0,0.0359
57,0,0.0,0.08451959041699425,-0.32373830454618535,1.3233133107610713,0.9863786638844998,0.009534081238122716,0.16019095727356328,0.0361260285134193,0.039796218541609314,-0.04000332703343611,-0.28847299062145315,0.7763670357569242,-0.2744932058006346,-0.8326381414653945,0.28559701141428323,1.90634821347901,0.2592114732035805,0.35117120459259443,-0.4007276239193503,0.2791828743385367,-0.004227172450031971,-0.012863710645165172,-0.0022056325664004395,1.0068359375,0.35117120459259443,-0.4007276239193503,0.2791828743385367,-0.004227172450031971,-0.012863710645165172,-0.0022056325664004395,-1.0,0.014806736301042159,-0.2921326357249845,1.1263999683946322,0.07423593623880585,0.2007461124495518,0.9024998346667837,0.0,0.0,0.0,0,0.0341
58,0,0.0,0.0868954997461755,-0.32872784132898153,1.3247638490313889,0.985737509086944,0.010155047332084388,0.16380798921797485,0.03722070473691334,0.039799020310936115,-0.04000429544900896,-0.30300454020894535,0.8026626263069141,-0.26965118621857737,-0.7850558589977362,0.2892824645320978,1.8937504522073358,0.2571617110371921,0.39267030014000015,-0.44727303510010963,0.30269034686843166,-0.003352753864759847,-0.015432008015051735,0.00512591058479081,1.01953125,0.39267030014000015,-0.44727303510010963,0.30269034686843166,-0.003352753864759847,-0.015432008015051735,0.00512591058479081,-1.0,0.014806736301042159,-0.2921326357249845,1.1263999683946322,0.07423593623880585,0.2007461124495518,0.9024998346667837,0.0,0.0,0.0,0,0.0344
59,0,0.0,0.09007388728747043,-0.33393618839163186,1.326186758336896,0.9846577280313884,0.010367551496401173,0.16960101655730547,0.03971357056173064,0.03980189991508408,-0.04000470077726462,-0.3177203142343171,0.831133416056267,-0.263825409913281,-0.7352889965073124,0.29178370125304154,1.8864560961173564,0.25665442601572097,0.39041044840227024,-0.5230970113784434,0.2700537587929466,-0.0002987302055175167,-0.0394648479102484,0.011470515234860146,1.015625,0.39041044840227024,-0.5230970113784434,0.2700537587929466,-0.0002987302055175167,-0.0394648479102484,0.011470515234860146,-1.0,0.014806736301042159,-0.2921326357249845,1.1263999683946322,0.07423593623880585,0.2007461124495518,0.9024998346667837,0.0,0.0,0.0,0,0.0356
60,0,0.0,0.09352808487813753,-0.339427748667898,1.327105530003541,0.9832791261082107,0.010546614612227723,0.17669016853450648,0.04279618468206505,0.03980375605516222,-0.04000530999586942,-0.3330026537653934,0.8615211757294693,-0.2570059702137083,-0.684111385956047,0.2938301536397168,1.882747991395118,0.2562660720728598,0.41588514071849947,-0.5523755764760179,0.2832909763340523,-0.0002600818702568758,-0.047846108320281217,0.01145037363279644,1.0126953125,0.41588514071849947,-0.5523755764760179,0.2832909763340523,-0.0002600818702568758,-0.047846108320281217,0.01145037363279644,-1.0,0.014806736301042159,-0.2921326357249845,1.1263999683946322,0.07423593623880585,0.2007461124495518,0.9024998346667837,0.0,0.0,0.0,0,0.0557
61,0,0.0,0.09707608641218113,-0.3453369897506524,1.3275466864837335,0.9815668387802805,0.010701395880015174,0.18513466792776678,0.04622959943997679,0.03980497121828854,-0.04000586407121451,-0.34906219704337316,0.8936249039455134,-0.24910819533599374,-0.6317869833051769,0.29578236694886684,1.8825149411632685,0.2555515763115046,0.41095455510890655,-0.5482465480648215,0.2670867962406298,-0.006834324732823083,-0.05545479444670767,0.013101985002020838,1.013671875,0.41095455510890655,-0.5482465480648215,0.2670867962406298,-0.006834324732823083,-0.05545479444670767,0.013101985002020838,-1.0,0.014806736301042159,-0.2921326357249845,1.1263999683946322,0.07423593623880585,0.2007461124495518,0.9024998346667837,0.0,0.0,0.0,0,0.0347
62,0,0.0,0.10053127945755082,-0.35150469940245743,1.3275121991058216,0.9795601533096859,0.010935740528956794,0.19454705516995915,0.049937550517455805,0.039805986114653955,-0.04000621134236537,-0.3657086827195755,0.9271485232325124,-0.23985471241042794,-0.5785586462390426,0.29696827067181103,1.88491178600533,0.2544954964741734,0.38363089318908006,-0.5835309726695908,0.1694052599028144,-0.0048197802573618775,-0.06711364272658574,0.013162409808211983,1.0068359375,0.38363089318908006,-0.5835309726695908,0.1694052599028144,-0.0048197802573618775,-0.06711364272658574,0.013162409808211983,-1.0,0.014806736301042159,-0.2921326357249845,1.1263999683946322,0.07423593623880585,0.2007461124495518,0.9024998346667837,0.0,0.0,0.0,0,0.0378
63,0,0.0,0.10374356973480306,-0.35795333314112354,1.3266303776921344,0.9773203496010772,0.011126080535316218,0.20453785826799278,0.05371600434406171,0.03980629709988626,-0.04000668452463673,-0.382972988593111,0.9620433379712355,-0.228730679183654,-0.5252445617556845,0.2968450449439148,1.8898180978481758,0.25319316762617533,0.32816180508116155,-0.6124341715479655,0.060768784910290696,-0.00015460412194136242,-0.07334105967929166,0.01056414314199311,1.00390625,0.32816180508116155,-0.6124341715479655,0.060768784910290696,-0.00015460412194136242,-0.07334105967929166,0.01056414314199311,-1.0,0.014806736301042159,-0.2921326357249845,1.1263999683946322,0.07423593623880585,0.2007461124495518,0.9024998346667837,0.0,0.0,0.0,0,0.0359
64,1,0.733,0.10649363312303525,-0.3648451714178164,1.3245073645444347,0.9749384775614116,0.011018106948368078,0.2147191499174545,0.057177381439131626,0.03980585497118942,-0.04000725526979215,-0.4013995982676256,0.9978664042307249,-0.21381416408039466,-0.47315263392390294,0.293860965329497,1.8970711242563165,0.2518383876814329,0.18173368452961003,-0.28699165950184957,0.18195779377800103,-0.018895826028749813,-0.0023227539423236188,0.00017107647711761542,0.99462890625,0.18173368452961003,-0.28699165950184957,0.18195779377800103,-0.018895826028749813,-0.0023227539423236188,0.00017107647711761542,-1.0,0.014806736301042159,-0.2921326357249845,1.1263999683946322,0.07423593623880585,0.2007461124495518,0.9024998346667837,0.0,0.0,0.0,0,0.0465
65,0,0.0,0.10783992318810956,-0.37082167633033664,1.3219268532509136,0.9731453432639194,0.011299678635085408,0.2221054931853206,0.05941050448696966,0.03980947554348194,-0.04000573965834048,-0.41750407583361193,1.0255253016130248,-0.1968683397916432,-0.43411543036080985,0.28700068396926337,1.9023687005148489,0.2492797241561656,0.30628233143859374,-0.41236397671454017,0.29744110542971725,-0.006467165547846931,-0.009858279625226729,0.0013392893968129094,1.005859375,0.30628233143859374,-0.41236397671454017,0.29744110542971725,-0.006467165547846931,-0.009858279625226729,0.0013392893968129094,-1.0,0.014806736301042159,-0.2921326357249845,1.1263999683946322,0.07423593623880585,0.2007461124495518,0.9024998346667837,0.0,0.0,0.0,0,0.0371
66,0,0.0,0.10903477983274813,-0.37584634126608446,1.3208542890956128,0.9711667474229901,0.011667131055226265,0.22974320656634106,0.06258662628233352,0.03981052395637558,-0.040006052449846875,-0.4288054495368885,1.0501680421515864,-0.18961232542929946,-0.39825240663370304,0.28662420391016163,1.9089580345411858,0.24624225703150726,0.36390855075070905,-0.46566597984089364,0.33738098594167454,-0.004212679324309229,-0.0041429857771841105,0.005609309034319887,1.0146484375,0.36390855075070905,-0.46566597984089364,0.33738098594167454,-0.004212679324309229,-0.0041429857771841105,0.005609309034319887,-1.0,0.014806736301042159,-0.2921326357249845,1.1263999683946322,0.07423593623880585,0.2007461124495518,0.9024998346667837,0.0,0.0,0.0,0,0.0367
67,0,0.0,0.1109604164943777,-0.38092723207333795,1.3197064484541827,0.9685474638492767,0.011723712954628318,0.2392650496879302,0.06730973795464176,0.03981097972277565,-0.04000645036623301,-0.4383914230742234,1.0756819818219883,-0.18502574193423385,-0.3635250612797273,0.28755752343257507,1.922189654180283,0.24357555839798695,0.4049967641639821,-0.5137128558984516,0.3492488361509418,-0.0013116386588069573,-0.014524086910927186,0.010805842366757634,1.0185546875,0.4049967641639821,-0.5137128558984516,0.3492488361509418,-0.0013116386588069573,-0.014524086910927186,0.010805842366757634,-1.0,0.014806736301042159,-0.2921326357249845,1.1263999683946322,0.07423593623880585,0.2007461124495518,0.9024998346667837,0.0,0.0,0.0,0,0.0516
68,0,0.0,0.11342959951254142,-0.3861035663813543,1.317924971789069,0.9653990223525373,0.011719782239346666,0.25009280775816745,0.0729449234194058,0.0398108978103274,-0.040006891827745895,-0.44707743959531077,1.1018243521338666,-0.18085982646403434,-0.33101733162009594,0.288592185505502,1.9415287735775402,0.24062180433652633,0.4251299887364858,-0.5463697169688232,0.382570107892346,-0.0005773202888546825,-0.03953508193603081,0.01002031988627286,1.009765625,0.4251299887364858,-0.5463697169688232,0.382570107892346,-0.0005773202888546825,-0.03953508193603081,0.01002031988627286,-1.0,0.014806736301042159,-0.2921326357249845,1.1263999683946322,0.07423593623880585,0.2007461124495518,0.9024998346667837,0.0,0.0,0.0,0,0.036
69,0,0.0,0.11632809592881288,-0.39146091413129536,1.315806196378068,0.9616159172998546,0.011552541840069097,0.26247311899185777,0.07917845779804716,0.039810015451236816,-0.04000747735681985,-0.455323458516399,1.127934992969756,-0.17608884759801158,-0.3012814382326963,0.28967464353874023,1.9670698546136256,0.23724137410672738,0.4448523311748568,-0.5632611968328084,0.37229985290355705,-0.002189680525509774,-0.05618054604645911,0.00883196536451386,1.009765625,0.4448523311748568,-0.5632611968328084,0.37229985290355705,-0.002189680525509774,-0.05618054604645911,0.00883196536451386,-1.0,0.014806736301042159,-0.2921326357249845,1.1263999683946322,0.07423593623880585,0.2007461124495518,0.9024998346667837,0.0,0.0,0.0,0,0.0366
70,0,0.0,0.11953080013096443,-0.3970362188735139,1.3133319790375213,0.9571977964943721,0.011116590004829452,0.2762061222276056,0.08578448494320765,0.03980863388321493,-0.040008013450126244,-0.46321273202378305,1.1535417403570958,-0.17028475253455647,-0.27517149074818054,0.29064713583278207,1.99857916625117,0.23335099070117318,0.4378673348946004,-0.5992963538759769,0.30748313252986637,-0.0014531479280165127,-0.07455844945951992,0.007845026863391946,1.0087890625,0.4378673348946004,-0.5992963538759769,0.30748313252986637,-0.0014531479280165127,-0.07455844945951992,0.007845026863391946,-1.0,0.014806736301042159,-0.2921326357249845,1.1263999683946322,0.07423593623880585,0.2007461124495518,0.9024998346667837,0.0,0.0,0.0,0,0.0365
71,0,0.0,0.12292507450873683,-0.402913793959757,1.3101147177857986,0.952234471604797,0.010362809359864555,0.2908137464040706,0.09257153003019791,0.03980657697365097,-0.040008612701623404,-0.4707561150720253,1.1784040031823901,-0.16332224665522757,-0.25376812470515236,0.2914396085113795,2.0358232150167788,0.22869491439218484,0.42615719407181774,-0.6180646648359606,0.2700537587929466,-0.0006288514025355324,-0.09342799105305749,0.0047432201455802625,1.0107421875,0.42615719407181774,-0.6180646648359606,0.2700537587929466,-0.0006288514025355324,-0.09342799105305749,0.0047432201455802625,-1.0,0.014806736301042159,-0.2921326357249845,1.1263999683946322,0.07423593623880585,0.2007461124495518,0.9024998346667837,0.0,0.0,0.0,0,0.0356
72,1,0.7484,0.12640231182854944,-0.4091096635382312,1.3061709407360655,0.9467477245536842,0.009231481477899983,0.30612024266453697,0.09936761460932755,0.03980403870518705,-0.04000916950480675,-0.4779707668248168,1.2020798928413914,-0.15515385892567476,-0.23761516610741784,0.2923454429801246,2.078442460922794,0.22308858776891444,0.2064379728443404,-0.31889778813382175,0.2021559619226192,-0.015314413627929915,-0.0076898040791952005,5.022686473532545e-05,0.99658203125,0.2064379728443404,-0.31889778813382175,0.2021559619226192,-0.015314413627929915,-0.0076898040791952005,5.022686473532545e-05,-1.0,0.014806736301042159,-0.2921326357249845,1.1263999683946322,0.07423593623880585,0.2007461124495518,0.9024998346667837,0.0,0.0,0.0,0,0.0399
73,0,0.0,0.12856784225538898,-0.4143062036099891,1.3014804491974634,0.9426576403115943,0.008796992347138932,0.3169130000668993,0.10433281591339222,0.03980503284175586,-0.04000795789506952,-0.48438569924492236,1.2222816856192444,-0.14681046002444512,-0.2245391159271286,0.29139152144017205,2.1098123021897415,0.21689688917183095,0.339666504836878,-0.44764840131930933,0.3252849078437674,-0.000845443114725411,-0.016600746100336933,0.0017219798360234573,1.0107421875,0.339666504836878,-0.44764840131930933,0.3252849078437674,-0.000845443114725411,-0.016600746100336933,0.0017219798360234573,-1.0,0.014806736301042159,-0.2921326357249845,1.1263999683946322,0.07423593623880585,0.2007461124495518,0.9024998346667837,0.0,0.0,0.0,0,0.0362
74,0,0.0,0.13041940051871795,-0.4187416270626254,1.2980815581179084,0.9386644346873676,0.0084529952641344,0.32687441322544886,0.10950225523991115,0.03980265948461297,-0.04000880339223457,-0.4895895575285317,1.239353802234838,-0.13855262734036483,-0.21378564415779686,0.2888755162624637,2.1401392143480384,0.2115729648696517,0.3951355929447965,-0.4667920784984926,0.3465101014872647,-0.00264661657260179,-0.015382624715673476,0.0075026196283088376,1.0166015625,0.3951355929447965,-0.4667920784984926,0.3465101014872647,-0.00264661657260179,-0.015382624715673476,0.0075026196283088376,-1.0,0.014806736301042159,-0.2921326357249845,1.1263999683946322,0.07423593623880585,0.2007461124495518,0.9024998346667837,0.0,0.0,0.0,0,0.0504
75,0,0.0,0.13323124846692486,-0.4233374467764394,1.2944649929101273,0.9335678029028492,0.007689932533721022,0.33899573385794685,0.11607719305222841,0.039800597103481695,-0.04000912999595449,-0.49336538313860817,1.254732033169978,-0.129875755641492,-0.21002175959055172,0.2861032215333957,2.181108008115975,0.205838549007335,0.4288279279436803,-0.5054547990760588,0.3350987070552769,-0.0010966572939196118,-0.03927755717482867,0.01044329352961082,1.013671875,0.4288279279436803,-0.5054547990760588,0.3350987070552769,-0.0010966572939196118,-0.03927755717482867,0.01044329352961082,-1.0,0.014806736301042159,-0.2921326357249845,1.1263999683946322,0.07423593623880585,0.2007461124495518,0.9024998346667837,0.0,0.0,0.0,0,0.0363
76,0,0.0,0.1367424345294797,-0.4279056266315397,1.2901122548509503,0.9277117401029645,0.006821351234871542,0.352283082105544,0.12329244301528709,0.03979823560731094,-0.0400094846674511,-0.4958484041059617,1.2678684445815436,-0.12066863913757962,-0.2142037684020053,0.2838652430067548,2.230722029398209,0.19879367606148746,0.44320880263832596,-0.5520002102568182,0.3398914927167118,-0.0014873678081952085,-0.06313371459891651,0.008952814976896123,1.0048828125,0.44320880263832596,-0.5520002102568182,0.3398914927167118,-0.0014873678081952085,-0.06313371459891651,0.008952814976896123,-1.0,0.014806736301042159,-0.2921326357249845,1.1263999683946322,0.07423593623880585,0.2007461124495518,0.9024998346667837,0.0,0.0,0.0,0,0.0372
77,0,0.0,0.1407302488927713,-0.43262752513588437,1.2851787831628259,0.920956523786979,0.005578787065462831,0.36691797615789584,0.13106928397330173,0.0397950879770759,-0.04001006257910129,-0.49741808431477674,1.2783102998746252,-0.11095328302954224,-0.22688477726659076,0.2830444108354318,2.2893813044535225,0.19018702375457344,0.447728506113786,-0.579777310477594,0.2935612313228413,-0.003943751324787234,-0.07605677534287772,0.008026301281965353,1.009765625,0.447728506113786,-0.579777310477594,0.2935612313228413,-0.003943751324787234,-0.07605677534287772,0.008026301281965353,-1.0,0.014806736301042159,-0.2921326357249845,1.1263999683946322,0.07423593623880585,0.2007461124495518,0.9024998346667837,0.0,0.0,0.0,0,0.0378
78,0,0.0,0.1449932937675172,-0.437536153759538,1.2793423405535518,0.9133097373620054,0.003909758315417178,0.3826182908972195,0.13947501891216607,0.03979197880266993,-0.040010399603058605,-0.4981536428639977,1.2858573920253966,-0.10080236440545214,-0.24900834265252422,0.28398240094545824,2.357416054130192,0.1795517200554213,0.4282116047424812,-0.6079297769175694,0.2431228679334554,-0.0010141269946651044,-0.09216377858897433,0.005287043401300512,1.01953125,0.4282116047424812,-0.6079297769175694,0.2431228679334554,-0.0010141269946651044,-0.09216377858897433,0.005287043401300512,-1.0,0.014806736301042159,-0.2921326357249845,1.1263999683946322,0.07423593623880585,0.2007461124495518,0.9024998346667837,0.0,0.0,0.0,0,0.0366
79,0,0.0,0.1493250437241707,-0.44247628341820094,1.272281507125587,0.9047773088034641,0.0017092594061834387,0.3991769569092643,0.14843468927208714,0.039788918083525956,-0.04001061776340625,-0.49804641558131957,1.2904194338767112,-0.09017251925148606,-0.2811807953151973,0.28740393276412535,2.4350435523495393,0.1664759058545189,0.42143204952929125,-0.6113080728903665,0.2280598272832315,0.00020772402112720356,-0.11136107896949643,0.0023060862958710904,1.029296875,0.42143204952929125,-0.6113080728903665,0.2280598272832315,0.00020772402112720356,-0.11136107896949643,0.0023060862958710904,-1.0,0.014806736301042159,-0.2921326357249845,1.1263999683946322,0.07423593623880585,0.2007461124495518,0.9024998346667837,0.0,0.0,0.0,0,0.0359
80,1,0.7365,0.15356662907065055,-0.4470668627016129,1.2639076509198002,0.8951807204664897,-0.001193498313772412,0.41679050364951653,0.15791051052559188,0.03978660757702829,-0.04001046833074222,-0.49684852212547653,1.292098199384223,-0.07882245875974087,-0.3235139862723363,0.2944290406421252,2.5230726647166044,0.15040744995862906,0.2001720202988162,-0.35530831139618996,0.20341121531013795,-0.016757284810994047,-0.01645442521329027,0.0009364573555386557,0.99951171875,0.2001720202988162,-0.35530831139618996,0.20341121531013795,-0.016757284810994047,-0.01645442521329027,0.0009364573555386557,-1.0,0.014806736301042159,-0.2921326357249845,1.1263999683946322,0.07423593623880585,0.2007461124495518,0.9024998346667837,0.0,0.0,0.0,0,0.0382
81,0,0.0,0.15654407361714412,-0.45069994903680505,1.2546551875682392,0.8871987516543923,-0.0031883119268790727,0.43033126575934016,0.16638272578578567,0.03978423704352674,-0.040010499264062055,-0.49521111369590154,1.2888063897402382,-0.06877300711369974,-0.3714344553785672,0.30276224606844165,2.602127103930564,0.13152794970745893,0.3448025315135371,-0.4604108527720982,0.3122759181913013,-0.0032207053859526352,-0.030041782784443333,0.0021650950814251224,1.0146484375,0.3448025315135371,-0.4604108527720982,0.3122759181913013,-0.0032207053859526352,-0.030041782784443333,0.0021650950814251224,-1.0,0.014806736301042159,-0.2921326357249845,1.1263999683946322,0.07423593623880585,0.2007461124495518,0.9024998346667837,0.0,0.0,0.0,0,0.053
82,0,0.0,0.15898188679541148,-0.45270863443490256,1.245629860945621,0.8796906581014645,-0.004736268338694338,0.44230717004128156,0.1746032105698741,0.039783663266495996,-0.04000968964752474,-0.4918717105169132,1.284141797081602,-0.06031247619103297,-0.42027159124299485,0.31356144899634864,2.6790894983929032,0.11166805590191724,0.39123221267053554,-0.4851850232392766,0.31204769030266166,-0.0038809477799886805,-0.045481562785607166,0.0064351147189321,1.0224609375,0.39123221267053554,-0.4851850232392766,0.31204769030266166,-0.0038809477799886805,-0.045481562785607166,0.0064351147189321,-1.0,0.014806736301042159,-0.2921326357249845,1.1263999683946322,0.07423593623880585,0.2007461124495518,0.9024998346667837,0.0,0.0,0.0,0,0.0357
83,0,0.0,0.16211771021578708,-0.45227667555232076,1.232179313341426,0.8698460269664092,-0.0070548444775398456,0.45731853691951707,0.18487258944998292,0.039788911932448774,-0.040006665953782834,-0.4840736178165295,1.2894055754661076,-0.053661834168634126,-0.4670979150752684,0.33198111880538744,2.773236714183423,0.08840026219389466,0.419583079925694,-0.5208448140632455,0.3061137651980279,-0.003351143517457314,-0.07643135681371718,0.00921465580372438,1.017578125,0.419583079925694,-0.5208448140632455,0.3061137651980279,-0.003351143517457314,-0.07643135681371718,0.00921465580372438,-1.0,0.014806736301042159,-0.2921326357249845,1.1263999683946322,0.07423593623880585,0.2007461124495518,0.9024998346667837,0.0,0.0,0.0,0,0.0369
84,0,0.0,0.1664160411450566,-0.44712263877813546,1.2088197351672785,0.8568468261126168,-0.007748388450868726,0.4758908136232404,0.1981953898711047,0.03981023645091221,-0.039993197987015304,-0.4748780439718274,1.33260780257477,-0.03320923161681956,-0.4766887222227748,0.335072646122613,2.881986104388922,0.06680865272907034,0.4273898404742159,-0.5610089995176104,0.32231794529145064,-0.0019012270649446383,-0.09436444473015614,0.0064753979230595116,1.013671875,0.4273898404742159,-0.5610089995176104,0.32231794529145064,-0.0019012270649446383,-0.09436444473015614,0.0064753979230595116,-1.0,0.014806736301042159,-0.2921326357249845,1.1263999683946322,0.07423593623880585,0.2007461124495518,0.9024998346667837,0.0,0.0,0.0,0,0.0512
85,0,0.0,0.16980422915728094,-0.4398731097693392,1.1959427828774425,0.8385684707308634,0.0048049067201356155,0.49483883648077404,0.2278472266187676,0.039613774737651965,-0.04006644656294238,-0.47686035697262624,1.404426218008756,0.011068886564056173,-0.41558462823669895,0.23353726725410015,2.9693499583663447,0.08615099738160907,0.41362528898076933,-0.5737714509703993,0.27256426556798385,-0.0005749047679008829,-0.11117378823407671,0.0028297679495276062,1.0146484375,0.41362528898076933,-0.5737714509703993,0.27256426556798385,-0.0005749047679008829,-0.11117378823407671,0.0028297679495276062,-1.0,0.014716687141136152,-0.2919379592983758,1.1268962842387007,0.07423593623880585,0.2007461124495518,0.9024998346667837,0.0,0.0,0.0,0,0.0602
86,0,0.0,0.1724401547828086,-0.4371176479049847,1.2219724032393384,0.8280137842020612,0.015919477361690193,0.5011049857876689,0.25106480563920514,0.03957039235079855,-0.0400537456639352,-0.4899455455206845,1.3762733539634935,0.05262664409615402,-0.4259735527351394,0.08182542974840033,2.9903432977517825,0.15980146667188164,0.34850047072073165,-0.5895368321767854,0.1923421627111097,0.0021932822451429107,-0.12213029625613078,0.002265803091743679,1.01953125,0.34850047072073165,-0.5895368321767854,0.1923421627111097,0.0021932822451429107,-0.12213029625613078,0.002265803091743679,-1.0,0.01411103863779064,-0.2915158103530629,1.1286440237788042,0.07423593623880585,0.2007461124495518,0.9024998346667837,0.0,0.0,0.0,0,0.0408
87,0,0.0,0.17295760146815636,-0.4373929160170909,1.2397783619235123,0.8325081727724672,0.017740520119484293,0.49182645912318096,0.2544054840589949,0.0395654845407644,-0.04003780224913676,-0.5108853051074883,1.298843695432157,0.09131784987728968,-0.5162644124992916,-0.040969089431759455,2.985771403825513,0.23515868802483508,0.3088503447769232,-0.5966687903415793,0.17362747584264993,0.009053361753907654,-0.14694631869924474,-4.041034455137815e-05,1.025390625,0.3088503447769232,-0.5966687903415793,0.17362747584264993,0.009053361753907654,-0.14694631869924474,-4.041034455137815e-05,-1.0,0.013544474338469574,-0.2943431663139517,1.1276874395620633,0.07423593623880585,0.2007461124495518,0.9024998346667837,0.0,0.0,0.0,0,0.0371
88,1,0.7337,0.17537906159462513,-0.4326986539317409,1.253688523316849,0.8369820164506513,0.009094179813612824,0.49034968224329056,0.2427665321983687,0.03958111230458163,-0.04002066788916378,-0.5127606805174054,1.2798736436127656,0.11322539617191894,-0.5092275235359278,-0.07334561626280608,2.9437056375990927,0.2768695226852113,0.15127704633702144,-0.3545575789577906,0.21642020496260406,-0.020596352780218263,-0.016233480673849804,0.001883112652533131,0.99853515625,0.15127704633702144,-0.3545575789577906,0.21642020496260406,-0.020596352780218263,-0.016233480673849804,0.001883112652533131,-1.0,0.013525485947327718,-0.29440187982129634,1.1263967536437385,0.07423593623880585,0.2007461124495518,0.9024998346667837,0.0,0.0,0.0,0,0.0393
89,0,0.0,0.1778090023802009,-0.4280177732985132,1.2540761996520124,0.8353365779545482,-0.0026052671828559193,0.499238744676074,0.23014493244116394,0.03958687968134498,-0.04001602526546981,-0.4943633569660448,1.3313919270211656,0.09429674906024105,-0.41775055728465843,-0.009676524888041115,2.9103965821190663,0.26875740507733986,0.3088503447769232,-0.44051644315451555,0.2889966735500462,-0.008093616323399139,-0.02844981153337567,0.0020845286731702717,1.0146484375,0.3088503447769232,-0.44051644315451555,0.2889966735500462,-0.008093616323399139,-0.02844981153337567,0.0020845286731702717,-1.0,0.013525367863791563,-0.2944020517732029,1.1263998546474059,0.07423593623880585,0.2007461124495518,0.9024998346667837,0.0,0.0,0.0,0,0.0376
90,0,0.0,0.17541750217403465,-0.43267351993937364,1.2285089122395207,0.8411695565663283,-0.006592204894157738,0.4923456859225768,0.2235755923486878,0.03959296332032447,-0.04001286682590535,-0.4913918907462912,1.3494348151709994,0.06597226060629414,-0.4375137182962007,0.05505943497977474,2.925444728803466,0.23692519437858447,0.36103237581178005,-0.46491524740249424,0.2858014831090896,-0.005368908687523571,-0.04122069855480834,0.006334406708613544,1.0205078125,0.36103237581178005,-0.46491524740249424,0.2858014831090896,-0.005368908687523571,-0.04122069855480834,0.006334406708613544,-1.0,0.013525364049866713,-0.2944020573643095,1.1263999643686253,0.07423593623880585,0.2007461124495518,0.9024998346667837,0.0,0.0,0.0,0,0.0488
91,0,0.0,0.1748060456560297,-0.4318523142825816,1.2008952806159263,0.8475374235379058,0.006349365307061761,0.4781837547393285,0.23017449460425193,0.039607537789499894,-0.04000805184238678,-0.4954809838952223,1.3421275182627066,0.07195254433602011,-0.5057405824600841,0.02061383994782804,2.965077073818359,0.22841545984944694,0.3661684024884392,-0.5058301652952586,0.2899095851046052,-0.0018068204543339877,-0.07839790953562434,0.0075026196283088376,1.0185546875,0.3661684024884392,-0.5058301652952586,0.2899095851046052,-0.0018068204543339877,-0.07839790953562434,0.0075026196283088376,-1.0,0.013745297644604625,-0.29412851661150163,1.1268342273407066,0.07423593623880585,0.2007461124495518,0.9024998346667837,0.0,0.0,0.0,0,0.0611
92,0,0.0,0.17816037899451537,-0.42666614264764324,1.2149706828447828,0.8424346964018514,0.010305335804527915,0.484370860080232,0.23575931001216485,0.03954672236592632,-0.04002458699793334,-0.49110434070507397,1.366149313768268,0.08225776390477413,-0.43626601984459285,-0.016710767362835242,2.9383088752171704,0.25093364380443817,0.32877812828236064,-0.5238477438168428,0.2935612313228413,-0.00028906812170235996,-0.10059186168286208,0.0046022289311342945,1.013671875,0.32877812828236064,-0.5238477438168428,0.2935612313228413,-0.00028906812170235996,-0.10059186168286208,0.0046022289311342945,-1.0,0.014218898653804771,-0.2939400450457115,1.1267687496129501,0.07423593623880585,0.2007461124495518,0.9024998346667837,0.0,0.0,0.0,0,0.0452
93,0,0.0,0.1741015989782358,-0.4345987132575682,1.2151587391074166,0.8472712592738071,0.000736756190212795,0.47971302670966487,0.22804885968569222,0.03953801284377039,-0.04002196368608986,-0.49913450243731683,1.3535736760482497,0.07681470937370098,-0.4497548175689041,0.012858085345904359,2.919634645116277,0.2442574493287554,0.28543006313135766,-0.531730434420036,0.2483721093721698,0.0013236947017783718,-0.11136107896949643,0.0014399974071314658,1.005859375,0.28543006313135766,-0.531730434420036,0.2483721093721698,0.0013236947017783718,-0.11136107896949643,0.0014399974071314658,-1.0,0.015512847659776736,-0.2949572544307692,1.1279318687193052,0.07423593623880585,0.2007461124495518,0.9024998346667837,0.0,0.0,0.0,0,0.0487
94,0,0.0,0.17480482748160642,-0.43202946975046225,1.2024043541508316,0.8520368486956039,0.0038617048794293285,0.4738707094802005,0.22240693873397738,0.039638226380684566,-0.039983397508819116,-0.5000240729779498,1.3401776300166985,0.08604524447095031,-0.49670054891038357,0.016483936962406118,2.9364957984806637,0.23057249797977067,0.2449581729192838,-0.5501233791608199,0.1792190591143239,0.003459015224929085,-0.11267211411743452,-0.0002418263651884911,1.00390625,0.2449581729192838,-0.5501233791608199,0.1792190591143239,0.003459015224929085,-0.11267211411743452,-0.0002418263651884911,-1.0,0.015424628136861114,-0.2949698129670245,1.1268376134418074,0.07423593623880585,0.2007461124495518,0.9024998346667837,0.0,0.0,0.0,0,0.0546
95,0,0.0,0.17673629414439604,-0.429182790141869,1.2123784626710228,0.8420565732811046,0.009603197253313656,0.48526618114249803,0.23529819258968615,0.03960989496097674,-0.040019761025374176,-0.49543278572187166,1.373036747416531,0.08932105652718071,-0.4318933165499168,-0.014346719786258752,2.9427593288186866,0.24156141925887467,0.2029454747042122,-0.5321058006392356,0.1631289929652211,0.006702254692218329,-0.12915369883437058,-0.0037061819201469892,1.0029296875,0.2029454747042122,-0.5321058006392356,0.1631289929652211,0.006702254692218329,-0.12915369883437058,-0.0037061819201469892,-1.0,0.015601851301276927,-0.29486758973474075,1.1265058659953164,0.07423593623880585,0.2007461124495518,0.9024998346667837,0.0,0.0,0.0,0,0.051
96,1,0.7347,0.1735289098156672,-0.4357716603996232,1.2150307434204592,0.844313426907723,0.0027036257007222453,0.4828738590511466,0.23229370158585916,0.03959991594408077,-0.04002194117533782,-0.5054436642998685,1.3542760213842533,0.09221618226161145,-0.455137552967287,-0.009487288534437444,2.93651192806359,0.2461855673080577,0.12487786921899358,-0.30726143533863187,0.2281739412275514,-0.023353267362144367,-0.018608268670617156,0.0016011302236411673,0.9921875,0.12487786921899358,-0.30726143533863187,0.2281739412275514,-0.023353267362144367,-0.018608268670617156,0.0016011302236411673,-1.0,0.016012629400000672,-0.2955036720094771,1.1278768470176308,0.07423593623880585,0.2007461124495518,0.9024998346667837,0.0,0.0,0.0,0,0.0492
97,0,0.0,0.17094531939304985,-0.439784143911264,1.207308250411176,0.8486701390876481,-0.0028846809194878476,0.48035097289900613,0.22139019055035333,0.03963765254561978,-0.040003733119058575,-0.5126146852325202,1.3321817778158072,0.09932875289911598,-0.50635663779599,0.03109359885326819,2.9494690288295757,0.21652972325175038,0.28173212392416314,-0.41987130109853354,0.3195792106277735,-0.007253015031480084,-0.02654178716628719,0.0015809886215774616,1.0078125,0.28173212392416314,-0.41987130109853354,0.3195792106277735,-0.007253015031480084,-0.02654178716628719,0.0015809886215774616,-1.0,0.016403537353237692,-0.29600681388590105,1.1277662157853965,0.07423593623880585,0.2007461124495518,0.9024998346667837,0.0,0.0,0.0,0,0.05
98,0,0.0,0.17283658203893437,-0.43662514748812914,1.2104651162198312,0.8420273568563182,0.008194811307257799,0.48628652589750593,0.23334135960805263,0.039609855279836,-0.040011881358394286,-0.5066689038256674,1.3726488809151818,0.10339474490428008,-0.43742707646357065,0.005432615412540065,2.946413498116868,0.20949307641380197,0.31542445892304694,-0.44764840131930933,0.3341857955007179,-0.004655524832504143,-0.04367888945719228,0.003675715236203525,1.013671875,0.31542445892304694,-0.44764840131930933,0.3341857955007179,-0.004655524832504143,-0.04367888945719228,0.003675715236203525,-1.0,0.016362733325047597,-0.2960084710939768,1.126731069014156,0.07423593623880927,0.2007461124495381,0.9024998346673317,0.0,0.0,0.0,0,0.051
99,0,0.0,0.17224085728210956,-0.437870240628824,1.2129495526821648,0.8453794048664137,0.010593221844977907,0.4787963453696522,0.23659143082393116,0.03959990659745654,-0.040016227384707545,-0.5100379222789314,1.367934206672966,0.10348084079228637,-0.43337429045299763,-0.024474866713130386,2.9239577627853266,0.2290275828188747,0.327340040812896,-0.4791791637320818,0.34742301304182366,-0.0015669793529638903,-0.06968889033860698,0.0030513255722284527,1.009765625,0.327340040812896,-0.4791791637320818,0.34742301304182366,-0.0015669793529638903,-0.06968889033860698,0.0030513255722284527,-1.0,0.016328018225932394,-0.29651347685948126,1.128196222539805,0.07423593623881018,0.2007461124495343,0.9024998346669444,0.0,0.0,0.0,0,0.0459
100,0,0.0,0.17086867524804006,-0.4395973672365274,1.2042554543459374,0.8523788477107241,0.0027818525764549684,0.4730678161630198,0.22282145898079647,0.039640386002885324,-0.040000457311613245,-0.5146837213492634,1.3330855190106485,0.10316865159772032,-0.5050841751391987,0.011909697076902481,2.9345168310894776,0.2177795503903212,0.3065904930391933,-0.4896894178696726,0.33738098594167454,-0.0008687931506120572,-0.08982264439622772,0.0007451121359333956,1.0078125,0.3065904930391933,-0.4896894178696726,0.33738098594167454,-0.0008687931506120572,-0.08982264439622772,0.0007451121359333956,-1.0,0.016459687387843695,-0.29699074834179934,1.1275190392032992,0.07423593623879916,0.2007461124495786,0.9024998346656459,0.0,0.0,0.0,0,0.0513
101,0,0.0,0.17281515762858723,-0.4365520321302594,1.207173070388745,0.8449142073350153,0.0058576247371255885,0.4835638890915745,0.22858616677855198,0.039623026710993124,-0.04001303656478673,-0.5058995286454033,1.3639090925101292,0.09869369415745025,-0.45570646417675387,0.021194314502599388,2.946523460412952,0.20601185569715258,0.27680153831457044,-0.5020765031032618,0.2965281938751583,-0.00010548852921428431,-0.10607011569388912,-0.0012992604735333757,1.0,0.27680153831457044,-0.5020765031032618,0.2965281938751583,-0.00010548852921428431,-0.10607011569388912,-0.0012992604735333757,-1.0,0.016523158044640534,-0.29693933539270395,1.1267077297065562,0.07423593623879754,0.20074611244958512,0.9024998346664729,0.0,0.0,0.0,0,0.0532
102,0,0.0,0.171996180061244,-0.438227275343537,1.2155086422744859,0.8406692365621289,0.010763099250135244,0.48467021145876826,0.24135901996215237,0.039607880847419126,-0.04001776945565727,-0.5071913450995251,1.3785279958297258,0.0962695124045069,-0.41668656302275,-0.017091990416908842,2.936196410957128,0.22568052072227135,0.2457799371875492,-0.5313550682008362,0.26320692213375385,0.0025797655977493755,-0.11065873871167245,-0.0028501638324392176,0.9990234375,0.2457799371875492,-0.5313550682008362,0.26320692213375385,0.0025797655977493755,-0.11065873871167245,-0.0028501638324392176,-1.0,0.016516586374775252,-0.2969462860820811,1.1276837863662188,0.07423593623879708,0.20074611244958684,0.9024998346666997,0.0,0.0,0.0,0,0.0481
103,0,0.0,0.16877111771414477,-0.4442834571689359,1.2102805767001261,0.8491795094849327,0.0020269695979246993,0.47569192194372467,0.2293626984988245,0.03962704227721254,-0.040007221622120795,-0.5196248873324759,1.3349727317001745,0.1015556230263862,-0.4931232009393082,0.0024180391001847926,2.9361297832251765,0.22292246685258846,0.2574900780103321,-0.5129621234600523,0.26936907512702724,0.006798875530369938,-0.12999650714375938,-0.008520024813374216,0.9970703125,0.2574900780103321,-0.5129621234600523,0.26936907512702724,0.006798875530369938,-0.12999650714375938,-0.008520024813374216,-1.0,0.016444283293442507,-0.2994122911456367,1.1285128992246851,0.07423593623879703,0.20074611244958732,0.9024998346667616,0.0,0.0,0.0,0,0.0447
104,1,0.7314,0.16907481075349495,-0.4430053825924666,1.2038885968508923,0.8486118460931984,-0.0005231949582459317,0.4799406178600334,0.22251890765833324,0.03963781554982945,-0.04000704772183605,-0.5182757210186361,1.3376406003514336,0.10737920044623629,-0.5049480657285296,0.035533372722915395,2.953983017559225,0.1976727783726644,0.08742981471280264,-0.28699165950184957,0.20831811491589258,-0.02449983464154354,-0.016091549413414563,0.0027492015412727555,0.98779296875,0.08742981471280264,-0.28699165950184957,0.20831811491589258,-0.02449983464154354,-0.016091549413414563,0.0027492015412727555,-1.0,0.01653640479279452,-0.29949586264120015,1.1271224303996519,0.07423593623879703,0.20074611244958732,0.9024998346667785,0.0,0.0,0.0,0,0.0518
105,0,0.0,0.16883121136082857,-0.44401588737550063,1.2122036084669239,0.8403491642729459,0.006743793726655123,0.4875474183293281,0.23678116105877062,0.03961228042328798,-0.04001826807210656,-0.5155925026848227,1.382101586527746,0.1085959346771799,-0.41894580940706355,0.01006702290925398,2.9429516850086603,0.19701797080879035,0.25944176814746245,-0.41311470915293946,0.3127323739685808,-0.007265897809900293,-0.02296570468686676,0.0020845286731702717,1.0048828125,0.25944176814746245,-0.41311470915293946,0.3127323739685808,-0.007265897809900293,-0.02296570468686676,0.0020845286731702717,-1.0,0.016507292472204883,-0.2994508831836304,1.1275133350584226,0.07423593623879703,0.20074611244958732,0.902499834666783,0.0,0.0,0.0,0,0.0504
106,0,0.0,0.16649473666973585,-0.4486164251498338,1.2129843408552314,0.845522547861574,0.007249318079296296,0.47902373469182996,0.2357442046942987,0.03961028053588091,-0.04001754152542814,-0.5259165468980442,1.3677206534324367,0.11801156136010174,-0.43357804186030485,-0.009247125320883624,2.9219794658874667,0.2021067254944917,0.30155718689606725,-0.43826424583931756,0.3330446560575191,-0.004454231419688273,-0.040775883058186496,0.004320246502242331,1.009765625,0.30155718689606725,-0.43826424583931756,0.3330446560575191,-0.004454231419688273,-0.040775883058186496,0.004320246502242331,-1.0,0.016671990483362438,-0.2998667744137932,1.12885409456029,0.07423593623879703,0.20074611244958732,0.9024998346667837,0.0,0.0,0.0,0,0.0473
107,0,0.0,0.16499890630962621,-0.4502038598433904,1.2025276993991558,0.8529582409303831,0.004941999936052099,0.47125263085688074,0.22440760632395176,0.039664844455326156,-0.03999167583065325,-0.5369139263039437,1.3307985922169285,0.13292758430683888,-0.5137086864757446,0.0028216802850274097,2.936255733084392,0.18803756976914562,0.3059741698379942,-0.4615369514296972,0.34011972060535145,-0.001963628022917552,-0.06753504688128012,0.004018122471286634,1.0068359375,0.3059741698379942,-0.4615369514296972,0.34011972060535145,-0.001963628022917552,-0.06753504688128012,0.004018122471286634,-1.0,0.016708553454304755,-0.2998956655717857,1.1284164953702287,0.07423593623879703,0.20074611244958732,0.9024998346667837,0.0,0.0,0.0,0,0.0496
108,0,0.0,0.1669476387723512,-0.44733211451320193,1.2043493980321545,0.8454450686854236,0.00643983509255891,0.4828541667120287,0.22810747039128532,0.03964540356054542,-0.04001469999439141,-0.5302432632813017,1.362449880627508,0.1396190800617433,-0.465684494669409,0.009530655708144896,2.9502328462938943,0.17449512759197114,0.30145446636253415,-0.47842843129368245,0.33966326482807196,-0.0010805538208943366,-0.08809020509359525,0.00141985580506776,1.00390625,0.30145446636253415,-0.47842843129368245,0.33966326482807196,-0.0010805538208943366,-0.08809020509359525,0.00141985580506776,-1.0,0.016768856314540368,-0.29984442453534105,1.1270007266780588,0.07423593623879703,0.20074611244958732,0.9024998346667837,0.0,0.0,0.0,0,0.0499
109,0,0.0,0.16512360816540153,-0.45072676618223273,1.2126762590113722,0.8403006856822668,0.00922201690674207,0.48665498557777914,0.23869779441455669,0.039618455645645756,-0.040020800683848334,-0.5310352600056706,1.3863481215635671,0.1388233043396542,-0.411253333882232,-0.00919373067041365,2.9369657478309823,0.1789963738640215,0.2856355041984241,-0.49869820713046475,0.31113477874810247,-0.00035428718745469934,-0.10349486808186786,-0.0012891896725015228,0.99853515625,0.2856355041984241,-0.49869820713046475,0.31113477874810247,-0.00035428718745469934,-0.10349486808186786,-0.0012891896725015228,-1.0,0.016812739575356957,-0.29992045190595673,1.1282349279328878,0.07423593623879703,0.20074611244958732,0.9024998346667837,0.0,0.0,0.0,0,0.0674
110,0,0.0,0.16054435859072075,-0.4591532829617919,1.2072386829608075,0.8489788542356951,0.004604613706664318,0.4758113685540996,0.2298200255589846,0.03964078455457222,-0.04000370008836253,-0.5485122102111892,1.3472127693041056,0.14566967354315946,-0.47990370289654766,0.0050446341919844805,2.9316049061518195,0.16713595542767928,0.2605716940163275,-0.5309797019816366,0.2962999659865184,0.0010595977441639481,-0.10855171793820051,-0.0023365529798145546,0.998046875,0.2605716940163275,-0.5309797019816366,0.2962999659865184,0.0010595977441639481,-0.10855171793820051,-0.0023365529798145546,-1.0,0.016893020236816905,-0.30018834919940524,1.1298516297779644,0.07423593623879703,0.20074611244958732,0.9024998346667837,0.0,0.0,0.0,0,0.0616
111,0,0.0,0.16047729336801658,-0.45813316691100603,1.1989813674263612,0.8507285512173107,0.005268176069528174,0.47620901893735235,0.2223918810283311,0.039670467745316566,-0.03999594364039715,-0.5558372150299526,1.3394730718514325,0.16966270745411202,-0.5123081010876305,0.013525185386411561,2.9489698958649306,0.14365467607264137,0.2870735916678887,-0.5099591937064549,0.309765411416264,0.005684515197021303,-0.1272807914801733,-0.00698926305653208,0.9951171875,0.2870735916678887,-0.5099591937064549,0.309765411416264,0.005684515197021303,-0.1272807914801733,-0.00698926305653208,-1.0,0.016954565454103003,-0.3001623431111012,1.1291560521817987,0.07423593623879703,0.20074611244958732,0.9024998346667837,0.0,0.0,0.0,0,0.0485
112,1,0.7382,0.16158457453120562,-0.456985111749418,1.2066762922160768,0.8409755986962256,0.009286210122267435,0.48872614834592387,0.23199258742909548,0.039626712656632306,-0.04001676336543858,-0.5504152620272152,1.3867272378177187,0.18727290538740635,-0.42619334497430805,-0.007562536537305282,2.946049334159647,0.1367157742671911,0.08887432221561309,-0.28849312437864827,0.20147127825670008,-0.022052106741702604,-0.014265098940854593,0.004300104900178597,0.9912109375,0.08887432221561309,-0.28849312437864827,0.20147127825670008,-0.022052106741702604,-0.014265098940854593,0.004300104900178597,-1.0,0.016905080359165884,-0.29999940722396473,1.1284327389127449,0.07423593623879703,0.20074611244958732,0.9024998346667837,0.0,0.0,0.0,0,0.0504
113,0,0.0,0.1585156031625427,-0.46239503762678613,1.2070543936830995,0.844087274230037,0.008715893448075052,0.4838499182874789,0.23093281113238742,0.039622150581792116,-0.040016217833695,-0.5592025388067795,1.3856612888829802,0.19459264477559737,-0.42127243204516235,-0.013064535360036206,2.9257936095941908,0.13300416883794,0.2562574316079339,-0.41236397671454017,0.3216332616255313,-0.005568591753036908,-0.023369550335115535,0.0026283519288904933,1.0068359375,0.2562574316079339,-0.41236397671454017,0.3216332616255313,-0.005568591753036908,-0.023369550335115535,0.0026283519288904933,-1.0,0.01688807316408167,-0.3002299085303693,1.1306594300985262,0.07423593623879703,0.20074611244958732,0.9024998346667837,0.0,0.0,0.0,0,0.0477
114,0,0.0,0.1558246666695951,-0.4661900618297136,1.1967153930814982,0.8521022129749013,0.006900898081317719,0.4752508441833402,0.21911374067358008,0.03966347597072399,-0.03999662947274351,-0.5763897841143124,1.3439714337365798,0.20675963722360824,-0.5088520917802215,0.009262489898021966,2.938270232378964,0.11007554885292249,0.3017626279631337,-0.4412671755929149,0.3444560504895069,-0.002790742656177944,-0.04239126565118165,0.0047432201455802625,1.0126953125,0.3017626279631337,-0.4412671755929149,0.3444560504895069,-0.002790742656177944,-0.04239126565118165,0.0047432201455802625,-1.0,0.016887041727786815,-0.3003946105091904,1.1315659591417226,0.07423593623879703,0.20074611244958732,0.9024998346667837,0.0,0.0,0.0,0,0.0483
115,0,0.0,0.15617322894527555,-0.4657500089940536,1.1954443142143534,0.8467404372833657,0.008215028165781957,0.4842716002906409,0.2201003460545914,0.03965357446962673,-0.04001189696387897,-0.5770736309596443,1.364341874620393,0.22805248199965997,-0.48586424917954707,0.016628283304159597,2.9553751212733212,0.083275061067529,0.30843946264279054,-0.4574079230185008,0.35084643137142013,-0.0010950469466170926,-0.06725411077815052,0.0050050609724085204,1.009765625,0.30843946264279054,-0.4574079230185008,0.35084643137142013,-0.0010950469466170926,-0.06725411077815052,0.0050050609724085204,-1.0,0.01703243039962542,-0.30032683939770644,1.1305076848739748,0.07423593623879703,0.20074611244958732,0.9024998346667837,0.0,0.0,0.0,0,0.0492
116,0,0.0,0.1544562803797579,-0.4690181505298201,1.2037270938550884,0.8405008760652546,0.013064660585072274,0.4898438481373602,0.23117222242154747,0.03961596237101213,-0.04002010984969849,-0.5759326697533536,1.401019207771866,0.24295537612945248,-0.41024143774460703,-0.011261907040179656,2.9378209067244416,0.07795225968025284,0.2940585879481451,-0.46979500825209,0.3517593429259791,-0.0008828836895091591,-0.08556178016542892,0.0022255198876162396,1.005859375,0.2940585879481451,-0.46979500825209,0.3517593429259791,-0.0008828836895091591,-0.08556178016542892,0.0022255198876162396,-1.0,0.016909698515323597,-0.3003720417035135,1.1315437078807395,0.07423593623879703,0.20074611244958732,0.9024998346667837,0.0,0.0,0.0,0,0.0469
117,0,0.0,0.1488077901404954,-0.47873183889905063,1.1981947360113196,0.8484833857106326,0.010487254107457211,0.4794203394419856,0.2238796547336049,0.039613866699108234,-0.04001800463250142,-0.596635233930554,1.3738271721575834,0.24738681629064868,-0.4589593931804846,0.0038171235186650228,2.9250720349009267,0.0620582398852446,0.2766988177810371,-0.49757210847286576,0.32711073095288534,-0.0004557390675138939,-0.10082597510213674,-0.0006043752023353055,0.998046875,0.2766988177810371,-0.49757210847286576,0.32711073095288534,-0.0004557390675138939,-0.10082597510213674,-0.0006043752023353055,-1.0,0.01669561920952149,-0.3007932746245805,1.1340654536746708,0.07423593623879703,0.20074611244958732,0.9024998346667837,0.0,0.0,0.0,0,0.0485
118,0,0.0,0.1460764572049672,-0.4815073044992283,1.1858263627809298,0.8527278780951956,0.010935686361324859,0.4763980814568628,0.21396365267795095,0.03966790508717649,-0.039993452221481846,-0.6164097685302642,1.3572284508651267,0.28013215690835086,-0.5150539690169327,0.014129894945092328,2.942933899966536,0.027975725523302717,0.2556411084067348,-0.5369855614888314,0.3081678161957857,0.0017842540303010662,-0.10841124988663572,-0.0024775441942605503,0.99560546875,0.2556411084067348,-0.5369855614888314,0.3081678161957857,0.0017842540303010662,-0.10841124988663572,-0.0024775441942605503,-1.0,0.016463622326259905,-0.3010681206875334,1.1352418066857326,0.07423593623879703,0.20074611244958732,0.9024998346667837,0.0,0.0,0.0,0,0.051
119,0,0.0,0.14497101796561399,-0.48425322731357906,1.1903948786599508,0.8421077158624317,0.011645825181581804,0.49228954681770315,0.21993174335419932,0.0396367134810143,-0.04001588620475465,-0.6188880966196587,1.4054284989370445,0.33291253071539306,-0.4389367329458482,-0.007068225639480196,2.9495272840118667,-0.0033316984606408685,0.2900524871403508,-0.5238477438168428,0.3232308568460096,0.008293277827114934,-0.12643798317078453,-0.007019475459627639,0.99365234375,0.2900524871403508,-0.5238477438168428,0.3232308568460096,0.008293277827114934,-0.12643798317078453,-0.007019475459627639,-1.0,0.016498906104905103,-0.30107023120716764,1.1352789442123188,0.07423593623879703,0.20074611244958732,0.9024998346667837,0.0,0.0,0.0,0,0.0549
120,1,0.8254,0.13872821772246305,-0.49397104606921505,1.1878865128837508,0.8428774433127125,0.009636167309924448,0.49235400717578326,0.21691540160197992,0.0396266031363321,-0.040017952046846265,-0.6342866937665489,1.416922833890691,0.35846329661801113,-0.42283681330148554,0.003430855066133077,2.9330276652762484,-0.03605839457846694,0.07121923051459733,-0.2631559045826704,0.18618000971783633,-0.021717154502777003,-0.008011710030697866,0.007119929189098317,0.98681640625,0.07121923051459733,-0.2631559045826704,0.18618000971783633,-0.021717154502777003,-0.008011710030697866,0.007119929189098317,-1.0,0.016150048018686303,-0.301917554846291,1.1378346267213302,0.07423593623879703,0.20074611244958732,0.9024998346667837,0.0,0.0,0.0,0,0.0775
121,0,0.0,0.13206903550052118,-0.5024403910861407,1.1710237897541937,0.8520148995233493,0.013252515991733771,0.4812727202782106,0.20560046334119966,0.03966634963907977,-0.039998549639077376,-0.6693215600248865,1.387764204837627,0.3842606934348562,-0.5058001454265398,0.022863101873587165,2.939574082000602,-0.08444373184737537,0.25707919587619943,-0.3950971306313552,0.32186148951417115,-0.005996944135509066,-0.01709238428081372,0.0025477855206356426,1.00390625,0.25707919587619943,-0.3950971306313552,0.32186148951417115,-0.005996944135509066,-0.01709238428081372,0.0025477855206356426,-1.0,0.015666179747943244,-0.30324035384467446,1.1405647647149948,0.07423593623879703,0.20074611244958732,0.9024998346667837,0.0,0.0,0.0,0,0.0857
122,0,0.0,0.12957408566843592,-0.5055433354575806,1.1641402602815876,0.8471237965636155,0.016182242081445697,0.4897939135281819,0.20547829716933805,0.03965782163903768,-0.0400113751861316,-0.6826583385284841,1.4182623009037512,0.4470193065935375,-0.4830159314755316,0.008798093426579253,2.9539102524904446,-0.13421431280595542,0.3038170386337974,-0.4266278930441277,0.3565521285874138,-0.006431737907191343,-0.03599996930498345,0.005186335390981955,1.0068359375,0.3038170386337974,-0.4266278930441277,0.3565521285874138,-0.006431737907191343,-0.03599996930498345,0.005186335390981955,-1.0,0.015588778370232809,-0.3039082052185272,1.1412259974207655,0.07423593623879703,0.20074611244958732,0.9024998346667837,0.0,0.0,0.0,0,0.0878
123,0,0.0,0.12362768623458412,-0.5140587703035192,1.162853343486506,0.8415708525012673,0.016014931469123805,0.49812739969418174,0.20825733087755022,0.03961687788631572,-0.04001890518895425,-0.6885952856413932,1.4643064344151986,0.5052855854839323,-0.41311558108907853,-0.006391876212052623,2.937543523788755,-0.1799682282558265,0.3139863714535823,-0.4333844849897218,0.37481035967859433,-0.003663550894147549,-0.057983219374873995,0.004723078543516557,1.0029296875,0.3139863714535823,-0.4333844849897218,0.37481035967859433,-0.003663550894147549,-0.057983219374873995,0.004723078543516557,-1.0,0.014864593418323148,-0.3047182204849595,1.1436580365290532,0.07423593623879703,0.20074611244958732,0.9024998346667837,0.0,0.0,0.0,0,0.0763
124,0,0.0,0.11889826180503278,-0.5205252611914855,1.1557807405673435,0.8456725389429222,0.01611588638839212,0.4958075016001365,0.19685821405462806,0.03963349671216057,-0.04000855319054102,-0.716193873407913,1.4409334176133437,0.522401227617603,-0.4684813772319204,0.02910795925335807,2.9372364706575387,-0.2233730798525258,0.327340040812896,-0.45402962704570377,0.4067622640881601,-0.0016105342151619129,-0.0770400517038313,0.0026082103268267876,0.9990234375,0.327340040812896,-0.45402962704570377,0.4067622640881601,-0.0016105342151619129,-0.0770400517038313,0.0026082103268267876,-1.0,0.01633344174336107,-0.30527195611443103,1.150044779121435,0.07423593623879703,0.20074611244958732,0.9024998346667837,0.0,0.0,0.0,0,0.0595
125,0,0.0,0.12042000272220078,-0.5181842146514716,1.1572836707442113,0.8415601048598278,0.021804415715452996,0.5011673436978978,0.20033085377548615,0.03964762589783555,-0.04001359100879378,-0.7364337631294394,1.430391611410403,0.5724936976616848,-0.5107169337596144,-0.013539203675854039,2.971542523162645,-0.23654934936551933,0.3137809303865161,-0.48405892458167754,0.3791466895627498,-0.0007842499172293904,-0.0943176220463012,-0.0006950124116220091,0.9931640625,0.3137809303865161,-0.48405892458167754,0.3791466895627498,-0.0007842499172293904,-0.0943176220463012,-0.0006950124116220091,-1.0,0.01937761327762014,-0.30406160522951553,1.1459132821493565,0.07423593623879703,0.20074611244958732,0.9024998346667837,0.0,0.0,0.0,0,0.0794
126,0,0.0,0.11693400076422542,-0.5235151067292028,1.1578308115337186,0.8330135605785508,0.010933546771518532,0.5157948121408157,0.19981135407143208,0.03955980167275376,-0.04002775689255749,-0.7316071474172016,1.4778686648722592,0.6346671056209859,-0.4383147140205289,-0.02289068727535852,2.967060727923122,-0.26589780659251755,0.3123428429170515,-0.5204694478440457,0.3615731421374886,-0.0002471990918366529,-0.11108014286636685,-0.002568181403547254,0.99365234375,0.3123428429170515,-0.5204694478440457,0.3615731421374886,-0.0002471990918366529,-0.11108014286636685,-0.002568181403547254,-1.0,0.020995081893428028,-0.3022516422975904,1.148225026149503,0.07423593623879703,0.20074611244958732,0.9024998346667837,0.0,0.0,0.0,0,0.0649
127,0,0.0,0.1145546806528669,-0.5266792193000138,1.1549660047319887,0.8327885771081233,0.004322677465700309,0.5216208922069128,0.18535410734865715,0.039597249104960514,-0.04000425310091239,-0.7391230255454632,1.4741411396706066,0.6458367210634244,-0.44510371117147085,0.04159338689885172,2.9534358994061707,-0.31279135956152965,0.3080285805086579,-0.511085292364054,0.34833592459638263,0.003243228686390473,-0.12802995442185222,-0.007845281144239852,0.99169921875,0.3080285805086579,-0.511085292364054,0.34833592459638263,0.003243228686390473,-0.12802995442185222,-0.007845281144239852,-1.0,0.022137908335249198,-0.30053050787927665,1.1433615506514925,0.07423593623879703,0.20074611244958732,0.9024998346667837,0.0,0.0,305.7938606579505,1,0.0551
128,1,0.774,0.11491066004437692,-0.5262881947315741,1.1562354629677418,0.838652067951595,0.018412109190535264,0.5124909564548498,0.18351218680965475,0.03958777261780519,-0.04000793484479943,-0.7596124273405886,1.4391365026913598,0.635492522618427,-0.5030627554552951,0.03761255546624068,2.946990748969533,-0.3227176347698598,0.12988549522873616,-0.2627805383634707,0.236960714940182,-0.03309264784782727,0.00017055397295151487,-0.0011381276570236742,0.99462890625,0.12988549522873616,-0.2627805383634707,0.236960714940182,-0.03309264784782727,0.00017055397295151487,-0.0011381276570236742,-1.0,0.022905287847790178,-0.2992863989742547,1.1410896469433633,0.07423593623879703,0.20074611244958732,0.9024998346667837,0.0,0.0,0.0,0,0.0586
129,0,0.0,0.11486340769994599,-0.5267697088783303,1.1575840241944997,0.8340514850444387,0.019503569054251213,0.5168200857664825,0.19202794077330587,0.03958320149646179,-0.04001329262037463,-0.751708570549035,1.4766891861204727,0.685019242505579,-0.4477306711511828,-0.03280401999155436,2.9461161865360035,-0.31013416213640504,0.25666831374206656,-0.4007276239193503,0.31935098273913365,-0.010444723385088464,-0.006852848605288286,-0.0040788015583256565,1.00390625,0.25666831374206656,-0.4007276239193503,0.31935098273913365,-0.010444723385088464,-0.006852848605288286,-0.0040788015583256565,-1.0,0.023451644607814143,-0.2984411441558238,1.1391727572338957,0.07423593623879703,0.20074611244958732,0.9024998346667837,0.0,0.0,89.83340313564308,1,0.0724
130,0,0.0,0.11358230282596672,-0.5281544125387154,1.1550981499995978,0.8323809568560079,0.006978657863983773,0.5235239872297575,0.1817027126736129,0.039589699664276494,-0.040011721891596706,-0.7503550339122891,1.4813216978741568,0.6881630507937851,-0.44144852417544744,0.009777725387575521,2.9435501385221254,-0.32181716776304437,0.2851219015307581,-0.41874520244093455,0.33646807438711535,-0.007472022264623748,-0.03152840299683743,-0.0028602346334710704,1.0078125,0.2851219015307581,-0.41874520244093455,0.33646807438711535,-0.007472022264623748,-0.03152840299683743,-0.0028602346334710704,-1.0,0.024137266897624646,-0.2978706016716574,1.137012991506972,0.07423593623879703,0.20074611244958732,0.9024998346667837,0.0,0.0,176.70114274655947,1,0.075
131,0,0.0,0.11379377419158103,-0.5278222521866501,1.1551329164044184,0.8365677956264805,0.011624389824685222,0.5171535699649638,0.18047543310474998,0.03959372898431056,-0.040012037253066436,-0.7642243640970221,1.4478297488658363,0.6574991708813209,-0.49828308569938723,0.02976927852666628,2.9527969148020743,-0.3208053558149201,0.27772602311636907,-0.42287423085213094,0.3602037748056499,-0.007385063510287296,-0.06842467787452383,-0.002749455822120661,1.00390625,0.27772602311636907,-0.42287423085213094,0.3602037748056499,-0.007385063510287296,-0.06842467787452383,-0.002749455822120661,-1.0,0.024781238497858838,-0.29744161243044387,1.1344481134816775,0.07423593623879703,0.20074611244958732,0.9024998346667837,0.0,0.0,32.837432740520114,1,0.0645
132,0,0.0,0.11430947695221741,-0.5273246690300606,1.1561046635209464,0.8338309575153072,0.013218035699018582,0.5196163531846183,0.18587647329471924,0.03959004759695496,-0.040013500180437235,-0.7547856519058636,1.4809219549621704,0.6989840637129363,-0.44566145286968767,-0.033750453203465224,2.9425699075676417,-0.30526338714053924,0.29672932182000766,-0.449149866196108,0.3786902337854703,-0.004323793288183594,-0.09174237443427995,-0.004511846002695469,1.001953125,0.29672932182000766,-0.449149866196108,0.3786902337854703,-0.004323793288183594,-0.09174237443427995,-0.004511846002695469,-1.0,0.025250263990902112,-0.2971107203156412,1.13140443079545,0.07423593623879703,0.20074611244958732,0.9024998346667837,0.0,0.0,126.11550902157214,1,0.063
133,0,0.0,0.11317102934283374,-0.5285181088188564,1.153082584772243,0.8336321170406424,0.0003473073284877004,0.5243670357582114,0.1734836725058055,0.039592633362377276,-0.04001302488537548,-0.7564200696732253,1.4745397285497963,0.6860297902449172,-0.45710157551253866,0.025340693808956018,2.9431163648061966,-0.3156560992665003,0.28255388819242866,-0.45252816216890507,0.35472630547829587,-0.0007854576777062833,-0.11276575948514439,-0.009436467707273105,1.0009765625,0.28255388819242866,-0.45252816216890507,0.35472630547829587,-0.0007854576777062833,-0.11276575948514439,-0.009436467707273105,-1.0,0.025436249124532472,-0.29697968812590847,1.127858908997748,0.07423593623879703,0.20074611244958732,0.9024998346667837,0.0,0.0,164.32359865408014,1,0.0759
134,0,0.0,0.11350222936867843,-0.5281925730711053,1.1543343277816651,0.8349432296657082,0.00587775837520621,0.520420748196842,0.17887845045761291,0.03959782134342679,-0.040012011996466645,-0.7634594391781655,1.4570274162758916,0.6708211754354194,-0.4884174863621469,0.021278215775544042,2.956662276505425,-0.3137920763892466,0.27772602311636907,-0.47429940288248607,0.3497052919282213,7.72858896225248e-05,-0.12718714611246346,-0.013041814476677599,1.0009765625,0.27772602311636907,-0.47429940288248607,0.3497052919282213,7.72858896225248e-05,-0.12718714611246346,-0.013041814476677599,-1.0,0.02538531848813993,-0.29701476129166077,1.1263992803662868,0.07423593623879703,0.20074611244958732,0.9024998346667837,0.0,0.0,46.431494852179206,1,0.0709
135,0,0.0,0.1130392740688409,-0.5289849361716026,1.1553315657975967,0.8340539342878355,0.008185126611239768,0.5201108947382439,0.18377076910086523,0.03957300627861534,-0.04001325222933549,-0.7554680146899398,1.485180331699912,0.7019848533480412,-0.4388041697948244,-0.039937475067042684,2.9389242758369907,-0.29289692052133315,0.29724292448767364,-0.4645398811832946,0.37435390390131484,0.006128971052518736,-0.1394546892824556,-0.01834220294475636,0.9931640625,0.29724292448767364,-0.4645398811832946,0.37435390390131484,0.006128971052518736,-0.1394546892824556,-0.01834220294475636,-1.0,0.025385042397009665,-0.2970148786813941,1.1263999272469805,0.07423593623879703,0.20074611244958732,0.9024998346667837,0.0,0.0,0.0,0,0.0677
136,1,0.7711,0.11171056051399048,-0.5304076232405409,1.1518846121748534,0.836442123568608,-0.005275901622091406,0.5203496447008484,0.17196797969916067,0.039576599480660044,-0.040012965291135835,-0.7634878909144411,1.457266074685164,0.6585547158794747,-0.48673143414818376,0.03745012460737243,2.9517611961356693,-0.2924253026376336,0.1375381749769583,-0.2907453216938463,0.22383761134339597,-0.03641640468024286,0.0025702165205167826,-0.0013898976828200793,0.998046875,0.1375381749769583,-0.2907453216938463,0.22383761134339597,-0.03641640468024286,0.0025702165205167826,-0.0013898976828200793,-1.0,0.025385037746178604,-0.2970148801467208,1.1263999669372695,0.07423593623879703,0.20074611244958732,0.9024998346667837,0.0,0.0,32.540997098992314,1,0.0412
137,0,0.0,0.11141169087543187,-0.5311806018429626,1.15368745445737,0.8341268656538728,-0.00277570023889101,0.5211639924148842,0.180590034311993,0.039570801427182285,-0.04001501478324933,-0.7541379585670077,1.4730314406466225,0.6636307505532434,-0.4559481093065043,0.013337862422947993,2.9527821551392037,-0.29015663244705875,0.2449581729192838,-0.4003522577001506,0.2784981906726176,-0.021678506167516362,-0.009814383359112722,-0.0027897390262481003,1.005859375,0.2449581729192838,-0.4003522577001506,0.2784981906726176,-0.021678506167516362,-0.009814383359112722,-0.0027897390262481003,-1.0,0.025385037599175857,-0.2970148801932224,1.126399968342998,0.07423593623879703,0.20074611244958732,0.9024998346667837,0.0,0.0,0.0,0,0.0413
138,0,0.0,0.11055576606041186,-0.5323752831264422,1.1532617844270994,0.8392798549224186,0.00025194678277595806,0.5116149549859389,0.18400923748267853,0.039575885068445914,-0.040012162047510826,-0.7534169408228183,1.4637403831699405,0.6299747017893116,-0.4619016872746224,-0.00023614195538718304,2.941098987433696,-0.2558806036199564,0.28881984073795264,-0.4224988646329313,0.2848885715545306,-0.018084210988276242,-0.026658843875924515,-0.000956853238450267,1.009765625,0.28881984073795264,-0.4224988646329313,0.2848885715545306,-0.018084210988276242,-0.026658843875924515,-0.000956853238450267,-1.0,0.02538503759442056,-0.29701488019473943,1.1263999683928032,0.07423593623879703,0.20074611244958732,0.9024998346667837,0.0,0.0,133.87588029306855,1,0.0404
139,0,0.0,0.1101907653854052,-0.5329074945783371,1.1533315959269437,0.8411008600744075,-0.0018654845564132216,0.5066825421822125,0.18925819558801432,0.03959578983268442,-0.040004632568382395,-0.7506356352573337,1.4540599662410059,0.597939471321769,-0.47487914286602373,-0.004522444536620802,2.9527805708397876,-0.22717107196986955,0.32035504453263963,-0.44727303510010963,0.3382938974962335,-0.019024653812951972,-0.06458521779841941,-0.0013898976828200793,1.005859375,0.32035504453263963,-0.44727303510010963,0.3382938974962335,-0.019024653812951972,-0.06458521779841941,-0.0013898976828200793,-1.0,0.02542994984084036,-0.2969675358026415,1.1264545693384829,0.07423593623879703,0.20074611244958732,0.9024998346667837,0.0,0.0,0.0,0,0.0382
140,0,0.0,0.10737075389444187,-0.5360932822821751,1.1484449437275563,0.8432749265726268,-0.006855227976665379,0.5027380472986659,0.18998647283857328,0.039576540779730725,-0.04000919900920352,-0.7443375995326407,1.4646255269453838,0.5727005552631668,-0.4561975599895018,0.00983567423427294,2.9428591517736438,-0.21479653476173308,0.3448025315135371,-0.4750501353208854,0.366822383576203,-0.013278934637535864,-0.09703333770988726,-0.003927739542847836,1.00390625,0.3448025315135371,-0.4750501353208854,0.366822383576203,-0.013278934637535864,-0.09703333770988726,-0.003927739542847836,-1.0,0.025486154317752294,-0.2969778035574527,1.1286735477355745,0.07423593623879703,0.20074611244958732,0.9024998346667837,0.0,0.0,0.0,0,0.0391
141,0,0.0,0.10114308514369609,-0.5415148784819227,1.1310339907448086,0.8527060849260449,0.0003325129620815326,0.48474865206157164,0.19470738683911082,0.039598243787469664,-0.04000540059306701,-0.7514625562501613,1.4655991233393626,0.5327108026810227,-0.47633090778357695,0.014065413241058516,2.9396137188939053,-0.216955192565213,0.317067987459578,-0.4690442758136907,0.3252849078437674,-0.004174030989048588,-0.12194300552071106,-0.008942998456712176,1.0,0.317067987459578,-0.4690442758136907,0.3252849078437674,-0.004174030989048588,-0.12194300552071106,-0.008942998456712176,-1.0,0.025450429851759458,-0.2981891879359191,1.1346799775377687,0.07423593623879703,0.20074611244958732,0.9024998346667837,0.0,0.0,0.0,0,0.0389
142,0,0.0,0.09420094724698704,-0.5479951229472252,1.1167887045418252,0.854715596585617,0.003041567007408652,0.4762572267692108,0.2064728838698484,0.0395986721235219,-0.040019207909498054,-0.7552213239944064,1.4962371304021633,0.5340794894775128,-0.45330165892276303,-0.022003466641957015,2.9458498670572313,-0.21102255128818073,0.28892256127148597,-0.4630384163064959,0.2926483197682823,-0.0005129063967535957,-0.13130754229169744,-0.013207982693703213,1.0048828125,0.28892256127148597,-0.4630384163064959,0.2926483197682823,-0.0005129063967535957,-0.13130754229169744,-0.013207982693703213,-1.0,0.04383658102730045,-0.29177808382707754,1.2673095723913403,0.07423593623879703,0.20074611244958732,0.9024998346667837,0.0,0.0,0.0,0,0.0397
143,0,0.0,0.089752230084219,-0.5520604494011373,1.1084272381748799,0.8591018711112172,0.0007617181076423063,0.4711225574070928,0.19996732418305238,0.03960837476202436,-0.04001279621184458,-0.7636036399309094,1.4847866467870483,0.5122962849214577,-0.48095710754572246,0.027232527909637826,2.9438448630364134,-0.2358424336090671,0.29662660128647456,-0.43939034449691655,0.30314680264571114,0.003040324926272084,-0.14048478832726413,-0.016309789411514897,0.9990234375,0.29662660128647456,-0.43939034449691655,0.30314680264571114,0.003040324926272084,-0.14048478832726413,-0.016309789411514897,-1.0,0.04769758929427172,-0.29974891525752495,1.3653914239339644,0.07423593623879703,0.20074611244958732,0.9024998346667837,0.0,0.0,0.0,0,0.036
144,1,0.7306,0.08938507285834908,-0.5535085910501842,1.1123922209773554,0.8553794544509019,0.007990404249941685,0.473748081256203,0.20934397017651452,0.039618112757467405,-0.04000912638149032,-0.7629600371936027,1.503831630764112,0.5416246433912434,-0.4481718122436895,-0.012723015743932519,2.9417020892577135,-0.24485530155405394,0.09813361530862763,-0.21773659205951001,0.21379558424324685,-0.03404597345092321,-0.004997499757536605,0.00014086407402202905,0.98681640625,0.09813361530862763,-0.21773659205951001,0.21379558424324685,-0.03404597345092321,-0.004997499757536605,0.00014086407402202905,-1.0,0.05178861437419598,-0.30713528843239735,1.434294921257903,0.07423593623879703,0.20074611244958732,0.9024998346667837,0.0,0.0,0.0,0,0.0392
145,0,0.0,0.08678878139276236,-0.5555553240373585,1.1063491612150351,0.8584837441728637,0.008126279261027769,0.4699953222503024,0.20504638899319025,0.03963499538969492,-0.040002043190999904,-0.7737133671520278,1.4901988662052275,0.5323110990119835,-0.4818668741784002,0.012995479151890296,2.9470610671326862,-0.26156503938790987,0.24136295424562237,-0.34141976128580204,0.3045161699775496,-0.014696040263759577,-0.007654687066304011,-0.001843083729253625,0.99658203125,0.24136295424562237,-0.34141976128580204,0.3045161699775496,-0.014696040263759577,-0.007654687066304011,-0.001843083729253625,-1.0,0.055747193228654957,-0.3142106154224767,1.4771410254572517,0.07423593623879703,0.20074611244958732,0.9024998346667837,0.0,0.0,0.0,0,0.0355
146,0,0.0,0.08476019881679028,-0.5582751885856481,1.1063488512794437,0.8558430390639775,0.01025068673305779,0.47298703674615394,0.20907146858748285,0.03962491365528421,-0.04000821255045497,-0.7750830978378276,1.5103531067877813,0.5592551084906553,-0.4525060075674608,-0.005154886139561407,2.942145885066905,-0.2773831749300571,0.265296838558854,-0.38683907380896243,0.3150146528549784,-0.010960034521897088,-0.02821569811410099,-0.00127911887146967,0.998046875,0.265296838558854,-0.38683907380896243,0.3150146528549784,-0.010960034521897088,-0.02821569811410099,-0.00127911887146967,-1.0,0.059606302188580707,-0.32109759121355197,1.494921310558288,0.07423593623879703,0.20074611244958732,0.9024998346667837,0.0,0.0,0.0,0,0.0357
147,0,0.0,0.0817738136096937,-0.5603443012429986,1.098826881677872,0.8592493433565719,0.014280043855759594,0.4683817511134506,0.20519547147214062,0.03962636003044731,-0.040011007582008026,-0.7857033679048571,1.5051226436131249,0.5597116612134531,-0.47394553315961774,0.010280983799084426,2.940075134803009,-0.30284431424594904,0.26704308762891793,-0.3992261590425516,0.34628187359862483,-0.008570279124947108,-0.055407971762852726,-0.001732304917903188,0.99755859375,0.26704308762891793,-0.3992261590425516,0.34628187359862483,-0.008570279124947108,-0.055407971762852726,-0.001732304917903188,-1.0,0.06341469118385985,-0.32790045647723953,1.4881175850192718,0.07423593623879703,0.20074611244958732,0.9024998346667837,0.0,0.0,0.0,0,0.0356
148,0,0.0,0.08056154104484024,-0.5621401684017091,1.0995491457558877,0.8555040060425796,0.015155975779165332,0.47358525985407046,0.20880659398647042,0.0396341415055187,-0.04000929999995894,-0.790675298625285,1.518984141042139,0.5932958018560355,-0.46010696556800823,-0.007936125873732065,2.9459293929056334,-0.31933521380987956,0.28974432553975127,-0.43375985120892147,0.38371124733554485,-0.004518645311789346,-0.07282601015688742,-0.0036054739098284327,0.9921875,0.28974432553975127,-0.43375985120892147,0.38371124733554485,-0.004518645311789346,-0.07282601015688742,-0.0036054739098284327,-1.0,0.06714430589267485,-0.33458609657193467,1.4570817056535281,0.07423593623879703,0.20074611244958732,0.9024998346667837,0.0,0.0,0.0,0,0.0345
149,0,0.0,0.07733617844790765,-0.5643730196406489,1.091957355888784,0.856470862396516,0.015906008617424694,0.4738430609585581,0.20415046984284202,0.0396248704973183,-0.040013074361690534,-0.7999411934104765,1.5246233132604732,0.6093038423962802,-0.46714567740300916,0.010125762458658403,2.9457363455924632,-0.35439125818430295,0.2906688103415499,-0.444645471565712,0.3693328903512403,-0.0009448820606564462,-0.09061863002176157,-0.008620732823692773,0.99169921875,0.2906688103415499,-0.444645471565712,0.3693328903512403,-0.0009448820606564462,-0.09061863002176157,-0.008620732823692773,-1.0,0.0707052495135642,-0.34103125866892176,1.4024832134733554,0.07423593623879703,0.20074611244958732,0.9024998346667837,0.0,0.0,0.0,0,0.0347
150,0,0.0,0.0741447047804142,-0.567007601322414,1.0864503627429085,0.8567670601580111,0.019596847233722348,0.47351051012736073,0.20335674320175046,0.03962001577648044,-0.040009175607638975,-0.8103555304615025,1.533361181030772,0.6308947902520774,-0.4686227528752507,0.00691073167992646,2.9421990833754252,-0.3808795094327052,0.30515240556972867,-0.4720472055672881,0.3766361827877125,-0.0006819928635189293,-0.11061191602781752,-0.010624822229032133,0.994140625,0.30515240556972867,-0.4720472055672881,0.3766361827877125,-0.0006819928635189293,-0.11061191602781752,-0.010624822229032133,-1.0,0.07400093580886939,-0.3471156451463564,1.3253750979771868,0.07423593623879703,0.20074611244958732,0.9024998346667837,0.0,0.0,0.0,0,0.0383
151,0,0.0,0.0725518104688094,-0.5683746153524016,1.0840236753329413,0.8540384689594108,0.023767957863876366,0.4771980001069339,0.2057557931393137,0.0396202127995527,-0.040005516656802124,-0.8172466181248222,1.5479925868868525,0.6716000087078634,-0.45920680333514563,-0.011397297889353647,2.9468583095890324,-0.41243674755134846,0.2919014567439481,-0.4577832892377005,0.39877428798576875,0.00022865853606005015,-0.13027744324688895,-0.01648099302905645,0.9892578125,0.2919014567439481,-0.4577832892377005,0.39877428798576875,0.00022865853606005015,-0.13027744324688895,-0.01648099302905645,-1.0,0.07694026698679375,-0.3527316129143792,1.2271259323953303,0.07423593623879703,0.20074611244958732,0.9024998346667837,0.0,0.0,0.0,0,0.039
152,1,0.7303,0.06890520329083338,-0.5695576887435033,1.072123171300064,0.8563189322609002,0.023410206482884777,0.47735225033688966,0.19571580820742676,0.039640027066833804,-0.04000083761513647,-0.8309625292821162,1.5538658899179068,0.6887319691315165,-0.47575360541843464,0.016806244702679708,2.9412058723261247,-0.45114666918143753,0.06902357911032553,-0.19239937226353215,0.17784969178248522,-0.03466434681509355,-0.002229108574613753,-0.001269048070437817,0.9755859375,0.06902357911032553,-0.19239937226353215,0.17784969178248522,-0.03466434681509355,-0.002229108574613753,-0.001269048070437817,-1.0,0.08332094745431513,-0.35080195333565545,1.1930603378656834,0.07423593623879703,0.20074611244958732,0.9024998346667837,0.0,0.0,0.0,0,0.0408
153,0,0.0,0.06744950137697654,-0.5706048750619145,1.0694918727956118,0.8518654164402011,0.028754570341502028,0.4833224697425944,0.19974452983637958,0.03963322362491462,-0.04001209384792906,-0.8352017196659481,1.5778351726991933,0.7442826162219206,-0.454625752117138,-0.008528484091598685,2.9447042647652806,-0.49356479083737204,0.16005965195410854,-0.29262215278984466,0.24129704482433745,-0.019539964949760583,-0.0045000087415779655,-0.0031220754602993284,0.9921875,0.16005965195410854,-0.29262215278984466,0.24129704482433745,-0.019539964949760583,-0.0045000087415779655,-0.0031220754602993284,-1.0,0.08877444114140662,-0.3468940902623484,1.1888944962290022,0.07423593623879703,0.20074611244958732,0.9024998346667837,0.0,0.0,0.0,0,0.0386
154,0,0.0,0.06494083884665348,-0.5705258152817624,1.0591318096010007,0.8527657412240626,0.03135460376856497,0.48453302630466744,0.1924453840369531,0.03963198072141482,-0.04001070762700555,-0.8512830041270866,1.5835149701565994,0.7707870630640847,-0.47620230286894577,0.005814217151041653,2.9455876866139383,-0.5345507058789253,0.20541076750900855,-0.34930245188899517,0.2784981906726176,-0.012589705992054334,-0.024142124618721922,-0.003273137475777177,0.99853515625,0.20541076750900855,-0.34930245188899517,0.2784981906726176,-0.012589705992054334,-0.024142124618721922,-0.003273137475777177,-1.0,0.09374449028407801,-0.34278819145833767,1.1838448041427263,0.07423593623879703,0.20074611244958732,0.9024998346667837,0.0,0.0,0.0,0,0.0387
155,0,0.0,0.06172386855247619,-0.5710443044703954,1.0484625402277923,0.8503732129842084,0.030992906455938718,0.49065158822550436,0.18752561787690883,0.03963285137329134,-0.0400067355477188,-0.8593775196266559,1.609696754639359,0.8219138373612604,-0.46620175795772456,0.009957460500627558,2.943100474702296,-0.5862224451513202,0.25019692012947614,-0.3819593129593667,0.33121883294840115,-0.009948736415910167,-0.05081934874506941,-0.004531987604759202,0.99658203125,0.25019692012947614,-0.3819593129593667,0.33121883294840115,-0.009948736415910167,-0.05081934874506941,-0.004531987604759202,-1.0,0.09899712167742111,-0.3382036276184049,1.1768912710728747,0.07423593623879703,0.20074611244958732,0.9024998346667837,0.0,0.0,0.0,0,0.0383
156,0,0.0,0.05860632594278581,-0.5717201834613959,1.039249744123585,0.8474594748310013,0.03701520966769384,0.49494637039563755,0.1883358786970848,0.03955289505403942,-0.040015329262470596,-0.8700280748765961,1.6359445009138263,0.8844762991061671,-0.4586168428105323,-0.012074745985815467,2.944710711067735,-0.6408954456675393,0.2737199223085748,-0.41987130109853354,0.37549504334451367,-0.006045254554584878,-0.06453839511456447,-0.007432378301933745,0.98779296875,0.2737199223085748,-0.41987130109853354,0.37549504334451367,-0.006045254554584878,-0.06453839511456447,-0.007432378301933745,-1.0,0.10442018435139859,-0.33332782246879056,1.1676479398998207,0.07423593623879703,0.20074611244958732,0.9024998346667837,0.0,0.0,0.0,0,0.0368
157,0,0.0,0.05366359719831436,-0.5705959887522096,1.0198326487713474,0.8476261808152112,0.037558825758250536,0.4977491059294299,0.17990280640037842,0.03956380073803934,-0.04001644731450784,-0.8870625999461336,1.6605739890797,0.9273153702414123,-0.4733169413752273,0.006798416860436541,2.9476755472964027,-0.7037147597530706,0.2779314641834353,-0.4285047241401261,0.3716151692376377,-0.0014838451734709296,-0.08556178016542892,-0.012301610600836177,0.9892578125,0.2779314641834353,-0.4285047241401261,0.3716151692376377,-0.0014838451734709296,-0.08556178016542892,-0.012301610600836177,-1.0,0.10699292710938915,-0.330050166395713,1.164597607966183,0.07423593623879703,0.20074611244958732,0.9024998346667837,0.0,0.0,0.0,0,0.0365
158,0,0.0,0.04613286864195912,-0.5707184640371058,0.9974906062029035,0.846845105507424,0.04080229353966436,0.5003908625075338,0.17549223583676754,0.039526871914676444,-0.04003308616781634,-0.9003102838934219,1.7004082230391675,0.98556876493805,-0.4677392153789964,0.011416704231870885,2.9430306086706848,-0.7809550900820379,0.3082340215757241,-0.44351937290811294,0.3809725126718677,-0.0008877147314167444,-0.1010600885214114,-0.0113902031074532,0.9873046875,0.3082340215757241,-0.44351937290811294,0.3809725126718677,-0.0008877147314167444,-0.1010600885214114,-0.0113902031074532,-1.0,0.10788289058194742,-0.3274864903932255,1.1622816642436278,0.07423593623879703,0.20074611244958732,0.9024998346667837,0.0,0.0,0.0,0,0.0383
159,0,0.0,0.03557352317193188,-0.5668017643620789,0.9612646379412707,0.8496889880991415,0.050359446561342336,0.4946355007660001,0.17557981383706692,0.0395736717292726,-0.04000471476047912,-0.9120367842823149,1.7614156510484695,1.0521575757438009,-0.4595810504871536,-0.017622931219159272,2.947044183641312,-0.8591779563584179,0.3178897517278433,-0.4277539917017267,0.4181736585201479,-0.000517737438661181,-0.11463866683934167,-0.015831426362501733,0.97265625,0.3178897517278433,-0.4277539917017267,0.4181736585201479,-0.000517737438661181,-0.11463866683934167,-0.015831426362501733,-1.0,0.1088782392052497,-0.3251487810543734,1.1599704189863564,0.07423593623879703,0.20074611244958732,0.9024998346667837,0.0,0.0,0.0,0,0.039
160,1,0.7363,0.03481962855787242,-0.5629457324687533,0.9520063044525988,0.8456927448207644,0.059714340972212954,0.5027842707349252,0.16865928951980053,0.03951378324151049,-0.04001758011131771,-0.9291998733253294,1.7681419643586185,1.087478468181493,-0.48372429472068773,0.024299021368407427,2.9389488355906455,-0.9473852348579497,0.033970197042127115,-0.1817014350163415,0.09334831601361593,-0.028274488718666682,-0.00629682923451097,-0.002548039801483548,0.958984375,0.033970197042127115,-0.1817014350163415,0.09334831601361593,-0.028274488718666682,-0.00629682923451097,-0.002548039801483548,-1.0,0.11072795778558006,-0.32344651680020453,1.1571235911806816,0.07423593623879703,0.20074611244958732,0.9024998346667837,0.0,0.0,0.0,0,0.0389
161,0,0.0,0.038583877759641186,-0.5681876669022677,0.9716157894067143,0.8361495043433743,0.07049726207387286,0.5108134420040709,0.18695927335751467,0.03951270327622786,-0.040019996445933105,-0.9195777669993487,1.7639104157962826,1.130370686204585,-0.45890048134595174,0.0016446507792241755,2.94132282353838,-0.9878479740952119,0.07974503479785144,-0.21848732449790936,0.1346005068852516,-0.022090755076963245,-0.00465218246410648,-0.003917668741815983,0.9853515625,0.07974503479785144,-0.21848732449790936,0.1346005068852516,-0.022090755076963245,-0.00465218246410648,-0.003917668741815983,-1.0,0.11282736291473669,-0.32175832824034856,1.1533676428440853,0.07423593623879703,0.20074611244958732,0.9024998346667837,0.0,0.0,0.0,0,0.037
162,0,0.0,0.04271687631952718,-0.5671586470886316,0.9802066005625729,0.8345520423518679,0.0784841108030927,0.5095898623326343,0.19411673077192476,0.03952041894997629,-0.04001131433834038,-0.9194249745930423,1.7473374050847714,1.1119224571746082,-0.4728627378128793,0.007515216684133595,2.9514415453090663,-0.9903611816091091,0.1325305489672156,-0.2701001796378643,0.2037535571430975,-0.015675131423695948,-0.011119565671568965,-0.005337651687307682,0.99365234375,0.1325305489672156,-0.2701001796378643,0.2037535571430975,-0.015675131423695948,-0.011119565671568965,-0.005337651687307682,-1.0,0.11499799541005859,-0.3200229635482981,1.148454491568406,0.07423593623879703,0.20074611244958732,0.9024998346667837,0.0,0.0,0.0,0,0.0379
163,0,0.0,0.03994321616141301,-0.570022377930597,0.9790149394251839,0.8384635126624673,0.08805169975584645,0.5006736504542864,0.19634594939697872,0.03955292603897734,-0.03998107717487659,-0.920468340732643,1.7397663348710004,1.075283002663126,-0.47064841248371636,0.008270590053229571,2.9381290859638383,-0.9794223246037144,0.17844662745654816,-0.336915366655406,0.26366337791103334,-0.011185483144250857,-0.029210680146018297,-0.007452519903997451,0.9873046875,0.17844662745654816,-0.336915366655406,0.26366337791103334,-0.011185483144250857,-0.029210680146018297,-0.007452519903997451,-1.0,0.11688973755875953,-0.3183939295569539,1.142999952358785,0.07423593623879703,0.20074611244958732,0.9024998346667837,0.0,0.0,0.0,0,0.0371
164,0,0.0,0.03582416790005016,-0.56647249203926,0.9612293075104128,0.8433342482150216,0.08961342100943995,0.4911627763673343,0.1987860852115152,0.03962202464365122,-0.039956753065109804,-0.9126732562524199,1.7649185026254979,1.071796078526266,-0.4590612193549415,-0.005450945287672233,2.9490017708799345,-0.9802015902969615,0.1882564384089671,-0.35943733980738635,0.31113477874810247,-0.00976193612881704,-0.045294272050187434,-0.009441503107789045,0.9775390625,0.1882564384089671,-0.35943733980738635,0.31113477874810247,-0.00976193612881704,-0.045294272050187434,-0.009441503107789045,-1.0,0.11778124765430721,-0.3174416845647052,1.140785420715074,0.07423593623879703,0.20074611244958732,0.9024998346667837,0.0,0.0,0.0,0,0.0375
165,0,0.0,0.03313326402654285,-0.5630720046236738,0.9481620254035611,0.8478888276884432,0.10082739211143932,0.4819634024369038,0.19654427387376525,0.03956074765116388,-0.040064724681631234,-0.9164038133026814,1.7652153266709338,1.0371716859641176,-0.4720596428791934,0.016211240199083515,2.943743838978957,-0.9980402255022695,0.19914481496348446,-0.3628156357801834,0.3350987070552769,-0.006196627201022417,-0.06051164430304032,-0.011979344967816774,0.974609375,0.19914481496348446,-0.3628156357801834,0.3350987070552769,-0.006196627201022417,-0.06051164430304032,-0.011979344967816774,-1.0,0.11834901014723306,-0.3166316508633488,1.1387709875851257,0.07423593623879703,0.20074611244958732,0.9024998346667837,0.0,0.0,0.0,0,0.039
166,0,0.0,0.04136974986069866,-0.5557939473882378,0.9538501798600247,0.8462763614870185,0.11202913813119417,0.4819718756622881,0.1974054286701599,0.03972789067568041,-0.03995236033882441,-0.9055331941477108,1.7636006691570112,1.0509161973672914,-0.4715369035564512,-0.020259726949954954,2.941592199362136,-0.9840733157272649,0.2302691366240387,-0.3834607778361654,0.420912393183825,-0.005887440518937248,-0.06753504688128012,-0.011128362280624943,0.69091796875,0.2302691366240387,-0.3834607778361654,0.420912393183825,-0.005887440518937248,-0.06753504688128012,-0.011128362280624943,-1.0,0.1189433090257581,-0.31595789827675647,1.1365496245939917,0.07423593623879703,0.20074611244958732,0.9024998346667837,0.0,0.0,0.0,0,0.042
167,0,0.0,0.04048597898150061,-0.5586996661510444,0.9572966047709627,0.8439058069057321,0.10028852466304766,0.48918833970664893,0.19611213421597753,0.03934302039717272,-0.04012272643995765,-0.9036196134947161,1.7592649781841487,1.0481456041880872,-0.4647314889835876,0.02616175269022163,2.9438851455978776,-1.003364476932366,0.24752618625761336,-0.3676953966297791,0.4407682194954836,-0.005736067872499709,-0.08780926899046565,-0.015491536827676594,0.7294921875,0.24752618625761336,-0.3676953966297791,0.4407682194954836,-0.005736067872499709,-0.08780926899046565,-0.015491536827676594,-1.0,0.11955062922154484,-0.31551735179769314,1.1338745692425722,0.07423593623879703,0.20074611244958732,0.9024998346667837,0.0,0.0,0.0,0,0.0427
168,1,0.7285,0.03543809881920561,-0.5627606631345642,0.9529956807895461,0.8459876088094193,0.11463808628797129,0.47780495209311663,0.20703985768070443,0.03931478811450734,-0.04006432108051712,-0.9111593528219398,1.7664945531266774,1.0462117456163404,-0.46362968290434103,-0.020568912478603745,2.9453013897048828,-1.0017855162841631,0.032018506904996635,-0.18301521678354032,0.08844141640786107,-0.02858367540075185,-0.006449002957039512,-0.003464482695382437,0.96142578125,0.032018506904996635,-0.18301521678354032,0.08844141640786107,-0.02858367540075185,-0.006449002957039512,-0.003464482695382437,-1.0,0.11996386384327191,-0.3152056216010699,1.1307292068614883,0.07423593623879703,0.20074611244958732,0.9024998346667837,0.0,0.0,0.0,0,0.0391
169,0,0.0,0.03240335518241276,-0.5660307584446651,0.952101199596673,0.8463424344536531,0.10865515064305692,0.4792369140798285,0.20550066195766975,0.039322327020305255,-0.04004510845788686,-0.9138127756328926,1.7629034874947855,1.034937753601488,-0.46404452823576203,0.01448916711848446,2.9454124991927824,-1.0134086348117863,0.07165579278211331,-0.21154304944271546,0.12878069572493778,-0.023739750714750832,-0.004347835019049423,-0.0041392263645168015,0.98828125,0.07165579278211331,-0.21154304944271546,0.12878069572493778,-0.023739750714750832,-0.004347835019049423,-0.0041392263645168015,-1.0,0.12007265163727356,-0.3151238018506995,1.1270849401810326,0.07423593623879703,0.20074611244958732,0.9024998346667837,0.0,0.0,0.0,0,0.0425
170,0,0.0,0.031318297422540595,-0.5663350097063895,0.9501306378852952,0.8468367173323619,0.12135481301070403,0.47247814420622547,0.2119079677226092,0.039375392028281664,-0.040016223176948175,-0.9161802394902008,1.765552094036622,1.0316864858745276,-0.46555076269823015,-0.011655178634091622,2.944600801280614,-1.019128684148829,0.12467242815192714,-0.25902687617147396,0.19553735315206633,-0.016061614776302413,-0.012663251029911254,-0.005508855304849236,0.9951171875,0.12467242815192714,-0.25902687617147396,0.19553735315206633,-0.016061614776302413,-0.012663251029911254,-0.005508855304849236,-1.0,0.12003159319663886,-0.31515092965678104,1.1263967528960086,0.0742359362387962,0.2007461124495905,0.9024998346667129,0.0,0.0,0.0,0,0.0415
171,0,0.0,0.03198600048494084,-0.5657908621110896,0.9506535589631637,0.8464077398483321,0.11843625625893534,0.4746791457793367,0.21034851958215575,0.039379557781642587,-0.04001911961333441,-0.9134418764481995,1.7613824890559266,1.0238150419991372,-0.46628077124708706,0.01563631631109556,2.9454400150127986,-1.0283734322146347,0.16509295809723445,-0.3264051125178152,0.2581859085836793,-0.011140393419780098,-0.030673889016484934,-0.008399175200991926,0.9873046875,0.16509295809723445,-0.3264051125178152,0.2581859085836793,-0.011140393419780098,-0.030673889016484934,-0.008399175200991926,-1.0,0.12003099846445042,-0.31515093893249424,1.126399854519233,0.07423593623879618,0.2007461124495909,0.9024998346667652,0.0,0.0,0.0,0,0.0385
172,0,0.0,0.032607868722173874,-0.5629259179482357,0.9466519411923183,0.8476346418132252,0.1319427341175167,0.4671032242316887,0.21429233963004735,0.039415994114742246,-0.04000820568294158,-0.913232641573653,1.7649685258950436,1.0186704728841263,-0.47032644107240823,-0.013397501568699309,2.9456580753442263,-1.0270360745183487,0.16976674237299427,-0.3485517194505958,0.3056573094207484,-0.00936901138700047,-0.04496651326320292,-0.011601689929122166,0.9794921875,0.16976674237299427,-0.3485517194505958,0.3056573094207484,-0.00936901138700047,-0.04496651326320292,-0.011601689929122166,-1.0,0.12003098836945147,-0.31515093246199494,1.1263999646832676,0.07423593623879618,0.2007461124495909,0.9024998346667795,0.0,0.0,0.0,0,0.0411
173,0,0.0,0.03634854568931757,-0.5600931588418427,0.9500466588073895,0.8459291340335524,0.12700744459462857,0.4730126574529055,0.21102614790619365,0.03941208742482828,-0.04001424626157008,-0.9047848649648887,1.7602929582037001,1.0165136168460125,-0.46710951315936555,0.018858706105180638,2.9459516416956664,-1.0370021280446307,0.17865206852361448,-0.3556836776153896,0.33487047916663704,-0.005871337045911973,-0.06027753088376567,-0.01450963372707062,0.96533203125,0.17865206852361448,-0.3556836776153896,0.33487047916663704,-0.005871337045911973,-0.06027753088376567,-0.01450963372707062,-1.0,0.12003098804312617,-0.3151509322516512,1.1263999686209527,0.07423593623879618,0.2007461124495909,0.9024998346667833,0.0,0.0,0.0,0,0.045
174,0,0.0,0.038197225348787264,-0.5561788254582762,0.9470250873848974,0.8469647966537989,0.14184532537507907,0.46474490975303234,0.21573758540660556,0.03935941956214564,-0.04003166371380547,-0.9002892759071253,1.764013550940676,1.0106017587603184,-0.46607015373525557,-0.018034891670104233,2.944577500191064,-1.0287846039247346,0.18337721306614096,-0.3451734234777988,0.4161196075223901,-0.009150004153856806,-0.061331041270501624,-0.017494367382886983,0.35009765625,0.18337721306614096,-0.3451734234777988,0.4161196075223901,-0.009150004153856806,-0.061331041270501624,-0.017494367382886983,1.0,0.12003098803257746,-0.31515093224481316,1.1263999687616233,0.07423593623879618,0.2007461124495909,0.9024998346667837,0.0,0.0,0.0,0,0.0396
175,0,0.0,0.035543598628915526,-0.5569925406239361,0.9423764209230224,0.8489411101294654,0.13505168903045345,0.46523969611716676,0.21121566698277375,0.03896498758663804,-0.039682544150796764,-0.9008617060655031,1.7632326587057066,0.9934154763315293,-0.4679047503084902,0.019989631263473317,2.944373614089475,-1.0360740461158724,0.18543162373680455,-0.31326729484582666,0.4188583421860672,-0.009323921662529724,-0.08022399420596668,-0.021815999875682224,0.2998046875,0.18543162373680455,-0.31326729484582666,0.4188583421860672,-0.009323921662529724,-0.08022399420596668,-0.021815999875682224,1.0,0.12003098803223645,-0.31515093224459095,1.1263999687666464,0.07423593623879618,0.2007461124495909,0.9024998346667837,0.0,0.0,0.0,0,0.0413
176,1,0.7326,0.0362990530614683,-0.5572776712157379,0.9446456284829353,0.8484533332510997,0.14835243423500405,0.45836208875268003,0.2191408043836796,0.0367284813448468,-0.03780315954587383,-0.9001686073657454,1.7620248912977208,0.9907001079789529,-0.4661672470504735,-0.017183996349385902,2.943722794529871,-1.0295817542746575,0.02919369223283408,-0.18414131544113937,0.10293388733648556,-0.028300254275507114,-0.005752515534697383,-0.006455510601843711,0.96630859375,0.02919369223283408,-0.18414131544113937,0.10293388733648556,-0.028300254275507114,-0.005752515534697383,-0.006455510601843711,-1.0,0.12003098803222544,-0.3151509322445837,1.1263999687668256,0.07423593623879618,0.2007461124495909,0.9024998346667837,0.0,0.0,0.0,0,0.0402
177,0,0.0,0.03415811747234551,-0.5575388716740153,0.9402077669419129,0.8499552248957604,0.13955282904989572,0.4607819506747238,0.21396522499921022,0.03493322708227315,-0.03582088128078542,-0.9002063833234033,1.763326232995474,0.9812599015695651,-0.4671870671557992,0.01943533820791437,2.944506459955096,-1.0369914996858465,0.06843293604250977,-0.20628792237392002,0.14064854593420506,-0.02452560019838397,-0.004002517725619298,-0.006666997423512677,0.9912109375,0.06843293604250977,-0.20628792237392002,0.14064854593420506,-0.02452560019838397,-0.004002517725619298,-0.006666997423512677,-1.0,0.12003098803222514,-0.3151509322445836,1.1263999687668316,0.07423593623879618,0.2007461124495909,0.9024998346667837,0.0,0.0,23.56976839422794,1,0.0419
178,0,0.0,0.03501659233945825,-0.5578611810052239,0.9427619847568354,0.8503953698179381,0.1489073457894277,0.4543232144184249,0.21964683972839008,0.03505936137081285,-0.036234108670469514,-0.8991802154358483,1.7593669636477764,0.971602286937218,-0.46732637562192153,-0.011973731580532509,2.94538664363347,-1.0201296927922612,0.1241074652174946,-0.2440122274034871,0.20603583602949516,-0.016692870918892974,-0.008977427885205835,-0.007825139542176146,0.9951171875,0.1241074652174946,-0.2440122274034871,0.20603583602949516,-0.016692870918892974,-0.008977427885205835,-0.007825139542176146,-1.0,0.12003098803222514,-0.3151509322445836,1.1263999687668316,0.07423593623879618,0.2007461124495909,0.9024998346667837,0.0,0.0,0.0,0,0.0394
179,0,0.0,0.030381992419713247,-0.5648887941630835,0.9452034857138346,0.8516579999662641,0.13564156286532292,0.4568388250315784,0.21812451824744725,0.036446233117059766,-0.0375200267201173,-0.9059514087137434,1.7540296946272553,0.9617830519732218,-0.4672264701858693,0.01291776435483989,2.946193474033168,-1.0114019888887362,0.15512906634451573,-0.30538460424263353,0.265032745242872,-0.011288545371612585,-0.023404667348006725,-0.010750707241930335,0.98388671875,0.15512906634451573,-0.30538460424263353,0.265032745242872,-0.011288545371612585,-0.023404667348006725,-0.010750707241930335,-1.0,0.12003098803222519,-0.3151509322445836,1.126399968766833,0.07423593623879618,0.2007461124495909,0.9024998346667837,0.0,0.0,0.0,0,0.0384
180,0,0.0,0.024095775774578138,-0.5695613077947767,0.9396866526118193,0.8545885452559521,0.1411938487232486,0.44765942293968536,0.22213454583503692,0.037331918337733895,-0.0384221928289255,-0.9138641968044214,1.7600087331233452,0.9547049988284311,-0.46505659472542277,-0.016298691183124974,2.9431445773302083,-1.0001987985103682,0.15620763194661413,-0.32114998544901974,0.31729693174137585,-0.009871439745388871,-0.039652138645668134,-0.014338430109529066,0.97900390625,0.15620763194661413,-0.32114998544901974,0.31729693174137585,-0.009871439745388871,-0.039652138645668134,-0.014338430109529066,-1.0,0.12003098803222519,-0.3151509322445836,1.126399968766833,0.07423593623879618,0.2007461124495909,0.9024998346667837,0.0,0.0,91.02442051411388,1,0.038
181,0,0.0,0.021867369099456566,-0.5725201449856401,0.9402367586772801,0.8544484895986348,0.1256993054466863,0.45558764656199546,0.21577154477116134,0.0378475553248329,-0.03893690815895741,-0.9200470708575585,1.758577572501882,0.9613362123754816,-0.46864204373389184,0.017184709284313437,2.9438952174187616,-1.0048171332396905,0.16303854742657076,-0.3365400004362063,0.3529004823691779,-0.005974399273273701,-0.05510362431779567,-0.017466672680049367,0.95556640625,0.16303854742657076,-0.3365400004362063,0.3529004823691779,-0.005974399273273701,-0.05510362431779567,-0.017466672680049367,-1.0,0.12003098803222519,-0.3151509322445836,1.1263999687668331,0.07423593623879618,0.2007461124495909,0.9024998346667837,0.0,0.0,0.0,0,0.0394
182,0,0.0,0.022140569741711053,-0.5737419880844957,0.9431577571619789,0.8520169692658314,0.1284024661099395,0.457466516424917,0.21978234035063568,0.03810328847828849,-0.03932013442885294,-0.9241158220486432,1.763230143665906,0.9903356703964996,-0.46639703180776776,-0.014916755134836677,2.9461575869306382,-1.0094451323934075,0.1703317053074268,-0.3260297462986155,0.4364318896113284,-0.011024448413998161,-0.05889626171004517,-0.020057386245494357,0.36328125,0.1703317053074268,-0.3260297462986155,0.4364318896113284,-0.011024448413998161,-0.05889626171004517,-0.020057386245494357,1.0,0.12003098803222519,-0.3151509322445836,1.1263999687668331,0.07423593623879618,0.2007461124495909,0.9024998346667837,0.0,0.0,0.0,0,0.038
183,0,0.0,0.02384646339510968,-0.5748609075168025,0.9492067286754077,0.8486470946749428,0.11680699021063165,0.46890728016277733,0.2151283299522813,0.03811530041385379,-0.03912891170830891,-0.9266711980424852,1.7601019002465215,1.0117316081014929,-0.4683148262617825,0.012619528501708246,2.9462781060579912,-1.0233240551532077,0.18306905146554142,-0.3065107029002325,0.4437351820478006,-0.010663730618232128,-0.07746145585852568,-0.02172410381626655,0.405517578125,0.18306905146554142,-0.3065107029002325,0.4437351820478006,-0.010663730618232128,-0.07746145585852568,-0.02172410381626655,1.0,0.1200309880322252,-0.3151509322445836,1.1263999687668325,0.07423593623879618,0.2007461124495909,0.9024998346667837,0.0,0.0,0.0,0,0.0416
184,1,0.729,0.024036676740057994,-0.5747204362976177,0.9493729929249543,0.8463679573646478,0.12495000817953378,0.4693068911648495,0.21863169511191866,0.03629245323577075,-0.03742960851517152,-0.9294608496799056,1.7640845842597155,1.0304698959233816,-0.46793604174942777,-0.0035538779133337736,2.943759672378436,-1.0459553975583389,0.038027658116687735,-0.18207680123554115,0.11828221284750917,-0.02922781432176262,-0.004734122160852616,-0.004662908018173317,0.96044921875,0.038027658116687735,-0.18207680123554115,0.11828221284750917,-0.02922781432176262,-0.004734122160852616,-0.004662908018173317,-1.0,0.12003098803222519,-0.3151509322445836,1.1263999687668322,0.07423593623879618,0.2007461124495909,0.9024998346667837,0.0,0.0,0.0,0,0.0428
185,0,0.0,0.030204785166006665,-0.5739834616991799,0.9625728132798111,0.8411629619681449,0.12208842556199226,0.4791528728436278,0.21897902228859317,0.034497650185871344,-0.03579359604182149,-0.9270022288563042,1.7549361955242915,1.055159540228625,-0.4677866134316358,-0.0032076933608502435,2.9436050999492673,-1.0485331647244929,0.0763809373246398,-0.20366035883952233,0.1537716495309911,-0.023997406283155137,-0.0035284380515881175,-0.006364873392557008,0.98779296875,0.0763809373246398,-0.20366035883952233,0.1537716495309911,-0.023997406283155137,-0.0035284380515881175,-0.006364873392557008,-1.0,0.12003098803222519,-0.3151509322445836,1.1263999687668322,0.07423593623879618,0.2007461124495909,0.9024998346667837,0.0,0.0,0.0,0,0.0395
186,0,0.0,0.030934805308211105,-0.5722246203789246,0.9607941376475073,0.8395552240274182,0.12203627062616582,0.4824081906025212,0.21802869558736696,0.03500125386723323,-0.03606875309964108,-0.9257589768873021,1.7597666280561917,1.0650453238272741,-0.4668746511481981,0.00745299642120395,2.9439621591571536,-1.0704151864201543,0.12934621242768696,-0.24176003008828906,0.2155072934080451,-0.016151794225243918,-0.006829437263360827,-0.008016484761781406,0.9931640625,0.12934621242768696,-0.24176003008828906,0.2155072934080451,-0.016151794225243918,-0.006829437263360827,-0.008016484761781406,-1.0,0.12003098803222517,-0.3151509322445836,1.1263999687668318,0.07423593623879618,0.2007461124495909,0.9024998346667837,0.0,0.0,0.0,0,0.0426
187,0,0.0,0.03272416150458367,-0.5695408323604387,0.9597599400779835,0.838792684059935,0.12638569056231297,0.48218908283864503,0.2189684424291379,0.03632891243305684,-0.03751513977481198,-0.9232189318889582,1.7635427601285874,1.0759470780648495,-0.46672304734485326,-0.0030796353771101403,2.944832338899674,-1.075296662429146,0.16463071569633514,-0.3031324069274355,0.27461831656574165,-0.010708820342702888,-0.021566877006700652,-0.011203893288363853,0.982421875,0.16463071569633514,-0.3031324069274355,0.27461831656574165,-0.010708820342702888,-0.021566877006700652,-0.011203893288363853,-1.0,0.12003098803222519,-0.3151509322445836,1.1263999687668318,0.07423593623879618,0.2007461124495909,0.9024998346667837,0.0,0.0,0.0,0,0.0383
188,0,0.0,0.03607059655581993,-0.5653063743554524,0.9594875200967878,0.8372108464796979,0.12972657258801773,0.4847907311151426,0.21731765212738088,0.03735565806351437,-0.038309366576424246,-0.9196747576706457,1.763351484963257,1.0799975885307427,-0.47029312322070127,0.0061289193485394335,2.944754196218294,-1.0920380410875798,0.1685340959705961,-0.3219007178874191,0.32825187039608417,-0.010631523672181592,-0.03734612146581273,-0.014290593804627744,0.97607421875,0.1685340959705961,-0.3219007178874191,0.32825187039608417,-0.010631523672181592,-0.03734612146581273,-0.014290593804627744,-1.0,0.1200309880322252,-0.3151509322445836,1.1263999687668322,0.07423593623879618,0.2007461124495909,0.9024998346667837,0.0,0.0,0.0,0,0.0378
189,0,0.0,0.04252283857227712,-0.5618060804127611,0.9685208695181418,0.8339898010542854,0.13335362085391864,0.4885459609930891,0.21909054644123835,0.037835375948390995,-0.03891267934580528,-0.9111861944754955,1.7579480467721917,1.0932137432146662,-0.46654036998474907,-0.007061600623264629,2.9445944415193117,-1.0864211164106523,0.17685445918678389,-0.3354139017786073,0.36134491424884874,-0.006914842097949431,-0.05435446137611677,-0.017305539863539665,0.9697265625,0.17685445918678389,-0.3354139017786073,0.36134491424884874,-0.006914842097949431,-0.05435446137611677,-0.017305539863539665,-1.0,0.12003098803222517,-0.3151509322445836,1.126399968766832,0.07423593623879618,0.2007461124495909,0.9024998346667837,0.0,0.0,0.0,0,0.0431
190,0,0.0,0.04318471855449567,-0.557475861792081,0.9615281411127381,0.8355933150872247,0.13592950969569997,0.4861311143783724,0.2167568218272956,0.03834734946255681,-0.03910924816803092,-0.9049670172126545,1.7620165363753686,1.0762774610073478,-0.46632341058064763,0.012095101875118176,2.945402473858354,-1.0975319648404307,0.2043835621736767,-0.35530831139618996,0.4514949302615523,-0.008789286358090773,-0.06505344463696872,-0.01598500607823755,0.697265625,0.2043835621736767,-0.35530831139618996,0.4514949302615523,-0.008789286358090773,-0.06505344463696872,-0.01598500607823755,-1.0,0.12003098803222517,-0.3151509322445836,1.126399968766832,0.07423593623879618,0.2007461124495909,0.9024998346667837,0.0,0.0,0.0,0,0.041
191,0,0.0,0.0433530428209576,-0.5539781579410255,0.9551584958990099,0.8389673455020386,0.14790234336549118,0.47548823091405923,0.21947581249530893,0.038564731833294855,-0.03948494279456196,-0.9000741368885686,1.7634113625142318,1.05165028360504,-0.46749916801881486,-0.004981843423253002,2.9454989453861766,-1.0837571794472949,0.21290936645693093,-0.336915366655406,0.4702096171300121,-0.008038864515113223,-0.0824714830310034,-0.01972158797358839,0.61669921875,0.21290936645693093,-0.336915366655406,0.4702096171300121,-0.008038864515113223,-0.0824714830310034,-0.01972158797358839,-1.0,0.12003098803222517,-0.3151509322445836,1.126399968766832,0.07423593623879618,0.2007461124495909,0.9024998346667837,0.0,0.0,0.0,0,0.0396
192,1,0.7363,0.0387836051772768,-0.5549490428049445,0.9461057896015134,0.8434088718033133,0.15321897928727812,0.46521194165586943,0.2208240672807237,0.03873307543643736,-0.03974514138355033,-0.8994191886118427,1.7639012965927192,1.010977760574937,-0.46774680093151483,0.009773577355274378,2.944882360146881,-1.0826115861697563,0.023441342354975858,-0.18451668166033902,0.08701499210386254,-0.02909898653756046,-0.006923082631070693,-0.005710271325486349,0.96435546875,0.023441342354975858,-0.18451668166033902,0.08701499210386254,-0.02909898653756046,-0.006923082631070693,-0.005710271325486349,-1.0,0.12003098803222517,-0.3151509322445836,1.126399968766832,0.07423593623879618,0.2007461124495909,0.9024998346667837,0.0,0.0,0.0,0,0.0407
193,0,0.0,0.035285111860695495,-0.5580623467730245,0.9437522445033683,0.8470881460687514,0.1607724493924198,0.45322673605685776,0.22622868524882817,0.03885828000003908,-0.040018180963054734,-0.9000809688625692,1.7599861504090115,0.9790038209641283,-0.4674046509980284,-0.0069027524079701376,2.944892020378978,-1.0578575954343805,0.06173042122946959,-0.20534950682592085,0.12672664472717998,-0.0249636146646713,-0.005073586618800863,-0.0059318289481871955,0.9912109375,0.06173042122946959,-0.20534950682592085,0.12672664472717998,-0.0249636146646713,-0.005073586618800863,-0.0059318289481871955,-1.0,0.1200309880322252,-0.3151509322445836,1.126399968766832,0.07423593623879618,0.2007461124495909,0.9024998346667837,0.0,0.0,126.24719864077473,1,0.0417
194,0,0.0,0.034013318632035994,-0.5591661922810125,0.9428700611088863,0.8496959949435284,0.15667056110472194,0.45048748997020577,0.2247934003488582,0.038898434675578235,-0.04002894059756217,-0.8958498941145597,1.7532485826044544,0.9478258867536362,-0.46670840701894745,0.015253432935702938,2.9451848842446853,-1.0440681578014288,0.11541474006724906,-0.24532600917068592,0.19508089737478684,-0.016898995373616416,-0.011324414913434278,-0.0069590506534365215,0.998046875,0.11541474006724906,-0.24532600917068592,0.19508089737478684,-0.016898995373616416,-0.011324414913434278,-0.0069590506534365215,-1.0,0.1200309880322252,-0.3151509322445836,1.126399968766832,0.07423593623879618,0.2007461124495909,0.9024998346667837,0.0,0.0,46.90151509906233,1,0.0407
195,0,0.0,0.03328911433192824,-0.5619478241410555,0.9463873988762134,0.8522669775814767,0.15556437994931147,0.44468914917351876,0.22735937021036082,0.038931977280052016,-0.0400016728399313,-0.8965198649137225,1.74661744021964,0.9298120249030397,-0.46717641714864766,-0.008713784234521784,2.946874362036525,-1.0030055933250286,0.1489144740657582,-0.30876290021543057,0.2536213508108842,-0.011346517874503553,-0.02678175342104372,-0.009985326363509267,0.990234375,0.1489144740657582,-0.30876290021543057,0.2536213508108842,-0.011346517874503553,-0.02678175342104372,-0.009985326363509267,-1.0,0.12003098803222519,-0.3151509322445836,1.1263999687668318,0.07423593623879618,0.2007461124495909,0.9024998346667837,0.0,0.0,0.0,0,0.0434
196,0,0.0,0.026531241731408403,-0.5670425329138854,0.9404648948031998,0.8563341711960222,0.15109227605189618,0.4391459240398474,0.2258622782995575,0.03905995002156133,-0.03998737128841873,-0.9007159537646372,1.7466660444877007,0.9019337501489038,-0.4655016446539648,0.009549681486363659,2.9427359524622734,-0.9957511264748093,0.1520474503385203,-0.32565438007941583,0.3033750305343508,-0.00979414307486759,-0.043187251276715494,-0.013988469773672074,0.9853515625,0.1520474503385203,-0.32565438007941583,0.3033750305343508,-0.00979414307486759,-0.043187251276715494,-0.013988469773672074,-1.0,0.12003098803222519,-0.3151509322445836,1.1263999687668316,0.07423593623879618,0.2007461124495909,0.9024998346667837,0.0,0.0,447.08405945308243,1,0.0399
197,0,0.0,0.02549921348265212,-0.5697432134925355,0.9431919726472077,0.8572843921174933,0.14883260280203459,0.437047499870365,0.22781968798146895,0.039091440353060634,-0.04002412158404234,-0.9050159708165528,1.7434684371222695,0.9001797952851749,-0.467429806315873,-0.010851563011907608,2.944710282855209,-0.971470056752381,0.15954604928644256,-0.34292122616260073,0.34171731582582976,-0.005546046890801529,-0.0577022832717444,-0.01755101563869116,0.94775390625,0.15954604928644256,-0.34292122616260073,0.34171731582582976,-0.005546046890801529,-0.0577022832717444,-0.01755101563869116,-1.0,0.12003098803222519,-0.3151509322445836,1.1263999687668316,0.07423593623879618,0.2007461124495909,0.9024998346667837,0.0,0.0,0.0,0,0.0411
198,0,0.0,0.023017865124264333,-0.571097019920502,0.9401400030056309,0.8582056134842209,0.14116031628484718,0.43976564114619476,0.22397113867150104,0.03926763090011648,-0.04002761040911847,-0.9074741186393279,1.7459762501868064,0.9007277041721858,-0.4682244091027123,0.008622061118319067,2.945304115884918,-0.977525871601848,0.14947943700019073,-0.30726143533863187,0.39877428798576875,-0.01137872482055409,-0.05601666665296684,-0.022173513312313126,0.172119140625,0.14947943700019073,-0.30726143533863187,0.39877428798576875,-0.01137872482055409,-0.05601666665296684,-0.022173513312313126,1.0,0.1200309880322252,-0.3151509322445836,1.1263999687668316,0.07423593623879618,0.2007461124495909,0.9024998346667837,0.0,0.0,82.83020823301037,1,0.0405
199,0,0.0,0.02310670614405562,-0.5718120863400619,0.9416827705370249,0.8574410676409474,0.13918175573253186,0.44189606819903143,0.22394445584608247,0.03886300093301456,-0.039735057009328,-0.9102097688035334,1.7490127987599373,0.9164664521610644,-0.4662736283465083,-0.0042915948655339355,2.9449003791114188,-0.9736744383870765,0.16966402183946105,-0.292246786570645,0.4147502401905516,-0.011024448413998161,-0.07554172582047347,-0.023449987343100887,0.244140625,0.16966402183946105,-0.292246786570645,0.4147502401905516,-0.011024448413998161,-0.07554172582047347,-0.023449987343100887,1.0,0.12003098803222519,-0.3151509322445836,1.1263999687668316,0.07423593623879618,0.2007461124495909,0.9024998346667837,0.0,0.0,0.0,0,0.0408
200,1,0.7371,0.022559911054720827,-0.571899198442039,0.9406182411191739,0.8564374299762889,0.13696652620675515,0.4454488651301072,0.22210449745280214,0.036781386251698675,-0.03771462444853091,-0.9140734953266082,1.7519025532717363,0.9304765863266095,-0.46906152477981566,-0.0006845568676860023,2.9457816335927323,-0.9874232616038704,0.03212122743852974,-0.18207680123554115,0.10647141961040174,-0.028506378730230555,-0.004055193244956096,-0.006747563831767528,0.96240234375,0.03212122743852974,-0.18207680123554115,0.10647141961040174,-0.028506378730230555,-0.004055193244956096,-0.006747563831767528,-1.0,0.12003098803222516,-0.3151509322445836,1.1263999687668318,0.07423593623879618,0.2007461124495909,0.9024998346667837,0.0,0.0,68.85555045791642,1,0.0432
201,0,0.0,0.022022428929815166,-0.572388507921439,0.940333477873409,0.8551526969164334,0.1306974809582658,0.45118810825368316,0.21922893148071568,0.034865514994564535,-0.035881539178484426,-0.9163974628501804,1.7583088089819845,0.9525449906202903,-0.46475905518807875,0.005894362594639053,2.9442423831691924,-0.9975048815966628,0.06871541750972598,-0.19971901353792576,0.14213202721036367,-0.025672167477783156,-0.0032709132903859794,-0.0068986258472453765,0.990234375,0.06871541750972598,-0.19971901353792576,0.14213202721036367,-0.025672167477783156,-0.0032709132903859794,-0.0068986258472453765,-1.0,0.12003098803222517,-0.31515093224458357,1.1263999687668316,0.07423593623879618,0.2007461124495909,0.9024998346667837,0.0,0.0,82.44171741985944,1,0.0461
202,0,0.0,0.02220334073670599,-0.5724240562040586,0.9408049490972292,0.85290356029739,0.13245885156271153,0.45453562318371565,0.2200171282689471,0.03513528364546856,-0.03615462099741807,-0.9221693533870905,1.762593032804235,0.9773668259565721,-0.4683689664648437,-0.007909063983695222,2.9454102990335755,-1.0133955598246696,0.11992160347601744,-0.23650490301949367,0.20535115236357582,-0.017568899851467618,-0.007666392737267741,-0.008520024813374216,0.994140625,0.11992160347601744,-0.23650490301949367,0.20535115236357582,-0.017568899851467618,-0.007666392737267741,-0.008520024813374216,-1.0,0.12003098803222517,-0.31515093224458357,1.1263999687668316,0.07423593623879618,0.2007461124495909,0.9024998346667837,0.0,0.0,81.01109802901252,1,0.0381
203,0,0.0,0.024529698463990404,-0.5726436268451097,0.9464984650362708,0.8486457198512687,0.12312635427434762,0.46666915957177485,0.2164722581898226,0.036421290942465746,-0.03754798017155774,-0.9234438720597117,1.762842148643533,1.009736349095155,-0.4665641838275076,0.011799989644489204,2.944670729175627,-1.0347995983462641,0.1533828172744517,-0.2978772798586401,0.265032745242872,-0.011720118448689795,-0.021443967461581476,-0.012044805174523832,0.98291015625,0.1533828172744517,-0.2978772798586401,0.265032745242872,-0.011720118448689795,-0.021443967461581476,-0.012044805174523832,-1.0,0.12003098803222519,-0.31515093224458357,1.126399968766832,0.07423593623879618,0.2007461124495909,0.9024998346667837,0.0,0.0,0.0,0,0.0366
204,0,0.0,0.029410050108147803,-0.5712663901684117,0.9552192399834264,0.8430344635168229,0.12762860831806982,0.4741531632058644,0.21950537461202874,0.03730695111955921,-0.03844453803595114,-0.9249377609889478,1.7630193321775616,1.0517728182781463,-0.46763207823921576,-0.013380574459496237,2.9450464630498723,-1.0518008523816282,0.1562589922133808,-0.31551949216102465,0.319122754850494,-0.010161302259843727,-0.038212341117128984,-0.016332448713836573,0.9775390625,0.1562589922133808,-0.31551949216102465,0.319122754850494,-0.010161302259843727,-0.038212341117128984,-0.016332448713836573,-1.0,0.12003098803222523,-0.31515093224458357,1.126399968766832,0.07423593623879618,0.2007461124495909,0.9024998346667837,0.0,0.0,0.0,0,0.0392
205,0,0.0,0.03614004237050089,-0.5675534135353353,0.9641491034639071,0.8352678575350603,0.11672107013212224,0.49322259394096213,0.21315550844899758,0.037906364480972794,-0.03886926118333194,-0.9223749325360144,1.764600353736317,1.1046958147690296,-0.4673618240193542,0.008832216459057348,2.9445808174348476,-1.0858796124575307,0.15964876981997578,-0.3297834084906122,0.3529004823691779,-0.006003385524719185,-0.05383941185371252,-0.019093421759226376,0.9580078125,0.15964876981997578,-0.3297834084906122,0.3529004823691779,-0.006003385524719185,-0.05383941185371252,-0.019093421759226376,-1.0,0.12003098803222524,-0.31515093224458357,1.1263999687668325,0.07423593623879618,0.2007461124495909,0.9024998346667837,0.0,0.0,0.0,0,0.0406
206,0,0.0,0.04473404538423997,-0.5645914764361655,0.9800637007405649,0.8260603934595456,0.11777479269419736,0.5074055546713071,0.21515791329161357,0.038203982743127606,-0.039322407997320154,-0.9198750450076415,1.7591246332458488,1.157989873896391,-0.46922452943237575,-0.0028227419892924745,2.945869855483902,-1.109797577978328,0.16088141622237395,-0.3110150975306286,0.430269736618055,-0.011687911502639259,-0.05580596457561965,-0.022118123906637893,0.2841796875,0.16088141622237395,-0.3110150975306286,0.430269736618055,-0.011687911502639259,-0.05580596457561965,-0.022118123906637893,1.0,0.12003098803222526,-0.31515093224458357,1.1263999687668322,0.07423593623879618,0.2007461124495909,0.9024998346667837,0.0,0.0,0.0,0,0.039
207,0,0.0,0.051146478945423915,-0.5597647396104535,0.9870476072531336,0.8184728789430389,0.11607159112118134,0.5205427968829448,0.2136930714425968,0.038023948334063744,-0.039156688568664964,-0.9141971393854718,1.7652834192111273,1.211522675243004,-0.4656913080744179,-0.006891554780189137,2.945352568827948,-1.1433177328214248,0.16740417010173103,-0.2802350675562555,0.4286721413975767,-0.01116615897662053,-0.07437115872410019,-0.02423047442306972,0.29931640625,0.16740417010173103,-0.2802350675562555,0.4286721413975767,-0.01116615897662053,-0.07437115872410019,-0.02423047442306972,1.0,0.12003098803222523,-0.31515093224458357,1.1263999687668322,0.07423593623879618,0.2007461124495909,0.9024998346667837,0.0,0.0,0.0,0,0.0387
208,1,0.738,0.059559634212759574,-0.5542995393145043,0.9988485884362506,0.8097560791659405,0.11370048242506806,0.5353503185181111,0.21158291285608546,0.03624980007651678,-0.03741685410571027,-0.9059655831693124,1.7624804272834074,1.2560011332401115,-0.46476778303455274,0.004002933762580005,2.9444517198913505,-1.1745811313772054,0.047940189602639904,-0.20534950682592085,0.1486365220365966,-0.030026546583815983,-0.013061243842678177,-0.0013093312745652286,0.95947265625,0.047940189602639904,-0.20534950682592085,0.1486365220365966,-0.030026546583815983,-0.013061243842678177,-0.0013093312745652286,-1.0,0.12003098803222523,-0.3151509322445836,1.1263999687668322,0.07423593623879618,0.2007461124495909,0.9024998346667837,0.0,0.0,0.0,0,0.059
209,0,0.0,0.06722924684526263,-0.5468119420408218,1.0047097161252647,0.8034865174514529,0.11533054572982693,0.5453978776627469,0.20892447567570027,0.034720549027199135,-0.035531234868743045,-0.8990723467754388,1.764353122850289,1.2911020391857924,-0.46873411291911893,0.00807040922165896,2.944924430947921,-1.201108107831244,0.13204262643293296,-0.271601644514663,0.18743526310535508,-0.01599720088420134,-0.008831106998159172,-0.0030515798530763583,0.9794921875,0.13204262643293296,-0.271601644514663,0.18743526310535508,-0.01599720088420134,-0.008831106998159172,-0.0030515798530763583,-1.0,0.12003098803222524,-0.3151509322445836,1.1263999687668322,0.07423593623879618,0.2007461124495909,0.9024998346667837,0.0,0.0,0.0,0,0.0541
210,0,0.0,0.07546895615067627,-0.5410267816917328,1.0170072770956577,0.7959966272810229,0.12099820110541867,0.5541386346288593,0.2113744977478398,0.035119039548333314,-0.035901443044435016,-0.889861095508882,1.760006233130542,1.326190819589206,-0.46773927141026794,-0.004266685459643214,2.944845831774956,-1.2202527501653977,0.1916462160155621,-0.3177716894762227,0.24563337470849267,-0.012724975165466598,-0.01433240654889606,-0.004743474426428168,0.9921875,0.1916462160155621,-0.3177716894762227,0.24563337470849267,-0.012724975165466598,-0.01433240654889606,-0.004743474426428168,-1.0,0.12003098803222526,-0.3151509322445836,1.1263999687668325,0.07423593623879618,0.2007461124495909,0.9024998346667837,0.0,0.0,0.0,0,0.0605
211,0,0.0,0.08159210131043904,-0.532900458346988,1.0177044329422937,0.7923839958417546,0.12433975871054398,0.5594733978212683,0.20894196483229763,0.03664498636030285,-0.03716485555539203,-0.8806531923950076,1.765089239489799,1.348586187466385,-0.469163687229855,-0.005647933232956544,2.945324329185081,-1.2398843761858873,0.23109090089230422,-0.3673200304105795,0.2915071803250835,-0.0088923485854525,-0.031821044770930756,-0.005881474943027903,0.98486328125,0.23109090089230422,-0.3673200304105795,0.2915071803250835,-0.0088923485854525,-0.031821044770930756,-0.005881474943027903,-1.0,0.12003098803222523,-0.3151509322445836,1.1263999687668322,0.07423593623879618,0.2007461124495909,0.9024998346667837,0.0,0.0,0.0,0,0.0624
212,0,0.0,0.08464931714596002,-0.5305938773537625,1.0223549278462754,0.789302803645907,0.12613011487766504,0.5630185464938895,0.21000570130728477,0.037432113281264535,-0.03827920040474864,-0.8774749049553173,1.7603824205573007,1.3526619307656556,-0.4703769309056945,0.007755911935888,2.9463989306881135,-1.2561265553879646,0.24187655691328835,-0.3845868764937644,0.32962123772792284,-0.00842856856232474,-0.049297611519784124,-0.006505864607002976,0.97900390625,0.24187655691328835,-0.3845868764937644,0.32962123772792284,-0.00842856856232474,-0.049297611519784124,-0.006505864607002976,-1.0,0.12003098803222521,-0.3151509322445836,1.126399968766832,0.07423593623879618,0.2007461124495909,0.9024998346667837,0.0,0.0,0.0,0,0.0608
213,0,0.0,0.08313075311991673,-0.5316259554764023,1.019764645744138,0.7897116851873965,0.13045506399621296,0.5603019466862902,0.21306961091572438,0.03800485135460491,-0.03879294575776837,-0.8811206746539183,1.7628659453631592,1.3507463552720815,-0.47297987626594423,0.005884639788816372,2.947021377429288,-1.2653618172573284,0.27258999643970994,-0.39434639819295586,0.3485641524850225,-0.006525138050737914,-0.06748822419742517,-0.010720494838834776,0.97802734375,0.27258999643970994,-0.39434639819295586,0.3485641524850225,-0.006525138050737914,-0.06748822419742517,-0.010720494838834776,-1.0,0.12003098803222521,-0.3151509322445836,1.126399968766832,0.07423593623879618,0.2007461124495909,0.9024998346667837,0.0,0.0,0.0,0,0.0595
214,0,0.0,0.08221161108836768,-0.5348189403112946,1.0243328246874541,0.7878835594514699,0.1354744754219945,0.5591309362468381,0.21967876407825815,0.038258695485391375,-0.039319592108042874,-0.8795204631900884,1.7587007899249305,1.352397117931171,-0.464332865984457,-0.00014766282019250268,2.9431704035277995,-1.274453803638258,0.30628233143859374,-0.41761910378333555,0.3891887166628989,-0.0045122039225792415,-0.08326746865653725,-0.009058812668578498,0.95361328125,0.30628233143859374,-0.41761910378333555,0.3891887166628989,-0.0045122039225792415,-0.08326746865653725,-0.009058812668578498,-1.0,0.12003098803222521,-0.3151509322445836,1.1263999687668318,0.07423593623879618,0.2007461124495909,0.9024998346667837,0.0,0.0,0.0,0,0.0679
215,0,0.0,0.08048524367623257,-0.5352895121251757,1.0197295310688017,0.7894010188069868,0.14016596466713463,0.5544693457360617,0.2230768443708258,0.03851603898731633,-0.03940549100794202,-0.8792905761330067,1.7646709731287178,1.349868868300976,-0.4610870019301856,-0.009607122525286756,2.9435870454444544,-1.2793122776348131,0.32672371761169694,-0.41987130109853354,0.41908657007470684,-0.001769077939431013,-0.09965540800576345,-0.015076116285112517,0.9228515625,0.32672371761169694,-0.41987130109853354,0.41908657007470684,-0.001769077939431013,-0.09965540800576345,-0.015076116285112517,-1.0,0.12003098803222521,-0.3151509322445836,1.1263999687668318,0.07423593623879618,0.2007461124495909,0.9024998346667837,0.0,0.0,0.0,0,0.064
216,1,0.7719,0.08062874977772679,-0.5327429552978589,1.0142446983200553,0.790330893208177,0.14663721613253816,0.5512912100875778,0.22350080036956854,0.03869115343086157,-0.03966296877460021,-0.8838427892236894,1.7636995972633367,1.3333480487833798,-0.47455143287391455,0.0072915334205891046,2.9477817279712046,-1.297117293320311,0.03838717998405394,-0.21811195827870972,0.1392791786023666,-0.030052312140656415,-0.016223238211756558,-0.0005439503961441883,0.96142578125,0.03838717998405394,-0.21811195827870972,0.1392791786023666,-0.030052312140656415,-0.016223238211756558,-0.0005439503961441883,-1.0,0.12003098803222521,-0.3151509322445836,1.1263999687668318,0.07423593623879618,0.2007461124495909,0.9024998346667837,0.0,0.0,0.0,0,0.0569
217,0,0.0,0.08247186556413337,-0.5340730500069484,1.0233999583548599,0.7876392953022339,0.15203969707632883,0.5514467330591022,0.2289427256044203,0.038822095491565206,-0.03991315400748418,-0.8791735948041752,1.752534865344342,1.3273537465407261,-0.4681057420510158,0.0077683872440537025,2.9436659720733798,-1.298628307848886,0.1377179359106413,-0.30275704070823584,0.17625209656200713,-0.013169431020964031,-0.01347094232640883,-0.0024171193880694053,0.97900390625,0.1377179359106413,-0.30275704070823584,0.17625209656200713,-0.013169431020964031,-0.01347094232640883,-0.0024171193880694053,-1.0,0.12003098803222521,-0.3151509322445836,1.1263999687668318,0.07423593623879618,0.2007461124495909,0.9024998346667837,0.0,0.0,0.0,0,0.0596
218,0,0.0,0.08111878978473754,-0.535240331775384,1.0217294214394048,0.7885430916244268,0.157721287390818,0.546403193522553,0.2340242258047833,0.03885344710666474,-0.04006292941310804,-0.8750657462867094,1.7569536670556773,1.3266836171176906,-0.45676609097555054,-0.011167964740693306,2.941669229591766,-1.2977151454215465,0.21445017445992864,-0.358686607368987,0.24015590538113862,-0.010303012822466096,-0.017990794527280224,-0.003202641868554179,0.9931640625,0.21445017445992864,-0.358686607368987,0.24015590538113862,-0.010303012822466096,-0.017990794527280224,-0.003202641868554179,-1.0,0.1200309880322252,-0.3151509322445836,1.1263999687668318,0.07423593623879618,0.2007461124495909,0.9024998346667837,0.0,0.0,0.0,0,0.0661
219,0,0.0,0.07849641870785856,-0.53410751415113,1.0106252167266612,0.7927967595419567,0.16251422755429132,0.5394225180650606,0.23256347715527625,0.038929802836279795,-0.04004026115830798,-0.8866458425453515,1.7572268480791204,1.2931957978053263,-0.4787386315349756,0.012659068020689826,2.949153353673993,-1.306833923269344,0.2603662529492611,-0.40448128611134704,0.2878555341068474,-0.006982476684655556,-0.03735782713677646,-0.0032932790778408827,0.990234375,0.2603662529492611,-0.40448128611134704,0.2878555341068474,-0.006982476684655556,-0.03735782713677646,-0.0032932790778408827,-1.0,0.1200309880322252,-0.3151509322445836,1.1263999687668318,0.07423593623879618,0.2007461124495909,0.9024998346667837,0.0,0.0,0.0,0,0.0722
