step,query,infer_s,eef_x,eef_y,eef_z,eef_qx,eef_qy,eef_qz,eef_qw,gripper_q0,gripper_q1,joint_0,joint_1,joint_2,joint_3,joint_4,joint_5,joint_6,act_raw_0,act_raw_1,act_raw_2,act_raw_3,act_raw_4,act_raw_5,act_raw_6,act_env_0,act_env_1,act_env_2,act_env_3,act_env_4,act_env_5,act_env_6,akita_black_bowl_1_x,akita_black_bowl_1_y,akita_black_bowl_1_z,plate_1_x,plate_1_y,plate_1_z,force_akita_black_bowl_1,force_plate_1,force_other,n_contacts,sim_s
0,1,0.845,-0.20764173307333064,-0.019374770787403458,1.184127151873979,0.9996146643532497,-0.0006207504857075885,-0.027751322775793535,-3.953437648100688e-05,0.03872188923540681,-0.03872361305105269,-0.015047951770773327,-0.1749424347641853,-0.026683022760332884,-2.428611710041635,-0.008417560091650718,2.198209827756764,0.7510515035241344,0.0689978989769423,0.09799918416198938,0.07543242675539497,0.000494365840976993,-0.005992481789453913,0.0021650950814251224,0.98046875,0.0689978989769423,0.09799918416198938,0.07543242675539497,0.000494365840976993,-0.005992481789453913,0.0021650950814251224,-1.0,-0.01672518966856492,0.31401826074588124,0.8984039816337849,0.08365533727700081,0.20506557035370937,0.9024997801363023,0.0,0.0,0.0,0,0.0348
1,0,0.0,-0.2071443966821117,-0.018842248697030373,1.1846314490885708,0.999622765986259,-0.00025554239241226684,-0.027463182599750682,-0.00018444933823506468,0.038858941134792484,-0.03883104575445786,-0.014410443650803167,-0.17459565691491014,-0.026138549492888304,-2.426864032509559,-0.007827003370919721,2.197458739845237,0.7511045415101052,0.13217102709984951,0.17827476919614427,0.08011109847250997,0.00037520014059000406,-0.010156774234801935,0.0013997142030040544,0.98974609375,0.13217102709984951,0.17827476919614427,0.08011109847250997,0.00037520014059000406,-0.010156774234801935,0.0013997142030040544,-1.0,-0.016725175997031543,0.31401826304998476,0.8984041041978115,0.0836553362043787,0.20506557112363538,0.9024998198098487,0.0,0.0,0.0,0,0.0359
2,0,0.0,-0.20606068604467964,-0.017367182093154125,1.1854872763508095,0.9996524021702142,0.0002767114316655217,-0.026359247960933998,-0.00043395049984987916,0.038940814902880934,-0.03888667700328083,-0.01329117595637661,-0.17389713876163967,-0.024079594943324536,-2.424162033691784,-0.006466796176848567,2.1976791276373886,0.752331433653165,0.22287325820964954,0.2891954869696475,0.09146543593233791,0.0005024175774896306,-0.013680912799320794,0.0013997142030040544,0.9951171875,0.22287325820964954,0.2891954869696475,0.09146543593233791,0.0005024175774896306,-0.013680912799320794,0.0013997142030040544,-1.0,-0.016725172395298932,0.3140182636580664,0.8984041376398864,0.0836553359155604,0.2050655713307201,0.9024998306189425,0.0,0.0,0.0,0,0.0345
3,0,0.0,-0.20421820699600587,-0.014708985790447455,1.1863737540299684,0.9996980078471736,0.0009122029623223615,-0.02454519733935224,-0.0007708954009374765,0.03899965821746671,-0.03893178440698222,-0.011588703521452477,-0.1717658706855225,-0.020073142631595264,-2.4201684798595227,-0.0042557191853250555,2.199464452437396,0.7553241471744098,0.34213179764167434,0.3988024229759517,0.09351948693009571,0.0016312710365610078,-0.013799432717828575,0.002265803091743679,0.99853515625,0.34213179764167434,0.3988024229759517,0.09351948693009571,0.0016312710365610078,-0.013799432717828575,0.002265803091743679,-1.0,-0.016725171446415048,0.31401826381854564,0.8984041467647579,0.0836553358377923,0.20506557138641948,0.9024998335639202,0.0,0.0,0.0,0,0.0341
4,0,0.0,-0.20134758404033118,-0.010656532785913825,1.1871392718543154,0.9997567631469471,0.0016480359282286527,-0.021960029431693978,-0.0012064936285956975,0.03905079228374228,-0.03897385748069113,-0.009228217467154807,-0.16719046560008347,-0.013801750034555053,-2.414256137220084,-0.0011442095059660245,2.2033180605448623,0.760451428136849,0.49559627474024903,0.5185442469006472,0.09506002517841394,0.0028986143636497153,-0.018593636581912487,0.0018629710504694252,1.0009765625,0.49559627474024903,0.5185442469006472,0.09506002517841394,0.0028986143636497153,-0.018593636581912487,0.0018629710504694252,-1.0,-0.016725171196427982,0.31401826386089715,0.8984041492545526,0.08365533581685224,0.2050655714014011,0.9024998343662982,0.0,0.0,0.0,0,0.0348
5,0,0.0,-0.19708166924541012,-0.005102113767696997,1.1876841741974833,0.9998258952922242,0.0024428408500459797,-0.01841393622233974,-0.0017716050580967278,0.03909930358778952,-0.03901295834902251,-0.006191520978643258,-0.1590431465057062,-0.005143722826063636,-2.405533014328088,0.00282539878096689,2.2098990065736004,0.7679696210953801,0.6289275272663198,0.6285265491261511,0.09329125904145585,0.004950196827069028,-0.03404512225404002,-2.026874248767241e-05,0.9990234375,0.6289275272663198,0.6285265491261511,0.09329125904145585,0.004950196827069028,-0.03404512225404002,-2.026874248767241e-05,-1.0,-0.016725171130567696,0.31401826387207377,0.8984041499339182,0.08365533581121383,0.2050655714054308,0.9024998345849135,0.0,0.0,0.0,0,0.0346
6,0,0.0,-0.19120067531733106,0.001973062553438878,1.1880384479423332,0.9998972335262087,0.0031813350455532907,-0.01375117514654939,-0.002511309628410413,0.039145777951293925,-0.039049167726126745,-0.0025279517243565973,-0.14678934799397958,0.00581186777159872,-2.3933170536358377,0.007438845282821638,2.21938348260664,0.7781211342640044,0.6289275272663198,0.6431658316749385,0.06390691837908746,0.004006533307788246,-0.05191968181566031,-0.0005338795951123354,0.998046875,0.6289275272663198,0.6431658316749385,0.06390691837908746,0.004006533307788246,-0.05191968181566031,-0.0005338795951123354,-1.0,-0.016725171113216433,0.31401826387502324,0.8984041501192911,0.08365533580969561,0.20506557140651477,0.9024998346444776,0.0,0.0,0.0,0,0.0346
7,0,0.0,-0.18429606656270858,0.009985458225718632,1.1882113374694727,0.999950798019605,0.0036728842770645254,-0.008626650380780485,-0.003239191913007712,0.03918799949614677,-0.03908430630837491,0.001426054756696234,-0.13149935777649674,0.01806021032408745,-2.378343626088004,0.011580728840370112,2.230063293117117,0.7906643771376423,0.6186554739130016,0.6566790155661266,0.04228232593047054,0.005671632418601094,-0.059926360754853664,-0.00041302998273004543,0.99853515625,0.6186554739130016,0.6566790155661266,0.04228232593047054,0.005671632418601094,-0.059926360754853664,-0.00041302998273004543,-1.0,-0.01672517110864513,0.31401826387580145,0.8984041501698725,0.08365533580928682,0.20506557140680629,0.9024998346607068,0.0,0.0,0.0,0,0.0336
8,1,0.7307,-0.17700915779350462,0.018411738009905892,1.1882586213368334,0.9999782526840961,0.00396419715773616,-0.0035297775376468225,-0.003914073362918709,0.03922841890151825,-0.039117905983729745,0.005422451008395266,-0.11457507028459774,0.030751440706905702,-2.361700576991286,0.014796655922484296,2.2406944739976344,0.8046883185100946,0.07157875238196343,0.10758531892594503,0.057687708413654004,3.3806512454298554e-05,-0.009790972017185262,0.0012486521875262058,0.98388671875,0.07157875238196343,0.10758531892594503,0.057687708413654004,3.3806512454298554e-05,-0.009790972017185262,0.0012486521875262058,-1.0,-0.016725171107440782,0.3140182638760068,0.8984041501836746,0.08365533580917672,0.2050655714068847,0.9024998346651287,0.0,0.0,0.0,0,0.0367
9,0,0.0,-0.1726567445296809,0.02399967368362993,1.1883978921228469,0.9999850915383011,0.0032631337943552774,-0.002625312115786802,-0.0035037687237268428,0.03925637993041115,-0.03916179165847482,0.00802227140642363,-0.10281026983067179,0.039052000646134365,-2.348172457320569,0.014239123380370913,2.2403392998522857,0.8174421231220648,0.13848833991214016,0.19854454503292662,0.06322223471316812,7.245484771493949e-05,-0.015201735519062037,0.0008357493452200992,0.99365234375,0.13848833991214016,0.19854454503292662,0.06322223471316812,7.245484771493949e-05,-0.015201735519062037,0.0008357493452200992,-1.0,-0.016725171107123488,0.3140182638760609,0.8984041501874408,0.08365533580914708,0.2050655714069058,0.9024998346663334,0.0,0.0,0.0,0,0.0351
10,0,0.0,-0.17017024483242582,0.027193583576287386,1.189450063800563,0.9999869803498509,0.002610962458469257,-0.0033028496590413606,-0.002883260299615006,0.03928768650967432,-0.039198312048316204,0.009628410079787082,-0.09614493644251754,0.043922423975570925,-2.337156043494519,0.013053994538202595,2.234731728843038,0.8259544190262181,0.22225693500845045,0.3167849040808234,0.0784564462798718,5.957206929473047e-05,-0.017526957315342317,0.00103716536585724,0.99853515625,0.22225693500845045,0.3167849040808234,0.0784564462798718,5.957206929473047e-05,-0.017526957315342317,0.00103716536585724,-1.0,-0.016725171107039895,0.31401826387607523,0.8984041501884683,0.08365533580913914,0.20506557140691148,0.9024998346666617,0.0,0.0,0.0,0,0.0403
11,0,0.0,-0.16733788786026654,0.03077722287677006,1.1907390853911104,0.9999886213396203,0.002649293321409174,-0.002789888564044417,-0.0028204535064065813,0.0393206383612068,-0.03923026666630008,0.011366562721344915,-0.08971813005678117,0.04916726730526677,-2.326377953659934,0.013116974732728937,2.2315451250733793,0.832824081528001,0.36596296142137275,0.4370897773343183,0.07446245822867614,0.0006747247388600164,-0.021467378803508935,0.001742121438087163,1.0048828125,0.36596296142137275,0.4370897773343183,0.07446245822867614,0.0006747247388600164,-0.021467378803508935,0.001742121438087163,-1.0,-0.016725171107017878,0.314018263876079,0.8984041501887489,0.083655335809137,0.20506557140691298,0.9024998346667512,0.0,0.0,0.0,0,0.0352
12,0,0.0,-0.16360623017322234,0.03546796443292797,1.191802343887123,0.9999897574610839,0.0031140544693563643,-0.0009301225958046131,-0.003150001530170042,0.0393536581218175,-0.039259362307703695,0.013521728866777395,-0.0812889413115774,0.05588903263990816,-2.314609927317911,0.01389106900550896,2.2321306105521335,0.8403098436436567,0.523741700928341,0.5560808688206145,0.07469068611731577,0.002937262698910356,-0.02751335785627701,0.0008055369421245406,1.0068359375,0.523741700928341,0.5560808688206145,0.07469068611731577,0.002937262698910356,-0.02751335785627701,0.0008055369421245406,-1.0,-0.016725171107012073,0.31401826387608,0.8984041501888254,0.08365533580913644,0.20506557140691337,0.9024998346667756,0.0,0.0,0.0,0,0.0369
13,0,0.0,-0.1585171896360065,0.04152724465493583,1.1924553775972115,0.9999828919402436,0.0037414162966777353,0.0023512438222732662,-0.0038326600956740398,0.039386551847556454,-0.039285911056213485,0.01616656548801525,-0.06928609931232353,0.0644092629449833,-2.3005089998814814,0.01497256372536598,2.2368644283773316,0.8495816910819343,0.6350907592783107,0.64128900057894,0.06664565304276437,0.0031047388183731567,-0.04583273291451914,-0.00037274677860263394,1.0029296875,0.6350907592783107,0.64128900057894,0.06664565304276437,0.0031047388183731567,-0.04583273291451914,-0.00037274677860263394,-1.0,-0.016725171107010547,0.31401826387608,0.8984041501888462,0.08365533580913631,0.20506557140691337,0.9024998346667822,0.0,0.0,0.0,0,0.0362
14,0,0.0,-0.15198940521502174,0.04885097312653227,1.1927730178538636,0.9999552888102348,0.004324290204864634,0.006950654434598128,-0.0047338459622480455,0.039418777002561634,-0.03931057109004342,0.019228404093909367,-0.053456996443855584,0.07451227471011579,-2.2834116852023683,0.015617126271540199,2.2451079405552075,0.8612156005459585,0.625640470193258,0.6442919303325374,0.0384024518235947,0.004692541258664709,-0.06421063632757995,-0.0008964284322591498,1.0009765625,0.625640470193258,0.6442919303325374,0.0384024518235947,0.004692541258664709,-0.06421063632757995,-0.0008964284322591498,-1.0,-0.016725171107010144,0.31401826387608,0.8984041501888518,0.08365533580913631,0.20506557140691337,0.9024998346667837,0.0,0.0,0.0,0,0.0349
15,0,0.0,-0.1446520611404221,0.05688928040919354,1.1928485089488219,0.9998994613144481,0.004677620202930277,0.012136953857718449,-0.005646369042845625,0.039449218720218907,-0.03933457085960553,0.02248012452971,-0.03515397409450479,0.08538529544985363,-2.264169533154023,0.015158873724646166,2.254789839661874,0.8749469228856117,0.6001657778770287,0.6510485222781315,0.03024330480472348,0.008209539767383534,-0.06987618107402671,-0.0005943044013034526,0.99853515625,0.6001657778770287,0.6510485222781315,0.03024330480472348,0.008209539767383534,-0.06987618107402671,-0.0005943044013034526,-1.0,-0.016725171107010033,0.31401826387608,0.8984041501888531,0.08365533580913631,0.20506557140691337,0.9024998346667837,0.0,0.0,0.0,0,0.0336
16,1,0.7466,-0.1371672206913717,0.06523790450427737,1.1928417478384519,0.9998165645519703,0.0048520630307437584,0.017323481278633632,-0.0065720414049789365,0.039478428751497444,-0.03935746725583068,0.025788926977747834,-0.015977182528586945,0.09645405062761735,-2.2438812982958427,0.013721679146533133,2.264268294038363,0.8898614188161729,0.07993763579822621,0.13445076310458248,0.05186789725334029,-5.2347068230901295e-05,-0.010206523336397794,0.0007551829369652485,0.99267578125,0.07993763579822621,0.13445076310458248,0.05186789725334029,-5.2347068230901295e-05,-0.010206523336397794,0.0007551829369652485,-1.0,-0.016725171107010023,0.31401826387608,0.8984041501888531,0.08365533580913631,0.20506557140691337,0.9024998346667837,0.0,0.0,0.0,0,0.0366
17,0,0.0,-0.13271243949413897,0.07091936504519626,1.1929396658291833,0.9998066365124663,0.004192067375827502,0.018221811402049034,-0.006089478300500941,0.03949656494347659,-0.039389217640901815,0.028087160876300102,-0.0026995669869253358,0.10400848604913702,-2.2276809678352354,0.009901804298972007,2.2625479910409183,0.9035103354569026,0.14616669979374564,0.23645653317209347,0.06533334268308577,7.943927524955985e-07,-0.014592126123403881,0.0009062449524430971,0.998046875,0.14616669979374564,0.23645653317209347,0.06533334268308577,7.943927524955985e-07,-0.014592126123403881,0.0009062449524430971,-1.0,-0.016725171107010023,0.31401826387608,0.8984041501888531,0.08365533580913631,0.20506557140691337,0.9024998346667837,0.0,0.0,0.0,0,0.0344
18,0,0.0,-0.13012035723139373,0.07457564654717067,1.1940158044140083,0.9998269195644186,0.0036139815744946624,0.017467637340270563,-0.005286936471344855,0.03951852167037015,-0.03941502689166307,0.02968594984996234,0.005211365489462516,0.1090485791024651,-2.214455728191725,0.006670729346696107,2.255632763380099,0.9132824778074332,0.2500941995959429,0.3543215260007906,0.07708707894803335,-9.502127174786101e-05,-0.020273400365208166,0.0007853953400608349,1.0009765625,0.2500941995959429,0.3543215260007906,0.07708707894803335,-9.502127174786101e-05,-0.020273400365208166,0.0007853953400608349,-1.0,-0.016725171107010023,0.31401826387608,0.8984041501888531,0.08365533580913631,0.20506557140691337,0.9024998346667837,0.0,0.0,0.0,0,0.0356
19,0,0.0,-0.12706073605007862,0.07870548450328788,1.195355130164178,0.9998158165523858,0.003626774442125724,0.01810999998019677,-0.005216069358106352,0.039542073625608534,-0.03943719120235144,0.03143235152859736,0.013188348443149882,0.11444270883906088,-2.2012632924154336,0.004739181340514559,2.2517775537455123,0.9215480547198519,0.39739544468252663,0.4701220046238894,0.07457657217299585,0.00012237561409327025,-0.02396653955426592,0.0017622630401508688,1.0087890625,0.39739544468252663,0.4701220046238894,0.07457657217299585,0.00012237561409327025,-0.02396653955426592,0.0017622630401508688,-1.0,-0.016725171107010023,0.31401826387608,0.8984041501888531,0.08365533580913631,0.20506557140691337,0.9024998346667837,0.0,0.0,0.0,0,0.0351
20,0,0.0,-0.12299759032039718,0.08384981317943922,1.196396686580936,0.9997705989112966,0.0039950967003153925,0.020254037384226972,-0.005706375779722147,0.03956587207372423,-0.03945714379233419,0.03354176698775661,0.023606804177939707,0.12089927573774284,-2.1867328769522185,0.0030674554669880105,2.2521237058907153,0.9303345924732772,0.5755128498290648,0.5868608987949877,0.06550451359956555,0.0021546339098822698,-0.026945632814535964,0.001621271825704873,1.0107421875,0.5755128498290648,0.5868608987949877,0.06550451359956555,0.0021546339098822698,-0.026945632814535964,0.001621271825704873,-1.0,-0.016725171107010023,0.31401826387608,0.8984041501888531,0.08365533580913631,0.20506557140691337,0.9024998346667837,0.0,0.0,0.0,0,0.0349
21,0,0.0,-0.11748580011814752,0.09022999195081227,1.196872350153438,0.9996821619004993,0.004533124875684913,0.023877495668339778,-0.006700086373516156,0.03958991778090742,-0.03947496760789372,0.03609149240901569,0.03822445636378419,0.12861438962025004,-2.169345677099661,0.0009717791214604901,2.2568471595754667,0.9406799411502875,0.6593328051921418,0.6364092397293444,0.043195237485029514,0.0004686002841365611,-0.04627754841114101,0.0006444041256148392,1.0068359375,0.6593328051921418,0.6364092397293444,0.043195237485029514,0.0004686002841365611,-0.04627754841114101,0.0006444041256148392,-1.0,-0.016725171107010023,0.31401826387608,0.8984041501888531,0.08365533580913631,0.20506557140691337,0.9024998346667837,0.0,0.0,0.0,0,0.0349
22,0,0.0,-0.1105776530099254,0.09755370860982389,1.1968269056241767,0.9995455574261648,0.0050249494192504685,0.028662906579151905,-0.007865513294445355,0.0396129654055489,-0.03949198995158444,0.03899966483283545,0.056996506165980836,0.13717821954401907,-2.1486705570613647,-0.002623789827254682,2.2646892047965013,0.953152800431084,0.6523478089118854,0.6240221544957552,0.018660739456255793,0.0029404833935154084,-0.05580596457561965,0.00016100567608576255,1.0048828125,0.6523478089118854,0.6240221544957552,0.018660739456255793,0.0029404833935154084,-0.05580596457561965,0.00016100567608576255,-1.0,-0.016725171107010023,0.31401826387608,0.8984041501888531,0.08365533580913631,0.20506557140691337,0.9024998346667837,0.0,0.0,0.0,0,0.0343
23,0,0.0,-0.10299280662693297,0.1052802193775375,1.1964423301684959,0.9993758890909836,0.005341647715428999,0.033768485905785864,-0.008887545382159964,0.0396346220662762,-0.039508683567884395,0.04212145683175164,0.07821468203490656,0.14597050975441336,-2.1257441950288425,-0.008004801101331576,2.2731479957292873,0.9673999606156137,0.6379669342172399,0.6202684923037585,0.014852186564579872,0.003723112182543495,-0.05568890786598232,0.0011882273813350608,1.0009765625,0.6379669342172399,0.6202684923037585,0.014852186564579872,0.003723112182543495,-0.05568890786598232,0.0011882273813350608,-1.0,-0.016725171107010023,0.31401826387608,0.8984041501888531,0.08365533580913631,0.20506557140691337,0.9024998346667837,0.0,0.0,0.0,0,0.0339
24,1,0.7451,-0.09528209905279622,0.11313812927117015,1.1959408416644892,0.9991890391547126,0.005546718788411342,0.038663588686746686,-0.009778796123544223,0.03965534219314239,-0.039524669599285286,0.04539181515276676,0.10043548496144256,0.1546740142577649,-2.101426057263415,-0.014651157290760882,2.2806432650532718,0.9825638757409757,0.08161968453483204,0.12811645815558803,0.05343696398773856,-9.502127174786101e-05,-0.008965722214242106,0.0008156077431563935,1.0009765625,0.08161968453483204,0.12811645815558803,0.05343696398773856,-9.502127174786101e-05,-0.008965722214242106,0.0008156077431563935,-1.0,-0.016725171107010023,0.31401826387608,0.8984041501888531,0.08365533580913631,0.20506557140691337,0.9024998346667837,0.0,0.0,0.0,0,0.0582
25,0,0.0,-0.09061041226295304,0.11854194941172112,1.1958150714987075,0.9991791045255681,0.0050357495749935866,0.039192932091697365,-0.008925938592477851,0.039666669209221996,-0.0395484845680649,0.0479566706977661,0.11598822591881693,0.16072909697019655,-2.0814946288995513,-0.022137470234336334,2.2761170040163585,0.9964341769385702,0.15851884395111082,0.2155298664517118,0.07212312237011864,-2.426301852556656e-06,-0.014532134559714749,0.0015205638153863166,1.0029296875,0.15851884395111082,0.2155298664517118,0.07212312237011864,-2.426301852556656e-06,-0.014532134559714749,0.0015205638153863166,-1.0,-0.016725171107010023,0.31401826387608,0.8984041501888531,0.08365533580913631,0.20506557140691337,0.9024998346667837,0.0,0.0,0.0,0,0.0399
26,0,0.0,-0.0878185973575215,0.12217648601354608,1.1970308529984415,0.9992312119108986,0.0045092680496924276,0.03816595502019921,-0.007746710406856101,0.03968167583391169,-0.03956712487152058,0.04994285922560546,0.12546209238120457,0.1649276290410367,-2.064968062132411,-0.027652209037949085,2.2664186911440356,1.0065846893022357,0.2935449852804791,0.33330101772560894,0.07092492595475974,0.0005700521641957695,-0.023744131805955,0.001238581386494353,1.0048828125,0.2935449852804791,0.33330101772560894,0.07092492595475974,0.0005700521641957695,-0.023744131805955,0.001238581386494353,-1.0,-0.016725171107010023,0.31401826387608,0.8984041501888531,0.08365533580913631,0.20506557140691337,0.9024998346667837,0.0,0.0,0.0,0,0.0382
27,0,0.0,-0.08434724340789156,0.12619797199567342,1.1984998286390818,0.9992057948574669,0.0044759192156089145,0.03886781421618296,-0.007552396208374203,0.03969817769264019,-0.039582825698200264,0.05203302820724072,0.1353985411349284,0.16917286190732722,-2.048318053519667,-0.03179185812969033,2.2608663713721393,1.0149801230394395,0.42369190126702116,0.4417818550743142,0.05255258091925952,0.0022415926642187223,-0.028051818720608745,0.0017219798360234573,1.0107421875,0.42369190126702116,0.4417818550743142,0.05255258091925952,0.0022415926642187223,-0.028051818720608745,0.0017219798360234573,-1.0,-0.016725171107010023,0.31401826387608,0.8984041501888531,0.08365533580913631,0.20506557140691337,0.9024998346667837,0.0,0.0,0.0,0,0.0349
28,0,0.0,-0.07979681100718122,0.13107513035211382,1.1994386463207147,0.9991076616195849,0.004766016143401219,0.04116718645874721,-0.008150358411472497,0.039714997388845055,-0.03959682494237485,0.05447819864532795,0.14821027291423475,0.17397310648621422,-2.030308901221305,-0.035864803357645025,2.260163912367042,1.0234833980935558,0.6116704776327452,0.5369371916414312,0.01981614314249458,0.0055556874128191575,-0.027396301146639684,0.002064387071106538,1.0185546875,0.6116704776327452,0.5369371916414312,0.01981614314249458,0.0055556874128191575,-0.027396301146639684,0.002064387071106538,-1.0,-0.016725171107010023,0.31401826387608,0.8984041501888531,0.08365533580913631,0.20506557140691337,0.9024998346667837,0.0,0.0,0.0,0,0.0331
29,0,0.0,-0.07382048544880639,0.13693612352633722,1.1994916103514106,0.9989344295906256,0.005192833233361394,0.044873915633855406,-0.009453653111138244,0.03973192488945816,-0.03960939232773274,0.05736822235120628,0.16560704656922767,0.17935862432463887,-2.009447807716497,-0.04059660557535678,2.264133282746087,1.0329497826682645,0.6733027977526546,0.5602098972318108,-0.01906818338450378,0.004273850960007708,-0.04353842140562747,0.0017824046422145745,1.0146484375,0.6733027977526546,0.5602098972318108,-0.01906818338450378,0.004273850960007708,-0.04353842140562747,0.0017824046422145745,-1.0,-0.016725171107010023,0.31401826387608,0.8984041501888531,0.08365533580913631,0.20506557140691337,0.9024998346667837,0.0,0.0,0.0,0,0.0349
30,0,0.0,-0.06654980921036907,0.14338718179304052,1.1986991817517962,0.998697337668589,0.00559108477974718,0.049515172000850996,-0.01098249727442279,0.039747700130993546,-0.03962184584497619,0.060653048573795255,0.18730607974351507,0.1848867350323206,-1.9854140117797183,-0.04697929526893766,2.2709556114360865,1.0437536180124267,0.6654960372041326,0.5530779390670171,-0.035885725928645695,0.009111334256798623,-0.048782561997379875,0.002467219112380792,1.0126953125,0.6654960372041326,0.5530779390670171,-0.035885725928645695,0.009111334256798623,-0.048782561997379875,0.002467219112380792,-1.0,-0.016725171107010023,0.31401826387608,0.8984041501888531,0.08365533580913631,0.20506557140691337,0.9024998346667837,0.0,0.0,0.0,0,0.035
31,0,0.0,-0.05873480266943015,0.15010351964313426,1.1974677573371912,0.9984296899887836,0.005922806059768471,0.05430277037822727,-0.012421096832747825,0.039762838745782444,-0.03963372510947443,0.06427689596436087,0.2112677322423957,0.19036591062026664,-1.9592064332310255,-0.05476103873447752,2.277927949965643,1.055559701693077,0.6474172233022927,0.5433184173678256,-0.07131810563996777,0.008982506472596463,-0.04367888945719228,0.0036958568382672308,1.0126953125,0.6474172233022927,0.5433184173678256,-0.07131810563996777,0.008982506472596463,-0.04367888945719228,0.0036958568382672308,-1.0,-0.016725171107010023,0.31401826387608,0.8984041501888531,0.08365533580913631,0.20506557140691337,0.9024998346667837,0.0,0.0,0.0,0,0.0404
32,1,0.7494,-0.05089231901682917,0.15690859687935818,1.1959180485740095,0.9981644784303484,0.006213826868450623,0.05865356314773925,-0.013741247599573608,0.039777201241656464,-0.03964522215418891,0.06819198364991727,0.23635315683645514,0.1956647459790249,-1.9316799998173375,-0.06329670094874904,2.2836703740398265,1.0677445951691305,0.13479040070494563,0.11494931499772454,0.030528589665523076,0.0014541328332830505,-0.008497495375692776,0.00141985580506776,1.0087890625,0.13479040070494563,0.11494931499772454,0.030528589665523076,0.0014541328332830505,-0.008497495375692776,0.00141985580506776,-1.0,-0.016725171107010023,0.31401826387608,0.8984041501888531,0.08365533580913631,0.20506557140691337,0.9024998346667837,0.0,0.0,0.0,0,0.0381
33,0,0.0,-0.0458176585611107,0.16157615290379498,1.1950196857620916,0.9981561157751313,0.005930788537866383,0.058985804487195745,-0.01303338624529726,0.03978406950154375,-0.03966311008351011,0.0716065258624139,0.2547073425183246,0.19915141455721821,-1.9082671340202517,-0.0717759275713934,2.277672188221743,1.0788962380412719,0.2317072240935033,0.1976061294849274,0.046219257009506354,0.0023897446160511954,-0.0142720491829893,0.003212458388738154,1.0078125,0.2317072240935033,0.1976061294849274,0.046219257009506354,0.0023897446160511954,-0.0142720491829893,0.003212458388738154,-1.0,-0.016725171107010023,0.31401826387608,0.8984041501888531,0.08365533580913631,0.20506557140691337,0.9024998346667837,0.0,0.0,0.0,0,0.0357
34,0,0.0,-0.04233242545633022,0.1648993097126332,1.1958146932263563,0.9982199469940842,0.005605285459985454,0.05816307890324661,-0.011940454368774174,0.039794704865289625,-0.03967617591523149,0.07453596748734462,0.2671621579505081,0.20154617571311495,-1.8878723960334496,-0.07795015694729274,2.26714412512831,1.0871518412031425,0.3669901667567045,0.29567055425084177,0.016021854493858623,0.004393016660394711,-0.02418309446709499,0.002205378285552534,1.0107421875,0.3669901667567045,0.29567055425084177,0.016021854493858623,0.004393016660394711,-0.02418309446709499,0.002205378285552534,-1.0,-0.016725171107010023,0.31401826387608,0.8984041501888531,0.08365533580913631,0.20506557140691337,0.9024998346667837,0.0,0.0,0.0,0,0.0346
35,0,0.0,-0.03804211863687289,0.16856908775150145,1.1966973915638845,0.9981658590632206,0.005632400162483453,0.05907986640817633,-0.011948357802790938,0.03980628353519189,-0.039687280784536504,0.07757055360141918,0.28063923801873253,0.20379310554317864,-1.8670578432826441,-0.08293049643519514,2.261190064253783,1.0938344222893526,0.4651909968144269,0.3680223930015787,-0.02310496416481944,0.007758642522675996,-0.03479428519571895,0.002950617561909896,1.0166015625,0.4651909968144269,0.3680223930015787,-0.02310496416481944,0.007758642522675996,-0.03479428519571895,0.002950617561909896,-1.0,-0.016725171107010023,0.31401826387608,0.8984041501888531,0.08365533580913631,0.20506557140691337,0.9024998346667837,0.0,0.0,0.0,0,0.0341
36,0,0.0,-0.032703314360307684,0.17279434783486836,1.1968287377218618,0.9980074833757203,0.00588292767453541,0.061507313383446324,-0.01277907228194054,0.039817817163937105,-0.03969745695488721,0.08094021780893819,0.2970613264923689,0.20603590320967793,-1.844992658926736,-0.08801618365151424,2.2601676421890304,1.1002842526013117,0.589071960255445,0.4590487011574991,-0.06972051041948946,0.01033519820671909,-0.03643307913064156,0.004380671308433448,1.0205078125,0.589071960255445,0.4590487011574991,-0.06972051041948946,0.01033519820671909,-0.03643307913064156,0.004380671308433448,-1.0,-0.016725171107010023,0.31401826387608,0.8984041501888531,0.08365533580913631,0.20506557140691337,0.9024998346667837,0.0,0.0,0.0,0,0.0349
37,0,0.0,-0.026306848527671012,0.17775750236053792,1.1959661889110549,0.9977553524563489,0.006322573780695728,0.065116310846344,-0.01428802880931056,0.039829774094686535,-0.03970627826228245,0.08480925626592595,0.3172449886950114,0.20846784181399614,-1.820860229204256,-0.0937078231448627,2.26335572273395,1.1071169699442316,0.608794302693816,0.48006920943268083,-0.11793365189463789,0.010837626565107492,-0.04604343499186633,0.0056294506363836205,1.021484375,0.608794302693816,0.48006920943268083,-0.11793365189463789,0.010837626565107492,-0.04604343499186633,0.0056294506363836205,-1.0,-0.016725171107010023,0.31401826387608,0.8984041501888531,0.08365533580913631,0.20506557140691337,0.9024998346667837,0.0,0.0,0.0,0,0.0346
38,0,0.0,-0.01917736903549759,0.1832455363232702,1.194167974133385,0.997444300215796,0.006861062221057812,0.06929136301040884,-0.01601564249032204,0.03984094512882128,-0.0397149939839449,0.08920486909225243,0.34060168490712495,0.2109427228546447,-1.7946822073293989,-0.10052394767540568,2.2686988492291076,1.1146660983397474,0.6297492915345851,0.4834475054054779,-0.161639292569151,0.015192005671140318,-0.04754176087522416,0.0066566723416329465,1.0234375,0.6297492915345851,0.4834475054054779,-0.161639292569151,0.015192005671140318,-0.04754176087522416,0.0066566723416329465,-1.0,-0.016725171107010023,0.31401826387608,0.8984041501888531,0.08365533580913631,0.20506557140691337,0.9024998346667837,0.0,0.0,0.0,0,0.035
39,0,0.0,-0.011689945577427693,0.1890228747619266,1.1916854143080178,0.9971006213870854,0.007411846089205976,0.07361926569403866,-0.017765671552396882,0.039851759133188086,-0.03972321375686002,0.0940594846840893,0.366079905818785,0.21331395460255234,-1.7669400741009504,-0.10819443650726962,2.2748116701750893,1.1227400839785957,0.6092051848279488,0.48701348448787485,-0.24802354841929852,0.006463923291444337,-0.039909663406870244,0.00820757570053876,1.03125,0.6092051848279488,0.48701348448787485,-0.24802354841929852,0.006463923291444337,-0.039909663406870244,0.00820757570053876,-1.0,-0.016725171107010023,0.31401826387608,0.8984041501888531,0.08365533580913631,0.20506557140691337,0.9024998346667837,0.0,0.0,0.0,0,0.0349
40,1,0.7583,-0.004186147762764665,0.19486628725083083,1.188296268608439,0.996772087990119,0.008015832216646368,0.0775266154023499,-0.019255517182053324,0.03986179724380764,-0.039731393202495885,0.09936111164985346,0.39334123364980433,0.21540146742189736,-1.738245915011799,-0.11677036722013513,2.280667702652361,1.1311156847646593,0.20212371043594668,0.09972352273143781,-0.023219078109139257,0.008267512270274502,-0.017329424117829312,0.0026082103268267876,1.01171875,0.20212371043594668,0.09972352273143781,-0.023219078109139257,0.008267512270274502,-0.017329424117829312,0.0026082103268267876,-1.0,-0.016725171107010023,0.31401826387608,0.8984041501888531,0.08365533580913631,0.20506557140691337,0.9024998346667837,0.0,0.0,0.0,0,0.0365
41,0,0.0,0.001120268970085837,0.1989387088736109,1.185935613429182,0.9967207782743329,0.008061870737225973,0.07829387459942061,-0.01878205517596828,0.03986613578008409,-0.03974449339372054,0.10422748982841253,0.4142614353237326,0.21624658436650568,-1.712929438045411,-0.12482662958258199,2.2762721891343163,1.1389361965293978,0.3058714493044611,0.17982315485034295,-0.03905238788352239,0.008280395048694725,-0.02606185465677413,0.0019636790607879817,1.0146484375,0.3058714493044611,0.17982315485034295,-0.03905238788352239,0.008280395048694725,-0.02606185465677413,0.0019636790607879817,-1.0,-0.016725171107010023,0.31401826387608,0.8984041501888531,0.08365533580913631,0.20506557140691337,0.9024998346667837,0.0,0.0,0.0,0,0.0367
42,0,0.0,0.005323726203102765,0.2019424443484413,1.18565339618384,0.9967209484150367,0.007848524289967629,0.07847078141164732,-0.0181132029675494,0.03987379810879296,-0.039753525315816766,0.10853953287229305,0.4297952903173577,0.21639910991385355,-1.6898967934975793,-0.130447529641199,2.268301128684468,1.1446827229710554,0.41506337645023395,0.24752983663848382,-0.0826724430997956,0.0076877872413648185,-0.02958526161685776,0.004078547277477779,1.0205078125,0.41506337645023395,0.24752983663848382,-0.0826724430997956,0.0076877872413648185,-0.02958526161685776,0.004078547277477779,-1.0,-0.016725171107010023,0.31401826387608,0.8984041501888531,0.08365533580913631,0.20506557140691337,0.9024998346667837,0.0,0.0,0.0,0,0.0355
43,0,0.0,0.010246354406113265,0.20517285065166144,1.1852161687152523,0.9965848986580091,0.007903374981316436,0.08010488579032107,-0.01841965535042426,0.03988193278973656,-0.03976136843287711,0.11289045224799957,0.4465957420027196,0.21630477363886605,-1.6664004115916966,-0.13516251826085618,2.2645368381676647,1.1490518615895746,0.4779283429725415,0.28103127170205455,-0.1668885340078654,0.011997076622926886,-0.042719024438166164,0.006717097147824064,1.03515625,0.4779283429725415,0.28103127170205455,-0.1668885340078654,0.011997076622926886,-0.042719024438166164,0.006717097147824064,-1.0,-0.016725171107010023,0.31401826387608,0.8984041501888531,0.08365533580913631,0.20506557140691337,0.9024998346667837,0.0,0.0,0.0,0,0.0371
44,0,0.0,0.01596417738235733,0.20866500984911918,1.1837444978951888,0.9963424112434911,0.008235139716530893,0.08282420694871392,-0.019342512108573948,0.03988975620299011,-0.03976883773560868,0.11746358363320056,0.4661943536518729,0.2159216275038548,-1.6419495552511028,-0.13999824244496628,2.2650182730191966,1.1527358468583857,0.5414096326960484,0.342309806986401,-0.2644559564013609,0.010199929033306826,-0.05669559556886336,0.007160212393225729,1.0419921875,0.5414096326960484,0.342309806986401,-0.2644559564013609,0.010199929033306826,-0.05669559556886336,0.007160212393225729,-1.0,-0.016725171107010023,0.31401826387608,0.8984041501888531,0.08365533580913631,0.20506557140691337,0.9024998346667837,0.0,0.0,0.0,0,0.0347
45,0,0.0,0.022459064862914553,0.21248516903774406,1.1809890059145256,0.9959934135223095,0.008806973856306133,0.08656518015191149,-0.02064042191764454,0.039897683167224446,-0.0397755480280912,0.12243871685200004,0.4890483712767699,0.2152727988219706,-1.6163000378028793,-0.14567586902224963,2.269694347320039,1.156391923321284,0.5562013895248267,0.3637056814807824,-0.347530907866232,0.004344706241318899,-0.05688288630428309,0.0064753979230595116,1.0322265625,0.5562013895248267,0.3637056814807824,-0.347530907866232,0.004344706241318899,-0.05688288630428309,0.0064753979230595116,-1.0,-0.016725171107010023,0.31401826387608,0.8984041501888531,0.08365533580913631,0.20506557140691337,0.9024998346667837,0.0,0.0,0.0,0,0.0365
46,0,0.0,0.029375884753339923,0.21656240331285564,1.1768290147551699,0.9955856389814923,0.00950865227696357,0.09077902754039355,-0.021862962848356992,0.03990513347506119,-0.03978210722934147,0.12794245993639192,0.5147788838755447,0.21434289769440587,-1.589739598670099,-0.1526921629349214,2.277043503551859,1.160672742277672,0.5529143324517648,0.4095003602231424,-0.3808521796076363,0.002975911034170997,-0.06383605485674049,0.007381770015926575,1.02734375,0.5529143324517648,0.4095003602231424,-0.3808521796076363,0.002975911034170997,-0.06383605485674049,0.007381770015926575,-1.0,-0.016725171107010023,0.31401826387608,0.8984041501888531,0.08365533580913631,0.20506557140691337,0.9024998346667837,0.0,0.0,0.0,0,0.0371
47,0,0.0,0.036408958902054187,0.22101826399669977,1.171757244653634,0.9951329940804323,0.010322787501559072,0.09527569508427546,-0.02294136170585009,0.03991307448321014,-0.039787574576780886,0.13405371214667045,0.5423417560851023,0.21337516203093537,-1.5623411207306603,-0.16087995132391222,2.2857885661601482,1.16579573515167,0.42369190126702116,0.4119402406479402,-0.42786712466742594,0.005581452969659589,-0.0647256858499842,0.009456355028488933,1.0419921875,0.42369190126702116,0.4119402406479402,-0.42786712466742594,0.005581452969659589,-0.0647256858499842,0.009456355028488933,-1.0,-0.016725171107010023,0.31401826387608,0.8984041501888531,0.08365533580913631,0.20506557140691337,0.9024998346667837,0.0,0.0,0.0,0,0.0359
48,1,0.748,0.04279608991529739,0.2258951754779045,1.1662012631099228,0.9947221308565444,0.01126290889261844,0.09919355926431547,-0.023699516196925625,0.0399208646264903,-0.0397926171701677,0.14073418858911535,0.569785811883676,0.21269360783571828,-1.5354843610410032,-0.16959998574000687,2.293479877195371,1.1717461470560209,0.2379731766390274,0.03985847586626512,-0.09482557816986259,0.011578386324269885,-0.01924622773814058,0.0055690258301924755,1.01953125,0.2379731766390274,0.03985847586626512,-0.09482557816986259,0.011578386324269885,-0.01924622773814058,0.0055690258301924755,-1.0,-0.016725171107010023,0.31401826387608,0.8984041501888531,0.08365533580913631,0.20506557140691337,0.9024998346667837,0.0,0.0,0.0,0,0.0354
49,0,0.0,0.04733680988007023,0.22935589124427846,1.1623799218940176,0.994593229862034,0.01152460997626048,0.10060385829218477,-0.02302941975446588,0.03992325222841393,-0.03980251323475985,0.14676571645551087,0.5905665977733536,0.2112893069009338,-1.5118923392172718,-0.17669373363655336,2.292129752326531,1.1772388759140393,0.26426963322352204,0.0970021176422402,-0.13687656665173753,0.005684515197021303,-0.03251167935779101,0.0029909007660373077,1.025390625,0.26426963322352204,0.0970021176422402,-0.13687656665173753,0.005684515197021303,-0.03251167935779101,0.0029909007660373077,-1.0,-0.016725171107010023,0.31401826387608,0.8984041501888531,0.08365533580913631,0.20506557140691337,0.9024998346667837,0.0,0.0,0.0,0,0.0339
50,0,0.0,0.051114551455583745,0.23159131149219433,1.1607804349397175,0.9945382593160372,0.011408826303081654,0.10134609756664452,-0.022191393534966464,0.039927931744781694,-0.03980959297556414,0.1519031196612997,0.6062957381511177,0.2092449121178734,-1.4902564162442442,-0.18109981738482406,2.286974835955361,1.1806075352617384,0.35897796514111635,0.17682022509674555,-0.24984937152841658,0.003565298146895865,-0.03544980276968798,0.005790583452893322,1.02734375,0.35897796514111635,0.17682022509674555,-0.24984937152841658,0.003565298146895865,-0.03544980276968798,0.005790583452893322,-1.0,-0.016725171107010023,0.31401826387608,0.8984041501888531,0.08365533580913631,0.20506557140691337,0.9024998346667837,0.0,0.0,0.0,0,0.0343
51,0,0.0,0.05541601781347703,0.23391261026950066,1.158686758346938,0.9943478404054822,0.011593636558537845,0.10318802955754558,-0.022140244540933218,0.03993360206904841,-0.03981517736027997,0.1569794361384303,0.6234666353582421,0.20688606424609637,-1.4685073493332892,-0.184698588702962,2.285866704986331,1.182604461087333,0.33596856562968347,0.15340675717416596,-0.44247370954037024,0.020435296488168025,-0.05030429922266516,0.005146052186854516,1.0234375,0.33596856562968347,0.15340675717416596,-0.44247370954037024,0.020435296488168025,-0.05030429922266516,0.005146052186854516,-1.0,-0.016725171107010023,0.31401826387608,0.8984041501888531,0.08365533580913631,0.20506557140691337,0.9024998346667837,0.0,0.0,0.0,0,0.0335
52,0,0.0,0.06007414678834308,0.2363679641724777,1.154743206282645,0.9940965279674954,0.011919416668782212,0.10543170553073512,-0.022675450560583968,0.03993861594553218,-0.03982093556034602,0.16211986432749584,0.643620613096123,0.20415129099924717,-1.4469483443629934,-0.18781175881213266,2.289046389120661,1.183944426566246,0.316040782124246,0.18526596502873816,-0.5294285351121171,0.017150187991013074,-0.06744140151357025,0.002386652704125941,1.0234375,0.316040782124246,0.18526596502873816,-0.5294285351121171,0.017150187991013074,-0.06744140151357025,0.002386652704125941,-1.0,-0.016725171107010023,0.31401826387608,0.8984041501888531,0.08365533580913631,0.20506557140691337,0.9024998346667837,0.0,0.0,0.0,0,0.0356
53,0,0.0,0.06485455844072939,0.2388010794882569,1.1492716178138949,0.9937922127982441,0.012235084681606612,0.10805930242153669,-0.023463325522461095,0.039943428258943314,-0.039826433762118606,0.16732678890751707,0.6656208029363321,0.20097351055723275,-1.4263088940282524,-0.1909837144577762,2.295960995608104,1.185284827958966,0.26981654203431404,0.19891991125212627,-0.6188938674589013,0.006496130237494888,-0.07114039353810989,-0.002316411377750849,1.0263671875,0.26981654203431404,0.19891991125212627,-0.6188938674589013,0.006496130237494888,-0.07114039353810989,-0.002316411377750849,-1.0,-0.016725171107010023,0.31401826387608,0.8984041501888531,0.08365533580913631,0.20506557140691337,0.9024998346667837,0.0,0.0,0.0,0,0.0333
54,0,0.0,0.06942462302668946,0.24117181739155125,1.142620064223824,0.9934673404632897,0.01253238902409326,0.1108769269628263,-0.023914215969287125,0.03994793379811686,-0.03983179662573207,0.17278543533272459,0.6883998311440471,0.1973731576406034,-1.4071975710006683,-0.19520421664457713,2.305246743011302,1.1875379631723406,0.1277797242913059,0.17381729534314816,-0.7051640093647289,0.008415664222106989,-0.0735283504147114,-0.0014100392848838128,1.0166015625,0.1277797242913059,0.17381729534314816,-0.7051640093647289,0.008415664222106989,-0.0735283504147114,-0.0014100392848838128,-1.0,-0.016725171107010023,0.31401826387608,0.8984041501888531,0.08365533580913631,0.20506557140691337,0.9024998346667837,0.0,0.0,0.0,0,0.0335
55,0,0.0,0.07306785745811024,0.2435436320595393,1.1350175636505344,0.9932327178568755,0.012825454548728854,0.11295860508836103,-0.023761932386757577,0.03995252802903025,-0.039836647568124,0.17848259331004068,0.710305901941678,0.19372254187343885,-1.3911248247986774,-0.20016625927337597,2.3147748141687297,1.1909506659864053,0.07161727258203843,0.19802841648152703,-0.7101850229148035,0.0019742750119992464,-0.07329423699543675,-0.002809880628311806,1.0302734375,0.07161727258203843,0.19802841648152703,-0.7101850229148035,0.0019742750119992464,-0.07329423699543675,-0.002809880628311806,-1.0,-0.016725171107010023,0.31401826387608,0.8984041501888531,0.08365533580913631,0.20506557140691337,0.9024998346667837,0.0,0.0,0.0,0,0.0448
56,1,0.7364,0.07577337769849282,0.24604267962453394,1.1271028689825031,0.9930462372964605,0.013126945547001057,0.11466022518470824,-0.023235461100205267,0.03995721798108576,-0.039840997779704984,0.18436758156332436,0.7304005359319147,0.19019182245141364,-1.3783920106613858,-0.2057328892370228,2.3248830994589245,1.1955751913237787,0.08450869954045281,0.03690246689006771,-0.1304861857698244,0.004592699725908048,-0.02233945129030704,0.0022255198876162396,1.0087890625,0.08450869954045281,0.03690246689006771,-0.1304861857698244,0.004592699725908048,-0.02233945129030704,0.0022255198876162396,-1.0,-0.016725171107010023,0.31401826387608,0.8984041501888531,0.08365533580913631,0.20506557140691337,0.9024998346667837,0.0,0.0,0.0,0,0.0355
57,0,0.0,0.07753777770610679,0.24809420375038133,1.121933839567909,0.9929348139105928,0.013148120643190264,0.11581198852146879,-0.022252315892753775,0.039960179915966274,-0.03984668889578974,0.1897308300282001,0.7439930859469647,0.18693596166565316,-1.3682926793788803,-0.21023388523941383,2.32976070902458,1.200171437934081,0.12734316202378992,0.05796989594264934,-0.18206568860240913,0.00853805061709903,-0.032125392215987814,0.0003523508956910226,1.013671875,0.12734316202378992,0.05796989594264934,-0.18206568860240913,0.00853805061709903,-0.032125392215987814,0.0003523508956910226,-1.0,-0.016725171107010023,0.31401826387608,0.8984041501888531,0.08365533580913631,0.20506557140691337,0.9024998346667837,0.0,0.0,0.0,0,0.0336
58,0,0.0,0.07913301217198863,0.24969600673260572,1.1195526262607554,0.9928007372715089,0.01297900746280084,0.11708653121755459,-0.021656076419085554,0.03996358423692881,-0.03985156683942901,0.19427676010897021,0.7532226359689859,0.18393296897248504,-1.358902877931852,-0.21255603786833185,2.331793302469063,1.2032339067078455,0.22020252433778686,0.08329538554427718,-0.32813153733185274,0.014753991204853004,-0.03611702601462077,0.0006242625235511334,1.01953125,0.22020252433778686,0.08329538554427718,-0.32813153733185274,0.014753991204853004,-0.03611702601462077,0.0006242625235511334,-1.0,-0.016725171107010023,0.31401826387608,0.8984041501888531,0.08365533580913631,0.20506557140691337,0.9024998346667837,0.0,0.0,0.0,0,0.0344
59,0,0.0,0.08137070109050165,0.2512433023260924,1.1165141459008021,0.9925282585040001,0.012831740389171786,0.11933143034038021,-0.021977539501044314,0.039966961292037015,-0.03985611670925055,0.1984236890863159,0.7645291325892283,0.1806987660713865,-1.3487636222630264,-0.21381865360189503,2.337743661809261,1.2051066274309457,0.17865206852361448,0.12774109193638838,-0.4924556171524767,0.018979542526683685,-0.05599325531103938,-0.0016315969075846315,1.033203125,0.17865206852361448,0.12774109193638838,-0.4924556171524767,0.018979542526683685,-0.05599325531103938,-0.0016315969075846315,-1.0,-0.016725171107010023,0.31401826387608,0.8984041501888531,0.08365533580913631,0.20506557140691337,0.9024998346667837,0.0,0.0,0.0,0,0.0355
60,0,0.0,0.08399323945254167,0.25286639576521497,1.1116627120617801,0.9921741709930462,0.012774875398113117,0.12207909109454979,-0.022889134766350357,0.039970529748648856,-0.03986013559167955,0.20247047593338235,0.779055464614411,0.17724008988789633,-1.3382919423354351,-0.2148511667838898,2.3478974513207382,1.2065491035462836,0.14763046739659347,0.13409885727408288,-0.5810080379447018,0.012306263305012055,-0.061284218586646705,-0.009637883727910246,1.0400390625,0.14763046739659347,0.13409885727408288,-0.5810080379447018,0.012306263305012055,-0.061284218586646705,-0.009637883727910246,-1.0,-0.016725171107010023,0.31401826387608,0.8984041501888531,0.08365533580913631,0.20506557140691337,0.9024998346667837,0.0,0.0,0.0,0,0.0334
61,0,0.0,0.08655179223779619,0.25443373485142534,1.1053149357598067,0.9918042920207555,0.01259755596825951,0.12491347900496622,-0.02371013866913293,0.03997351812696717,-0.03986440928843869,0.2066045506728258,0.795383140012622,0.17344324497118685,-1.3285333167865798,-0.21663162628405966,2.360606602073064,1.2088569917375718,0.11938232067496823,0.0423921978458629,-0.6540409623094237,0.010444701823290922,-0.06313371459891651,-0.025433935146376513,1.033203125,0.11938232067496823,0.0423921978458629,-0.6540409623094237,0.010444701823290922,-0.06313371459891651,-0.025433935146376513,-1.0,-0.016725171107010023,0.31401826387608,0.8984041501888531,0.08365533580913631,0.20506557140691337,0.9024998346667837,0.0,0.0,0.0,0,0.0379
62,0,0.0,0.08890815138061314,0.25540410936885055,1.0979383747267764,0.9914704599915379,0.011735439924096314,0.12757722726857643,-0.02393026319156477,0.039975182157467884,-0.039869696389145726,0.21066213625907226,0.8122300699266357,0.16881122439118415,-1.3201014127326722,-0.2193805235925461,2.3744083678125425,1.2129546263519775,0.04552625706461011,0.010204544549490935,-0.7325513560014996,0.017678381906241908,-0.07188955647978879,-0.028072485016722826,1.0244140625,0.04552625706461011,0.010204544549490935,-0.7325513560014996,0.017678381906241908,-0.07188955647978879,-0.028072485016722826,-1.0,-0.016725171107010023,0.31401826387608,0.8984041501888531,0.08365533580913631,0.20506557140691337,0.9024998346667837,0.0,0.0,0.0,0,0.0327
63,0,0.0,0.0908310491792315,0.2559388028253744,1.0898538285092767,0.9911835436392445,0.010277754629603675,0.1299255162477425,-0.02385185121284812,0.039977831557817,-0.03987370120319212,0.21453143555512805,0.8286914310890773,0.16376915427279579,-1.3138090284298154,-0.22238911845939632,2.3891737269672277,1.2184166614062442,-0.027764843611315593,0.06840976891414019,-0.773175920179376,0.012757160549719607,-0.08401663159821617,-0.034734319899295624,1.013671875,-0.027764843611315593,0.06840976891414019,-0.773175920179376,0.012757160549719607,-0.08401663159821617,-0.034734319899295624,-1.0,-0.016725171107010023,0.31401826387608,0.8984041501888531,0.08365533580913631,0.20506557140691337,0.9024998346667837,0.0,0.0,0.0,0,0.048
64,1,0.7379,0.09219380139472133,0.2565431432090842,1.0813579537089089,0.9908892309550384,0.008592362706859424,0.13228926325888724,-0.023754033486259152,0.03998123770627335,-0.0398766643654852,0.21844617389889842,0.8442679579840333,0.15877707890329773,-1.3101390056995565,-0.2259725001515101,2.4056503702768457,1.2253512474317736,-0.0021360704947865905,0.04253296017806274,-0.07011990922460909,0.005265824898364302,-0.018956512381788193,0.004259821696051186,1.001953125,-0.0021360704947865905,0.04253296017806274,-0.07011990922460909,0.005265824898364302,-0.018956512381788193,0.004259821696051186,-1.0,-0.016725171107010023,0.31401826387608,0.8984041501888531,0.08365533580913631,0.20506557140691337,0.9024998346667837,0.0,0.0,0.0,0,0.035
65,0,0.0,0.09254036929605593,0.25760195129294516,1.0759567887905817,0.9906773392660491,0.007648736529869693,0.13397412745238269,-0.023469969484621794,0.039985548284607646,-0.039878448863095405,0.22218057192893065,0.8528853130624295,0.1552668526408266,-1.309394626718499,-0.22896204445498955,2.4164407640636436,1.2312181868576644,0.08430325847338649,0.1029933144064975,-0.08660937417883141,0.003133725069818641,-0.02088209525532228,0.0023665111020622354,1.009765625,0.08430325847338649,0.1029933144064975,-0.08660937417883141,0.003133725069818641,-0.02088209525532228,0.0023665111020622354,-1.0,-0.016725171107010023,0.31401826387608,0.8984041501888531,0.08365533580913631,0.20506557140691337,0.9024998346667837,0.0,0.0,0.0,0,0.0354
66,0,0.0,0.09283953250152652,0.2590173457350238,1.07391396702079,0.990415104932733,0.007537264479667682,0.13588479911652598,-0.023588788317899977,0.039988974562501625,-0.039880854943062455,0.2254729003109211,0.8570239100474834,0.15294758555508398,-1.3085348303127196,-0.23069721533608326,2.4235480472813467,1.2347565615609306,0.14968487806725705,0.15009884236746884,-0.18046809338193093,0.0025797655977493755,-0.02605600182129225,0.0009263865545068029,1.0146484375,0.14968487806725705,0.15009884236746884,-0.18046809338193093,0.0025797655977493755,-0.02605600182129225,0.0009263865545068029,-1.0,-0.016725171107010023,0.31401826387608,0.8984041501888531,0.08365533580913631,0.20506557140691337,0.9024998346667837,0.0,0.0,0.0,0,0.0347
67,0,0.0,0.09380257641395205,0.26062585516866843,1.0716550384547259,0.9900004761717945,0.007638085387681959,0.13874228486780157,-0.024316562686602088,0.039991933815539685,-0.039883477955577916,0.2286623026519334,0.8633484312079557,0.1507064130324622,-1.3054172665912676,-0.232288741441914,2.4328121947590797,1.2375541839095003,0.14352164605526618,0.1372894701372801,-0.3340654624364864,0.005201411006263229,-0.02822740378506472,-0.0005741627992397469,1.01953125,0.14352164605526618,0.1372894701372801,-0.3340654624364864,0.005201411006263229,-0.02822740378506472,-0.0005741627992397469,-1.0,-0.016725171107010023,0.31401826387608,0.8984041501888531,0.08365533580913631,0.20506557140691337,0.9024998346667837,0.0,0.0,0.0,0,0.0332
68,0,0.0,0.09509426907204657,0.2622287319564932,1.0678572780961184,0.9895531668048548,0.00775305371768604,0.14173269064066965,-0.02522428647732542,0.03999425501173394,-0.039886499886049705,0.2318657556242029,0.8731609143992742,0.1482427650772089,-1.3004032372677625,-0.23406900395020688,2.443973769856605,1.2402477630865436,0.1633467090271703,0.11577629369939879,-0.42216142745143204,0.006000143268316591,-0.025681420350452816,0.0005940501204555748,1.0224609375,0.1633467090271703,0.11577629369939879,-0.42216142745143204,0.006000143268316591,-0.025681420350452816,0.0005940501204555748,-1.0,-0.016725171107010023,0.31401826387608,0.8984041501888531,0.08365533580913631,0.20506557140691337,0.9024998346667837,0.0,0.0,0.0,0,0.041
69,0,0.0,0.09655064070273776,0.2636730138577496,1.0625318836154196,0.9891159155830446,0.007835247087455255,0.14458694003555478,-0.02613295265651564,0.0399963668305297,-0.039889502229189265,0.23502535332745192,0.886029844843735,0.14547874275943493,-1.2938706932141137,-0.23597542833902282,2.45646203147065,1.2428197814507667,0.1611895778229735,0.0940637039575678,-0.4527439645291592,0.003620049955181781,-0.04384276885068453,-0.0017725881220306272,1.0048828125,0.1611895778229735,0.0940637039575678,-0.4527439645291592,0.003620049955181781,-0.04384276885068453,-0.0017725881220306272,-1.0,-0.016725171107010023,0.31401826387608,0.8984041501888531,0.08365533580913631,0.20506557140691337,0.9024998346667837,0.0,0.0,0.0,0,0.0333
70,0,0.0,0.09830280435407612,0.2648012370158472,1.0564889654798237,0.988634660889393,0.007884452913871909,0.14770623649964787,-0.026873972342627277,0.03999816653189914,-0.03989259747836552,0.23811601766715976,0.9007299484618322,0.14220840483926991,-1.2859452560430154,-0.23835052119299444,2.469852897642313,1.2454011858474041,0.19241662001706095,0.0887733863057224,-0.4575367501905941,0.0008244870379950225,-0.05465880882117383,-0.011319707500230203,0.99462890625,0.19241662001706095,0.0887733863057224,-0.4575367501905941,0.0008244870379950225,-0.05465880882117383,-0.011319707500230203,-1.0,-0.016725171107010023,0.31401826387608,0.8984041501888531,0.08365533580913631,0.20506557140691337,0.9024998346667837,0.0,0.0,0.0,0,0.0404
71,0,0.0,0.10045299470679106,0.2656165369580653,1.0502809712938301,0.9880490719276518,0.007692184999367524,0.15148571881478884,-0.027421501563687493,0.04000007836581805,-0.0398953707232792,0.2412279853913974,0.9165824413873984,0.13830888409975386,-1.2766717941716605,-0.2414936207821361,2.4842167513326774,1.2487281378449335,0.2708437473696458,0.15716041936616265,-0.44795117886772434,0.0009758596844325479,-0.04351501006370001,-0.020190824359166443,0.99951171875,0.2708437473696458,0.15716041936616265,-0.44795117886772434,0.0009758596844325479,-0.04351501006370001,-0.020190824359166443,-1.0,-0.016725171107010023,0.31401826387608,0.8984041501888531,0.08365533580913631,0.20506557140691337,0.9024998346667837,0.0,0.0,0.0,0,0.0397
72,1,0.7251,0.10301522105377654,0.266640417336268,1.0437366967479356,0.9873259347759608,0.007084695608619129,0.15600292255338993,-0.028291231180498533,0.040001561118214644,-0.03989668472246575,0.2445943619525383,0.9345917003870355,0.1342706023436824,-1.2649967415238834,-0.2449626495400225,2.499959487848633,1.2532366517569198,0.032275308238829514,0.11985840133319525,-0.06081962276253905,-5.2347068230901295e-05,-0.015888894984854934,0.002326227897934824,1.0029296875,0.032275308238829514,0.11985840133319525,-0.06081962276253905,-5.2347068230901295e-05,-0.015888894984854934,0.002326227897934824,-1.0,-0.016725171107010023,0.31401826387608,0.8984041501888531,0.08365533580913631,0.20506557140691337,0.9024998346667837,0.0,0.0,0.0,0,0.0519
73,0,0.0,0.10434459042911612,0.268107190181265,1.0391376011639193,0.9869703333308777,0.006740033207071783,0.15821691777970656,-0.028487541231078578,0.04000249084479067,-0.039897288572320846,0.24807714320973473,0.9470956591626026,0.1317293573619226,-1.2555199480784036,-0.2475817223462564,2.507008732643941,1.2572754817660912,0.1219888542133728,0.18198151061074108,-0.05337368789566699,-0.00017473346322294248,-0.015506997469663136,0.0018025462442782803,1.0126953125,0.1219888542133728,0.18198151061074108,-0.05337368789566699,-0.00017473346322294248,-0.015506997469663136,0.0018025462442782803,-1.0,-0.016725171107010023,0.31401826387608,0.8984041501888531,0.08365533580913631,0.20506557140691337,0.9024998346667837,0.0,0.0,0.0,0,0.0642
74,0,0.0,0.10523014637911986,0.2701154807625687,1.0373831470326107,0.986711620841282,0.006858771688026621,0.15978270972328118,-0.028681356683154323,0.04000295986829849,-0.039897814136880684,0.2515064641202744,0.9548366877832296,0.13044807676326842,-1.247058830913539,-0.24941385980612155,2.5094103818173124,1.2602841162116047,0.19051629014669713,0.1931486556319313,-0.10161535785689535,-0.0003261061096604817,-0.013394855465144573,0.0005537669163281356,1.0087890625,0.19051629014669713,0.1931486556319313,-0.10161535785689535,-0.0003261061096604817,-0.013394855465144573,0.0005537669163281356,-1.0,-0.016725171107010023,0.31401826387608,0.8984041501888531,0.08365533580913631,0.20506557140691337,0.9024998346667837,0.0,0.0,0.0,0,0.06
75,0,0.0,0.10667791565827262,0.27234369726350505,1.0356775443291109,0.986297944258201,0.007022714568629351,0.16218710852130672,-0.029366451294468708,0.04000278371143782,-0.03989927364735284,0.25495763497547536,0.9643372847026677,0.12920723817059188,-1.2361698842445121,-0.25108033063172486,2.513071349352854,1.2629262065933595,0.28799807646968734,0.1851721234739383,-0.18845606948432236,-0.0010672684556485013,-0.01028846303314393,-0.002809880628311806,1.009765625,0.28799807646968734,0.1851721234739383,-0.18845606948432236,-0.0010672684556485013,-0.01028846303314393,-0.002809880628311806,-1.0,-0.016725171107010023,0.31401826387608,0.8984041501888531,0.08365533580913631,0.20506557140691337,0.9024998346667837,0.0,0.0,0.0,0,0.0522
76,0,0.0,0.10883278879670237,0.274455549197286,1.0328448316405696,0.9857441510557274,0.007046379080581089,0.16533623876192688,-0.030376723874275403,0.040002440215266714,-0.03990125401458835,0.2583979961756457,0.9779237162688252,0.12748370073663112,-1.221544206895511,-0.25266048101374045,2.5188310466199586,1.2652831789748331,0.4128035247125038,0.2110254718213157,-0.2172127834529315,-0.0071660562771436315,-0.00723913574709148,-0.0030314382510126248,1.015625,0.4128035247125038,0.2110254718213157,-0.2172127834529315,-0.0071660562771436315,-0.00723913574709148,-0.0030314382510126248,-1.0,-0.016725171107010023,0.31401826387608,0.8984041501888531,0.08365533580913631,0.20506557140691337,0.9024998346667837,0.0,0.0,0.0,0,0.0575
77,0,0.0,0.11194109845089853,0.2764484844698799,1.0286937030943868,0.9849916111237935,0.00700160525648208,0.16951573973855447,-0.03173196370342667,0.04000238325379916,-0.03990288680007504,0.2619116039820818,0.9968151234365065,0.12515921331323476,-1.2015227749644024,-0.25423520152635215,2.5268501195044815,1.2671185924806203,0.41793955138916294,0.23054451521969865,-0.24300253486922385,-0.0014752902034262522,-0.01644271954232654,-0.005468572100721797,1.0029296875,0.41793955138916294,0.23054451521969865,-0.24300253486922385,-0.0014752902034262522,-0.01644271954232654,-0.005468572100721797,-1.0,-0.016725171107010023,0.31401826387608,0.8984041501888531,0.08365533580913631,0.20506557140691337,0.9024998346667837,0.0,0.0,0.0,0,0.057
78,0,0.0,0.11565765850046929,0.2785392325481969,1.0237085064448552,0.9841317185594511,0.0069313770609766845,0.17415140699770876,-0.03328669370750125,0.04000264715810787,-0.03990378717140389,0.2656466278639115,1.0198004907546763,0.1226846819209547,-1.1764083323893513,-0.2555740386296155,2.5348709630935504,1.2684903348330077,0.40664029270051294,0.1926325270805317,-0.23866620498506852,-0.007542877545934926,-0.005898836421744047,-0.010790990446057747,0.97802734375,0.40664029270051294,0.1926325270805317,-0.23866620498506852,-0.007542877545934926,-0.005898836421744047,-0.010790990446057747,-1.0,-0.016725171107010023,0.31401826387608,0.8984041501888531,0.08365533580913631,0.20506557140691337,0.9024998346667837,0.0,0.0,0.0,0,0.0499
79,0,0.0,0.11946356245694742,0.2804781990697236,1.0184443056156127,0.9833586605917337,0.006628133518227497,0.17824898178618936,-0.034483517475482825,0.040002471366987126,-0.03990537804638146,0.26952893640793113,1.0446264917498695,0.12007236220896055,-1.147885126303648,-0.2565173537083146,2.5399921396855083,1.2696985542267865,0.34829502965366543,0.15317215328716616,-0.27883431338566556,-0.001732543185004931,0.014779231335690285,-0.009451573908820898,0.9658203125,0.34829502965366543,0.15317215328716616,-0.27883431338566556,-0.001732543185004931,0.014779231335690285,-0.009451573908820898,-1.0,-0.016725171107010023,0.31401826387608,0.8984041501888531,0.08365533580913631,0.20506557140691337,0.9024998346667837,0.0,0.0,0.0,0,0.054
80,1,0.7853,0.12285748503879165,0.2822860897448248,1.012971427006873,0.98285076847542,0.006133714571981419,0.18089834990050574,-0.03524955965821481,0.04000261797278824,-0.039906347557038625,0.2734065582898184,1.0700367450694483,0.11783271374117123,-1.117474612100426,-0.2563883555212309,2.5407123129824827,1.2702560647652417,0.011166238597760558,0.0988202977664886,-0.10538111801945127,-0.001016542515618904,-0.0256463033375616,0.0026686351330179048,0.99658203125,0.011166238597760558,0.0988202977664886,-0.10538111801945127,-0.001016542515618904,-0.0256463033375616,0.0026686351330179048,-1.0,-0.016725171107010023,0.31401826387608,0.8984041501888531,0.08365533580913631,0.20506557140691337,0.9024998346667837,0.0,0.0,0.0,0,0.0498
81,0,0.0,0.12493209234107988,0.2839468294675408,1.009581876226746,0.9829181957511292,0.005874391436243576,0.180655323337038,-0.0346549583261496,0.040002875367967095,-0.039906912777270445,0.2771977977480875,1.088451323463262,0.11657511029967994,-1.091138346863312,-0.2557520709933481,2.5317282919826454,1.2700915288484058,0.1229261790818631,0.12700208969233906,-0.0927715271721048,-0.0008852992104629587,-0.022468213670908094,0.0023060862958710904,1.0,0.1229261790818631,0.12700208969233906,-0.0927715271721048,-0.0008852992104629587,-0.022468213670908094,0.0023060862958710904,-1.0,-0.016725171107010023,0.31401826387608,0.8984041501888531,0.08365533580913631,0.20506557140691337,0.9024998346667837,0.0,0.0,0.0,0,0.0633
82,0,0.0,0.1267142199733065,0.28581110019926564,1.0087670359401715,0.9829828081705768,0.005938454645009861,0.1804546746587043,-0.03384736313712143,0.040003153333942915,-0.0399070349395562,0.28096510284441917,1.1017746802583341,0.11576757355874334,-1.067804687739471,-0.2554751045522891,2.5209628774806894,1.269892833541421,0.19750128642695353,0.13165897684928496,-0.14475042880980915,-0.0005773202888546825,-0.017458186498430367,0.0008861033503793914,0.99951171875,0.19750128642695353,0.13165897684928496,-0.14475042880980915,-0.0005773202888546825,-0.017458186498430367,0.0008861033503793914,-1.0,-0.016725171107010023,0.31401826387608,0.8984041501888531,0.08365533580913631,0.20506557140691337,0.9024998346667837,0.0,0.0,0.0,0,0.0525
83,0,0.0,0.12892110505789817,0.28772572997960033,1.0075894388056637,0.9827508801656415,0.006016723440687266,0.18173486138277606,-0.033718640703287533,0.04000290866500287,-0.03990804319145737,0.2846513276669304,1.1169368152846308,0.11465131447918273,-1.043559266651521,-0.255351407089628,2.514430987195974,1.2697737544271501,0.3139863714535823,0.1642454567535565,-0.13813182003925617,-0.0048455458142023095,-0.01053428212338231,-0.0003928883806663397,1.0146484375,0.3139863714535823,0.1642454567535565,-0.13813182003925617,-0.0048455458142023095,-0.01053428212338231,-0.0003928883806663397,-1.0,-0.016725171107010023,0.31401826387608,0.8984041501888531,0.08365533580913631,0.20506557140691337,0.9024998346667837,0.0,0.0,0.0,0,0.0491
84,0,0.0,0.13167032078218108,0.2895946442738925,1.0053240629409879,0.9822152087395563,0.0060600027918510935,0.18450500609123033,-0.03427043644523181,0.04000278420946967,-0.03990900857517535,0.2882864361720931,1.1358770001849576,0.11306970302974792,-1.01655506416988,-0.2552386098400073,2.512374278632501,1.2695441857512506,0.3074122573074588,0.14601673473367238,-0.21641398584269234,-0.0120615120768255,-0.010358697058926308,-0.0041996511707079465,1.0234375,0.3074122573074588,0.14601673473367238,-0.21641398584269234,-0.0120615120768255,-0.010358697058926308,-0.0041996511707079465,-1.0,-0.016725171107010023,0.31401826387608,0.8984041501888531,0.08365533580913631,0.20506557140691337,0.9024998346667837,0.0,0.0,0.0,0,0.0492
85,0,0.0,0.13463703502021196,0.2911782490185567,1.0017989127722082,0.9815721787661412,0.006025686444875111,0.18779159062691259,-0.034843470908780726,0.04000243179161712,-0.03991062429096715,0.29194750486397386,1.1582958232789495,0.11088581375101517,-0.98675080735135,-0.25518548746720354,2.5119240050287432,1.2692585537434125,0.20808150138087134,0.15617508304076355,-0.28043190860614375,-0.018148624880377315,-0.012840299303237712,-0.009174626880444847,1.0126953125,0.20808150138087134,0.15617508304076355,-0.28043190860614375,-0.018148624880377315,-0.012840299303237712,-0.009174626880444847,-1.0,-0.016725171107010023,0.31401826387608,0.8984041501888531,0.08365533580913631,0.20506557140691337,0.9024998346667837,0.0,0.0,0.0,0,0.0491
86,0,0.0,0.13718049271948562,0.2925540044061066,0.9973972425025344,0.9810872367246617,0.005930385074206734,0.1903129519330134,-0.034837405118353926,0.040002528703589835,-0.03991155197146698,0.29587079475953104,1.181947264590504,0.10836866897222679,-0.9560295614668014,-0.2552408275485109,2.5098165445782654,1.2692633490823406,0.2120876021886654,0.16222786332535832,-0.27267216039239206,-0.02151103004805356,-0.006402180273184566,-0.01150098191880361,0.9912109375,0.2120876021886654,0.16222786332535832,-0.27267216039239206,-0.02151103004805356,-0.006402180273184566,-0.01150098191880361,-1.0,-0.016725171107010023,0.31401826387608,0.8984041501888531,0.08365533580913631,0.20506557140691337,0.9024998346667837,0.0,0.0,0.0,0,0.0489
87,0,0.0,0.13938568533626983,0.29398018565688516,0.9928092177875357,0.9806813303193338,0.005783831653128846,0.19246024787178645,-0.034492443283126575,0.04000272670686099,-0.039912084057796934,0.3001735318196566,1.2060296257424565,0.10563286929235466,-0.9245329062094637,-0.25538833853229204,2.5064796114628867,1.2697291706206486,0.17402964451462133,0.1834360547101398,-0.2977772281427652,-0.018766998244547653,0.010143785634052022,-0.003071721455140064,0.99560546875,0.17402964451462133,0.1834360547101398,-0.2977772281427652,-0.018766998244547653,0.010143785634052022,-0.003071721455140064,-1.0,-0.016725171107010023,0.31401826387608,0.8984041501888531,0.08365533580913631,0.20506557140691337,0.9024998346667837,0.0,0.0,0.0,0,0.0487
88,1,0.7944,0.1411182251272826,0.295748387441279,0.9878944186203906,0.980369666896071,0.005816075523548514,0.19410062111945148,-0.03415316056579863,0.040003116315662904,-0.03991191448455926,0.3048480417528918,1.2307974902998156,0.10327177869987686,-0.892241364471113,-0.2552321397106813,2.5019788880564597,1.269977428014139,0.04054431118825075,0.10116340408789903,-0.06275955981597692,-0.0005096857021485435,-0.009881690967154189,0.0013594309988766151,0.99267578125,0.04054431118825075,0.10116340408789903,-0.06275955981597692,-0.0005096857021485435,-0.009881690967154189,0.0013594309988766151,-1.0,-0.016725171107010023,0.31401826387608,0.8984041501888531,0.08365533580913631,0.20506557140691337,0.9024998346667837,0.0,0.0,0.0,0,0.0603
89,0,0.0,0.142187980147452,0.2976540655998495,0.9848249142850531,0.9804459327926618,0.005791217412931815,0.19387936314141588,-0.03321185359297299,0.04000316895418542,-0.039912119037956564,0.3095814190362956,1.2508621992983913,0.10175105542513697,-0.8616713207480885,-0.2543144955647757,2.4902834849722146,1.2697871932800227,0.15281785434001915,0.12826895068213795,-0.0371980362883243,-0.0003856889598539692,-0.00963001904143393,0.0017219798360234573,0.9970703125,0.15281785434001915,0.12826895068213795,-0.0371980362883243,-0.0003856889598539692,-0.00963001904143393,0.0017219798360234573,-1.0,-0.016725171107010023,0.31401826387608,0.8984041501888531,0.08365533580913631,0.20506557140691337,0.9024998346667837,0.0,0.0,0.0,0,0.0557
90,0,0.0,0.14357757267500834,0.2996731785143952,0.9840958929370079,0.9803867765400248,0.005721000611936089,0.19426861162741293,-0.032691666733489985,0.04000311208889183,-0.039912440742997796,0.31406990804936263,1.2680403854837652,0.10055090383774133,-0.8314180171534407,-0.2527863169644172,2.477912579855884,1.2690014526577933,0.19000268747903115,0.1526091039583667,-0.08221598732251612,-0.00031805437314784413,-0.006103685663609387,0.0002717844874361719,0.99755859375,0.19000268747903115,0.1526091039583667,-0.08221598732251612,-0.00031805437314784413,-0.006103685663609387,0.0002717844874361719,-1.0,-0.016725171107010023,0.31401826387608,0.8984041501888531,0.08365533580913631,0.20506557140691337,0.9024998346667837,0.0,0.0,0.0,0,0.0558
91,0,0.0,0.14530844850509161,0.30167431916920334,0.9829645171633272,0.9799998590480788,0.005735580816826125,0.19615088644893328,-0.03304858731831119,0.040002860687814515,-0.039913272908758055,0.3183338277229449,1.2873925400484703,0.09913195906096263,-0.7998084498419958,-0.2508073096814782,2.4698442462619563,1.2677071374972435,0.26221522255285834,0.19103722064893314,-0.08449826620891365,-0.0007069532467080947,-0.007959034511361068,-0.0053577932893713875,1.0078125,0.26221522255285834,0.19103722064893314,-0.08449826620891365,-0.0007069532467080947,-0.007959034511361068,-0.0053577932893713875,-1.0,-0.016725171107010023,0.31401826387608,0.8984041501888531,0.08365533580913631,0.20506557140691337,0.9024998346667837,0.0,0.0,0.0,0,0.0555
92,0,0.0,0.14730882296975764,0.3036347197140399,0.9808552257454661,0.9792652167091626,0.005675123570142326,0.19958604581138212,-0.0342467317184537,0.04000275599865403,-0.039914017679284694,0.3225082039671685,1.3101331277478308,0.09727719388957548,-0.7660072688530468,-0.24852020815646284,2.4666977294739203,1.2664635874800831,0.2962157191523419,0.17987007562774293,-0.09454029330906288,-0.0064961517992924295,-0.003780109977308377,-0.010947087862051536,1.0146484375,0.2962157191523419,0.17987007562774293,-0.09454029330906288,-0.0064961517992924295,-0.003780109977308377,-0.010947087862051536,-1.0,-0.016725171107010023,0.31401826387608,0.8984041501888531,0.08365533580913631,0.20506557140691337,0.9024998346667837,0.0,0.0,0.0,0,0.0568
93,0,0.0,0.14944499053537041,0.3053274438215789,0.9777301015646593,0.978270749158097,0.005381039936177279,0.20414447118823562,-0.0358109010517174,0.0400024664914647,-0.039915295093633923,0.32664437625209347,1.3362189950613257,0.09468835977002851,-0.7296455088470503,-0.24607478982861825,2.4667133030390533,1.265625939949203,0.31254828398411794,0.14634518017547216,-0.11525197420312072,-0.01077323423480396,0.0010250679533040097,-0.01582135556146988,1.0107421875,0.31254828398411794,0.14634518017547216,-0.11525197420312072,-0.01077323423480396,0.0010250679533040097,-0.01582135556146988,-1.0,-0.016725171107010023,0.31401826387608,0.8984041501888531,0.08365533580913631,0.20506557140691337,0.9024998346667837,0.0,0.0,0.0,0,0.0437
94,0,0.0,0.15153638441194384,0.3065638726460954,0.9737290512271716,0.9771353070246539,0.004829910145916383,0.20925705727723387,-0.037346321284557865,0.04000225346844573,-0.03991667777841338,0.33070458338446584,1.3651297450411515,0.09124353348464463,-0.6908013875163352,-0.24333988420416697,2.4681420701129437,1.2650940167223859,0.3263128354775643,0.10715826653789073,-0.11445317659288157,-0.01411631523484988,0.006152151835419062,-0.014995549876857667,1.0107421875,0.3263128354775643,0.10715826653789073,-0.11445317659288157,-0.01411631523484988,0.006152151835419062,-0.014995549876857667,-1.0,-0.016725171107010023,0.31401826387608,0.8984041501888531,0.08365533580913631,0.20506557140691337,0.9024998346667837,0.0,0.0,0.0,0,0.0343
95,0,0.0,0.1535101753596879,0.30732054936376196,0.9690880965910948,0.9758822480833236,0.004180953115417718,0.2147753869202595,-0.038831568087538154,0.040002209251973724,-0.03991785996151301,0.3346175722261533,1.3964596932716844,0.08698430123328153,-0.6495391917636995,-0.23997216134136323,2.470392218612473,1.2643071327627957,0.27125462950377843,0.09000505671247128,-0.0990477941096981,-0.006657186529545112,0.009183920615025903,-0.009068883469610378,1.009765625,0.27125462950377843,0.09000505671247128,-0.0990477941096981,-0.006657186529545112,0.009183920615025903,-0.009068883469610378,-1.0,-0.016725171107010023,0.31401826387608,0.8984041501888531,0.08365533580913631,0.20506557140691337,0.9024998346667837,0.0,0.0,0.0,0,0.0342
96,1,0.7478,0.15507440875407075,0.3078798335304619,0.9642855601199297,0.9746804648157088,0.0036539499948967102,0.2199028546503261,-0.04034073217859563,0.04000262700861397,-0.03991798677523057,0.3385084703469939,1.4288222800713384,0.08248318813698904,-0.6065474043257532,-0.23517866150123315,2.471214710766188,1.2624047862323882,0.017021309009151997,0.07354759403943567,-0.05320251697918721,-0.00035267684015216627,-0.0008712507428207394,-0.0002720387682840497,1.0048828125,0.017021309009151997,0.07354759403943567,-0.05320251697918721,-0.00035267684015216627,-0.0008712507428207394,-0.0002720387682840497,-1.0,-0.016725171107010023,0.31401826387608,0.8984041501888531,0.08365533580913631,0.20506557140691337,0.9024998346667837,0.0,0.0,0.0,0,0.0372
97,0,0.0,0.15548138620959637,0.3086106115044491,0.9608488458610414,0.9743289501758317,0.0032868726507544466,0.2213971099694883,-0.04068922479719694,0.04000338376350405,-0.03991691456797612,0.3430236661634272,1.4571911865738414,0.07850428731699337,-0.5637774557776454,-0.2284196702768136,2.460049070744946,1.2589342114291335,0.10687609571730328,0.1063092937218102,-0.01989550948082286,-0.000349456145547114,-0.0009063677557119287,0.00025164288537246615,0.9970703125,0.10687609571730328,0.1063092937218102,-0.01989550948082286,-0.000349456145547114,-0.0009063677557119287,0.00025164288537246615,-1.0,-0.016725171107010023,0.31401826387608,0.8984041501888531,0.08365533580913631,0.20506557140691337,0.9024998346667837,0.0,0.0,0.0,0,0.0342
98,0,0.0,0.15579175837959594,0.3097714237486117,0.9594132979511424,0.9739686992556024,0.0032590282840926355,0.22287759008597702,-0.04123022486550211,0.04000364658891217,-0.03991606138621362,0.3480810133571624,1.483415714917607,0.07381471958321609,-0.5204601638644286,-0.21994769394139005,2.4470375450789263,1.2544137036641998,0.1686368165041292,0.11950649550269554,-0.050634953231989965,-2.4165990436669782e-05,0.00013543696006029782,0.0003322092936272891,0.98681640625,0.1686368165041292,0.11950649550269554,-0.050634953231989965,-2.4165990436669782e-05,0.00013543696006029782,0.0003322092936272891,-1.0,-0.016725171107010023,0.31401826387608,0.8984041501888531,0.08365533580913631,0.20506557140691337,0.9024998346667837,0.0,0.0,0.0,0,0.033
99,0,0.0,0.1563095222580582,0.310919093667468,0.9573833974107616,0.9729386087944311,0.003560949842531469,0.22699853878731388,-0.04300519203304566,0.04000333052948034,-0.03991629317914594,0.3535029453144024,1.5118086078204476,0.06566993561361505,-0.47761935622468316,-0.2079501599295737,2.4428002123733057,1.2491598252078888,0.18317177199907453,0.0935123848231183,-0.06039169547133949,0.0009323803072643216,-0.014310458415839056,-0.002880376235534804,0.994140625,0.18317177199907453,0.0935123848231183,-0.06039169547133949,0.0009323803072643216,-0.014310458415839056,-0.002880376235534804,-1.0,-0.016725171107010023,0.31401826387608,0.8984041501888531,0.08365533580913631,0.20506557140691337,0.9024998346667837,0.0,0.0,0.0,0,0.0322
100,0,0.0,0.15674477709467508,0.31165971579161067,0.9540278142264511,0.9714756840257369,0.003920755300528822,0.2327418258652785,-0.04528648272382474,0.04000292018746131,-0.03991711205330242,0.3586837920004435,1.534238280053231,0.05235825601166641,-0.45069998799131056,-0.19242337182632704,2.4519102926212977,1.2453182578727566,0.20602709071020764,0.030568161941073257,-0.07719497377244144,-0.0005926185882286772,-0.009205688468998607,-0.01512898799052978,1.001953125,0.20602709071020764,0.030568161941073257,-0.07719497377244144,-0.0005926185882286772,-0.009205688468998607,-0.01512898799052978,-1.0,-0.016725171107010023,0.31401826387608,0.8984041501888531,0.08365533580913631,0.20506557140691337,0.9024998346667837,0.0,0.0,0.0,0,0.0321
101,0,0.0,0.1573223022044251,0.3115735701599794,0.9498553334571943,0.9697655248680641,0.0037862397197940267,0.2393169851503725,-0.04762217744588891,0.04000245356177092,-0.03991850956686687,0.3586181280878603,1.5515951134428487,0.05138788808287934,-0.4362406129829863,-0.1942063671631254,2.4692205417360005,1.2474066405318427,0.1927247816176605,-0.014006576588887931,-0.042333163782718786,-0.0072465736422699795,-0.00047325793005381644,-0.02651151085678513,1.0029296875,0.1927247816176605,-0.014006576588887931,-0.042333163782718786,-0.0072465736422699795,-0.00047325793005381644,-0.02651151085678513,-1.0,-0.016725171107010023,0.31401826387608,0.8984041501888531,0.08365533580913631,0.20506557140691337,0.9024998346667837,0.0,0.0,0.0,0,0.0343
102,0,0.0,0.15789604645537025,0.3106009484208058,0.9453711759851398,0.9681399967161364,0.0029160834643586764,0.2454371455807774,-0.049568647196261764,0.04000245430819594,-0.03991934076759641,0.35608204817692635,1.5680628628842272,0.05595897080996121,-0.42376372641800925,-0.20346836105360613,2.486079484292329,1.2521319468572927,0.2553329468061353,-0.04234672613846313,0.014809393835459983,-0.007249794336875032,0.008212349925036083,-0.022543615250233823,1.0146484375,0.2553329468061353,-0.04234672613846313,0.014809393835459983,-0.007249794336875032,0.008212349925036083,-0.022543615250233823,-1.0,-0.016725171107010023,0.31401826387608,0.8984041501888531,0.08365533580913631,0.20506557140691337,0.9024998346667837,0.0,0.0,0.0,0,0.034
103,0,0.0,0.15867484857905986,0.3091520085614235,0.9411398507422771,0.9663542539260741,0.0018236287539447615,0.2519572725744464,-0.05170747619051809,0.040002801886033626,-0.03991930076426592,0.35228234146613047,1.5839639413946947,0.0628318264813372,-0.41236029773325594,-0.21553706735220327,2.5044942008500826,1.2573401583087356,0.2093141477832695,-0.043942032570061795,0.0805104972776296,-0.000664279043191135,0.005836098719398275,-0.018375562473174373,1.0234375,0.2093141477832695,-0.043942032570061795,0.0805104972776296,-0.000664279043191135,0.005836098719398275,-0.018375562473174373,-1.0,-0.016725171107010023,0.31401826387608,0.8984041501888531,0.08365533580913631,0.20506557140691337,0.9024998346667837,0.0,0.0,0.0,0,0.0332
104,1,0.7353,0.15942259592503258,0.3075440198255284,0.9374156253111992,0.9646643486042842,0.0007924643650779051,0.25790216295008095,-0.05393088982921805,0.04000346543442649,-0.039918191997770094,0.3480629877694251,1.5984612025424627,0.07091249910888926,-0.4016894611679389,-0.22775519806425054,2.5210215562920926,1.261571021273191,-0.012356763581338193,0.03962387197926531,-0.07873551202075979,-0.0025580474709628043,0.0014815891208896093,4.015606370347258e-05,0.99072265625,-0.012356763581338193,0.03962387197926531,-0.07873551202075979,-0.0025580474709628043,0.0014815891208896093,4.015606370347258e-05,-1.0,-0.016725171107010023,0.31401826387608,0.8984041501888531,0.08365533580913631,0.20506557140691337,0.9024998346667837,0.0,0.0,0.0,0,0.0353
105,0,0.0,0.1592950552736766,0.3066772353136303,0.9343142118712149,0.9639043660344297,0.00028536768083570196,0.260458308263576,-0.05522464451244437,0.040004829502595825,-0.039914793408159954,0.34509840077855075,1.6102875697669947,0.08029157401595843,-0.39100391910477567,-0.23899934653402377,2.527342441301477,1.2638710903574628,0.03263483010619572,0.05412239219585269,-0.042675505615678455,-0.0014527453411908864,0.005590279629159894,-0.0011179860549599685,0.98388671875,0.03263483010619572,0.05412239219585269,-0.042675505615678455,-0.0014527453411908864,0.005590279629159894,-0.0011179860549599685,-1.0,-0.016725171107010023,0.31401826387608,0.8984041501888531,0.08365533580913631,0.20506557140691337,0.9024998346667837,0.0,0.0,0.0,0,0.0349
106,0,0.0,0.15890540043725793,0.3065879160546371,0.9320336863495893,0.9633495392758866,0.00033088365743083603,0.26226294270979683,-0.05635339008559122,0.04000505808330957,-0.039912526543157634,0.34325433044405623,1.620790295551775,0.08952606136310402,-0.3801345793592814,-0.24934609884359005,2.531050007839859,1.2651899300624683,0.0939686186755243,0.08832763892042284,-0.06355835742621607,-0.0025443595188913287,0.004805999674589778,-0.0014603932900430772,0.9921875,0.0939686186755243,0.08832763892042284,-0.06355835742621607,-0.0025443595188913287,0.004805999674589778,-0.0014603932900430772,-1.0,-0.016725171107010023,0.31401826387608,0.8984041501888531,0.08365533580913631,0.20506557140691337,0.9024998346667837,0.0,0.0,0.0,0,0.0346
107,0,0.0,0.1587428073887847,0.3066708273731844,0.9293542517309427,0.9621551810254647,0.000671513396250157,0.26615779655688093,-0.05845497436146905,0.04000478561223506,-0.039911241654905255,0.34157262558999835,1.632082556615314,0.09719134751295201,-0.3713427099784804,-0.2586176288343615,2.542614503873136,1.2665539994010468,0.1261618758881583,0.06758865530964087,-0.03796830541248353,-0.0035894749182313057,-0.001374594594261258,-0.0028501638324392176,1.00390625,0.1261618758881583,0.06758865530964087,-0.03796830541248353,-0.0035894749182313057,-0.001374594594261258,-0.0028501638324392176,-1.0,-0.016725171107010023,0.31401826387608,0.8984041501888531,0.08365533580913631,0.20506557140691337,0.9024998346667837,0.0,0.0,0.0,0,0.0342
108,0,0.0,0.15866386469254665,0.30652118210367224,0.925691459576975,0.9604459251605733,0.0011021484147713534,0.2716707159706864,-0.06113454175255931,0.04000441185536223,-0.03991058805005386,0.33971785703520424,1.6439334443100306,0.10272035382391456,-0.36566524466052513,-0.26686402366546025,2.561375246189317,1.2685075193587023,0.16760961116879747,-0.0123174286024893,0.0004239047296353826,-0.012080836244455828,0.007217367893118776,-0.013414434114856266,1.015625,0.16760961116879747,-0.0123174286024893,0.0004239047296353826,-0.012080836244455828,0.007217367893118776,-0.013414434114856266,-1.0,-0.016725171107010023,0.31401826387608,0.8984041501888531,0.08365533580913631,0.20506557140691337,0.9024998346667837,0.0,0.0,0.0,0,0.0344
109,0,0.0,0.15874849981741682,0.3055999212565336,0.921617969329392,0.9585796423317616,0.0011977701130781448,0.2776508889233433,-0.06351077494366202,0.04000383111533727,-0.03991088471426794,0.33729864659778336,1.655128107565486,0.10587226703910987,-0.36252451239223593,-0.2742163419659743,2.582706323178459,1.2714019627023416,0.20746517817967225,-0.013912735034087964,0.08906904310162034,-0.0118940359573627,0.011244118704642925,-0.018503965186330545,1.0224609375,0.20746517817967225,-0.013912735034087964,0.08906904310162034,-0.0118940359573627,0.011244118704642925,-0.018503965186330545,-1.0,-0.016725171107010023,0.31401826387608,0.8984041501888531,0.08365533580913631,0.20506557140691337,0.9024998346667837,0.0,0.0,0.0,0,0.0405
110,0,0.0,0.1591011791120199,0.3041506132289853,0.917768471782763,0.9565258117747165,0.0009262879393050483,0.2841049434418923,-0.06589305358876156,0.04000414903704424,-0.03990975853010578,0.3343931742706908,1.6649094955747585,0.10724735657965595,-0.3618168191801087,-0.28047325127759526,2.60614396038903,1.2749956799346496,0.19262206108412738,-0.015414199910886661,0.13836626704780763,-0.005017852975572695,0.016933074793017144,-0.020779966219530016,1.017578125,0.19262206108412738,-0.015414199910886661,0.13836626704780763,-0.005017852975572695,0.016933074793017144,-0.020779966219530016,-1.0,-0.016725171107010023,0.31401826387608,0.8984041501888531,0.08365533580913631,0.20506557140691337,0.9024998346667837,0.0,0.0,0.0,0,0.0378
111,0,0.0,0.16042248644198434,0.3035357039416373,0.9178531019292506,0.954123753782567,9.600813095089755e-05,0.29141386516989726,-0.06874454478023445,0.03972695183075088,-0.039904958088178656,0.3323693974055003,1.6698271053025218,0.10813496342652372,-0.36026499742542345,-0.2858409400148435,2.6257847339463014,1.2797527653697134,0.1271377209567235,-0.049572525858056826,0.15354342164235146,0.007133827769295553,0.02405012273896681,-0.022009862795545454,1.0146484375,0.1271377209567235,-0.049572525858056826,0.15354342164235146,0.007133827769295553,0.02405012273896681,-0.022009862795545454,-1.0,-0.016725171107010023,0.31401826387608,0.8984041501888531,0.08365533580913631,0.20506557140691337,0.9024998346667837,0.0,0.0,0.0,0,0.0363
112,1,0.7352,0.16122904978825003,0.3029854916175663,0.9179736127666014,0.9527897088544427,-0.001211510535801874,0.2953274587833133,-0.07051237502649481,0.03953137137254265,-0.03990312750369356,0.3307835936676612,1.6719300342602084,0.10916985224761167,-0.3603116942358843,-0.289504217967974,2.636454649559484,1.2841292354069744,-0.03033285694964516,0.03732475388666734,-0.07223101719452685,-0.002941310128964217,0.0020434613271487767,-0.0007554372178131541,0.97998046875,-0.03033285694964516,0.03732475388666734,-0.07223101719452685,-0.002941310128964217,0.0020434613271487767,-0.0007554372178131541,-1.0,-0.016725171107010023,0.31401826387608,0.8984041501888531,0.08365533580913631,0.20506557140691337,0.9024998346667837,0.0,0.0,0.0,0,0.0371
113,0,0.0,0.16143061262678876,0.3029378906712977,0.9179777859161915,0.9523576901858796,-0.0019908485059305647,0.2965301709359791,-0.07127919886418854,0.039608028906867127,-0.0398996528521272,0.330141989438339,1.6724715385452549,0.11073772095500362,-0.3607145657981167,-0.2922397112748525,2.6399921133029247,1.2867162957032223,0.03191578637146342,0.06428074050294375,-0.04287520501823827,-0.0009859459168708867,0.005508339932413758,-0.002245915770527851,0.9765625,0.03191578637146342,0.06428074050294375,-0.04287520501823827,-0.0009859459168708867,0.005508339932413758,-0.002245915770527851,-1.0,-0.016725171107010023,0.31401826387608,0.8984041501888531,0.08365533580913631,0.20506557140691337,0.9024998346667837,0.0,0.0,9.185294585050306,1,0.0375
114,0,0.0,0.16170521329226564,0.3034000093150025,0.9182163042912617,0.9515254145233258,-0.0019102841480932997,0.2989035042593277,-0.07247366054077917,0.03995891032137815,-0.03989694545388291,0.32980721432266424,1.672656334882023,0.11180796389299909,-0.3625840212831862,-0.2951325576190545,2.6477171948580445,1.2887560455854459,0.07489148958840863,0.10874697473516748,-0.06213193312221765,-0.00120756996438115,0.003085266042921031,-0.0016215261065527786,0.99169921875,0.07489148958840863,0.10874697473516748,-0.06213193312221765,-0.00120756996438115,0.003085266042921031,-0.0016215261065527786,-1.0,-0.016725171107010023,0.31401826387608,0.8984041501888531,0.08365533580913631,0.20506557140691337,0.9024998346667837,0.0,0.0,27.875654488793305,1,0.0383
115,0,0.0,0.16244766238934719,0.3039556140884982,0.9185282191630822,0.9495785741545144,-0.0014851573502422943,0.3043956603040082,-0.07511063707897761,0.04014689925645446,-0.03989477556875595,0.32887608486372005,1.6725471968140024,0.11165886874912069,-0.36836709644687304,-0.2984888302135455,2.6664283706636365,1.2918275293727797,0.09998418992056135,0.09161209333841991,-0.04053586915968077,-0.0047118869880925784,0.0016571741853455835,-0.0019236501375084758,1.0048828125,0.09998418992056135,0.09161209333841991,-0.04053586915968077,-0.0047118869880925784,0.0016571741853455835,-0.0019236501375084758,-1.0,-0.016725171107010023,0.31401826387608,0.8984041501888531,0.08365533580913631,0.20506557140691337,0.9024998346667837,0.0,0.0,0.0,0,0.0385
116,0,0.0,0.16354279391728518,0.3043547205522848,0.9188562977183504,0.9467897871873343,-0.0008783714497158646,0.31209974121762196,-0.078626197118077,0.040138959711628994,-0.0398928725727859,0.32717429192318365,1.6710933836356265,0.11029652050019202,-0.3790171337407084,-0.30282402418463655,2.69351165195599,1.2964396358154464,0.13871946111258981,-0.0028394315676976145,0.014039124711300754,-0.008782844968880668,0.027749114763506444,-0.007241033082328485,1.021484375,0.13871946111258981,-0.0028394315676976145,0.014039124711300754,-0.008782844968880668,0.027749114763506444,-0.007241033082328485,-1.0,-0.016725171107010023,0.31401826387608,0.8984041501888531,0.08365533580913631,0.20506557140691337,0.9024998346667837,0.0,0.0,64.49696231327975,1,0.0377
117,0,0.0,0.16471379767250133,0.3044053454594866,0.9191858800409265,0.9439140535251037,-0.0005065603539305963,0.31981569754009576,-0.08212138918306498,0.04004609698628163,-0.039891263908942515,0.3247074597609249,1.6672283927617204,0.10852802298079046,-0.39405509348582424,-0.3081532845797849,2.72242274037635,1.3025700590454998,0.19642272082485512,0.004574051261495904,0.10533028016720292,-0.006718379727041146,0.03603672980582939,-0.014358571711592771,1.0263671875,0.19642272082485512,0.004574051261495904,0.10533028016720292,-0.006718379727041146,0.03603672980582939,-0.014358571711592771,-1.0,-0.016725171107010023,0.31401826387608,0.8984041501888531,0.08365533580913631,0.20506557140691337,0.9024998346667837,0.0,0.0,63.219054725485954,1,0.0392
118,0,0.0,0.16607268158814745,0.3041222836934543,0.9195953800812134,0.9404376045945957,-0.00038063715331226877,0.32873979454879254,-0.08664360599462882,0.039814590918938,-0.0398891240922592,0.32091497766237836,1.661316051646996,0.10704617016412672,-0.41447709582164244,-0.31494582213707406,2.758290732196417,1.3103452417024783,0.1844044184014727,-0.004340896444496312,0.1506905730343544,-0.0033463124755497425,0.04657183367318907,-0.01697697997987538,1.015625,0.1844044184014727,-0.004340896444496312,0.1506905730343544,-0.0033463124755497425,0.04657183367318907,-0.01697697997987538,-1.0,-0.016725171107010023,0.31401826387608,0.8984041501888531,0.08365533580913631,0.20506557140691337,0.9024998346667837,0.0,0.0,0.0,0,0.0409
119,0,0.0,0.16740833747046277,0.3035315138359756,0.9199887041245532,0.9364842849363051,-0.0005244078530711738,0.33839850675835453,-0.09210515559650014,0.03940765155207287,-0.03988680521876542,0.31536028842982855,1.6529537855029657,0.10762398924473474,-0.440795866237326,-0.3259362585047299,2.799419283015433,1.320844264171444,0.15189336953822052,-0.020481643870082222,0.2026124176998989,0.0026699450466908803,0.04404340874502277,-0.017277845160702077,1.009765625,0.15189336953822052,-0.020481643870082222,0.2026124176998989,0.0026699450466908803,0.04404340874502277,-0.017277845160702077,-1.0,-0.016725171107010023,0.31401826387608,0.8984041501888531,0.08365533580913631,0.20506557140691337,0.9024998346667837,0.0,0.0,74.63959520012345,1,0.042
120,1,0.7382,0.1683457572082858,0.302864571790547,0.9204749306833359,0.9330068093517652,-0.0010389593485080062,0.34641545852055267,-0.09743482110983334,0.03895936490124168,-0.039883479478896026,0.30733815190343716,1.6356043652729773,0.11139042771956251,-0.4817029657394424,-0.3457450824596704,2.842177507646831,1.337855896562341,-0.01543837958733374,0.02850364773547498,-0.07702380285596166,-0.004322182940881061,0.006503321964331066,-0.0031925710675223262,0.97802734375,-0.01543837958733374,0.02850364773547498,-0.07702380285596166,-0.004322182940881061,0.006503321964331066,-0.0031925710675223262,-1.0,-0.016679647677076095,0.31407283349433485,0.8994443790338937,0.08365533580913631,0.20506557140691337,0.9024998346667837,0.0,0.0,47.67318110753713,1,0.0425
121,0,0.0,0.1686466407482362,0.3022556297519425,0.9208814712820032,0.9293885380060911,-0.0013331849057239276,0.3543890343073261,-0.10316772946821977,0.03854946702325725,-0.039879569663318036,0.30266841389085775,1.6131353956714194,0.10238729616740351,-0.5323800044623286,-0.35135361859350933,2.8913362306670707,1.353511638688043,0.02282501915377677,0.04558281070906012,-0.04604186697311485,-0.001871838226673514,0.0032023227525583564,-0.004582341609918467,0.9814453125,0.02282501915377677,0.04558281070906012,-0.04604186697311485,-0.001871838226673514,0.0032023227525583564,-0.004582341609918467,-1.0,-0.016755936554606724,0.3140709849829523,0.9016726323610623,0.08365533580913631,0.20506557140691337,0.9024998346667837,0.0,0.0,53.80880018517078,1,0.0473
122,0,0.0,0.16891747698433532,0.30194193932164953,0.9214904209519977,0.9240871632336348,-0.0021480525100127656,0.3658402288902562,-0.11054061490127322,0.03844507028988463,-0.03987474041349407,0.30364841958402916,1.6064695954652293,0.08524906691886927,-0.5580409168396013,-0.3410573534616283,2.9409584439175562,1.3629498211367497,0.059676010558806,0.08272060602112774,-0.06039169547133949,-0.00607102011142531,-0.0002976728655978145,-0.003273137475777177,0.994140625,0.059676010558806,0.08272060602112774,-0.06039169547133949,-0.00607102011142531,-0.0002976728655978145,-0.003273137475777177,-1.0,-0.016963758669066065,0.3141962012197229,0.9035266210088803,0.08373124957592336,0.20507586479804432,0.9033774936466215,0.0,0.37642530307657807,65.15147613891726,2,0.0455
123,0,0.0,0.16956722753766296,0.30267831351617475,0.9223060641678439,0.918813194796906,-0.0045289343258618775,0.3769824508363584,-0.1168162385218191,0.039092858516733824,-0.0398679707539715,0.3119773980166428,1.6261353354628187,0.06490878786851845,-0.5340150606207508,-0.3124362464760452,2.965728944043921,1.361208504775905,0.13733273390989187,0.08267368524372776,-0.03147807482929044,-0.007426932540152989,0.004677237293988695,-0.0038673147366566907,1.0078125,0.13733273390989187,0.08267368524372776,-0.03147807482929044,-0.007426932540152989,0.004677237293988695,-0.0038673147366566907,-1.0,-0.006664496769035843,0.3167884566640722,0.916878746824532,0.08399014369630858,0.20512238722281165,0.9056235234224838,0.0,0.3337378757701419,64.45295161977384,2,0.042
124,0,0.0,0.1694245418596032,0.30666401397762805,0.9239999212951759,0.9138763478768821,-0.013032411773885644,0.3854749185213154,-0.12676460162660386,0.04040348699633266,-0.03985277410745983,0.33292863124554345,1.6852378718264378,0.03698868019410189,-0.4358389808697486,-0.22949163501977238,2.9529177802351985,1.334837348877611,0.17305379944605603,0.009923019885091255,0.026078145837047928,-0.007771546862893761,0.035989907121974446,-0.011410344709516906,1.0205078125,0.17305379944605603,0.009923019885091255,0.026078145837047928,-0.007771546862893761,0.035989907121974446,-0.011410344709516906,-1.0,-0.0038921268066951036,0.3199205147637054,0.9139065378261234,0.08414851287974479,0.2051472042835065,0.9065961660593381,0.0,0.0,103.66594871145354,1,0.0448
125,0,0.0,0.16909448489633588,0.30717923930429886,0.9244098173808597,0.9146445942969994,-0.023855856819794963,0.3795138306400488,-0.1372057454029737,0.039403230762142236,-0.0398619180495527,0.35110782055322537,1.7085174559110192,-0.004266785509718922,-0.39157075234660066,-0.09286405978185629,2.928956540354002,1.2741505728178693,0.1640657527619026,0.005606308364294987,0.07914112994579114,-0.003107981074775751,0.04231096944239027,-0.017334493416506253,1.0205078125,0.1640657527619026,0.005606308364294987,0.07914112994579114,-0.003107981074775751,0.04231096944239027,-0.017334493416506253,-1.0,-0.002305840180419036,0.32022420676674024,0.9111934255147095,0.08445403329085917,0.205446567700488,0.9088826618030945,0.0,0.3329405357090721,88.26745735286397,2,0.0459
126,0,0.0,0.17092577574541157,0.30369083270978037,0.9243659424172569,0.9180574335901257,-0.0267693647137624,0.3703496688748983,-0.13890670432698832,0.03623390449886075,-0.03986001842900375,0.36094064072306226,1.6757455377277313,-0.040215792579481345,-0.44290604421846425,0.009013566857589401,2.930663955230857,1.2186820303726782,0.10888556615454614,-0.037654648398467216,0.09591587976081306,1.0456476567652362e-05,0.04409023142887769,-0.014847005561637816,1.0107421875,0.10888556615454614,-0.037654648398467216,0.09591587976081306,1.0456476567652362e-05,0.04409023142887769,-0.014847005561637816,-1.0,-0.0015309500585189665,0.3208315912842497,0.909020843902929,0.0849582949759498,0.20864201381657482,0.9093475447849295,0.0,0.0,85.16936059837796,1,0.0391
127,0,0.0,0.17165908366370206,0.2999126395477636,0.9233483832948756,0.9185419028395487,-0.025173670700020634,0.3697103820407193,-0.13770000886961561,0.032916836403689476,-0.03985230587791575,0.36756630331274914,1.6337478248352226,-0.05991087243469676,-0.5229133133428062,0.06101263118507151,2.96727884458919,1.1818934425892147,0.0749043296551003,-0.048164902536058096,0.13003594911245653,0.006341536896452296,0.03776916910846187,-0.014693425845901997,1.0107421875,0.0749043296551003,-0.048164902536058096,0.13003594911245653,0.006341536896452296,0.03776916910846187,-0.014693425845901997,-1.0,-0.0009324472138038526,0.3213958441836057,0.9064364870052162,0.08670622058059144,0.2143360918539385,0.9107797279261789,0.0,0.3734946067265988,32.074851572337984,2,0.043
128,1,0.7419,0.1719990687773376,0.2986227875490087,0.9232967918446632,0.916583894717743,-0.023673741096144563,0.37408052966820937,-0.13920228176907318,0.03243895361954617,-0.039842621957872845,0.3691637537784546,1.633774598459302,-0.06500010380381416,-0.528678869438079,0.08170787712652962,2.9824875733812113,1.1639339682376142,-0.02981925428197929,0.04126609918826385,-0.009732236314833775,-0.002679628692303593,0.005929744087108141,-0.003454411894350584,0.98046875,-0.02981925428197929,0.04126609918826385,-0.009732236314833775,-0.002679628692303593,0.005929744087108141,-0.003454411894350584,-1.0,-0.0004455286638965603,0.32146983054588657,0.9039447727551271,0.08822197959846467,0.21680944206482008,0.9119097203066143,0.0,0.11787837151875531,12.300650460135646,2,0.042
129,0,0.0,0.17209275493682902,0.29836558874143304,0.9234473481435435,0.9158371492295727,-0.023529449218566978,0.37540596458422715,-0.14056686261386647,0.032686170088989594,-0.03983507273885905,0.36876580049257585,1.6327724987565309,-0.06285762815677948,-0.5321557344614758,0.0869959878548813,2.9887452817927715,1.1571381719331293,0.015531861272920833,0.047365800250258494,0.007270741388827995,-0.000598254803787529,-0.00022743883981540813,-0.004884465640874164,0.98779296875,0.015531861272920833,0.047365800250258494,0.007270741388827995,-0.000598254803787529,-0.00022743883981540813,-0.004884465640874164,-1.0,-2.8451917239607018e-05,0.3209014284903265,0.9031579217126694,0.08859191996772017,0.21731313046748965,0.9122264572850501,0.0,0.2357902730790082,5.015522031934028,2,0.0401
130,0,0.0,0.1723483859262263,0.29842017786537545,0.9238972251871796,0.9160608297146393,-0.023021288134841833,0.3748182941225589,-0.1407615819255864,0.03414648433022402,-0.03982933044159468,0.36608470490908723,1.6359862055070327,-0.05697010542934898,-0.5239326845227652,0.07910080049022297,2.982646066200012,1.158054347389828,0.07272151831752016,0.08795227270122308,-0.01044544846683304,-0.004455841766990792,-0.010376255565371917,-0.004491704400631763,0.9990234375,0.07272151831752016,0.08795227270122308,-0.01044544846683304,-0.004455841766990792,-0.010376255565371917,-0.004491704400631763,-1.0,0.00038193225896158555,0.3204104173294912,0.9028100067376286,0.0883559678349817,0.2173499479555415,0.9114924111791487,0.0,0.0,0.0,0,0.0381
131,0,0.0,0.17336036620332168,0.2978389637306122,0.9250442038195963,0.9167008096479481,-0.01987553576345491,0.37439398146253966,-0.13818008291189574,0.03630229923246486,-0.03982605030062035,0.3578329802139909,1.6709378295349822,-0.04695694285296776,-0.4545455251058894,0.04644679396506943,2.945557446000249,1.169480872240069,0.12608483548800842,0.09700798273941524,0.032725283093680724,-0.008666899963098731,0.004782588332662291,-0.004109013961421243,1.0068359375,0.12608483548800842,0.09700798273941524,0.032725283093680724,-0.008666899963098731,0.004782588332662291,-0.004109013961421243,-1.0,0.0006683064269000511,0.3202927644407934,0.9009090157624537,0.08772500999427917,0.21746204261819538,0.9091325683769655,0.0,0.0,0.0,0,0.042
132,0,0.0,0.17194943944410412,0.2982267927919777,0.9222703441266527,0.9198949563849322,-0.01050810378740008,0.37111713968729143,-0.12631277687818807,0.03734984065034585,-0.03981865863610616,0.3492972808870488,1.687594459998528,-0.026749492665459885,-0.4221914212060408,-0.03420202484844351,2.914380223293005,1.2021330661461571,0.2042808416401436,0.03676170455786776,0.10687081841552137,-0.01009688836774264,0.031213993368771398,-0.009144414477349289,1.01953125,0.2042808416401436,0.03676170455786776,0.10687081841552137,-0.01009688836774264,0.031213993368771398,-0.009144414477349289,-1.0,0.0006554183834862737,0.3203204593699933,0.8999242022239761,0.08769455325036205,0.2174782602201992,0.9089983239684908,0.0,0.0,55.09187298656434,1,0.0453
133,0,0.0,0.1721989178031437,0.2980499937973882,0.9224011363104312,0.9205227362798344,-0.012625836645469901,0.3698124564619975,-0.1253683663705895,0.03694864989333567,-0.039819935170292094,0.34404432223779463,1.6488599293444777,-0.013294093948859744,-0.49071000401433035,-0.06828987835614386,2.9416843070426206,1.2262555858097763,0.2127039253898645,0.033618012472070524,0.16278665113226154,-0.006547682912973279,0.036270843225104044,-0.01764039399784889,1.03125,0.2127039253898645,0.033618012472070524,0.16278665113226154,-0.006547682912973279,0.036270843225104044,-0.01764039399784889,-1.0,0.0006111700080696403,0.3203568451987361,0.9012572595066937,0.08751430606981926,0.21790703538736464,0.9072741581858385,0.0,0.0,41.18234737173608,1,0.0463
134,0,0.0,0.17359395265646463,0.29610869077146,0.924192986480445,0.9143200463284138,-0.02363686917103608,0.37986986358301195,-0.1384161769419353,0.0361187297031119,-0.03981435377418768,0.3443264183106889,1.6619341744589324,-0.017425554991143913,-0.47972780135534215,-0.02744944534501561,2.9752278133202323,1.2169445586616725,0.1319912661661664,-0.007343826198093706,0.1569668399719477,1.689786577775687e-05,0.03486616270945608,-0.014333394709013153,1.009765625,0.1319912661661664,-0.007343826198093706,0.1569668399719477,1.689786577775687e-05,0.03486616270945608,-0.014333394709013153,-1.0,0.0006869712188842657,0.320451418374436,0.9008405994218729,0.08894686815868387,0.2191176224637262,0.9110634125084889,0.0,0.0,0.0,0,0.0428
135,0,0.0,0.17470492247783073,0.2951347101603509,0.9267940497763653,0.9106899133830606,-0.028275664368150044,0.38534318437805765,-0.14613349622954658,0.037264992124749194,-0.039811384017616164,0.346907904601195,1.691365965097632,-0.025715214711512856,-0.42853475051778706,0.017815763624843536,2.9690357335441067,1.193504460643995,0.060343694026771644,-0.035965500412068696,0.14201791326604374,0.007604049181633418,0.027046774505682464,-0.016430639023897187,1.005859375,0.060343694026771644,-0.035965500412068696,0.14201791326604374,0.007604049181633418,0.027046774505682464,-0.016430639023897187,-1.0,0.000997394593369319,0.3203222971800471,0.8998026806249583,0.08869249571025059,0.21940333959769376,0.9099515842720022,0.0,0.8976701719919407,0.0,1,0.0431
136,1,0.7366,0.17544141667918398,0.2933415063082064,0.9275125188448314,0.9120046942110955,-0.02963784261841418,0.38178479938835996,-0.14700137066653707,0.03815819852522778,-0.039805915650347176,0.3472308245720847,1.7008034393195517,-0.03174639859263003,-0.40543975705469676,0.046312825531684934,2.9486942829675384,1.1749185255533279,-0.023964183870587852,0.0366678630030679,-0.027997599527534223,-0.0003108078102864731,0.0042675388102580425,-0.0025379690004516953,0.9814453125,-0.023964183870587852,0.0366678630030679,-0.027997599527534223,-0.0003108078102864731,0.0042675388102580425,-0.0025379690004516953,-1.0,0.001201232314521184,0.3201805947537888,0.8995420936958146,0.09003431874367523,0.22179560033548856,0.9097100105764875,0.0,0.4575568321911174,0.0,1,0.0439
137,0,0.0,0.17643434220315965,0.2921968727456485,0.9294834922998131,0.9134780542113642,-0.029903251391912022,0.37820835250581814,-0.1470444902920397,0.038683400749864295,-0.03979910095880409,0.34680926093691916,1.7038672130323398,-0.03484526847660224,-0.3905108715048993,0.06346483733570416,2.929444969630605,1.161957950918185,0.02256821781994378,0.04839805735305769,-0.010673676355472783,-0.0004573494148164131,-0.002802686451836678,-0.004531987604759202,0.98779296875,0.02256821781994378,0.04839805735305769,-0.010673676355472783,-0.0004573494148164131,-0.002802686451836678,-0.004531987604759202,-1.0,0.0011408734751028214,0.32017252508155003,0.8984089293505085,0.0899168758359709,0.22290542849686226,0.9068597505769687,0.0,0.0,0.0,0,0.0413
138,0,0.0,0.17741258857119108,0.2917091738665326,0.9312733678866312,0.915167048698541,-0.029586809726844132,0.37447140710014276,-0.14616791347976543,0.038973119255302294,-0.03979315730417322,0.34654375942928695,1.6938698273354975,-0.0353673640624036,-0.3990853104025437,0.07113631568336265,2.9196378603129363,1.154255934654631,0.0672002896401116,0.0929962562717187,-0.03460194405504713,-0.0029163497457750515,-0.0134855744151135,-0.003988164349038953,0.9990234375,0.0672002896401116,0.0929962562717187,-0.03460194405504713,-0.0029163497457750515,-0.0134855744151135,-0.003988164349038953,-1.0,0.0011045252962318466,0.3201685065915536,0.8983759992218764,0.08960943167250703,0.22315521408076983,0.9039320519123932,0.0,0.3113018386744104,0.0,1,0.0409
139,0,0.0,0.1766030052432735,0.29164692718404134,0.9278239699619855,0.9182538531115684,-0.02791684665927663,0.36846762702993374,-0.14234506928337715,0.03907899120033892,-0.039793838439036826,0.34753225789553766,1.6557762482208602,-0.03212017067886011,-0.4704508294498065,0.06451421034186669,2.936909110766686,1.1523855226632882,0.11934380047489335,0.09971765763426288,-0.006148345251037579,-0.005323818963052812,0.0040451310619471215,-0.003827031532529279,1.0087890625,0.11934380047489335,0.09971765763426288,-0.006148345251037579,-0.005323818963052812,0.0040451310619471215,-0.003827031532529279,-1.0,0.0011077223173284628,0.32016833002206996,0.8983961920929266,0.08996192489130685,0.22311045109755104,0.9062632132199152,0.0,2.9259696004135374,0.0,1,0.0446
140,0,0.0,0.1745664372181321,0.2923260663095471,0.9237702690973693,0.916954889267214,-0.017739368222927265,0.3748174958871147,-0.13561301796256298,0.03919948595957984,-0.039782427203375686,0.34184718001123293,1.6379768998949737,-0.016462891864937542,-0.5180835993818389,-0.00019732323619309992,2.977150277462229,1.1744077273136664,0.19359790615269257,0.03483795268446943,0.05295197972437915,-0.007124187247277924,0.037160474218347755,-0.007664006725666445,1.0244140625,0.19359790615269257,0.03483795268446943,0.05295197972437915,-0.007124187247277924,0.037160474218347755,-0.007664006725666445,-1.0,0.0011905630500400985,0.32019410558370814,0.8982537705304864,0.09301486942455571,0.22229041849085213,0.9165751198583653,0.0,0.0,44.45280938439837,1,0.0515
141,0,0.0,0.17543272482012406,0.29495450655012156,0.928262014785042,0.9106543505843389,-0.016792679358633156,0.38850413646376813,-0.13961087218521087,0.03993848440552501,-0.039774160410601986,0.336778612204332,1.6792909075071678,-0.00022268385617156897,-0.44699151896110634,-0.046126385279451745,2.977848825105519,1.2020546502995715,0.23766501503842785,0.024374619324278646,0.12090683356686638,-0.007159614887933513,0.046337720253914416,-0.014713567447965703,1.03515625,0.23766501503842785,0.024374619324278646,0.12090683356686638,-0.007159614887933513,0.046337720253914416,-0.014713567447965703,-1.0,0.0013636093289675576,0.3202616403734568,0.8979427285955875,0.0923770627348877,0.22332477298452585,0.9139788526042439,0.0,0.0,0.0,0,0.049
142,0,0.0,0.17360372509360344,0.2963356336340184,0.9249098296786264,0.9134455506394097,-0.02133733061549492,0.38152596234437364,-0.13999958712963662,0.039914721798333455,-0.039782435265487255,0.334627309659414,1.6910528733591068,0.013681467747928675,-0.4265844403728472,-0.0669627467385212,2.9528813013496844,1.2201381406407494,0.1486576727319252,-0.016164932349285954,0.11040835068943755,-0.00022545940325253977,0.03650495664437872,-0.013097203882352804,1.0126953125,0.1486576727319252,-0.016164932349285954,0.11040835068943755,-0.00022545940325253977,0.03650495664437872,-0.013097203882352804,-1.0,0.0014579038078359641,0.3202719022663798,0.8980230775813198,0.09010207277349074,0.2241140859248305,0.9088300906276301,0.0,0.08320073202086725,96.47400432508364,3,0.0473
143,0,0.0,0.17420561853607858,0.2944420447046875,0.9241841296585702,0.9199664672100987,-0.027647386418612974,0.365812379622773,-0.13812539284256514,0.03792391511963371,-0.03978171939678471,0.33117371812230995,1.6509997398737226,0.018272680564957917,-0.4825775584170556,-0.055881429798713196,2.9360297033092673,1.2189698849713728,0.0736074829192438,-0.035683975747668906,0.1069849323598413,0.005639425472550558,0.020702300843339183,-0.015224660600332396,1.00390625,0.0736074829192438,-0.035683975747668906,0.1069849323598413,0.005639425472550558,0.020702300843339183,-0.015224660600332396,-1.0,0.0015528755678411868,0.32025683021912443,0.8984837971392818,0.08928559930893994,0.2252941906200741,0.9137929447517793,0.0,0.0,21.9767107921079,1,0.0414
144,1,0.7441,0.1756784953863642,0.2911970939297962,0.9254417802489225,0.9199445352193081,-0.03522916282344679,0.36290374455643704,-0.1440896609538853,0.03648411155644285,-0.03977859874452328,0.33153100810043123,1.6354175805607762,0.011141670359879754,-0.5080282798076914,-0.006150595554713747,2.9461111831488265,1.1943278520121188,-0.015746541187933283,0.04971183912025645,-0.02257718717234003,-0.00029711985821498366,0.00313208872677595,-0.002628606209738399,0.9814453125,-0.015746541187933283,0.04971183912025645,-0.02257718717234003,-0.00029711985821498366,0.00313208872677595,-0.002628606209738399,-1.0,0.0015038506080471566,0.3201896405868838,0.8983747357013115,0.08872000195613537,0.226414304735875,0.9103293982231084,0.0,0.19209123166598077,0.0,1,0.0445
145,0,0.0,0.17645693180524252,0.2892233328134001,0.9255293861481582,0.9178968038994296,-0.03637223497470837,0.366362947302458,-0.14805643774592364,0.03612356546818907,-0.03977191852085699,0.3322413457369429,1.6409148353681555,0.0068911697711158985,-0.5032297301967417,0.025099129867177498,2.9567752449910842,1.1712076956821211,0.0318130658379302,0.05811065827484918,-0.007367938030956256,-0.0003913251754128211,-0.003417234177432643,-0.004431279594440618,0.98583984375,0.0318130658379302,0.05811065827484918,-0.007367938030956256,-0.0003913251754128211,-0.003417234177432643,-0.004431279594440618,-1.0,0.0014883581436967957,0.32017452531582224,0.898389283194364,0.09086553882101038,0.22793680281526513,0.9122833868697593,0.0,0.27443969300136845,0.0,1,0.0453
146,0,0.0,0.1768350633264767,0.28801499263197256,0.9251805377646511,0.9161246269387981,-0.033179419085020034,0.3708586653918363,-0.14858884335377637,0.03585181772770424,-0.0397696793946833,0.3306565189140514,1.6758674310021195,0.008300662087976802,-0.4455226324644164,0.026410916682685637,2.943193815009388,1.1600888971777534,0.08379607583906634,0.10566633244400137,-0.024203310878898265,-0.003940530630182182,-0.013817722828709411,-0.004683049620237023,0.99658203125,0.08379607583906634,0.10566633244400137,-0.024203310878898265,-0.003940530630182182,-0.013817722828709411,-0.004683049620237023,-1.0,0.0014854917660657024,0.32017192310079434,0.8983983453319463,0.0916144462247842,0.22826184296803248,0.9131618153261021,0.0,0.16471797574062608,59.17180563471288,2,0.0508
147,0,0.0,0.176598378477456,0.28684907888353345,0.9235607681062599,0.9173095517546156,-0.02665085189116323,0.37081817082500756,-0.14257209593470987,0.03451936401959845,-0.03976342897936579,0.32599498998275234,1.6771408674441104,0.015975207615345887,-0.44471518788767767,-0.00488648218688708,2.938736959820678,1.1654844328209175,0.14508813419164712,0.12171177204049366,0.012042130685702923,-0.007546098240539978,0.004091953745802068,-0.004048589155230098,1.0078125,0.14508813419164712,0.12171177204049366,0.012042130685702923,-0.007546098240539978,0.004091953745802068,-0.004048589155230098,-1.0,0.0015979917696110429,0.32017577181032225,0.8985567233868879,0.09276546104610768,0.22923180963771836,0.9134949495071086,0.0,0.0,103.59406981747007,1,0.0474
148,0,0.0,0.17670193766808387,0.2874223525464252,0.9244152052446207,0.9175724794523263,-0.030004315795619574,0.36877660138708823,-0.14547956645087476,0.0352019668957514,-0.03975748292381507,0.32482093543668583,1.646956929724501,0.02138072452129707,-0.49673302223715193,0.0001641970720775871,2.9589786730839958,1.165428914618126,0.22646847688331095,0.06024555364654727,0.07326426181331724,-0.00902117636965466,0.03734776495376749,-0.008842290446393591,1.0234375,0.22646847688331095,0.06024555364654727,0.07326426181331724,-0.00902117636965466,0.03734776495376749,-0.008842290446393591,-1.0,0.001635074865854918,0.32019223652266643,0.8985452586678421,0.09265146565550966,0.22937080272298194,0.9129028555316423,0.0,0.0,43.3565436756921,1,0.0453
149,0,0.0,0.1769891140883238,0.28714846096322805,0.9248371987725917,0.915834721725538,-0.029977014540528257,0.3723730387691874,-0.14726323736405872,0.03544053420605349,-0.03976003755640646,0.32467224105952214,1.6779548221918903,0.02283976725652309,-0.4438073335093144,0.0014567198831076037,2.945371488986223,1.162075531061676,0.2673512492295175,0.053559342867053106,0.15023411725707492,-0.007481684348438905,0.048632031762806116,-0.016526311633699803,1.0419921875,0.2673512492295175,0.053559342867053106,0.15023411725707492,-0.007481684348438905,0.048632031762806116,-0.016526311633699803,-1.0,0.0016916044985633193,0.32011972352482704,0.8984320568681022,0.0927700715708262,0.2294478307629798,0.9129161686555902,0.0,0.20695101005301145,50.597467436643335,2,0.0473
150,0,0.0,0.1774099015227705,0.28409094545150815,0.9230923872568346,0.9183512037847066,-0.028850522468678863,0.3678208702446468,-0.1432009820948666,0.03221907743695261,-0.03976030132913717,0.31926264188049797,1.6676991362123466,0.02711743932591218,-0.45999808433753686,-0.008645156465473492,2.9384310231898936,1.1618040089533896,0.17685445918678389,0.006263199247894424,0.13060651883405594,-0.00046057010942147925,0.039782544514223944,-0.014547399230940089,1.0166015625,0.17685445918678389,0.006263199247894424,0.13060651883405594,-0.00046057010942147925,0.039782544514223944,-0.014547399230940089,-1.0,0.003067423024320591,0.3197439627658708,0.8993085462774061,0.09516331239149471,0.23107687903475185,0.9143634331677956,0.0,0.17041258114583516,101.6302045406952,2,0.0437
151,0,0.0,0.17810580789063835,0.2826713692668436,0.9237592112114663,0.9166843505236383,-0.033850111914851266,0.36955574539107977,-0.14823131409000354,0.03105924969303293,-0.03975161989355021,0.31831197911095294,1.6543944053444377,0.027506320586259434,-0.48725609655775676,0.012308810801685206,2.9611168666136343,1.1527643988403082,0.07510977072216662,-0.02310920740447997,0.10761255905360056,0.004389795965789645,0.02433105884209641,-0.014177297293019364,1.0009765625,0.07510977072216662,-0.02310920740447997,0.10761255905360056,0.004389795965789645,0.02433105884209641,-0.014177297293019364,-1.0,0.0030896676819979693,0.31970378743771916,0.8982898006725621,0.0955003438441907,0.23110489774262766,0.9149594418759585,0.0,0.1830625213740798,44.29004434237943,2,0.0448
152,1,0.7534,0.1787181852412164,0.2818692638801519,0.9247310414243051,0.914653317620054,-0.034221516548352426,0.37367245764621326,-0.1503565454790623,0.03326469438819271,-0.039750838371614056,0.31774474636247874,1.6797072272463311,0.028988761895916964,-0.44346794795079625,0.016150745783898135,2.9514143058228575,1.148107347398052,-0.011329558246006344,0.05050949233605584,-0.004853865195158957,-0.00017151276861789022,0.004969879068082023,-0.001994145744731446,0.97265625,-0.011329558246006344,0.05050949233605584,-0.004853865195158957,-0.00017151276861789022,0.004969879068082023,-0.001994145744731446,-1.0,0.0038902909895084654,0.32015176074293983,0.8983567979698794,0.0954716131527565,0.23124316802833336,0.9145986539870652,0.0,0.07590409407832112,18.757223070786022,2,0.0424
153,0,0.0,0.17909487859893752,0.28152416454092527,0.9255785412536467,0.9168373897411324,-0.03405027521186127,0.36887081383373177,-0.14894328528773282,0.03470881932362493,-0.039744118985068994,0.31680029680959443,1.6826814206564924,0.031016638966697173,-0.4292746336837167,0.015472086061337785,2.929303925369465,1.1463840430659116,0.03982526745351844,0.059142915377648264,-0.001659566269392454,-0.00035509236110596587,-0.0018779384457017767,-0.0042600759768990915,0.97998046875,0.03982526745351844,0.059142915377648264,-0.001659566269392454,-0.00035509236110596587,-0.0018779384457017767,-0.0042600759768990915,-1.0,0.0039043629265680525,0.32014325023014695,0.8983783892952101,0.09531386463800354,0.23197836887556417,0.9128135764355323,0.0,0.0,0.0,0,0.0404
154,0,0.0,0.1788647175550681,0.28123931390530676,0.9243908637467597,0.9192664981199001,-0.0332466916021793,0.363813145565383,-0.1465733879178113,0.03586010852622117,-0.03974400307935395,0.3149357027127833,1.657316515654471,0.033043575598741985,-0.47251998617977253,0.010731820829398643,2.935257948166371,1.1464751904729023,0.08986942738421577,0.11261207377348914,-0.008494813231115117,-0.004560514341655053,-0.01429436311826393,-0.004602483211982172,0.9921875,0.08986942738421577,0.11261207377348914,-0.008494813231115117,-0.004560514341655053,-0.01429436311826393,-0.004602483211982172,-1.0,0.0039038507887104792,0.32014333589506677,0.8983971174556246,0.09566055715944179,0.23234444716983169,0.9134332982367788,0.0,0.15140743472305387,66.86278043052553,2,0.042
155,0,0.0,0.17881640614899236,0.2826883534687853,0.9255654695656156,0.9152243728279021,-0.030331996509738668,0.37357845774420356,-0.1479305691159431,0.03711896611584625,-0.0397353587348539,0.31512196110989743,1.6618979956839435,0.036249786853117846,-0.47331237098191276,-0.004887334242862695,2.9629423880937,1.1524472311672098,0.15148248740408776,0.1298290665306866,0.02262619902137164,-0.007968009233802045,0.0010718906371589565,-0.003514836700541729,1.0029296875,0.15148248740408776,0.1298290665306866,0.02262619902137164,-0.007968009233802045,0.0010718906371589565,-0.003514836700541729,-1.0,0.003903716326293619,0.32014335920276427,0.8984022302238169,0.09521802925651923,0.23231611351240172,0.912716671858067,0.0,0.0,0.0,0,0.0465
156,0,0.0,0.17835729053752014,0.28271156241296347,0.9245645773475933,0.9134241124486335,-0.030722026398332714,0.37757314543932463,-0.14883234774221288,0.0374985252567516,-0.039740761926587695,0.31463087018537833,1.6775892559465908,0.038432147263808746,-0.4519350068516583,-0.014030464393153141,2.9645074388686803,1.1594782419839331,0.2486561121264783,0.07263263888013649,0.08644442238226313,-0.011018007024788057,0.033836063664647587,-0.007341741092647042,1.0146484375,0.2486561121264783,0.07263263888013649,0.08644442238226313,-0.011018007024788057,0.033836063664647587,-0.007341741092647042,-1.0,0.003984913451811789,0.32017700568611734,0.898090563073256,0.09526877403039788,0.23306057115707998,0.9144039534008371,0.0,0.0,122.1738883640463,1,0.0442
157,0,0.0,0.1797415292027914,0.281981316143436,0.9273760832783519,0.9163743590694411,-0.034251846902451866,0.37012869640816026,-0.14862568122311937,0.03716176092908262,-0.03973134631623731,0.3129101728190247,1.651788478096523,0.039169428986986186,-0.4820951339398547,-0.005083783911023481,2.9532162843805514,1.1585064273690806,0.30628233143859374,0.06770595725314077,0.1590208909697055,-0.011262779814772153,0.04914708128521034,-0.01573827145295706,1.033203125,0.30628233143859374,0.06770595725314077,0.1590208909697055,-0.011262779814772153,0.04914708128521034,-0.01573827145295706,-1.0,0.004035587604586452,0.3201750177300333,0.8983064107414979,0.0948944403495868,0.23410799398800325,0.9124649959939577,0.0,0.0,0.0,0,0.0424
158,0,0.0,0.17757462742442875,0.2852322957976363,0.9245870402516804,0.9187025177760535,-0.03294569952434423,0.3647462604535996,-0.14785273145906053,0.03770948045850494,-0.039738253907798476,0.31901066226031266,1.6696062160826621,0.035084956187443284,-0.45162595808641137,6.185537619679939e-05,2.929478400972894,1.157772568576189,0.2604689734827944,0.0324449930370716,0.14738126864907786,-0.005620122866717772,0.043247423119488926,-0.01269437184107855,1.0146484375,0.2604689734827944,0.0324449930370716,0.14738126864907786,-0.005620122866717772,0.043247423119488926,-0.01269437184107855,-1.0,0.0040221950361877595,0.3201548018047164,0.898372714232364,0.09493905073884013,0.23423099784737317,0.913281068528066,0.0,0.02815544176652264,198.89298464900557,2,0.0422
159,0,0.0,0.1777498656109229,0.28536568841721527,0.9251084245449757,0.9162991421766058,-0.03373412030985545,0.370359569119962,-0.148632704121978,0.0377421785057971,-0.03972843537349089,0.321224337284473,1.6602608354613388,0.02730266427779548,-0.4739787623906224,0.003370884507381347,2.956175380322038,1.1636776084981606,0.1481954303310259,-0.0029332731224975817,0.1282101260033386,0.0013591223424339605,0.02547821459654223,-0.009899724554738504,0.99658203125,0.1481954303310259,-0.0029332731224975817,0.1282101260033386,0.0013591223424339605,0.02547821459654223,-0.009899724554738504,-1.0,0.00402030224532891,0.32015273805357014,0.8983953536512086,0.09449937406036288,0.23443532557084415,0.9138097711203703,0.0,0.0,0.0,1,0.039
160,1,0.7538,0.17895929471378474,0.2866093198191937,0.9295294711732651,0.9128511398465815,-0.035156734335144546,0.37754460663941597,-0.15141621613675388,0.038699759892632524,-0.03972974687963174,0.32489848745864525,1.6658918404115872,0.019005258652927407,-0.4606201429715441,0.011206437831413342,2.9638682272581636,1.167440149846965,-0.009686029709475519,0.05111946244225529,-0.017755873024825175,-0.0001562144692438816,0.0023126917593146445,-0.0022157033674322923,0.97900390625,-0.009686029709475519,0.05111946244225529,-0.017755873024825175,-0.0001562144692438816,0.0023126917593146445,-0.0022157033674322923,-1.0,0.004019885906395748,0.3201522579749495,0.8984017555608056,0.09310845324842085,0.2353534086919258,0.9085390893508294,0.0,0.13458509211519554,0.0,1,0.0395
161,0,0.0,0.179556240221491,0.28727705465391806,0.931602988243512,0.916400649542285,-0.03483442712635859,0.3704087728794584,-0.14762707468208344,0.039005369489145986,-0.03972492538456029,0.3266146378368272,1.6521197895642912,0.013592842373640569,-0.4697221102653156,0.010907086677378339,2.941315459285327,1.1714857850436793,0.03771949651608819,0.05947136081944793,-0.006200053132057515,-0.0003583130557110181,-0.0037449929644171875,-0.0043305715841220616,0.98388671875,0.03771949651608819,0.05947136081944793,-0.006200053132057515,-0.0003583130557110181,-0.0037449929644171875,-0.0043305715841220616,-1.0,0.004019776539658622,0.32015213146149374,0.8984034982692061,0.0925448868135112,0.23574463691955067,0.9048627759088373,0.0,0.0,0.0,0,0.0429
162,0,0.0,0.17666670002454543,0.28757232834967866,0.9242997344369969,0.9198371998272897,-0.03210941640532511,0.36425828039625674,-0.14207187038524416,0.03900288058354448,-0.039733246828477696,0.32646355712502745,1.6644016465850229,0.015367918178138571,-0.458921475794787,-0.010187900994595947,2.9265103900770453,1.1831107168007888,0.09022573923490895,0.10690258495791827,-0.02080842103538194,-0.003376909074297746,-0.01546529601685484,-0.004954961248097162,0.99609375,0.09022573923490895,0.10690258495791827,-0.02080842103538194,-0.003376909074297746,-0.01546529601685484,-0.004954961248097162,-1.0,0.004019747738273745,0.3201520980584741,0.8984039726958695,0.09364291014231552,0.2358474278389796,0.912694488602017,0.0,0.02049475618629616,232.02402862392145,2,0.0461
163,0,0.0,0.1773389313551116,0.28766516779105633,0.9261143834813879,0.9151363745884336,-0.03712018029355457,0.3729563996454461,-0.14849589921481712,0.038894981402092514,-0.039718961395521335,0.32761139675019196,1.6599800036072474,0.012825101030191232,-0.47392828898375955,0.0023069457585214873,2.961294606326571,1.1866344918796103,0.1548209047439162,0.1215358191252438,0.006714435910268657,-0.007127407941882977,0.002558510849553025,-0.003837102333561132,1.009765625,0.1548209047439162,0.1215358191252438,0.006714435910268657,-0.007127407941882977,0.002558510849553025,-0.003837102333561132,-1.0,0.00396534197409605,0.3201558689897423,0.8986937025543346,0.09307260148216544,0.23662800218266508,0.9190199120764753,0.0,0.0,0.0,0,0.0409
164,0,0.0,0.18299807207007543,0.2886559332759331,0.9424173313306332,0.9096777552598384,-0.039994068542013816,0.3831268264550431,-0.15524397224164377,0.03920551960761747,-0.039711340464563025,0.3284737979669367,1.6467934977904968,0.009722625676691885,-0.4677431396454876,0.02058283181097198,2.966978034570048,1.1782385805419422,0.23971942570909144,0.056515351843250516,0.0610540697710904,-0.010206391984314472,0.03664542469594351,-0.009008458663419233,1.02734375,0.23971942570909144,0.056515351843250516,0.0610540697710904,-0.010206391984314472,0.03664542469594351,-0.009008458663419233,-1.0,0.0037171973623371583,0.32004559440603786,0.8983557996838595,0.09090653005592535,0.23842804665038203,0.9120488031045283,0.0,0.0,0.0,0,0.0408
165,0,0.0,0.1892858732486778,0.28906253298081763,0.9608304216975256,0.9102674733455599,-0.03619139106477859,0.3835989496051813,-0.15150959059969296,0.03933689493958319,-0.03970627533252104,0.32189414779212006,1.618694749309281,0.021188562592384448,-0.4686983825683102,-0.010353067637424421,2.9368598466913385,1.1862678821367336,0.2898470460732846,0.04548896915426015,0.13209000011021432,-0.010592875336920937,0.04938119470448499,-0.015350545613230598,1.04296875,0.2898470460732846,0.04548896915426015,0.13209000011021432,-0.010592875336920937,0.04938119470448499,-0.015350545613230598,-1.0,0.0037184032485305606,0.32004292957561503,0.8983898672018216,0.08911244659863132,0.23967911512648407,0.901594877230899,0.0,0.0,0.0,0,0.0393
166,0,0.0,0.1890228028300027,0.28854178776704653,0.9596218548028694,0.9123081687204668,-0.042154319879419866,0.3768880003673568,-0.15450648459047336,0.03936586890835821,-0.03972664708478594,0.3204903175210063,1.621676560284055,0.026464667047053175,-0.46357152472843205,0.000379186257552866,2.9233717851432677,1.185565594459406,0.2120876021886654,0.004386368151896081,0.11023717977295777,-0.0030073343683678228,0.04104675697830712,-0.01188870775853007,1.0185546875,0.2120876021886654,0.004386368151896081,0.11023717977295777,-0.0030073343683678228,0.04104675697830712,-0.01188870775853007,-1.0,0.003718582717438361,0.32004168335850697,0.8984002626712643,0.08914511472311326,0.23965142842438086,0.9022079274700907,0.0,0.0,0.0,0,0.044
167,0,0.0,0.17713497635926612,0.2836283828036505,0.9219625610694377,0.9164289649534993,-0.041974900033394436,0.36843083661019627,-0.15051504441800678,0.03912489090134018,-0.03977938545539701,0.3186375422617302,1.6676878975253309,0.028613728296509818,-0.4703079359404667,-0.003737113818753019,2.9567095112613644,1.1837914555736277,0.10125856653970733,-0.023766098288079407,0.08946844190673997,0.003188476878104557,0.021802633913930086,-0.011007512668242653,1.0029296875,0.10125856653970733,-0.023766098288079407,0.08946844190673997,0.003188476878104557,0.021802633913930086,-0.011007512668242653,-1.0,0.005194995375895537,0.3220984033117884,0.9041261460599724,0.08692076888119177,0.24253635924215128,0.9126565536818264,0.0,0.10383749694460662,1100.9533426754338,4,0.0534
168,1,0.8155,0.17812295275645607,0.2846441722385003,0.9260229045650726,0.9094070969866409,-0.0417347298718147,0.3839170771497026,-0.15441703968696316,0.03992991180051896,-0.039511946340068986,0.31779671130206827,1.6782544369845194,0.0317173138898944,-0.4564987643287907,-0.026850636494333474,2.9884762367911573,1.2024913861195532,-0.013692130517269585,0.038403931766866406,-0.02491652303089753,-0.0003583130557110181,0.0038695459974911195,-0.0036356863129239914,0.97802734375,-0.013692130517269585,0.038403931766866406,-0.02491652303089753,-0.0003583130557110181,0.0038695459974911195,-0.0036356863129239914,-1.0,0.01069239470920885,0.3400705638654219,0.9050079827563879,0.08774538705533422,0.24498424981886718,0.935882240676691,0.0,0.0,0.0,1,0.0562
169,0,0.0,0.1786092868534961,0.2861506663237423,0.9286936909000845,0.9086168294863297,-0.042898143173589975,0.38547066675376646,-0.15487921603260046,0.039998058078493284,-0.03951950688881445,0.31579191604688506,1.6640132189288686,0.037232993462169864,-0.47754742192440913,-0.05087750962977565,2.9977667119793634,1.222741543748637,0.03407291757566022,0.045817414596059924,-0.027041895243855252,-0.00041628555860198646,-0.008801842820749833,-0.006435368999780006,0.98681640625,0.03407291757566022,0.045817414596059924,-0.027041895243855252,-0.00041628555860198646,-0.008801842820749833,-0.006435368999780006,-1.0,0.011262397707736998,0.3406811491377597,0.9038433106584037,0.08972196248330142,0.2491911382886005,0.922951993257573,0.0,0.0,0.0,0,0.0577
170,0,0.0,0.17966200169950233,0.2876622897588845,0.9326908336405711,0.9112444367111683,-0.0443083187584431,0.37995148375482724,-0.15266702146911065,0.04000895349222177,-0.03952179708296846,0.3157892961366369,1.6427816590365762,0.03765687047942916,-0.4971739676003224,-0.061973324681074714,2.9825202950230407,1.2362725180955303,0.07765210392711286,0.09054464565257081,-0.03405990281952764,-0.0032384192062804296,-0.013418266807072032,-0.006878484245181671,1.0,0.07765210392711286,0.09054464565257081,-0.03405990281952764,-0.0032384192062804296,-0.013418266807072032,-0.006878484245181671,-1.0,0.011215275824868948,0.3409108684982061,0.9021986192352172,0.0856252863580877,0.2542459879412748,0.9085239563819325,0.0,0.0,0.0,0,0.0731
171,0,0.0,0.18093939015740568,0.2908060122437793,0.9387218310881627,0.9145441365575581,-0.05173401885048995,0.3699996786907322,-0.1550253248683007,0.040011353130274374,-0.039530278733485635,0.3234741595385568,1.6543912751749894,0.03133646624123322,-0.4500883351227525,-0.029876918296130192,2.9288814373625804,1.233938772758132,0.14983895886755683,0.1032748390708973,-0.001238771099712821,-0.005649109118163256,0.005578573958196137,-0.005327580886275829,1.01171875,0.14983895886755683,0.1032748390708973,-0.001238771099712821,-0.005649109118163256,0.005578573958196137,-0.005327580886275829,-1.0,0.008945475085570453,0.34413882279347235,0.899127920083167,0.08475119072082796,0.25564023840383676,0.9019625867270334,0.0,0.0,0.0,0,0.0666
172,0,0.0,0.17738697225868472,0.28882690310606657,0.927621022015245,0.9208631263651064,-0.06034104753733027,0.3516584787605747,-0.15718261608389608,0.03989773551164342,-0.03956874334033268,0.3301791598239458,1.6550630271140105,0.012930022939539525,-0.4597844730897816,0.039957270975710814,2.9041289764736944,1.205592408814242,0.20520532644194223,0.03188194370827202,0.04707511159190536,-0.005546046890801529,0.043575181906473415,-0.010005467965572973,1.0234375,0.20520532644194223,0.03188194370827202,0.04707511159190536,-0.005546046890801529,0.043575181906473415,-0.010005467965572973,-1.0,0.008949170889130244,0.3442229987451343,0.8992596070220213,0.08463390646458294,0.2558943638569385,0.9031879458280896,0.0,1.192767151805395,299.563715554604,3,0.0543
173,0,0.0,0.1778370008073255,0.28692881443111773,0.9268546383914893,0.918450633965409,-0.05734237956014393,0.3581759562851502,-0.15770310337509208,0.03783707835634322,-0.03955753810634567,0.3348443741969008,1.6556367646725574,-0.004883025659670779,-0.468037105532748,0.07323008509838574,2.9289368204790804,1.1821799404873383,0.2393085435749588,0.04046844597246457,0.10036632358928821,-0.005739288567104761,0.05368888161913876,-0.014869664863959492,1.0361328125,0.2393085435749588,0.04046844597246457,0.10036632358928821,-0.005739288567104761,0.05368888161913876,-0.014869664863959492,-1.0,0.009355832958487983,0.3458414384792759,0.9000154249906629,0.08475667060061796,0.2581521300000698,0.9072613731436205,0.0,0.0,160.39253275696743,1,0.0605
174,0,0.0,0.17799594124457574,0.2855361507643624,0.9261233518003766,0.9119937612382261,-0.0417570823102531,0.3797148949952338,-0.14946679918378397,0.03641622010108378,-0.03957763139130422,0.32864117496300815,1.6672890922713908,-0.0003980438809268503,-0.4696303909238964,0.0011896659217723237,2.9785720356736474,1.204131793777383,0.15754299888254553,0.0036356357134966766,0.08210809249810791,-0.0002624973912106615,0.03912702694025491,-0.011062902073917885,1.009765625,0.15754299888254553,0.0036356357134966766,0.08210809249810791,-0.0002624973912106615,0.03912702694025491,-0.011062902073917885,-1.0,0.00812113647782974,0.3480097663672318,0.898223471560514,0.08471858233997125,0.25798592954891186,0.9053787995444078,0.0,0.0,0.0,0,0.0598
175,0,0.0,0.17781811676356568,0.2884819223070607,0.9285906957901788,0.9098592488773396,-0.03745105280381711,0.38643599573509135,-0.1463584199029104,0.03756660205687265,-0.03957268413539423,0.3232159068869285,1.6637459605946108,0.015272648832974762,-0.474616851736955,-0.07148640129141046,2.989948748460136,1.2489992372099892,0.08377681573902884,-0.029208908466474615,0.07474774308947585,0.006128971052518736,0.02079594621104905,-0.011460698714676198,1.0087890625,0.08377681573902884,-0.029208908466474615,0.07474774308947585,0.006128971052518736,0.02079594621104905,-0.011460698714676198,-1.0,0.00809724314607784,0.3482848842454939,0.8998887121326337,0.08433443307299736,0.258133081870458,0.9020836555978814,0.0,0.0,0.0,0,0.058
176,1,0.7811,0.17907257700611867,0.29166148196010405,0.9345894470086175,0.9125254029396664,-0.04087144254912595,0.38071072658974753,-0.14382717696338998,0.03835760447326967,-0.0395747299388561,0.32439023209197376,1.646159811144392,0.017590778257631584,-0.4815673190695032,-0.09543923526280486,2.964456146449341,1.2775927170268944,-0.0022387910283196977,0.04783500802425811,-0.013519392841949696,-0.0004911667081694826,0.005402988893740163,-0.0036155447108602856,0.9833984375,-0.0022387910283196977,0.04783500802425811,-0.013519392841949696,-0.0004911667081694826,0.005402988893740163,-0.0036155447108602856,-1.0,0.008115397237835558,0.3483597962178504,0.8993346006351484,0.08434643546493349,0.2581151336376011,0.9023809331311925,0.0,0.0,0.0,0,0.0541
177,0,0.0,0.1805732765409727,0.29432120246417265,0.9412241920079043,0.9163936244814557,-0.048047415850294095,0.3708286353318585,-0.14282959797521105,0.03874652583483539,-0.039582358114312044,0.3316386292016514,1.645484594470284,0.00720340998310353,-0.4540912378332357,-0.07331262110047879,2.915645126962169,1.2835630758157026,0.044576092129428146,0.056515351843250516,-6.642862486405665e-05,-0.0005024391392871724,-0.0053018472025936625,-0.005327580886275829,0.990234375,0.044576092129428146,0.056515351843250516,-6.642862486405665e-05,-0.0005024391392871724,-0.0053018472025936625,-0.005327580886275829,-1.0,0.00807192294714125,0.3482781094876183,0.8983401186080352,0.08434958075032793,0.2581104425109206,0.9024672786759416,0.0,0.0,0.0,0,0.0617
178,0,0.0,0.17946292742365705,0.29393173747552637,0.9381576187593132,0.9193404444678979,-0.05284378229281533,0.3629464813286727,-0.14244484381574407,0.038904906490463076,-0.039596005185540926,0.33578958751421234,1.6521602316513746,-0.003456624389431596,-0.4420304333893215,-0.04728724295607786,2.8943495043286593,1.279437473544031,0.09767618793273769,0.09792293789871442,-0.0059539949396177905,-0.005098370340699043,-0.012942723924170368,-0.0065864310152578265,0.9990234375,0.09767618793273769,0.09792293789871442,-0.0059539949396177905,-0.005098370340699043,-0.012942723924170368,-0.0065864310152578265,-1.0,0.00807396794190075,0.34828093106230495,0.8983854426444399,0.08435043100710414,0.25810917892487123,0.9024909446426757,0.0,0.0,0.0,0,0.0703
179,0,0.0,0.1768150364110238,0.29167570044646896,0.9287729142585324,0.921290054541178,-0.05504710181654876,0.3579797281165228,-0.14158024665443658,0.03900500154005917,-0.039607688939137985,0.33685596180271754,1.655615200817002,-0.010476883147906846,-0.4560287658342485,-0.031214078425165496,2.901451642906818,1.274704383437459,0.18070647919427818,0.11096104891872804,0.01652110300025811,-0.007697470886977517,0.00384613465556366,-0.006092961764696897,1.0087890625,0.18070647919427818,0.11096104891872804,0.01652110300025811,-0.007697470886977517,0.00384613465556366,-0.006092961764696897,-1.0,0.008075000106525334,0.34828196147301654,0.8983990185101374,0.08435066029777676,0.258108837905451,0.9024974066724075,0.0,0.0,0.0,0,0.0716
180,0,0.0,0.17661805732830616,0.28886992852222404,0.925275753480321,0.9157145082363187,-0.05741176949381599,0.36927259344669633,-0.1476772828103753,0.03712251601514717,-0.039602641045398304,0.3360200341675743,1.6650694279354188,-0.01664513350192907,-0.4632529557519384,-0.014620826199738847,2.948247935612066,1.2699452357106853,0.24269832118155377,0.061043206862346655,0.05218171060021992,-0.007697470886977517,0.02882603649216986,-0.010398229205815374,1.0283203125,0.24269832118155377,0.061043206862346655,0.05218171060021992,-0.007697470886977517,0.02882603649216986,-0.010398229205815374,-1.0,0.008296206425345431,0.3496205956018417,0.8993538998946806,0.08447963225569806,0.25930487010892833,0.9062387228985459,0.0,0.0,139.83055885475034,1,0.0643
181,0,0.0,0.18021517245506802,0.2888906693428019,0.9354284260964221,0.9064079663723348,-0.06390154537800191,0.3850903722762114,-0.1613895788929361,0.037909059454325336,-0.039593501108999195,0.3401483229548983,1.6538918685636204,-0.026059974524599676,-0.4796815070293295,0.03385417943655934,2.996187511381297,1.2497473127153385,0.2534839772025379,0.0481165326886579,0.08484682716178504,-0.00613221330892133,0.03842468668243093,-0.016146138894747253,1.033203125,0.2534839772025379,0.0481165326886579,0.08484682716178504,-0.00613221330892133,0.03842468668243093,-0.016146138894747253,-1.0,0.008375783688376253,0.35013434811379057,0.8983497687686741,0.08420969898055569,0.2597313441604712,0.9019350248581667,0.0,0.0,0.0,0,0.0708
182,0,0.0,0.18615377603713273,0.2890052073376727,0.9522412402025806,0.9022657732467997,-0.06264992329975311,0.3937239923992888,-0.16423422099871163,0.03859655056449729,-0.03958977796174861,0.3392176265079459,1.6328333282362555,-0.028063648316034095,-0.48335783171202745,0.042551707019353395,2.9977138667792578,1.23929388461481,0.16725008930143126,-0.003120956232097405,0.08981078373969953,-4.7516026323315974e-05,0.03254843985863695,-0.011777928947179661,1.0068359375,0.16725008930143126,-0.003120956232097405,0.08981078373969953,-4.7516026323315974e-05,0.03254843985863695,-0.011777928947179661,-1.0,0.00834861243055384,0.3501405489020429,0.8983657423497569,0.08422706253315099,0.2597119302713042,0.9023176921671616,0.0,0.0,0.0,0,0.0588
183,0,0.0,0.19287395113572106,0.2898773877293374,0.9727218902372695,0.9030129378033596,-0.06046156389846158,0.39333718670537204,-0.16185762572520368,0.039017340423832474,-0.03958333632057064,0.3346995588479108,1.6056065227293197,-0.02160314806289311,-0.4758525326828301,0.02472331903653879,2.9597491373994766,1.242664397932063,0.076881699925614,-0.04384819101526183,0.0825645482753874,0.0068568480332609205,0.020749123527194102,-0.012628911634371492,1.0068359375,0.076881699925614,-0.04384819101526183,0.0825645482753874,0.0068568480332609205,0.020749123527194102,-0.012628911634371492,-1.0,0.008351626471824407,0.3501391899726172,0.8983934532423521,0.08423239291628065,0.2597056392178701,0.9024501987288155,0.0,0.0,0.0,0,0.0587
184,1,0.7834,0.19794974453800193,0.2904465248266826,0.9901221539944565,0.9065178245431826,-0.05587333436072528,0.3893096216752818,-0.15343279559454753,0.039172598607440726,-0.03959353841054978,0.32663411675846993,1.5888988896310596,-0.005241852499357005,-0.4533523106661215,-0.028080934791813086,2.9046849896450784,1.2623011941109819,0.01445329567082243,0.06984085262483897,-0.008730173241274786,0.002547558651698839,-0.0044648917286867484,-0.0026688894138658104,0.9921875,0.01445329567082243,0.06984085262483897,-0.008730173241274786,0.002547558651698839,-0.0044648917286867484,-0.0026688894138658104,-1.0,0.00835235763620102,0.35013887293786716,0.8984012397553345,0.08423384565622602,0.2597039228583612,0.902486284626937,0.0,0.0,0.0,0,0.0358
185,0,0.0,0.1978644802478108,0.29117939991437836,0.9913544519728527,0.9098528321648672,-0.05597712691333401,0.38324236301090653,-0.14886126513607906,0.039222215749862975,-0.03960024224152185,0.3206452484123879,1.5823792520270161,0.014877077763643458,-0.45377209777510236,-0.07229517174602898,2.882698468809992,1.2841564911622456,0.05471974481582986,0.0769728107896327,0.005566164345549907,0.004125699008175235,-0.003586966406406794,-0.003464482695382437,0.990234375,0.05471974481582986,0.0769728107896327,0.005566164345549907,0.004125699008175235,-0.003586966406406794,-0.003464482695382437,-1.0,0.008352549885448103,0.350138789333572,0.8984033582483522,0.08423423783833792,0.2597034589912228,0.9024961346161416,0.0,0.0,0.0,0,0.0347
186,0,0.0,0.19668139067040552,0.2914899306581446,0.9877578936193407,0.9101905760417838,-0.057011435344018424,0.38244893451215844,-0.148444009698115,0.039265739897595096,-0.03960736173276358,0.314034294904518,1.5886441095460873,0.036687888044081234,-0.45152843356177114,-0.11272281634704069,2.8847193877425843,1.304170538574505,0.10502070608036018,0.11574110311634889,0.00804814263450715,-0.0006610583485860827,-0.016568555505186683,-0.005136235666670569,0.998046875,0.10502070608036018,0.11574110311634889,0.00804814263450715,-0.0006610583485860827,-0.016568555505186683,-0.005136235666670569,-1.0,0.008352600532494243,0.3501387672394088,0.8984039346798237,0.08423434339943366,0.25970333399060813,0.9024988242615465,0.0,0.0,0.0,0,0.0345
187,0,0.0,0.19393494334002884,0.2895118979095035,0.9760973339391457,0.908452153338114,-0.05960213804782949,0.38494461876027325,-0.15159126202713144,0.039298047531050276,-0.03962336797935266,0.30517082617064095,1.6077930557654945,0.05796938050848185,-0.4532903327565453,-0.1456705047993973,2.9127974638441976,1.321039528209271,0.18450713893500592,0.12526602092854056,-0.002670098737256321,-0.0022822754954050645,-0.014559203923818376,-0.004159367966580507,1.0107421875,0.18450713893500592,0.12526602092854056,-0.002670098737256321,-0.0022822754954050645,-0.014559203923818376,-0.004159367966580507,-1.0,0.008352613878636405,0.35013876139904493,0.8984040915378259,0.0842343717892114,0.2597033003336612,0.9024995587475502,0.0,0.0,0.0,0,0.0337
188,0,0.0,0.1848653642817913,0.2834600079110732,0.9428465420060916,0.9073037687529225,-0.07580064138893428,0.37860855772548463,-0.1664622899902472,0.039341030334608985,-0.03974017220953206,0.3003787856929025,1.6464576630133887,0.06695135920902315,-0.4735253074650158,-0.0955528447687162,2.971616342191675,1.3064372670127316,0.32323121947156885,0.09927777534613824,-0.00470052458247916,-0.00741404976173278,-4.01481043956764e-05,-0.005549138508976648,1.0439453125,0.32323121947156885,0.09927777534613824,-0.00470052458247916,-0.00741404976173278,-4.01481043956764e-05,-0.005549138508976648,-1.0,0.008352617395772605,0.35013875985509085,0.8984041342255769,0.08423437942270799,0.2597032912734554,0.902499759320598,0.0,0.0,0.0,0,0.0384
189,0,0.0,0.1810746760144227,0.2770636448530516,0.9276735113590842,0.9027784209264686,-0.09122025861567651,0.3781415621319565,-0.18351824464069982,0.03581865826718927,-0.03972148897104242,0.30899325487522367,1.6886919195793249,0.048090213643987405,-0.44104485542419714,0.04008940950787905,2.997134272826122,1.2318640537204404,0.37870030757948736,0.08926605446842195,0.027361927710646494,-0.007159614887933513,0.002652156217262891,-0.008338750394800809,1.0693359375,0.37870030757948736,0.08926605446842195,0.027361927710646494,-0.007159614887933513,0.002652156217262891,-0.008338750394800809,-1.0,0.008417386816310019,0.350416972200254,0.8989880181290446,0.08489875703331652,0.2607080177731725,0.9067481643267888,0.0,0.0,91.73024791731207,1,0.0391
190,0,0.0,0.18361648915865722,0.26923169686584525,0.9280326805829057,0.9013314225410193,-0.09018565172083626,0.3808811356677932,-0.18546637284500364,0.030718893072246903,-0.039717847162703136,0.3097454098466882,1.6841896069960098,0.0301139670683639,-0.44987610501608855,0.12582818876080443,3.0063183373299296,1.1604593934596386,0.30299527436553186,0.025876084201077343,0.04624778549558628,0.0006682833496499119,0.004466535216641504,-0.008711370032979476,1.0439453125,0.30299527436553186,0.025876084201077343,0.04624778549558628,0.0006682833496499119,0.004466535216641504,-0.008711370032979476,-1.0,0.008681024500418086,0.3508196472511327,0.8983447460517796,0.08572028855532471,0.26191275458243285,0.9046120108950275,0.0,0.0,25.76480216091463,1,0.0408
191,0,0.0,0.1869767536566811,0.2620169094665865,0.9301728906736525,0.9066217627171453,-0.08263505905587215,0.3734582357388737,-0.1781498597846648,0.03223641846828025,-0.03970839518799168,0.3037670602531059,1.655616931908347,0.02190583574623758,-0.4812392109738572,0.16142685057981923,2.985864077130522,1.1103893818004849,0.19986385869821666,-0.027519760480076094,0.026192259781367744,0.009053361753907654,0.002195635049677319,-0.007502873909156743,1.0234375,0.19986385869821666,-0.027519760480076094,0.026192259781367744,0.009053361753907654,0.002195635049677319,-0.007502873909156743,-1.0,0.00867908078102128,0.3508381121084844,0.8983748867535379,0.0856187191126348,0.2621708458993403,0.9021726981797683,0.0,0.0,0.0,0,0.0362
192,1,0.736,0.19518863481861692,0.2533535822120304,0.9450615320122177,0.912873748689293,-0.06589041527795275,0.368721629514671,-0.16237097048580224,0.0353027911114488,-0.039703859374009255,0.2801504439936377,1.64203369995845,0.04330826389483249,-0.4549756012132971,0.08471869074435817,2.922418737781141,1.1115802536225168,0.011217598864527112,0.05796989594264934,-0.027826428611054332,-0.0006014754983925813,0.0028628582946100822,-0.0010676320498007041,0.994140625,0.011217598864527112,0.05796989594264934,-0.027826428611054332,-0.0006014754983925813,0.0028628582946100822,-0.0010676320498007041,-1.0,0.00868007086035083,0.3508356662581786,0.8983960891205063,0.08562664336304501,0.2621580437765337,0.902410341103865,0.0,0.0,0.0,0,0.0401
193,0,0.0,0.19582781051220022,0.25113262737988545,0.9458560704275033,0.9188057071023743,-0.05506105361512281,0.3617684813965302,-0.14794566177805024,0.03716143271149918,-0.03969258981457293,0.26056403522215565,1.6485830245378443,0.0914804721102238,-0.4301190099623368,-0.03806460322360594,2.8783343365005094,1.1527936494304563,0.059855771492488996,0.07441562842133498,-0.016179674168906866,-0.0006216048396741614,-0.007139637543899735,-0.002255986571559704,1.001953125,0.059855771492488996,0.07441562842133498,-0.016179674168906866,-0.0006216048396741614,-0.007139637543899735,-0.002255986571559704,-1.0,0.008680305562381519,0.35083504355901535,0.8984019603098081,0.08562879965239158,0.26215457889822713,0.9024754127125365,0.0,0.0,0.0,0,0.0349
194,0,0.0,0.1943780185958025,0.2524735482756439,0.9434856697046129,0.921893341744024,-0.05422137048128073,0.3558905987399887,-0.1432291561088719,0.03812238820852338,-0.039691525004926176,0.24875052679321535,1.6491988633121935,0.1332086172532586,-0.42976562373219107,-0.12159412675620837,2.8616621677155805,1.1898503414060313,0.09876919860986422,0.1194830351139956,-0.027526879507214663,-0.006441399991006513,-0.01659050363824366,-0.0013194020755971092,1.009765625,0.09876919860986422,0.1194830351139956,-0.027526879507214663,-0.006441399991006513,-0.01659050363824366,-0.0013194020755971092,-1.0,0.008680367351210617,0.3508348793461386,0.8984035552104943,0.08562938359982321,0.2621536396370125,0.9024931659819674,0.0,0.0,0.0,0,0.0342
195,0,0.0,0.19193851830247496,0.25305148608424,0.9369879259504903,0.9228807378545234,-0.05516597553053143,0.35361667551045917,-0.142137629225288,0.03860360752118895,-0.039695712906245226,0.23855263766824236,1.6510132264071564,0.16401988044449126,-0.443918256010936,-0.1801268685036781,2.8703231664979874,1.2177036483586745,0.16493887729693468,0.11309301174183872,-0.02811171347185404,-0.004850376856109895,-0.005454020925122205,-0.00040295918169819256,1.015625,0.16493887729693468,0.11309301174183872,-0.02811171347185404,-0.004850376856109895,-0.005454020925122205,-0.00040295918169819256,-1.0,0.008680383651461903,0.35083483599047854,0.8984039885163689,0.08562954092011864,0.262153386325099,0.9024980135058988,0.0,0.0,0.0,0,0.0355
196,0,0.0,0.18799101825707037,0.2510418948074444,0.9240632965221283,0.9211538154355496,-0.058840959126831516,0.3561813934443123,-0.14542422357238366,0.03820484921415594,-0.03970407523467806,0.2276734013634102,1.666526629255794,0.18732338411850452,-0.45704779029217996,-0.21849844387009615,2.905965387055178,1.2381966282320174,0.25882544494626336,0.07054466428583828,0.015322906584899432,-0.003673212977962706,0.019953137901660256,-0.0019437917395721815,1.029296875,0.25882544494626336,0.07054466428583828,0.015322906584899432,-0.003673212977962706,0.019953137901660256,-0.0019437917395721815,-1.0,0.00868038795245076,0.35083482454133935,0.898404106252499,0.08562958324067975,0.26215331810902653,0.9024993373179718,0.0,0.0,400.20668834505506,1,0.0383
197,0,0.0,0.19068195339130742,0.24768536187014523,0.9284496589524407,0.9087454035905256,-0.07576474399873268,0.3747067619208155,-0.16744054942192424,0.03572290564535286,-0.0396835831059356,0.22193553772660307,1.6672902612411462,0.1932654846051925,-0.4749273305385398,-0.17108807792694228,2.9796589066403243,1.2283117455845918,0.3082340215757241,0.04473823671586086,0.061282297659730145,-0.005420439801204435,0.03273573059405668,-0.008197759180354813,1.05078125,0.3082340215757241,0.04473823671586086,0.061282297659730145,-0.005420439801204435,0.03273573059405668,-0.008197759180354813,-1.0,0.008680389087381925,0.35083482151773715,0.8984041382472215,0.08562959462067707,0.2621532997461659,0.9024996988454356,0.0,0.0,0.0,0,0.036
198,0,0.0,0.19646964668325245,0.24349254492603267,0.941501068363533,0.898554085100023,-0.09323170240097167,0.38527935491873033,-0.18833009449072038,0.03722060393804053,-0.03968215731710998,0.23049603529891124,1.6507021218152584,0.169097828973006,-0.48707444749287515,-0.02623698670898257,3.0153958561995395,1.1557127990971172,0.23324803209650102,0.005793991473894811,0.06710210882004386,-0.0002914836426561457,0.028451455021330424,-0.008097051170036257,1.0283203125,0.23324803209650102,0.005793991473894811,0.06710210882004386,-0.0002914836426561457,0.028451455021330424,-0.008097051170036257,-1.0,0.00868038938687111,0.35083482071922023,0.8984041469428139,0.08562959768043557,0.2621532948036928,0.9024997975759546,0.0,0.0,0.0,0,0.0346
199,0,0.0,0.2040221639865534,0.23654715018426795,0.9578066067467068,0.895053323318073,-0.0967983749369718,0.38931602500454165,-0.19478874634202237,0.03818536950287837,-0.039677901935261016,0.2349884384770008,1.6231619236416903,0.14165670498343727,-0.4950330423793867,0.09218668629588095,3.0087192184066085,1.0755633954302681,0.1762381359855848,-0.028927383802074824,0.06082584188245066,0.00879570618550335,0.014638763284125472,-0.005428288896594385,1.0078125,0.1762381359855848,-0.028927383802074824,0.06082584188245066,0.00879570618550335,0.014638763284125472,-0.005428288896594385,-1.0,0.00868038946590233,0.35083482050833487,0.8984041493063973,0.08562959850309906,0.26215329347344135,0.9024998245380303,0.0,0.0,0.0,0,0.0349
200,1,0.7368,0.21195169103080708,0.2289221297367407,0.975431000233826,0.8968021397771012,-0.09163161471184189,0.38690136593348345,-0.19405386446890507,0.03874729096785758,-0.039671936114122654,0.23011469735655102,1.6023268809588727,0.1282612671952522,-0.4786628049180459,0.14590702022709712,2.963087809879583,1.022374833003286,0.04580873853182632,0.06660331898424177,-0.02413198966369834,-0.0005185426123124476,-0.00035620122041649105,-0.001208623264246672,0.99755859375,0.04580873853182632,0.06660331898424177,-0.02413198966369834,-0.0005185426123124476,-0.00035620122041649105,-0.001208623264246672,-1.0,0.008680389486757863,0.3508348204526406,0.8984041499489259,0.08562959872428484,0.2621532931154124,0.9024998319008849,0.0,0.0,0.0,0,0.0355
201,0,0.0,0.217940575130387,0.2217773686668061,0.9893994887437126,0.9036184528302333,-0.07526406192504742,0.3809212027628878,-0.1808536700565181,0.039070030578685244,-0.03966772758998057,0.21426556539378674,1.59110019257001,0.14000163070142416,-0.4522943275024499,0.09212909897424632,2.8991264836552686,1.0189574122670313,0.09134924507042819,0.08690828540407403,-0.010217220578193187,-0.0006256307079304801,-0.010139215728356327,-0.002356694581878288,1.0107421875,0.09134924507042819,0.08690828540407403,-0.010217220578193187,-0.0006256307079304801,-0.010139215728356327,-0.002356694581878288,-1.0,0.008680389492261482,0.35083482043793174,0.8984041501236135,0.0856295987837544,0.26215329301905166,0.902499833911505,0.0,0.0,0.0,0,0.0345
202,0,0.0,0.21653366124390272,0.22380641216919114,0.9872112859901847,0.9097334306839666,-0.06789902041247231,0.37114409132194703,-0.17328263502097396,0.039245953300676845,-0.03966209104782139,0.20859875405725367,1.5867602747194225,0.15788435225094924,-0.4554157236536368,0.03864600051406243,2.8720538742667454,1.0382403009309085,0.11581278213469015,0.12078508668684451,-0.056426235906223754,-0.003742457911971364,-0.019834437704068175,-0.0011985524632148192,1.0234375,0.11581278213469015,0.12078508668684451,-0.056426235906223754,-0.003742457911971364,-0.019834437704068175,-0.0011985524632148192,-1.0,0.008680389493713858,0.35083482043404707,0.8984041501711124,0.08562959879974391,0.2621532929931169,0.9024998344605457,0.0,0.0,0.0,0,0.0349
203,0,0.0,0.213259444301215,0.22717064558271974,0.9791980165579128,0.9115325048279559,-0.06613624392916562,0.36823970382380594,-0.17068687825597098,0.03930042926740902,-0.0396624931792137,0.21026996784186786,1.6042962323901782,0.16898537049902604,-0.44259133498592185,0.00595623171879745,2.869730475646076,1.0564178625255072,0.16031645328794142,0.11344785012092584,-0.07959136660315891,-0.005536384806986372,-0.006946493972998152,2.0014461639766834e-05,1.0244140625,0.16031645328794142,0.11344785012092584,-0.07959136660315891,-0.005536384806986372,-0.006946493972998152,2.0014461639766834e-05,-1.0,0.00868038949409714,0.350834820433021,0.8984041501840289,0.08562959880404306,0.26215329298613677,0.9024998346104699,0.0,0.0,0.0,0,0.035
204,0,0.0,0.20763965898456488,0.23078233138156137,0.963643833748018,0.9113732841676055,-0.065868067636149,0.3690973037105909,-0.16978608589929473,0.039341378093165805,-0.03966608301286622,0.21441499198076877,1.6298107506612578,0.17533189692934464,-0.43981480486274604,-0.015530872156603521,2.8940980069977478,1.0709672106023702,0.2638587510893894,0.08295520990812744,-0.04977909864959085,-0.001332774467152631,0.008961512866714982,-0.0024574025921968445,1.0341796875,0.2638587510893894,0.08295520990812744,-0.04977909864959085,-0.001332774467152631,0.008961512866714982,-0.0024574025921968445,-1.0,0.008680389494198287,0.35083482043275,0.8984041501875418,0.08562959880519899,0.2621532929842582,0.9024998346514079,0.0,0.0,0.0,0,0.035
205,0,0.0,0.19503649325740383,0.23577667861345813,0.9305186547556734,0.9121946374094807,-0.06884398029795669,0.3655658591843204,-0.17182273556473715,0.039380830936872675,-0.03967495905394023,0.22072914236487517,1.656488509888913,0.17655930704280356,-0.479855392211629,-0.012946666682759752,2.955797825567137,1.0784374780982495,0.3343250370931524,0.06946548640563921,-0.0148530995661883,-0.004905128664395811,0.024494938235588654,-0.004874394839842311,1.0546875,0.3343250370931524,0.06946548640563921,-0.0148530995661883,-0.004905128664395811,0.024494938235588654,-0.004874394839842311,-1.0,0.00868038949422498,0.35083482043267844,0.8984041501884971,0.0856295988055098,0.26215329298375256,0.9024998346625861,0.0,0.0,658.4838407345909,1,0.0394
206,0,0.0,0.1942196981043109,0.23338882364047636,0.9280312594551204,0.9003569823894662,-0.07882181310899222,0.38734632309026684,-0.18195398327378198,0.0352650691330868,-0.039643318193266566,0.22868103763141245,1.690412773776614,0.16743227571566283,-0.4482953448304951,0.03096003363365989,3.0140122985030824,1.0628806954047332,0.27752058204930263,0.025219193317477906,-0.0051462821774787,-0.0002987302055175167,0.029598610775776246,-0.003736394323242548,1.0458984375,0.27752058204930263,0.025219193317477906,-0.0051462821774787,-0.0002987302055175167,0.029598610775776246,-0.003736394323242548,-1.0,0.008680389494232024,0.35083482043265957,0.8984041501887571,0.0856295988055934,0.2621532929836165,0.9024998346656383,0.0,0.0,35.653065026404995,1,0.0367
207,0,0.0,0.1955664410680431,0.22800839187649358,0.9287523874323637,0.8960558495522993,-0.0809540502315454,0.3963993135244849,-0.18275103411891097,0.0335151985506827,-0.03964310448201915,0.22557536609797607,1.6835343767655033,0.16040890716174336,-0.4682223202100326,0.05889315689475885,3.0451372888358685,1.0412112332888943,0.19467647175479097,-0.04375434946046186,0.002014367828593655,0.0046442308395889115,0.02269226490717377,-0.00032239277344334183,1.0361328125,0.19467647175479097,-0.04375434946046186,0.002014367828593655,0.0046442308395889115,0.02269226490717377,-0.00032239277344334183,-1.0,0.008680389494233883,0.35083482043265457,0.8984041501888276,0.08562959880561588,0.26215329298357987,0.9024998346664718,0.0,0.0,14.213718499218416,1,0.0355
208,1,0.7504,0.19772033422796703,0.22427834548351383,0.9314942097156589,0.8980830148927859,-0.08004763560525308,0.392640409248795,-0.18130853101834632,0.03499765154654558,-0.039634586818174174,0.21798745122735597,1.6572669816154033,0.1611420649449856,-0.502175361174719,0.07292956547210071,3.042057026438067,1.0223838986402283,0.0318130658379302,0.04755348335985843,-0.02889624683905323,-0.0026651355665808507,0.00454847491338764,-0.0020142873467951794,0.98974609375,0.0318130658379302,0.04755348335985843,-0.02889624683905323,-0.0026651355665808507,0.00454847491338764,-0.0020142873467951794,-1.0,0.008680389494234376,0.3508348204326531,0.8984041501888468,0.0856295988056219,0.26215329298356993,0.9024998346666993,0.0,0.0,0.0,0,0.0353
209,0,0.0,0.20126114760468478,0.22172521385042843,0.9386553922892211,0.9032222228097535,-0.07779436959993996,0.3819110371023816,-0.17967084354601986,0.03694195505593191,-0.039628973166716125,0.2088495166367224,1.6278226756749554,0.16624184452570173,-0.5233141629123829,0.07469137006328073,3.007850470902578,1.0113433912083523,0.05767296015490886,0.064022676227244,-0.02274835808881981,-0.002979153290573605,-0.008924752365869038,-0.0036356863129239914,1.0048828125,0.05767296015490886,0.064022676227244,-0.02274835808881981,-0.002979153290573605,-0.008924752365869038,-0.0036356863129239914,-1.0,0.008680389494234506,0.3508348204326531,0.8984041501888519,0.08562959880562353,0.2621532929835673,0.9024998346667614,0.0,0.0,0.0,0,0.0354
210,0,0.0,0.20536092381491683,0.21927937909470868,0.947549471072668,0.9089808279498542,-0.07459005550228637,0.3695859298255841,-0.17775381434647175,0.03803914208154051,-0.03962630107191642,0.20274421405395313,1.6230867245815792,0.17242706894575183,-0.4928434833113868,0.06676609974595142,2.944182215090995,1.0073536580226345,0.07499421012194185,0.09804023984221433,-0.051547864786548936,-0.005523502028566149,-0.017727416930596235,-0.003323491480936469,1.0146484375,0.07499421012194185,0.09804023984221433,-0.051547864786548936,-0.005523502028566149,-0.017727416930596235,-0.003323491480936469,-1.0,0.008680389494234539,0.3508348204326531,0.898404150188853,0.08562959880562399,0.26215329298356665,0.9024998346667784,0.0,0.0,0.0,0,0.0359
211,0,0.0,0.20435630845461022,0.22031512049381152,0.9460735988854788,0.9129181947365732,-0.06807791714191003,0.36321041329882775,-0.1732742409818276,0.0385857340242984,-0.03963003189357609,0.20584682816005795,1.664655588815397,0.18498926391207088,-0.414320149830859,0.02967882318879841,2.8898152140645235,1.0179540573999557,0.13918170351348913,0.0783100529455315,-0.05057789625983,-0.0026176303211563057,-0.0018077044199193704,-0.0019035085354447423,1.0166015625,0.13918170351348913,0.0783100529455315,-0.05057789625983,-0.0026176303211563057,-0.0018077044199193704,-0.0019035085354447423,-1.0,0.008680389494234539,0.3508348204326531,0.898404150188853,0.08562959880562404,0.26215329298356665,0.902499834666783,0.0,0.0,0.0,0,0.0368
212,0,0.0,0.1980603987788242,0.22243754389267686,0.9300341397727478,0.9193267898617702,-0.06516222207495243,0.34988122825051976,-0.16785489082720725,0.03888298718840923,-0.03963465084137069,0.20406722419711992,1.673389304996977,0.19474154026524407,-0.426207155250531,-0.00083733554202826,2.878745724426759,1.0323272195004487,0.2337616347641669,0.03469719035226959,0.004307344897271248,-0.002189680525509774,0.029785901511195978,-0.004280217578962797,1.0185546875,0.2337616347641669,0.03469719035226959,0.004307344897271248,-0.002189680525509774,0.029785901511195978,-0.004280217578962797,-1.0,0.008680389494234539,0.3508348204326531,0.898404150188853,0.08562959880562404,0.26215329298356665,0.9024998346667837,0.0,0.0,0.0,0,0.0398
213,0,0.0,0.19726596870174054,0.22292247638555682,0.9274824986239867,0.9182129175155334,-0.06424129423844083,0.3537260054475101,-0.1662408111515622,0.03845147505939659,-0.03962516373883827,0.19890667033007142,1.6565348249734386,0.1983039061841215,-0.4686775828381184,-0.020619780665076633,2.9134066425901475,1.043357611007116,0.2585172833456638,0.0334303293624707,0.02577859673320826,-0.004921232137421086,0.0372072969022027,-0.008207829981386666,1.0244140625,0.2585172833456638,0.0334303293624707,0.02577859673320826,-0.004921232137421086,0.0372072969022027,-0.008207829981386666,-1.0,0.008680389494234539,0.3508348204326531,0.898404150188853,0.08562959880562404,0.26215329298356665,0.9024998346667837,0.0,0.0,168.75742378838495,1,0.0364
214,0,0.0,0.19816704686668624,0.22464005305002074,0.9311086034272781,0.906767389240559,-0.07223891791813641,0.37629064416099456,-0.17595394756805105,0.040228870963859666,-0.03962517506881963,0.20613302835727787,1.6715154345442513,0.1954800110675131,-0.46111108705392007,0.0015898039378427144,2.9763735402685993,1.0435312698380281,0.19077309148053,-0.013349685705288494,0.042596139277350176,-0.00015138342733629628,0.03964207646265916,-0.005428288896594385,1.01953125,0.19077309148053,-0.013349685705288494,0.042596139277350176,-0.00015138342733629628,0.03964207646265916,-0.005428288896594385,-1.0,0.008680389494234539,0.3508348204326531,0.898404150188853,0.08562959880562404,0.26215329298356665,0.9024998346667837,0.0,0.0,0.0,0,0.0383
215,0,0.0,0.19880104254202385,0.21941599977136025,0.9299710628973283,0.9011653487786608,-0.07914014057367835,0.386185119948487,-0.18027452798713695,0.0376997571899871,-0.0396363667842737,0.20665744438990222,1.6794640994263141,0.186211281343729,-0.46034658275817414,0.04234874404287173,3.0066073187034745,1.022508075910602,0.14223763938610134,-0.051355515399255314,0.05252405243317959,0.0052078523954733336,0.03392970903235745,-0.0010978444528962628,1.013671875,0.14223763938610134,-0.051355515399255314,0.05252405243317959,0.0052078523954733336,0.03392970903235745,-0.0010978444528962628,-1.0,0.008680389494234539,0.3508348204326531,0.898404150188853,0.08562959880562404,0.26215329298356665,0.9024998346667837,0.0,0.0,11.974408919335401,1,0.0368
216,1,0.7499,0.20009081633399975,0.21516046486878174,0.9303633600540093,0.9023154483586323,-0.07947983397783243,0.38359372765872635,-0.17990452952913155,0.03695027898773507,-0.03963172896121008,0.20263501807359396,1.6637398079180419,0.1796711136657232,-0.48226410423931276,0.07363224418285647,3.0054399467119977,0.9967784335833997,0.031504904237330655,0.04440979127406108,-0.034459301624647276,-0.002080176908937942,0.005449811577595082,-0.001984074943699593,0.98828125,0.031504904237330655,0.04440979127406108,-0.034459301624647276,-0.002080176908937942,0.005449811577595082,-0.001984074943699593,-1.0,0.008680389494234539,0.3508348204326531,0.898404150188853,0.08562959880562404,0.26215329298356665,0.9024998346667837,0.0,0.0,0.0,0,0.0368
217,0,0.0,0.20316270432817157,0.21191019172715245,0.9360512341218349,0.9074194364347709,-0.07676362911803314,0.3726352251840825,-0.1784385064301947,0.038042001043789506,-0.03962410900068423,0.19462749783544936,1.641342400298564,0.1818844732196777,-0.4931855543481308,0.08205887855583009,2.9675662273221017,0.9809505270299699,0.05772432042167552,0.05947136081944793,-0.03189173787745003,-0.0019012270649446383,-0.010692308681392704,-0.0031321462613311812,1.00390625,0.05772432042167552,0.05947136081944793,-0.03189173787745003,-0.0019012270649446383,-0.010692308681392704,-0.0031321462613311812,-1.0,0.008680389494234539,0.3508348204326531,0.898404150188853,0.08562959880562404,0.26215329298356665,0.9024998346667837,0.0,0.0,0.0,0,0.0346
218,0,0.0,0.20426307426270127,0.2121403353272057,0.9393019010460957,0.9130377569143191,-0.06607782895229458,0.3639393317426795,-0.17188350060582058,0.03866772533223734,-0.03962031468300597,0.1919548031042351,1.6604257931375004,0.1968037274397916,-0.43996515163392574,0.0350196708561136,2.9089927429584566,0.9889827465063841,0.07092390898068945,0.08452705595102605,-0.06107637913725872,-0.0020016724779397532,-0.0201534172378299,-0.002548039801483548,1.015625,0.07092390898068945,0.08452705595102605,-0.06107637913725872,-0.0020016724779397532,-0.0201534172378299,-0.002548039801483548,-1.0,0.008680389494234539,0.3508348204326531,0.898404150188853,0.08562959880562404,0.26215329298356665,0.9024998346667837,0.0,0.0,0.0,0,0.0347
219,0,0.0,0.19965138215504047,0.21584309477407365,0.9294758359230687,0.9192771596593041,-0.0601006171535825,0.3522373104290898,-0.1650645228029345,0.03896237159863235,-0.03962250175728366,0.1897894136650828,1.6682950591781762,0.21283159902847862,-0.43920324567373353,-0.018573605476142358,2.886719683982288,1.0140965138851963,0.1288582898934043,0.06920742212993947,-0.061447249456298314,-0.0009380380846207154,-0.001257537884623905,-0.0022257741684641452,1.01953125,0.1288582898934043,0.06920742212993947,-0.061447249456298314,-0.0009380380846207154,-0.001257537884623905,-0.0022257741684641452,-1.0,0.008680389494234539,0.3508348204326531,0.898404150188853,0.08562959880562404,0.26215329298356665,0.9024998346667837,0.0,0.0,0.0,0,0.0386
