step,query,infer_s,eef_x,eef_y,eef_z,eef_qx,eef_qy,eef_qz,eef_qw,gripper_q0,gripper_q1,joint_0,joint_1,joint_2,joint_3,joint_4,joint_5,joint_6,act_raw_0,act_raw_1,act_raw_2,act_raw_3,act_raw_4,act_raw_5,act_raw_6,act_env_0,act_env_1,act_env_2,act_env_3,act_env_4,act_env_5,act_env_6,akita_black_bowl_1_x,akita_black_bowl_1_y,akita_black_bowl_1_z,plate_1_x,plate_1_y,plate_1_z,force_akita_black_bowl_1,force_plate_1,force_other,n_contacts,sim_s
0,1,0.8274,-0.21053419296826384,0.0058375814507777846,1.1755278607966382,0.999605948194586,2.7999952573520837e-05,-0.02806929780372089,0.0002491401405166783,0.03872255873221507,-0.038723021391825374,-0.00027154326894457246,-0.17087526523959568,0.013057612886136253,-2.448849954559738,0.003048742641964678,2.221787900699679,0.79645087804092,0.07359464285255224,0.14233345370777561,0.039258306405993815,-0.0001562144692438816,0.019578556430820793,-0.0008158620240042991,0.9912109375,0.07359464285255224,0.14233345370777561,0.039258306405993815,-0.0001562144692438816,0.019578556430820793,-0.0008158620240042991,-1.0,-0.2275880939530821,0.18960061198831132,0.9343990250862276,0.0606051078239672,0.19244251906979418,0.9024995673059236,0.0,0.0,0.0,0,0.0392
1,0,0.0,-0.2101486495654753,0.006606464736826885,1.1757169357498847,0.9995919023050863,0.00029976526429986716,-0.028564587722684456,5.757705733874796e-05,0.03886580066828659,-0.038824176037251815,0.0002345685851503638,-0.16950530953581594,0.014198037410113322,-2.446599611401508,0.0038791386005864697,2.2199375550112066,0.7969905204345249,0.12005000414293399,0.22313103239050514,0.05520573012469665,-0.00025686117565182354,0.01627755721904811,-0.0012388356673422585,0.98876953125,0.12005000414293399,0.22313103239050514,0.05520573012469665,-0.00025686117565182354,0.01627755721904811,-0.0012388356673422585,-1.0,-0.22758760482343623,0.1896024084676801,0.9344009677437322,0.06060510783314129,0.19244251909980234,0.9024997617621902,0.0,0.0,0.0,0,0.0539
2,0,0.0,-0.20934453781401133,0.008558305315570468,1.1760141330565865,0.9995871695966265,0.0007285442777649753,-0.028720993583299236,-0.00025323630671480156,0.03894831984355385,-0.03887956223293193,0.001331109169269954,-0.1673439663046079,0.017208217321810947,-2.443318328956613,0.005513160175555463,2.218553347107457,0.7991680157189446,0.19606319895748892,0.3507555469183936,0.10196391880976652,-0.0002004990200633744,0.020749123527194102,0.0003322092936272891,0.99072265625,0.19606319895748892,0.3507555469183936,0.10196391880976652,-0.0002004990200633744,0.020749123527194102,0.0003322092936272891,-1.0,-0.22758747936866086,0.1896029063390127,0.9344014969388703,0.06060510783529076,0.19244251910874574,0.9024998147869767,0.0,0.0,0.0,0,0.0388
3,0,0.0,-0.2079699958421427,0.01184912677387931,1.1765487945633692,0.9995939620022397,0.0012887569403225996,-0.028457288416278773,-0.0006580047149146104,0.039009427618979145,-0.03892475276589225,0.0030828380755254705,-0.1641818332015287,0.02238957155424186,-2.4384184206429897,0.007961028584444326,2.2174087785722945,0.8033604173348052,0.33863929950154625,0.4860750689398756,0.09711407617617174,-0.0014303011256619064,0.022504974171754066,0.012719294562810318,0.99072265625,0.33863929950154625,0.4860750689398756,0.09711407617617174,-0.0014303011256619064,0.022504974171754066,0.012719294562810318,-1.0,-0.2275874493570118,0.18960305470909536,0.9344016482393768,0.060605107835782095,0.19244251911138863,0.9024998292459088,0.0,0.0,0.0,0,0.0411
4,0,0.0,-0.20558832005785543,0.016796296294712323,1.1771234406556446,0.9996172303450872,0.002333759490647902,-0.02754353304079485,-0.0011402418546018044,0.03906468295603936,-0.03896610451367383,0.005611948085811868,-0.15846545654490374,0.03022351880159892,-2.430952848230976,0.011138217414454777,2.2176157072378957,0.8094954171630397,0.46621820214975884,0.5804796730685933,0.040342388877032564,-0.0029968671109013995,0.025431391912687312,0.011611506449306142,0.98681640625,0.46621820214975884,0.5804796730685933,0.040342388877032564,-0.0029968671109013995,0.025431391912687312,0.011611506449306142,-1.0,-0.22758744358164457,0.18960310647967793,0.9344016952481626,0.060605107835890557,0.1924425191121641,0.9024998331886069,0.0,0.0,0.0,0,0.0373
5,0,0.0,-0.20191105366800632,0.023238624830788042,1.1771157691955088,0.999651428508894,0.00368073504621641,-0.02609473441553999,-0.00159326878735341,0.03911229330131971,-0.039005164955031736,0.008775651036176682,-0.1482049170669821,0.0403856568595063,-2.4204388125655925,0.01444476179614064,2.220404762085729,0.8179597793630552,0.5103880315690271,0.6630602412925211,0.01817575519289638,-0.002512957746492045,0.032454794490927086,0.012054621694707807,0.986328125,0.5103880315690271,0.6630602412925211,0.01817575519289638,-0.002512957746492045,0.032454794490927086,0.012054621694707807,-1.0,-0.22758744346173426,0.1896031298944802,0.9344017122078057,0.06060510783591327,0.1924425191123903,0.9024998342637116,0.0,0.0,0.0,0,0.0381
6,0,0.0,-0.19731626855049908,0.030925441330376332,1.176416661130579,0.9996772747332915,0.005005889842674804,-0.024822413939339538,-0.0020335227870062365,0.039157343185183,-0.03904167061216825,0.012411062277673923,-0.13370040443767905,0.05238133930846541,-2.406963363075391,0.017620033321915494,2.2241084660602963,0.8288826615557827,0.519221997452881,0.7058519902812836,-0.007239559843596477,-0.0002769905169334036,0.03922067230796478,0.008388850119112196,0.9931640625,0.519221997452881,0.7058519902812836,-0.007239559843596477,-0.0002769905169334036,0.03922067230796478,0.008388850119112196,-1.0,-0.22758744429543148,0.1896031438546341,0.9344017197276564,0.060605107835917604,0.19244251911245597,0.9024998345568738,0.0,0.0,0.0,0,0.0376
7,0,0.0,-0.19227568359302144,0.03954805400366114,1.1753132450381594,0.9996845269359247,0.006129234794055527,-0.024227630523838375,-0.0025101802595552504,0.03919992945602762,-0.03907625283801673,0.016339872632038458,-0.11623252145872126,0.06558247991085303,-2.3907910100444263,0.02053247788369825,2.2267597675435016,0.8419456178398926,0.509155385166629,0.7411364148860529,-0.051148465981429414,-0.00023512148706769653,0.03210362436201511,0.004300104900178597,0.9951171875,0.509155385166629,0.7411364148860529,-0.051148465981429414,-0.00023512148706769653,0.03210362436201511,0.004300104900178597,-1.0,-0.22758744499457165,0.18960315393392518,0.9344017237722431,0.06060510783591829,0.1924425191124749,0.9024998346368139,0.0,0.0,0.0,0,0.0377
8,1,0.8003,-0.18692159462481936,0.048797195767989646,1.1739308316023545,0.999679796052845,0.006927984008131605,-0.02415084122344563,-0.003007535456810366,0.039241049105780204,-0.03910897879643706,0.020409474155658417,-0.09651347745744945,0.07945215074891078,-2.37235269991498,0.02289593334157982,2.2284447099006104,0.8568722701659479,0.09814485036698284,0.17822784841874428,0.04296700959638977,-0.00034140440903447644,0.019016684224561625,-0.0005338795951123354,0.99609375,0.09814485036698284,0.17822784841874428,0.04296700959638977,-0.00034140440903447644,0.019016684224561625,-0.0005338795951123354,-1.0,-0.22758744538267894,0.1896031620073883,0.9344017262256749,0.06060510783591834,0.1924425191124803,0.9024998346586124,0.0,0.0,0.0,0,0.0402
9,0,0.0,-0.18316994535495987,0.05532709135861195,1.1733934789469094,0.9996296617526039,0.006438186137289914,-0.026334712381478935,-0.002360514227740855,0.03926933950010916,-0.03915147004020867,0.023181480357607427,-0.08137863578517811,0.0890857038683489,-2.3551297563226163,0.021869155800909302,2.2217985560939266,0.8711701617390661,0.14454885139059792,0.2532541714812788,0.05246699546101963,-0.00022223870864748752,0.014521706574488147,-0.0011985524632148192,0.994140625,0.14454885139059792,0.2532541714812788,0.05246699546101963,-0.00022223870864748752,0.014521706574488147,-0.0011985524632148192,-1.0,-0.22758744549245374,0.18960316885408837,0.9344017277869339,0.06060510783591834,0.19244251911248184,0.9024998346645562,0.0,0.0,0.0,0,0.0393
10,0,0.0,-0.18051094382164565,0.059408809271248544,1.1742528210664678,0.9995623965061895,0.005722077181448293,-0.028980717061966196,-0.001546402957249159,0.039300238181694695,-0.03918826662737299,0.02495751500897397,-0.0713448662304578,0.09514874796492162,-2.339693222565303,0.020465079862572583,2.2111370413553093,0.8814515563898503,0.24269832118155377,0.39373497901675614,0.09083780923857843,-0.00026571808581571377,0.02032771937249972,0.0012285105854625,0.9951171875,0.24269832118155377,0.39373497901675614,0.09083780923857843,-0.00026571808581571377,0.02032771937249972,0.0012285105854625,-1.0,-0.22758744538906647,0.18960317488102485,0.9344017287787094,0.06060510783591834,0.19244251911248228,0.9024998346661771,0.0,0.0,0.0,0,0.0388
11,0,0.0,-0.17757073149028685,0.06392256925476787,1.175444439951516,0.9995162112450329,0.005697739041229222,-0.030542140958172363,-0.0014341735887819004,0.03933324800183563,-0.03922004804187969,0.026887059030212337,-0.06174756811745591,0.10155723904728386,-2.3243267003137027,0.020530260073663223,2.2024029568655403,0.8899151969850188,0.36123781687884626,0.5110369225166538,0.0620810952699693,-0.00022143353499622098,0.02475246299679079,0.011389948826605295,0.9912109375,0.36123781687884626,0.5110369225166538,0.0620810952699693,-0.00022143353499622098,0.02475246299679079,0.011389948826605295,-1.0,-0.22758744512998627,0.18960318033870488,0.934401729383039,0.06060510783591834,0.19244251911248228,0.9024998346666192,0.0,0.0,0.0,0,0.0405
12,0,0.0,-0.1739474915970805,0.06962493518604333,1.1763107924866878,0.999493746203103,0.006401044123236499,-0.031113010427845828,-0.0018051363203820617,0.03936631274392833,-0.039248988121668126,0.029267223651871142,-0.05007810363718146,0.1094401284764331,-2.3079184659475316,0.021302895293461167,2.1967762508433197,0.8984032359271484,0.46971070028988693,0.6251482531533541,0.014267352599940497,-0.002600721674479764,0.03135446142033618,0.011047541591522186,0.98583984375,0.46971070028988693,0.6251482531533541,0.014267352599940497,-0.002600721674479764,0.03135446142033618,0.011047541591522186,-1.0,-0.22758744475904716,0.18960318539501586,0.9344017297164969,0.06060510783591834,0.19244251911248228,0.9024998346667397,0.0,0.0,0.0,0,0.0397
13,0,0.0,-0.16945218241297938,0.07660322308352484,1.176332243814864,0.9994877583783435,0.007531392747276711,-0.031009348473016972,-0.0024329575413700733,0.039399062245364276,-0.03927557649534112,0.03211593732001015,-0.0346888061644093,0.11892639626483723,-2.289727123225815,0.021955694763100657,2.1944733029898833,0.9082183700763209,0.49436362833785086,0.6900866090748974,-0.0033079778557005834,-0.006608876110469314,0.036926360799073105,0.01098711678533107,0.98828125,0.49436362833785086,0.6900866090748974,-0.0033079778557005834,-0.006608876110469314,0.036926360799073105,0.01098711678533107,-1.0,-0.22758744430822128,0.1896031901666801,0.9344017298585087,0.06060510783591834,0.19244251911248228,0.9024998346667725,0.0,0.0,0.0,0,0.0411
14,0,0.0,-0.16440798977996873,0.08464687505331124,1.1756168264606979,0.999480076903307,0.008682268484772715,-0.030903642457016847,-0.0030263790584793854,0.039430929459399876,-0.03930049605568669,0.035361353028266145,-0.01609376110178169,0.12974648066405398,-2.2695377873511684,0.02179729559602489,2.193324549469421,0.9202246492609638,0.49559627474024903,0.7182390755148729,-0.0378541914681636,-0.0035459955410630795,0.03992301256578876,0.00854998293562187,0.9921875,0.49559627474024903,0.7182390755148729,-0.0378541914681636,-0.0035459955410630795,0.03992301256578876,0.00854998293562187,-1.0,-0.22758744380046808,0.1896031947360334,0.9344017298646347,0.06060510783591834,0.19244251911248228,0.9024998346667815,0.0,0.0,0.0,0,0.0423
15,0,0.0,-0.15915133996543532,0.09342984006961726,1.1744484727833724,0.9994605995750041,0.009639475820217402,-0.0311903268954599,-0.0035712618550451172,0.03946174382241846,-0.03932402942759178,0.03887955298686664,0.004702658450529439,0.1413705085161704,-2.247530509346347,0.02090147099193757,2.1917562085556845,0.9341382575010635,0.47977731257613876,0.7268724985564654,-0.08586763354075222,-0.0020338794239902896,0.03114375934298899,0.006153132290040136,0.99072265625,0.47977731257613876,0.7268724985564654,-0.08586763354075222,-0.0020338794239902896,0.03114375934298899,0.006153132290040136,-1.0,-0.2275874432521815,0.1896031991614776,0.9344017297741528,0.06060510783591834,0.19244251911248228,0.9024998346667837,0.0,0.0,0.0,0,0.0398
16,1,0.7987,-0.1537359573248346,0.10261843259185806,1.1728994110071254,0.9994346626098672,0.010329715540435491,-0.03172970388334047,-0.0041082894529561615,0.03949121088963664,-0.03934657833102813,0.04254928911203269,0.027205133191946396,0.15325443652596518,-2.2241014202940312,0.019229508024234142,2.1899727466662107,0.9494189206123044,0.09420134488431042,0.22585243747970274,0.04875829227062356,-0.0003639492712698561,0.01892303885685176,0.0004832713091051377,1.0,0.09420134488431042,0.22585243747970274,0.04875829227062356,-0.0003639492712698561,0.01892303885685176,0.0004832713091051377,-1.0,-0.2275874426750429,0.1896032034845242,0.9344017296149443,0.06060510783591834,0.19244251911248228,0.9024998346667837,0.0,0.0,0.0,0,0.0388
17,0,0.0,-0.14991732240710232,0.10933924660344667,1.1723518513154378,0.9993541633195746,0.010004088110427523,-0.034359234497164305,-0.003258447740838378,0.039509992808275524,-0.03937759557007214,0.045332560121893996,0.04454090794870752,0.1618648849121761,-2.202603344717873,0.01537836131682359,2.180071721023398,0.9639902898180539,0.153845059675351,0.2895708531888471,0.042025569555750764,-0.0003470406245933283,0.014147125103648711,-4.041034455137815e-05,0.99853515625,0.153845059675351,0.2895708531888471,0.042025569555750764,-0.0003470406245933283,0.014147125103648711,-4.041034455137815e-05,-1.0,-0.2275874420773697,0.18960320773470213,0.9344017294068322,0.06060510783591834,0.19244251911248228,0.9024998346667837,0.0,0.0,0.0,0,0.0383
18,0,0.0,-0.14706925139584148,0.11399132095247493,1.173306129033014,0.9992568137636129,0.009467656322436735,-0.0373019939355462,-0.002178274359054216,0.03953126871431649,-0.03940400205941261,0.04738399148432962,0.05674034720697185,0.16781213215866328,-2.183259528289717,0.012091009263352295,2.166798103411009,0.9750959088218815,0.28101308018943094,0.4322100164847227,0.06613214029332504,-0.0002133817984835834,0.02386283200354708,0.0005336253142644298,1.0,0.28101308018943094,0.4322100164847227,0.06613214029332504,-0.0002133817984835834,0.02386283200354708,0.0005336253142644298,-1.0,-0.22758744146508209,0.18960321193302276,0.9344017291639185,0.06060510783591834,0.19244251911248228,0.9024998346667837,0.0,0.0,0.0,0,0.0374
19,0,0.0,-0.14379945331195262,0.11907882894363622,1.174356868708274,0.9991931426608299,0.009424274794024246,-0.038987964230784926,-0.00204581263041222,0.03955472779256058,-0.039426179975934256,0.04957070589329338,0.0691437905147186,0.1739330470333129,-2.164010466915634,0.010355326703119614,2.1566324127307137,0.9845183637575501,0.40520220523104833,0.5778521095341955,0.0011763435499945185,-0.00039293552271534027,0.02760864671194163,0.005105768982727105,0.9912109375,0.40520220523104833,0.5778521095341955,0.0011763435499945185,-0.00039293552271534027,0.02760864671194163,0.005105768982727105,-1.0,-0.22758744084239352,0.18960321609443834,0.9344017288962382,0.06060510783591834,0.19244251911248228,0.9024998346667837,0.0,0.0,0.0,0,0.0403
20,0,0.0,-0.13973872843538748,0.12540339227263722,1.1746691225223773,0.9991644234473706,0.009860186618916633,-0.039569841701772746,-0.0027311654324944697,0.03957900326730529,-0.039445578878839295,0.05224300869825365,0.08455719600163884,0.1812335656781013,-2.1435620507810564,0.0092006415799904,2.150712361799175,0.9942007200349698,0.48655686778932894,0.6769487914029089,-0.029566666261932495,-0.006492931104687363,0.03090964592371434,0.0064351147189321,0.994140625,0.48655686778932894,0.6769487914029089,-0.029566666261932495,-0.006492931104687363,0.03090964592371434,0.0064351147189321,-1.0,-0.22758744021230284,0.18960322022959003,0.9344017286109316,0.06060510783591834,0.19244251911248228,0.9024998346667837,0.0,0.0,0.0,0,0.0389
21,0,0.0,-0.13489359978105597,0.13293758206775794,1.17397651961142,0.9991585760515557,0.01057434082478953,-0.03945549483890023,-0.0036860745739911403,0.03960295041809918,-0.039463427914365655,0.05547965324419937,0.10373160569521087,0.18975572107038763,-2.1212431947510857,0.0071622589179269084,2.1480572681602683,1.0055116817631062,0.502375829953439,0.6874590455404999,-0.0951108630306623,-0.0032166795176963164,0.03327419145838842,0.005065485778599665,0.9990234375,0.502375829953439,0.6874590455404999,-0.0951108630306623,-0.0032166795176963164,0.03327419145838842,0.005065485778599665,-1.0,-0.22758743957694405,0.18960322434605037,0.9344017283130808,0.06060510783591834,0.19244251911248228,0.9024998346667837,0.0,0.0,0.0,0,0.0384
22,0,0.0,-0.129611922984438,0.14120748210023937,1.1723836226916686,0.9991525230996049,0.011213945310387774,-0.03933922270389305,-0.004572589126699897,0.039625717194726795,-0.03948066193379536,0.05914918258319006,0.12604150334225322,0.19891473084595365,-2.097147539214568,0.003862899051170549,2.146607239301203,1.018633329837676,0.5038139174229036,0.6878344117596995,-0.21070828862669844,-0.0004444666363962041,0.028404632337475477,0.00046312970704143197,1.0029296875,0.5038139174229036,0.6878344117596995,-0.21070828862669844,-0.0004444666363962041,0.028404632337475477,0.00046312970704143197,-1.0,-0.22758743893783595,0.18960322844920863,0.9344017280063028,0.06060510783591834,0.19244251911248228,0.9024998346667837,0.0,0.0,0.0,0,0.0367
23,0,0.0,-0.12405866578431235,0.14977437677895722,1.169704951126614,0.9991375881108621,0.011554026769165449,-0.03951092092322041,-0.005428776770564246,0.039647333975536006,-0.0394973302077263,0.06310527887764751,0.15130853350901874,0.20807623699916666,-2.0718094499614272,-0.0004870956628751532,2.1462133917139363,1.0330546056577006,0.4526590917233787,0.6822039184717044,-0.30005950702916273,-0.0007617050549940108,0.014357827180995902,-0.005247014478020978,1.009765625,0.4526590917233787,0.6822039184717044,-0.30005950702916273,-0.0007617050549940108,0.014357827180995902,-0.005247014478020978,-1.0,-0.2275874382960595,0.18960323254290037,0.9344017276931718,0.06060510783591834,0.19244251911248228,0.9024998346667837,0.0,0.0,0.0,0,0.0519
24,1,0.7814,-0.11842101451881497,0.15841967537418886,1.165973421915275,0.9991180365858054,0.011534246329367837,-0.03990620614642083,-0.006132278657815337,0.039667879099034555,-0.03951342928702909,0.06733853714405315,0.17872931594060223,0.21700144138115346,-2.0459912256235064,-0.006069332744601304,2.146890972028064,1.048716522114433,0.08618432824371292,0.1973246048205276,0.02279736993785142,-8.374884063017118e-05,0.011525054807772495,0.0002113596812450269,1.0048828125,0.08618432824371292,0.1973246048205276,0.02279736993785142,-8.374884063017118e-05,0.011525054807772495,0.0002113596812450269,-1.0,-0.22758743765238398,0.18960323662985518,0.9344017273755189,0.06060510783591834,0.19244251911248228,0.9024998346667837,0.0,0.0,0.0,0,0.0429
25,0,0.0,-0.11452617251148915,0.16468496747168593,1.1639548898706262,0.9990318015029083,0.01088699215714739,-0.04233350933692763,-0.004980660080991886,0.03967932508271784,-0.039537066327261075,0.07092577133875,0.19931310667880933,0.2233998049752059,-2.022483640515646,-0.012971361209702242,2.137964939319349,1.0633400217540239,0.18455849920177247,0.28525414166805085,-0.027198801917295068,-0.00010790405016807003,0.012929735323420455,0.0026082103268267876,1.0087890625,0.18455849920177247,0.28525414166805085,-0.027198801917295068,-0.00010790405016807003,0.012929735323420455,0.0026082103268267876,-1.0,-0.22758743700735673,0.18960324071201567,0.934401727054648,0.06060510783591834,0.19244251911248228,0.9024998346667837,0.0,0.0,0.0,0,0.0399
26,0,0.0,-0.11152704116645358,0.16924356752951777,1.1641050521979677,0.9989262372766239,0.010419736654407652,-0.04499681556797823,-0.0036177558180125573,0.03969397288439569,-0.03955600878304212,0.07390371210721199,0.21408569562836627,0.2279265641385108,-2.000902054513034,-0.018276377717035875,2.12503371553017,1.0741543753963065,0.3139863714535823,0.4233889103335302,-0.03217702273824974,-0.00020371971466842664,0.028638745756750128,0.002386652704125941,1.0029296875,0.3139863714535823,0.4233889103335302,-0.03217702273824974,-0.00020371971466842664,0.028638745756750128,0.002386652704125941,-1.0,-0.22758743636136763,0.18960324479076437,0.9344017267314868,0.06060510783591834,0.19244251911248228,0.9024998346667837,0.0,0.0,0.0,0,0.0388
27,0,0.0,-0.10802669516788588,0.17428850398206677,1.1639914109618128,0.9988552681433227,0.010452643619084101,-0.04654898660019249,-0.0034766924220489184,0.03971044517886082,-0.0395716845070024,0.07706717076767465,0.22985120781836038,0.23246467095555814,-1.9792664996093814,-0.021912424820299425,2.115788766830003,1.0830512257898677,0.4405380687664632,0.5789782081917945,-0.10349823793817337,-0.0002713543013745656,0.02739794463459444,0.00373614004239467,0.99658203125,0.4405380687664632,0.5789782081917945,-0.10349823793817337,-0.0002713543013745656,0.02739794463459444,0.00373614004239467,-1.0,-0.22758743571469378,0.1896032488670852,0.9344017264066954,0.06060510783591834,0.19244251911248228,0.9024998346667837,0.0,0.0,0.0,0,0.037
28,0,0.0,-0.1036532315345761,0.18049454084250874,1.1628897455439637,0.9988291375610866,0.01082676582631642,-0.046944001635486926,-0.0044040675703718515,0.03972798092409474,-0.03958491474217283,0.08082476581029628,0.24909991401687,0.23770049019710576,-1.9560879326432317,-0.025190932860781178,2.1112258434964932,1.0920646889143037,0.5282614044038009,0.6307787464413492,-0.15308074674516026,-0.00040340278018176357,0.030769177872149556,0.0035347240217575293,0.99951171875,0.5282614044038009,0.6307787464413492,-0.15308074674516026,-0.00040340278018176357,0.030769177872149556,0.0035347240217575293,-1.0,-0.22758743506753248,0.18960325294167832,0.9344017260807439,0.06060510783591834,0.19244251911248228,0.9024998346667837,0.0,0.0,0.0,0,0.0392
29,0,0.0,-0.09842112492950408,0.18765752781626582,1.1605848535637056,0.99883531493643,0.011268827091096667,-0.046554037563582465,-0.00580936815504011,0.0397447037093481,-0.03959763603213702,0.08524810957664786,0.27235401826005995,0.24340124340261002,-1.9307536462468295,-0.029402686126088935,2.1101032464563616,1.1022519594908715,0.5303158150744646,0.6499224236205325,-0.2514469667488949,-0.000550749558362984,0.027772526105433903,0.0010573069679209457,1.005859375,0.5303158150744646,0.6499224236205325,-0.2514469667488949,-0.000550749558362984,0.027772526105433903,0.0010573069679209457,-1.0,-0.22758743442002416,0.18960325701504202,0.9344017257539667,0.06060510783591834,0.19244251911248228,0.9024998346667837,0.0,0.0,0.0,0,0.0374
30,0,0.0,-0.09274172421622313,0.19529209116063884,1.1570985510236198,0.9988407287245333,0.011570465431291144,-0.046169877610851624,-0.007187862835653943,0.03976063631266278,-0.03960988388324121,0.09026123024433078,0.2989851974237969,0.24914486568474864,-1.9035489698688053,-0.034893598083378045,2.110289710798332,1.113692517645374,0.43108777968141043,0.6082567732893689,-0.37081015250748695,3.300133880303202e-05,0.013655486923171922,-0.008308537991705223,1.015625,0.43108777968141043,0.6082567732893689,-0.37081015250748695,3.300133880303202e-05,0.013655486923171922,-0.008308537991705223,-1.0,-0.22758743377226875,0.18960326108753098,0.9344017254266019,0.06060510783591834,0.19244251911248228,0.9024998346667837,0.0,0.0,0.0,0,0.0384
31,0,0.0,-0.08719133179630205,0.20294835171323292,1.1524608958358407,0.9988261342382148,0.01147515873496524,-0.04635481273218921,-0.008118228335892387,0.03977514102335986,-0.03962235128236614,0.09577339904805057,0.32761985562434703,0.25457731085496194,-1.8758705504423867,-0.041701993738638504,2.1105351435063615,1.1265653277256602,0.23828133823962694,0.5564562350398141,-0.5289720793348376,0.012744277771299384,0.0010718906371589565,-0.025323156335026104,1.017578125,0.23828133823962694,0.5564562350398141,-0.5289720793348376,0.012744277771299384,0.0010718906371589565,-0.025323156335026104,-1.0,-0.22758743312433755,0.18960326515939754,0.9344017250988186,0.06060510783591834,0.19244251911248228,0.9024998346667837,0.0,0.0,0.0,0,0.0379
32,1,0.7916,-0.08257198478771767,0.21045028723583525,1.1466424358619451,0.9987679535723877,0.010640366615538577,-0.04769400650543172,-0.008639401516950527,0.03978893764375987,-0.03963437154741398,0.10167259695840183,0.356524823538599,0.2596862280594604,-1.850075212618175,-0.048614529677436756,2.1104616982267306,1.1409310351009547,0.10466118421299409,0.2508142910564809,0.029701263569203995,-8.06251741140851e-06,0.01133776407235279,-0.00147046409107493,0.99169921875,0.10466118421299409,0.2508142910564809,0.029701263569203995,-8.06251741140851e-06,0.01133776407235279,-0.00147046409107493,-1.0,-0.227587432476281,0.18960326923082133,0.9344017247707375,0.06060510783591834,0.19244251911248228,0.9024998346667837,0.0,0.0,0.0,0,0.0372
33,0,0.0,-0.07940198693277792,0.21632510531611693,1.1434451914985095,0.9986697278247383,0.009567397295798474,-0.05008326590141224,-0.007675031732473385,0.0397971545725641,-0.039650870000995035,0.10709939063864332,0.377691047077236,0.2635224026323326,-1.8264503059270922,-0.05540216922482598,2.1020685078603685,1.1541428374477365,0.1921084584164614,0.3201632000536204,-0.0322340797104097,0.00034943458374957215,0.021826045255857546,-0.00013104755383808175,1.0009765625,0.1921084584164614,0.3201632000536204,-0.0322340797104097,0.00034943458374957215,0.021826045255857546,-0.00013104755383808175,-1.0,-0.22758743182813515,0.18960327330193014,0.9344017244424444,0.06060510783591834,0.19244251911248228,0.9024998346667837,0.0,0.0,0.0,0,0.0378
34,0,0.0,-0.07672700533501776,0.22116058576823902,1.1431443147129352,0.9985685508149458,0.009037359883730167,-0.05230643417165703,-0.006573613459574449,0.03980766447931406,-0.03966402050507966,0.11203481959145017,0.3932124505027255,0.2664868347857789,-1.8035092322463733,-0.060403260870395374,2.089304689059141,1.1640355543551901,0.3234366605386353,0.4813829911998797,-0.031734831204010217,0.004740851677740521,0.04029759403662819,0.0017219798360234573,1.005859375,0.3234366605386353,0.4813829911998797,-0.031734831204010217,0.004740851677740521,0.04029759403662819,0.0017219798360234573,-1.0,-0.22758743117992578,0.189603277372815,0.9344017241140001,0.06060510783591834,0.19244251911248228,0.9024998346667837,0.0,0.0,0.0,0,0.0371
35,0,0.0,-0.0735751408380587,0.22670747776886663,1.1426602624028572,0.9984930561039189,0.008963973614368848,-0.053695242758899565,-0.006934334456794538,0.03982039446289477,-0.039673934361361005,0.11723405508350748,0.4100299378193211,0.26962071198995063,-1.7796848429972887,-0.06342082888746624,2.079548705319595,1.1720742993443156,0.42287013699875586,0.5624620945470089,-0.16666030611922567,0.003027442147851861,0.04483939437055662,-0.0015711721013934865,1.0048828125,0.42287013699875586,0.5624620945470089,-0.16666030611922567,0.003027442147851861,0.04483939437055662,-0.0015711721013934865,-1.0,-0.22758743053167096,0.18960328144354066,0.9344017237854484,0.06060510783591834,0.19244251911248228,0.9024998346667837,0.0,0.0,0.0,0,0.0386
36,0,0.0,-0.06968210708733363,0.23309272352348825,1.1408518873380404,0.9984421298461149,0.008982875998103601,-0.05443124330008901,-0.008358291689205032,0.03983261461085744,-0.039683385726223,0.12302623137552425,0.43073333719717394,0.27280475837768536,-1.7540153025316199,-0.06605537914225454,2.073693376138545,1.1799425296403887,0.43190954394967573,0.5346849943262331,-0.30165710224964104,0.003819733020695118,0.03140128410419113,-0.004360783987217648,1.0078125,0.43190954394967573,0.5346849943262331,-0.30165710224964104,0.003819733020695118,0.03140128410419113,-0.004360783987217648,-1.0,-0.22758742988338374,0.18960328551415317,0.9344017234568203,0.06060510783591834,0.19244251911248228,0.9024998346667837,0.0,0.0,0.0,0,0.0387
37,0,0.0,-0.06516145840558965,0.23963882916987989,1.137240427202421,0.9984057903909608,0.008796375601260564,-0.054872764801381264,-0.00987325544760176,0.03984325359262538,-0.039693489190384935,0.12939160334943303,0.45542457001624176,0.2753840591547928,-1.726922491268311,-0.06985277332135613,2.070914074180125,1.1883835160662304,0.3832200110549474,0.5001513021598634,-0.39317648559418306,0.002454158508152282,0.009839438188994964,-0.010841344451217039,1.0107421875,0.3832200110549474,0.5001513021598634,-0.39317648559418306,0.002454158508152282,0.009839438188994964,-0.010841344451217039,-1.0,-0.22758742923507325,0.1896032895846853,0.9344017231281373,0.06060510783591834,0.19244251911248228,0.9024998346667837,0.0,0.0,0.0,0,0.0373
38,0,0.0,-0.060382595195008944,0.24594540054104233,1.1323339742541128,0.9983833290077337,0.008326788139731978,-0.055150356375643105,-0.010946741540292229,0.03985298368500983,-0.039703612810349204,0.13621775540261813,0.4823007623837564,0.27719541616732557,-1.699368031018995,-0.075122011606752,2.069833309843679,1.1975615915881035,0.18748603440746825,0.432960748923122,-0.5846596841629379,0.024351661127913538,0.0024063371270245104,-0.015259908403943895,1.0029296875,0.18748603440746825,0.432960748923122,-0.5846596841629379,0.024351661127913538,0.0024063371270245104,-0.015259908403943895,-1.0,-0.22758742858674627,0.1896032936551604,0.9344017227994152,0.06060510783591834,0.19244251911248228,0.9024998346667837,0.0,0.0,0.0,0,0.038
39,0,0.0,-0.05642871140957522,0.2521142989537037,1.1260518860830802,0.9983077639402878,0.007647421603508453,-0.05644473523801502,-0.011709708077944385,0.03986256230169097,-0.03971303729762138,0.1433492501658513,0.5097936081434727,0.27870872553131054,-1.6737780649801153,-0.08008785515401347,2.069165086286743,1.206972931630518,0.009728151128295948,0.3590136037407865,-0.6969478053736977,0.03147583759429268,-0.00396154787724623,-0.029537786566857877,0.982421875,0.009728151128295948,0.3590136037407865,-0.6969478053736977,0.03147583759429268,-0.00396154787724623,-0.029537786566857877,-1.0,-0.22758742793840742,0.18960329772559503,0.9344017224706654,0.06060510783591834,0.19244251911248228,0.9024998346667837,0.0,0.0,0.0,0,0.0362
40,1,0.7978,-0.05386139389148914,0.25790159541625035,1.1185311254820354,0.9981520672156736,0.0064831222748206185,-0.05916229199919217,-0.012257366929667614,0.03987077375233848,-0.039723015670876556,0.15047505588899066,0.5362294909006158,0.27980671718025507,-1.6522000658101976,-0.08371625582368326,2.0688529009005783,1.2165651154556854,0.08737845444603609,0.2274477439113013,0.025792860976248222,-0.00032046989410162985,0.01140799809813517,-0.005528996906912942,0.98681640625,0.08737845444603609,0.2274477439113013,0.025792860976248222,-0.00032046989410162985,0.01140799809813517,-0.005528996906912942,-1.0,-0.22758742729005996,0.18960330179600113,0.9344017221418959,0.06060510783591834,0.19244251911248228,0.9024998346667837,0.0,0.0,0.0,0,0.038
41,0,0.0,-0.05191423979920496,0.26243903475092273,1.114443063501398,0.9980185275966158,0.005335254742923956,-0.06158354655466423,-0.011748209415034645,0.03987627499160305,-0.039734927253724746,0.15696728408991537,0.5548842811303425,0.28022129201763724,-1.632121818856817,-0.08714446499290415,2.062404663246781,1.2250932590967263,0.16858545623736265,0.2968904944632407,-0.03634218170592529,-1.6211282013040007e-06,0.010705657840311189,-0.004703191222300757,0.99560546875,0.16858545623736265,0.2968904944632407,-0.03634218170592529,-1.6211282013040007e-06,0.010705657840311189,-0.004703191222300757,-1.0,-0.2275874266417063,0.189603305866387,0.934401721813112,0.06060510783591834,0.19244251911248228,0.9024998346667837,0.0,0.0,0.0,0,0.0377
42,0,0.0,-0.04977050637262774,0.2664744701951909,1.1138228479638603,0.9979464912798026,0.004746602891588403,-0.06288977678356025,-0.011186879789857617,0.03988389598599505,-0.039743973705787715,0.1630583524781983,0.5684285554024522,0.2804668312215624,-1.6114696786084992,-0.08981216943224664,2.0525145424896896,1.2316674268651697,0.31953328026437433,0.43727746044391824,-0.020123737369462602,0.003684463847282854,0.030066837614325576,-0.002890447036566657,0.998046875,0.31953328026437433,0.43727746044391824,-0.020123737369462602,0.003684463847282854,0.030066837614325576,-0.002890447036566657,-1.0,-0.2275874259933481,0.1896033099367587,0.9344017214843179,0.06060510783591834,0.19244251911248228,0.9024998346667837,0.0,0.0,0.0,0,0.0372
43,0,0.0,-0.04700577401525823,0.2712829840712019,1.1131951248547474,0.9979266641366248,0.004432611251440177,-0.06308821680174932,-0.011941602213110194,0.03989325784239355,-0.03975056330523692,0.16942290457364217,0.583329890096643,0.2810063401917852,-1.5893225135046118,-0.09132048035999303,2.045585932002633,1.2372516444963428,0.4132144068466367,0.5072832603246571,-0.17384948461137795,0.01208725607186839,0.03744141032147735,-0.011289495097134644,1.0029296875,0.4132144068466367,0.5072832603246571,-0.17384948461137795,0.01208725607186839,0.03744141032147735,-0.011289495097134644,-1.0,-0.2275874253449866,0.18960331400712044,0.9344017211555163,0.06060510783591834,0.19244251911248228,0.9024998346667837,0.0,0.0,0.0,0,0.0361
44,0,0.0,-0.04350849908438599,0.27694791860149176,1.111213468995908,0.9979299805910687,0.00393866137489346,-0.06265210228988059,-0.013962623777073928,0.03990234857975329,-0.03975674025097592,0.17629359530365857,0.6022601595426162,0.28160237924252274,-1.5648302006772288,-0.09205861638848076,2.042457938590959,1.2428018359393598,0.39267030014000015,0.48494897028227646,-0.2603478544058453,0.01328535446494844,0.02451834957751614,-0.009647954528942099,1.001953125,0.39267030014000015,0.48494897028227646,-0.2603478544058453,0.01328535446494844,0.02451834957751614,-0.009647954528942099,-1.0,-0.2275874246966227,0.18960331807747527,0.9344017208267095,0.06060510783591834,0.19244251911248228,0.9024998346667837,0.0,0.0,0.0,0,0.0369
45,0,0.0,-0.03957450340414047,0.2828072461027472,1.1076261031261705,0.9979289795463648,0.003230481971493282,-0.06215768974667519,-0.016239993015344303,0.039910052892349966,-0.03976364991888625,0.18360490603490437,0.6247231690933579,0.28176576484704097,-1.538583421600992,-0.09317393923789262,2.0413701731608036,1.2484932628690462,0.29785924768887273,0.4759401810214845,-0.3461615405343934,0.025085979497865812,0.006725729712641987,-0.013953221970060575,1.00390625,0.29785924768887273,0.4759401810214845,-0.3461615405343934,0.025085979497865812,0.006725729712641987,-0.013953221970060575,-1.0,-0.2275874240482569,0.1896033221478254,0.9344017204978987,0.06060510783591834,0.19244251911248228,0.9024998346667837,0.0,0.0,0.0,0,0.0423
46,0,0.0,-0.03575816797077874,0.2887345133182162,1.1031331581326824,0.9979066333461736,0.0025241844660101598,-0.061949242016785935,-0.018392145878939416,0.039917952302364,-0.039769737843779775,0.19123520731815782,0.6486953497392268,0.2818020501039264,-1.5118094102595312,-0.09452908895393775,2.040671481433006,1.2542450130599312,0.14750206672967692,0.42057366368953275,-0.5549900586397697,0.033021771004718536,-0.009050588328729153,-0.026224493027377227,0.99755859375,0.14750206672967692,0.42057366368953275,-0.5549900586397697,0.033021771004718536,-0.009050588328729153,-0.026224493027377227,-1.0,-0.22758742339988972,0.1896033262181723,0.9344017201690851,0.06060510783591834,0.19244251911248228,0.9024998346667837,0.0,0.0,0.0,0,0.0396
47,0,0.0,-0.03263895732633551,0.294568958361936,1.0973501068649532,0.9978345081062715,0.0015146445564902522,-0.06257172933340636,-0.02021828312218116,0.039924892023331444,-0.039776185787251304,0.19905574470557622,0.6734939538795573,0.2816664053338735,-1.4865952066672548,-0.09580439791798304,2.0406162223367046,1.260645916933152,0.02451990795707426,0.3918581479207579,-0.691013880269064,0.0340781588351762,-0.024733261002390428,-0.03905469354196189,1.00390625,0.02451990795707426,0.3918581479207579,-0.691013880269064,0.0340781588351762,-0.024733261002390428,-0.03905469354196189,-1.0,-0.22758742275152138,0.18960333028851706,0.9344017198402695,0.06060510783591834,0.19244251911248228,0.9024998346667837,0.0,0.0,0.0,0,0.0381
48,1,0.7993,-0.03036009957190869,0.3001635540874463,1.090070649704934,0.9977279579942755,-7.279201517873535e-05,-0.06381871033923645,-0.021589088645230993,0.03993144455285263,-0.03978244763258985,0.20699908335115366,0.698529381812739,0.28121076773621323,-1.4643562762559452,-0.09721064212500592,2.0424426934832747,1.2683011488028129,0.051073165875401894,0.18733047923433632,-0.026713817653935545,-0.000475868408795474,0.019578556430820793,-0.0031220754602993284,0.98095703125,0.051073165875401894,0.18733047923433632,-0.026713817653935545,-0.000475868408795474,0.019578556430820793,-0.0031220754602993284,-1.0,-0.22758742210315225,0.18960333435886056,0.934401719511452,0.06060510783591834,0.19244251911248228,0.9024998346667837,0.0,0.0,0.0,0,0.0393
49,0,0.0,-0.02895114750615114,0.304433832977889,1.0855180822991275,0.997604406048666,-0.0013196309292132224,-0.06580380724098656,-0.021297102128907237,0.039934562479741136,-0.039791595530638914,0.21422931468296907,0.7169413396265608,0.2803328443758275,-1.4440128142779407,-0.09903943352909458,2.0368366593103757,1.2750468059206161,0.11695554807024677,0.23457970207609513,-0.02309069992177948,8.855832074021464e-05,0.007486598325284616,-0.006274236183270304,0.98779296875,0.11695554807024677,0.23457970207609513,-0.02309069992177948,8.855832074021464e-05,0.007486598325284616,-0.006274236183270304,-1.0,-0.2275874214547823,0.18960333842920324,0.934401719182634,0.06060510783591834,0.19244251911248228,0.9024998346667837,0.0,0.0,0.0,0,0.0418
50,0,0.0,-0.027430886433889037,0.3078900550181666,1.0846314767313197,0.9975198554327067,-0.0018993627489379827,-0.06727564185539515,-0.02060384555377253,0.03993986753369208,-0.03979803098517286,0.22072134772723642,0.7298537476922247,0.2793513483357902,-1.4233746800048297,-0.10035280884274819,2.0263617910006575,1.2798020063562425,0.26283154575405765,0.38097252756396727,0.003986399428871579,0.0021932822451429107,0.010494955762963998,-0.005055669258415718,0.9912109375,0.26283154575405765,0.38097252756396727,0.003986399428871579,0.0021932822451429107,0.010494955762963998,-0.005055669258415718,-1.0,-0.22758742080641178,0.18960334249954533,0.9344017188538141,0.06060510783591834,0.19244251911248228,0.9024998346667837,0.0,0.0,0.0,0,0.0375
51,0,0.0,-0.02510994589438301,0.31200250750679354,1.084354237870747,0.9975198756537692,-0.0023012248643417554,-0.06707459524595062,-0.02120850566171646,0.03994723273220619,-0.0398019019273177,0.227323353541899,0.7432288012641997,0.2787139844746478,-1.401233974589307,-0.10107380997897404,2.019051106702144,1.2838763026215705,0.3573344366045853,0.50390496435186,-0.1120567837621641,0.012911753890762184,0.01747153565734888,-0.013142522486996155,0.99755859375,0.3573344366045853,0.50390496435186,-0.1120567837621641,0.012911753890762184,0.01747153565734888,-0.013142522486996155,-1.0,-0.22758742015804082,0.1896033465698873,0.9344017185249938,0.06060510783591834,0.19244251911248228,0.9024998346667837,0.0,0.0,0.0,0,0.0601
52,0,0.0,-0.02209548370295461,0.3172673411545536,1.0830753384155956,0.997566493113859,-0.0028546147387951692,-0.06563900120953377,-0.023333763336061682,0.03995535013382627,-0.03980453946105203,0.2344985407231623,0.7600375828456808,0.2785804859704397,-1.3768476843816921,-0.10123557112117292,2.0164137836696443,1.2882591212473484,0.4021205892250529,0.5575823336974131,-0.19028189259344042,0.014045438391741147,0.017612003708913665,-0.010347875200656081,0.99755859375,0.4021205892250529,0.5575823336974131,-0.19028189259344042,0.014045438391741147,0.017612003708913665,-0.010347875200656081,-1.0,-0.22758741950966918,0.1896033506402295,0.9344017181961735,0.06060510783591834,0.19244251911248228,0.9024998346667837,0.0,0.0,0.0,0,0.065
53,0,0.0,-0.018666856909562775,0.32334033158683956,1.0802031414843916,0.9976171729193497,-0.0036045850794083623,-0.0636924598772479,-0.026272681964235906,0.03996290284745967,-0.039807282340472094,0.24236572502095494,0.780840763129595,0.27860767071105647,-1.3500915301483223,-0.10147612009247813,2.0169852051553074,1.2931054866272118,0.3474732653853999,0.5902391947677847,-0.2619454496263236,0.01521777122798075,0.00739295295757475,-0.014418996517783916,1.0078125,0.3474732653853999,0.5902391947677847,-0.2619454496263236,0.01521777122798075,0.00739295295757475,-0.014418996517783916,-1.0,-0.22758741886129705,0.1896033547105722,0.9344017178673522,0.06060510783591834,0.19244251911248228,0.9024998346667837,0.0,0.0,0.0,0,0.0613
54,0,0.0,-0.015224351439469333,0.32988498958269785,1.0761882813493684,0.9976523586529137,-0.00439501259442765,-0.061763614290304185,-0.0292525398618732,0.03997040773565362,-0.03980963178515656,0.2509390858546139,0.8043996365693763,0.27874500732159535,-1.3213952126036854,-0.10231521207680523,2.018366199658392,1.2985393498836106,0.2372541329042951,0.5797289406301938,-0.39112243459642526,0.02160762932440763,-0.002790980780872948,-0.03148145116600612,1.0087890625,0.2372541329042951,0.5797289406301938,-0.39112243459642526,0.02160762932440763,-0.002790980780872948,-0.03148145116600612,-1.0,-0.22758741821292472,0.18960335878091486,0.9344017175385302,0.06060510783591834,0.19244251911248228,0.9024998346667837,0.0,0.0,0.0,0,0.0583
55,0,0.0,-0.012249478076418099,0.33671429246754797,1.071144273284437,0.9976480319925574,-0.005658776413805633,-0.06039748678290356,-0.03191435572251873,0.039977615929500054,-0.03981185482789213,0.260150101260388,0.8296472627843606,0.2789470509376618,-1.292068086069244,-0.10349834128848125,2.0196038922366943,1.305504917637953,0.12272073801479666,0.5009020345982627,-0.5559029701943288,0.02838397077344096,-0.03096653079057826,-0.053526434624739105,1.0,0.12272073801479666,0.5009020345982627,-0.5559029701943288,0.02838397077344096,-0.03096653079057826,-0.053526434624739105,-1.0,-0.22758741756455173,0.18960336285125814,0.9344017172097075,0.06060510783591834,0.19244251911248228,0.9024998346667837,0.0,0.0,0.0,0,0.0594
56,1,0.8643,-0.009778196842960782,0.3433758690988049,1.064917337048103,0.9976193847486082,-0.007935685231044931,-0.0594756200235602,-0.033988802516914905,0.03998350914349755,-0.03981498920374343,0.26972651425943034,0.8558731217618859,0.27871567350263027,-1.2635719942362307,-0.10518415790518992,2.021569192313494,1.3147028856018845,0.038027658116687735,0.17137741491835035,-0.00606097676241768,-0.00020371971466842664,0.026321022905930996,-0.0001511891559017875,0.990234375,0.038027658116687735,0.17137741491835035,-0.00606097676241768,-0.00020371971466842664,0.026321022905930996,-0.0001511891559017875,-1.0,-0.22758741691617865,0.18960336692160182,0.9344017168808846,0.06060510783591834,0.19244251911248228,0.9024998346667837,0.0,0.0,0.0,0,0.0561
57,0,0.0,-0.008575567657422213,0.34818073254430537,1.0609282983799058,0.9975330005501599,-0.00962031230481114,-0.06090032427616682,-0.033563565180252004,0.039984650183717156,-0.039822488385502446,0.27835618528828104,0.8760334410409133,0.2778064144885061,-1.2371252909356645,-0.10708113074233282,2.0127830966377216,1.32229212985264,0.09128504473696997,0.2018289994509237,0.004539138846671009,0.0002238274941524787,0.018127053231317913,-0.003001225847917066,0.99462890625,0.09128504473696997,0.2018289994509237,0.004539138846671009,0.0002238274941524787,0.018127053231317913,-0.003001225847917066,-1.0,-0.22758741626780493,0.18960337099194594,0.9344017165520615,0.06060510783591834,0.19244251911248228,0.9024998346667837,0.0,0.0,0.0,0,0.0543
58,0,0.0,-0.007508796469969459,0.35166203440360755,1.060407837960939,0.9974383841760961,-0.010216667794979095,-0.0629453298274256,-0.03240640251958522,0.0399883273193178,-0.039827080674300526,0.28582419787424473,0.8907079858290783,0.2765853541050676,-1.2108809774462068,-0.10793017999999872,1.9973523226247225,1.3266166135298862,0.23191266516056963,0.3284212568760132,-0.0026498167666838546,0.0028245383877334718,0.015224046832312127,-0.0013798268817882264,0.998046875,0.23191266516056963,0.3284212568760132,-0.0026498167666838546,0.0028245383877334718,0.015224046832312127,-0.0013798268817882264,-1.0,-0.22758741561943102,0.1896033750622907,0.9344017162232384,0.06060510783591834,0.19244251911248228,0.9024998346667837,0.0,0.0,0.0,0,0.0547
59,0,0.0,-0.005574953218690592,0.3554771445359558,1.0603958640026587,0.9974039354412305,-0.010556196164878073,-0.06329588068208844,-0.03267396176700446,0.03999394940670255,-0.03982937225272748,0.2931478020754382,0.9059036914917687,0.27540902741606593,-1.1833589155849644,-0.10800687851050085,1.9855901514487915,1.3295033034963464,0.3671956078237709,0.49489617509106787,-0.07411389727580475,0.0030499870100872406,0.020983236946468753,0.0005034129111688435,0.99462890625,0.3671956078237709,0.49489617509106787,-0.07411389727580475,0.0030499870100872406,0.020983236946468753,0.0005034129111688435,-1.0,-0.2275874149710566,0.18960337913263595,0.9344017158944153,0.06060510783591834,0.19244251911248228,0.9024998346667837,0.0,0.0,0.0,0,0.0611
60,0,0.0,-0.0027998359730981286,0.36036641510500056,1.0593127713378214,0.9974323771527971,-0.010744277944577107,-0.061734410425257305,-0.03467096866564636,0.04000075681480954,-0.039830001735024635,0.3010625036695409,0.9246528045270502,0.2746270739963449,-1.1535177772078395,-0.1079533998166831,1.980031688612331,1.3319266495160944,0.43478571888860496,0.564714291862207,-0.13470840170965992,0.003723112182543495,0.02245815148789912,-0.0038975271397522493,0.99609375,0.43478571888860496,0.564714291862207,-0.13470840170965992,0.003723112182543495,0.02245815148789912,-0.0038975271397522493,-1.0,-0.22758741432268184,0.1896033832029815,0.934401715565591,0.06060510783591834,0.19244251911248228,0.9024998346667837,0.0,0.0,0.0,0,0.0596
61,0,0.0,0.00047108168786645643,0.36617572597623055,1.0566601100365516,0.997483348536403,-0.011077002919239298,-0.05898909292045264,-0.037743294972128215,0.04000343021154793,-0.03983070580055044,0.30982246373707883,0.9475770354179675,0.27404912433137774,-1.1209012831849037,-0.10815032436595275,1.978935527841284,1.3347435726872205,0.40540764629811477,0.6258989855917536,-0.18491853721040608,0.003980767750947814,0.017167188212291823,-0.008137334374163668,1.001953125,0.40540764629811477,0.6258989855917536,-0.18491853721040608,0.003980767750947814,0.017167188212291823,-0.008137334374163668,-1.0,-0.22758741367430674,0.18960338727332765,0.9344017152367665,0.06060510783591834,0.19244251911248228,0.9024998346667837,0.0,0.0,0.0,0,0.059
62,0,0.0,0.003748812254110225,0.37262263534689216,1.0528526980193482,0.997519516253135,-0.011638496825719269,-0.05590669380807258,-0.04115582186274887,0.040004893854833745,-0.03983081440996057,0.3194765018860761,0.9736631319737786,0.27369578768763225,-1.085663094316584,-0.10874621367187144,1.9793295892842266,1.3384068308168255,0.3756186915734919,0.6472948600861348,-0.2932126703699701,0.011211227139293747,0.011735756885119714,-0.014920018869118756,1.0,0.3756186915734919,0.6472948600861348,-0.2932126703699701,0.011211227139293747,0.011735756885119714,-0.014920018869118756,-1.0,-0.22758741302593127,0.18960339134367446,0.9344017149079417,0.06060510783591834,0.19244251911248228,0.9024998346667837,0.0,0.0,0.0,0,0.0541
63,0,0.0,0.006786108848423634,0.3796201345692063,1.0479871461448274,0.9975276463381317,-0.012511719074968064,-0.052755449468091534,-0.04470921860549505,0.04000580060917855,-0.039830528188357736,0.3300337998735739,1.0024939362620775,0.2735468950012884,-1.0481986560070258,-0.1096738854120272,1.9806425566044152,1.3431420691290432,0.2567710342755999,0.5894884623293852,-0.4189662370104754,0.013401299470730377,0.0009431282565578736,-0.025866979590746325,0.9892578125,0.2567710342755999,0.5894884623293852,-0.4189662370104754,0.013401299470730377,0.0009431282565578736,-0.025866979590746325,-1.0,-0.22758741237755548,0.1896033954140218,0.9344017145791165,0.06060510783591834,0.19244251911248228,0.9024998346667837,0.0,0.0,0.0,0,0.0537
64,1,0.8507,0.009255244732072933,0.38662114240149875,1.0419119793747693,0.997501278664592,-0.01386182031652422,-0.050182907715262945,-0.04775693429499875,0.040005803503486904,-0.03983130723050013,0.34124530721040114,1.0333077796509986,0.2731733354180247,-1.0096755643841278,-0.1109192103496474,1.981472940387391,1.3490722759964768,0.048864674404438535,0.16931290071275207,0.03261116914936091,-0.00023351113976517734,0.007650477718776888,0.00019121807918132117,0.99951171875,0.048864674404438535,0.16931290071275207,0.03261116914936091,-0.00023351113976517734,0.007650477718776888,0.00019121807918132117,-1.0,-0.22758741172917943,0.18960339948436972,0.9344017142502908,0.06060510783591834,0.19244251911248228,0.9024998346667837,0.0,0.0,0.0,0,0.0711
65,0,0.0,0.010513452358428838,0.39147017738204076,1.0382457004654138,0.9974744878234179,-0.01480282209239947,-0.050529430841526966,-0.04766863977858876,0.04000343965795095,-0.03983746586367539,0.3515651997196811,1.0584998122363087,0.2717529331091926,-0.9718302628207361,-0.11253853173585913,1.9689036570973895,1.3539922448205175,0.08665299067795795,0.21590523267091144,0.04305259505462966,-9.90471400041798e-05,0.01424077047135855,-0.0004231007837618983,0.99560546875,0.08665299067795795,0.21590523267091144,0.04305259505462966,-9.90471400041798e-05,0.01424077047135855,-0.0004231007837618983,-1.0,-0.22758741108080294,0.18960340355471825,0.934401713921465,0.06060510783591834,0.19244251911248228,0.9024998346667837,0.0,0.0,0.0,0,0.0628
66,0,0.0,0.0115367233145742,0.3948878592313276,1.038179415227367,0.997448469462854,-0.015065539879451306,-0.051990798994838,-0.04654607496049589,0.04000376153931002,-0.039839855577698695,0.3607859043392153,1.0783311018075874,0.26993211827044167,-0.9338624175680719,-0.11306414663476722,1.948355080309363,1.35668041829112,0.20982775045093538,0.35938896995998615,0.07223723631443835,-8.06251741140851e-06,0.020889591578758887,0.0013090769937173508,0.99560546875,0.20982775045093538,0.35938896995998615,0.07223723631443835,-8.06251741140851e-06,0.020889591578758887,0.0013090769937173508,-1.0,-0.22758741043242625,0.1896034076250674,0.9344017135926391,0.06060510783591834,0.19244251911248228,0.9024998346667837,0.0,0.0,0.0,0,0.0469
67,0,0.0,0.013059649782280372,0.3987985924024118,1.0387279921203858,0.9974251341569487,-0.015176752459039267,-0.051989092888571224,-0.04700959643957697,0.04000488211086595,-0.03983994267893931,0.3700288861130556,1.0985344813659144,0.2684046341518405,-0.8947273656933434,-0.11252474756585862,1.9312734708113724,1.3583699612095195,0.36883913636030174,0.5298052334766374,0.018503832782815977,0.00010305144646295672,0.02269226490717377,0.00832842531292105,0.99267578125,0.36883913636030174,0.5298052334766374,0.018503832782815977,0.00010305144646295672,0.02269226490717377,0.00832842531292105,-1.0,-0.22758740978404907,0.189603411695417,0.9344017132638133,0.06060510783591834,0.19244251911248228,0.9024998346667837,0.0,0.0,0.0,0,0.0402
68,0,0.0,0.015274032199565881,0.4038605670121698,1.0383442659366902,0.9974257545322499,-0.015157292387005528,-0.049556857879687694,-0.04956045318959299,0.04000605655273892,-0.03983864561023255,0.3800452062705314,1.1220565408739738,0.26726074727008353,-0.8534992921138932,-0.11173109530828755,1.9218162972217643,1.359555665136566,0.47279231629588236,0.6172655625501611,-0.032633478515529224,0.005182086838632902,0.0379564598438816,0.007462336424181426,0.99609375,0.47279231629588236,0.6172655625501611,-0.032633478515529224,0.005182086838632902,0.0379564598438816,0.007462336424181426,-1.0,-0.22758740913567144,0.18960341576576728,0.9344017129349871,0.06060510783591834,0.19244251911248228,0.9024998346667837,0.0,0.0,0.0,0,0.0402
69,0,0.0,0.017860985324996914,0.409960244844214,1.03618900791428,0.9974093963929658,-0.015185774812267905,-0.045259603758587764,-0.05380944617801925,0.040006723467920016,-0.03983724738257005,0.39101304432142897,1.1499419326180924,0.266346301524891,-0.8099551656821025,-0.11068316766690713,1.9193233217051024,1.3606340633403817,0.49723980327677986,0.6739458616493115,-0.06333012953757633,4.829963817704064e-05,0.039033381572545045,0.0028096263474639005,0.99951171875,0.49723980327677986,0.6739458616493115,-0.06333012953757633,4.829963817704064e-05,0.039033381572545045,0.0028096263474639005,-1.0,-0.22758740848729356,0.18960341983611798,0.93440171260616,0.06060510783591834,0.19244251911248228,0.9024998346667837,0.0,0.0,0.0,0,0.0374
70,0,0.0,0.020437207483177077,0.4165965607806216,1.0325434480414388,0.9973397484495675,-0.015520760336218076,-0.040013009989941055,-0.0589193617810213,0.040007053681097186,-0.03983595559704839,0.40286062636928954,1.1814919194823965,0.26538995288989187,-0.7639554838143543,-0.10945742148919059,1.9206462830434896,1.3621280150778285,0.49580171580731525,0.7066027227196832,-0.10036010446937671,7.08445004124203e-05,0.03374241829693772,0.00012072247195832331,0.994140625,0.49580171580731525,0.7066027227196832,-0.10036010446937671,7.08445004124203e-05,0.03374241829693772,0.00012072247195832331,-1.0,-0.22758740783891526,0.1896034239064692,0.9344017122773327,0.06060510783591834,0.19244251911248228,0.9024998346667837,0.0,0.0,0.0,0,0.0384
71,0,0.0,0.02282492428527092,0.4235753713844543,1.0278929853018464,0.997211917229442,-0.016151297482706217,-0.0339848298663243,-0.06444035276254537,0.040007453135989864,-0.0398341986333297,0.41566243003931164,1.215935800484581,0.2642726299002895,-0.7154874387717595,-0.10832959266061166,1.9243586268455057,1.364253001272836,0.44587953651018875,0.7336290905020595,-0.17909872605009236,0.0007793973135242632,0.01274244458800075,-0.0009870656415458534,0.9892578125,0.44587953651018875,0.7336290905020595,-0.17909872605009236,0.0007793973135242632,0.01274244458800075,-0.0009870656415458534,-1.0,-0.2275874071905367,0.189603427976821,0.934401711948505,0.06060510783591834,0.19244251911248228,0.9024998346667837,0.0,0.0,0.0,0,0.0404
72,1,0.7977,0.02487538962031395,0.43085219226792393,1.022316137813441,0.9970246094259597,-0.016880837484635758,-0.02710482672699339,-0.07015906137434215,0.04000789318862052,-0.039831989692851025,0.429538261437324,1.252899985339171,0.26286778990556586,-0.6650469874070621,-0.10756128968348143,1.9304835833699934,1.3668859471128505,0.07602141545727359,0.17034515781555115,0.03760365421335554,-0.0001626558584539861,0.016488259296395302,0.0005034129111688435,1.0029296875,0.07602141545727359,0.17034515781555115,0.03760365421335554,-0.0001626558584539861,0.016488259296395302,0.0005034129111688435,-1.0,-0.22758740654215764,0.18960343204717342,0.9344017116196769,0.06060510783591834,0.19244251911248228,0.9024998346667837,0.0,0.0,0.0,0,0.0393
73,0,0.0,0.02536279758964413,0.4357723966226309,1.0181070855380783,0.9969554230895912,-0.01740900034600018,-0.023956564405253466,-0.07213108969856749,0.04000489830537855,-0.03983720454734748,0.4425924521846031,1.2859232720162876,0.2598489748475817,-0.6147026291112399,-0.10694275925602233,1.9217943845988779,1.3692597827008683,0.11821387460602828,0.2354242760692944,0.04867270681238367,-0.00019083693624821763,0.014030068394011358,-0.00010083515074252314,1.0009765625,0.11821387460602828,0.2354242760692944,0.04867270681238367,-0.00019083693624821763,0.014030068394011358,-0.00010083515074252314,-1.0,-0.22758740589377838,0.1896034361175265,0.9344017112908486,0.06060510783591834,0.19244251911248228,0.9024998346667837,0.0,0.0,0.0,0,0.0382
74,0,0.0,0.025366591169744948,0.43885556732886544,1.017004626230863,0.996947789952651,-0.017726040369264506,-0.022834743652285557,-0.07252217649578377,0.040005441984509754,-0.03983748937152721,0.4544986587733358,1.314793527246347,0.25577312121368323,-0.562967564317461,-0.1048161760609082,1.9032241548957096,1.3702928926865976,0.2514295665318743,0.39842705675675205,0.0704114132053204,-0.0002729646486770848,0.026367845589785943,0.0036958568382672308,0.998046875,0.2514295665318743,0.39842705675675205,0.0704114132053204,-0.0002729646486770848,0.026367845589785943,0.0036958568382672308,-1.0,-0.22758740524539878,0.18960344018788022,0.93440171096202,0.06060510783591834,0.19244251911248228,0.9024998346667837,0.0,0.0,0.0,0,0.036
75,0,0.0,0.025786859927157763,0.442550516293058,1.0162554939204167,0.9968234177102291,-0.018012803555003176,-0.019603927304428746,-0.07506196671302975,0.04000682002723626,-0.03983522142995537,0.4666958960952181,1.3446013404930934,0.2512777302533101,-0.5104090125745577,-0.10064834070448209,1.8908063546833975,1.37047578482134,0.40047706068852207,0.5470720795598223,0.01933115887913517,-6.4521701088754435e-06,0.04011030330120846,0.01612322531157767,0.98974609375,0.40047706068852207,0.5470720795598223,0.01933115887913517,-6.4521701088754435e-06,0.04011030330120846,0.01612322531157767,-1.0,-0.22758740459701882,0.18960344425823453,0.9344017106331913,0.06060510783591834,0.19244251911248228,0.9024998346667837,0.0,0.0,0.0,0,0.0384
76,0,0.0,0.026421577867873754,0.44737033830812994,1.014018013939406,0.9965318233676663,-0.018202146054395574,-0.013754140289110671,-0.08002393716529231,0.0400078453863398,-0.03983232738997427,0.4799657747102468,1.376667330869983,0.24467712006837095,-0.4594973460943003,-0.09303094588728311,1.8894786276015099,1.3698403359559945,0.5013486246181073,0.628901915345351,-0.014845967444668262,6.923415310988723e-05,0.046384542937769335,0.014391047534098422,0.99365234375,0.5013486246181073,0.628901915345351,-0.014845967444668262,6.923415310988723e-05,0.046384542937769335,0.014391047534098422,-1.0,-0.2275874039486385,0.18960344832858936,0.9344017103043627,0.06060510783591834,0.19244251911248228,0.9024998346667837,0.0,0.0,0.0,0,0.0434
77,0,0.0,0.027188718457017647,0.4530442262369308,1.0096454355901523,0.9960350901039638,-0.01842772952267363,-0.005533890254389544,-0.08685559351520686,0.04000835038176396,-0.0398296114420969,0.49211586276781083,1.4089234480763617,0.24079446319814438,-0.4160686328738934,-0.087530339936887,1.9014346098249935,1.369889059440256,0.5040193584899698,0.6867083131021003,-0.057082391086063056,-0.00030597676837888776,0.038799268153270366,0.006898371566397471,0.99658203125,0.5040193584899698,0.6867083131021003,-0.057082391086063056,-0.00030597676837888776,0.038799268153270366,0.006898371566397471,-1.0,-0.22758740330025784,0.18960345239894458,0.9344017099755336,0.06060510783591834,0.19244251911248228,0.9024998346667837,0.0,0.0,0.0,0,0.0369
78,0,0.0,0.02788646726015632,0.45919373221093723,1.003534823286826,0.995300827004046,-0.019008776499460478,0.00430712819003282,-0.09484924263170993,0.04000876662335752,-0.03982667727787395,0.503991334239467,1.4431397824079553,0.23897864471917812,-0.37518432814989733,-0.08390763653753218,1.9217017550268742,1.3709641573178393,0.4688889360216216,0.7212420052684703,-0.08860636820442924,-0.00034381992998827604,0.02929426333071919,0.002245661489679973,0.9912109375,0.4688889360216216,0.7212420052684703,-0.08860636820442924,-0.00034381992998827604,0.02929426333071919,0.002245661489679973,-1.0,-0.22758740265187663,0.18960345646930044,0.9344017096467039,0.06060510783591834,0.19244251911248228,0.9024998346667837,0.0,0.0,0.0,0,0.0376
79,0,0.0,0.028173547217509812,0.46570842318740396,0.9962029559482599,0.9943275539225414,-0.01994836698424779,0.015075879982680295,-0.10338034633248357,0.04000931166321036,-0.03982312673582627,0.5161205891147272,1.4779385168169925,0.23760782164872196,-0.3375081753298724,-0.0808189727010121,1.9479503518410028,1.373233545261025,0.43971630449819765,0.7242449350220677,-0.1610687228475517,-0.00016748690036157143,0.015177224148457208,0.00012072247195832331,0.99072265625,0.43971630449819765,0.7242449350220677,-0.1610687228475517,-0.00016748690036157143,0.015177224148457208,0.00012072247195832331,-1.0,-0.22758740200349528,0.18960346053965688,0.9344017093178738,0.06060510783591834,0.19244251911248228,0.9024998346667837,0.0,0.0,0.0,0,0.0381
80,1,0.7979,0.028018297127112117,0.4724400311963017,0.9878259528882584,0.9931169378818059,-0.021098296858126975,0.026674138218252135,-0.11208077405275237,0.040009726918866846,-0.03981942285914889,0.5285180773172367,1.512599214896392,0.23595930167158077,-0.30385349074335033,-0.07812210159318757,1.9797759150853882,1.3765376793505055,0.07918007186341902,0.1756941264391465,0.030785346040242856,-0.0006546169593759643,0.02175581123007514,-0.0012287648663104056,1.0009765625,0.07918007186341902,0.1756941264391465,0.030785346040242856,-0.0006546169593759643,0.02175581123007514,-0.0012287648663104056,-1.0,-0.2275874013551134,0.1896034646100139,0.9344017089890433,0.06060510783591834,0.19244251911248228,0.9024998346667837,0.0,0.0,0.0,0,0.0394
81,0,0.0,0.026628601461410783,0.4768811353052246,0.9807855064543826,0.9923145687965866,-0.022131694929911738,0.033997158696389966,-0.11690242869224365,0.04000761107929393,-0.03982120215698245,0.5393207297697249,1.54252595229095,0.23297258464382087,-0.27134258372060077,-0.07579456071002523,1.9955991007668918,1.3800934422069517,0.12567395335387566,0.2423685511244883,0.040684730709992234,-0.0011908626111174353,0.015785919038571322,-0.001027348845673265,1.0029296875,0.12567395335387566,0.2423685511244883,0.040684730709992234,-0.0011908626111174353,0.015785919038571322,-0.001027348845673265,-1.0,-0.22758740070673136,0.1896034686803715,0.9344017086602124,0.06060510783591834,0.19244251911248228,0.9024998346667837,0.0,0.0,0.0,0,0.0437
82,0,0.0,0.025100992293802814,0.47945015968805604,0.9772571566373638,0.9917869793453873,-0.022939944740516305,0.03861781606568243,-0.1197539595110347,0.04000875927414569,-0.0398177994094534,0.5484720037242892,1.5677820031995138,0.22926842559342564,-0.23689688308866863,-0.07255231565193385,1.998821395259167,1.382636009442645,0.2782396257840348,0.4117525575383405,0.07566065464403482,-0.0003591182293622708,0.029785901511195978,0.0023463694999985296,0.99755859375,0.2782396257840348,0.4117525575383405,0.07566065464403482,-0.0003591182293622708,0.029785901511195978,0.0023463694999985296,-1.0,-0.22758740005834893,0.18960347275072972,0.9344017083313813,0.06060510783591834,0.19244251911248228,0.9024998346667837,0.0,0.0,0.0,0,0.0376
83,0,0.0,0.024201171721869703,0.4826605965866044,0.9741981225240612,0.9908662574007417,-0.023761340595842895,0.045341599558265694,-0.12475415018039146,0.040010340497198794,-0.03981226283765809,0.5573331701816169,1.5921644372000605,0.22557045311156174,-0.20549008071096406,-0.06778745409023855,2.010220503902695,1.3845717277763812,0.4450577722419232,0.5662157567390056,0.02077184742617355,-0.00015701964289514814,0.045822670731510196,0.012739436164874024,0.98779296875,0.4450577722419232,0.5662157567390056,0.02077184742617355,-0.00015701964289514814,0.045822670731510196,0.012739436164874024,-1.0,-0.2275873994099662,0.18960347682108858,0.9344017080025498,0.06060510783591834,0.19244251911248228,0.9024998346667837,0.0,0.0,0.0,0,0.0389
84,0,0.0,0.023648625662444977,0.48702591685968055,0.9693569854628419,0.989422146814662,-0.0245691424678805,0.054501848476213755,-0.13217307268779324,0.040011244963362357,-0.03980680110557258,0.5661048834312341,1.616502349051498,0.22188108571889956,-0.1817715925189214,-0.061617545246069376,2.0359864596837043,1.3860829594530915,0.5171675867822173,0.6409136343597404,-0.01687148995634613,-7.97229723738524e-05,0.04835109565967649,0.01153094004105129,0.98974609375,0.5171675867822173,0.6409136343597404,-0.01687148995634613,-7.97229723738524e-05,0.04835109565967649,0.01153094004105129,-1.0,-0.22758739876158307,0.18960348089144796,0.9344017076737184,0.06060510783591834,0.19244251911248228,0.9024998346667837,0.0,0.0,0.0,0,0.0389
85,0,0.0,0.023387553388845773,0.49235159397359346,0.9620524341075015,0.9874139949555136,-0.02549743299842877,0.06590983891572448,-0.14148984631621278,0.04001169272143318,-0.039801611434746906,0.5744582469209889,1.6398626230665476,0.2179587088028847,-0.16882305545880263,-0.05458571941190008,2.077277080180836,1.3875819836539878,0.49518539260611616,0.6844561157869025,-0.06056286638781927,-0.00010307300826049859,0.046056784150784846,0.00871111575213157,0.99267578125,0.49518539260611616,0.6844561157869025,-0.06056286638781927,-0.00010307300826049859,0.046056784150784846,0.00871111575213157,-1.0,-0.22758739811319964,0.18960348496180798,0.934401707344887,0.06060510783591834,0.19244251911248228,0.9024998346667837,0.0,0.0,0.0,0,0.0392
86,0,0.0,0.023030700657833685,0.4982774285251983,0.9528428507999802,0.984971307627063,-0.026657355761791457,0.07828013275446302,-0.15163485533070978,0.04001218701836061,-0.039796042868877585,0.5822773900838254,1.6604734901851732,0.2137956527815747,-0.16731670938959725,-0.04720598860670889,2.129720246589433,1.3896825626975655,0.4540971791928433,0.7111071173500791,-0.11570842998040021,-0.00013769547526482073,0.030979879949496747,0.002265803091743679,0.99072265625,0.4540971791928433,0.7111071173500791,-0.11570842998040021,-0.00013769547526482073,0.030979879949496747,0.002265803091743679,-1.0,-0.22758739746481566,0.18960348903216845,0.9344017070160552,0.06060510783591834,0.19244251911248228,0.9024998346667837,0.0,0.0,0.0,0,0.0393
87,0,0.0,0.0223792027211421,0.5045622586197135,0.9424653005278176,0.9821967710094089,-0.028054159530887468,0.0910428218776794,-0.16190636718873744,0.040012784267616654,-0.0397899396472273,0.5896258101171435,1.6772421545856253,0.20938335971026528,-0.17673652101543774,-0.0402744060581258,2.1901479830405646,1.3928716386606148,0.4300605743460785,0.6889605104172984,-0.17613176349777548,-0.00023431631341644388,0.016652138689887547,-1.2714042393890956e-07,0.99365234375,0.4300605743460785,0.6889605104172984,-0.17613176349777548,-0.00023431631341644388,0.016652138689887547,-1.2714042393890956e-07,-1.0,-0.22758739681643153,0.1896034931025294,0.9344017066872227,0.06060510783591834,0.19244251911248228,0.9024998346667837,0.0,0.0,0.0,0,0.0396
88,1,0.8064,0.021468362347881444,0.5109074104330111,0.931203785498103,0.9791069845869063,-0.029622192780020984,0.10432239243782514,-0.17201417634627147,0.040013158291027376,-0.03978394332148733,0.5963434767163476,1.6898368875585845,0.20470852498789016,-0.1968948114796377,-0.034554933980729244,2.2579101946744675,1.3971576732567228,0.0814912838679156,0.1685152474969528,0.02479436396344925,-0.0005749047679008829,0.024471526893661194,-0.001530888897266075,0.99951171875,0.0814912838679156,0.1685152474969528,0.02479436396344925,-0.0005749047679008829,0.024471526893661194,-0.001530888897266075,-1.0,-0.2275873961680468,0.18960349717289093,0.9344017063583896,0.06060510783591834,0.19244251911248228,0.9024998346667837,0.0,0.0,0.0,0,0.0426
89,0,0.0,0.02214652656723586,0.515069227306305,0.9287476239761997,0.9768128407166199,-0.03195721362057219,0.11426244350380396,-0.17821196568489617,0.0407728938389408,-0.039773457695002526,0.6003733554229784,1.6904116550044013,0.19871531241880472,-0.21002498526316166,-0.0316383231429865,2.295600395191345,1.4047461201733322,0.1262389162883082,0.24067940313808978,0.03843098030967462,-0.00036958548682870795,0.016488259296395302,-0.0017020925148076294,1.001953125,0.1262389162883082,0.24067940313808978,0.03843098030967462,-0.00036958548682870795,0.016488259296395302,-0.0017020925148076294,-1.0,-0.22758739551966198,0.18960350124325306,0.9344017060295564,0.06060510783591834,0.19244251911248228,0.9024998346667837,0.0,0.0,20.36643020522134,1,0.0385
90,0,0.0,0.022722199408851472,0.517471564123509,0.9296502122974709,0.9758200391767842,-0.033447968364207714,0.11867819481064631,-0.180477063999313,0.040270459819438074,-0.039768458097596854,0.6026288020880026,1.6856176074754377,0.19322653510129542,-0.2208128654854082,-0.029083801641614816,2.3122402864146983,1.410606389600843,0.27330904017444213,0.4016176696199494,0.0849038841339449,-0.00015218860098756282,0.029622022117703706,0.0018629710504694252,0.99658203125,0.27330904017444213,0.4016176696199494,0.0849038841339449,-0.00015218860098756282,0.029622022117703706,0.0018629710504694252,-1.0,-0.2275873948712766,0.18960350531361586,0.9344017057007228,0.06060510783591834,0.19244251911248228,0.9024998346667837,0.0,0.0,0.0,0,0.0395
91,0,0.0,0.0235103887999558,0.5205439194994085,0.9298144431111096,0.9742434955354979,-0.03470234486793594,0.12465334602137265,-0.18468054037476692,0.04038945625468702,-0.03975904281101428,0.6045856556070356,1.6796719585763709,0.18910121555281612,-0.23753254783987865,-0.026226332542465536,2.338901839305785,1.4150826043987053,0.43827821702873326,0.5489489106558207,0.027961025918325833,-4.429533171826372e-05,0.04310695506792411,0.011188532805968182,0.9892578125,0.43827821702873326,0.5489489106558207,0.027961025918325833,-4.429533171826372e-05,0.04310695506792411,0.011188532805968182,-1.0,-0.2275873942228911,0.18960350938397927,0.9344017053718888,0.06060510783591834,0.19244251911248228,0.9024998346667837,0.0,0.0,0.0,0,0.0389
92,0,0.0,0.025214347482503178,0.5243407888457556,0.9304750718804978,0.9717026085906643,-0.03625506353838981,0.13370082696744,-0.1913209337582994,0.04055841008777589,-0.03974954677750816,0.6059441225492657,1.6705705144879712,0.18586453542540407,-0.2622431996481712,-0.02393747670327391,2.378392816759174,1.4195956365146212,0.5142914118432881,0.6123858017005652,-0.027740843152814443,3.461168610556509e-05,0.042779196280939596,0.007260920403544285,0.990234375,0.5142914118432881,0.6123858017005652,-0.027740843152814443,3.461168610556509e-05,0.042779196280939596,0.007260920403544285,-1.0,-0.22758739357450514,0.1896035134543433,0.9344017050430546,0.06060510783591834,0.19244251911248228,0.9024998346667837,0.0,0.0,0.0,0,0.0393
93,0,0.0,0.02763743923567194,0.5286393002905478,0.9313970336186016,0.9681565080716305,-0.03829593418687077,0.14567176817771793,-0.19996533014319723,0.0406217139561615,-0.03974019718030559,0.6065621907513391,1.6575353880604555,0.18319585642184782,-0.29709484641002176,-0.022867478059910303,2.431336407172019,1.4251162005169928,0.5073064155630317,0.6615587764157225,-0.05631212196190383,0.0010757012171892233,0.04226414675853535,0.006213557096231254,0.9892578125,0.5073064155630317,0.6615587764157225,-0.05631212196190383,0.0010757012171892233,0.04226414675853535,0.006213557096231254,-1.0,-0.22758739292611893,0.18960351752470792,0.9344017047142205,0.06060510783591834,0.19244251911248228,0.9024998346667837,0.0,0.0,0.0,0,0.0398
94,0,0.0,0.030309057784113136,0.5332766225460367,0.9324969495910825,0.9635834252306523,-0.04076908976750082,0.16010812581259035,-0.21026234087223455,0.04065608528144783,-0.03973042910987331,0.6066183579008246,1.640654679234737,0.1810286833423541,-0.342043952819347,-0.023353005968762837,2.4967371855856535,1.4320672781596262,0.47525760910067893,0.7024736943084866,-0.08598174748507204,0.00016102394935392506,0.03004342627239809,0.0026283519288904933,0.98828125,0.47525760910067893,0.7024736943084866,-0.08598174748507204,0.00016102394935392506,0.03004342627239809,0.0026283519288904933,-1.0,-0.2275873922777322,0.18960352159507302,0.9344017043853863,0.06060510783591834,0.19244251911248228,0.9024998346667837,0.0,0.0,0.0,0,0.0409
95,0,0.0,0.03287795632362278,0.5379973276631229,0.9336848046451526,0.9577504642284658,-0.04341695956149855,0.17733716881933115,-0.22221733606480093,0.0406829067414375,-0.03972057031820663,0.6063744111242735,1.6215694323909733,0.17914432254798543,-0.3947897034315721,-0.02606302846502021,2.574712810922577,1.440594640481118,0.4497829167844495,0.6919634401708958,-0.1533089746338,8.211693153009625e-05,0.016043443799773432,0.00013079327299017618,0.99267578125,0.4497829167844495,0.6919634401708958,-0.1533089746338,8.211693153009625e-05,0.016043443799773432,0.00013079327299017618,-1.0,-0.2275873916293453,0.1896035256654386,0.9344017040565518,0.06060510783591834,0.19244251911248228,0.9024998346667837,0.0,0.0,242.72989340345464,1,0.0425
96,1,0.8018,0.03522387273304229,0.5423818837279936,0.9349399270127817,0.9500784290539208,-0.04612625845244411,0.1984720577423663,-0.23628836032086253,0.04070655059834939,-0.03971037701112422,0.6062840013399949,1.6048679914209272,0.1772617649069821,-0.4485783258791343,-0.031995572287210956,2.665821055103633,1.451126249252027,0.07554633298968261,0.17616333421314612,0.01985893587161458,-0.00021901801404243526,0.029645433459631165,0.0008861033503793914,1.0009765625,0.07554633298968261,0.17616333421314612,0.01985893587161458,-0.00021901801404243526,0.029645433459631165,0.0008861033503793914,-1.0,-0.22758739098095773,0.18960352973580477,0.9344017037277164,0.06060510783591834,0.19244251911248228,0.9024998346667837,0.0,0.0,255.54108500380556,1,0.0423
97,0,0.0,0.03644995531584393,0.5452666027667089,0.935977279766768,0.9431314506716948,-0.048252806873002096,0.21623539358775828,-0.24782451037523948,0.040491161259219546,-0.03970487742668727,0.6047325209054619,1.5851874105109804,0.17550183790383989,-0.5050141276630585,-0.03970418659902326,2.745952320432017,1.4621006054648098,0.11691702787017189,0.23411049430209552,0.03743248329687576,-0.00020855075657601196,0.018103641889390454,-0.0005540211971760411,1.0009765625,0.11691702787017189,0.23411049430209552,0.03743248329687576,-0.00020855075657601196,0.018103641889390454,-0.0005540211971760411,-1.0,-0.22758739033257014,0.1896035338061715,0.9344017033988807,0.06060510783591834,0.19244251911248228,0.9024998346667837,0.0,0.0,96.51589645039469,1,0.0394
98,0,0.0,0.036950320191017794,0.5467424575964126,0.9368448259065253,0.9369776151587904,-0.04978881540014202,0.23083591591644578,-0.2575049562152365,0.040392090480578624,-0.03969475535674,0.6025383815155922,1.5663386144453368,0.1733524630844247,-0.5579518351112933,-0.04567869333202821,2.8177491302374826,1.470847384624998,0.24331464438275285,0.38078484445436755,0.083876858635066,-0.000175538636874209,0.025361157886904906,0.001883112652533131,1.0,0.24331464438275285,0.38078484445436755,0.083876858635066,-0.000175538636874209,0.025361157886904906,0.001883112652533131,-1.0,-0.22758738968418188,0.18960353787653877,0.9344017030700446,0.06060510783591834,0.19244251911248228,0.9024998346667837,0.0,0.0,139.79660118168957,1,0.0398
99,0,0.0,0.03783037237942537,0.5487896588055727,0.9380445202960694,0.926138276434804,-0.05181286198856422,0.2539151393765612,-0.2740628071269522,0.040335532745195114,-0.03968125301916833,0.6049529095351379,1.5757487232721121,0.17223897310897765,-0.5709489832632091,-0.051720502155150026,2.9027514719324734,1.478901193982515,0.41013279084064125,0.5493242768750204,0.034893448035758445,-0.0002794060378871893,0.03392970903235745,0.009194514201660675,0.99560546875,0.41013279084064125,0.5493242768750204,0.034893448035758445,-0.0002794060378871893,0.03392970903235745,0.009194514201660675,-1.0,-0.2275873890357936,0.18960354194690668,0.9344017027412082,0.06060510783591834,0.19244251911248228,0.9024998346667837,0.0,0.0,222.6035423544725,1,0.0393
100,0,0.0,0.03706421592786773,0.5536843464185539,0.9401634666456536,0.9082006888167397,-0.05543566191307364,0.2859879857976936,-0.30051500495056177,0.0403223539355312,-0.039660234351514514,0.6223765959648173,1.6447683163131217,0.17103884160292585,-0.48745272912519655,-0.046057841235915865,2.981518633071194,1.4834642938753344,0.5064846512947664,0.6067553084125703,-0.011501002451791864,-0.0050242943647828,0.030394596401310092,0.003293024796993005,0.9931640625,0.5064846512947664,0.6067553084125703,-0.011501002451791864,-0.0050242943647828,0.030394596401310092,0.003293024796993005,-1.0,-0.22758738838740475,0.1896035460172752,0.9344017024123714,0.06060510783591834,0.19244251911248228,0.9024998346667837,0.0,0.0,75.25638027562859,1,0.042
101,0,0.0,0.03780847693594809,0.5530607355993686,0.9458988646642967,0.8919749376852083,-0.06652162075368084,0.3073937316765001,-0.32475325747368133,0.04017904141497172,-0.039663858006459704,0.6406614422683393,1.7199155197532747,0.1613424920016771,-0.37148090993241956,0.006531347307677941,3.01223371957168,1.4667901217233643,0.5245634651966063,0.6349077748525456,-0.06016346758269975,-0.0010282175335622201,0.03584943907040966,0.0008055369421245406,0.9931640625,0.5245634651966063,0.6349077748525456,-0.06016346758269975,-0.0010282175335622201,0.03584943907040966,0.0008055369421245406,-1.0,-0.22758738773901577,0.18960355008764435,0.9344017020835345,0.06060510783591834,0.19244251911248228,0.9024998346667837,0.0,0.0,149.4941256436247,1,0.0397
102,0,0.0,0.0387943721315592,0.5518428678467682,0.9474872565537911,0.8879879778251235,-0.07134359657428502,0.3107102458476909,-0.3314311174153086,0.04008214926099799,-0.03965236426032922,0.6430692211315168,1.7228406637362634,0.1557218608216148,-0.3689362139440576,0.03802945866503388,3.0268257291856604,1.4525407839211069,0.4982670086121116,0.6604326777581233,-0.095396147891462,-1.530908027277955e-05,0.03378924098079267,-0.0012891896725015228,0.9912109375,0.4982670086121116,0.6604326777581233,-0.095396147891462,-1.530908027277955e-05,0.03378924098079267,-0.0012891896725015228,-1.0,-0.22758738709062626,0.18960355415801408,0.9344017017546975,0.06060510783591834,0.19244251911248228,0.9024998346667837,0.0,0.0,0.0,0,0.0394
103,0,0.0,0.04127191943109379,0.5505276045619741,0.9459609763623408,0.8942034988144902,-0.07324925980690661,0.29928662850507703,-0.32474938436235223,0.04004984089478592,-0.039645208160740665,0.6306674906392569,1.6643422132450458,0.15702216906863267,-0.4627207276303302,0.047522661363993905,3.0305314933193435,1.4446142925797805,0.45142644532098053,0.6495470574013329,-0.16152517862483118,0.003861602050560811,0.024120356764749218,-0.006062749361601311,0.99560546875,0.45142644532098053,0.6495470574013329,-0.16152517862483118,0.003861602050560811,0.024120356764749218,-0.006062749361601311,-1.0,-0.22758738644223658,0.18960355822838446,0.9344017014258605,0.06060510783591834,0.19244251911248228,0.9024998346667837,0.0,0.0,0.0,0,0.0382
104,1,0.806,0.04836518416498217,0.5466279571040971,0.9549765528578267,0.9028089671050822,-0.06967192307406062,0.2867820978646644,-0.3127903777198999,0.04004655004163339,-0.03959953816772837,0.6077616905116554,1.5991569881405827,0.17107666728986148,-0.5373102201438122,0.024830454027328534,2.9988322896240605,1.4402897378053399,0.06779093270792735,0.17029823703815128,0.020315391648894066,-0.0002302904451601251,0.029645433459631165,0.0012687937895899115,0.99853515625,0.06779093270792735,0.17029823703815128,0.020315391648894066,-0.0002302904451601251,0.029645433459631165,0.0012687937895899115,-1.0,-0.22758738579384621,0.1896035622987552,0.934401701097023,0.06060510783591834,0.19244251911248228,0.9024998346667837,0.0,0.0,0.0,0,0.0377
105,0,0.0,0.05158330116085956,0.5475021431409878,0.9634978607373414,0.9084958241671689,-0.06481386996810651,0.2773370683695984,-0.30580819190912656,0.04003545510930198,-0.039588304827673976,0.5998948524505187,1.6039765637100005,0.19469129637657517,-0.49430006473661886,-0.013612783030012527,2.933459960711795,1.447160739321704,0.10657435415004957,0.22360024016450475,0.036148701423277085,-0.00018036967878178045,0.01915715227612641,-0.0008662160291635634,0.99853515625,0.10657435415004957,0.22360024016450475,0.036148701423277085,-0.00018036967878178045,0.01915715227612641,-0.0008662160291635634,-1.0,-0.2275873851454558,0.18960356636912645,0.934401700768185,0.06060510783591834,0.19244251911248228,0.9024998346667837,0.0,0.0,0.0,0,0.038
106,0,0.0,0.048708982582241586,0.5473958107556282,0.9571618609933896,0.9103494513254982,-0.06580886302249783,0.2724063208001487,-0.3045125061589036,0.04001581257045766,-0.03961973964999107,0.6063994952781154,1.6632017080310109,0.2146220589133087,-0.3998576097342687,-0.035846479871961975,2.8874398924603963,1.4540262934740686,0.22996097502343915,0.36952385787837727,0.08513211202258453,-0.00021901801404243526,0.02833439831169307,0.001621271825704873,0.998046875,0.22996097502343915,0.36952385787837727,0.08513211202258453,-0.00021901801404243526,0.02833439831169307,0.001621271825704873,-1.0,-0.22758738449706473,0.18960357043949827,0.9344017004393464,0.06060510783591834,0.19244251911248228,0.9024998346667837,0.0,0.0,0.0,0,0.0405
107,0,0.0,0.04340649857181899,0.5426648928303687,0.9354400259317616,0.9158954458587766,-0.0684271479035507,0.2598375336133192,-0.2982242676421298,0.03938219318631086,-0.039443865491707295,0.5976461282971356,1.6714776393731252,0.22960919316637668,-0.4265726008252684,-0.04483414596779106,2.8918635431284585,1.4526045484934504,0.38794515559747367,0.5485735444366211,0.03903007851735396,-0.0013146580599991964,0.03397653171621237,0.009496638232616345,0.994140625,0.38794515559747367,0.5485735444366211,0.03903007851735396,-0.0013146580599991964,0.03397653171621237,0.009496638232616345,-1.0,-0.22758738384867366,0.18960357450987078,0.9344017001105076,0.06060510783591834,0.19244251911248228,0.9024998346667837,0.0,0.0,272.35355392411736,2,0.0434
108,0,0.0,0.045503591042120824,0.5433157041781753,0.9409290881843743,0.9118406558800762,-0.07467265150479713,0.2614979778549505,-0.30755393182205676,0.038636692510310926,-0.039317635756943935,0.5880716981816106,1.631305215992498,0.23422325780279238,-0.49701694722163875,-0.025507716654751125,2.9385949256780903,1.4463260137539242,0.4867623088563954,0.6063799421933707,0.00013861986883567656,-0.00505650131083335,0.030816000556004475,0.00411883048160519,0.99462890625,0.4867623088563954,0.6063799421933707,0.00013861986883567656,-0.00505650131083335,0.030816000556004475,0.00411883048160519,-1.0,-0.2275873832002819,0.18960357858024388,0.9344016997816684,0.06060510783591834,0.19244251911248228,0.9024998346667837,0.0,0.0,0.0,0,0.041
109,0,0.0,0.04464375513077916,0.5472635793419278,0.9460383303573744,0.9002528132057435,-0.08283845041903182,0.27233255008891877,-0.32942016576005634,0.039116103530210077,-0.03931097355891188,0.5979612458288222,1.6566789711724814,0.24908771391013146,-0.463929402398284,0.013090744034527008,2.981674267285322,1.4198106543583688,0.5188111153187481,0.633406309975747,-0.04239022075487875,-0.0024622318064624477,0.031237404710698857,0.0009868113606979478,0.9912109375,0.5188111153187481,0.633406309975747,-0.04239022075487875,-0.0024622318064624477,0.031237404710698857,0.0009868113606979478,-1.0,-0.22758738255189012,0.18960358265061755,0.9344016994528289,0.06060510783591834,0.19244251911248228,0.9024998346667837,0.0,0.0,0.0,0,0.0412
110,0,0.0,0.04715687352824934,0.5431514992690196,0.9450066705915862,0.8974466723822943,-0.08280146151347784,0.27853890494583244,-0.3318877319708493,0.03937852891282977,-0.039317467872899255,0.5957470968093116,1.6683756386223516,0.2503336624175683,-0.4513570058514541,0.02427938711504134,2.9916868745855867,1.4021945468229688,0.49929421394744355,0.6502977898397322,-0.0763961761622024,-7.97229723738524e-05,0.0336955956130828,-0.0011481984580555549,0.98876953125,0.49929421394744355,0.6502977898397322,-0.0763961761622024,-7.97229723738524e-05,0.0336955956130828,-0.0011481984580555549,-1.0,-0.2275873819034977,0.18960358672099187,0.9344016991239892,0.06060510783591834,0.19244251911248228,0.9024998346667837,0.0,0.0,76.90198545928197,1,0.0424
111,0,0.0,0.05285545331295823,0.539645410506479,0.9516272864666497,0.901177264247598,-0.07985852757711237,0.27514032777404546,-0.32526904864868456,0.039649599659261583,-0.03929460825051144,0.5798708030401276,1.633459862050324,0.25226562638509087,-0.48838618099386377,0.008653540880420594,2.9757738255560695,1.4032859327468683,0.4563570309305732,0.6416643667981397,-0.13550719931989907,0.0024702619811775434,0.028193930260128286,-0.005015386054288279,0.99267578125,0.4563570309305732,0.6416643667981397,-0.13550719931989907,0.0024702619811775434,0.028193930260128286,-0.005015386054288279,-1.0,-0.22758738125510525,0.18960359079136677,0.9344016987951494,0.06060510783591834,0.19244251911248228,0.9024998346667837,0.0,0.0,0.0,0,0.0356
112,1,0.8206,0.058825325172746884,0.5386931141857993,0.9646018990340086,0.9027735217347151,-0.08283691975192398,0.2665335965538713,-0.3272580863611621,0.03981197003835972,-0.039331509802653944,0.5706098009014199,1.6354833727241287,0.28335054529964865,-0.44772113153303594,-0.006602881553787524,2.92198914463018,1.401423588763052,0.06879245790987587,0.1734419291239485,0.023424996631610684,-0.0001860058943406323,0.02903673856951705,0.0006343333245829863,0.998046875,0.06879245790987587,0.1734419291239485,0.023424996631610684,-0.0001860058943406323,0.02903673856951705,0.0006343333245829863,-1.0,-0.2275873806067121,0.1896035948617421,0.9344016984663097,0.06060510783591834,0.19244251911248228,0.9024998346667837,0.0,0.0,0.0,0,0.0392
113,0,0.0,0.05699747418145486,0.5358305125719074,0.9549075155852206,0.9072285859749458,-0.08774660807015439,0.24896240235137893,-0.3274974011767296,0.03981968875553837,-0.03939499826461504,0.5624440014909363,1.6328000824302418,0.29737726111195595,-0.4653326693950627,0.024264849732531762,2.904447124542585,1.373974799456682,0.10737685831827759,0.23110756454849812,0.03486491954967852,-0.0001626558584539861,0.019063506908416544,-0.0008964284322591498,0.9990234375,0.10737685831827759,0.23110756454849812,0.03486491954967852,-0.0001626558584539861,0.019063506908416544,-0.0008964284322591498,-1.0,-0.22758737995831876,0.1896035989321181,0.9344016981374695,0.06060510783591834,0.19244251911248228,0.9024998346667837,0.0,0.0,0.0,0,0.0397
114,0,0.0,0.0512570537965542,0.5364607253487912,0.9420076472862368,0.9070431227923921,-0.0857843744187261,0.24723234506477315,-0.3298332640204519,0.04010373901740693,-0.03920497168594805,0.5676260891825619,1.660409566551633,0.3106690085310529,-0.4485462300385414,0.03013639268296833,2.917184113254269,1.354229729982587,0.23694597130369555,0.36764702678237904,0.08501799807826482,-0.00013125408605471622,0.027468178660376846,0.002245661489679973,1.0,0.23694597130369555,0.36764702678237904,0.08501799807826482,-0.00013125408605471622,0.027468178660376846,0.002245661489679973,-1.0,-0.22758737930992493,0.18960360300249457,0.9344016978086286,0.06060510783591834,0.19244251911248228,0.9024998346667837,0.0,0.0,283.88175308891346,2,0.0432
115,0,0.0,0.052464553116710284,0.5361380117673745,0.9441151376931256,0.9028517053541301,-0.08037019046479904,0.26359577706337656,-0.33002529742149317,0.04009235976131984,-0.039210728862265856,0.5649320123837883,1.6552916876026953,0.30744506034005753,-0.46889570775346756,0.0005325470010135696,2.9586182823443012,1.3647211206720857,0.398833532151991,0.546321347121423,0.0413979428619915,-1.1283212016460764e-05,0.03425746781934197,0.009597346242934901,0.99365234375,0.398833532151991,0.546321347121423,0.0413979428619915,-1.1283212016460764e-05,0.03425746781934197,0.009597346242934901,-1.0,-0.22758737866153095,0.1896036070728716,0.9344016974797873,0.06060510783591834,0.19244251911248228,0.9024998346667837,0.0,0.0,57.78547587375372,1,0.0387
116,0,0.0,0.051799284094770755,0.5374472280294116,0.9451459508785864,0.90124192523695,-0.08198714087355274,0.2673985519109989,-0.33096693998415605,0.04006229319929932,-0.03920762974558936,0.5634722559838862,1.645662310150963,0.3064185241868549,-0.48997241812617376,-0.014037930031876951,2.978970237139126,1.3833143358687803,0.48799495525879355,0.6086321395085685,-0.008940570826114658,-0.003729575133551155,0.02927085198879173,0.002064387071106538,0.9921875,0.48799495525879355,0.6086321395085685,-0.008940570826114658,-0.003729575133551155,0.02927085198879173,0.002064387071106538,-1.0,-0.22758737801313642,0.18960361114324922,0.9344016971509456,0.06060510783591834,0.19244251911248228,0.9024998346667837,0.0,0.0,37.299520339524065,1,0.0394
117,0,0.0,0.056071042619530304,0.5342587690753671,0.9495984663570588,0.8992286426223369,-0.08990812574161483,0.26690578558243855,-0.3347621227615802,0.04003554041594799,-0.039270308474556904,0.5668197833097449,1.6624160915998565,0.3017232965098859,-0.4461398539697231,0.01019515217011105,2.9567351142515297,1.3789632679750377,0.5095662673007618,0.6330309437565473,-0.06321601559325651,-0.0007778085280192859,0.031190582026843938,-1.0197941455791781e-05,0.99169921875,0.5095662673007618,0.6330309437565473,-0.06321601559325651,-0.0007778085280192859,0.031190582026843938,-1.0197941455791781e-05,-1.0,-0.2275873773647418,0.18960361521362742,0.9344016968221036,0.06060510783591834,0.19244251911248228,0.9024998346667837,0.0,0.0,0.0,0,0.042
118,0,0.0,0.05971127327712591,0.5244274502295195,0.94086130239494,0.909288652515714,-0.08051142265649569,0.2617789864708862,-0.3133429741836556,0.04001591358368739,-0.039270381164932866,0.5533432688766821,1.6417897254227338,0.27457172131680674,-0.48332938758281785,-0.005288169141631008,2.9336466095851716,1.3820963393184087,0.49456906940491707,0.6600573115389237,-0.09288564111642472,4.820261008814386e-06,0.03238456046514471,-0.0024674733932286974,0.98876953125,0.49456906940491707,0.6600573115389237,-0.09288564111642472,4.820261008814386e-06,0.03238456046514471,-0.0024674733932286974,-1.0,-0.22758737671634657,0.18960361928400624,0.9344016964932613,0.06060510783591834,0.19244251911248228,0.9024998346667837,0.0,0.0,49.51935156732113,2,0.058
119,0,0.0,0.05905619293254332,0.5262191845848346,0.9423739920961333,0.9058084966027236,-0.08480091806334511,0.2648948321837334,-0.3196099179629428,0.04005635446064901,-0.03924524370569369,0.5576105562448379,1.6653609589551717,0.2911899304138662,-0.4454037175413022,-0.01744895225273705,2.9352722961214974,1.3923895844778378,0.4427979205041931,0.6480455925245341,-0.1575311905736354,0.0038809262181911386,0.0245417609194436,-0.006244023780174718,0.99365234375,0.4427979205041931,0.6480455925245341,-0.1575311905736354,0.0038809262181911386,0.0245417609194436,-0.006244023780174718,-1.0,-0.22758737606795135,0.1896036233543857,0.9344016961644188,0.06060510783591834,0.19244251911248228,0.9024998346667837,0.0,0.0,181.5196023312864,1,0.04
120,1,0.8255,0.06240963709442121,0.5228582276928233,0.9444913509167033,0.9038090343006593,-0.09252482457245859,0.2670003519150722,-0.3213708114181684,0.04003770165106752,-0.039290075497720775,0.5590870211617136,1.6412368808853035,0.25454020411830364,-0.48252056676469146,0.035681187225564806,2.956352520378243,1.3850801971035824,0.060882976827820845,0.1667791787331543,0.019873200114654543,-0.0002367318343702296,0.027749114763506444,0.0007853953400608349,0.9990234375,0.060882976827820845,0.1667791787331543,0.019873200114654543,-0.0002367318343702296,0.027749114763506444,0.0007853953400608349,-1.0,-0.22758737541955545,0.1896036274247658,0.9344016958355763,0.06060510783591834,0.19244251911248228,0.9024998346667837,0.0,0.0,0.0,0,0.0421
121,0,0.0,0.059111051748903,0.5258556815765846,0.9417508925267571,0.9069186876212667,-0.0814782445685347,0.27189379695856425,-0.3113415373521554,0.040035921884506144,-0.03928653493385113,0.5685728023418906,1.653793903030255,0.24086849127415,-0.46372522598442256,-0.003287366426501711,2.9461446673213296,1.4098639524641061,0.10107559558935142,0.2294184165620996,0.03152708667832205,-0.00017634381052547554,0.018501634702157377,-0.0008863576312272969,0.9990234375,0.10107559558935142,0.2294184165620996,0.03152708667832205,-0.00017634381052547554,0.018501634702157377,-0.0008863576312272969,-1.0,-0.22758737477115942,0.18960363149514645,0.9344016955067338,0.06060510783591834,0.19244251911248228,0.9024998346667837,0.0,0.0,115.83524060619628,2,0.0422
122,0,0.0,0.057791011111309194,0.5271544392248699,0.9410830821473952,0.9073223445573592,-0.0809470628313197,0.27541234530752756,-0.3071836195797636,0.039840265107347,-0.03929323503998026,0.5760641731052202,1.6657334339068455,0.225690035514189,-0.442077523984559,-0.020126307106962234,2.939185267924825,1.4373330133446942,0.2331453115629678,0.37384056939917354,0.08336334588562644,-0.00022143353499622098,0.02807687355049096,0.0030110423681010134,0.9990234375,0.2331453115629678,0.37384056939917354,0.08336334588562644,-0.00022143353499622098,0.02807687355049096,0.0030110423681010134,-1.0,-0.2275873741227628,0.18960363556552745,0.9344016951778907,0.06060510783591834,0.19244251911248228,0.9024998346667837,0.0,0.0,59.864916257668234,2,0.0551
123,0,0.0,0.05887327609797065,0.5258262269328571,0.9413374958853049,0.9079800997856383,-0.0895326637838893,0.26999189968300297,-0.3076693267366526,0.03982365697609903,-0.03932111361208359,0.5749235730009671,1.6340631742482725,0.20541286171658427,-0.49356633862280386,0.017861954401589823,2.952122820703054,1.4382874843519013,0.38506898065854467,0.5485735444366211,0.04422226298390841,-8.374884063017118e-05,0.03453840392247157,0.010584284744056816,0.9912109375,0.38506898065854467,0.5485735444366211,0.04422226298390841,-8.374884063017118e-05,0.03453840392247157,0.010584284744056816,-1.0,-0.22758737347437866,0.189603639635925,0.9344016948494264,0.060605107835919665,0.19244251911247695,0.9024998346669242,0.0,0.0,96.84009490876537,2,0.0384
124,0,0.0,0.053402190784563465,0.5334968201774265,0.9417415538715117,0.907129048775914,-0.0815631901142681,0.27202616868568386,-0.3105899200480852,0.040044839767450664,-0.03933755976002023,0.5832257342510123,1.663856386070631,0.2307068023039566,-0.44447627437148474,-0.021015697901321625,2.939566188880515,1.4440584738686946,0.47279231629588236,0.6056292097549711,-0.006772405884036936,-0.0021385519986545365,0.028872859176024807,0.0030714671742921584,0.99365234375,0.47279231629588236,0.6056292097549711,-0.006772405884036936,-0.0021385519986545365,0.028872859176024807,0.0030714671742921584,-1.0,-0.22758737282599095,0.18960364370632582,0.9344016945202971,0.06060510783591988,0.1924425191124761,0.9024998346668232,0.0,0.0,70.63090327704462,1,0.0406
125,0,0.0,0.05509865228443972,0.531417218222629,0.941964741862835,0.9070642840279353,-0.08851815148194725,0.2700130261075986,-0.31063143310251845,0.04003128388151618,-0.039396186991834545,0.5857927138847573,1.6493022070163472,0.2037559214392715,-0.4659520323484071,0.017376902432062104,2.9445712959378847,1.4447680382048294,0.5077172976971646,0.6386614370445425,-0.05471452674142552,-0.00021418697213484994,0.02735112195073952,-3.033954351952528e-05,0.99169921875,0.5077172976971646,0.6386614370445425,-0.05471452674142552,-0.00021418697213484994,0.02735112195073952,-3.033954351952528e-05,-1.0,-0.22758737217759786,0.18960364777672237,0.9344016941913694,0.060605107835919894,0.19244251911247603,0.9024998346667952,0.0,0.0,0.0,0,0.0454
126,0,0.0,0.05340465788146884,0.5332400303146991,0.9412928298802977,0.908726235590054,-0.07846026811223955,0.27681588141518,-0.30237986519346965,0.04014738670338704,-0.03939335206371737,0.5888765629661256,1.6394012733312773,0.19133619373902308,-0.48623014718952917,-0.016078794690764744,2.956415135497062,1.4638039996672232,0.4997050960815762,0.6626848750733214,-0.08558234867995251,-4.510050536953025e-05,0.030300951033600226,-0.0030415090520444776,0.9892578125,0.4997050960815762,0.6626848750733214,-0.08558234867995251,-4.510050536953025e-05,0.030300951033600226,-0.0030415090520444776,-1.0,-0.2275873715292028,0.18960365184711572,0.934401693862505,0.060605107835919894,0.19244251911247603,0.9024998346667876,0.0,0.0,0.0,0,0.0396
127,0,0.0,0.04992129387300869,0.5381080039209231,0.9418859829089173,0.9057590196302066,-0.0886792315304697,0.27218252545141636,-0.31249522411163416,0.04013769997088583,-0.03944918870310619,0.6005955555597391,1.6674658122143082,0.19668081881642097,-0.4362692455582309,0.00707848012113981,2.9424812562095055,1.4696842085129402,0.45163188638804697,0.6499224236205325,-0.15365131646675956,0.0032400079917854208,0.02245815148789912,-0.005025456855320132,0.9951171875,0.45163188638804697,0.6499224236205325,-0.15365131646675956,0.0032400079917854208,0.02245815148789912,-0.005025456855320132,-1.0,-0.2275873708808065,0.18960365591750677,0.9344016935336577,0.060605107835919894,0.19244251911247603,0.9024998346667857,0.0,0.0,80.55862099601617,1,0.0399
128,1,0.8197,0.05133167510145255,0.5352579945484218,0.9399750969116009,0.9108270469752332,-0.08380063695023227,0.2712675798895762,-0.2996421930335628,0.03883603782462078,-0.03944927365076251,0.6011425427979011,1.635885504785843,0.1603305893623992,-0.48606217785020767,0.014917895813540236,2.9420616517749996,1.4755288650955867,0.0708725487139229,0.16372932820215702,0.020871697127453515,-0.00023190079246264428,0.029856135536978384,0.00141985580506776,0.9990234375,0.0708725487139229,0.16372932820215702,0.020871697127453515,-0.00023190079246264428,0.029856135536978384,0.00141985580506776,-1.0,-0.22758737023240927,0.18960365998789627,0.9344016932048141,0.060605107835919894,0.19244251911247603,0.9024998346667857,0.0,0.0,39.28343109089704,1,0.0409
129,0,0.0,0.048065922695866306,0.5403438755150785,0.9412925894239637,0.9079913010863783,-0.07590749881134135,0.28431647904319224,-0.2982515524186815,0.040713201008546494,-0.03942334778939353,0.6099233310758414,1.6505427685600025,0.15389509009439362,-0.46725389917555915,-0.0326762646017492,2.9601252077106963,1.5115982218158952,0.10491156551348113,0.2224741415069057,0.03612017293719716,-0.00017795415782799473,0.019227386301908816,-0.0004935963909848962,0.9990234375,0.10491156551348113,0.2224741415069057,0.03612017293719716,-0.00017795415782799473,0.019227386301908816,-0.0004935963909848962,-1.0,-0.22758736958401124,0.18960366405828477,0.9344016928759705,0.060605107835919894,0.19244251911247603,0.9024998346667857,0.0,0.0,0.0,0,0.0458
130,0,0.0,0.04713983934411058,0.5408599952764342,0.9402555116636813,0.9058953216398296,-0.08436973312633494,0.28420639795753533,-0.30242707835652305,0.0399354393838984,-0.03945194682240015,0.615482929190642,1.6635444384478315,0.1450312325404379,-0.44861875467831863,-0.020153187583402735,2.9602098329303197,1.527081598156481,0.23406979636476644,0.3698992240975769,0.08553151082770416,-0.00018036967878178045,0.028943093201807185,0.002769343143336489,1.0,0.23406979636476644,0.3698992240975769,0.08553151082770416,-0.00018036967878178045,0.028943093201807185,0.002769343143336489,-1.0,-0.22758736893561254,0.18960366812867274,0.9344016925471259,0.060605107835919894,0.19244251911247603,0.9024998346667857,0.0,0.0,67.61049813031934,2,0.04
131,0,0.0,0.049007477566472564,0.5400737950871526,0.9431054073883488,0.908315560738979,-0.0917470352647804,0.2740186000895867,-0.3024221064084088,0.03958393177792291,-0.03943818834081022,0.611502306590063,1.631284154782019,0.14352697363531638,-0.490381319184485,0.00911749498116144,2.9528213453553276,1.5186177692312408,0.39616279828012846,0.5478228119982216,0.038573622740074476,-0.00011273509207565535,0.035708971018844876,0.009879328671826892,0.99267578125,0.39616279828012846,0.5478228119982216,0.038573622740074476,-0.00011273509207565535,0.035708971018844876,0.009879328671826892,-1.0,-0.227587368287218,0.18960367219906601,0.9344016922183801,0.06060510783592029,0.19244251911247448,0.9024998346668214,0.0,0.0,0.0,0,0.04
132,0,0.0,0.041198549225583185,0.5485748113371091,0.9401692131639348,0.9092297366316735,-0.08679565794395216,0.26887595564119826,-0.30573439496531274,0.039723174848823935,-0.03950156772297511,0.6209978872263905,1.6605890580851796,0.16743390992254656,-0.44571233266511223,-0.010751289552330838,2.934001921808679,1.518832681915978,0.48614598565519607,0.5977465191517781,-0.0037234239342401887,-0.003352753864759847,0.031096936659134072,0.002527643918571937,0.99365234375,0.48614598565519607,0.5977465191517781,-0.0037234239342401887,-0.003352753864759847,0.031096936659134072,0.002527643918571937,-1.0,-0.22758736763882112,0.1896036762694594,0.9344016918894594,0.0606051078359203,0.19244251911247445,0.9024998346667947,0.0,0.0,428.9255947030567,2,0.0405
133,0,0.0,0.04210772319785641,0.5481559761287402,0.9414065407601531,0.908356261134831,-0.09082669704844037,0.27066506663468515,-0.3055811441566092,0.03930423255024357,-0.039523811096123705,0.6250040204324635,1.641946354659139,0.14168554618760376,-0.47552199862706473,0.010080781858638076,2.9493449597371595,1.5276902052993488,0.51757846891635,0.6300280140029499,-0.05425807096414603,-0.00019164210989947028,0.03264208522634682,0.0006444041256148392,0.990234375,0.51757846891635,0.6300280140029499,-0.05425807096414603,-0.00019164210989947028,0.03264208522634682,0.0006444041256148392,-1.0,-0.22758736699042226,0.18960368033985153,0.9344016915605919,0.0606051078359203,0.19244251911247445,0.9024998346667875,0.0,0.0,0.0,0,0.0371
134,0,0.0,0.03695538858531222,0.5549371407955479,0.9418692839388225,0.908461543607669,-0.0870442328320295,0.27295286017760945,-0.3043314992528977,0.040505897181622647,-0.039493523831869354,0.6350177779092688,1.644096463449565,0.1386503475676578,-0.47215615733624156,-0.015381302866935806,2.952128513742888,1.5553117852935165,0.5017595067522399,0.6544268182509285,-0.08193070246171641,-7.006088855869563e-05,0.03095646860756926,-0.0013697560807563736,0.98876953125,0.5017595067522399,0.6544268182509285,-0.08193070246171641,-7.006088855869563e-05,0.03095646860756926,-0.0013697560807563736,-1.0,-0.22758736634202248,0.18960368441024278,0.9344016912317404,0.0606051078359203,0.19244251911247445,0.9024998346667857,0.0,0.0,0.0,0,0.0394
135,0,0.0,0.03444267868695772,0.5574830021714627,0.9408746076700599,0.9082612032021335,-0.095065079972394,0.26636807957840863,-0.3083379047560709,0.040161471130588454,-0.03958043270598103,0.645656620142265,1.6570012913636798,0.1247828944096237,-0.4475097010522439,0.02160142870343922,2.9360286671783964,1.5543413245161815,0.4612876165401659,0.6435411978941381,-0.14360928936661033,0.0026699450466908803,0.021826045255857546,-0.00498517365119272,0.9951171875,0.4612876165401659,0.6435411978941381,-0.14360928936661033,0.0026699450466908803,0.021826045255857546,-0.00498517365119272,-1.0,-0.22758736569362203,0.18960368848063355,0.9344016909028924,0.0606051078359203,0.19244251911247445,0.9024998346667857,0.0,0.0,80.4500158146545,2,0.0386
136,1,0.8141,0.032446128183690075,0.5600875316047511,0.9410829052692558,0.9098410970624303,-0.08485076179685269,0.274723639460738,-0.2991929949717608,0.04017269243787357,-0.03955380201300124,0.6486249887648864,1.6366353986297417,0.11099987889267768,-0.48476344199363003,-0.024764416328918303,2.954240301102276,1.5870288810884925,0.07295263951796982,0.16809296050035316,0.01873206067145572,-0.00028262673249224157,0.028919681859879726,0.0007048289318059842,0.99853515625,0.07295263951796982,0.16809296050035316,0.01873206067145572,-0.00028262673249224157,0.028919681859879726,0.0007048289318059842,-1.0,-0.22758736504522106,0.1896036925510241,0.9344016905740457,0.0606051078359203,0.19244251911247445,0.9024998346667857,0.0,0.0,0.0,0,0.0623
137,0,0.0,0.029519621984878473,0.5640267545146687,0.9417929336620985,0.9054416345431208,-0.09553420557466313,0.27355117645531724,-0.310190934524222,0.040200154244859794,-0.03956327982788803,0.6581709834737867,1.65858501710172,0.10827746016795069,-0.450684415311706,-0.001132321228630741,2.9573319398598032,1.597738111730563,0.11198644226057908,0.22500786348650348,0.03677632811703646,-0.00019325245720200335,0.018805982147214434,-0.0011481984580555549,0.99853515625,0.11198644226057908,0.22500786348650348,0.03677632811703646,-0.00019325245720200335,0.018805982147214434,-0.0011481984580555549,-1.0,-0.2275873643968196,0.18960369662141488,0.9344016902451981,0.0606051078359203,0.19244251911247445,0.9024998346667857,0.0,0.0,86.15123726671656,2,0.0571
138,0,0.0,0.030830531465980533,0.5633187540210207,0.9433506912228565,0.9079521005775246,-0.09726378076749376,0.26817575500045554,-0.30699267814983433,0.03999442477796257,-0.039548712611968434,0.6545387222076321,1.6346285811482661,0.10848272189211723,-0.48227972825003723,0.0033897362165242113,2.9509710248113104,1.5953140763026035,0.2430064827821533,0.3719637383031751,0.08684382118738276,-0.0001328644333572493,0.030090248956253035,0.000976740559666095,0.998046875,0.2430064827821533,0.3719637383031751,0.08684382118738276,-0.0001328644333572493,0.030090248956253035,0.000976740559666095,-1.0,-0.2275873637484177,0.18960370069180613,0.9344016899163502,0.0606051078359203,0.19244251911247445,0.9024998346667857,0.0,0.0,0.0,0,0.0565
139,0,0.0,0.0257091842031361,0.5679927680916979,0.9404617752229947,0.9087926884200463,-0.09884970918853231,0.26166642074103197,-0.30960502050868505,0.039942778868731134,-0.039581985724064336,0.6613029253939396,1.6556075882669923,0.1194640418315048,-0.4497731927886813,0.004795628971804054,2.9341154998054586,1.5976948495301313,0.408283821237044,0.5448198822446244,0.03520726138263808,-0.0006948756419391383,0.03730094226991257,0.009617487844998635,0.9921875,0.408283821237044,0.5448198822446244,0.03520726138263808,-0.0006948756419391383,0.03730094226991257,0.009617487844998635,-1.0,-0.22758736310001557,0.18960370476219743,0.9344016895875021,0.0606051078359203,0.19244251911247445,0.9024998346667857,0.0,0.0,304.1795595170335,2,0.067
140,0,0.0,0.02536416818683443,0.5691613552161423,0.9418342628284024,0.9084013195784308,-0.09623256809759728,0.26593865404432343,-0.30793338193609204,0.03973818725375171,-0.03956017366637958,0.6621886097841188,1.638111014732112,0.11193095721118615,-0.4801906715961318,-0.009610361279003558,2.9520288409715225,1.611088598807299,0.49456906940491707,0.5981218853709778,-0.01299874797099021,-0.0035620990140883546,0.035755793702699795,0.004320246502242331,0.9931640625,0.49456906940491707,0.5981218853709778,-0.01299874797099021,-0.0035620990140883546,0.035755793702699795,0.004320246502242331,-1.0,-0.2275873624516127,0.18960370883258934,0.9344016892586541,0.0606051078359203,0.19244251911247445,0.9024998346667857,0.0,0.0,0.0,0,0.0589
141,0,0.0,0.022966491542031682,0.5732401093351784,0.9441700749929696,0.9048328171741199,-0.10204782602007301,0.2648922811111831,-0.31732616276795644,0.03986098377110308,-0.03957159085338275,0.6692276358283983,1.6526571315297396,0.1145445904618614,-0.4547607124264564,0.008273068564772319,2.9537089356721586,1.611049951573584,0.514702293977421,0.6345324086333459,-0.05676857773918342,-0.00013447478065976848,0.03734776495376749,0.0013594309988766151,0.9921875,0.514702293977421,0.6345324086333459,-0.05676857773918342,-0.00013447478065976848,0.03734776495376749,0.0013594309988766151,-1.0,-0.22758736180320963,0.1896037129029815,0.9344016889298052,0.0606051078359203,0.19244251911247445,0.9024998346667857,0.0,0.0,0.0,0,0.0614
142,0,0.0,0.023911304197045326,0.5708528615990255,0.9417200748632101,0.9089838927990563,-0.10092116078246632,0.26173721487909585,-0.3083128805053824,0.03972864160469841,-0.03952233187170902,0.6668663478452743,1.6392152675558287,0.10658991670478761,-0.474829779795193,0.0009904004946436552,2.9419002583127445,1.619357526069405,0.49723980327677986,0.659681945319724,-0.08409886740379413,3.300133880303202e-05,0.0323143264393623,-0.0007453664167813012,0.990234375,0.49723980327677986,0.659681945319724,-0.08409886740379413,3.300133880303202e-05,0.0323143264393623,-0.0007453664167813012,-1.0,-0.22758736115480607,0.18960371697337414,0.9344016886009557,0.0606051078359203,0.19244251911247445,0.9024998346667857,0.0,0.0,0.0,0,0.0713
143,0,0.0,0.02144220747903685,0.5742310160444949,0.942539247822172,0.9067559876259934,-0.10346944981108225,0.26079866266225116,-0.31475658756216957,0.039980742212299344,-0.039526757373315374,0.6704717503110579,1.6498478374216565,0.11433016532427576,-0.4585751843928115,0.00303671896001648,2.945026467643542,1.620641769173889,0.4639583504120287,0.6510485222781315,-0.13767536426197668,0.00148795012663612,0.02365212992619989,-0.0038874563387203964,0.99365234375,0.4639583504120287,0.6510485222781315,-0.13767536426197668,0.00148795012663612,0.02365212992619989,-0.0038874563387203964,-1.0,-0.22758736050640221,0.18960372104376744,0.9344016882721059,0.0606051078359203,0.19244251911247445,0.9024998346667857,0.0,0.0,129.39471381401268,1,0.0719
144,1,0.8783,0.021068148404611138,0.574431298270784,0.9420513741275326,0.9077590016687,-0.10320494079879128,0.261233844291312,-0.3115753739963172,0.04009071007495573,-0.039528040794956455,0.67247163067429,1.6435512738210651,0.10679500024142129,-0.46890342417523,-0.0014109297436523606,2.9455165407389345,1.6314613918432077,0.06910061951047541,0.16978210848675168,0.017990320033376528,-0.00031161298393772574,0.027538412686159253,0.0008961741514112442,0.99755859375,0.06910061951047541,0.16978210848675168,0.017990320033376528,-0.00031161298393772574,0.027538412686159253,0.0008961741514112442,-1.0,-0.22758735985799797,0.1896037251141612,0.9344016879432555,0.0606051078359203,0.19244251911247445,0.9024998346667857,0.0,0.0,146.93523242167,1,0.0592
145,0,0.0,0.019919339811976702,0.5760196258125871,0.9424826621767856,0.9070489402165027,-0.10638074453727608,0.25844735539121727,-0.3148814407600081,0.040089185103451296,-0.03953039267098014,0.6728466125473843,1.6433625252468353,0.1125044106178176,-0.4686923868246562,0.001408944677165677,2.9455176359462234,1.6325669035902195,0.11111331772554711,0.22416328949330422,0.03612017293719716,-0.0002053300619709597,0.018571868727939755,-0.0009266408353547084,0.998046875,0.11111331772554711,0.22416328949330422,0.03612017293719716,-0.0002053300619709597,0.018571868727939755,-0.0009266408353547084,-1.0,-0.22758735920959353,0.1896037291845556,0.934401687614405,0.0606051078359203,0.19244251911247445,0.9024998346667857,0.0,0.0,0.0,0,0.0629
146,0,0.0,0.017271449181399265,0.5793815935377624,0.9429797037155327,0.9064189205637536,-0.1080434967064775,0.25565690110233913,-0.3183879586011769,0.040057141206229635,-0.03952214037850116,0.6763126484806757,1.6494214580697564,0.12105595861041005,-0.4578631191889391,0.0030947191722730145,2.942699255162098,1.6345565774828905,0.2421847185138879,0.3698992240975769,0.0882702454913813,-0.00015540929559261507,0.031284227394553804,0.0010673777689527986,0.9970703125,0.2421847185138879,0.3698992240975769,0.0882702454913813,-0.00015540929559261507,0.031284227394553804,0.0010673777689527986,-1.0,-0.22758735856118856,0.18960373325495042,0.9344016872855544,0.0606051078359203,0.19244251911247445,0.9024998346667856,0.0,0.0,134.09028625307295,1,0.0697
147,0,0.0,0.016933732226957716,0.5792683076821862,0.9420107331720216,0.9077636163199997,-0.10406239482725754,0.2580824402588825,-0.31389439131413605,0.04003432655932614,-0.0395420328223184,0.6770432370759469,1.639351721678445,0.11129112123869579,-0.47678598203361405,-0.00892116052592365,2.947934411802402,1.6418010305677202,0.4117763193771721,0.5436937835870252,0.03903007851735396,-0.001089813317883867,0.039080204256399964,0.009738337457380897,0.9921875,0.4117763193771721,0.5436937835870252,0.03903007851735396,-0.001089813317883867,0.039080204256399964,0.009738337457380897,-1.0,-0.2275873579127833,0.18960373732534588,0.9344016869567036,0.0606051078359203,0.19244251911247445,0.9024998346667856,0.0,0.0,87.93672493774436,2,0.0628
148,0,0.0,0.016104475417491555,0.5809074472275143,0.9433229611132854,0.9056060664152058,-0.110196890890361,0.2556389418971549,-0.31997348186338415,0.040033193006707754,-0.03952589272699788,0.6811599353638416,1.651042533467527,0.11315920621575927,-0.4548416582313863,0.011223111121541956,2.9442323362911647,1.640194564496236,0.49929421394744355,0.6022509137821741,-0.007984866542435576,-0.00398723070195546,0.03495980807716595,0.004884211360026258,0.9921875,0.49929421394744355,0.6022509137821741,-0.007984866542435576,-0.00398723070195546,0.03495980807716595,0.004884211360026258,-1.0,-0.22758735726437768,0.189603741395742,0.9344016866278527,0.0606051078359203,0.19244251911247445,0.9024998346667856,0.0,0.0,80.10681015383328,1,0.064
149,0,0.0,0.016686585558625774,0.579469933527102,0.9418580973738131,0.9086616229414421,-0.1016013727727888,0.2606132146724688,-0.3099870455070499,0.040074782682806946,-0.03952423342475278,0.6806140378817904,1.638392785822454,0.09874299049267324,-0.47707925657201444,-0.013820563466821461,2.9462161843878376,1.6511525188858105,0.5149077350444872,0.6356585072909451,-0.05191873510558853,-0.00019969384641210786,0.03589626175426461,0.0010472361668890928,0.99267578125,0.5149077350444872,0.6356585072909451,-0.05191873510558853,-0.00019969384641210786,0.03589626175426461,0.0010472361668890928,-1.0,-0.22758735661598095,0.18960374546615102,0.9344016862998239,0.060605107835922226,0.19244251911246674,0.9024998346671123,0.0,0.0,0.0,0,0.0616
150,0,0.0,0.015141378041171577,0.5820874698084839,0.9434655391819733,0.9045652220359459,-0.11095579703010072,0.25837910285994004,-0.3204540675257005,0.040096876360219594,-0.03952410494238518,0.686235919473904,1.6508283595032411,0.10045169260716408,-0.4571444258986084,0.013419960063050967,2.951944631419263,1.6516111307626025,0.49580171580731525,0.6570543817853263,-0.08563940565211248,6.118241659724966e-05,0.0325952625424919,-0.0012589772694059642,0.9912109375,0.49580171580731525,0.6570543817853263,-0.08563940565211248,6.118241659724966e-05,0.0325952625424919,-0.0012589772694059642,-1.0,-0.22758735596759938,0.18960374953658535,0.934401685970409,0.06060510783592284,0.1924425191124642,0.9024998346668835,0.0,0.0,91.63574590172801,1,0.0547
151,0,0.0,0.01597680597916956,0.5802107258725306,0.9416807661053086,0.9087965949246641,-0.10287084741999036,0.2613992714908908,-0.30850730731776643,0.04007777356224577,-0.03953801505874834,0.6850113640548892,1.640378312454372,0.08780594510943943,-0.47287854179762084,-0.01416682477455731,2.943046241682343,1.663887528771108,0.45984952907070153,0.6480455925245341,-0.13767536426197668,0.0019259645929234487,0.02618055485436621,-0.0043305715841220616,0.994140625,0.45984952907070153,0.6480455925245341,-0.13767536426197668,0.0019259645929234487,0.02618055485436621,-0.0043305715841220616,-1.0,-0.22758735531920182,0.18960375360700896,0.934401685641342,0.06060510783592298,0.19244251911246366,0.9024998346668114,0.0,0.0,97.32417770496076,1,0.0657
152,1,0.914,0.016012159709381794,0.5807697554710722,0.9428269957526776,0.9058775737887874,-0.11305943960513049,0.25865176583372707,-0.3157572619177702,0.03981701165556506,-0.039521594026930555,0.6878932190500517,1.646853601469558,0.08470347097905355,-0.46146521520811756,0.011203705273213802,2.9458071162471757,1.6689798522441794,0.07092390898068945,0.17029823703815128,0.017148729694017484,-0.00037602687603881246,0.026742427060625407,0.0009062449524430971,0.99755859375,0.07092390898068945,0.17029823703815128,0.017148729694017484,-0.00037602687603881246,0.026742427060625407,0.0009062449524430971,-1.0,-0.2275873546708004,0.18960375767742618,0.9344016853124342,0.06060510783592298,0.19244251911246366,0.902499834666792,0.0,0.0,0.0,0,0.0478
153,0,0.0,0.0156252150552392,0.5806480505283593,0.9417134919578625,0.9074431310945191,-0.10681915169808998,0.2634269301888126,-0.30942347213999943,0.03995472806635363,-0.03951904240597554,0.6920037316050506,1.6445270096813234,0.0682047905515408,-0.4672516182963752,-0.00244460851400511,2.9475146478732026,1.677610930237372,0.11360429066372679,0.22331871550010496,0.03651957174231668,-0.00025686117565182354,0.018314343966737645,-0.0006950124116220091,0.9990234375,0.11360429066372679,0.22331871550010496,0.03651957174231668,-0.00025686117565182354,0.018314343966737645,-0.0006950124116220091,-1.0,-0.22758735402239685,0.18960376174783858,0.9344016849835712,0.06060510783592298,0.19244251911246366,0.9024998346667868,0.0,0.0,0.0,2,0.0433
154,0,0.0,0.015296607046270179,0.5810073709748552,0.9416846176519449,0.9074492257858329,-0.10878015887410925,0.2641589404505561,-0.30809549467016706,0.03973140249716224,-0.03953360845926537,0.692504386369992,1.647076020229374,0.0649765972557923,-0.4615872266527932,-0.012208198367115772,2.9423578528943195,1.6957319619048836,0.24382824705041883,0.37158837208397544,0.08872670126866078,-0.00014413686447492524,0.03069894384636715,0.0010774485699846514,0.998046875,0.24382824705041883,0.37158837208397544,0.08872670126866078,-0.00014413686447492524,0.03069894384636715,0.0010774485699846514,-1.0,-0.2275873533739918,0.1896037658182476,0.9344016846547194,0.06060510783592298,0.19244251911246366,0.9024998346667857,0.0,0.0,87.04758630051337,2,0.0409
155,0,0.0,0.014757974610064645,0.5821541469713226,0.9426778629893731,0.905871916042263,-0.11363883961744264,0.26007283801831005,-0.31439530018977824,0.039651608413945244,-0.039516438353683174,0.6935553021387749,1.64383630022344,0.07177770405542719,-0.4677604125544328,0.00927472603165521,2.950473199665097,1.6823193849232514,0.41588514071849947,0.5436937835870252,0.03820275242103488,-0.0009581674259022954,0.03912702694025491,0.009617487844998635,0.99267578125,0.41588514071849947,0.5436937835870252,0.03820275242103488,-0.0009581674259022954,0.03912702694025491,0.009617487844998635,-1.0,-0.22758735272558567,0.18960376988865435,0.9344016843258686,0.06060510783592298,0.19244251911246366,0.9024998346667857,0.0,0.0,0.0,1,0.0578
156,0,0.0,0.014837581277066247,0.5817619781530694,0.9420950281466487,0.9071162053887271,-0.11170189297859556,0.2608257589778443,-0.310858167786831,0.0397145064059456,-0.03955433815091259,0.691937564260682,1.6438324977384198,0.07115164993421556,-0.46645551659828516,-0.003598387803183273,2.943050978986729,1.690878510719833,0.5060737691606335,0.6007494489053755,-0.008969099312194584,-0.0038036511094673847,0.03421064513548705,0.005246760197173073,0.99169921875,0.5060737691606335,0.6007494489053755,-0.008969099312194584,-0.0038036511094673847,0.03421064513548705,0.005246760197173073,-1.0,-0.22758735207717856,0.18960377395905978,0.9344016839970178,0.06060510783592298,0.19244251911246366,0.9024998346667857,0.0,0.0,149.527410201144,1,0.0418
157,0,0.0,0.013432141751034826,0.5839035874425337,0.9431022709636621,0.9057675491024441,-0.11140490956499677,0.25990106127403695,-0.31563512394281273,0.03991523188246091,-0.039528094747751256,0.6917769457402867,1.647918594120747,0.08587037299035481,-0.46100440858089825,-0.007291217295861317,2.948869998855679,1.683513680021763,0.5184002331846155,0.6360338735101447,-0.05522803949086508,-0.00010468335556301778,0.03561532565113501,0.0013191477947492036,0.9921875,0.5184002331846155,0.6360338735101447,-0.05522803949086508,-0.00010468335556301778,0.03561532565113501,0.0013191477947492036,-1.0,-0.2275873514287707,0.18960377802946438,0.9344016836681663,0.06060510783592298,0.19244251911246366,0.9024998346667856,0.0,0.0,0.0,0,0.0412
158,0,0.0,0.014365972831466192,0.583170241764615,0.9437708937991299,0.9058479429040566,-0.11647959783008088,0.25637610285842494,-0.3164542644821786,0.0399490497227605,-0.03955746054026891,0.6916681281217173,1.6371503811597359,0.08050496353020177,-0.47541149654484666,0.011538098081069672,2.9480095748630406,1.6818149964178675,0.4968289211426472,0.6593065791005244,-0.09037513434138733,0.00013364804521096008,0.03193974496852284,-0.001218694065278525,0.99169921875,0.4968289211426472,0.6593065791005244,-0.09037513434138733,0.00013364804521096008,0.03193974496852284,-0.001218694065278525,-1.0,-0.2275873507803623,0.18960378209986864,0.9344016833393131,0.06060510783592298,0.19244251911246366,0.9024998346667856,0.0,0.0,0.0,0,0.0404
159,0,0.0,0.007825402302423574,0.5902120293528693,0.9429304145369566,0.9058529849011667,-0.11322127501056517,0.25390138560272385,-0.3196019383853053,0.04002941608774935,-0.039566508922204785,0.6974638210019918,1.650146255086594,0.09982277087359645,-0.45699323177154205,-0.011990255041484845,2.944400824487824,1.6914502714406008,0.4596440880036351,0.6533007195933296,-0.14326694753365077,0.002264137526454102,0.02461199494522598,-0.004401067191345059,0.9951171875,0.4596440880036351,0.6533007195933296,-0.14326694753365077,0.002264137526454102,0.02461199494522598,-0.004401067191345059,-1.0,-0.2275873501319533,0.18960378617027265,0.9344016830104594,0.06060510783592298,0.19244251911246366,0.9024998346667856,0.0,0.0,225.79496077705184,2,0.0418
160,1,0.8434,0.007716767371214434,0.5907815356202506,0.9438059190689204,0.9061173349546743,-0.11742185113977399,0.25119882769528046,-0.31947242938016235,0.040007589901246705,-0.03956923690688593,0.7024540771514959,1.6360290149585643,0.08385132232471582,-0.4768119102782288,0.010912129866677944,2.9466683639495233,1.692716481851809,0.07680465952546411,0.17137741491835035,0.018760589157535756,-0.00073191362989726,0.02646149095749581,0.000523554513232577,0.9990234375,0.07680465952546411,0.17137741491835035,0.018760589157535756,-0.00073191362989726,0.02646149095749581,0.000523554513232577,-1.0,-0.2275873494835438,0.18960379024067703,0.9344016826816058,0.06060510783592298,0.19244251911246366,0.9024998346667856,0.0,0.0,0.0,0,0.0423
161,0,0.0,0.0013088096123083579,0.5972187163546547,0.9423576997961107,0.9062042662334702,-0.11469631008904341,0.25121789626687147,-0.3202001763076695,0.04000556359101174,-0.03958643926168517,0.7122228495219638,1.6484297248128317,0.0839159874471183,-0.4589949947660983,-0.005577338376496275,2.9427812190268723,1.712172575576303,0.12020408494323376,0.22238029995210573,0.036234286881516975,-0.00036716996587490836,0.0182675212828827,-0.0006950124116220091,1.0,0.12020408494323376,0.22238029995210573,0.036234286881516975,-0.00036716996587490836,0.0182675212828827,-0.0006950124116220091,-1.0,-0.22758734883513393,0.18960379431108146,0.934401682352751,0.06060510783592298,0.19244251911246366,0.9024998346667856,0.0,0.0,67.8101413084889,2,0.0396
162,0,0.0,-0.00043713361545399954,0.599875960958177,0.9437844199014329,0.9059838260426034,-0.11450421201553473,0.2517716655644856,-0.3204576739583424,0.0399748941204789,-0.03956879908753272,0.7179779452258662,1.643757401920135,0.07662448649278716,-0.4648115664835038,-0.006005273210650199,2.945846105802857,1.7207384388845623,0.2499914790624097,0.372151421412775,0.08655853632658306,-0.00023109561881139162,0.03074576653022207,0.0010472361668890928,0.99658203125,0.2499914790624097,0.372151421412775,0.08655853632658306,-0.00023109561881139162,0.03074576653022207,0.0010472361668890928,-1.0,-0.22758734818672344,0.18960379838148594,0.9344016820238955,0.06060510783592298,0.19244251911246366,0.9024998346667856,0.0,0.0,0.0,0,0.0405
163,0,0.0,-0.0016588824049030004,0.6011121119243267,0.9435874611764784,0.9062502552115417,-0.1167916356352443,0.2511872201565533,-0.31933551196928,0.03999492558345146,-0.03957839546279448,0.723872277092237,1.6376947419890444,0.06082506574005982,-0.47408143997376967,0.0036969493668025663,2.9467642701144263,1.7310111741612157,0.4238973423340876,0.5399401213950286,0.0380315815045551,-0.000301950900122569,0.04034441672048314,0.009899470273890598,0.99169921875,0.4238973423340876,0.5399401213950286,0.0380315815045551,-0.000301950900122569,0.04034441672048314,0.009899470273890598,-1.0,-0.22758734753831272,0.18960380245189107,0.9344016816950396,0.06060510783592298,0.19244251911246366,0.9024998346667856,0.0,0.0,0.0,0,0.0392
164,0,0.0,-0.006638225483809081,0.6063649642232155,0.9432969366540075,0.905549962912314,-0.11848032964734723,0.24872712297686106,-0.32260888774461033,0.04002154136203378,-0.039565125092971665,0.7327658784181011,1.6484240789359097,0.060220390484035324,-0.45653825861200625,0.0067769691148072235,2.9425656438999486,1.7419364546705887,0.5196328795870137,0.5999987164669762,-0.011151528497312269,-0.0022681849565079626,0.03636448859281391,0.0066566723416329465,0.99072265625,0.5196328795870137,0.5999987164669762,-0.011151528497312269,-0.0022681849565079626,0.03636448859281391,0.0066566723416329465,-1.0,-0.22758734688990154,0.18960380652229658,0.9344016813661832,0.06060510783592298,0.19244251911246366,0.9024998346667856,0.0,0.0,79.99321721099797,1,0.0374
165,0,0.0,-0.007205769497843212,0.6067460310112954,0.9428230105855523,0.9068456183640282,-0.1132058841815432,0.25398371569633077,-0.31671394728006813,0.04002490705540897,-0.039558024136138854,0.7364025998077816,1.6386122459448993,0.044984057132823566,-0.4744296804587124,-0.01128733016721903,2.948660729889604,1.7580115331093753,0.5245634651966063,0.6409136343597404,-0.06073403730429916,3.702720705935081e-05,0.0385183320501408,0.0021650950814251224,0.99267578125,0.5245634651966063,0.6409136343597404,-0.06073403730429916,3.702720705935081e-05,0.0385183320501408,0.0021650950814251224,-1.0,-0.22758734624149007,0.18960381059270257,0.9344016810373268,0.06060510783592298,0.19244251911246366,0.9024998346667856,0.0,0.0,0.0,0,0.039
166,0,0.0,-0.008433681788785764,0.608343815613275,0.9433780478205982,0.9060992677370275,-0.11864600928363556,0.2498042876043243,-0.32016411320131555,0.04002263480732705,-0.039542064359679226,0.7404764961967245,1.6445370591016284,0.041561091347981687,-0.4616796139320993,0.009242796595118065,2.9413619839281546,1.7564378450513658,0.4970343622097134,0.6660631710461185,-0.09579554669658152,0.00021255506303478888,0.033414659509953204,-0.000825932825036152,0.99169921875,0.4970343622097134,0.6660631710461185,-0.09579554669658152,0.00021255506303478888,0.033414659509953204,-0.000825932825036152,-1.0,-0.2275873455930782,0.18960381466310908,0.9344016807084704,0.06060510783592298,0.19244251911246366,0.9024998346667856,0.0,0.0,0.0,0,0.0389
167,0,0.0,-0.009199368084299712,0.6094172250633582,0.9438901363391948,0.9052737110826601,-0.11588011811024757,0.25365003262663327,-0.3204886381728544,0.04002359171202196,-0.03948718936865693,0.7409497594473161,1.6451449330678376,0.04375227501148643,-0.46263006358579395,-0.0064828460078392965,2.9497465524702826,1.7656616192726586,0.4612876165401659,0.6653124386077192,-0.14383751725525007,0.0011642703188282089,0.022364506120189254,-0.0040788015583256565,0.994140625,0.4612876165401659,0.6653124386077192,-0.14383751725525007,0.0011642703188282089,0.022364506120189254,-0.0040788015583256565,-1.0,-0.2275873449446658,0.189603818733516,0.9344016803796136,0.06060510783592298,0.19244251911246366,0.9024998346667855,0.0,0.0,0.0,0,0.0387
168,1,0.8249,-0.008808535939314063,0.6087841911685636,0.9434605833253131,0.9068057963425408,-0.11775331883293916,0.24958016586619242,-0.31866462688789504,0.04001934904942414,-0.0395204773273128,0.739628997486055,1.6366673417053956,0.0447231548244964,-0.4744667415122591,-0.001753484236409073,2.943444698424267,1.7614928338264793,0.07923143213018558,0.1724565927985493,0.022640463264411603,-0.0007512377975275875,0.026812661086407785,7.036846679903119e-05,0.99951171875,0.07923143213018558,0.1724565927985493,0.022640463264411603,-0.0007512377975275875,0.026812661086407785,7.036846679903119e-05,-1.0,-0.2275873442962532,0.1896038228039234,0.9344016800507561,0.06060510783592298,0.19244251911246366,0.9024998346667855,0.0,0.0,0.0,0,0.04
169,0,0.0,-0.011032440832363426,0.6111511052430636,0.9434724867497606,0.9048728555479693,-0.11921852742561095,0.25011470221696236,-0.3231635711924412,0.040022645986047656,-0.039510355230288195,0.7432395618575371,1.648460154629378,0.04672853833364358,-0.4576250677664432,0.001053908940613997,2.947208929178978,1.7666613223764756,0.12372226321674518,0.2269785361373018,0.04039944584919253,-0.0008772474739503211,0.018595280069867243,-0.0003324635744751947,1.0009765625,0.12372226321674518,0.2269785361373018,0.04039944584919253,-0.0008772474739503211,0.018595280069867243,-0.0003324635744751947,-1.0,-0.22758734364784008,0.18960382687433136,0.9344016797218981,0.06060510783592298,0.19244251911246366,0.9024998346667855,0.0,0.0,74.4192074480623,1,0.0385
170,0,0.0,-0.011471378382938678,0.6119467821608147,0.9441100287475966,0.9061482182631556,-0.11835104607872465,0.24798366377681977,-0.32154710219562543,0.040026328398664206,-0.03950018742734914,0.7419383793233105,1.640039919355454,0.05372544215996581,-0.4686405274971047,-0.00807137969691084,2.944072632118216,1.7673372758022314,0.25502478520553573,0.3779695978103699,0.08233632038674754,-0.0003486509718958475,0.029177206621081864,0.002144953479361389,0.99609375,0.25502478520553573,0.3779695978103699,0.08233632038674754,-0.0003486509718958475,0.029177206621081864,0.002144953479361389,-1.0,-0.22758734299942995,0.18960383094474395,0.934401679393112,0.06060510783592305,0.19244251911246343,0.9024998346667699,0.0,0.0,0.0,0,0.039
171,0,0.0,-0.013137362966586505,0.6136078338331818,0.9439108247205803,0.9056215630802025,-0.12157888227886715,0.24494043636663365,-0.32414864260168363,0.0400261548960675,-0.03949430571756173,0.7451777569734316,1.6377124476917726,0.05237975036346042,-0.4731653789098714,0.0034889314951321517,2.9465060002590318,1.7671895223432454,0.4282116047424812,0.541816952491027,0.033295852815280136,-0.0002769905169334036,0.04109357966216204,0.011389948826605295,0.990234375,0.4282116047424812,0.541816952491027,0.033295852815280136,-0.0002769905169334036,0.04109357966216204,0.011389948826605295,-1.0,-0.2275873423510182,0.18960383501515687,0.9344016790641988,0.06060510783592305,0.19244251911246343,0.9024998346667806,0.0,0.0,0.0,0,0.0378
172,0,0.0,-0.01731411579226877,0.6180962256788346,0.9441608638634891,0.9049006074296154,-0.12339423254768761,0.24145822019108798,-0.3280650574956607,0.04002092193192074,-0.03949818102272278,0.7506423013697462,1.646007000811319,0.05928285588169678,-0.4586643319262914,0.006192725488363483,2.9417446132489555,1.772049364456148,0.5262069937331374,0.6033770124397733,-0.015195441399147858,-0.002023009579698226,0.03968889914651408,0.009194514201660675,0.99072265625,0.5262069937331374,0.6033770124397733,-0.015195441399147858,-0.002023009579698226,0.03968889914651408,0.009194514201660675,-1.0,-0.2275873417026051,0.18960383908556935,0.9344016787353244,0.06060510783592305,0.19244251911246343,0.9024998346667837,0.0,0.0,109.44715040775961,1,0.0397
173,0,0.0,-0.020768518577729073,0.6217886776575512,0.9443948393600556,0.9050147134458622,-0.11880181937315881,0.24366169813854266,-0.32781621836079444,0.04002988826143658,-0.039473897465332204,0.7553521019752331,1.6436984271805144,0.06092454068527503,-0.4640574344047153,-0.012957009805705282,2.9486110140694657,1.7824354051107483,0.5229199366600755,0.6487963249629336,-0.06852231400413078,-2.7386685041722036e-05,0.03968889914651408,0.004098688879541484,0.9912109375,0.5229199366600755,0.6487963249629336,-0.06852231400413078,-2.7386685041722036e-05,0.03968889914651408,0.004098688879541484,-1.0,-0.2275873410541912,0.18960384315598142,0.9344016784064616,0.06060510783592305,0.19244251911246343,0.9024998346667837,0.0,0.0,0.0,0,0.0417
174,0,0.0,-0.020424191311389554,0.6222084718337654,0.946008638368705,0.9041467413459825,-0.12730210887091592,0.23717179408005848,-0.3317565120435512,0.040024324843454515,-0.0394699290500209,0.7559280131493133,1.6349973569540173,0.06052238064436793,-0.473970223681575,0.014373680486198958,2.9469396374780805,1.7775732950637195,0.4840915749845326,0.6761980589645096,-0.10538111801945127,-1.0780898770934577e-08,0.03322736877453347,8.043926783091182e-05,0.9892578125,0.4840915749845326,0.6761980589645096,-0.10538111801945127,-1.0780898770934577e-08,0.03322736877453347,8.043926783091182e-05,-1.0,-0.22758734040577677,0.18960384722639348,0.9344016780776024,0.06060510783592305,0.19244251911246343,0.9024998346667837,0.0,0.0,0.0,0,0.0412
175,0,0.0,-0.023164570088960966,0.6236916061004592,0.9432506479496242,0.9053353140129422,-0.12125157916364548,0.24051305507030685,-0.32835878866288254,0.04001424178856852,-0.03950795174324568,0.7582184961654534,1.6434959059360152,0.060637155450051855,-0.46565209257998436,-0.010996927725903294,2.9461796093968586,1.7897746585278904,0.4526590917233787,0.6765734251837092,-0.1585582160725143,4.185824896693613e-05,0.020187251320934935,-0.0024070485870375524,0.99169921875,0.4526590917233787,0.6765734251837092,-0.1585582160725143,4.185824896693613e-05,0.020187251320934935,-0.0024070485870375524,-1.0,-0.22758733975736178,0.18960385129680568,0.9344016777487432,0.06060510783592305,0.19244251911246343,0.9024998346667837,0.0,0.0,79.63656533567391,2,0.0402
176,1,0.8148,-0.0203293104058756,0.622440966986437,0.9466819795990171,0.9042861261247943,-0.12634090854345503,0.2387231808724412,-0.33062942978623305,0.04001212386731316,-0.03951657854009936,0.7562207390149661,1.638039346827981,0.057291497899855034,-0.467267242697409,0.0057049797447632795,2.9431520911486864,1.7842453578127757,0.07784470492748763,0.17287887979514893,0.024680250019129435,-0.0007842499172293904,0.026414668273640862,3.0085262671619706e-05,1.0,0.07784470492748763,0.17287887979514893,0.024680250019129435,-0.0007842499172293904,0.026414668273640862,3.0085262671619706e-05,-1.0,-0.22758733910894643,0.18960385536721844,0.9344016774198837,0.06060510783592305,0.19244251911246343,0.9024998346667837,0.0,0.0,0.0,0,0.0413
177,0,0.0,-0.018111470594810386,0.6188380381194891,0.9439645521858586,0.9043549781818312,-0.12672723275531106,0.24108674047686784,-0.32857185741046013,0.04001383156096601,-0.03949754751637965,0.7521012987718777,1.6427485260280994,0.05637619868446663,-0.46522521217785884,0.0018477136675349218,2.9460928557908366,1.78711898421508,0.12256665721449689,0.22735390235650144,0.04225379744439062,-0.0007061480730568281,0.01824410994095524,-0.00041302998273004543,1.0,0.12256665721449689,0.22735390235650144,0.04225379744439062,-0.0007061480730568281,0.01824410994095524,-0.00041302998273004543,-1.0,-0.22758733846053056,0.18960385943763128,0.9344016770910234,0.06060510783592305,0.19244251911246343,0.9024998346667837,0.0,0.0,92.89109831118286,1,0.0396
178,0,0.0,-0.0188939910830144,0.6197311449742625,0.9441444771564342,0.904551766591604,-0.12496152612783445,0.2415359679845499,-0.32837645273919464,0.040018790077372156,-0.03950445588795126,0.7523178057216003,1.6454532663220598,0.059803305404385505,-0.4605138218328559,-0.008721756213708395,2.944275456042656,1.789444108117606,0.25184044866600697,0.3772188653719706,0.08330628891346659,-0.0003381837144294242,0.028170518918200826,0.002326227897934824,0.99609375,0.25184044866600697,0.3772188653719706,0.08330628891346659,-0.0003381837144294242,0.028170518918200826,0.002326227897934824,-1.0,-0.22758733781211452,0.18960386350804462,0.9344016767621628,0.06060510783592305,0.19244251911246343,0.9024998346667837,0.0,0.0,88.23869719097863,1,0.0393
179,0,0.0,-0.018852482829014326,0.6205132486997257,0.9458393624275194,0.9033544426703756,-0.13021238900099008,0.2378502563492147,-0.3322991727539529,0.040026135600760473,-0.03949454555845416,0.7522668686546593,1.6417560502501498,0.06460772309551283,-0.4636578310156986,0.0037255030355001963,2.945656336500023,1.787040893370998,0.4238973423340876,0.5410662200526275,0.031726786080881864,-0.0002133817984835834,0.040250771352773274,0.011551081643114997,0.98974609375,0.4238973423340876,0.5410662200526275,0.031726786080881864,-0.0002133817984835834,0.040250771352773274,0.011551081643114997,-1.0,-0.22758733716369792,0.18960386757845848,0.9344016764333016,0.06060510783592305,0.19244251911246343,0.9024998346667837,0.0,0.0,0.0,0,0.0395
180,0,0.0,-0.017258570371089417,0.6185375442317724,0.9451698043421107,0.9036063989364131,-0.1294785779229108,0.2396746335104096,-0.3305856072364276,0.040022300238985814,-0.03946472267622903,0.7503619614944556,1.6424577956931277,0.060381557757147854,-0.4637466435872958,0.003529533091263895,2.9462287993808194,1.786119815132133,0.523741700928341,0.6045031110973722,-0.013683431636909549,-0.0008977794020575414,0.04193638797155083,0.01002031988627286,0.98974609375,0.523741700928341,0.6045031110973722,-0.013683431636909549,-0.0008977794020575414,0.04193638797155083,0.01002031988627286,-1.0,-0.22758733651528112,0.18960387164887288,0.9344016761044404,0.06060510783592305,0.19244251911246343,0.9024998346667839,0.0,0.0,0.0,0,0.0401
181,0,0.0,-0.014524662865002563,0.6154445001863731,0.9446783497728842,0.9043571099134178,-0.12792179432782558,0.2422106801820663,-0.32727391996726485,0.04002027456596657,-0.039465046221927244,0.7465537239683938,1.6425558278345918,0.05594859308983716,-0.4634980150080836,-0.0006310693137266484,2.943400013620235,1.7846881876605143,0.5179893510504828,0.6529253533741299,-0.06561240842397387,6.440311120230191e-05,0.041187225029871904,0.005448176217810213,0.98974609375,0.5179893510504828,0.6529253533741299,-0.06561240842397387,6.440311120230191e-05,0.041187225029871904,0.005448176217810213,-1.0,-0.22758733586686394,0.18960387571928783,0.9344016757755786,0.06060510783592305,0.19244251911246343,0.9024998346667839,0.0,0.0,0.0,0,0.0399
182,0,0.0,-0.011563246697694346,0.6120166348591332,0.9440504268794387,0.9045744817509802,-0.12794780775137682,0.24442778013674216,-0.32500680878096305,0.0400161341464229,-0.039480207958277155,0.7428026409452005,1.641615173434746,0.05046209761400632,-0.46609189646062266,0.00027113604805801715,2.9437881653419162,1.7831154395020425,0.4777229019054753,0.6822039184717044,-0.10053127538585649,1.2871997521438083e-05,0.0336955956130828,0.0004429881049777262,0.9873046875,0.4777229019054753,0.6822039184717044,-0.10053127538585649,1.2871997521438083e-05,0.0336955956130828,0.0004429881049777262,-1.0,-0.2275873352184465,0.1896038797897034,0.9344016754467167,0.06060510783592305,0.19244251911246343,0.9024998346667839,0.0,0.0,245.33431615687718,1,0.0406
183,0,0.0,-0.010419137722859878,0.611026690864576,0.9445069240325635,0.9042683625322776,-0.12808407413937428,0.24626701166754067,-0.3244160252505898,0.040022506433830714,-0.03946828005927717,0.7425589220399552,1.6396409623231225,0.04575687791871965,-0.46908404032622536,-6.400782834212746e-05,2.946743980039579,1.7861417276061065,0.44526321330898966,0.682579284690904,-0.15513479774291805,-0.00010226783460923206,0.019180563618053897,-0.0020747121529862966,0.9892578125,0.44526321330898966,0.682579284690904,-0.15513479774291805,-0.00010226783460923206,0.019180563618053897,-0.0020747121529862966,-1.0,-0.22758733457002855,0.1896038838601196,0.9344016751178548,0.06060510783592305,0.19244251911246343,0.9024998346667839,0.0,0.0,0.0,0,0.0386
184,1,0.8159,-0.011413054269930022,0.6119628014780395,0.9442644081669198,0.9042599711550056,-0.12838140608977766,0.2462637801090732,-0.3243243280167999,0.04002468825454048,-0.03946182891836809,0.7451293659447473,1.6412940854402858,0.04186793878682134,-0.4667484898622013,4.809885011926177e-05,2.9460905220811786,1.7910266580697196,0.0788975903962027,0.17316040445954872,0.02332514693033083,-0.0008212879051875122,0.026601959009060594,4.015606370347258e-05,0.99951171875,0.0788975903962027,0.17316040445954872,0.02332514693033083,-0.0008212879051875122,0.026601959009060594,4.015606370347258e-05,-1.0,-0.22758733392161043,0.1896038879305363,0.9344016747889928,0.06060510783592305,0.19244251911246343,0.9024998346667839,0.0,0.0,0.0,0,0.0424
185,0,0.0,-0.012457571473253909,0.6128564423983973,0.9438337267581418,0.9045734976260864,-0.12839866277257922,0.24680090085941758,-0.32303232984594726,0.040026332941534896,-0.0394592795874946,0.7488885509542558,1.6405561245120037,0.03413554228930555,-0.46829410524073817,0.0004518123362987194,2.945806486032125,1.7986481841719024,0.12246393668096378,0.22679085302770197,0.04048503130743242,-0.0007125894622669326,0.01840798933444751,-0.0004331715847937512,1.0009765625,0.12246393668096378,0.22679085302770197,0.04048503130743242,-0.0007125894622669326,0.01840798933444751,-0.0004331715847937512,-1.0,-0.2275873332731916,0.18960389200095343,0.9344016744601301,0.06060510783592305,0.19244251911246343,0.9024998346667839,0.0,0.0,74.50353522770371,1,0.0407
186,0,0.0,-0.011831404067378065,0.6122883477706187,0.9440253964529093,0.9042592174358393,-0.12919546944991378,0.2476786463152964,-0.32292272530028165,0.04001317970613772,-0.039451325502132095,0.7487354221282115,1.6416713787488202,0.030626459689317063,-0.4662606987443638,0.0007336162707301386,2.9456544762696915,1.8017930724874944,0.2532785361354716,0.3775942315911702,0.08227926341458769,-0.0003486509718958475,0.029364497356501595,0.0019032542545968645,0.99609375,0.2532785361354716,0.3775942315911702,0.08227926341458769,-0.0003486509718958475,0.029364497356501595,0.0019032542545968645,-1.0,-0.22758733262477274,0.18960389607137113,0.934401674131267,0.06060510783592305,0.19244251911246343,0.9024998346667839,0.0,0.0,0.0,0,0.0384
187,0,0.0,-0.012005057062442863,0.6125479690069795,0.9441799313224438,0.9042725838515938,-0.13055511652121005,0.246789338498697,-0.323019315286052,0.040020478943669134,-0.03944341170928214,0.7488168813053745,1.6400137928917715,0.0322224739939322,-0.46840825493212995,-0.0007310444510202259,2.9454531085495006,1.8056985955366656,0.4275952815412821,0.5425676849294263,0.03286792552408058,-0.00026330256486192805,0.04160862918456629,0.01145037363279644,0.98974609375,0.4275952815412821,0.5425676849294263,0.03286792552408058,-0.00026330256486192805,0.04160862918456629,0.01145037363279644,-1.0,-0.22758733197635322,0.18960390014178943,0.9344016738024034,0.06060510783592305,0.19244251911246343,0.9024998346667839,0.0,0.0,0.0,0,0.0404
188,0,0.0,-0.013054253761525678,0.6136809873287431,0.9442303766019013,0.9039193164517543,-0.13297466180893674,0.24343321901179005,-0.3255577929396703,0.04000822909475886,-0.03948850820989702,0.7483665493232196,1.640362475563486,0.04005791357957593,-0.46787816730701454,0.003241924640330293,2.9446520097968225,1.8028023000323234,0.5241525830624737,0.6052538435357715,-0.01474611774338841,-0.0013277421318322324,0.040438062088193005,0.009476496630552639,0.990234375,0.5241525830624737,0.6052538435357715,-0.01474611774338841,-0.0013277421318322324,0.040438062088193005,0.009476496630552639,-1.0,-0.22758733132793363,0.1896039042122083,0.9344016734735396,0.06060510783592305,0.19244251911246343,0.9024998346667839,0.0,0.0,118.5039853283969,1,0.0373
189,0,0.0,-0.011467233468909266,0.611953889265652,0.9441297533072255,0.9041231106033767,-0.13095291165707823,0.2479957663452735,-0.32235203687308556,0.040015510673650036,-0.03949921240012546,0.7495907884752199,1.641744132114307,0.024942323770907247,-0.46556359546258036,0.0001885834734816664,2.9445358496161798,1.8095122382651183,0.5196328795870137,0.6514238884973313,-0.06658237695069291,6.118241659724966e-05,0.040953111610597254,0.0048640697579625525,0.990234375,0.5196328795870137,0.6514238884973313,-0.06658237695069291,6.118241659724966e-05,0.040953111610597254,0.0048640697579625525,-1.0,-0.22758733067951342,0.1896039082826278,0.9344016731446751,0.06060510783592305,0.19244251911246343,0.9024998346667839,0.0,0.0,0.0,0,0.0375
190,0,0.0,-0.009340768152941353,0.6093464596478904,0.9434298347138887,0.9046978875351848,-0.1299135077499226,0.25202616767282676,-0.3180047540550797,0.040017037225843634,-0.03950778811830247,0.7496152408530932,1.6405516738156956,0.0100216647880379,-0.4687545774684424,-0.0027650052764124087,2.944686794340706,1.8176460126295517,0.4799827536432052,0.6807024535949058,-0.10195769968985502,4.185824896693613e-05,0.03388288634850253,0.00025164288537246615,0.98779296875,0.4799827536432052,0.6807024535949058,-0.10195769968985502,4.185824896693613e-05,0.03388288634850253,0.00025164288537246615,-1.0,-0.22758733003109322,0.18960391235304788,0.9344016728158107,0.06060510783592305,0.19244251911246343,0.9024998346667839,0.0,0.0,151.00842299731954,1,0.0386
191,0,0.0,-0.006928435310426681,0.6066076337410319,0.9431219054547562,0.9046855876983002,-0.12941464647991963,0.2552150957244876,-0.31569144999793475,0.040020459329324326,-0.03949295499505175,0.747667512302226,1.642725605717669,0.0020990062798623313,-0.46570761446507897,-0.003335828190886287,2.944710811415767,1.8194749911623547,0.4518373274551132,0.6814531860333051,-0.15422188618835897,-4.671085267204944e-05,0.020280896688644773,-0.0018833669333810366,0.98974609375,0.4518373274551132,0.6814531860333051,-0.15422188618835897,-4.671085267204944e-05,0.020280896688644773,-0.0018833669333810366,-1.0,-0.2275873293826724,0.1896039164234686,0.9344016724869459,0.06060510783592305,0.19244251911246343,0.9024998346667839,0.0,0.0,134.57314688342902,1,0.044
192,1,0.8222,-0.004465990194752717,0.6038202907669231,0.9428727690649624,0.9045712818071205,-0.12875871082848173,0.25747876687193866,-0.31444661729094037,0.04002221058935978,-0.03947280955664737,0.7438876214707623,1.644007186273364,0.0004100426076197658,-0.46458849005310404,-0.004275446760052058,2.9456902624961696,1.8160747264226427,0.07837114766184516,0.17011055392855134,0.02154211655033278,-0.0008836888631604256,0.027257476583029655,0.00015093487505388192,0.9990234375,0.07837114766184516,0.17011055392855134,0.02154211655033278,-0.0008836888631604256,0.027257476583029655,0.00015093487505388192,-1.0,-0.2275873287342515,0.18960392049388983,0.9344016721580812,0.06060510783592305,0.19244251911246343,0.9024998346667839,0.0,0.0,77.38347125726791,1,0.0404
193,0,0.0,-0.0017505321411867142,0.600956293626438,0.9430665155105002,0.9047509588193435,-0.12781015642905075,0.25927576827834814,-0.31283596726196744,0.040022352699501176,-0.039464652838082884,0.7396531581700834,1.6435014330122497,-0.0004143018434645971,-0.4651200598230645,-0.004503517177802433,2.944986357449857,1.810234795172459,0.12088460847789106,0.2247263388221037,0.040171217960552785,-0.0010177502760957968,0.018805982147214434,-0.00046338398788933755,1.0,0.12088460847789106,0.2247263388221037,0.040171217960552785,-0.0010177502760957968,0.018805982147214434,-0.00046338398788933755,-1.0,-0.22758732808582993,0.1896039245643116,0.9344016718292165,0.06060510783592305,0.19244251911246343,0.9024998346667839,0.0,0.0,0.0,0,0.0397
194,0,0.0,0.0003192546438583188,0.5985982654790439,0.9429011300121046,0.9050414060736441,-0.12790569434132582,0.2584336414801539,-0.31265354563575654,0.04002173113048826,-0.03944160720382577,0.7342412432741409,1.641383539443836,0.006630357762369902,-0.46856290693143093,-0.0024668066263233528,2.9452791865132975,1.799044085868556,0.25173772813247386,0.3740282525087735,0.08484682716178504,-0.0003470406245933283,0.030066837614325576,0.001943537458724276,0.99560546875,0.25173772813247386,0.3740282525087735,0.08484682716178504,-0.0003470406245933283,0.030066837614325576,0.001943537458724276,-1.0,-0.2275873274374082,0.18960392863473394,0.934401671500351,0.06060510783592305,0.19244251911246343,0.9024998346667839,0.0,0.0,0.0,0,0.0404
195,0,0.0,0.0033077186043918433,0.595711880964246,0.9437436594977064,0.9044224846203933,-0.12896907032373228,0.25813393219443387,-0.3142512072574182,0.04000647700074072,-0.03943388755068747,0.7274119320499437,1.6425526147754712,0.014921697910175977,-0.4651223924916659,0.002799762230664196,2.9451676315459663,1.78569231801581,0.4286224868766141,0.5391893889566293,0.03600605899287723,-0.0003325474988705862,0.04268555091322973,0.011389948826605295,0.9892578125,0.4286224868766141,0.5391893889566293,0.03600605899287723,-0.0003325474988705862,0.04268555091322973,0.011389948826605295,-1.0,-0.2275873267889859,0.18960393270515682,0.9344016711714849,0.06060510783592305,0.19244251911246343,0.9024998346667839,0.0,0.0,0.0,0,0.0464
196,0,0.0,0.00789739708966046,0.590286551085981,0.9432108122249436,0.9040654436393073,-0.13121995939326458,0.25811567082944287,-0.31436172850135236,0.040031126039229196,-0.03935271656163714,0.7174404135493888,1.6443237218811748,0.02458588630350255,-0.46311539733798046,0.006827095435034301,2.9449085570696694,1.7731707182228789,0.523741700928341,0.5999987164669762,-0.01455355046234863,-0.0023640006210083053,0.03987618988193381,0.008650690945940454,0.99072265625,0.523741700928341,0.5999987164669762,-0.01455355046234863,-0.0023640006210083053,0.03987618988193381,0.008650690945940454,-1.0,-0.2275873261405635,0.18960393677558024,0.9344016708426186,0.06060510783592305,0.19244251911246343,0.9024998346667839,0.0,0.0,0.0,0,0.039
197,0,0.0,0.009729613940990249,0.5879974539728691,0.9428068293894374,0.9042924605471198,-0.12856559749301227,0.2587434217423513,-0.3142894758721002,0.04001748090746547,-0.03935367197744349,0.7089569186678736,1.6461332001294697,0.04224214030558651,-0.46182930804393224,-0.007653869170707829,2.9459591087249666,1.7631165387879337,0.5225090545259427,0.6461687614285359,-0.06464243989725493,-3.302290060057389e-05,0.039735721830369025,0.0033735912052478556,0.99169921875,0.5225090545259427,0.6461687614285359,-0.06464243989725493,-3.302290060057389e-05,0.039735721830369025,0.0033735912052478556,-1.0,-0.2275873254921406,0.18960394084600415,0.9344016705137518,0.06060510783592305,0.19244251911246343,0.9024998346667839,0.0,0.0,77.61639700756072,1,0.0404
198,0,0.0,0.010782002053593635,0.5876765289374706,0.9445134805328758,0.9036541788832398,-0.1314216254857402,0.2544608017376112,-0.3184135388462531,0.04002229480569974,-0.03935320539750282,0.7045876298580848,1.643140840534993,0.056629449523074256,-0.46359975100206796,0.0016968800925974909,2.945191744636654,1.7472500311125236,0.4877895141917271,0.6716936643341136,-0.100074819608577,2.092373403407566e-05,0.032712319252129224,-0.00023175556415663823,0.99072265625,0.4877895141917271,0.6716936643341136,-0.100074819608577,2.092373403407566e-05,0.032712319252129224,-0.00023175556415663823,-1.0,-0.22758732484371758,0.18960394491642873,0.9344016701848848,0.06060510783592305,0.19244251911246343,0.9024998346667839,0.0,0.0,0.0,0,0.0429
199,0,0.0,0.012647759233235328,0.5853624299125884,0.9441676639571702,0.9033179528146439,-0.1333102030142862,0.25440179505874205,-0.3186295538175004,0.040023632112745414,-0.03939518267196418,0.7010133558365558,1.6429121852315156,0.05805588702695355,-0.46459768131806684,0.007409572594528143,2.946279841091165,1.7436240189414287,0.4612876165401659,0.674696594087711,-0.14805973319508559,3.20991370628132e-06,0.02058524413370183,-0.00209485375505003,0.9921875,0.4612876165401659,0.674696594087711,-0.14805973319508559,3.20991370628132e-06,0.02058524413370183,-0.00209485375505003,-1.0,-0.22758732419529396,0.18960394898685404,0.9344016698560175,0.06060510783592305,0.19244251911246343,0.9024998346667839,0.0,0.0,0.0,0,0.0393
200,1,0.8351,0.015710275306276833,0.5811832758088579,0.9429325583762187,0.9045047111421123,-0.12871058150878945,0.2585080044989482,-0.3138127233548119,0.040025046040809795,-0.03940354478031615,0.6940289667342541,1.6447570944180756,0.05954230429788276,-0.4635547178057514,-0.009169478292614629,2.944757667832626,1.7407281088614672,0.07369736338608535,0.16593460473995503,0.01809016973465649,-0.0004251424687658767,0.02692971779604511,0.0006444041256148392,0.99755859375,0.07369736338608535,0.16593460473995503,0.01809016973465649,-0.0004251424687658767,0.02692971779604511,0.0006444041256148392,-1.0,-0.22758732354687028,0.18960395305727987,0.93440166952715,0.06060510783592305,0.19244251911246343,0.9024998346667839,0.0,0.0,70.8959336033595,1,0.0391
201,0,0.0,0.01681699403586817,0.5802743897930741,0.943663388829501,0.9035564802442443,-0.13315736814209184,0.25415741425795935,-0.31821189653407195,0.04002541334894608,-0.039408974628996014,0.6896838984778899,1.6443067653721577,0.0725125798279354,-0.46332927723386,0.002387344992521116,2.9443099838681093,1.7274850069270988,0.11540190000055739,0.21843895465050922,0.0367192711448765,-0.0002624973912106615,0.018782570805286974,-0.0012489064683741113,0.9990234375,0.11540190000055739,0.21843895465050922,0.0367192711448765,-0.0002624973912106615,0.018782570805286974,-0.0012489064683741113,-1.0,-0.22758732289844594,0.18960395712770634,0.9344016691982825,0.06060510783592305,0.19244251911246343,0.9024998346667839,0.0,0.0,0.0,0,0.0394
202,0,0.0,0.01687628427485449,0.5803127012825705,0.9438688155746364,0.9031134608454225,-0.13530378184196012,0.25138903368693616,-0.3207530470642711,0.04002507624955053,-0.03942428368809054,0.6869587760106424,1.643218964156283,0.08345260823680968,-0.4648565443636459,0.0072990588979864775,2.9442888632621407,1.7211549528236187,0.24382824705041883,0.36708397745357946,0.09095192318289835,-0.00010790405016807003,0.032009978994305244,0.00043291730394587336,0.99658203125,0.24382824705041883,0.36708397745357946,0.09095192318289835,-0.00010790405016807003,0.032009978994305244,0.00043291730394587336,-1.0,-0.22758732225002143,0.18960396119813325,0.934401668869415,0.06060510783592305,0.19244251911246343,0.9024998346667839,0.0,0.0,91.14326826406514,1,0.0396
203,0,0.0,0.014933193700710772,0.5823966391060171,0.9435309780968615,0.9036212284735328,-0.13077060635712795,0.2526639677635087,-0.32020094215815825,0.04002286849059783,-0.03943711714017538,0.6874518426300771,1.6423343185870365,0.0898923481923834,-0.4683517962488131,-0.00941768500493108,2.9477392488572867,1.7234152863005672,0.419583079925694,0.5365618254222315,0.03863067971223444,-0.0007786137016705386,0.04170227455227615,0.010342585519292263,0.99169921875,0.419583079925694,0.5365618254222315,0.03863067971223444,-0.0007786137016705386,0.04170227455227615,0.010342585519292263,-1.0,-0.22758732160159637,0.1896039652685607,0.9344016685405467,0.06060510783592305,0.19244251911246343,0.9024998346667839,0.0,0.0,31.881370344206864,1,0.0388
204,0,0.0,0.014523523775507523,0.5829816655122799,0.9437431837336678,0.9035804846853711,-0.13368610415794224,0.24795293644288632,-0.32278425389131116,0.04000841814093541,-0.03944795153261649,0.6862814679766492,1.6430604198688534,0.0998440786755824,-0.46564459088465443,-0.0007880469091401153,2.9432637509136192,1.7140321768560958,0.5062792102277,0.5947435893981807,-0.009250818112234271,-0.0025113473991895258,0.03828421863086612,0.006495539525123245,0.99169921875,0.5062792102277,0.5947435893981807,-0.009250818112234271,-0.0025113473991895258,0.03828421863086612,0.006495539525123245,-1.0,-0.2275873209531712,0.18960396933898888,0.9344016682116778,0.06060510783592305,0.19244251911246343,0.9024998346667839,0.0,0.0,158.72472249706044,1,0.039
205,0,0.0,0.013688545312987244,0.5843568682554383,0.9445400282862528,0.9026737015361026,-0.13588916663493356,0.24501182294063287,-0.3266244472872192,0.04001463303250307,-0.039430807625084816,0.685782102678463,1.641497846948126,0.10917154772988724,-0.46761775528683097,0.0072208125913632935,2.9448656264326294,1.707788324613616,0.5157294993127527,0.6382860708253426,-0.04801033251263276,6.601345850483498e-05,0.03968889914651408,0.0021650950814251224,0.9921875,0.5157294993127527,0.6382860708253426,-0.04801033251263276,6.601345850483498e-05,0.03968889914651408,0.0021650950814251224,-1.0,-0.22758732030474543,0.18960397340941748,0.9344016678828088,0.06060510783592305,0.19244251911246343,0.9024998346667839,0.0,0.0,45.17742717673971,1,0.0389
206,0,0.0,0.012345449387264,0.5862069398414421,0.9451357100978895,0.9030534764097992,-0.1332215968554516,0.24582919752554871,-0.3260589371868278,0.040010946527737005,-0.03941950228165545,0.6872636947178051,1.6411612376250415,0.11249441420770258,-0.4671624476061326,-0.0026585810093879367,2.9444959635294956,1.7118709513387442,0.4976506854109125,0.6626848750733214,-0.07622500524572251,0.0001980619373120468,0.03308690072296869,-0.0006144460033671584,0.9912109375,0.4976506854109125,0.6626848750733214,-0.07622500524572251,0.0001980619373120468,0.03308690072296869,-0.0006144460033671584,-1.0,-0.22758731965631945,0.18960397747984659,0.9344016675539393,0.06060510783592305,0.19244251911246343,0.9024998346667839,0.0,0.0,0.0,0,0.0399
207,0,0.0,0.01014885508512662,0.5884909517672859,0.9446928457219839,0.9031011360382242,-0.13293170882700728,0.24388886725720543,-0.32749918977425946,0.04001661566613444,-0.03941825219970892,0.6891975530164653,1.6420938410119004,0.1174912784263786,-0.4670012350838425,-0.006462156148536011,2.944994085622604,1.7125338359852607,0.46971070028988693,0.659681945319724,-0.1268345395515883,0.0011578289296180905,0.02479928568064571,-0.0031220754602993284,0.9931640625,0.46971070028988693,0.659681945319724,-0.1268345395515883,0.0011578289296180905,0.02479928568064571,-0.0031220754602993284,-1.0,-0.227587319007893,0.18960398155027638,0.9344016672250693,0.06060510783592305,0.19244251911246343,0.9024998346667839,0.0,0.0,306.1197356140098,1,0.0464
208,1,0.8177,0.009406440271505813,0.5893321791430288,0.9446865713256949,0.9024120932089936,-0.13569899957318643,0.24111189668661037,-0.3303078092040557,0.0399791187592921,-0.039477330047273176,0.6898087117674346,1.6426217024731993,0.12086289869594553,-0.46691954835905136,0.0034100872025797707,2.9459492352800543,1.7079614810162802,0.07463468825457564,0.17452110700414758,0.018375454595456087,-0.0004235321214633575,0.026344434247858484,0.0006645457276785449,0.99853515625,0.07463468825457564,0.17452110700414758,0.018375454595456087,-0.0004235321214633575,0.026344434247858484,0.0006645457276785449,-1.0,-0.22758731835946638,0.1896039856207068,0.9344016668961993,0.06060510783592305,0.19244251911246343,0.9024998346667839,0.0,0.0,151.052742923411,1,0.0405
209,0,0.0,0.008076472092848529,0.590744997266914,0.9445008781735441,0.9024330401079292,-0.1367959898162685,0.2402759269162889,-0.33040723998766314,0.040056180073111465,-0.03942213403755622,0.6932390985852362,1.6421491424150738,0.1175094182737012,-0.4673248940134703,0.006027805453026375,2.945402035594737,1.7141435369919564,0.11949788127519312,0.2274477439113013,0.036319872339756865,-0.0003188595467990968,0.01754176968313126,-0.00041302998273004543,1.0,0.11949788127519312,0.2274477439113013,0.036319872339756865,-0.0003188595467990968,0.01754176968313126,-0.00041302998273004543,-1.0,-0.22758731771103924,0.18960398969113776,0.934401666567329,0.06060510783592305,0.19244251911246343,0.9024998346667839,0.0,0.0,156.09813885577995,1,0.0384
210,0,0.0,0.006691965743124188,0.5926912759196538,0.9452592149607084,0.9026097734073187,-0.13488678746016786,0.2426022121886689,-0.32900656248687143,0.04004270323304323,-0.03941848804515675,0.6981641566312587,1.6418926330439116,0.10906712317431255,-0.46638439336728493,8.409284268667957e-05,2.9456981746379807,1.725519077298563,0.2512241254648079,0.3774065484815705,0.08507505505042467,-0.0001948628045045364,0.0288026251502424,0.0018226878463420138,0.998046875,0.2512241254648079,0.3774065484815705,0.08507505505042467,-0.0001948628045045364,0.0288026251502424,0.0018226878463420138,-1.0,-0.22758731706261195,0.1896039937615693,0.9344016662384588,0.06060510783592305,0.19244251911246343,0.9024998346667839,0.0,0.0,0.0,0,0.0398
211,0,0.0,0.00548334483347402,0.5931714736029587,0.9435289167896235,0.9036902940363182,-0.132881662898156,0.2447421879640991,-0.3252500231522174,0.04001815354586586,-0.039458783468667755,0.7021262094931746,1.642899353692897,0.09588872211133527,-0.46679537833857243,-0.007457445690399655,2.944654206360807,1.7375442784717756,0.422459254864623,0.542943051148626,0.034494049230638923,-0.00029953537916878326,0.03748823300533227,0.009818903865635747,0.9921875,0.422459254864623,0.542943051148626,0.034494049230638923,-0.00029953537916878326,0.03748823300533227,0.009818903865635747,-1.0,-0.22758731641419744,0.18960399783201815,0.9344016659098009,0.06060510783592411,0.19244251911245916,0.9024998346668622,0.0,0.0,446.8038690705276,2,0.0385
212,0,0.0,0.009213408804601746,0.5900739246678934,0.9457144925766687,0.9032091106073243,-0.13374269837916852,0.24871975581640104,-0.3232099568590266,0.039999577921518724,-0.03948140387134017,0.701208836942,1.6400085145432954,0.07939157254849226,-0.46728019916828817,-0.0014503181279666541,2.944619902592751,1.7402283529229714,0.5157294993127527,0.6037523786589729,-0.014881628052268225,-0.0031740053141793567,0.03346148219380812,0.005649592238447326,0.99169921875,0.5157294993127527,0.6037523786589729,-0.014881628052268225,-0.0031740053141793567,0.03346148219380812,0.005649592238447326,-1.0,-0.22758731576577548,0.18960400190246418,0.9344016655807651,0.06060510783592422,0.19244251911245872,0.9024998346668058,0.0,0.0,0.0,0,0.0595
213,0,0.0,0.010969143365752915,0.5874330289637228,0.944453715570404,0.9029054371405788,-0.1381594933109056,0.2479857011312733,-0.32276433821672956,0.04001680729179181,-0.039445335298712025,0.6991032922472032,1.6409771305719854,0.07571285074648615,-0.46681234936704946,0.006655529530147932,2.9435409399311094,1.7440068031647225,0.5233308187942082,0.6409136343597404,-0.06555535145181401,-5.395741553342048e-05,0.03584943907040966,0.0015809886215774616,0.9931640625,0.5233308187942082,0.6409136343597404,-0.06555535145181401,-5.395741553342048e-05,0.03584943907040966,0.0015809886215774616,-1.0,-0.22758731511735017,0.189604005972907,0.9344016652518476,0.06060510783592422,0.19244251911245872,0.9024998346667905,0.0,0.0,0.0,0,0.0428
214,0,0.0,0.009910945267780087,0.5890669365391736,0.9452915912127262,0.9031636839699984,-0.1351836611815353,0.2514476578238516,-0.32061630195951546,0.04001960857604359,-0.03939969770514903,0.7041958581637168,1.6395822541777365,0.06532518678905812,-0.46752162157786764,-0.0007081848943006543,2.944590548074451,1.7554362920487203,0.4941581872707844,0.6653124386077192,-0.10406880765977267,0.0001916205481019284,0.031518340813828455,-0.0011179860549599685,0.99267578125,0.4941581872707844,0.6653124386077192,-0.10406880765977267,0.0001916205481019284,0.031518340813828455,-0.0011179860549599685,-1.0,-0.22758731446892336,0.18960401004334768,0.9344016649229657,0.06060510783592422,0.19244251911245872,0.9024998346667864,0.0,0.0,0.0,0,0.0392
215,0,0.0,0.005670079106660328,0.5928722878262306,0.9433524308695679,0.9037660870110281,-0.13445518518161564,0.25009012155718524,-0.3202867375431955,0.04002810999465008,-0.039465738514073506,0.711103501989694,1.6419210574861038,0.06103856421425412,-0.46710831243567263,-0.005955871743182449,2.9448138695679926,1.7665011002185038,0.45019379891858236,0.6589312128813247,-0.16084049495891195,0.002293123777899586,0.021849456597785005,-0.005327580886275829,0.99560546875,0.45019379891858236,0.6589312128813247,-0.16084049495891195,0.002293123777899586,0.021849456597785005,-0.005327580886275829,-1.0,-0.2275873138204956,0.1896040141137869,0.9344016645940931,0.06060510783592422,0.19244251911245872,0.9024998346667856,0.0,0.0,105.2832736747072,1,0.0373
216,1,0.7901,0.008439342742528937,0.5908539100012004,0.9455234792660285,0.9030847858327051,-0.13499125403782075,0.2529504658933949,-0.319736286234621,0.04000017384108423,-0.03953050481113366,0.709008956054624,1.6397908327513988,0.05282688529893557,-0.4672857042400187,-0.0036063541020269056,2.945496977502798,1.767313500988084,0.07586733465697382,0.16879677216135258,0.018161490949856418,-0.0005265943488250713,0.027046774505682464,0.000654474926646692,0.99853515625,0.07586733465697382,0.16879677216135258,0.018161490949856418,-0.0005265943488250713,0.027046774505682464,0.000654474926646692,-1.0,-0.22758731317206693,0.18960401818422526,0.934401664265222,0.06060510783592422,0.19244251911245872,0.9024998346667855,0.0,0.0,0.0,0,0.0424
217,0,0.0,0.012128620204430979,0.5859588360598292,0.9441661129795879,0.9034045990359716,-0.13595570555245173,0.2557862078313734,-0.31614805463838497,0.04000698877783193,-0.03946351007503563,0.7053119936883173,1.6404864200385485,0.042784422850235454,-0.46783808689059647,-0.0016656111651085373,2.9454000296941762,1.768797270008706,0.11888155807399403,0.2205034688561074,0.03660515720055657,-0.00037361135508501286,0.018876216172996813,-0.0006950124116220091,1.0,0.11888155807399403,0.2205034688561074,0.03660515720055657,-0.00037361135508501286,0.018876216172996813,-0.0006950124116220091,-1.0,-0.22758731252363765,0.1896040222546629,0.9344016639363509,0.06060510783592422,0.19244251911245872,0.9024998346667855,0.0,0.0,0.0,0,0.0551
218,0,0.0,0.01132843266612292,0.5862983602247719,0.9430429681294673,0.9032044851361967,-0.1382814961919306,0.25325299263912737,-0.31774645168766835,0.04000590180797008,-0.03944966639742963,0.7044651490738745,1.6424236902719227,0.05025523393273904,-0.4669437288686877,-0.0014803888603958906,2.9449621174515532,1.7691778736378476,0.2463962603887484,0.36783470989197875,0.08901198612946049,-0.00021499214578611647,0.031073525317206613,0.0008256785441882464,0.99609375,0.2463962603887484,0.36783470989197875,0.08901198612946049,-0.00021499214578611647,0.031073525317206613,0.0008256785441882464,-1.0,-0.22758731187520778,0.18960402632510065,0.9344016636074786,0.06060510783592422,0.19244251911245872,0.9024998346667855,0.0,0.0,294.3735391565606,2,0.0401
219,0,0.0,0.01241148704828654,0.585436385391868,0.9437825692260249,0.9030468515841092,-0.13765314256056593,0.25448579641746044,-0.3174822445570746,0.040003525885361546,-0.039474459241006614,0.7028851040454885,1.6429385841414637,0.04959581828131018,-0.46488819495866307,-0.0030774487170933894,2.9449239925584867,1.767933122432242,0.4210211673951586,0.5346849943262331,0.04196851258359091,-0.0006731359533550252,0.04128087039758177,0.009456355028488933,0.99169921875,0.4210211673951586,0.5346849943262331,0.04196851258359091,-0.0006731359533550252,0.04128087039758177,0.009456355028488933,-1.0,-0.22758731122677767,0.18960403039553847,0.9344016632786059,0.06060510783592422,0.19244251911245872,0.9024998346667854,0.0,0.0,0.0,0,0.0666
