step,query,infer_s,eef_x,eef_y,eef_z,eef_qx,eef_qy,eef_qz,eef_qw,gripper_q0,gripper_q1,joint_0,joint_1,joint_2,joint_3,joint_4,joint_5,joint_6,act_raw_0,act_raw_1,act_raw_2,act_raw_3,act_raw_4,act_raw_5,act_raw_6,act_env_0,act_env_1,act_env_2,act_env_3,act_env_4,act_env_5,act_env_6,akita_black_bowl_1_x,akita_black_bowl_1_y,akita_black_bowl_1_z,plate_1_x,plate_1_y,plate_1_z,force_akita_black_bowl_1,force_plate_1,force_other,n_contacts,sim_s
0,1,0.806,-0.21170816319284716,-0.004376855328755385,1.1644428772173472,0.9995823085913156,-0.000747885857131203,-0.028889367835741062,-0.00023117969247461387,0.03872396470468339,-0.03872162260627667,-0.017414078326806106,-0.1554273440668152,0.007632276796708945,-2.464076850398276,0.0014250951229854319,2.2508678238646507,0.776531169314032,0.10792256115267262,-0.05163704006365499,0.1128047435201549,-0.0022375883577599454,0.01089294857573092,-0.0015006764941705164,0.984375,0.10792256115267262,-0.05163704006365499,0.1128047435201549,-0.0022375883577599454,0.01089294857573092,-0.0015006764941705164,-1.0,0.09003590328326926,-0.13349076803027007,1.0625599683749658,0.046570160266287415,0.18769464513799847,0.9024995673059236,0.0,0.0,0.0,0,0.0386
1,0,0.0,-0.21130421523340148,-0.004646808780716519,1.1649198070036595,0.9995957940628523,-0.000726369732703458,-0.028420355539921185,-6.534409171916541e-05,0.03883709707449373,-0.03885299504408592,-0.01637345223294742,-0.15549688248772123,0.006066669808084613,-2.4628812911735642,0.0006496252973485362,2.2505884982573967,0.7765268488866217,0.21599098246292636,-0.13065162920518603,0.14053443198988536,-0.0004968029237283345,0.03327419145838842,-0.001208623264246672,0.98681640625,0.21599098246292636,-0.13065162920518603,0.14053443198988536,-0.0004968029237283345,0.03327419145838842,-0.001208623264246672,-1.0,0.09003590319640273,-0.13349076821287423,1.0625599683749969,0.04657016027546151,0.18769464516800663,0.9024997617621902,0.0,0.0,0.0,0,0.039
2,0,0.0,-0.21025793934275355,-0.005623346599249377,1.165762778418787,0.9996132345684876,-0.0010642531595465021,-0.027788688536383797,0.00019346877128204043,0.03889352297636958,-0.038933180462480184,-0.01576607872191043,-0.15435826337568742,0.003431729208460089,-2.4594325241974233,-0.0006496144857608976,2.2495309322338946,0.7760829131714482,0.38075471825015106,-0.2340650225946958,0.1533151937537116,0.0001851791588918239,0.05448486724467261,2.0014461639766834e-05,0.98583984375,0.38075471825015106,-0.2340650225946958,0.1533151937537116,0.0001851791588918239,0.05448486724467261,2.0014461639766834e-05,-1.0,0.09003590315807732,-0.133490768293439,1.0625599683749973,0.046570160277610975,0.18769464517695003,0.9024998147869767,0.0,0.0,0.0,0,0.0382
3,0,0.0,-0.2081491071097763,-0.007638720704802014,1.1664887751551543,0.9996297741997779,-0.0015654728598841205,-0.027158526966529435,0.0005274855758277616,0.038938689799708555,-0.03899045055533818,-0.015721344502993985,-0.14979202304275394,-0.0008359367360459584,-2.4525997509994113,-0.002587031246518817,2.248534853754118,0.7741908802194903,0.6055072456207541,-0.2639066370210697,0.21767545835012259,-0.00019727832545832213,0.06188285129375182,-0.0018732961323491837,0.9873046875,0.6055072456207541,-0.2639066370210697,0.21767545835012259,-0.00019727832545832213,0.06188285129375182,-0.0018732961323491837,-1.0,0.09003590314116822,-0.13349076832898402,1.0625599683749973,0.04657016027810231,0.18769464517959292,0.9024998292459088,0.0,0.0,0.0,0,0.0379
4,0,0.0,-0.20418738393353078,-0.010521459005910914,1.1672860955211815,0.9996599668291752,-0.0020504020839072212,-0.02598077273209856,0.0008637236991986784,0.03898234234306014,-0.039035774237481814,-0.016074918184033067,-0.14039435806438316,-0.006402421488539397,-2.4403893063434805,-0.004745583312225721,2.2481574330902374,0.7707040891182584,0.7143910111659276,-0.26672188366506727,0.2677714799065489,-0.0011691229225333222,0.05205008768421615,-0.00139996848385196,0.98583984375,0.7143910111659276,-0.26672188366506727,0.2677714799065489,-0.0011691229225333222,0.05205008768421615,-0.00139996848385196,-1.0,0.09003590313370793,-0.13349076834466644,1.0625599683749973,0.04657016027821077,0.18769464518036838,0.9024998331886069,0.0,0.0,0.0,0,0.0374
5,0,0.0,-0.1983161744057815,-0.013792952430660851,1.1685369883790244,0.9997008017248137,-0.0024242592551798614,-0.024311588303237274,0.0011733166669823224,0.03902469631830708,-0.03907838946535192,-0.01658257999723489,-0.1267108574685805,-0.012409796265192903,-2.4221505267892978,-0.006686585299371605,2.2469957307624235,0.7662179525669391,0.7620533387253242,-0.29299751900904436,0.30999363930490387,-0.0004235321214633575,0.04437116753200726,0.0015809886215774616,0.9833984375,0.7620533387253242,-0.29299751900904436,0.30999363930490387,-0.0004235321214633575,0.04437116753200726,0.0015809886215774616,-1.0,0.09003590313041646,-0.13349076835158558,1.0625599683749973,0.046570160278233484,0.1876946451805946,0.9024998342637116,0.0,0.0,0.0,0,0.0364
6,0,0.0,-0.1911259683266374,-0.01732755149113503,1.1704421575894948,0.999738051092077,-0.0026515746114434413,-0.022684617977680465,0.0014854150603230178,0.039065039841621005,-0.039119367934081876,-0.01718712555084008,-0.11027288325173784,-0.018614699514573643,-2.398676968618329,-0.008347484163841297,2.2432436996227074,0.760908398449896,0.8043741985409955,-0.28511482840585123,0.3581497238078921,-0.008531630789686467,0.0379564598438816,0.004823786553835113,0.9853515625,0.8043741985409955,-0.28511482840585123,0.3581497238078921,-0.008531630789686467,0.0379564598438816,0.004823786553835113,-1.0,0.09003590312896424,-0.13349076835463825,1.0625599683749973,0.04657016027823782,0.18769464518066026,0.9024998345568738,0.0,0.0,0.0,0,0.0372
7,0,0.0,-0.18297449577013505,-0.0210663612515813,1.1731182359757766,0.99976914208084,-0.0026355680492416433,-0.021231107914896172,0.0019890652838584905,0.03910379863029629,-0.03915844238685012,-0.01784216966387104,-0.0921118852539536,-0.024767630273828303,-2.370681363642489,-0.010154180868607714,2.236375740315279,0.7551309929474569,0.864362990124374,-0.25639931263707627,0.3579214959192525,-0.022670480105872942,0.02758523537001417,0.005025202574472254,0.9853515625,0.864362990124374,-0.25639931263707627,0.3579214959192525,-0.022670480105872942,0.02758523537001417,0.005025202574472254,-1.0,0.09003590312832353,-0.13349076835598506,1.0625599683749973,0.04657016027823851,0.1876946451806792,0.9024998346368139,0.0,0.0,0.0,0,0.0377
8,1,0.8028,-0.17385690533281464,-0.024791171349218384,1.1763455976934694,0.9997983415111368,-0.0023819886817986746,-0.019705797388175978,0.0030469641933396343,0.039141231493228595,-0.03919550613875268,-0.018423686036459448,-0.07201715647585905,-0.030327231102265727,-2.3387021651750333,-0.012867101116551783,2.2276803665075167,0.7500544914824431,0.1570807564816462,-0.08898597887402238,0.11782575707022969,-0.0020548139389231362,0.015317692200021993,5.022686473532545e-05,0.9794921875,0.1570807564816462,-0.08898597887402238,0.11782575707022969,-0.0020548139389231362,0.015317692200021993,5.022686473532545e-05,-1.0,0.09003590312804088,-0.1334907683565792,1.0625599683749973,0.046570160278238557,0.1876946451806846,0.9024998346586124,0.0,0.0,0.0,0,0.0421
9,0,0.0,-0.1673998417429657,-0.027294354119738146,1.1790275293835224,0.9997430197700581,-0.0020050532313634073,-0.02230458319304019,0.003518487056671505,0.0391804031848596,-0.039227646097418085,-0.01855206800472946,-0.05520355545328893,-0.03409368267235982,-2.310012844312027,-0.01392262843323143,2.21021861979641,0.7458816650159595,0.29375042634754556,-0.16856361734435293,0.14897886386955617,-0.0023845325491155256,0.03189292228466792,0.0005638377173599884,0.984375,0.29375042634754556,-0.16856361734435293,0.14897886386955617,-0.0023845325491155256,0.03189292228466792,0.0005638377173599884,-1.0,0.09003590312791618,-0.13349076835684134,1.0625599683749973,0.046570160278238557,0.18769464518068613,0.9024998346645562,0.0,0.0,0.0,0,0.0393
10,0,0.0,-0.16282179929349255,-0.02924243355231452,1.1816409464189792,0.9996480362030383,-0.0019279908848081062,-0.02621734236325214,0.0035689670724913004,0.039214702430485256,-0.03926160886097775,-0.018605119403955112,-0.042006029001658805,-0.037263586532161344,-2.285135346639476,-0.014173185564818691,2.1908509653722796,0.7424949239328589,0.45656247199763966,-0.270475545857064,0.15959146069130492,-0.00021418697213484994,0.04685276977631869,-0.0012489064683741113,0.990234375,0.45656247199763966,-0.270475545857064,0.15959146069130492,-0.00021418697213484994,0.04685276977631869,-0.0012489064683741113,-1.0,0.09003590312786117,-0.13349076835695703,1.0625599683749973,0.046570160278238557,0.18769464518068657,0.9024998346661771,0.0,0.0,0.0,0,0.0391
11,0,0.0,-0.15766413548803465,-0.03194411834580913,1.1839510428073967,0.9995741252602828,-0.0022222663026115197,-0.028840325478833133,0.0038555504010297035,0.03924587763725572,-0.03929576340122466,-0.019014095686198936,-0.02759582098570053,-0.0413965914774132,-2.260225549971917,-0.014851767105723989,2.175267286168588,0.7387950189267822,0.6687830942771945,-0.3192731543530214,0.21025805196933067,-0.00028262673249224157,0.04287284164864946,-0.0025983938066428125,0.9951171875,0.6687830942771945,-0.3192731543530214,0.21025805196933067,-0.00028262673249224157,0.04287284164864946,-0.0025983938066428125,-1.0,0.09003590312783688,-0.1334907683570081,1.0625599683749973,0.046570160278238557,0.18769464518068657,0.9024998346666192,0.0,0.0,0.0,0,0.0391
12,0,0.0,-0.15104876811833123,-0.03547191918115354,1.1860032124241915,0.9995448361824715,-0.0026724687092963273,-0.029743347278495418,0.004279213084559714,0.03927570869608899,-0.03932845393455772,-0.0197760494723909,-0.010081640611258649,-0.04649586256288124,-2.232839154399657,-0.01545460374278924,2.163837064855418,0.7340299210739487,0.7320589429336349,-0.32903267605221287,0.24289464004481576,-0.0003599234030135373,0.03397653171621237,0.001943537458724276,0.99365234375,0.7320589429336349,-0.32903267605221287,0.24289464004481576,-0.0003599234030135373,0.03397653171621237,0.001943537458724276,-1.0,0.0900359031278262,-0.1334907683570307,1.0625599683749973,0.046570160278238557,0.18769464518068657,0.9024998346667397,0.0,0.0,0.0,0,0.0379
13,0,0.0,-0.1431638079609251,-0.03943566957455846,1.188097854308277,0.9995475691434551,-0.0029532731055689765,-0.029559306550426594,0.0047098400854298506,0.03930474559085503,-0.03935925413496846,-0.020726768738745883,0.01003097820325754,-0.05198115422707142,-2.202319115677545,-0.015597454169280359,2.1539536112376814,0.7280550352309484,0.7698600992738461,-0.3203992530106204,0.2789546464498971,-0.0007713671388091675,0.029177206621081864,0.006334406708613544,0.9931640625,0.7698600992738461,-0.3203992530106204,0.2789546464498971,-0.0007713671388091675,0.029177206621081864,0.006334406708613544,-1.0,0.09003590312782145,-0.1334907683570406,1.0625599683749973,0.046570160278238557,0.18769464518068657,0.9024998346667725,0.0,0.0,0.0,0,0.0392
14,0,0.0,-0.13457146813114812,-0.04352152662342505,1.1905037093655153,0.9995613910379112,-0.0028489549731056107,-0.029025070742928857,0.005143371490017966,0.039332906205896266,-0.03938836411088437,-0.02174489595820432,0.03152821755946468,-0.05739848319186113,-2.1690282383781345,-0.015342975508998578,2.143361528533228,0.7210819319507464,0.8175224268332427,-0.27178932762426283,0.3277954146188047,-0.009478515003572302,0.030113660298180495,0.011410090428669,0.98974609375,0.8175224268332427,-0.27178932762426283,0.3277954146188047,-0.009478515003572302,0.030113660298180495,0.011410090428669,-1.0,0.09003590312781938,-0.133490768357045,1.0625599683749973,0.046570160278238557,0.18769464518068657,0.9024998346667815,0.0,0.0,0.0,0,0.0387
15,0,0.0,-0.12542982806621958,-0.04742212802919957,1.193391059161859,0.999579548786917,-0.0022896743432554434,-0.02832833134040676,0.005743577440221269,0.03936050282558356,-0.039415584089105796,-0.022684616688601535,0.05394237888013322,-0.06223430824464004,-2.132978559314876,-0.015133385762770448,2.1312675760123154,0.7138902376916847,0.8565562295758521,-0.2762937222546589,0.29538705443195945,-0.011707235670269586,0.014849465361472663,0.01064470955024796,0.986328125,0.8565562295758521,-0.2762937222546589,0.29538705443195945,-0.011707235670269586,0.014849465361472663,0.01064470955024796,-1.0,0.09003590312781846,-0.13349076835704693,1.0625599683749973,0.046570160278238557,0.18769464518068657,0.9024998346667837,0.0,0.0,0.0,0,0.0584
16,1,0.7896,-0.11562787242820569,-0.05112132588677028,1.1964976637969735,0.9996048042107909,-0.0015554169620237146,-0.027276571147108377,0.006618515183651568,0.03938662288458229,-0.03944193265400689,-0.02355140646663291,0.07781794523358877,-0.06648823593891975,-2.094342871545171,-0.01511178141229118,2.1188262032776075,0.7071845683447822,0.1819904858634429,-0.11788917775239716,0.09437534151249483,-0.0008760397134734282,0.022130392700914603,0.0045418041249431496,0.98291015625,0.1819904858634429,-0.11788917775239716,0.09437534151249483,-0.0008760397134734282,0.022130392700914603,0.0045418041249431496,-1.0,0.09003590312781806,-0.1334907683570478,1.0625599683749973,0.046570160278238557,0.18769464518068657,0.9024998346667837,0.0,0.0,0.0,0,0.0414
17,0,0.0,-0.10872015521524502,-0.05386105444964818,1.1988787569074861,0.9995131244885134,-0.0008815611476086227,-0.030456125754264915,0.00672021050207847,0.03941429039452621,-0.03946448914704119,-0.024216067024536575,0.09830127187904189,-0.0697063816280515,-2.0599032425120063,-0.014113659075910149,2.098073489566696,0.7012849988970169,0.34418620831233804,-0.19502693579792985,0.15240228219915264,-0.0013963831856024372,0.027561824028086712,0.0077644604551370955,0.98974609375,0.34418620831233804,-0.19502693579792985,0.15240228219915264,-0.0013963831856024372,0.027561824028086712,0.0077644604551370955,-1.0,0.09003590312781788,-0.13349076835704818,1.0625599683749973,0.046570160278238557,0.18769464518068657,0.9024998346667837,0.0,0.0,0.0,0,0.0413
18,0,0.0,-0.10351352735557343,-0.05620551814905231,1.2014641963902157,0.9993793776101974,-0.0004198716189248719,-0.03460110902030833,0.006591401204715871,0.039438048034616535,-0.039488806387355524,-0.024870297171538946,0.11514673148288815,-0.07257675330909451,-2.0290903595606666,-0.013139087908648572,2.0760009673295325,0.6961960926315208,0.5085390619654299,-0.2548978477602776,0.18218602166664066,-0.0037505096484840017,0.028404632337475477,0.005307185003364218,0.99267578125,0.5085390619654299,-0.2548978477602776,0.18218602166664066,-0.0037505096484840017,0.028404632337475477,0.005307185003364218,-1.0,0.09003590312781788,-0.13349076835704818,1.0625599683749973,0.046570160278238557,0.18769464518068657,0.9024998346667837,0.0,0.0,0.0,0,0.0379
19,0,0.0,-0.09749086299440118,-0.05909146881443188,1.2040833366156376,0.9993009286631584,-0.00013231321839279886,-0.03673467232946138,0.0069426446695543854,0.039459885051146316,-0.03951297993507403,-0.025770104989749527,0.13269163255113794,-0.07588861834422203,-1.9980279826318061,-0.012727182739030469,2.0584652886950887,0.6911494830957903,0.6716592692161237,-0.28849312437864827,0.22224001612291788,-0.0033881815054154357,0.02477587433871825,0.00504534417653596,0.9921875,0.6716592692161237,-0.28849312437864827,0.22224001612291788,-0.0033881815054154357,0.02477587433871825,0.00504534417653596,-1.0,0.09003590312781788,-0.13349076835704818,1.0625599683749973,0.046570160278238557,0.18769464518068657,0.9024998346667837,0.0,0.0,0.0,0,0.0442
20,0,0.0,-0.09024330047680655,-0.062444686624408816,1.2065280737788155,0.9992853464656973,7.406944598059573e-05,-0.037027092764718626,0.007601661268431047,0.03948088941289393,-0.039536010534731575,-0.026910570478427574,0.1524120381978492,-0.07952441191493125,-1.9650785948436051,-0.012285255610991933,2.0449358589140405,0.6857756603918892,0.7226086538485822,-0.3110150975306286,0.246318058374412,-0.0028760910632118775,0.019999960585515203,0.0138472242783782,0.99169921875,0.7226086538485822,-0.3110150975306286,0.246318058374412,-0.0028760910632118775,0.019999960585515203,0.0138472242783782,-1.0,0.09003590312781788,-0.13349076835704818,1.0625599683749973,0.046570160278238557,0.18769464518068657,0.9024998346667837,0.0,0.0,0.0,0,0.056
21,0,0.0,-0.08209565095911976,-0.06607992002234032,1.2089108500119228,0.9993050981455399,0.0005277036945093849,-0.03631941873589982,0.008363143657098296,0.03950105944089897,-0.03955798596860597,-0.02826064205086352,0.1740591142135937,-0.08330439508301278,-1.9298114729248514,-0.01152876071210992,2.0329445468612692,0.6794658559050539,0.7431527605552187,-0.29374825144744365,0.25887059224959863,-0.006302910122989197,0.012578565194508479,0.02119890903163313,0.994140625,0.7431527605552187,-0.29374825144744365,0.25887059224959863,-0.006302910122989197,0.012578565194508479,0.02119890903163313,-1.0,0.09003590312781788,-0.13349076835704818,1.0625599683749973,0.046570160278238557,0.18769464518068657,0.9024998346667837,0.0,0.0,0.0,0,0.0387
22,0,0.0,-0.07347329619975292,-0.06978933824467405,1.211406368452465,0.9993362452396714,0.0015026462416383723,-0.03522120554847276,0.009180287809162958,0.039520708894254145,-0.03957867488638052,-0.029745973554633914,0.19688496660781446,-0.08697468425483953,-1.8924782553570603,-0.010566942546118724,2.020848681414002,0.6720818882196112,0.8076612556140573,-0.261279073486672,0.2654892010201515,-0.009394776943840902,0.010494955762963998,0.026637141588835428,0.99853515625,0.8076612556140573,-0.261279073486672,0.2654892010201515,-0.009394776943840902,0.010494955762963998,0.026637141588835428,-1.0,0.09003590312781788,-0.13349076835704818,1.0625599683749973,0.046570160278238557,0.18769464518068657,0.9024998346667837,0.0,0.0,0.0,0,0.0399
23,0,0.0,-0.06432626142991049,-0.07331326574347856,1.2139890187763092,0.9993772774795173,0.0029991036389214742,-0.03367207337042575,0.01011207742880567,0.03953994994396379,-0.03959804435063009,-0.031254512601254336,0.22101089682284958,-0.09018297145101874,-1.8529869337808347,-0.009531524100118835,2.0088412926961365,0.6641860877408925,0.8442297655518701,-0.2798597013370558,0.22075653484675928,-0.0033865711581129165,0.002195635049677319,0.028288752958059826,0.99853515625,0.8442297655518701,-0.2798597013370558,0.22075653484675928,-0.0033865711581129165,0.002195635049677319,0.028288752958059826,-1.0,0.09003590312781788,-0.13349076835704818,1.0625599683749973,0.046570160278238557,0.18769464518068657,0.9024998346667837,0.0,0.0,0.0,0,0.0378
24,1,0.8039,-0.05460304662584596,-0.07669612467927717,1.2163077205632353,0.9994255817052263,0.004739054477442106,-0.031686294768142255,0.011046570494716015,0.03955797974776726,-0.03961697116889505,-0.03286646349641424,0.24701247382038988,-0.09306165872070085,-1.8114119999828466,-0.008069231813797326,1.9974859979841089,0.6560273559689347,0.17351604184695546,-0.11582466354679899,0.07577476858835475,-0.0010535805035770118,0.02056183279177437,0.00744219482211772,0.990234375,0.17351604184695546,-0.11582466354679899,0.07577476858835475,-0.0010535805035770118,0.02056183279177437,0.00744219482211772,-1.0,0.09003590312781788,-0.13349076835704818,1.0625599683749973,0.046570160278238557,0.18769464518068657,0.9024998346667837,0.0,0.0,0.0,0,0.0408
25,0,0.0,-0.04793673177254976,-0.07934503559790111,1.2179503125700541,0.9993318641463341,0.006028757774756366,-0.0343525006533595,0.010926347988500878,0.039577527435291374,-0.039632797645065845,-0.034442543103504294,0.26959157215603013,-0.09543968091156009,-1.7740286062394597,-0.005873043690324151,1.976806586560107,0.6489642670291121,0.311521078648786,-0.16743751868675394,0.1318617722215747,-0.002512957746492045,0.030137071640107954,0.010362727121355969,0.9951171875,0.311521078648786,-0.16743751868675394,0.1318617722215747,-0.002512957746492045,0.030137071640107954,0.010362727121355969,-1.0,0.09003590312781788,-0.13349076835704818,1.0625599683749973,0.046570160278238557,0.18769464518068657,0.9024998346667837,0.0,0.0,0.0,0,0.0537
26,0,0.0,-0.04314562437126865,-0.08159749711626951,1.2201091111201547,0.999179490111412,0.006789644566975561,-0.038495151541411636,0.010600498816371052,0.03959421973459853,-0.03964996486673143,-0.03596133971638195,0.288300654671578,-0.09751254883367695,-1.7400344899912614,-0.004164703557006412,1.9533468199559316,0.6434483110055427,0.5229199366600755,-0.21998878937470806,0.1771650081165661,-0.006779572924537167,0.03407017708392224,0.010241877508973707,0.99267578125,0.5229199366600755,-0.21998878937470806,0.1771650081165661,-0.006779572924537167,0.03407017708392224,0.010241877508973707,-1.0,0.09003590312781788,-0.13349076835704818,1.0625599683749973,0.046570160278238557,0.18769464518068657,0.9024998346667837,0.0,0.0,0.0,0,0.0429
27,0,0.0,-0.03742046736715614,-0.08419619626918491,1.2224252251052676,0.9990930940521543,0.0074421450052435945,-0.04045649495871815,0.010994358128979144,0.03960936772109302,-0.03966722306648655,-0.037627796196066085,0.30779371180786813,-0.09966085530131966,-1.7052863169811099,-0.003268443994344347,1.9344845672739928,0.6384251761686032,0.6753572084233183,-0.25733772818507544,0.21368147029892692,-0.005388232855153899,0.025384569228832365,0.012658869756619173,0.990234375,0.6753572084233183,-0.25733772818507544,0.21368147029892692,-0.005388232855153899,0.025384569228832365,0.012658869756619173,-1.0,0.09003590312781788,-0.13349076835704818,1.0625599683749973,0.046570160278238557,0.18769464518068657,0.9024998346667837,0.0,0.0,0.0,0,0.0392
28,0,0.0,-0.03033999800678677,-0.08712620251654939,1.2245698730707568,0.9990832543901857,0.008132682033345773,-0.04030979642851763,0.0119008651765501,0.03962389399044609,-0.039683712242962764,-0.0395211466523707,0.3296517668924499,-0.10185897817653747,-1.66813085000992,-0.0024985089264430893,1.9198681749179538,0.6333085452666901,0.7258957109216441,-0.2817365324330542,0.22851628306051097,-0.006760248756906839,0.02079594621104905,0.01946673125415388,0.99169921875,0.7258957109216441,-0.2817365324330542,0.22851628306051097,-0.006760248756906839,0.02079594621104905,0.01946673125415388,-1.0,0.09003590312781788,-0.13349076835704818,1.0625599683749973,0.046570160278238557,0.18769464518068657,0.9024998346667837,0.0,0.0,0.0,0,0.0402
29,0,0.0,-0.0223857238671556,-0.09031496337268075,1.2265674102391773,0.9991108396746053,0.009061320542394113,-0.039056968202874964,0.0130374748142221,0.039637666609259645,-0.03969962462819735,-0.04168613182045598,0.3536037622418008,-0.10412342300384315,-1.6283991471632668,-0.00158321740619549,1.906939805364944,0.6275133382364644,0.7653403957983861,-0.2575254112946753,0.2629786942451142,-0.01106953813846892,0.015949798432063567,0.02784563771265816,0.99267578125,0.7653403957983861,-0.2575254112946753,0.2629786942451142,-0.01106953813846892,0.015949798432063567,0.02784563771265816,-1.0,0.09003590312781788,-0.13349076835704818,1.0625599683749973,0.046570160278238557,0.18769464518068657,0.9024998346667837,0.0,0.0,0.0,0,0.0397
30,0,0.0,-0.013931918855333535,-0.09353511618561786,1.228676174294761,0.9991478840087054,0.010497229119498186,-0.037254245264594775,0.014333013343476959,0.039651308349358955,-0.03971439561813835,-0.04402744434080787,0.37899378368467873,-0.1062042029381092,-1.586076752326602,-0.0006644566840642625,1.8940123974665526,0.6208769161142244,0.8220421303087028,-0.2218656204707064,0.2622940105791949,-0.011095303695309353,0.014053479735938845,0.03404925114828153,0.998046875,0.8220421303087028,-0.2218656204707064,0.2622940105791949,-0.011095303695309353,0.014053479735938845,0.03404925114828153,-1.0,0.09003590312781788,-0.13349076835704818,1.0625599683749973,0.046570160278238557,0.18769464518068657,0.9024998346667837,0.0,0.0,0.0,0,0.0387
31,0,0.0,-0.00498145843482316,-0.09646577691965715,1.230865966882792,0.999187603904691,0.012495032005316375,-0.03494630045774401,0.01570867475965801,0.03966485580067836,-0.0397280447724834,-0.046428852900823145,0.40593605787433235,-0.10775128455736367,-1.5410384481576656,0.0003236017908509317,1.8809707555927733,0.61375991549471,0.8368338871374811,-0.23049904351229888,0.24038413326977826,-0.008267533832072044,0.006316031228911334,0.03421038396479123,0.99755859375,0.8368338871374811,-0.23049904351229888,0.24038413326977826,-0.008267533832072044,0.006316031228911334,0.03421038396479123,-1.0,0.09003590312781788,-0.13349076835704818,1.0625599683749973,0.046570160278238557,0.18769464518068657,0.9024998346667837,0.0,0.0,0.0,0,0.0405
32,1,0.8047,0.00437019423570835,-0.09919872803339241,1.2328847317474387,0.9992245645378756,0.014713842546948575,-0.03227526215909102,0.01709034564182961,0.039677297981478975,-0.03974163466893406,-0.048979545449031214,0.43464117206492775,-0.10894246485396791,-1.493467657194179,0.0015543169785753614,1.8678826321812572,0.6065806231743275,0.17074258744155946,-0.1150739311083997,0.06824324826324268,-0.0012607114253645468,0.020725712185266643,0.009738337457380897,0.9892578125,0.17074258744155946,-0.1150739311083997,0.06824324826324268,-0.0012607114253645468,0.020725712185266643,0.009738337457380897,-1.0,0.09003590312781788,-0.13349076835704818,1.0625599683749973,0.046570160278238557,0.18769464518068657,0.9024998346667837,0.0,0.0,0.0,0,0.0398
33,0,0.0,0.010649211380960942,-0.10139184219782163,1.234286070233266,0.9991225529474526,0.016195173193728707,-0.03456289488857735,0.017240848410381513,0.03969090917648448,-0.03975293929428614,-0.051605113207853055,0.4603644040402067,-0.10996427444921479,-1.449487131240556,0.0033442976414633026,1.844587449467734,0.6006640028098227,0.35630723126925357,-0.16161934228915903,0.1376815833818883,-0.0017843762388050216,0.03378924098079267,0.013806941074250761,0.9931640625,0.35630723126925357,-0.16161934228915903,0.1376815833818883,-0.0017843762388050216,0.03378924098079267,0.013806941074250761,-1.0,0.09003590312781788,-0.13349076835704818,1.0625599683749973,0.046570160278238557,0.18769464518068657,0.9024998346667837,0.0,0.0,0.0,0,0.0386
34,0,0.0,0.015345776485462932,-0.10338457175159767,1.2362154876032005,0.9989791288016652,0.01707486186127205,-0.03818732051093516,0.017055141842807472,0.03970204724974086,-0.03976564859471079,-0.054280364422623566,0.4831812099341873,-0.11092795455738264,-1.407850384593028,0.004944817195598047,1.8187523040993594,0.595867792429861,0.5434640433667121,-0.1869565620851369,0.17933317305864382,-0.007104863079647597,0.036270843225104044,0.017150447016826997,0.9892578125,0.5434640433667121,-0.1869565620851369,0.17933317305864382,-0.007104863079647597,0.036270843225104044,0.017150447016826997,-1.0,0.09003590312781788,-0.13349076835704818,1.0625599683749973,0.046570160278238557,0.18769464518068657,0.9024998346667837,0.0,0.0,0.0,0,0.0398
35,0,0.0,0.021041159401548874,-0.10561774760656656,1.2382532290325716,0.9989019114565526,0.018085871874988613,-0.039476509791263235,0.017591978332920078,0.03971237441948168,-0.03977814549355283,-0.05711200551788409,0.507165732471759,-0.11181248995084518,-1.364829940084132,0.005935115073917763,1.797580336316844,0.5911610958275184,0.6470063411681598,-0.2366925861290935,0.21014393802501075,-0.007114525163462768,0.02198992464934979,0.02321306923800437,0.98779296875,0.6470063411681598,-0.2366925861290935,0.21014393802501075,-0.007114525163462768,0.02198992464934979,0.02321306923800437,-1.0,0.09003590312781788,-0.13349076835704818,1.0625599683749973,0.046570160278238557,0.18769464518068657,0.9024998346667837,0.0,0.0,0.0,0,0.0403
36,0,0.0,0.02781740914118701,-0.10814054982062343,1.2401266414322294,0.9988874890784749,0.01934484574436446,-0.03870407577166707,0.018749816646761237,0.039721887817976885,-0.03979047741121424,-0.06020944279565134,0.5332141582299907,-0.11268242076428336,-1.3194311193157284,0.006611846861071771,1.7803623691774844,0.586110640821795,0.721376007446184,-0.27085091207626366,0.22018596512515987,-0.006441399991006513,0.023722363951982295,0.030826594818087583,0.984375,0.721376007446184,-0.27085091207626366,0.22018596512515987,-0.006441399991006513,0.023722363951982295,0.030826594818087583,-1.0,0.09003590312781788,-0.13349076835704818,1.0625599683749973,0.046570160278238557,0.18769464518068657,0.9024998346667837,0.0,0.0,0.0,0,0.041
37,0,0.0,0.03528961420031602,-0.1109935669081911,1.2417523138773756,0.9989034478763322,0.020971879115402103,-0.0366337865082932,0.020249636866095093,0.03973079688300433,-0.03980247711755537,-0.06370040526813145,0.5613493594486583,-0.11364770310543926,-1.271480547018557,0.007320819988772209,1.765324233042751,0.5801399661093498,0.7567118709815986,-0.24382454429388728,0.2255493205081942,-0.007214366696219429,0.020257485346717313,0.044643733833794136,0.9853515625,0.7567118709815986,-0.24382454429388728,0.2255493205081942,-0.007214366696219429,0.020257485346717313,0.044643733833794136,-1.0,0.09003590312781788,-0.13349076835704818,1.0625599683749973,0.046570160278238557,0.18769464518068657,0.9024998346667837,0.0,0.0,0.0,0,0.0402
38,0,0.0,0.04316732366476517,-0.11385699537449033,1.2431279160619346,0.9989163391077548,0.023324029073900743,-0.03384053180180398,0.021839311772383414,0.039739998570512206,-0.0398132891582248,-0.0674886805677195,0.5914144465212222,-0.11437990283935294,-1.2208629883446391,0.008196839689233569,1.7510421172244524,0.5728588780271959,0.7813647990295626,-0.21473366230591268,0.2058076081408553,-0.005285170627792171,0.014311004497140956,0.053788021170719486,0.99609375,0.7813647990295626,-0.21473366230591268,0.2058076081408553,-0.005285170627792171,0.014311004497140956,0.053788021170719486,-1.0,0.09003590312781788,-0.13349076835704818,1.0625599683749973,0.046570160278238557,0.18769464518068657,0.9024998346667837,0.0,0.0,0.0,0,0.0399
39,0,0.0,0.051324123470266256,-0.11644481093453672,1.244255393862003,0.998911501027602,0.026460990267734963,-0.03048344534844131,0.02337495815015502,0.039749070050087765,-0.039823376309210144,-0.07146484953460681,0.6232887738901141,-0.11461221974598608,-1.1676250256283212,0.009308040311661233,1.7371014029747784,0.5645256585059719,0.7599989280546605,-0.21829964138830954,0.1866364654951158,-0.001436943808284838,0.003038443359066084,0.05592303098947296,0.994140625,0.7599989280546605,-0.21829964138830954,0.1866364654951158,-0.001436943808284838,0.003038443359066084,0.05592303098947296,-1.0,0.09003590312781788,-0.13349076835704818,1.0625599683749973,0.046570160278238557,0.18769464518068657,0.9024998346667837,0.0,0.0,0.0,0,0.0383
40,1,0.7878,0.05953856052302014,-0.11888542486791043,1.2451290480486614,0.9988861041190402,0.02995492523247001,-0.02672823929776682,0.024796263352441655,0.03975724302581134,-0.039833542423910934,-0.07569353017184309,0.6566946009480024,-0.11460058231047258,-1.1120786420140938,0.010808210991224688,1.7231549969807325,0.5556980137999082,0.14870903299869187,-0.12014137506759526,0.06704505184788401,-0.0011964988266762872,0.019578556430820793,0.010906550377076218,0.9853515625,0.14870903299869187,-0.12014137506759526,0.06704505184788401,-0.0011964988266762872,0.019578556430820793,0.010906550377076218,-1.0,0.09003590312781788,-0.13349076835704818,1.0625599683749973,0.046570160278238557,0.18769464518068657,0.9024998346667837,0.0,0.0,0.0,0,0.0414
41,0,0.0,0.06471600295816092,-0.1210182385468101,1.2456928084392331,0.9987820003458143,0.03216474956621346,-0.027881452800201163,0.024951337846007338,0.03976639618810185,-0.03984193931706037,-0.08009247921896233,0.6874572355863158,-0.11470470180165389,-1.05892791696742,0.012673807109216634,1.6981697126400233,0.5489809834748637,0.3236421016057015,-0.19202400604433245,0.11987980806798748,0.00016102394935392506,0.03304007803911374,0.017251155027145554,0.9931640625,0.3236421016057015,-0.19202400604433245,0.11987980806798748,0.00016102394935392506,0.03304007803911374,0.017251155027145554,-1.0,0.09003590312781788,-0.13349076835704818,1.0625599683749973,0.046570160278238557,0.18769464518068657,0.9024998346667837,0.0,0.0,0.0,0,0.0378
42,0,0.0,0.06840011854041886,-0.12315904912899095,1.2469774472108022,0.9986753067106066,0.033297508541719034,-0.03032215062048614,0.024889252161074134,0.03977320532398441,-0.039851924680531274,-0.08466331150151539,0.7160581978303855,-0.11492767743906085,-1.0067045232542304,0.01421686735975362,1.6701131808544718,0.5439956698530546,0.4904602480635899,-0.19146095671553298,0.1392791786023666,-0.004333455371998751,0.031729042891175646,0.01638506613840593,0.99853515625,0.4904602480635899,-0.19146095671553298,0.1392791786023666,-0.004333455371998751,0.031729042891175646,0.01638506613840593,-1.0,0.09003590312781788,-0.13349076835704818,1.0625599683749973,0.046570160278238557,0.18769464518068657,0.9024998346667837,0.0,0.0,0.0,0,0.0382
43,0,0.0,0.07296608714137622,-0.12551303314278806,1.2481828011901783,0.9986219757441885,0.03448681969593809,-0.030199443072971496,0.025549999336878505,0.039779904800867995,-0.039861298866641234,-0.08946292211799338,0.746100731587877,-0.11499093521689377,-0.9529462974084627,0.015368556229000834,1.6473233711280126,0.5392423409973719,0.5993440136087632,-0.2274961137587015,0.14042031804556543,-0.008216002718391194,0.014287593155213496,0.015982234097131676,1.0009765625,0.5993440136087632,-0.2274961137587015,0.14042031804556543,-0.008216002718391194,0.014287593155213496,0.015982234097131676,-1.0,0.09003590312781788,-0.13349076835704818,1.0625599683749973,0.046570160278238557,0.18769464518068657,0.9024998346667837,0.0,0.0,0.0,0,0.0376
44,0,0.0,0.07851439230417966,-0.12807139338760545,1.2488746502432506,0.9986193164691288,0.0356786634909978,-0.02757911995269542,0.026942269556580762,0.03978586180020606,-0.03987072672693689,-0.09448809504363727,0.7784119128565692,-0.11494086170364749,-0.8971830275115981,0.01621310673543998,1.6299947670930863,0.5348600327912251,0.6531695731801509,-0.292246786570645,0.16427013240841992,-0.00604847524918993,0.013280905452332459,0.01974871368304587,1.005859375,0.6531695731801509,-0.292246786570645,0.16427013240841992,-0.00604847524918993,0.013280905452332459,0.01974871368304587,-1.0,0.09003590312781788,-0.13349076835704818,1.0625599683749973,0.046570160278238557,0.18769464518068657,0.9024998346667837,0.0,0.0,0.0,0,0.0366
45,0,0.0,0.0845754796369531,-0.13103141132846774,1.2490669833102257,0.998631337041867,0.03688263542130982,-0.023224450704200435,0.02890931980933848,0.039790945979296284,-0.03988036828502018,-0.09998769301670503,0.812753995157015,-0.11496469423446402,-0.8394128092897594,0.0168549343599926,1.6162830291401735,0.5303497358598008,0.6683722121430619,-0.29975411095463844,0.1907445674906314,-0.006257820398518438,0.006807669409388123,0.0331630206574782,1.0078125,0.6683722121430619,-0.29975411095463844,0.1907445674906314,-0.006257820398518438,0.006807669409388123,0.0331630206574782,-1.0,0.09003590312781788,-0.13349076835704818,1.0625599683749973,0.046570160278238557,0.18769464518068657,0.9024998346667837,0.0,0.0,0.0,0,0.0369
46,0,0.0,0.09072905913960137,-0.1342705079241818,1.2490317093808079,0.9986133379394145,0.038562197229119854,-0.01770226025768984,0.031160683820016154,0.03979600520692162,-0.03988940437512534,-0.10600290465977397,0.8485797830912286,-0.11492560234462225,-0.7795839691352523,0.017497632416142068,1.6044587745724463,0.5247297245937318,0.6959013151299548,-0.3121411961882276,0.18241424955528052,-0.004040372162938843,0.0033427908041231413,0.04218645838202126,1.0,0.6959013151299548,-0.3121411961882276,0.18241424955528052,-0.004040372162938843,0.0033427908041231413,0.04218645838202126,-1.0,0.09003590312781788,-0.13349076835704818,1.0625599683749973,0.046570160278238557,0.18769464518068657,0.9024998346667837,0.0,0.0,0.0,0,0.0422
47,0,0.0,0.0968736649371489,-0.1376366737810393,1.248739605334488,0.9985358437423942,0.04093798222372008,-0.011099349823705675,0.03357163693663693,0.03980066787514144,-0.039898234576265755,-0.1124734281908737,0.8858363919415334,-0.1146975951512254,-0.7178720031721988,0.018266125150828434,1.5944641659299286,0.5177512217547715,0.6704266228137256,-0.31551949216102465,0.13745335549324866,-1.933494852909834e-05,-0.0016321193554633684,0.058380306441245866,0.98681640625,0.6704266228137256,-0.31551949216102465,0.13745335549324866,-1.933494852909834e-05,-0.0016321193554633684,0.058380306441245866,-1.0,0.09003590312781788,-0.13349076835704818,1.0625599683749973,0.046570160278238557,0.18769464518068657,0.9024998346667837,0.0,0.0,0.0,0,0.0384
48,1,0.7922,0.10281314545003219,-0.1410517029786541,1.2478519782365713,0.9983722525772654,0.04411685976462665,-0.0038445185484223144,0.035941169227435205,0.03980514864892776,-0.039906670517769284,-0.11941234390148836,0.9245274896661624,-0.11412745239895455,-0.6549082919044581,0.01926708996745198,1.5859664828213047,0.5091993692597518,0.12121845021187394,-0.08382469336002696,0.09163660684881769,0.00019484124270699454,0.015411337567731859,0.004320246502242331,0.9716796875,0.12121845021187394,-0.08382469336002696,0.09163660684881769,0.00019484124270699454,0.015411337567731859,0.004320246502242331,-1.0,0.09003590312781788,-0.13349076835704818,1.0625599683749973,0.046570160278238557,0.18769464518068657,0.9024998346667837,0.0,0.0,0.0,0,0.0388
49,0,0.0,0.10588843088180261,-0.14355588241939382,1.2467990845131065,0.9982532897358691,0.04637850532322746,-0.001190146778876659,0.03657850907489432,0.03981283188317469,-0.03991134803943218,-0.12624032974315705,0.9611281424590251,-0.11284290686361313,-0.5928657543568504,0.020787281632954235,1.5658830181166725,0.5028488412886024,0.2680702929642499,-0.17212959642674985,0.12296088456462417,0.000413848475850645,0.03542803491571528,0.006636530739569213,0.986328125,0.2680702929642499,-0.17212959642674985,0.12296088456462417,0.000413848475850645,0.03542803491571528,0.006636530739569213,-1.0,0.09003590312781788,-0.13349076835704818,1.0625599683749973,0.046570160278238557,0.18769464518068657,0.9024998346667837,0.0,0.0,0.0,0,0.0365
50,0,0.0,0.10740987859967253,-0.14558021010901742,1.246679997831194,0.9981959255583573,0.047310603989784705,0.00019058607050223032,0.036967074887856756,0.03981688058884416,-0.03991912693755999,-0.13284860660957468,0.9960953041718987,-0.11119326229592917,-0.5303697031506918,0.021526581385206547,1.5418245292555939,0.4993086629730518,0.42841704580954765,-0.22505623333390362,0.14943531964683565,-0.0029380894343591646,0.03613037517353926,0.004461237716688299,0.99755859375,0.42841704580954765,-0.22505623333390362,0.14943531964683565,-0.0029380894343591646,0.03613037517353926,0.004461237716688299,-1.0,0.09003590312781788,-0.13349076835704818,1.0625599683749973,0.046570160278238557,0.18769464518068657,0.9024998346667837,0.0,0.0,0.0,0,0.0363
51,0,0.0,0.1096009252656765,-0.14802205171117397,1.246297997167875,0.9980959987481643,0.047988337220312594,0.0044172925890424465,0.03849654919489757,0.03981993510715438,-0.03992739309490824,-0.13968691251908005,1.0322672197901785,-0.10922603778680559,-0.4674480717129886,0.0210739904081184,1.5246841818032992,0.49643957042984027,0.5779781426338614,-0.24176003008828906,0.14829418020363705,-0.006022709692349498,0.020983236946468753,0.0028297679495276062,0.99951171875,0.5779781426338614,-0.24176003008828906,0.14829418020363705,-0.006022709692349498,0.020983236946468753,0.0028297679495276062,-1.0,0.09003590312781788,-0.13349076835704818,1.0625599683749973,0.046570160278238557,0.18769464518068657,0.9024998346667837,0.0,0.0,0.0,0,0.0371
52,0,0.0,0.1127753082260903,-0.15077813370362514,1.245074467836232,0.9979097829016271,0.04859301253518833,0.011838816008134002,0.04092220372251581,0.039822898079835446,-0.03993526741306296,-0.14671822251634772,1.0695148494292916,-0.10637075429284552,-0.4060144632270962,0.019558991487396087,1.516769573712875,0.49406348549658197,0.6691939764113274,-0.31852242191462204,0.1600479164685844,-0.001437145101697651,0.009300977324663229,0.004078547277477779,1.0009765625,0.6691939764113274,-0.31852242191462204,0.1600479164685844,-0.001437145101697651,0.009300977324663229,0.004078547277477779,-1.0,0.09003590312781788,-0.13349076835704818,1.0625599683749973,0.046570160278238557,0.18769464518068657,0.9024998346667837,0.0,0.0,0.0,0,0.0365
53,0,0.0,0.11673769770038621,-0.15396217733149187,1.242891237026745,0.9975777057505579,0.049115752727513506,0.021982159298684446,0.044081158061339554,0.039824807694532595,-0.039943733221653184,-0.15378525720109834,1.108033139025397,-0.10406778496329162,-0.3459938290439524,0.018330351234068266,1.5171092129627743,0.4916998024519017,0.6950795508616893,-0.33766609909380535,0.21653431890692398,-0.003964685839720081,-0.0038386383321270534,0.006978937974652322,0.99560546875,0.6950795508616893,-0.33766609909380535,0.21653431890692398,-0.003964685839720081,-0.0038386383321270534,0.006978937974652322,-1.0,0.09003590312781788,-0.13349076835704818,1.0625599683749973,0.046570160278238557,0.18769464518068657,0.9024998346667837,0.0,0.0,0.0,0,0.0373
54,0,0.0,0.12101358455004672,-0.1575913733932216,1.240232666969713,0.9970411555510439,0.049686757648028046,0.03408327507652161,0.04773353760116461,0.03982640072736355,-0.039952073183954155,-0.16109368464852278,1.1465969076804812,-0.10188382864619178,-0.2880808903647222,0.017120466547826955,1.5236234326502305,0.4889088856626812,0.7427418784210859,-0.33203560580581026,0.23650425916290252,-0.01421293607300149,-0.01201943912690595,0.012679011358682879,0.99169921875,0.7427418784210859,-0.33203560580581026,0.23650425916290252,-0.01421293607300149,-0.01201943912690595,0.012679011358682879,-1.0,0.09003590312781788,-0.13349076835704818,1.0625599683749973,0.046570160278238557,0.18769464518068657,0.9024998346667837,0.0,0.0,0.0,0,0.0355
55,0,0.0,0.12546802788967543,-0.1614441278886706,1.2373749323967975,0.9962259300060381,0.050585506998320096,0.047737050902651665,0.05192472278639655,0.03982774922399332,-0.03996023486792654,-0.1683115888800764,1.1844056726861503,-0.09963072941150948,-0.2331772106506771,0.015477191340219177,1.5357084898631774,0.4853772503818179,0.7694492171397133,-0.3583112411497873,0.23627603127426267,-0.0072208080854295476,-0.010338212134739788,0.0168483229858713,0.98046875,0.7694492171397133,-0.3583112411497873,0.23627603127426267,-0.0072208080854295476,-0.010338212134739788,0.0168483229858713,-1.0,0.09003590312781788,-0.13349076835704818,1.0625599683749973,0.046570160278238557,0.18769464518068657,0.9024998346667837,0.0,0.0,0.0,0,0.0382
56,1,0.8069,0.13009951244170745,-0.16543337346493184,1.2339888518309299,0.9951028291954098,0.051819583021370796,0.062428225735352824,0.056460665726834725,0.039828656341260926,-0.03996843324579813,-0.17533525117683713,1.221037618558848,-0.09713227354628727,-0.18287364068672998,0.013451383235864992,1.5533908927767277,0.4811668579809581,0.07783186486079596,-0.06242881886564555,0.08119518094354894,-1.6211282013040007e-06,0.013772543632809248,0.001178156580303208,0.97998046875,0.07783186486079596,-0.06242881886564555,0.08119518094354894,-1.6211282013040007e-06,0.013772543632809248,0.001178156580303208,-1.0,0.09003590312781788,-0.13349076835704818,1.0625599683749973,0.046570160278238557,0.18769464518068657,0.9024998346667837,0.0,0.0,0.0,0,0.0385
57,0,0.0,0.13192154931038347,-0.16813133778589007,1.2301104185263867,0.9943400050115266,0.05282996906851711,0.07110898460969187,0.05865544399008071,0.03983449933140869,-0.039971298241595274,-0.18136242311305079,1.2539550931971584,-0.09379432772582363,-0.1364694602709045,0.011973822151431925,1.5574568875982757,0.4776996446272406,0.2120876021886654,-0.10719124050520656,0.13494284871821138,-0.0030612810030024723,0.03589626175426461,0.002386652704125941,0.990234375,0.2120876021886654,-0.10719124050520656,0.13494284871821138,-0.0030612810030024723,0.03589626175426461,0.002386652704125941,-1.0,0.09003590312781788,-0.13349076835704818,1.0625599683749973,0.046570160278238557,0.18769464518068657,0.9024998346667837,0.0,0.0,0.0,0,0.0374
58,0,0.0,0.1317557715923704,-0.1697145729935488,1.2276501619712934,0.9938177847814176,0.05348892280305484,0.07662357712878345,0.05994975577526164,0.03983612895978248,-0.03997799820703623,-0.18624508194111863,1.2832903727236145,-0.09017273946659955,-0.09103712206132394,0.00989391196096295,1.5531869074782794,0.47529026792884554,0.4084892623041102,-0.1786985052627441,0.19040222565767184,-0.007613732827246117,0.05214373305192599,0.00046312970704143197,0.998046875,0.4084892623041102,-0.1786985052627441,0.19040222565767184,-0.007613732827246117,0.05214373305192599,0.00046312970704143197,-1.0,0.09003590312781788,-0.13349076835704818,1.0625599683749973,0.046570160278238557,0.18769464518068657,0.9024998346667837,0.0,0.0,0.0,0,0.0388
59,0,0.0,0.132848881410709,-0.1719310494595713,1.2232296204585889,0.9932425462709324,0.05398684952107102,0.08199964707487303,0.061892828628356565,0.039835532930482864,-0.03998656817643549,-0.19023395491180542,1.3059392180124494,-0.0867718367485309,-0.06455211694168098,0.006427104646829942,1.560760408644755,0.47297570298995345,0.5685278535488084,-0.2149213454155125,0.22885862489347075,-0.011881153178942491,0.027070185847609923,8.043926783091182e-05,0.99658203125,0.5685278535488084,-0.2149213454155125,0.22885862489347075,-0.011881153178942491,0.027070185847609923,8.043926783091182e-05,-1.0,0.09003590312781788,-0.13349076835704818,1.0625599683749973,0.046570160278238557,0.18769464518068657,0.9024998346667837,0.0,0.0,0.0,0,0.0378
60,0,0.0,0.13652150028909774,-0.1748621976327064,1.2183259397475328,0.9925604784381473,0.054456659373858074,0.08793323373439478,0.06423328807936916,0.03983456084532955,-0.039995171707005714,-0.1927345896183904,1.3126766138439825,-0.08344634657145703,-0.06944164094725991,0.0021934748393830097,1.5858135104480797,0.47061669195109734,0.6749463262891856,-0.27535530670665975,0.2622940105791949,-0.005684536758818845,0.02575915069967183,-1.2714042393890956e-07,0.9970703125,0.6749463262891856,-0.27535530670665975,0.2622940105791949,-0.005684536758818845,0.02575915069967183,-1.2714042393890956e-07,-1.0,0.09003590312781788,-0.13349076835704818,1.0625599683749973,0.046570160278238557,0.18769464518068657,0.9024998346667837,0.0,0.0,0.0,0,0.0385
61,0,0.0,0.14129006537177793,-0.1778407344496427,1.2160171480410507,0.9914227514782349,0.054960714962755675,0.09733310539507452,0.06772380863668927,0.03983370521834475,-0.04000236433674363,-0.194864931141304,1.3156755961158053,-0.08023470403945589,-0.07738470585993112,-0.0024088493374655137,1.617148239789787,0.4685464323529341,0.7291827679947059,-0.271601644514663,0.29972338431611467,-0.012770064889937358,0.021310995733453297,0.0018226878463420138,0.99951171875,0.7291827679947059,-0.271601644514663,0.29972338431611467,-0.012770064889937358,0.021310995733453297,0.0018226878463420138,-1.0,0.09003590312781788,-0.13349076835704818,1.0625599683749973,0.046570160278238557,0.18769464518068657,0.9024998346667837,0.0,0.0,0.0,0,0.0376
62,0,0.0,0.1467152814301169,-0.18101004752599448,1.213878300134273,0.9900430710098467,0.05552307482773827,0.10770701851568858,0.07163172390446511,0.039832882258016074,-0.04000480471818234,-0.19681132191302295,1.3160928626831592,-0.07719853215470941,-0.09073177649048488,-0.007123376650528674,1.6533917532402236,0.46648483315381833,0.7624642208594569,-0.2783582364602571,0.33760921383031417,-0.021124546695447097,0.00995649489863229,0.005790583452893322,1.0029296875,0.7624642208594569,-0.2783582364602571,0.33760921383031417,-0.021124546695447097,0.00995649489863229,0.005790583452893322,-1.0,0.09003590312781788,-0.13349076835704818,1.0625599683749973,0.046570160278238557,0.18769464518068657,0.9024998346667837,0.0,0.0,0.0,0,0.0392
63,0,0.0,0.15264104875476311,-0.1842648149447279,1.2119413629040832,0.9884030518911934,0.056313695136223196,0.11877060818631803,0.07603760506045791,0.03983162418593474,-0.040006167029643054,-0.1984519484979843,1.3138832045326505,-0.07453079012787008,-0.10929549531848304,-0.012051193776417758,1.6938771960854435,0.46425707408975514,0.7908150881146153,-0.26653420055546745,0.3672788393534825,-0.0254660430230597,-0.003194826429121722,0.010745417560566517,0.99609375,0.7908150881146153,-0.26653420055546745,0.3672788393534825,-0.0254660430230597,-0.003194826429121722,0.010745417560566517,-1.0,0.09003590312781788,-0.13349076835704818,1.0625599683749973,0.046570160278238557,0.18769464518068657,0.9024998346667837,0.0,0.0,0.0,0,0.0388
64,1,0.7975,0.15898566216772117,-0.18747423414302242,1.2102840540974091,0.9864740186253562,0.05741229989499902,0.13053214140017244,0.08083438908899979,0.039830291921038125,-0.040006915191779395,-0.19973614128203945,1.3090859715750538,-0.07223560801380806,-0.13279434573851492,-0.016950077875384738,1.7383319069532266,0.46183483345292725,0.06506883856929802,-0.026675186486876834,0.08598796660498365,-0.004789183658613874,0.02191969062356741,-0.0005842336002715998,0.9775390625,0.06506883856929802,-0.026675186486876834,0.08598796660498365,-0.004789183658613874,0.02191969062356741,-0.0005842336002715998,-1.0,0.09003590312781788,-0.13349076835704818,1.0625599683749973,0.046570160278238557,0.18769464518068657,0.9024998346667837,0.0,0.0,0.0,0,0.0566
65,0,0.0,0.16287459048578007,-0.18945801971672444,1.208165323882309,0.9855121891964125,0.05822622042529585,0.13586212471854336,0.08316799424803535,0.03983327288304311,-0.040005423057550824,-0.20021760821654888,1.3005064692337958,-0.06984070698987259,-0.15888268460390514,-0.020709677243480464,1.7666277231232477,0.4602660054504162,0.17515957038348628,-0.07322059766763622,0.13311702560909322,-0.005497736471725717,0.0344447585547617,0.0014399974071314658,0.986328125,0.17515957038348628,-0.07322059766763622,0.13311702560909322,-0.005497736471725717,0.0344447585547617,0.0014399974071314658,-1.0,0.09003590312781788,-0.13349076835704818,1.0625599683749973,0.046570160278238557,0.18769464518068657,0.9024998346667837,0.0,0.0,0.0,0,0.0574
66,0,0.0,0.16432240548840366,-0.19041394992303134,1.2075429913154734,0.9853875694936718,0.05860501345053731,0.1361978452540559,0.08382682884356037,0.03983220882960698,-0.04000639761022779,-0.2001551220915332,1.2887341241606203,-0.06772459185876664,-0.18297016677626238,-0.02393444805597553,1.7800972998158462,0.4594847341085156,0.34295356190993986,-0.16330849027555755,0.17031817145737338,-0.0053817914659437804,0.052986541361314754,0.0016615550298323123,0.98876953125,0.34295356190993986,-0.16330849027555755,0.17031817145737338,-0.0053817914659437804,0.052986541361314754,0.0016615550298323123,-1.0,0.09003590312781788,-0.13349076835704818,1.0625599683749973,0.046570160278238557,0.18769464518068657,0.9024998346667837,0.0,0.0,0.0,0,0.0597
67,0,0.0,0.16639237178740102,-0.19180169398929314,1.2073281260957722,0.9849064692675351,0.05905114282932966,0.1384302055845648,0.08549437120256445,0.03982956272323595,-0.04000759068744236,-0.20026043705661073,1.276705717801867,-0.06637120491107172,-0.2083833667624321,-0.02733781276181603,1.7990276920423889,0.4585971804206576,0.5122370011726246,-0.17269264575554938,0.2302279922253092,-0.008963203866763692,0.04310695506792411,0.0004429881049777262,0.99560546875,0.5122370011726246,-0.17269264575554938,0.2302279922253092,-0.008963203866763692,0.04310695506792411,0.0004429881049777262,-1.0,0.09003590312781788,-0.13349076835704818,1.0625599683749973,0.046570160278238557,0.18769464518068657,0.9024998346667837,0.0,0.0,0.0,0,0.0589
68,0,0.0,0.16964675370269536,-0.1936298221849924,1.2065616675775228,0.9839204482316224,0.059654988900260386,0.14344495411427408,0.0881213878133229,0.03982739791949986,-0.04000803864843875,-0.20047701669674658,1.2650756030331016,-0.0655836719877686,-0.23684451687754574,-0.03051245814950763,1.8274413456360716,0.4576684979515073,0.6202990024495324,-0.22167793736110658,0.2983540169842762,-0.0074333739293630935,0.032946432671403875,-0.0026688894138658104,0.99755859375,0.6202990024495324,-0.22167793736110658,0.2983540169842762,-0.0074333739293630935,0.032946432671403875,-0.0026688894138658104,-1.0,0.09003590312781788,-0.13349076835704818,1.0625599683749973,0.046570160278238557,0.18769464518068657,0.9024998346667837,0.0,0.0,0.0,0,0.0582
69,0,0.0,0.17397337399500726,-0.19582319152894376,1.2053053222448764,0.9824140375949255,0.06019498957332026,0.1511886237641634,0.09154901425466451,0.03982471353077154,-0.04000853702985874,-0.20079912605364594,1.253553641898963,-0.06533731917787675,-0.26863727671868637,-0.033335721004267925,1.8650212495352696,0.45715917960831026,0.6991883722030167,-0.21942574004590853,0.3875911214424206,-0.014689598874549459,0.03636448859281391,-0.0018732961323491837,0.99462890625,0.6991883722030167,-0.21942574004590853,0.3875911214424206,-0.014689598874549459,0.03636448859281391,-0.0018732961323491837,-1.0,0.09003590312781788,-0.13349076835704818,1.0625599683749973,0.046570160278238557,0.18769464518068657,0.9024998346667837,0.0,0.0,0.0,0,0.0598
70,0,0.0,0.17893120851617375,-0.1983016471737299,1.2037608873413128,0.9804486583833296,0.060758797315237756,0.16087348847273625,0.0956478830384958,0.03982212587291064,-0.04000879706697772,-0.2011541029515185,1.2416367954171093,-0.06559757002810956,-0.3035929551358244,-0.03602080596549624,1.909513414167119,0.45682812220411984,0.7484942282989441,-0.2759183560354592,0.3953508696561723,-0.013633211044091792,0.02053842144984691,-0.00159131370345722,0.99072265625,0.7484942282989441,-0.2759183560354592,0.3953508696561723,-0.013633211044091792,0.02053842144984691,-0.00159131370345722,-1.0,0.09003590312781788,-0.13349076835704818,1.0625599683749973,0.046570160278238557,0.18769464518068657,0.9024998346667837,0.0,0.0,0.0,0,0.0593
71,0,0.0,0.18427554416482927,-0.20109511951578235,1.2019040296251984,0.97801561453746,0.06136228825193629,0.17217607905215063,0.10037691519282096,0.03981880119446678,-0.04000930849256479,-0.20164072732506153,1.2294438554859193,-0.06636957346583872,-0.34146314890870577,-0.03862157636864286,1.9602413818711162,0.45660005541394216,0.7710927456762443,-0.2669095667746671,0.3766361827877125,-0.012628354327314989,-0.006806025921433367,0.004018122471286634,0.98193359375,0.7710927456762443,-0.2669095667746671,0.3766361827877125,-0.012628354327314989,-0.006806025921433367,0.004018122471286634,-1.0,0.09003590312781788,-0.13349076835704818,1.0625599683749973,0.046570160278238557,0.18769464518068657,0.9024998346667837,0.0,0.0,0.0,0,0.0607
72,1,0.8582,0.18991853289067478,-0.20405397910066364,1.1995397783558392,0.9750789952657981,0.06204252325505544,0.185151986878335,0.10531106330576745,0.03981589628016981,-0.04000945178892692,-0.20230208864530091,1.2174404251131619,-0.06735783172627138,-0.3818399617852732,-0.04050379216776652,2.017144097538833,0.4562541617904303,0.05063660360788591,-0.003308639341697228,0.11194888893775601,-0.002981568811527391,0.019765847166240524,-0.0011683400601192606,0.97705078125,0.05063660360788591,-0.003308639341697228,0.11194888893775601,-0.002981568811527391,0.019765847166240524,-0.0011683400601192606,-1.0,0.09003590312781788,-0.13349076835704818,1.0625599683749973,0.046570160278238557,0.18769464518068657,0.9024998346667837,0.0,0.0,0.0,0,0.0651
73,0,0.0,0.1930871084338559,-0.20584390990183146,1.1965585899935995,0.9734736522443556,0.06253998638703456,0.1919534301719502,0.10766466056216183,0.03981693522169261,-0.040007859273317396,-0.2021790903058911,1.2010554054205358,-0.06791115445994346,-0.4255126575631985,-0.04129669776894977,2.0581704978798383,0.4560569660713187,0.1405941108495704,-0.0382176977272668,0.1361981021057299,-0.005227198124901203,0.024658817629080926,-0.001218694065278525,0.98291015625,0.1405941108495704,-0.0382176977272668,0.1361981021057299,-0.005227198124901203,0.024658817629080926,-0.001218694065278525,-1.0,0.09003590312781788,-0.13349076835704818,1.0625599683749973,0.046570160278238557,0.18769464518068657,0.9024998346667837,0.0,0.0,0.0,0,0.0649
74,0,0.0,0.19383911779961843,-0.20653253128658064,1.1954685195778203,0.9730869003006123,0.06285595524822946,0.19343382302241252,0.10832529466431896,0.039814005140975925,-0.04000876830149712,-0.20135847050557495,1.180087436004175,-0.06803794143609582,-0.4681251393419194,-0.042414924474926424,2.0832277394496823,0.4561038657154024,0.2983728503565387,-0.11676307909479822,0.17054639934601323,-0.006100006362870794,0.05116045669097241,0.00023150128330873265,0.9833984375,0.2983728503565387,-0.11676307909479822,0.17054639934601323,-0.006100006362870794,0.05116045669097241,0.00023150128330873265,-1.0,0.09003590312781788,-0.13349076835704818,1.0625599683749973,0.046570160278238557,0.18769464518068657,0.9024998346667837,0.0,0.0,0.0,0,0.0697
75,0,0.0,0.19499182753672503,-0.20754142983038795,1.1946213893297297,0.9721173742573032,0.06337605614821251,0.1970827904968184,0.11013473504835469,0.03981019868313757,-0.04000965502489597,-0.2004233317286118,1.1594827632498963,-0.06923366671125035,-0.5118712392377502,-0.043670404058654626,2.1148632315599722,0.45601325823486705,0.5029921531546381,-0.15542579967236447,0.222924699788837,-0.007562201713565253,0.04975577617532445,0.001288935391653645,0.9833984375,0.5029921531546381,-0.15542579967236447,0.222924699788837,-0.007562201713565253,0.04975577617532445,0.001288935391653645,-1.0,0.09003590312781788,-0.13349076835704818,1.0625599683749973,0.046570160278238557,0.18769464518068657,0.9024998346667837,0.0,0.0,0.0,0,0.0636
76,0,0.0,0.1971086630142378,-0.20905803325790862,1.1925142022881678,0.9702536584522076,0.06416333092237225,0.2041359199058818,0.11322292801915525,0.039806690264283275,-0.040010052982547006,-0.1994651907771803,1.1429728256030405,-0.07188285233203984,-0.5546713731794839,-0.04411048056069107,2.157249147067164,0.455561921786172,0.6391995806196381,-0.17081581465955098,0.31090655085946284,-0.014992344167424523,0.040953111610597254,0.002950617561909896,0.9892578125,0.6391995806196381,-0.17081581465955098,0.31090655085946284,-0.014992344167424523,0.040953111610597254,0.002950617561909896,-1.0,0.09003590312781788,-0.13349076835704818,1.0625599683749973,0.046570160278238557,0.18769464518068657,0.9024998346667837,0.0,0.0,0.0,0,0.0777
77,0,0.0,0.20027040802510637,-0.21095021287036192,1.1891372334730645,0.967334927492111,0.06524388197499525,0.2149000933337115,0.11757688464926089,0.039803131956599264,-0.040010344466338645,-0.19857498631359924,1.1314502910649775,-0.07530088811110283,-0.5951639426155843,-0.04429954474814996,2.2103672203974853,0.4549636723279575,0.7172671861048566,-0.13665748871238081,0.41383732863599265,-0.024383889635761602,0.04685276977631869,0.003877131256840638,0.99169921875,0.7172671861048566,-0.13665748871238081,0.41383732863599265,-0.024383889635761602,0.04685276977631869,0.003877131256840638,-1.0,0.09003590312781788,-0.13349076835704818,1.0625599683749973,0.046570160278238557,0.18769464518068657,0.9024998346667837,0.0,0.0,0.0,0,0.0593
78,0,0.0,0.20400566709654863,-0.21291101875016055,1.184908554962512,0.963539505451841,0.06669278887031854,0.22809419090823188,0.12295012574307815,0.03979987513415413,-0.04001043070498444,-0.19753993061754918,1.1245222156965364,-0.07924522924555938,-0.6320301969381127,-0.044781491524753136,2.2698254699433216,0.4543600359966436,0.7604098101887934,-0.16743751868675394,0.4067622640881601,-0.0217944511732983,0.02945814272421146,0.0019032542545968645,0.99609375,0.7604098101887934,-0.16743751868675394,0.4067622640881601,-0.0217944511732983,0.02945814272421146,0.0019032542545968645,-1.0,0.09003590312781788,-0.13349076835704818,1.0625599683749973,0.046570160278238557,0.18769464518068657,0.9024998346667837,0.0,0.0,0.0,0,0.0595
79,0,0.0,0.20805301004469473,-0.21488988152359925,1.1799313224545465,0.9589851049309464,0.06824698160684106,0.24299000310542196,0.12901851190028243,0.03979600305438864,-0.04001081490247823,-0.19651538271063543,1.1227471874931747,-0.08361179177670312,-0.6635755493970397,-0.045453243355454594,2.3330223974015403,0.45420641232224296,0.7965674379924735,-0.21022926767551658,0.37275630868083653,-0.01557206919633422,0.0003929617212624359,0.0023665111020622354,0.98681640625,0.7965674379924735,-0.21022926767551658,0.37275630868083653,-0.01557206919633422,0.0003929617212624359,0.0023665111020622354,-1.0,0.09003590312781788,-0.13349076835704818,1.0625599683749973,0.046570160278238557,0.18769464518068657,0.9024998346667837,0.0,0.0,0.0,0,0.0592
80,1,0.8836,0.2124238653521886,-0.21709963460121398,1.1739690159179192,0.9535845477185294,0.06967318171045478,0.25975505805666466,0.1354602078721548,0.03979151841946417,-0.040011359548794354,-0.1960228183179224,1.127597762174863,-0.0882114734310506,-0.6879318773356576,-0.04550049131893962,2.3998089083004075,0.4542949634455145,0.05176652947675087,-0.005373153547295395,0.11816809890318924,-0.0004951925764258014,0.013678898265099382,-0.001077702850832557,0.97607421875,0.05176652947675087,-0.005373153547295395,0.11816809890318924,-0.0004951925764258014,0.013678898265099382,-0.001077702850832557,-1.0,0.09003590312781788,-0.13349076835704818,1.0625599683749973,0.046570160278238557,0.18769464518068657,0.9024998346667837,0.0,0.0,0.0,0,0.0409
81,0,0.0,0.21441184236850747,-0.21847704564048748,1.1676907535035572,0.9501408589671861,0.07052092804041554,0.2699780328078219,0.13917977091026484,0.039789360647639396,-0.040010748669671053,-0.1950450521719639,1.1271128569300888,-0.09198667423909605,-0.7152041065059592,-0.044438140783364895,2.4481721834584564,0.45441372511362277,0.1555399484786485,-0.024892196945678347,0.13711101366028888,-0.00585845426749175,0.026110320828583805,-0.0006648000085264505,0.9833984375,0.1555399484786485,-0.024892196945678347,0.13711101366028888,-0.00585845426749175,0.026110320828583805,-0.0006648000085264505,-1.0,0.09003590312781788,-0.13349076835704818,1.0625599683749973,0.046570160278238557,0.18769464518068657,0.9024998346667837,0.0,0.0,0.0,0,0.0389
82,0,0.0,0.2144222170819907,-0.21898126535036527,1.1642490338529148,0.9485867487783228,0.07098604823705174,0.2743854391087912,0.14091412918132903,0.03978355005873274,-0.04001202369488,-0.19337780317258013,1.1193477431294583,-0.09517773874158265,-0.7429917543435396,-0.04332619215592708,2.4781353097086662,0.45443134494363907,0.24105479264502283,-0.09630562014841604,0.17944728700296353,-0.009298156105689293,0.039735721830369025,2.0014461639766834e-05,0.98681640625,0.24105479264502283,-0.09630562014841604,0.17944728700296353,-0.009298156105689293,0.039735721830369025,2.0014461639766834e-05,-1.0,0.09003590312781788,-0.13349076835704818,1.0625599683749973,0.046570160278238557,0.18769464518068657,0.9024998346667837,0.0,0.0,0.0,0,0.0381
83,0,0.0,0.21482855484232588,-0.21982923704398932,1.161579814628137,0.9464448369736085,0.07163818970337177,0.2801989773364805,0.14352237958455277,0.039777552167496524,-0.04001285628889479,-0.19206827632042806,1.114550310393472,-0.09867619454301775,-0.7654465954848017,-0.04276118457495895,2.5092087317892777,0.4542677730242353,0.4430033615712595,-0.18357826611233985,0.2524802113676854,-0.004238444881149661,0.04057853013975779,0.0040382640733503394,0.9853515625,0.4430033615712595,-0.18357826611233985,0.2524802113676854,-0.004238444881149661,0.04057853013975779,0.0040382640733503394,-1.0,0.09003590312781788,-0.13349076835704818,1.0625599683749973,0.046570160278238557,0.18769464518068657,0.9024998346667837,0.0,0.0,0.0,0,0.0386
84,0,0.0,0.21625235451774202,-0.2213256560953207,1.1581670729833204,0.9431660100647989,0.07256642572068628,0.288950680249721,0.14723958604870604,0.039771799865602454,-0.04001328326075643,-0.19174196585862083,1.1178855004849817,-0.10235066939348239,-0.7785935677327667,-0.041972194641581646,2.546042015211161,0.4534787676418691,0.6186554739130016,-0.16049324363156003,0.32916478195064314,-0.011733001227110018,0.03332101414224334,0.009234797405788087,0.98876953125,0.6186554739130016,-0.16049324363156003,0.32916478195064314,-0.011733001227110018,0.03332101414224334,0.009234797405788087,-1.0,0.09003590312781788,-0.13349076835704818,1.0625599683749973,0.046570160278238557,0.18769464518068657,0.9024998346667837,0.0,0.0,0.0,0,0.0377
85,0,0.0,0.2190499882444668,-0.22317360375036874,1.1533912164795987,0.9384462629425199,0.07399827308926399,0.30124992904893666,0.15195837389573083,0.03976702388658636,-0.0400131895595818,-0.19246810240611445,1.132469556275739,-0.10580624007998683,-0.7787692622903714,-0.04059077727513768,2.589072124092192,0.4517805371228565,0.7123366004952639,-0.13609443938358134,0.3725280807921969,-0.02085400834862257,0.04193638797155083,0.004561945727006855,0.99072265625,0.7123366004952639,-0.13609443938358134,0.3725280807921969,-0.02085400834862257,0.04193638797155083,0.004561945727006855,-1.0,0.09003590312781788,-0.13349076835704818,1.0625599683749973,0.046570160278238557,0.18769464518068657,0.9024998346667837,0.0,0.0,0.0,0,0.0402
86,0,0.0,0.22279503103001017,-0.2251825368538844,1.1471750702152288,0.9326250111461978,0.07584653960451643,0.3156541091447875,0.15754483296694963,0.03976210671880113,-0.040013296501371004,-0.1940549863326999,1.1583694664936597,-0.10933102083911254,-0.7646054779114398,-0.039290896246723994,2.6339675013909454,0.4499556555680897,0.7830083275660934,-0.16631142002915494,0.35723681225333315,-0.016795933146254688,0.015715685012788916,0.0017622630401508688,0.98828125,0.7830083275660934,-0.16631142002915494,0.35723681225333315,-0.016795933146254688,0.015715685012788916,0.0017622630401508688,-1.0,0.09003590312781788,-0.13349076835704818,1.0625599683749973,0.046570160278238557,0.18769464518068657,0.9024998346667837,0.0,0.0,0.0,0,0.039
87,0,0.0,0.22722990906021837,-0.2273237748351087,1.139732301987141,0.9257359625990469,0.07762575321071374,0.3319153103859951,0.1637662868866878,0.03975678495157634,-0.04001362615318862,-0.19673277399324024,1.1967095418495082,-0.11303116442890761,-0.7332569109632352,-0.03785096904455345,2.678658161977462,0.4489292601129387,0.8027306700044644,-0.20422340816832185,0.3469665572645442,-0.007600850048825894,-0.000321084207525274,0.004159113685732629,0.98388671875,0.8027306700044644,-0.20422340816832185,0.3469665572645442,-0.007600850048825894,-0.000321084207525274,0.004159113685732629,-1.0,0.09003590312781788,-0.13349076835704818,1.0625599683749973,0.046570160278238557,0.18769464518068657,0.9024998346667837,0.0,0.0,0.0,0,0.0393
88,1,0.7903,0.23248290089715276,-0.22744974761275885,1.132269799835407,0.9176979916301878,0.08079105908700279,0.35018766436664045,0.1693274952716081,0.039821086232459196,-0.03995583992304979,-0.19908594215152334,1.2458353911136535,-0.11357361064123192,-0.6825774464468178,-0.03548126256429964,2.718416206685068,0.4447617793133306,0.030169537301399263,-0.005842361321295009,0.10510205227856328,-0.004372103707259392,0.0019029932755839918,-0.0007352956157494484,0.9814453125,0.030169537301399263,-0.005842361321295009,0.10510205227856328,-0.004372103707259392,0.0019029932755839918,-0.0007352956157494484,-1.0,0.0903488953967706,-0.13283282298530216,1.062738535260984,0.046570160278238557,0.18769464518068657,0.9024998346667837,0.0,0.0,760.6367158886624,1,0.0454
89,0,0.0,0.2355376265716843,-0.2222874868670618,1.1337653497508415,0.9162858016787843,0.09325101623896151,0.35003384467426135,0.17088266499215865,0.039778464286367964,-0.04003632187984201,-0.19744274130405776,1.266636407599643,-0.10966945293769573,-0.6400036831940483,-0.033423403527362554,2.696840577204358,0.41999903675352673,0.14359868645541607,-0.04581886366606014,0.16118905591178323,-0.009027617758864764,0.019227386301908816,-0.0014301808869475185,0.98193359375,0.14359868645541607,-0.04581886366606014,0.16118905591178323,-0.009027617758864764,0.019227386301908816,-0.0014301808869475185,-1.0,0.09179198841958652,-0.12980049119807913,1.0625397861188557,0.046570160278238557,0.18769464518068657,0.9024998346667837,0.0,0.0,25.245370389212983,1,0.0569
90,0,0.0,0.23614418827215433,-0.22368972076920118,1.1358721388242055,0.9166095006423077,0.09736061106156793,0.34743241165860184,0.1721588048142293,0.03976591679359384,-0.04003035567192445,-0.20038164754061738,1.2848603090577855,-0.11051695314785016,-0.5993467186036978,-0.028475477874917873,2.6713187559338114,0.40659504862102475,0.25646287267500034,-0.11939064262919585,0.2125403308557281,-0.014129198013270089,0.02573573935774437,-0.0011582692590874077,0.9814453125,0.25646287267500034,-0.11939064262919585,0.2125403308557281,-0.014129198013270089,0.02573573935774437,-0.0011582692590874077,-1.0,0.09106961981691689,-0.1313189959270184,1.0625592513203932,0.046570160278238557,0.18769464518068657,0.9024998346667837,0.0,0.0,0.0,0,0.0416
91,0,0.0,0.2374823650247755,-0.22512150755859667,1.1366149314608638,0.9145664215026044,0.09914334058950133,0.3513160516425331,0.17411459024152715,0.03976264719446976,-0.04002146446333357,-0.20399155590916354,1.3121978932802878,-0.11137522829266422,-0.5525608539376695,-0.02370943258886915,2.6619768474742194,0.3988248967246457,0.46765628961922323,-0.157114947658763,0.28283452055677283,-0.012995513512291126,0.02786617147314377,0.004018122471286634,0.9794921875,0.46765628961922323,-0.157114947658763,0.28283452055677283,-0.012995513512291126,0.02786617147314377,0.004018122471286634,-1.0,0.09081854162247645,-0.13184679081372216,1.0625267091582724,0.046570160278238557,0.18769464518068657,0.9024998346667837,0.0,0.0,309.3464715460978,1,0.0418
92,0,0.0,0.23895414514856994,-0.22355179630079247,1.1373881298362016,0.9126430074941227,0.1071836052228608,0.3530737129081498,0.17587884721240604,0.03975694996777341,-0.040018597093749414,-0.20668446299192747,1.3461984513475622,-0.10851407448718217,-0.4905584119135598,-0.019472542757634943,2.639722254036755,0.3785082268730934,0.6416648734244345,-0.18038765324914263,0.337837441718954,-0.009150004153856806,0.030277539691672767,0.009738337457380897,0.97998046875,0.6416648734244345,-0.18038765324914263,0.337837441718954,-0.009150004153856806,0.030277539691672767,0.009738337457380897,-1.0,0.09125274936887162,-0.13093403351127794,1.0625587866297441,0.046570160278238557,0.18769464518068657,0.9024998346667837,0.0,0.0,202.32488626234857,1,0.043
93,0,0.0,0.23955452719689546,-0.2231910355028046,1.1383748126975106,0.909731282453025,0.1142660891700071,0.35727816765947706,0.17800158849305908,0.03974822401973588,-0.04001794239314031,-0.21245136391431263,1.3973406960388894,-0.10587581976521494,-0.3998992941847562,-0.012378444545238282,2.612210837733672,0.3578279268150286,0.7267174751899094,-0.16781288490595359,0.3476512409304635,-0.014683157485339354,0.03683271543136324,0.004622370533198,0.98291015625,0.7267174751899094,-0.16781288490595359,0.3476512409304635,-0.014683157485339354,0.03683271543136324,0.004622370533198,-1.0,0.09109845463684962,-0.13125838000355045,1.0625599263923524,0.046570160278238557,0.18769464518068657,0.9024998346667837,0.0,0.0,144.11862925115864,1,0.0404
94,0,0.0,0.2395338879910897,-0.22291815746541652,1.1398478577700621,0.9035106044366568,0.1172778507874743,0.37047233980745903,0.1807338895248036,0.03973961117632361,-0.04001771130078319,-0.219605241366038,1.4578755324458403,-0.10236384238995574,-0.30093268527666345,-0.005106418165231155,2.6045203889997177,0.3453973723890127,0.7846518561026244,-0.19371315403073103,0.33738098594167454,-0.01809709376669645,0.011173884678860518,0.0013997142030040544,0.9912109375,0.7846518561026244,-0.19371315403073103,0.33738098594167454,-0.01809709376669645,0.011173884678860518,0.0013997142030040544,-1.0,0.09100175924545606,-0.13146164557487985,1.062559966894156,0.046570160278238557,0.18769464518068657,0.9024998346667837,0.0,0.0,186.04120050454728,1,0.0431
95,0,0.0,0.2396176386179494,-0.22230852602586457,1.1414856628344463,0.8956311614473265,0.11922292538577889,0.3871423904253634,0.1837157757044973,0.039732600833289965,-0.04001703594124672,-0.2243236364515675,1.4989031036529084,-0.09750942250232601,-0.24129059086079407,0.0011926757113697355,2.622910468047043,0.3346617320953436,0.8162897804308445,-0.2440122274034871,0.33076237717112145,-0.010676613396652337,-0.0003679068913802208,0.0010975901720483572,0.9970703125,0.8162897804308445,-0.2440122274034871,0.33076237717112145,-0.010676613396652337,-0.0003679068913802208,0.0010975901720483572,-1.0,0.09110340379170058,-0.13124797607279973,1.0625599683451608,0.046570160278238557,0.18769464518068657,0.9024998346667837,0.0,0.0,408.9208735512472,1,0.0503
96,1,0.8015,0.2407883347431036,-0.22122270035631858,1.1423704785653404,0.8919717555803741,0.12675454415032542,0.3926306830638521,0.1848264577946582,0.039725531942743024,-0.04001690452157745,-0.22428341221839168,1.4965200952470024,-0.08994624978394893,-0.2494776474174732,0.007057084757776772,2.6402990635363537,0.31018886583212046,0.058674485356857486,0.007764664124693121,0.11908101045774822,-0.006431737907191343,5.349726331418947e-05,-0.00032239277344334183,0.98681640625,0.058674485356857486,0.007764664124693121,0.11908101045774822,-0.006431737907191343,5.349726331418947e-05,-0.00032239277344334183,-1.0,0.0912777117408105,-0.13088155941842464,1.0625599683484122,0.046570160278238557,0.18769464518068657,0.9024998346667837,0.0,0.0,418.32343721819365,1,0.0479
97,0,0.0,0.24176037677070827,-0.22116434073350125,1.1435584592639794,0.8932402902089419,0.134384293347577,0.38782174343015513,0.183458281284089,0.03971295360325027,-0.04001954190914994,-0.2234468964707213,1.4709149780551902,-0.08312132253476323,-0.2870410212694778,0.01128054695690205,2.6418880930035558,0.28701095570552093,0.18486666080237202,-0.05651680091325073,0.17134519695625228,-0.009813467242497903,0.026414668273640862,-0.0006950124116220091,0.986328125,0.18486666080237202,-0.05651680091325073,0.17134519695625228,-0.009813467242497903,0.026414668273640862,-0.0006950124116220091,-1.0,0.09108280604908506,-0.13129127531035872,1.0625599683759508,0.046570160278238557,0.18769464518068657,0.9024998346667837,0.0,0.0,0.0,0,0.0412
98,0,0.0,0.2426137538930815,-0.22267766753041407,1.1457407826478199,0.8933529469974254,0.13662294228976676,0.38686282682934503,0.18328075989778506,0.03970409337128941,-0.040019239644759494,-0.22378296570920633,1.4451563721927154,-0.07935429271533775,-0.3278971615178368,0.012750930832229926,2.655573960649848,0.27725862396928946,0.28460829886309214,-0.10906807160120491,0.21573552129668472,-0.01249952654311283,0.029411320040356514,0.0003019968905317305,0.982421875,0.28460829886309214,-0.10906807160120491,0.21573552129668472,-0.01249952654311283,0.029411320040356514,0.0003019968905317305,-1.0,0.09093576033545693,-0.1316003834381435,1.062559968383147,0.046570160278238557,0.18769464518068657,0.9024998346667837,0.0,0.0,0.0,0,0.0445
99,0,0.0,0.2438274893366384,-0.22374616932018768,1.1453026915971054,0.8914540460166276,0.13809123452242114,0.3900285262983022,0.18471124346458123,0.03970191636953971,-0.04001604483424833,-0.22307422195082866,1.419227211626044,-0.07624116100440892,-0.3807902170260151,0.012731025689992934,2.6904411928133616,0.27060127135672013,0.4884058373929262,-0.15429970101476542,0.29493059865467997,-0.00728522197753062,0.030535064452874877,0.001681696631896018,0.984375,0.4884058373929262,-0.15429970101476542,0.29493059865467997,-0.00728522197753062,0.030535064452874877,0.001681696631896018,-1.0,0.09103586785428436,-0.13138995277310112,1.0625599712012375,0.046570160278238557,0.18769464518068657,0.9024998346667837,0.0,0.0,421.7777270448428,1,0.048
100,0,0.0,0.24486999211924848,-0.22258046116487665,1.1459941391299049,0.8898439735466959,0.1450332257767432,0.3906203926844517,0.18589990581617627,0.03969339822705716,-0.040017585926577615,-0.22118727186275547,1.3913577367635603,-0.07070751718182326,-0.43125323009502053,0.013813759456995365,2.715579384419125,0.2518442099715443,0.617833709644736,-0.1854550972083382,0.34171731582582976,-0.005755392040130036,0.02671901571869792,0.003031183970164747,0.98193359375,0.617833709644736,-0.1854550972083382,0.34171731582582976,-0.005755392040130036,0.02671901571869792,0.003031183970164747,-1.0,0.09123400880900712,-0.13097343621748697,1.0625599684338267,0.046570160278238557,0.18769464518068657,0.9024998346667837,0.0,0.0,247.75934499376035,1,0.0431
101,0,0.0,0.24563566933025902,-0.22192150140532993,1.1468235400175282,0.8868416140464899,0.15129460954634383,0.39431605870035275,0.18744796229528482,0.03968616046811899,-0.04001797637145464,-0.22123789548645864,1.3790320598285826,-0.06456319215264875,-0.4567469490568979,0.01821723664935216,2.7384629490542776,0.23117291850118532,0.6794660297646454,-0.1786985052627441,0.33030592139384196,-0.015430358633711852,0.029598610775776246,0.0031923167866744484,0.97900390625,0.6794660297646454,-0.1786985052627441,0.33030592139384196,-0.015430358633711852,0.029598610775776246,0.0031923167866744484,-1.0,0.09121341238747054,-0.1310167322990552,1.062559968391033,0.046570160278238557,0.18769464518068657,0.9024998346667837,0.0,0.0,422.3487249038461,1,0.0431
102,0,0.0,0.24659289445079496,-0.2208189023596473,1.148091211493923,0.882081655920151,0.15932073574334926,0.4006406790615172,0.18983124540624735,0.03967861686037629,-0.04001846948005863,-0.2226158269331188,1.3926502280064632,-0.05778055717549502,-0.43678501867023073,0.0268207407946603,2.7477679888587314,0.20328377312650822,0.7484942282989441,-0.1972791331131279,0.3362398464984757,-0.022077872298543036,0.016745784057597413,0.0009565989576023892,0.98681640625,0.7484942282989441,-0.1972791331131279,0.3362398464984757,-0.022077872298543036,0.016745784057597413,0.0009565989576023892,-1.0,0.09128221129757429,-0.13087210855425932,1.062559968365051,0.046570160278238557,0.18769464518068657,0.9024998346667837,0.0,0.0,483.36678553882956,1,0.0458
103,0,0.0,0.2471550725006833,-0.21990698074741455,1.1495687998622734,0.8763894569238343,0.16657974948915505,0.4089444571337219,0.19224239343204658,0.03967035179937703,-0.04001916680221539,-0.22514743952375058,1.4247283062599616,-0.05070895997320052,-0.3848483488821453,0.038189635920305894,2.7476184873871143,0.17470387176566643,0.80807213774819,-0.24532600917068592,0.35404162181237653,-0.014470591641405794,0.014966522071110017,0.005287043401300512,0.994140625,0.80807213774819,-0.24532600917068592,0.35404162181237653,-0.014470591641405794,0.014966522071110017,0.005287043401300512,-1.0,0.09125391995870448,-0.1309315804608491,1.0625599683734388,0.046570160278238557,0.18769464518068657,0.9024998346667837,0.0,0.0,435.937313632951,1,0.0421
104,1,0.8036,0.24757873815042536,-0.2191558807031112,1.1506975919078082,0.8713699309126152,0.17172590585588784,0.4169140128458679,0.19340983080513968,0.03966298692433915,-0.040019263661103144,-0.22677513641795677,1.4408346800744107,-0.04278049740125501,-0.3618077631963303,0.0501239462463159,2.757763151132978,0.1490560133065477,0.024160386089708163,-0.004622421108896102,0.09038135346129894,-0.0031876932662508323,-0.000976601781494335,0.0011378733761757964,0.986328125,0.024160386089708163,-0.004622421108896102,0.09038135346129894,-0.0031876932662508323,-0.000976601781494335,0.0011378733761757964,-1.0,0.0912674124951176,-0.1309032174423604,1.06255996837905,0.046570160278238557,0.18769464518068657,0.9024998346667837,0.0,0.0,478.0910123049688,1,0.0448
105,0,0.0,0.24785906521475548,-0.21898248306629267,1.1511350636813107,0.8699845713129362,0.17653364285022408,0.418219647657004,0.1924968699307251,0.03965426571226115,-0.0400200714691853,-0.227794765984592,1.4360430724043325,-0.036299431086453615,-0.37011541937035086,0.05986508996050679,2.7626369388218572,0.1270697369488449,0.16807185356969678,-0.06224113575604573,0.15559747264010926,-0.007681367413952242,0.026344434247858484,5.022686473532545e-05,0.98681640625,0.16807185356969678,-0.06224113575604573,0.15559747264010926,-0.007681367413952242,0.026344434247858484,5.022686473532545e-05,-1.0,0.09105306276640673,-0.13135380718503753,1.062559968352101,0.046570160278238557,0.18769464518068657,0.9024998346667837,0.0,0.0,36.463943859943896,1,0.0422
106,0,0.0,0.2481966325110671,-0.21879949275975352,1.1512143427592916,0.8691685536527131,0.17903134337375942,0.41918787439028415,0.19176894794306965,0.039647983693152034,-0.04001955158091287,-0.2279115118650153,1.427623875710506,-0.0324901777889816,-0.3859538639343664,0.0665519331216942,2.7714018570201553,0.11396162393965699,0.279985874854099,-0.11695076220439804,0.20192773403397957,-0.011050213970838593,0.03191633362659538,0.0013292185957810565,0.98291015625,0.279985874854099,-0.11695076220439804,0.20192773403397957,-0.011050213970838593,0.03191633362659538,0.0013292185957810565,-1.0,0.09100866221734145,-0.13144714231421853,1.062559968403399,0.046570160278238557,0.18769464518068657,0.9024998346667837,0.0,0.0,182.97699744289744,1,0.0433
107,0,0.0,0.24881377943301575,-0.21804818238967294,1.1514659819429265,0.8679538004634809,0.18238184726711507,0.42011132942803037,0.19209251139658393,0.039640734248785385,-0.04001985090338709,-0.2270081371424117,1.4119340394735735,-0.029283976759513275,-0.41507628116975,0.07146805080743678,2.7869340720926994,0.10060131743196132,0.5013486246181073,-0.14285103132917543,0.2826062926681332,-0.007900374647095906,0.03332101414224334,0.0030513255722284527,0.98681640625,0.5013486246181073,-0.14285103132917543,0.2826062926681332,-0.007900374647095906,0.03332101414224334,0.0030513255722284527,-1.0,0.09118179506139333,-0.13108319579808791,1.0625599683615716,0.046570160278238557,0.18769464518068657,0.9024998346667837,0.0,0.0,264.23318356435357,1,0.0426
108,0,0.0,0.24941769388483437,-0.2172554786661711,1.1520413793076034,0.8655916537414335,0.18682708192445854,0.4223168904079553,0.19363670754512347,0.03963337383846906,-0.04002017502451036,-0.22626639501609325,1.397973221041459,-0.025397192675120094,-0.4424288164021466,0.07710605647874912,2.8064912802889435,0.08316524559555187,0.6248187059249924,-0.17381874441314837,0.33806566960759366,-0.011108186473729562,0.025173867151485174,0.005810725054957028,0.98388671875,0.6248187059249924,-0.17381874441314837,0.33806566960759366,-0.011108186473729562,0.025173867151485174,0.005810725054957028,-1.0,0.09129244784335754,-0.13085059002541963,1.0625599683719569,0.046570160278238557,0.18769464518068657,0.9024998346667837,0.0,0.0,498.287359991778,1,0.0411
109,0,0.0,0.2500713021420289,-0.216182825356605,1.1531783564334048,0.8613701516515432,0.19347370529482028,0.4265855099607571,0.19655581877627032,0.03962602830750218,-0.04002048616822815,-0.22593128973950405,1.3993961655829983,-0.02053836534391113,-0.44311480972258765,0.0854571636483304,2.8200407550737547,0.05787428575656254,0.6901489652520966,-0.16537300448115572,0.32665427517560586,-0.020158338313930935,0.031213993368771398,0.0038167064506495207,0.98486328125,0.6901489652520966,-0.16537300448115572,0.32665427517560586,-0.020158338313930935,0.031213993368771398,0.0038167064506495207,-1.0,0.09136759321453003,-0.13069262524036632,1.0625599683684694,0.046570160278238557,0.18769464518068657,0.9024998346667837,0.0,0.0,551.848174168653,1,0.0418
110,0,0.0,0.250684923977673,-0.2150308225822483,1.1545250318175153,0.8564572422748555,0.20100783297254934,0.4313674874352618,0.1999973350382867,0.03961860170659639,-0.04002082217268961,-0.22579406863502122,1.408067330001148,-0.01509951358408763,-0.4308204858811255,0.09448304366723874,2.829250847401717,0.029658221735933212,0.756300988847466,-0.18658119586593724,0.32756718673016505,-0.02732116311557073,0.014357827180995902,0.00028185528846802477,0.99072265625,0.756300988847466,-0.18658119586593724,0.32756718673016505,-0.02732116311557073,0.014357827180995902,0.00028185528846802477,-1.0,0.0914022412041996,-0.13061979089665546,1.0625599683768785,0.046570160278238557,0.18769464518068657,0.9024998346667837,0.0,0.0,605.9577560184426,1,0.0421
111,0,0.0,0.2513622118235666,-0.21373705792980213,1.1558587840639085,0.8517527314110366,0.2089342160240535,0.435091059990357,0.20386158888991074,0.039611163711057426,-0.040021151008992645,-0.22580854891944901,1.4053076487469904,-0.007292249492431828,-0.4384695529296679,0.09875854693799481,2.845172612214172,0.002195585483107456,0.8117700769553845,-0.25320869977387905,0.34217377160310924,-0.017607548186728272,0.012133749697886637,0.003353449603184122,1.0009765625,0.8117700769553845,-0.25320869977387905,0.34217377160310924,-0.017607548186728272,0.012133749697886637,0.003353449603184122,-1.0,0.09146937841428938,-0.13047866020523016,1.062559968374004,0.046570160278238557,0.18769464518068657,0.9024998346667837,0.0,0.0,621.7800436016553,1,0.0433
112,1,0.8227,0.25209061743947675,-0.21221710410485023,1.1573793656494622,0.8469550468240852,0.2183453593789021,0.43724988457115604,0.20929641931820092,0.03960317614191981,-0.040021717438418515,-0.22640765760216608,1.3889269126928911,0.0033273431458412345,-0.46988704164355666,0.09407064473187567,2.869994575268857,-0.024073369060989953,0.0328916314400286,0.00241569550109777,0.10818312877519998,-0.00495021838886657,0.0005100184308997613,-0.0009870656415458534,0.98828125,0.0328916314400286,0.00241569550109777,0.10818312877519998,-0.00495021838886657,0.0005100184308997613,-0.0009870656415458534,-1.0,0.09151821486274825,-0.13037600000148267,1.0625599683702862,0.046570160278238557,0.18769464518068657,0.9024998346667837,0.0,0.0,548.1633101435069,1,0.0444
113,0,0.0,0.2523758763498206,-0.21143325442726607,1.1586485011511143,0.8434231022979998,0.22659895669349528,0.43776789889875456,0.21365778719533146,0.03959386739143196,-0.040022713714150025,-0.2303705407179635,1.3727534123403233,0.019359611181377,-0.4993269829380518,0.07942762548261342,2.888366336555357,-0.042506117612119435,0.1658633620987333,-0.05792442423524957,0.15730918180490727,-0.009156445543066924,0.024963165074137983,-0.0018732961323491837,0.9873046875,0.1658633620987333,-0.05792442423524957,0.15730918180490727,-0.009156445543066924,0.024963165074137983,-0.0018732961323491837,-1.0,0.09127104522323691,-0.1308955811827193,1.0625599683750577,0.046570160278238557,0.18769464518068657,0.9024998346667837,0.0,0.0,172.38461452509964,1,0.0436
114,0,0.0,0.25288966719512906,-0.210461598738996,1.1595814258879287,0.83932234512314,0.23207085656484694,0.4411151132020838,0.21702206204661098,0.0395864962605321,-0.040022537693987954,-0.23441888220924736,1.3833778483623793,0.03727219497052279,-0.48352277969283114,0.06327663539468713,2.8934363219647072,-0.05508332072374966,0.2890252818050191,-0.1083173391628055,0.1948526694861472,-0.011945567071043564,0.03299325535525882,-0.00036267597757078107,0.98046875,0.2890252818050191,-0.1083173391628055,0.1948526694861472,-0.011945567071043564,0.03299325535525882,-0.00036267597757078107,-1.0,0.09134529155133925,-0.1307395059863869,1.0625599683875935,0.046570160278238557,0.18769464518068657,0.9024998346667837,0.0,0.0,677.7509373646951,1,0.0428
115,0,0.0,0.25319613904320215,-0.20935335997887805,1.1608595880303216,0.8347090573086802,0.23890075140481642,0.444216078715176,0.2210413898707215,0.03957683142635961,-0.04002362011067449,-0.23762369200825356,1.4216424145307436,0.057498874896809764,-0.4164490385985515,0.04136525656223666,2.8746469914645334,-0.06732948921848686,0.5155240582456863,-0.1274610163419888,0.2821498368908537,-0.00945274944673187,0.03655177932823364,0.0015407054174500223,0.9833984375,0.5155240582456863,-0.1274610163419888,0.2821498368908537,-0.00945274944673187,0.03655177932823364,0.0015407054174500223,-1.0,0.09138329959966274,-0.13065960857369324,1.0625599683479743,0.046570160278238557,0.18769464518068657,0.9024998346667837,0.0,0.0,353.4067987376045,1,0.0467
116,0,0.0,0.25339314384694667,-0.20894826784065906,1.161377166588896,0.83336753999594,0.24367335047109062,0.44329753541825895,0.22273108593863772,0.039568605304554694,-0.0400236852674927,-0.24194128318057959,1.414488221638619,0.07305826549614668,-0.42842708216668296,0.022529545825604742,2.8783826572549693,-0.07349941394201938,0.6400213448879034,-0.1588040956451615,0.338750353273513,-0.014850633604802155,0.026531724983278215,0.00423968009398748,0.98046875,0.6400213448879034,-0.1588040956451615,0.338750353273513,-0.014850633604802155,0.026531724983278215,0.00423968009398748,-1.0,0.09122934830421128,-0.13098323312602006,1.0625599683890536,0.046570160278238557,0.18769464518068657,0.9024998346667837,0.0,0.0,258.70945639159305,1,0.0474
117,0,0.0,0.2538732006480867,-0.20779553303955534,1.1620773226033443,0.8305946207258311,0.2481749918534243,0.4442245216879857,0.22624394747914092,0.03956020135506752,-0.040023973645711156,-0.24644157143001183,1.3808992575880115,0.08409198489815449,-0.4922585692914672,0.006405474971854346,2.914744242116104,-0.07902773298965295,0.7065842506174057,-0.1595548280835608,0.328480098284724,-0.02139508504227161,0.03044141908516501,0.0025679271226993483,0.9853515625,0.7065842506174057,-0.1595548280835608,0.328480098284724,-0.02139508504227161,0.03044141908516501,0.0025679271226993483,-1.0,0.09140202940319718,-0.13062023600514738,1.0625599683883282,0.046570160278238557,0.18769464518068657,0.9024998346667837,0.0,0.0,588.4851161409371,1,0.0436
118,0,0.0,0.254725427758528,-0.20537459767668753,1.16395042031251,0.8238799995231294,0.2588969940967665,0.4460464620792101,0.23502477848100517,0.039551592676909275,-0.04002442110738128,-0.24350352543432952,1.4023953290898166,0.08884278300133143,-0.4555564797006421,-0.005291183684953949,2.9125172886841484,-0.09930941978833363,0.7571227531157315,-0.1888333931811353,0.32916478195064314,-0.02447406908470312,0.01346819618775219,-0.0008057912229724462,0.994140625,0.7571227531157315,-0.1888333931811353,0.32916478195064314,-0.02447406908470312,0.01346819618775219,-0.0008057912229724462,-1.0,0.09168734247259235,-0.13002047287145704,1.062559968346607,0.046570160278238557,0.18769464518068657,0.9024998346667837,0.0,0.0,636.3914921121432,1,0.0443
119,0,0.0,0.25470262584469827,-0.20508744657828615,1.164713973528085,0.8214475400749744,0.2649568528541978,0.4455671462348786,0.2376798755184741,0.03954049885678762,-0.040025815196557304,-0.24157328000382505,1.4181175270829591,0.08876129174300332,-0.42541381485444646,0.0024589051005894833,2.8991116039474956,-0.11958367649102203,0.8031415521385973,-0.24739052337628414,0.34057617638263094,-0.01416784634853073,0.015902975748208648,0.004441096114624593,1.0029296875,0.8031415521385973,-0.24739052337628414,0.34057617638263094,-0.01416784634853073,0.015902975748208648,0.004441096114624593,-1.0,0.0913370920613906,-0.13075674272908602,1.0625599683579015,0.046570160278238557,0.18769464518068657,0.9024998346667837,0.0,0.0,160.27215190001215,1,0.0438
120,1,0.8149,0.2548888352605848,-0.2048878070313635,1.1647555893262973,0.8209531440510134,0.2671750645251748,0.4452763415102231,0.23744978387017898,0.03953262858597589,-0.04002534559086732,-0.2441650462674144,1.3860206742778465,0.09052509454831989,-0.48406848793718965,0.008215907440981026,2.9254207807310904,-0.1304182859354403,0.03823309918375417,0.0016649630626984768,0.11126420527183667,-0.005497736471725717,0.0012006530177600117,-0.0009870656415458534,0.9873046875,0.03823309918375417,0.0016649630626984768,0.11126420527183667,-0.005497736471725717,0.0012006530177600117,-0.0009870656415458534,-1.0,0.09128138195532942,-0.1308738517352034,1.0625599684351523,0.046570160278238557,0.18769464518068657,0.9024998346667837,0.0,0.0,466.2744567282303,1,0.0463
121,0,0.0,0.2552831468488254,-0.2035346918777138,1.1658878803118096,0.8162137368786543,0.2730016048951075,0.4475870425873343,0.24275728364603413,0.03952311202273532,-0.040025950377965455,-0.24442497702122548,1.3817773694669289,0.09519943119848219,-0.4949613911152789,0.003909265378862502,2.9420169084311802,-0.14533246681565581,0.1759813346517518,-0.05351387115965334,0.15502690291850985,-0.008969645255973796,0.02477587433871825,-0.0021452077602092945,0.986328125,0.1759813346517518,-0.05351387115965334,0.15502690291850985,-0.008969645255973796,0.02477587433871825,-0.0021452077602092945,-1.0,0.09141757795072644,-0.13058755119193421,1.0625599683553621,0.046570160278238557,0.18769464518068657,0.9024998346667837,0.0,0.0,520.6099524455387,1,0.0453
122,0,0.0,0.2556924953939399,-0.20215271548325092,1.1669175960575557,0.8122594200781957,0.28032034423209923,0.4478115653952442,0.24722447492529925,0.039513628127482645,-0.04002652388520138,-0.24053790512890208,1.4135315328273328,0.09762242816374687,-0.4370030745837622,0.0026298605944607522,2.9211283299895543,-0.16395811346727077,0.30094086369486817,-0.10400062764200935,0.1990748854259825,-0.012718533776256494,0.03449158123861665,-0.0018732961323491837,0.98046875,0.30094086369486817,-0.10400062764200935,0.1990748854259825,-0.012718533776256494,0.03449158123861665,-0.0018732961323491837,-1.0,0.09146292031143911,-0.13049223611174596,1.0625599683036202,0.046570160278238557,0.18769464518068657,0.9024998346667837,0.0,0.0,255.83222047919057,1,0.0439
123,0,0.0,0.25559363005026303,-0.2026951870273551,1.1667838994363926,0.8130929773953266,0.2828502723227154,0.4452467054153599,0.24623343573555362,0.0395039754358292,-0.04002694842706957,-0.24288893686645982,1.401759948174209,0.10022106381214287,-0.45535340925507817,0.00411217729181594,2.920760510409837,-0.17132153862985847,0.5103880315690271,-0.1282117487803882,0.274390088677102,-0.012132367358136692,0.03884609083712531,0.00037249249775472837,0.9833984375,0.5103880315690271,-0.1282117487803882,0.274390088677102,-0.012132367358136692,0.03884609083712531,0.00037249249775472837,-1.0,0.09104664237423131,-0.13136730358656684,1.062559968407571,0.046570160278238557,0.18769464518068657,0.9024998346667837,0.0,0.0,132.4676266516367,1,0.0428
124,0,0.0,0.25598518612229115,-0.20124702536961583,1.1675877297551396,0.8091926241580999,0.28565038910418084,0.4483493162629668,0.2501880149393401,0.03949609125872507,-0.04002665522546167,-0.24455268528949548,1.386846698644125,0.10642146799202175,-0.4875776743414044,-0.003691869182207217,2.949607772533152,-0.17786699474424036,0.6494716339729562,-0.17081581465955098,0.3216332616255313,-0.01249952654311283,0.027070185847609923,0.004400812910497154,0.98193359375,0.6494716339729562,-0.17081581465955098,0.3216332616255313,-0.01249952654311283,0.027070185847609923,0.004400812910497154,-1.0,0.09144041242146544,-0.13053955003928164,1.062559968387873,0.046570160278238557,0.18769464518068657,0.9024998346667837,0.0,0.0,817.7197117515695,1,0.0617
125,0,0.0,0.25605863438422855,-0.20093881711720704,1.167923293010707,0.8069421489708921,0.28905376747179135,0.4507008662482577,0.24932111199750243,0.0394852506379987,-0.040027992855634735,-0.2429767338261002,1.4132455178613184,0.11513783877232349,-0.43956504746425884,0.01162099841541426,2.9298127580469173,-0.2053271519912335,0.7180889503731221,-0.16950203289235216,0.31729693174137585,-0.01840628044878162,0.03275914193598414,0.0024269359082533803,0.98828125,0.7180889503731221,-0.16950203289235216,0.31729693174137585,-0.01840628044878162,0.03275914193598414,0.0024269359082533803,-1.0,0.09132734088824511,-0.13077718368163585,1.0625599681754843,0.046570160278238557,0.18769464518068657,0.9024998346667837,0.0,0.0,227.57744321889612,1,0.0445
126,0,0.0,0.25612083548359554,-0.20083791939124068,1.1679851314619212,0.8071100857107284,0.29606489903883637,0.4446528808575422,0.2514014730391052,0.03948162086144675,-0.04002524325681455,-0.24747843163163788,1.3883109279708616,0.11994836427828935,-0.4807191711629997,-0.007144623309309813,2.9366139628548305,-0.20699672609632613,0.7673948064690498,-0.17156654709795033,0.3335011118347986,-0.027115038660847288,0.01681601808337982,-0.0009165700343228556,0.9912109375,0.7673948064690498,-0.17156654709795033,0.3335011118347986,-0.027115038660847288,0.01681601808337982,-0.0009165700343228556,-1.0,0.09073623240828127,-0.13201975931396573,1.0625599711632123,0.046570160278238557,0.18769464518068657,0.9024998346667837,0.0,0.0,0.0,0,0.0429
127,0,0.0,0.2579894742880897,-0.1911480434616326,1.1655645477925383,0.8029672965915037,0.29021404587267524,0.4587877963680704,0.2460347253671199,0.039406669199476725,-0.04002530894144656,-0.23750604957510285,1.4111723201111845,0.13449122448481377,-0.4579322086820193,0.00980342793050359,2.9587427053124267,-0.21288147611971447,0.8076612556140573,-0.2252439164435035,0.3371527580530347,-0.016409449793648223,0.022809321616811123,0.0018025462442782803,1.001953125,0.8076612556140573,-0.2252439164435035,0.3371527580530347,-0.016409449793648223,0.022809321616811123,0.0018025462442782803,-1.0,0.09119059760539647,-0.13106462635099903,1.062545754831296,0.046570160278238557,0.18769464518068657,0.9024998346667837,0.0,0.0,467.0591171593154,1,0.0476
128,1,0.7947,0.25798379314318726,-0.19137229453903407,1.1658092869429073,0.8028657089685022,0.29610753970742393,0.45270481634034543,0.2505700052942774,0.039347358145685796,-0.040032022173802945,-0.2344669580409773,1.4049558019460788,0.11661625627399065,-0.4630762938232942,0.005545762647856022,2.949613478735372,-0.21103742127066707,0.07020486524595715,-0.003965530225296665,0.12661253078286028,-0.0078101951981544016,0.002769212926900244,-0.002175420163304853,0.9853515625,0.07020486524595715,-0.003965530225296665,0.12661253078286028,-0.0078101951981544016,0.002769212926900244,-0.002175420163304853,-1.0,0.09064301607188388,-0.13221571112244124,1.0625594631333581,0.046570160278238557,0.18769464518068657,0.9024998346667837,0.0,0.0,346.37116525624134,2,0.0542
129,0,0.0,0.2581561854694083,-0.19072462208782937,1.1664127620199913,0.8051571525212049,0.3021437750727039,0.4412700222864694,0.2563432588543308,0.03934804680616314,-0.040028162395259,-0.23123907918344289,1.393630610262581,0.0976411907061702,-0.4741459573967358,-0.026549150061055397,2.9365721580340582,-0.18013697269183598,0.19857985202905193,-0.05623527624885105,0.15046234514571455,-0.011681470113429154,0.02503339909992039,-0.003001225847917066,0.98583984375,0.19857985202905193,-0.05623527624885105,0.15046234514571455,-0.011681470113429154,0.02503339909992039,-0.003001225847917066,-1.0,0.09038742623439804,-0.13275404772270352,1.0625551591560063,0.046570160278238557,0.18769464518068657,0.9024998346667837,0.0,0.0,31.086760561214536,1,0.0556
130,0,0.0,0.2580211443452167,-0.1910224155866641,1.165691486952044,0.8050878811844184,0.2917054501084813,0.44896956648962194,0.2552797726282116,0.039322229611474725,-0.040029699098682266,-0.22327005586053697,1.411390922506017,0.07619386960653493,-0.45015406802070634,0.009414710222674592,2.9445537245092805,-0.17319670557729433,0.3250801890751661,-0.11000648714920402,0.2027265316442186,-0.016229090895765214,0.0372072969022027,-0.002759526623152514,0.98193359375,0.3250801890751661,-0.11000648714920402,0.2027265316442186,-0.016229090895765214,0.0372072969022027,-0.002759526623152514,-1.0,0.09136250041268328,-0.13070402454683122,1.0625544550593333,0.046570160278238557,0.18769464518068657,0.9024998346667837,0.0,0.0,343.361777344211,1,0.0463
131,0,0.0,0.25815231339008066,-0.19059631421804465,1.1660968399971863,0.8058932539568364,0.2973168247658634,0.4417710239273485,0.25879940370137583,0.039319982418241126,-0.04002808605281664,-0.2214841772396001,1.3900553378387,0.06375700095892123,-0.4824503326610298,-0.003968730758768654,2.946702735383347,-0.16584439368213022,0.5188111153187481,-0.1280240656707884,0.2832909763340523,-0.017981148760914514,0.03828421863086612,-0.0007453664167813012,0.9833984375,0.5188111153187481,-0.1280240656707884,0.2832909763340523,-0.017981148760914514,0.03828421863086612,-0.0007453664167813012,-1.0,0.09111907520849026,-0.13121527337598293,1.0625597735099497,0.046570160278238557,0.18769464518068657,0.9024998346667837,0.0,0.0,141.15192002653455,1,0.0462
132,0,0.0,0.2580497191150313,-0.1912594384589052,1.1666157557239663,0.8045845054949443,0.29326125275853665,0.44633349372011866,0.2596690654112296,0.03931114499545321,-0.040028910929642406,-0.2194708342188665,1.4108124911291497,0.059242434935291674,-0.4484545019590807,0.008230144766215221,2.9426475310217812,-0.16483878468485763,0.6404322270220363,-0.16537300448115572,0.34422782260086704,-0.016924760930456847,0.028217341602055745,0.005730158646702177,0.98291015625,0.6404322270220363,-0.16537300448115572,0.34422782260086704,-0.016924760930456847,0.028217341602055745,0.005730158646702177,-1.0,0.09108089825351168,-0.13129552903272804,1.0625599613307368,0.046570160278238557,0.18769464518068657,0.9024998346667837,0.0,0.0,239.00119802280017,1,0.0483
133,0,0.0,0.2580750195463301,-0.19118653314730263,1.1666294687595038,0.8060854455289812,0.29833009241836234,0.4396903437728993,0.2605720861045229,0.03931389109980257,-0.04002618525276521,-0.2221067702150655,1.389255666943954,0.06244771089546226,-0.48159954437979463,-0.012754493619110765,2.9430328401756003,-0.15951989355377197,0.7152127754341929,-0.17231727953634968,0.3264260472869662,-0.015623600310015084,0.03327419145838842,0.004078547277477779,0.9833984375,0.7152127754341929,-0.17231727953634968,0.3264260472869662,-0.015623600310015084,0.03327419145838842,0.004078547277477779,-1.0,0.09063930221722011,-0.13222447867969403,1.0625561810582729,0.046570160278238557,0.18769464518068657,0.9024998346667837,0.0,0.0,0.0,0,0.0478
134,0,0.0,0.25799631066795337,-0.1914584103216117,1.1665080941349755,0.8039532899972575,0.291422792786291,0.44983418072469383,0.2576452468006465,0.03928580826293395,-0.04002964591358331,-0.2211786786330333,1.4113781713426305,0.06731822595466135,-0.4504401927283594,0.01575292199652064,2.9498457540383525,-0.17417345460827038,0.7747906848834388,-0.18207680123554115,0.32505667995512755,-0.01667998814047275,0.024471526893661194,0.00019121807918132117,0.982421875,0.7747906848834388,-0.18207680123554115,0.32505667995512755,-0.01667998814047275,0.024471526893661194,0.00019121807918132117,-1.0,0.09128253086530444,-0.1308722388910102,1.0625588887010018,0.04657016027828325,0.18769464518050777,0.9024998346724182,0.0,0.0,504.0873494759518,1,0.0469
135,0,0.0,0.25801534167361756,-0.1914911340345219,1.1666504760513936,0.8054617644412311,0.3010674546882938,0.4383334096666494,0.26163630428657897,0.039288404679027035,-0.040026763605178865,-0.22296450325019304,1.3898363854766516,0.06402480298537618,-0.4794529622667352,-0.014317675543226849,2.9393138877177654,-0.16584137027200263,0.8232747767111009,-0.19971901353792576,0.3127323739685808,-0.008718431076779595,0.028498277705185343,0.001238581386494353,0.99609375,0.8232747767111009,-0.19971901353792576,0.3127323739685808,-0.008718431076779595,0.028498277705185343,0.001238581386494353,-1.0,0.09040834506121435,-0.13270984447408446,1.0625419278937267,0.0465701602782915,0.1876946451804746,0.9024998346683424,0.0,0.0,0.0,0,0.0556
136,1,0.8289,0.25819335479396693,-0.19046648620708445,1.1662169313620345,0.8043766976101799,0.29473707302765645,0.44635959297889605,0.2585948566397714,0.039270981693745606,-0.04003011090588099,-0.2186696694901393,1.4090632709085116,0.06039899125327142,-0.452213311755879,0.014318052734341348,2.944118699671392,-0.1741657798999212,0.06604468363786331,-0.0022763822388981447,0.13015006305677645,-0.0075557603243551485,0.0017625252240192069,-0.002819951429343659,0.98583984375,0.06604468363786331,-0.0022763822388981447,0.13015006305677645,-0.0075557603243551485,0.0017625252240192069,-0.002819951429343659,-1.0,0.09135554143563857,-0.13071872540075738,1.0625567220423957,0.046570160278293686,0.1876946451804659,0.9024998346672094,0.0,0.0,768.8560414635291,2,0.0519
137,0,0.0,0.2581981996668073,-0.19070466847336712,1.1667341002132385,0.80449129807007,0.3001552949740893,0.4399962103111832,0.26287617834323995,0.03926700193094644,-0.040028790013091405,-0.21953817529127553,1.3921284685167292,0.05555582616624154,-0.47764732494283024,-0.007307675002250659,2.945336072429892,-0.16471914744437252,0.20756789871320536,-0.059238206002448446,0.1533151937537116,-0.0118940359573627,0.025454803254614772,-0.003514836700541729,0.98583984375,0.20756789871320536,-0.059238206002448446,0.1533151937537116,-0.0118940359573627,0.025454803254614772,-0.003514836700541729,-1.0,0.09091333835215261,-0.13164828879077448,1.0625598532001574,0.04657016027829428,0.18769464518046355,0.9024998346669004,0.0,0.0,83.88907795251977,1,0.0485
138,0,0.0,0.25801295119751755,-0.19162049929970904,1.1667399266157532,0.8049664847156769,0.2945660070378039,0.44428227177694746,0.2605246417654264,0.03926603448655203,-0.04002897436385351,-0.2187379926699202,1.403858941717093,0.05353803630808855,-0.4589683251858301,0.00999353827735643,2.9431874039855743,-0.16546216889287554,0.33227062642248895,-0.10869270538200526,0.20717697547269398,-0.015919904213680044,0.037394587637622406,-0.002880376235534804,0.982421875,0.33227062642248895,-0.10869270538200526,0.20717697547269398,-0.015919904213680044,0.037394587637622406,-0.002880376235534804,-1.0,0.09087943070972944,-0.13171956228058537,1.0625599641177017,0.04657016027829391,0.18769464518046505,0.9024998346667639,0.0,0.0,174.63653500746696,1,0.0569
139,0,0.0,0.258475945133673,-0.1896668078160129,1.1673270875257808,0.8036009733441796,0.2988474712508248,0.44230312517554743,0.2632177996018077,0.039271153977201656,-0.04002622506211869,-0.21865349811023782,1.400493667556848,0.058329282219755516,-0.4641427481231661,-0.010128948018159289,2.9457974768329573,-0.16035862085354452,0.5161403814468853,-0.12783638256118846,0.28922490143868607,-0.01711800260676008,0.03893973620483518,-0.0011985524632148192,0.9814453125,0.5161403814468853,-0.12783638256118846,0.28922490143868607,-0.01711800260676008,0.03893973620483518,-0.0011985524632148192,-1.0,0.0912105571265327,-0.13102385939582314,1.062547731451737,0.04657016027829391,0.18769464518046505,0.902499834666779,0.0,0.0,127.72087818129503,1,0.048
140,0,0.0,0.2579132176365019,-0.1919555666015663,1.1663442172137315,0.8058045143926134,0.2955554714434887,0.4424423113939432,0.259943934287156,0.03926164303230925,-0.040029214523406534,-0.2195697083667877,1.395129124968622,0.05364578938941471,-0.47338666646266303,0.007497034102890461,2.9445466685233113,-0.16639093555285592,0.6305710558028507,-0.15692726454916317,0.3524440265918982,-0.01573954531579702,0.03275914193598414,0.004682795339389145,0.98291015625,0.6305710558028507,-0.15692726454916317,0.3524440265918982,-0.01573954531579702,0.03275914193598414,0.004682795339389145,-1.0,0.09066003066146121,-0.13218113056905756,1.0625595353043777,0.04657016027829391,0.18769464518046505,0.9024998346667831,0.0,0.0,28.01312770111304,1,0.0463
141,0,0.0,0.2581881726892449,-0.19075174246805757,1.1666223329305483,0.8043594796796021,0.2961187100887635,0.44390580569727006,0.2612798741831883,0.03925768256594327,-0.04002939359576513,-0.21985956348271646,1.402614365930829,0.05918142557830779,-0.46221608432032474,-0.00021590504508757187,2.945726599210546,-0.16297911224976722,0.7065842506174057,-0.16574837070035542,0.3277954146188047,-0.014644509150078713,0.03402335440006732,0.002970759163973602,0.98095703125,0.7065842506174057,-0.16574837070035542,0.3277954146188047,-0.014644509150078713,0.03402335440006732,0.002970759163973602,-1.0,0.09118218057011551,-0.13108350576354624,1.0625575976718935,0.04657016027829391,0.18769464518046505,0.9024998346667837,0.0,0.0,467.41079613121764,1,0.0501
142,0,0.0,0.2582989285927855,-0.19033780348400392,1.1669020854565695,0.8035254839726451,0.29897776011337696,0.44232605797252195,0.2632617594763845,0.039258867842734795,-0.04002784473117623,-0.21808739193151738,1.402562162487769,0.054545871483956,-0.46089663687055565,-0.004093360726683801,2.944190816753216,-0.1654114374765594,0.7678056886031824,-0.1854550972083382,0.320035666405053,-0.01420005329458128,0.024260824816314003,0.000402704900850287,0.97998046875,0.7678056886031824,-0.1854550972083382,0.320035666405053,-0.01420005329458128,0.024260824816314003,0.000402704900850287,-1.0,0.09112563642618814,-0.13120129343667014,1.0625598859911982,0.04657016027829391,0.18769464518046505,0.9024998346667837,0.0,0.0,374.5417970200215,2,0.0519
143,0,0.0,0.25823486755955405,-0.1904876110224296,1.1665182695690686,0.8053938837874216,0.2953756246301835,0.44287075017604616,0.2606902970396997,0.039259396623988196,-0.04002785731429291,-0.21688799088665942,1.3966582963133898,0.04995559958262648,-0.47172536877366666,0.008239973703694033,2.947368098788799,-0.16180406191049826,0.8191659553697735,-0.19953133042832594,0.3024621189797918,-0.007240132253059861,0.026414668273640862,0.0006846873297422784,0.99267578125,0.8191659553697735,-0.19953133042832594,0.3024621189797918,-0.007240132253059861,0.026414668273640862,0.0006846873297422784,-1.0,0.09112161324643205,-0.1312097546863052,1.0625599655255205,0.04657016027829391,0.18769464518046505,0.9024998346667837,0.0,0.0,330.9529427802331,2,0.0489
144,1,0.8174,0.2580571480621368,-0.19150917065697667,1.1669363686657594,0.8047250201081797,0.29978960454560555,0.43868891289959866,0.2647562515168356,0.03925792278003213,-0.04002849702019562,-0.21777838202719996,1.3949289026656768,0.04638397347389846,-0.47164236168580304,-0.005249181693414353,2.9415818564228813,-0.15907652159485527,0.059059687357606916,-0.0028394315676976145,0.12798189811469873,-0.007526774072909664,0.0016103515014906644,-0.002548039801483548,0.98583984375,0.059059687357606916,-0.0028394315676976145,0.12798189811469873,-0.007526774072909664,0.0016103515014906644,-0.002548039801483548,-1.0,0.0906551445524512,-0.13219028500623758,1.0625234177931306,0.04657016027829391,0.18769464518046505,0.9024998346667837,0.0,0.0,25.434477958170184,1,0.0872
145,0,0.0,0.2583118364172726,-0.1902904959223973,1.166962448429681,0.8041103155224635,0.2975506121848907,0.4419070894067375,0.26379605378175197,0.03925811146259529,-0.04002874866827522,-0.21585680070829702,1.4025087074346931,0.04607648792601056,-0.4605374306271917,0.00021691530066174412,2.9432656647353177,-0.15851058376320698,0.19950433683085056,-0.05773674112564975,0.1537716495309911,-0.011456021491075385,0.0245417609194436,-0.003464482695382437,0.98583984375,0.19950433683085056,-0.05773674112564975,0.1537716495309911,-0.011456021491075385,0.0245417609194436,-0.003464482695382437,-1.0,0.09118583444178782,-0.13107470728826745,1.0625586727311649,0.04657016027829391,0.18769464518046505,0.9024998346667837,0.0,0.0,167.53779818696535,2,0.0797
146,0,0.0,0.2582648009650126,-0.190512136495057,1.1669111586742593,0.8042470071634252,0.2970184209885096,0.4425334415703336,0.262927674758821,0.03925827656507947,-0.04002861575842624,-0.21704652526290322,1.4018284470392703,0.04984488541015803,-0.46217714948714955,0.0008115805506855654,2.9445100117910963,-0.16042645935201952,0.3234366605386353,-0.10850502227240544,0.2067205196954145,-0.014966578610584091,0.036411311276668856,-0.0031925710675223262,0.98291015625,0.3234366605386353,-0.10850502227240544,0.2067205196954145,-0.014966578610584091,0.036411311276668856,-0.0031925710675223262,-1.0,0.09112941220630273,-0.13119331360010728,1.0625599222697997,0.04657016027829391,0.18769464518046505,0.9024998346667837,0.0,0.0,175.4143782138967,2,0.0745
147,0,0.0,0.25818965393862703,-0.19080046106918983,1.1667337755050755,0.8050687317430014,0.2969126082847894,0.4415859943732438,0.26212411141409864,0.03925981557449919,-0.04002774019678833,-0.21774600940233654,1.3969479598611352,0.05073352985344388,-0.47028710360586373,5.7358003167061504e-05,2.9455512888936517,-0.1596733697512949,0.51531861717862,-0.12164283994439395,0.29949515642747504,-0.017221064834121808,0.03982936719807889,-0.0012388356673422585,0.978515625,0.51531861717862,-0.12164283994439395,0.29949515642747504,-0.017221064834121808,0.03982936719807889,-0.0012388356673422585,-1.0,0.09101117597965029,-0.13144186005037836,1.0625599672850974,0.04657016027829391,0.18769464518046505,0.9024998346667837,0.0,0.0,255.58332898987484,1,0.0814
148,0,0.0,0.2581222427311698,-0.19111728480990425,1.1667312711879765,0.8052626078648786,0.29766250508924397,0.44033765260507146,0.26277731473037214,0.0392581604622375,-0.04002873424887185,-0.21743146445094344,1.395496724344342,0.047615021438737755,-0.47156229966823926,-0.0005740219282380181,2.942973922918838,-0.1588486886296326,0.6433084019609653,-0.14698005974037176,0.3704740297944391,-0.01553342086107358,0.03636448859281391,0.005871149861148145,0.984375,0.6433084019609653,-0.14698005974037176,0.3704740297944391,-0.01553342086107358,0.03636448859281391,0.005871149861148145,-1.0,0.09083379584929381,-0.1318147349907251,1.062559972379057,0.04657016027829391,0.18769464518046505,0.9024998346667837,0.0,0.0,91.12516125305716,1,0.0736
149,0,0.0,0.25808551633236204,-0.19138609543712126,1.1669253838740248,0.8043572022658497,0.2973393692672761,0.4417967581943132,0.2634661555034876,0.03925671852265893,-0.04002946183286691,-0.2180110661984785,1.3973988649481353,0.04876963626334669,-0.46955037281352496,7.65703776621692e-05,2.9461923106406034,-0.16078742035771987,0.7176780682389895,-0.16011787741236028,0.3371527580530347,-0.014663833317709027,0.036270843225104044,0.0033333080011204164,0.982421875,0.7176780682389895,-0.16011787741236028,0.3371527580530347,-0.014663833317709027,0.036270843225104044,0.0033333080011204164,-1.0,0.09082017609209576,-0.13184336629667737,1.062559969498939,0.04657016027829391,0.18769464518046505,0.9024998346667837,0.0,0.0,35.3925797735653,1,0.0673
150,0,0.0,0.2581387508949809,-0.19115912316921757,1.1670003293726057,0.8040044862775954,0.29758160801983974,0.4422937717996038,0.26343536596498496,0.039252200010257685,-0.040030245394870406,-0.21811743845831338,1.3995811405839769,0.05023464071146112,-0.4660083021950285,0.00013678835174493227,2.9458489430634507,-0.1626370253747487,0.7780777419565007,-0.1813260687971418,0.31364528552313997,-0.013543031595150287,0.023277548455360425,0.0004832713091051377,0.98046875,0.7780777419565007,-0.1813260687971418,0.31364528552313997,-0.013543031595150287,0.023277548455360425,0.0004832713091051377,-1.0,0.09104182908182297,-0.13137840326797776,1.062544513895287,0.04657016027829391,0.18769464518046505,0.9024998346667837,0.0,0.0,457.9676749291084,1,0.0825
151,0,0.0,0.2584351502972071,-0.1896213854963002,1.1667513396850264,0.8038818150472332,0.2983362711885715,0.4424657806129809,0.2626661944678257,0.03926283603852338,-0.0400048542649855,-0.21674583945514353,1.401358276122571,0.0520818381343638,-0.4630762930335739,0.0001353882437407987,2.9443797515298478,-0.16379264469196042,0.8240965409793665,-0.18977180872913446,0.2983540169842762,-0.0087248724659897,0.02290296698452096,0.00024157208434058552,0.994140625,0.8240965409793665,-0.18977180872913446,0.2983540169842762,-0.0087248724659897,0.02290296698452096,0.00024157208434058552,-1.0,0.0912323742976741,-0.13097810795443562,1.0625572446980767,0.04657016027829854,0.18769464518044648,0.9024998346674064,0.0,0.0,66.13072058205026,1,0.0733
152,1,0.878,0.2581710848231902,-0.1910405665612641,1.1671136069502164,0.8038276165582754,0.29865244038840755,0.44223412629039416,0.26286281641278386,0.03926376444387436,-0.040013682907198145,-0.2189498747390116,1.401797406617958,0.05492342832324987,-0.4613344156990809,0.0007511361090628357,2.9426533116844125,-0.16850609179952292,0.06188450202976936,-0.002370223793698001,0.12957949333517704,-0.007536436156724821,0.0016220571724543942,-0.0029206594396622154,0.986328125,0.06188450202976936,-0.002370223793698001,0.12957949333517704,-0.007536436156724821,0.0016220571724543942,-0.0029206594396622154,-1.0,0.09101867836006049,-0.13142726563043644,1.062559899974111,0.04657016027829949,0.1876946451804427,0.9024998346669576,0.0,0.0,319.8232464383561,1,0.0709
153,0,0.0,0.2582605998895676,-0.1906923333392796,1.1673027575653048,0.8027718162734909,0.29950669335008473,0.44311051581162764,0.2636403277433314,0.03926584558129456,-0.04002004002409515,-0.2189256131473521,1.4010110127493207,0.0567138881129609,-0.4640193575250572,0.0004351887852817712,2.9476425027513127,-0.17174681526718164,0.20191826936888035,-0.06027046310524753,0.1537716495309911,-0.011578407886067427,0.02456517226137106,-0.003837102333561132,0.9853515625,0.20191826936888035,-0.06027046310524753,0.1537716495309911,-0.011578407886067427,0.02456517226137106,-0.003837102333561132,-1.0,0.09109664387508745,-0.1312633067592449,1.062559965616127,0.04657016027829973,0.18769464518044174,0.9024998346668319,0.0,0.0,176.1616597200327,1,0.0692
154,0,0.0,0.25829875042293987,-0.19037104857736953,1.166952876073853,0.8038608919309246,0.30004485757241905,0.4413828615593346,0.26260601552526674,0.03926815143678231,-0.040022303204349886,-0.21836041167229434,1.3992800869461424,0.05594173508034877,-0.4655766860090299,0.00021805112622693646,2.9429050523618607,-0.17057896082046398,0.32610739441049785,-0.10925575471080473,0.20911691252613185,-0.015353061963190556,0.036224020541249125,-0.0031522878633949147,0.98193359375,0.32610739441049785,-0.10925575471080473,0.20911691252613185,-0.015353061963190556,0.036224020541249125,-0.0031522878633949147,-1.0,0.09093473166984826,-0.13160366545506194,1.062559969495597,0.04657016027829966,0.18769464518044202,0.9024998346667806,0.0,0.0,298.93254878774087,1,0.0888
155,0,0.0,0.25818776332924076,-0.19091787672192448,1.1670172631162725,0.8039485751426519,0.29992939861791473,0.44044996486295895,0.2640319541703475,0.03925776472375294,-0.04002597890938616,-0.2175789417964671,1.3954191567802003,0.0494459953942623,-0.4720810645785278,-8.686302978556151e-05,2.9453467949707224,-0.16624947086416078,0.5128533243738237,-0.12708565012278916,0.2976693333183569,-0.016847464259935552,0.03959525377880421,-0.0012287648663104056,0.97900390625,0.5128533243738237,-0.12708565012278916,0.2976693333183569,-0.016847464259935552,0.03959525377880421,-0.0012287648663104056,-1.0,0.09089982422464357,-0.13167808845661266,1.06255347187886,0.04657016027829966,0.18769464518044202,0.9024998346667837,0.0,0.0,141.03799783064565,1,0.0812
156,0,0.0,0.25809227456117795,-0.19144041124931127,1.1671554701315778,0.804004266203526,0.3002901627097347,0.43923253324152023,0.26547643934730947,0.039253763920931536,-0.04002834489796226,-0.21666211318888703,1.3953257829656531,0.04319676702311113,-0.4712738678010468,-0.0004460880187565871,2.94352136205435,-0.1631540156774447,0.6367342878148415,-0.15505043345316472,0.3602037748056499,-0.015378827520030988,0.03580261638655474,0.005105768982727105,0.98291015625,0.6367342878148415,-0.15505043345316472,0.3602037748056499,-0.015378827520030988,0.03580261638655474,0.005105768982727105,-1.0,0.09062962829220082,-0.13224636861789152,1.0625251873304222,0.046570160278299626,0.18769464518044215,0.9024998346667806,0.0,0.0,26.98304066075507,1,0.0891
157,0,0.0,0.25830977091726715,-0.19044478779793209,1.1673343614044105,0.802461653431474,0.30006549791634196,0.44162962558483576,0.26641934152391966,0.03924890827862489,-0.0400289926609217,-0.21532679907636054,1.4029606726980688,0.04342578102948368,-0.46015391185341403,0.0008662305273223353,2.9459028769105244,-0.16443933014114578,0.7131583647635295,-0.16499763826195607,0.329393009839283,-0.01421293607300149,0.03566214833498993,0.0026887767350816383,0.9814453125,0.7131583647635295,-0.16499763826195607,0.329393009839283,-0.01421293607300149,0.03566214833498993,0.0026887767350816383,-1.0,0.09111849628289129,-0.13122101554260143,1.0625587780696342,0.046570160278299626,0.18769464518044215,0.9024998346667837,0.0,0.0,366.6805007325048,2,0.0842
158,0,0.0,0.258436640764115,-0.1898458205022998,1.1673147839131637,0.8034622200458829,0.3006003605258735,0.43989040525661893,0.26567708891400854,0.03925072664314681,-0.04002809669769434,-0.21420992242099987,1.401009989942932,0.04149711046948751,-0.46168014162136595,0.0005799649092705974,2.942125582374856,-0.16234021471590643,0.7743798027493062,-0.18226448434514098,0.31524288074361806,-0.013671859379352447,0.02337119382307029,0.000261713686404319,0.97998046875,0.7743798027493062,-0.18226448434514098,0.31524288074361806,-0.013671859379352447,0.02337119382307029,0.000261713686404319,-1.0,0.091167010033062,-0.13111901175616655,1.0625555551248087,0.046570160278299626,0.18769464518044215,0.9024998346667837,0.0,0.0,86.43638839858731,1,0.0747
159,0,0.0,0.2582826373600062,-0.1905843785353178,1.167324735250304,0.8035329768344999,0.3012964896405579,0.4385106058333834,0.26695248461365295,0.039250968994275215,-0.040028035908825255,-0.21410390410942332,1.3947965732445728,0.0372513274477633,-0.47217128038038203,-0.0002164724762565759,2.944972586743938,-0.16110085098487642,0.8228638945769683,-0.19540230201712955,0.3001798400933944,-0.008576720514157227,0.02456517226137106,0.0006343333245829863,0.99267578125,0.8228638945769683,-0.19540230201712955,0.3001798400933944,-0.008576720514157227,0.02456517226137106,0.0006343333245829863,-1.0,0.09095510002330741,-0.13156447172118904,1.0625598134485126,0.046570160278299626,0.18769464518044215,0.9024998346667837,0.0,0.0,181.7243148874713,1,0.0713
160,1,0.9081,0.25828710128507937,-0.19059092633167288,1.167361409175701,0.8034199822460583,0.30184956923575856,0.4383814780747929,0.26687984067907644,0.0392489356588878,-0.040029385043360594,-0.21449633347830283,1.396007882773269,0.03839914219423244,-0.4694863521401953,-0.00025786456869150866,2.942574515206875,-0.16293705058369368,0.06311714843216754,-0.0034963224512970514,0.1309488606670155,-0.007723236443817949,0.0016805855272730708,-0.002618535408706546,0.98583984375,0.06311714843216754,-0.0034963224512970514,0.1309488606670155,-0.007723236443817949,0.0016805855272730708,-0.002618535408706546,-1.0,0.09080062014454171,-0.13188914040805702,1.0625599629200393,0.04657016027829966,0.18769464518044202,0.9024998346667876,0.0,0.0,32.11953615363232,2,0.0554
161,0,0.0,0.2584435890326992,-0.19000633913403506,1.1678126429225593,0.8022557777168068,0.3016297813635156,0.4397914036138061,0.26830703200251094,0.039249808195456225,-0.04002892699674247,-0.21323096675333533,1.4012016450737712,0.036464945962797535,-0.4613651316070284,-0.0012582669159180977,2.9442085595167415,-0.1608146197154039,0.20756789871320536,-0.05961357222164809,0.15616804236170845,-0.011623497610538186,0.025688916673889423,-0.0035551199046691406,0.9853515625,0.20756789871320536,-0.05961357222164809,0.15616804236170845,-0.011623497610538186,0.025688916673889423,-0.0035551199046691406,-1.0,0.09103843288448746,-0.13139012520290716,1.0625593046329536,0.04657016027829966,0.18769464518044202,0.9024998346667857,0.0,0.0,77.34354329774972,2,0.0536
162,0,0.0,0.2584150385575107,-0.19012515024663892,1.1677520068602059,0.8025213698797372,0.30022110793425594,0.4410057560339687,0.26709672476835833,0.039250283039022914,-0.040028717026185066,-0.21363924520391245,1.401002834542365,0.03841931436263188,-0.46257117254783586,0.0022520455178740104,2.946489603083353,-0.16193874870094263,0.32816180508116155,-0.10794197294360586,0.21037216591365038,-0.01488928194006281,0.03725411958605762,-0.0033537038840320277,0.982421875,0.32816180508116155,-0.10794197294360586,0.21037216591365038,-0.01488928194006281,0.03725411958605762,-0.0033537038840320277,-1.0,0.09103378185590483,-0.13139989945059144,1.0625599448270955,0.04657016027829966,0.18769464518044202,0.9024998346667857,0.0,0.0,163.74732359840084,2,0.0532
163,0,0.0,0.2584579211275381,-0.18989857034423774,1.1676811131750588,0.8029829234898,0.3003214624683449,0.4403233245540333,0.26672235305337794,0.039251302474926475,-0.04002825924727754,-0.21375282798339854,1.400037665351522,0.03917979530401442,-0.46371214078210354,-0.00019731564014406053,2.945260075454371,-0.15972802249525886,0.5188111153187481,-0.12258125549239307,0.300408067982034,-0.01603584921946198,0.03964207646265916,-0.0017121633158394822,0.97802734375,0.5188111153187481,-0.12258125549239307,0.300408067982034,-0.01603584921946198,0.03964207646265916,-0.0017121633158394822,-1.0,0.09106040836025865,-0.1313439402944096,1.0625599693637209,0.04657016027829966,0.18769464518044202,0.9024998346667857,0.0,0.0,70.72154694854422,1,0.0654
164,0,0.0,0.258361052295802,-0.19032013645943763,1.1675719023422533,0.8036329460491584,0.30059751165655896,0.4386560121427974,0.2672005370900527,0.03925334771618311,-0.04002710896428583,-0.21299144047837515,1.3967143545515739,0.03459190963822568,-0.46845316220615446,-0.0003250347869070782,2.943987017891069,-0.15691304167935854,0.6400213448879034,-0.1449155455347736,0.36454010468980536,-0.014747571377440427,0.03673907006365337,0.004340388104306037,0.98388671875,0.6400213448879034,-0.1449155455347736,0.36454010468980536,-0.014747571377440427,0.03673907006365337,0.004340388104306037,-1.0,0.09095577810155861,-0.1315638697633006,1.0625598829183838,0.04657016027829966,0.18769464518044202,0.9024998346667857,0.0,0.0,146.5734838296242,1,0.05
165,0,0.0,0.2581647862163058,-0.19118690489410828,1.1674210179830729,0.8038822868614062,0.30102334039424977,0.4372002831308067,0.2683544854082087,0.03925054732098863,-0.040028677322453375,-0.21279655860688915,1.3936891721766242,0.02940945121223631,-0.4732452609268831,-0.0003074594773723323,2.9437975938256575,-0.15519828300598237,0.7148018933000603,-0.15692726454916317,0.3321317445029601,-0.014431943306145154,0.035708971018844876,0.0020845286731702717,0.9814453125,0.7148018933000603,-0.15692726454916317,0.3321317445029601,-0.014431943306145154,0.035708971018844876,0.0020845286731702717,-1.0,0.09074438889006892,-0.13200820172641578,1.0625381492437536,0.04657016027829966,0.18769464518044202,0.9024998346667857,0.0,0.0,24.948797644306428,1,0.0479
166,0,0.0,0.25830361593575984,-0.19073989677984346,1.1679232046920713,0.8024260528699488,0.301504005785035,0.4386144673516334,0.2698612851095414,0.039247758797707026,-0.040030151912716194,-0.2120129294103965,1.3985911165075913,0.02807268595258735,-0.4654325551775665,0.0002518079943169242,2.9451205770982525,-0.15681391288873467,0.7723253920786425,-0.18414131544113937,0.310678322970823,-0.012615471548894766,0.023324371139215372,4.015606370347258e-05,0.98046875,0.7723253920786425,-0.18414131544113937,0.310678322970823,-0.012615471548894766,0.023324371139215372,4.015606370347258e-05,-1.0,0.09088064389969255,-0.13172152605630832,1.0625592036885594,0.04657016027829966,0.18769464518044202,0.9024998346667857,0.0,0.0,307.4647929348351,1,0.0486
167,0,0.0,0.2585553689734217,-0.18969304086738323,1.1684014777355411,0.8016405167751253,0.30196687591535093,0.43926782005666154,0.270614615231884,0.039247236978572755,-0.04003014479654367,-0.21018185750334525,1.4021277558952947,0.0257652348403981,-0.459378232213803,0.0009600012889397386,2.9456332882162197,-0.15669170465401577,0.8183441911015082,-0.19802986555152724,0.2926483197682823,-0.006232054841678006,0.021428052443090623,-0.0001814015589973461,0.99365234375,0.8183441911015082,-0.19802986555152724,0.2926483197682823,-0.006232054841678006,0.021428052443090623,-0.0001814015589973461,-1.0,0.09116524634020651,-0.13112325310222467,1.0625576078990142,0.04657016027829966,0.18769464518044202,0.9024998346667857,0.0,0.0,428.71773580851476,1,0.0485
168,1,0.8293,0.25848530703939904,-0.18986446431401718,1.1679459691034895,0.8030246852042817,0.30270781600237545,0.4364609020070965,0.27022437732889093,0.0392515305990744,-0.04002642380857709,-0.2093821472715876,1.395140257731819,0.02241727263989385,-0.4699836089833103,7.611107181657985e-05,2.943604758356816,-0.15394528332495291,0.05965033042542267,-0.0005872342524996244,0.13129120249997528,-0.007626615605666326,0.0012006530177600117,-0.0028501638324392176,0.9853515625,0.05965033042542267,-0.0005872342524996244,0.13129120249997528,-0.007626615605666326,0.0012006530177600117,-0.0028501638324392176,-1.0,0.09091552610789769,-0.1316481736820614,1.0625526037297732,0.04657016027829966,0.18769464518044202,0.9024998346667857,0.0,0.0,203.29708623050016,1,0.0492
169,0,0.0,0.25844787453505047,-0.1901758072510961,1.1682570534543826,0.8021034445431682,0.30205446059948426,0.43860862272936074,0.2702140691218569,0.03924111009950489,-0.04002968187581933,-0.21116279369428814,1.3946134000776829,0.02719417114283283,-0.4721044629692133,0.0007828985319944114,2.9483606592086518,-0.15751908283058919,0.21157399952099953,-0.058112107344849395,0.15776563758218676,-0.012467319597062293,0.025852796067381695,-0.0039378103438796885,0.98486328125,0.21157399952099953,-0.058112107344849395,0.15776563758218676,-0.012467319597062293,0.025852796067381695,-0.0039378103438796885,-1.0,0.09089823836767533,-0.1316845150374015,1.0625597066275445,0.04657016027829966,0.18769464518044202,0.9024998346667857,0.0,0.0,0.0,0,0.0471
170,0,0.0,0.25839337304804433,-0.19031215650103317,1.168018881740722,0.8019110851314517,0.30239163865655694,0.43895558833224513,0.26984421410471526,0.03924175443624371,-0.04002940819246199,-0.21186991773721436,1.4027905748848164,0.030344293132409838,-0.4580383009379768,0.0012907727065438821,2.942904966461455,-0.16116875339254758,0.3343250370931524,-0.10625282495720734,0.2125403308557281,-0.01613891144682371,0.03753505568918722,-0.003323491480936469,0.98193359375,0.3343250370931524,-0.10625282495720734,0.2125403308557281,-0.01613891144682371,0.03753505568918722,-0.003323491480936469,-1.0,0.09087016315687624,-0.13174353257180418,1.0625599597995656,0.04657016027829966,0.18769464518044202,0.9024998346667857,0.0,0.0,214.76269576377132,2,0.0509
171,0,0.0,0.2585397646433088,-0.18957499139134282,1.167861982796027,0.8019736947117275,0.30185085703396364,0.44033013033454116,0.2680179647296936,0.039240965963059385,-0.04002809095206299,-0.21313247321456497,1.3987258422562818,0.03820321672184631,-0.4664114753854674,4.0238012771718284e-05,2.9484020840819882,-0.16330745283213358,0.52209817239181,-0.12032905817719508,0.3033750305343508,-0.016435215350488655,0.040250771352773274,-0.0016517385096483372,0.978515625,0.52209817239181,-0.12032905817719508,0.3033750305343508,-0.016435215350488655,0.040250771352773274,-0.0016517385096483372,-1.0,0.09105047953684368,-0.13136448455307556,1.062559969937957,0.04657016027829966,0.18769464518044202,0.9024998346667857,0.0,0.0,42.95984868646688,1,0.0471
172,0,0.0,0.25820394126461754,-0.19111356267727786,1.1676948771560869,0.8032853103662283,0.3028151275355512,0.43718809704140954,0.26814599846123005,0.03923260974238298,-0.04002800280911892,-0.21419490839528363,1.3945384093640223,0.035450225050549865,-0.4709311004951887,-0.0010726695157555755,2.942032112169924,-0.16302214435483145,0.6400213448879034,-0.14172493267157638,0.3663659277989233,-0.014174287737740848,0.036411311276668856,0.004300104900178597,0.98388671875,0.6400213448879034,-0.14172493267157638,0.3663659277989233,-0.014174287737740848,0.036411311276668856,0.004300104900178597,-1.0,0.0905500527494093,-0.13241661850664949,1.062556070671825,0.046570160278295934,0.1876946451804569,0.9024998346662225,0.0,0.0,0.0,0,0.0513
173,0,0.0,0.2582433136178195,-0.19094434949361616,1.1677205498081005,0.8023071765177573,0.30216692904891546,0.43882224203556985,0.26913450427644264,0.039229770605223147,-0.04003012891612072,-0.2137950418750391,1.3951696267200584,0.03392366057643461,-0.47202790476201917,-0.0006078020658543963,2.9478532400737674,-0.16191395822798021,0.7148018933000603,-0.15523811656276454,0.3355551628325564,-0.013961721893807288,0.03542803491571528,0.0023665111020622354,0.98095703125,0.7148018933000603,-0.15523811656276454,0.3355551628325564,-0.013961721893807288,0.03542803491571528,0.0023665111020622354,-1.0,0.09081918506342097,-0.13185073575983972,1.0625449858208706,0.04657016027829504,0.18769464518046053,0.9024998346666243,0.0,0.0,84.77068960829736,1,0.0516
174,0,0.0,0.25848528378799907,-0.18981920649982637,1.1678339178382822,0.8020138934486991,0.3027899557381658,0.4391302101858563,0.26880590752708977,0.039243205777931826,-0.04001332145818469,-0.21264273467111566,1.400185815228048,0.034466564881770745,-0.46276269162238975,0.0003291532756299308,2.9443250915902066,-0.1634015428192206,0.7723253920786425,-0.18489204787953872,0.31250414607994115,-0.012093719022876051,0.023933066029329486,9.943660607913962e-06,0.97998046875,0.7723253920786425,-0.18489204787953872,0.31250414607994115,-0.012093719022876051,0.023933066029329486,9.943660607913962e-06,-1.0,0.09104713203061879,-0.13137155696672004,1.0625594360799357,0.04657016027829481,0.18769464518046144,0.9024998346667409,0.0,0.0,418.908516788553,1,0.0505
175,0,0.0,0.25859928394400455,-0.18937805088280132,1.168122395261576,0.801661933670615,0.3030162617048332,0.4393563185172725,0.2692309689186339,0.03923396484600682,-0.0400186275157693,-0.2115180738411901,1.4015286973276668,0.03290116925540592,-0.46012077316734185,0.00099856026846262,2.9439654579418892,-0.16335253280650106,0.8208094839063046,-0.19502693579792985,0.29013781299324504,-0.006815000565192755,0.020257485346717313,-0.0006950124116220091,0.99169921875,0.8208094839063046,-0.19502693579792985,0.29013781299324504,-0.006815000565192755,0.020257485346717313,-0.0006950124116220091,-1.0,0.09108163811313155,-0.13129940238280102,1.0625586938389846,0.046570160277233624,0.18769464518471,0.9024998345893459,0.0,0.0,67.37185306007164,1,0.0498
176,1,0.8464,0.25842667184727286,-0.19008092484020092,1.1678034234928047,0.8027011469895763,0.30275873809159304,0.4379666048438608,0.2686880499247133,0.03923198200483919,-0.04002180976168227,-0.21225941673384568,1.3940844301718602,0.03297009602756508,-0.47308288891068817,0.00027845628047201086,2.946633264941881,-0.16149330305206716,0.0574418389544592,-0.00011802647850001069,0.12763955628173917,-0.0075815258811955805,0.0011538303339050648,-0.0027091726179932496,0.986328125,0.0574418389544592,-0.00011802647850001069,0.12763955628173917,-0.0075815258811955805,0.0011538303339050648,-0.0027091726179932496,-1.0,0.09107909395153886,-0.13130471116921802,1.0625589191158833,0.0465701602771248,0.1876946451851452,0.902499834645661,0.0,0.0,0.0,0,0.0536
177,0,0.0,0.2583476880717709,-0.19042139016695495,1.1676532849793768,0.8023266705360625,0.3017264289402069,0.44035591571062177,0.2670575655624942,0.039192544258021184,-0.04002743011755219,-0.2155299260690977,1.3970984199699972,0.04307551709599378,-0.4689601550929075,0.0003034921571005346,2.9467698418800694,-0.16714861914291212,0.20838966298147088,-0.05717369179685017,0.15514101686282955,-0.012087277633665933,0.024939753732210523,-0.0036759695170514306,0.9853515625,0.20838966298147088,-0.05717369179685017,0.15514101686282955,-0.012087277633665933,0.024939753732210523,-0.0036759695170514306,-1.0,0.09085207616213253,-0.13178193056044082,1.0625599309155873,0.04657016027709541,0.18769464518526224,0.9024998346610252,0.0,0.0,33.28376495846438,2,0.0513
178,0,0.0,0.25836271660040205,-0.1901462829447062,1.1672246331854164,0.8023131200237144,0.30095974919941726,0.44233690464145653,0.26467895570266176,0.03919614395946388,-0.040027797005054794,-0.2173838735754674,1.4033133344767743,0.05326029428237353,-0.4596673189025984,0.0014268231303077102,2.9450784642855696,-0.17313539286410967,0.3285726872152942,-0.1068158742860068,0.21379558424324685,-0.015752428094217244,0.03617719785739418,-0.0034443410933187313,0.98193359375,0.3285726872152942,-0.1068158742860068,0.21379558424324685,-0.015752428094217244,0.03617719785739418,-0.0034443410933187313,-1.0,0.0910597224379777,-0.13134543005700605,1.062555279868005,0.04657016027708747,0.18769464518529375,0.9024998346652143,0.0,0.0,215.3627038668855,2,0.0516
179,0,0.0,0.25839641250628353,-0.18991558220042845,1.1669901533849034,0.8028496197561774,0.3006905938258209,0.44272472341272184,0.2627022537420718,0.03919898679935244,-0.040027792860781335,-0.2191125201477669,1.4002915323664826,0.060496722700187446,-0.46521321166540464,0.0008051343792608846,2.9463824202142175,-0.17604581000790284,0.5124424422396908,-0.1257718683555903,0.30474439786618945,-0.016267739231025855,0.039080204256399964,-0.0018934377344128894,0.97900390625,0.5124424422396908,-0.1257718683555903,0.30474439786618945,-0.016267739231025855,0.039080204256399964,-0.0018934377344128894,-1.0,0.09106499970509607,-0.1313343293149447,1.0625543596450655,0.046570160277085326,0.18769464518530216,0.9024998346663565,0.0,0.0,73.21681955290161,1,0.066
180,0,0.0,0.25805310383583596,-0.19144030135762002,1.1667510515743669,0.8039231038842668,0.30220857165504567,0.4395943153525843,0.262934326722463,0.03919785194946012,-0.04002812617728702,-0.22083342357391086,1.394115355481258,0.0591799732404649,-0.4735262959524363,-0.001665563715201587,2.94193203188727,-0.17692329155851202,0.6338581128759125,-0.14754310906917134,0.3659094720216438,-0.014142080791690312,0.03580261638655474,0.0036354320320761135,0.98486328125,0.6338581128759125,-0.14754310906917134,0.3659094720216438,-0.014142080791690312,0.03580261638655474,0.0036354320320761135,-1.0,0.0904202648917557,-0.13268943797974433,1.062559774373054,0.046570160276649376,0.18769464518704757,0.9024998346429307,0.0,0.0,22.45762405040356,1,0.0551
181,0,0.0,0.2582927061101726,-0.19028705055735737,1.1667429233646776,0.8020316245018354,0.3005648955239647,0.4445687875379309,0.26223007078645133,0.03919852133376046,-0.04002961648037744,-0.2210340586612255,1.403184942005811,0.06693016820441781,-0.46199983898521235,0.001510877558488736,2.947950481154112,-0.1822749993333744,0.7127474826293966,-0.1595548280835608,0.33441402338935755,-0.013890866612496097,0.03514709881258568,0.0016011302236411673,0.98193359375,0.7127474826293966,-0.1595548280835608,0.33441402338935755,-0.013890866612496097,0.03514709881258568,0.0016011302236411673,-1.0,0.09108735133522772,-0.1312870541593921,1.0625589881298927,0.046570160276615966,0.1876946451871811,0.9024998346602802,0.0,0.0,446.36762794378683,2,0.0516
182,0,0.0,0.258418917823097,-0.18963008236436307,1.1665929698229196,0.8034360601051062,0.30086704770393585,0.44322373878032706,0.25985040756229105,0.03920358596286106,-0.04002824187201613,-0.2213530766915117,1.4026382584665542,0.07094742241895458,-0.46071437343989535,0.001163556032636543,2.9412696309648028,-0.18283727053868945,0.771503627810377,-0.18489204787953872,0.30953718352762416,-0.012100160412086156,0.022879555642593502,-0.00023175556415663823,0.9794921875,0.771503627810377,-0.18489204787953872,0.30953718352762416,-0.012100160412086156,0.022879555642593502,-0.00023175556415663823,-1.0,0.09108626380696237,-0.13128933826194847,1.062559934255172,0.04657016027660694,0.18769464518721704,0.902499834665011,0.0,0.0,81.60811777464424,1,0.0487
183,0,0.0,0.2582307131148181,-0.1904474932317677,1.1663867377050703,0.8033912336009543,0.3015375043711684,0.4425927972621825,0.26028690908760627,0.039206943964342565,-0.04002755826757994,-0.22295576406033005,1.3960279280940684,0.07230679732083782,-0.47286448948464144,-0.0003239711345855554,2.945846423473739,-0.1849011151926584,0.8175224268332427,-0.19258705537313198,0.291050724547804,-0.006251379009308333,0.020444776082137045,-0.0005842336002715998,0.9912109375,0.8175224268332427,-0.19258705537313198,0.291050724547804,-0.006251379009308333,0.020444776082137045,-0.0005842336002715998,-1.0,0.09094381160442962,-0.13158877670764682,1.0625479766385726,0.046570160276604496,0.18769464518722673,0.902499834666301,0.0,0.0,0.0,0,0.0499
184,1,0.8386,0.25796185383588477,-0.1917026433211883,1.1662622901994268,0.8034055973158298,0.3020512258588628,0.44253184255504,0.2597500172927685,0.03920156348394218,-0.040029908911237776,-0.2258681727332524,1.397421066263201,0.07781153748478753,-0.46998397178391,-0.0006714379375393338,2.942490951990046,-0.1908814786044327,0.062192663630368905,-0.0030271146772974378,0.12547139133966145,-0.007749002000658381,0.0018327592498015854,-0.0023869069849738467,0.9853515625,0.062192663630368905,-0.0030271146772974378,0.12547139133966145,-0.007749002000658381,0.0018327592498015854,-0.0023869069849738467,-1.0,0.0904688310204748,-0.13258719218404721,1.062566183481513,0.046570160276603836,0.18769464518722934,0.9024998346666528,0.0,0.0,26.207934055875988,1,0.052
185,0,0.0,0.25834411066720775,-0.1900593543880948,1.1667960454250297,0.8015005081532507,0.3028245853396542,0.44412604902457203,0.2620043101205963,0.03920705494096702,-0.0400282825473,-0.22281794469188038,1.4040004133927884,0.07475170503311615,-0.46000311804785665,-0.0027990651342630984,2.9455524964168216,-0.1888965673695237,0.19565231682335626,-0.05764289957084978,0.1522881682548327,-0.011224131479511498,0.024284236158241462,-0.003393987088159467,0.98583984375,0.19565231682335626,-0.05764289957084978,0.1522881682548327,-0.011224131479511498,0.024284236158241462,-0.003393987088159467,-1.0,0.0910819430172191,-0.1312985879778206,1.0625589958341648,0.046570160276603635,0.18769464518723014,0.9024998346667488,0.0,0.0,114.27677915901481,1,0.0481
186,0,0.0,0.25829490632882285,-0.19027914899356996,1.1666911290042092,0.8020905118369037,0.302929198158356,0.4432200459097768,0.2616117402336586,0.0392095633315022,-0.0400281837806739,-0.22318868819118898,1.4020194782146653,0.07476573063597798,-0.46286852811187895,-0.0032436773380523846,2.9446667476634025,-0.1883983508737538,0.32261489627036977,-0.1120710013548023,0.2052370384192559,-0.015559186417914012,0.03608355248968431,-0.0028602346334710704,0.982421875,0.32261489627036977,-0.1120710013548023,0.2052370384192559,-0.015559186417914012,0.03608355248968431,-0.0028602346334710704,-1.0,0.09096084683703909,-0.1315531379005383,1.0625599334534375,0.04657016027660364,0.1876946451872301,0.9024998346667769,0.0,0.0,236.68374946779124,1,0.0475
187,0,0.0,0.2583385036440633,-0.19008461502155394,1.1667464694455907,0.802216360671656,0.30403296284432574,0.441774753782995,0.26238890047941665,0.03921366668994505,-0.04002714627622703,-0.2224991202009117,1.3968315913123552,0.07173500037019889,-0.47113473181535975,-0.005377016265366995,2.9460616174705816,-0.18631830910516475,0.5163458225139518,-0.12839943188998804,0.29287654765692217,-0.017994031539334737,0.0389865588886901,-0.0006547292074945976,0.98095703125,0.5163458225139518,-0.12839943188998804,0.29287654765692217,-0.017994031539334737,0.0389865588886901,-0.0006547292074945976,-1.0,0.0909040541128528,-0.13167532907337468,1.0625529954459525,0.04657016027660364,0.1876946451872301,0.9024998346667825,0.0,0.0,174.782242934766,1,0.0547
188,0,0.0,0.25817905123828805,-0.1908178045215229,1.1666596973237706,0.8024843473250807,0.30445226186096586,0.44086079500153935,0.2626203571252449,0.039210417129166085,-0.04002900603918317,-0.22216342899826436,1.3962711288846696,0.0676153863719287,-0.4708911133535759,-0.0017100127456473708,2.94315179846428,-0.18901743160210996,0.6433084019609653,-0.15842872942596176,0.3631707373579669,-0.016074497554722622,0.03392970903235745,0.006878229964333765,0.9833984375,0.6433084019609653,-0.15842872942596176,0.3631707373579669,-0.016074497554722622,0.03392970903235745,0.006878229964333765,-1.0,0.0905771756969496,-0.13236211224744868,1.0625518176107505,0.04657016027660364,0.1876946451872301,0.9024998346667837,0.0,0.0,20.668851308025538,1,0.0516
189,0,0.0,0.25806468105235725,-0.19127227116243958,1.166418767521177,0.8029804198283661,0.3012533920886699,0.4433644355247683,0.26057017565165397,0.03923338933658434,-0.04002019711222327,-0.22220028595985936,1.397304305115038,0.06748414933471888,-0.4709736049526326,0.010582395693647873,2.9464505065568667,-0.19157036266250313,0.7152127754341929,-0.16743751868675394,0.33646807438711535,-0.014979461389004314,0.03556850296728006,0.0038972728589043715,0.9833984375,0.7152127754341929,-0.16743751868675394,0.33646807438711535,-0.014979461389004314,0.03556850296728006,0.0038972728589043715,-1.0,0.09079105238458605,-0.13191246929444003,1.062546025910626,0.04657016027660364,0.1876946451872301,0.9024998346667837,0.0,0.0,165.98138131947817,1,0.0518
190,0,0.0,0.258399755582925,-0.1899670659511294,1.1671612469266326,0.8012197838116317,0.3065806867921008,0.43902113756734334,0.2670497730461504,0.03923784226180077,-0.04002316868599102,-0.2184984831171489,1.3966931804828282,0.05551955649331153,-0.4699424691934121,-0.006667348764707693,2.944865795802622,-0.18016244261854944,0.777666859822368,-0.1839536323315395,0.31866629907321453,-0.014258025797472249,0.02294978966837591,0.00024157208434058552,0.98193359375,0.777666859822368,-0.1839536323315395,0.31866629907321453,-0.014258025797472249,0.02294978966837591,0.00024157208434058552,-1.0,0.09093528207145651,-0.1316092712243315,1.0625594733335433,0.04657016027660364,0.1876946451872301,0.9024998346667837,0.0,0.0,215.1465966358353,2,0.0517
191,0,0.0,0.25836133706712505,-0.19019133896598084,1.1672626838191063,0.8011412351789251,0.3073022686381148,0.43812874801052765,0.267920206689567,0.03923707187132115,-0.04002670257123722,-0.21704871167352585,1.3987253276386205,0.04987696519846312,-0.4651494700883541,-0.004159601584952323,2.941252130576344,-0.18144409237111606,0.8240965409793665,-0.19371315403073103,0.3056573094207484,-0.008183795772340643,0.023792597977764673,0.0004530589060095791,0.994140625,0.8240965409793665,-0.19371315403073103,0.3056573094207484,-0.008183795772340643,0.023792597977764673,0.0004530589060095791,-1.0,0.09078854325783975,-0.13191773045461005,1.0625599507243977,0.04657016027660364,0.1876946451872301,0.9024998346667837,0.0,0.0,200.92559259219382,2,0.0475
192,1,0.8202,0.25841967995447657,-0.18995081764338323,1.1673595092170101,0.8006250369524385,0.30610265838232953,0.4401125743488479,0.26758481764891984,0.039238366150998,-0.04002769293628346,-0.2166003050174965,1.39960439669032,0.0503531968011964,-0.4653561625948494,0.000694926237953569,2.9460632395338253,-0.18367468815203566,0.05998417215940555,-0.0030271146772974378,0.13209000011021432,-0.007604070743430946,0.0015167061337807985,-0.0027796682252162197,0.98583984375,0.05998417215940555,-0.0030271146772974378,0.13209000011021432,-0.007604070743430946,0.0015167061337807985,-0.0027796682252162197,-1.0,0.09098687737451074,-0.1315008067383666,1.0625599675896222,0.04657016027660364,0.1876946451872301,0.9024998346667837,0.0,0.0,472.1607528261011,2,0.0486
193,0,0.0,0.25843735664872947,-0.1899401418988167,1.1675413311179983,0.800629286661353,0.306654697141517,0.4391031166565949,0.26859652827920333,0.03923882491877507,-0.04002836216780271,-0.21477955509303312,1.3992691731433962,0.04379820728101623,-0.4650617522423411,0.004202542988125601,2.9448828175190953,-0.1828138178348597,0.2049998853748758,-0.06027046310524753,0.15673861208330786,-0.011578407886067427,0.025197278493412634,-0.003947881144911541,0.9853515625,0.2049998853748758,-0.06027046310524753,0.15673861208330786,-0.011578407886067427,0.025197278493412634,-0.003947881144911541,-1.0,0.09094521011882836,-0.13158839629945518,1.0625599682672353,0.04657016027660364,0.1876946451872301,0.9024998346667837,0.0,0.0,303.7054310876835,2,0.0492
194,0,0.0,0.258260806167912,-0.19071144084799094,1.1673395173735572,0.8017333595036804,0.30494749632635837,0.4396899219429427,0.26627695597823664,0.039237900545829846,-0.040029377918759185,-0.21718133190403047,1.3969452073161537,0.04965065525162787,-0.4690219605552228,0.006668782915344093,2.944660750075565,-0.1843492054302398,0.3271345997458298,-0.10869270538200526,0.2120838750784486,-0.01494081305374366,0.03617719785739418,-0.003847173134592985,0.982421875,0.3271345997458298,-0.10869270538200526,0.2120838750784486,-0.01494081305374366,0.03617719785739418,-0.003847173134592985,-1.0,0.09074846961274936,-0.13200205724341188,1.0625599679970994,0.04657016027660364,0.1876946451872301,0.9024998346667837,0.0,0.0,125.1167837161008,1,0.05
195,0,0.0,0.25846243604867863,-0.18989419078849978,1.167720601768073,0.8006120148900567,0.3074629867911779,0.43826361598033303,0.26909462327399414,0.039240669217022364,-0.04002830023233034,-0.21590664119404734,1.397244833672201,0.04698965782807081,-0.46809559319329674,-0.00245977197962015,2.9452245203916703,-0.1801061750757071,0.5167567046480847,-0.12558418524599047,0.3024621189797918,-0.016113145889983277,0.03922067230796478,-0.0016618093106802179,0.978515625,0.5167567046480847,-0.12558418524599047,0.3024621189797918,-0.016113145889983277,0.03922067230796478,-0.0016618093106802179,-1.0,0.09087606825191498,-0.13173406679155553,1.0625441652254128,0.04657016027660364,0.1876946451872301,0.9024998346667837,0.0,0.0,195.40837113304104,1,0.0491
196,0,0.0,0.2585561832969403,-0.18955339805613,1.1679999623961062,0.7998329791452702,0.3085500213797842,0.4381090343378159,0.27041553914248695,0.039240992491121424,-0.04002842976731105,-0.21534724019709273,1.3991579391116729,0.0461021859493278,-0.46461532023241725,-0.0058817287970399845,2.9450693715258294,-0.1799600070826132,0.6391995806196381,-0.14585396108277282,0.36454010468980536,-0.014264467186682353,0.036270843225104044,0.0050050609724085204,0.9833984375,0.6391995806196381,-0.14585396108277282,0.36454010468980536,-0.014264467186682353,0.036270843225104044,0.0050050609724085204,-1.0,0.09088384144959097,-0.13171782787527792,1.0625492102067156,0.04657016027670503,0.18769464518682447,0.9024998346795666,0.0,0.0,73.40066711100783,1,0.0506
197,0,0.0,0.2585601009655938,-0.18955779126090921,1.1680662955496508,0.7996882409412778,0.3086367423413942,0.4378860065064464,0.27110500527096887,0.03924101700658681,-0.04002860140721332,-0.2132681961538714,1.3997998727699623,0.03900559532463657,-0.4631384984966125,-0.0017353202765998165,2.944711380381328,-0.17995254694392768,0.7135692468976621,-0.15974251119316063,0.33167528872568064,-0.013568797151990719,0.03458522660632651,0.002507502316508231,0.98095703125,0.7135692468976621,-0.15974251119316063,0.33167528872568064,-0.013568797151990719,0.03458522660632651,0.002507502316508231,-1.0,0.0908594597860832,-0.1317690955716629,1.0625595874064009,0.04657016027672518,0.18769464518674359,0.9024998346704688,0.0,0.0,279.53108495386965,2,0.048
198,0,0.0,0.25857640191162584,-0.18954686380729266,1.16823138253223,0.7998839196890997,0.30792799600657783,0.4370475711159375,0.2726820215559394,0.03924001014673974,-0.04002933767826655,-0.21051427987777596,1.3992538880070147,0.028195278822942434,-0.4637421914461439,0.0008678751874347493,2.945021191520598,-0.17290370481407602,0.7710927456762443,-0.1888333931811353,0.3090807277503447,-0.011056655360048698,0.021591931836582867,0.00025164288537246615,0.9794921875,0.7710927456762443,-0.1888333931811353,0.3090807277503447,-0.011056655360048698,0.021591931836582867,0.00025164288537246615,-1.0,0.09095843732174913,-0.13156102583953247,1.0625599547181102,0.04657016027673032,0.18769464518672305,0.9024998346677893,0.0,0.0,384.691299505188,2,0.0498
199,0,0.0,0.25864652247733233,-0.1892989885188401,1.1684667729308,0.7996068896042399,0.30827346276298834,0.43670892044407567,0.2736450493944998,0.03924049586097165,-0.04002913030397378,-0.21003662542479778,1.399486166564167,0.026826992330962585,-0.46323225094835835,-0.0009685922717365703,2.945424054958451,-0.1702499394636163,0.8187550732356409,-0.1989682810995264,0.2885402177727667,-0.005314156879237655,0.020421364740209585,9.943660607913962e-06,0.9912109375,0.8187550732356409,-0.1989682810995264,0.2885402177727667,-0.005314156879237655,0.020421364740209585,9.943660607913962e-06,-1.0,0.0910089990541152,-0.13145473881369193,1.0625599678230824,0.0465701602767317,0.18769464518671752,0.9024998346670586,0.0,0.0,297.3680272922813,2,0.0507
200,1,0.8213,0.25854202999667597,-0.18980313726425466,1.1684626446499944,0.7999848760362683,0.30748003286844733,0.43708253489391585,0.2728352711640541,0.03923988002168194,-0.04002940461903697,-0.21078798800198287,1.3995117310736773,0.02803438180796045,-0.4630463355438323,0.002265927675754325,2.9448721839761305,-0.1718816161204471,0.06296306763186776,0.001758804617498333,0.13528519055117094,-0.007852064228020095,0.001095301979086416,-0.0030415090520444776,0.986328125,0.06296306763186776,0.001758804617498333,0.13528519055117094,-0.007852064228020095,0.001095301979086416,-0.0030415090520444776,-1.0,0.09084918586903526,-0.1317906797608778,1.0625599636932128,0.04657016027673207,0.18769464518671605,0.9024998346668595,0.0,0.0,267.5107562131873,1,0.0521
201,0,0.0,0.25856047600094895,-0.1896949344334821,1.1683996844106421,0.8000163366835503,0.30746366331778585,0.43741274967859023,0.27223159845479594,0.0392411282307347,-0.040028772651232634,-0.21187642104370122,1.397723624288322,0.03216650025558662,-0.46640011795441005,-0.00020719266467887566,2.9461035691534287,-0.17227064267184136,0.21321752805753047,-0.05801826579004943,0.1605043722458639,-0.012544616267583589,0.025197278493412634,-0.004129155563484949,0.98486328125,0.21321752805753047,-0.05801826579004943,0.1605043722458639,-0.012544616267583589,0.025197278493412634,-0.004129155563484949,-1.0,0.09088668920021536,-0.13171182199622272,1.0625599697864074,0.046570160276732164,0.18769464518671566,0.9024998346668053,0.0,0.0,97.53737556661287,1,0.0489
202,0,0.0,0.2584534734295751,-0.19012265754463462,1.1681788581338994,0.8009111285796889,0.30611401833026647,0.43733787227497195,0.27124003644909306,0.03924124140375403,-0.04002878837508904,-0.21185032558485117,1.39612470922636,0.030986972861372076,-0.4691869586538216,0.002054217498195813,2.9462925655681076,-0.17039041996522183,0.33165430322128986,-0.10400062764200935,0.21505083763076538,-0.015662248645275725,0.03580261638655474,-0.003907597940784102,0.98193359375,0.33165430322128986,-0.10400062764200935,0.21505083763076538,-0.015662248645275725,0.03580261638655474,-0.003907597940784102,-1.0,0.09078437863520517,-0.13192693444455753,1.062559970791981,0.046570160276732164,0.18769464518671566,0.9024998346667903,0.0,0.0,93.96091868569415,1,0.0514
203,0,0.0,0.2585687262811359,-0.18947577893278625,1.1679564241811662,0.8010509025926457,0.3060561560122463,0.43728005698255806,0.2709856686023173,0.03925386674215115,-0.04001885277588391,-0.21063230749918432,1.3984235475153404,0.029226932257832412,-0.4652876817104064,0.00203117690319579,2.9443981334591007,-0.16880199047970532,0.5128533243738237,-0.12070442439639473,0.3040597142002701,-0.015507655304233148,0.03922067230796478,-0.002235844969495998,0.97900390625,0.5128533243738237,-0.12070442439639473,0.3040597142002701,-0.015507655304233148,0.03922067230796478,-0.002235844969495998,-1.0,0.09088036032177813,-0.13172530675469776,1.062550411711348,0.04657016027674246,0.1876946451866746,0.9024998346685899,0.0,0.0,416.04052440019933,2,0.0497
204,0,0.0,0.25842847144223746,-0.19013681003141858,1.1679109926935944,0.8011469165878425,0.30630050880085025,0.436327705102158,0.27195909639211646,0.03923621283893707,-0.040021011314831004,-0.21056359256267052,1.3974081793900828,0.02560798336628715,-0.4667511327697487,0.0006170889771334568,2.944116119160239,-0.16690678449276755,0.6322145843393817,-0.14303871443877525,0.36248605369204756,-0.013613886876461465,0.035521680283425144,0.0031923167866744484,0.98388671875,0.6322145843393817,-0.14303871443877525,0.36248605369204756,-0.013613886876461465,0.035521680283425144,0.0031923167866744484,-1.0,0.09084110961766308,-0.13180781793918067,1.0625596288803791,0.04657016027674601,0.1876946451866602,0.9024998346673394,0.0,0.0,598.378779009123,2,0.0479
205,0,0.0,0.2584303752693664,-0.1901931872955522,1.1680720262249433,0.8007920143303532,0.3064881428359072,0.4370823107268291,0.27158096718184477,0.0392293645853652,-0.04002551021833676,-0.21188531341379374,1.3975567991227544,0.03031480817495731,-0.46667356797006454,-0.0003860377512911819,2.945096621331942,-0.1702712288691447,0.7098713076904676,-0.15580116589156412,0.33076237717112145,-0.013555914373570496,0.03425746781934197,0.0018226878463420138,0.98046875,0.7098713076904676,-0.15580116589156412,0.33076237717112145,-0.013555914373570496,0.03425746781934197,0.0018226878463420138,-1.0,0.09076863648386256,-0.131960741601881,1.0625591474553604,0.04657016027674678,0.18769464518665713,0.902499834666936,0.0,0.0,365.737913820595,1,0.0506
206,0,0.0,0.25852511164537517,-0.1898361162087164,1.1683216340608142,0.799903884013459,0.3084468054661324,0.43658645017227565,0.2727757615036385,0.03923089356415436,-0.040027030852664625,-0.21186027704548482,1.3973208646608433,0.031568818023907395,-0.4668200883266201,-0.001373741082389644,2.9453818109856766,-0.17386003103495914,0.7669839243349169,-0.1839536323315395,0.31250414607994115,-0.011668587335008931,0.023066846378013234,-1.0197941455791781e-05,0.97900390625,0.7669839243349169,-0.1839536323315395,0.31250414607994115,-0.011668587335008931,0.023066846378013234,-1.0197941455791781e-05,-1.0,0.09073025045526759,-0.13204157967536062,1.062559939423067,0.046570160276747,0.18769464518665624,0.9024998346668259,0.0,0.0,43.98300378166962,2,0.0511
207,0,0.0,0.25882076504097196,-0.18847669185021754,1.1685101117838008,0.7998849037341224,0.30837342511201793,0.4387126049838982,0.2694832493703045,0.03924471762613305,-0.04002654339601678,-0.21352534476650895,1.3971123334163862,0.0445823853045578,-0.4669611432673406,0.001301912991863536,2.9451455558067723,-0.18263715828203111,0.8175224268332427,-0.19446388646913038,0.2947023707660401,-0.00647360693705705,0.021310995733453297,-0.00016125995693364037,0.99169921875,0.8175224268332427,-0.19446388646913038,0.2947023707660401,-0.00647360693705705,0.021310995733453297,-0.00016125995693364037,-1.0,0.09096019103033624,-0.13155804260631965,1.0625584201547582,0.04657016027673615,0.18769464518669968,0.9024998346660448,0.0,0.0,46.41017312189839,1,0.0467
208,1,0.8397,0.2584399772212513,-0.1900358786869674,1.1677987873353173,0.7995218069190774,0.3098472651748336,0.4382477930248165,0.2696264535119031,0.03924365389889952,-0.040027903625006626,-0.21751140764156915,1.397895068394693,0.053000097039416987,-0.466897739384194,-0.003005242922011363,2.9448165360062366,-0.19017616700733614,0.05993281189263888,-0.001056442026499127,0.13060651883405594,-0.007732898527633106,0.001411355095107203,-0.002749455822120661,0.98583984375,0.05993281189263888,-0.001056442026499127,0.13060651883405594,-0.007732898527633106,0.001411355095107203,-0.002749455822120661,-1.0,0.09086800820120282,-0.13175175023390867,1.062532126298727,0.04657016027673511,0.18769464518670384,0.902499834666583,0.0,0.0,200.04760512427558,1,0.0504
209,0,0.0,0.2585236393569257,-0.18947274097647154,1.167411005481956,0.7993370135765097,0.3104979577004435,0.4391023831028187,0.26803069627164694,0.03924513725334301,-0.040028887128623056,-0.21898438381561497,1.3982515216466924,0.06077430792923186,-0.4674027260649979,-0.0035416510150774946,2.9454123020120346,-0.19621285767137697,0.20612981124374086,-0.05905052289284851,0.15628215630602837,-0.0117265598378999,0.02503339909992039,-0.0038773855376885435,0.98486328125,0.20612981124374086,-0.05905052289284851,0.15628215630602837,-0.0117265598378999,0.02503339909992039,-0.0038773855376885435,-1.0,0.09082896661325678,-0.13183381695240315,1.0625589792906456,0.04657016027673493,0.1876946451867046,0.9024998346667377,0.0,0.0,183.7593417096398,2,0.0476
210,0,0.0,0.25856970976512667,-0.1893992975450043,1.1677800278992934,0.7987520312439547,0.31124194518503956,0.4388347731313913,0.2693467765387358,0.03924536295544286,-0.040028724161595294,-0.21820392076619055,1.3975734002957712,0.05798255658899035,-0.46810917097941496,-0.005183004388784815,2.9465912791735964,-0.19531162854484707,0.3277509229470289,-0.1083173391628055,0.21162741930116913,-0.01527576529266926,0.036458133960523775,-0.0036860403180832835,0.98193359375,0.3277509229470289,-0.1083173391628055,0.21162741930116913,-0.01527576529266926,0.036458133960523775,-0.0036860403180832835,-1.0,0.0907917103031702,-0.13191277309596805,1.0625599347488721,0.0465701602767349,0.18769464518670473,0.9024998346667719,0.0,0.0,195.2124101075872,1,0.0467
211,0,0.0,0.2591070702457189,-0.18728675435726977,1.1690298500242442,0.7985117864245715,0.3108597594693834,0.43996473447778117,0.2686562288493813,0.039211748540897776,-0.04001946058229743,-0.21440203389896498,1.3963051515151519,0.05237666040267435,-0.467588110622239,0.00016343013552005915,2.946483351163499,-0.19404789733782565,0.5132642065079563,-0.12520881902679082,0.3008645237593135,-0.016564043134690815,0.03936114035952956,-0.0016114553055209258,0.978515625,0.5132642065079563,-0.12520881902679082,0.3008645237593135,-0.016564043134690815,0.03936114035952956,-0.0016114553055209258,-1.0,0.09085411585735109,-0.13178158885097388,1.0625599671923573,0.0465701602767349,0.18769464518670473,0.9024998346667813,0.0,0.0,0.0,1,0.0493
212,0,0.0,0.2601648889325554,-0.18389249075744887,1.1736865314574403,0.7980729411858749,0.309241377345284,0.4424987658439073,0.26766432954567704,0.0392859684277875,-0.03998595094304417,-0.20893732987046235,1.3919756715351783,0.04831643494094022,-0.46705010302141137,0.005572370931425237,2.9449496032230966,-0.18757143298667994,0.6383778163513726,-0.14941994016516968,0.3631707373579669,-0.01463162637165849,0.03613037517353926,0.004682795339389145,0.9833984375,0.6383778163513726,-0.14941994016516968,0.3631707373579669,-0.01463162637165849,0.03613037517353926,0.004682795339389145,-1.0,0.09069344071453339,-0.13211934778862322,1.062559968339411,0.0465701602767349,0.18769464518670473,0.9024998346667837,0.0,0.0,0.0,0,0.0466
213,0,0.0,0.2593484586878157,-0.18874376396597836,1.1758662040709535,0.7977971236915602,0.30911101829605114,0.43893395548624325,0.27442141045962654,0.03910564549862948,-0.04011249058474274,-0.20950373992938437,1.3891900736337068,0.026548644317916058,-0.46606516982402496,0.0032258477570814097,2.9430440119169403,-0.1769757401390158,0.7156236575683258,-0.16180702539875885,0.33121883294840115,-0.014264467186682353,0.034819340025601164,0.0020241038669791267,0.98193359375,0.7156236575683258,-0.16180702539875885,0.33121883294840115,-0.014264467186682353,0.034819340025601164,0.0020241038669791267,-1.0,0.0906943341940828,-0.13211746955178794,1.0625599683681686,0.0465701602767349,0.18769464518670473,0.9024998346667837,0.0,0.0,0.0,0,0.0463
214,0,0.0,0.25848607063049095,-0.19002489339871506,1.16832677760558,0.7991929238696057,0.30990345222487037,0.4340535789488726,0.27721473867298596,0.039226925404547607,-0.04009762626674954,-0.20590648442418413,1.3975054897888188,0.00854384500534803,-0.46629433955814514,0.005636500615809617,2.945215067545444,-0.16826803760721257,0.7727362742127751,-0.18676887897553707,0.31090655085946284,-0.01249952654311283,0.02198992464934979,-8.069354867878964e-05,0.98046875,0.7727362742127751,-0.18676887897553707,0.31090655085946284,-0.01249952654311283,0.02198992464934979,-8.069354867878964e-05,-1.0,0.09089866630413691,-0.13168817748658201,1.062559961641579,0.0465701602767349,0.18769464518670473,0.9024998346667837,0.0,0.0,546.6944214380674,2,0.0644
215,0,0.0,0.25861910763192875,-0.18948327087267294,1.168611856785212,0.7999826687395255,0.3104910444857094,0.43078464624858365,0.2793700584655425,0.03921420238294551,-0.04007498098750075,-0.2016899213113714,1.3977540307298633,-0.0061056955455520414,-0.4633763675288811,0.0037991593012705435,2.939534008784153,-0.1568079878197943,0.8195768375039064,-0.19802986555152724,0.29127895243644386,-0.0068311040382180305,0.020889591578758887,4.015606370347258e-05,0.9921875,0.8195768375039064,-0.19802986555152724,0.29127895243644386,-0.0068311040382180305,0.020889591578758887,4.015606370347258e-05,-1.0,0.09108256487141693,-0.13130159802798766,1.0625599680993836,0.0465701602767349,0.18769464518670473,0.9024998346667837,0.0,0.0,458.0330683580796,2,0.049
216,1,0.8056,0.2587464706607149,-0.1890560146381502,1.1690513553431272,0.7986420092640514,0.3113976079378165,0.4319579042810437,0.280383379925437,0.03921437928543408,-0.04005273624590461,-0.20312098426984707,1.3964355754021487,0.00020910740540189862,-0.46673832078687577,-0.0013406423280345795,2.94510069840302,-0.158939414589818,0.06185882189638614,0.004667892816295871,0.13243234194317388,-0.007900374647095906,0.001095301979086416,-0.0025379690004516953,0.98486328125,0.06185882189638614,0.004667892816295871,0.13243234194317388,-0.007900374647095906,0.001095301979086416,-0.0025379690004516953,-1.0,0.0911641771502246,-0.13113003900286896,1.0625599683448894,0.0465701602767349,0.18769464518670473,0.9024998346667837,0.0,0.0,147.39009614197928,1,0.0453
217,0,0.0,0.2585340314822213,-0.1899782680953058,1.16878880052179,0.7987434075960353,0.31214698714919453,0.4336140004388382,0.2766805483928727,0.039214616212453805,-0.04004143284332429,-0.21043860653701976,1.3964272033548002,0.024123940098402488,-0.4665990933891054,-0.00651452165261894,2.943201042317299,-0.17370266345260307,0.2232841403437823,-0.05266929716645408,0.16381367663114044,-0.013465734924628991,0.026765838402552866,-0.003393987088159467,0.98388671875,0.2232841403437823,-0.05266929716645408,0.16381367663114044,-0.013465734924628991,0.026765838402552866,-0.003393987088159467,-1.0,0.09072096329303764,-0.1320617290275857,1.0625599684246083,0.0465701602767349,0.18769464518670473,0.9024998346667837,0.0,0.0,123.12196287337439,1,0.0446
218,0,0.0,0.2584324908204658,-0.1904298970688441,1.1687023133885335,0.7981755993801981,0.3128395723709091,0.43553580425833577,0.2745098863827877,0.03921471713676747,-0.0400359963270193,-0.2140047764600084,1.3983087826591858,0.036917033686372475,-0.4638206769786344,-0.0034678180872223996,2.9427689460982203,-0.18818025098055827,0.3390501816356789,-0.0998715992308129,0.21938716751492082,-0.01695052648729728,0.037160474218347755,-0.0035450491036372878,0.98046875,0.3390501816356789,-0.0998715992308129,0.21938716751492082,-0.01695052648729728,0.037160474218347755,-0.0035450491036372878,-1.0,0.09047991605966653,-0.13256842617131875,1.0625599682110245,0.0465701602767349,0.18769464518670473,0.9024998346667837,0.0,0.0,196.86203922778728,1,0.0609
219,0,0.0,0.2588100177490229,-0.18859082042916833,1.1687262517153238,0.7970545971227988,0.31296461386267826,0.43843313865381583,0.2730082464054157,0.039198868216808264,-0.04003335038941244,-0.21386182735228224,1.401267777984032,0.04526562293311224,-0.46079661017320106,-0.0016737269536353499,2.9471882230024966,-0.19452131371837755,0.5262069937331374,-0.12014137506759526,0.30725490464122673,-0.01527576529266926,0.039267494991819696,-0.002366765382910141,0.97900390625,0.5262069937331374,-0.12014137506759526,0.30725490464122673,-0.01527576529266926,0.039267494991819696,-0.002366765382910141,-1.0,0.09085395601931696,-0.13178213466769714,1.0625574864107412,0.0465701602767349,0.18769464518670473,0.9024998346667837,0.0,0.0,48.12574551744964,1,0.0508
