step,query,infer_s,eef_x,eef_y,eef_z,eef_qx,eef_qy,eef_qz,eef_qw,gripper_q0,gripper_q1,joint_0,joint_1,joint_2,joint_3,joint_4,joint_5,joint_6,act_raw_0,act_raw_1,act_raw_2,act_raw_3,act_raw_4,act_raw_5,act_raw_6,act_env_0,act_env_1,act_env_2,act_env_3,act_env_4,act_env_5,act_env_6,akita_black_bowl_1_x,akita_black_bowl_1_y,akita_black_bowl_1_z,plate_1_x,plate_1_y,plate_1_z,force_akita_black_bowl_1,force_plate_1,force_other,n_contacts,sim_s
0,1,0.0551,-0.20207089287260488,0.0021431917585146326,1.1789130706618607,0.9996205335159061,0.00016056573750478087,-0.027543803049639392,0.00031953963913098314,0.0387214157247379,-0.03872417633493096,0.0029681066981881955,-0.15199095861842127,0.0018050632587105308,-2.418790574995125,-0.00013449385728406924,2.2116643006211163,0.7904028104735025,-0.030688107013702393,-0.08790962398052216,0.0011291950941085815,-0.005203354638069868,0.001313001848757267,-0.03231039643287659,1.0056283473968506,-0.030688107013702393,-0.08790962398052216,0.0011291950941085815,-0.005203354638069868,0.001313001848757267,-0.03231039643287659,-1.0,-0.25122766290313714,-0.15504229701474948,0.928903128726386,0.05785942003742249,0.1936611857912758,0.9024995673059236,0.0,0.0,0.0,0,0.0395
1,0,0.0,-0.2021178593053067,0.0015378159186785392,1.179008602088473,0.9996054452618054,-0.0009013119817773974,-0.028069462877048028,0.0004966824454964124,0.038827284614113146,-0.038862739977962975,0.0025892377178252293,-0.15179502377497447,0.0009035678748299522,-2.4180610257431367,-0.0007844291847353571,2.210076009053431,0.7917955802174264,-0.021986737847328186,-0.24353812634944916,-0.011233389377593994,-0.00041463691741228104,0.0014999248087406158,-0.031623076647520065,0.99309241771698,-0.021986737847328186,-0.24353812634944916,-0.011233389377593994,-0.00041463691741228104,0.0014999248087406158,-0.031623076647520065,-1.0,-0.2512276574109698,-0.1550422967796368,0.9289038714465396,0.05785942004659658,0.19366118582128397,0.9024997617621902,0.0,0.0,0.0,0,0.0387
2,0,0.0,-0.2022585185000111,-0.00036511152916477964,1.1790527361216203,0.9995887889211197,-0.0030584314597569273,-0.028497736651158966,0.000882080481008192,0.038882180968725595,-0.03895321584376361,0.0015320149826050715,-0.15185690894911608,-0.002028823544488045,-2.4178334903200116,-0.0024186496527801252,2.208940358381088,0.7932205878486978,-0.04606166481971741,-0.42351794242858887,-0.10173043608665466,4.0442682802677155e-06,-0.004051223862916231,-0.030700985342264175,0.9942308664321899,-0.04606166481971741,-0.42351794242858887,-0.10173043608665466,4.0442682802677155e-06,-0.004051223862916231,-0.030700985342264175,-1.0,-0.25122765596259333,-0.1550422967199604,0.928904074123869,0.05785942004874605,0.19366118583022737,0.9024998147869767,0.0,0.0,0.0,0,0.0382
3,0,0.0,-0.20247873954467271,-0.004135158952826777,1.178565239143938,0.9995643964126683,-0.00565825357005445,-0.028932688336021167,0.0013788170163194502,0.03892545921566108,-0.03902343927518747,-0.00044205963830879955,-0.15123821568867926,-0.00800744087648776,-2.4184536753390504,-0.005162796143642284,2.209313709243282,0.7922899053921841,-0.06814885139465332,-0.5264862775802612,-0.10593584179878235,0.0009235469624400139,-0.008266792632639408,-0.021217670291662216,1.007063627243042,-0.06814885139465332,-0.5264862775802612,-0.10593584179878235,0.0009235469624400139,-0.008266792632639408,-0.021217670291662216,-1.0,-0.2512276555805825,-0.15504229670485337,0.9289041294317077,0.05785942004923739,0.19366118583287026,0.9024998292459088,0.0,0.0,0.0,0,0.0378
4,1,0.0536,-0.20285988946547323,-0.009637808177623795,1.177624851902074,0.9995352596341881,-0.008094873347507914,-0.029330541288117434,0.0018593335494625912,0.03896660895084682,-0.03907599776966676,-0.0032282825088104667,-0.1503119364158793,-0.0168412394388742,-2.419981392153393,-0.008661446589004567,2.211026926021966,0.7878230393089485,0.006284430623054504,-0.20491348206996918,-0.0891576036810875,-0.014461766928434372,0.02934190258383751,-0.03498169779777527,1.0175224542617798,0.006284430623054504,-0.20491348206996918,-0.0891576036810875,-0.014461766928434372,0.02934190258383751,-0.03498169779777527,-1.0,-0.2512276554798201,-0.155042296701041,0.9289041445244876,0.05785942004934585,0.19366118583364572,0.9024998331886069,0.0,0.0,0.0,0,0.0385
5,0,0.0,-0.20338158321043506,-0.014431466897701287,1.1763471328696782,0.9994977327642682,-0.009900481387741966,-0.03003258784727908,0.002075170974253783,0.039012956078837376,-0.039114131075557584,-0.005611833161048347,-0.14879093597397539,-0.024411859236401337,-2.421706054910329,-0.011194452660798255,2.212871012354409,0.7831602679210635,0.1043519526720047,-0.40825140476226807,-0.016491442918777466,-0.003682617098093033,0.03705206885933876,-0.02802148461341858,0.9819591045379639,0.1043519526720047,-0.40825140476226807,-0.016491442918777466,-0.003682617098093033,0.03705206885933876,-0.02802148461341858,-1.0,-0.25122765545324094,-0.15504229670008238,0.9289041486431161,0.05785942004936856,0.19366118583387193,0.9024998342637116,0.0,0.0,0.0,0,0.0376
6,0,0.0,-0.2034328375428811,-0.018794517268568282,1.175169338932005,0.9994546311167273,-0.011927958949825068,-0.030689865454831395,0.0025092415150585606,0.039052539018368124,-0.03915484205532639,-0.007847981114292722,-0.1460031918883056,-0.03135420193297499,-2.4216890087482708,-0.014064475561444505,2.2144286045539654,0.7799798794475232,0.1034778282046318,-0.5349980592727661,0.004853606224060059,0.0014438978396356106,0.06719017773866653,-0.025059223175048828,0.9949018359184265,0.1034778282046318,-0.5349980592727661,0.004853606224060059,0.0014438978396356106,0.06719017773866653,-0.025059223175048828,-1.0,-0.2512276554462292,-0.1550422966998423,0.9289041497670397,0.057859420049372896,0.1936611858339376,0.9024998345568738,0.0,0.0,0.0,0,0.0374
7,0,0.0,-0.2033629113405961,-0.024486256181988377,1.174135665053032,0.9993808966437807,-0.014174500433126902,-0.032059781920976436,0.0030128631104590423,0.0390882610636315,-0.039195953412532486,-0.010702438864423139,-0.1421115459398218,-0.04045696704693902,-2.419728818993703,-0.01762501081161974,2.2136333594106734,0.7748712362353452,0.11820099502801895,-0.6426390409469604,-0.03520805388689041,0.00038406578823924065,0.06681717932224274,-0.02523847669363022,1.0058879852294922,0.11820099502801895,-0.6426390409469604,-0.03520805388689041,0.00038406578823924065,0.06681717932224274,-0.02523847669363022,-1.0,-0.25122765544437964,-0.1550422966997825,0.9289041500737456,0.05785942004937358,0.19366118583395653,0.9024998346368139,0.0,0.0,0.0,0,0.0383
8,1,0.0535,-0.20317596346413933,-0.031630715235433204,1.173010346711896,0.9992755231191884,-0.016429943294476834,-0.03414910251303568,0.0035106489093952066,0.03912110434857178,-0.03923663625949413,-0.014211191690331896,-0.13655012114637377,-0.051915499278237326,-2.4158931987329018,-0.021762356117485636,2.211342373200373,0.7671339683796927,-0.08163785934448242,-0.5771995186805725,-0.3622344732284546,0.009185264818370342,-0.011234605684876442,-0.06323935091495514,1.0068966150283813,-0.08163785934448242,-0.5771995186805725,-0.3622344732284546,0.009185264818370342,-0.011234605684876442,-0.06323935091495514,-1.0,-0.25122765544389164,-0.1550422966997676,0.9289041501574421,0.05785942004937363,0.19366118583396194,0.9024998346586124,0.0,0.0,0.0,0,0.039
9,0,0.0,-0.20294332899859807,-0.03932705783679026,1.17063587948441,0.9991490032063887,-0.01948993517071329,-0.036190747771628826,0.003411978084786908,0.039154379030896753,-0.0392737313999105,-0.017973109657169094,-0.12846794127107988,-0.06451896602975768,-2.413064798831005,-0.024360602303467812,2.212737913778049,0.7588099072226051,-0.08495146036148071,-0.553987979888916,-0.42907142639160156,0.008405404165387154,-0.02011481299996376,-0.06619252264499664,0.9861424565315247,-0.08495146036148071,-0.553987979888916,-0.42907142639160156,0.008405404165387154,-0.02011481299996376,-0.06619252264499664,-1.0,-0.2512276554437628,-0.15504229669976394,0.928904150180282,0.05785942004937363,0.19366118583396347,0.9024998346645562,0.0,0.0,0.0,0,0.0378
10,0,0.0,-0.20288966556297275,-0.04684411211985454,1.1666599043322878,0.99901809710388,-0.02346743522010447,-0.0374784706198209,0.0027359428230280813,0.0391868509805294,-0.03930861973640161,-0.021688134597442774,-0.11874631347775,-0.07718692067988162,-2.4132188862240542,-0.025229164846153704,2.2202265642846286,0.7511943885347011,-0.10438698530197144,-0.5137181878089905,-0.46919894218444824,0.003866317681968212,-0.034077662974596024,-0.06421548128128052,0.9866840243339539,-0.10438698530197144,-0.5137181878089905,-0.46919894218444824,0.003866317681968212,-0.034077662974596024,-0.06421548128128052,-1.0,-0.2512276554437288,-0.15504229669976302,0.9289041501865147,0.05785942004937363,0.1936611858339639,0.9024998346661771,0.0,0.0,0.0,0,0.0376
11,0,0.0,-0.20299733305006756,-0.054057532499646274,1.1618134921354801,0.9988990591284274,-0.02756516726188485,-0.037904546776578424,0.0020190492385824283,0.03921855250462982,-0.03934139585452561,-0.025257853868845884,-0.10855947739828979,-0.08944097687620009,-2.4156752768409167,-0.025540401564023502,2.232174566392864,0.7440159931160488,-0.12025982141494751,-0.47785359621047974,-0.5112708210945129,0.001480265986174345,-0.04625162482261658,-0.05580264702439308,0.9921055436134338,-0.12025982141494751,-0.47785359621047974,-0.5112708210945129,0.001480265986174345,-0.04625162482261658,-0.05580264702439308,-1.0,-0.2512276554437199,-0.15504229669976294,0.9289041501882156,0.05785942004937363,0.1936611858339639,0.9024998346666192,0.0,0.0,0.0,0,0.0382
12,1,0.0536,-0.20331252395837315,-0.060830556398823024,1.1563647465745044,0.9988036353536244,-0.031375468440710375,-0.03748107200875912,0.0014308129098507903,0.03924949458570409,-0.039372170943863555,-0.02861183432642927,-0.09840748142672419,-0.101005095853532,-2.420323830139805,-0.025630668897166076,2.2479586952399786,0.7370144856848851,-0.015542834997177124,-0.6169592142105103,-0.5416975021362305,0.023684080690145493,-0.043459080159664154,-0.04440790042281151,0.9950395822525024,-0.015542834997177124,-0.6169592142105103,-0.5416975021362305,0.023684080690145493,-0.043459080159664154,-0.04440790042281151,-1.0,-0.2512276554437175,-0.15504229669976294,0.9289041501886798,0.05785942004937363,0.1936611858339639,0.9024998346667397,0.0,0.0,0.0,0,0.0391
13,0,0.0,-0.20344795437950927,-0.06787529687220453,1.1502014946897443,0.9987488062610455,-0.034874150600344433,-0.03583478210779922,0.000695703476252146,0.03927701976484682,-0.039403716474174275,-0.0320960585617435,-0.08686845510871292,-0.11324394565420332,-2.426114422099103,-0.024687376038213634,2.2686997770277872,0.7279213408398892,-0.032679423689842224,-0.5356652140617371,-0.5941933393478394,0.016368474811315536,-0.044529564678668976,-0.03471630811691284,0.9983578324317932,-0.032679423689842224,-0.5356652140617371,-0.5941933393478394,0.016368474811315536,-0.044529564678668976,-0.03471630811691284,-1.0,-0.251227655443717,-0.15504229669976294,0.9289041501888065,0.05785942004937363,0.1936611858339639,0.9024998346667725,0.0,0.0,0.0,0,0.0388
14,0,0.0,-0.20356101759733305,-0.07512386552668822,1.1431658786701901,0.998722902781058,-0.037705709266171894,-0.03362617845168766,-0.00035081625721414614,0.039304713305906125,-0.03943255794008628,-0.035628764638036624,-0.07344040196928002,-0.1259212763533353,-2.4326320840299327,-0.02220501013137575,2.2929681612958506,0.7158771599911263,-0.06146739423274994,-0.48275327682495117,-0.6498855948448181,0.01147748064249754,-0.04250813275575638,-0.023007869720458984,0.9954890012741089,-0.06146739423274994,-0.48275327682495117,-0.6498855948448181,0.01147748064249754,-0.04250813275575638,-0.023007869720458984,-1.0,-0.251227655443717,-0.15504229669976294,0.9289041501888412,0.05785942004937363,0.1936611858339639,0.9024998346667815,0.0,0.0,0.0,0,0.0384
15,0,0.0,-0.20398505986531984,-0.0819005507538482,1.135350339781565,0.9987151390455843,-0.039690497922177936,-0.03148036115067514,-0.0013123557714184771,0.03933222140233706,-0.039459162449803166,-0.038913784468391575,-0.058763579546700084,-0.13783057106334518,-2.4401676986762477,-0.01902143726351738,2.3192814561348136,0.7025798305421548,-0.10779699683189392,-0.4501417279243469,-0.7186062335968018,0.008747405372560024,-0.04309264197945595,-0.012277339585125446,0.9932129979133606,-0.10779699683189392,-0.4501417279243469,-0.7186062335968018,0.008747405372560024,-0.04309264197945595,-0.012277339585125446,-1.0,-0.251227655443717,-0.15504229669976294,0.9289041501888506,0.05785942004937363,0.1936611858339639,0.9024998346667837,0.0,0.0,0.0,0,0.0387
16,1,0.0543,-0.20483877859310884,-0.088184740027214,1.1267566616143723,0.9987234121903372,-0.040942664702496856,-0.02951189666464617,-0.0020717396562859626,0.03935890981461042,-0.03948426914822097,-0.04196574844450084,-0.042950117659964315,-0.1489196820244753,-2.4488924525822875,-0.015403953442279293,2.347512050167066,0.6884633999063602,-0.2898414433002472,-0.22604934871196747,-0.7787761092185974,-0.00015936093404889107,-0.0008551683276891708,-0.0026128198951482773,0.9950413107872009,-0.2898414433002472,-0.22604934871196747,-0.7787761092185974,-0.00015936093404889107,-0.0008551683276891708,-0.0026128198951482773,-1.0,-0.251227655443717,-0.15504229669976294,0.9289041501888531,0.05785942004937363,0.1936611858339639,0.9024998346667837,0.0,0.0,0.0,0,0.0395
17,0,0.0,-0.2072417809005192,-0.09305394875890152,1.1172140167463822,0.998708350297137,-0.04124689991937125,-0.029536188176049766,-0.002817424682361059,0.0393878007929687,-0.03950495944672568,-0.04444420898529904,-0.02758011993920381,-0.15791059985818787,-2.460442698412078,-0.011800090209795552,2.3738683281499497,0.6749995547855234,-0.25995153188705444,-0.16469652950763702,-0.8060401678085327,-0.0008956091478466988,-0.002903291955590248,-0.0028493329882621765,1.0054700374603271,-0.25995153188705444,-0.16469652950763702,-0.8060401678085327,-0.0008956091478466988,-0.002903291955590248,-0.0028493329882621765,-1.0,-0.251227655443717,-0.15504229669976294,0.9289041501888531,0.05785942004937363,0.1936611858339639,0.9024998346667837,0.0,0.0,0.0,0,0.0382
18,0,0.0,-0.21041355983114704,-0.0963541721234515,1.10721755582277,0.9986890998694798,-0.041074746803318296,-0.03036741657561764,-0.003281308801885773,0.039415543961670664,-0.03952468216714178,-0.04625971760079874,-0.012375825353683326,-0.16442270198708744,-2.4736721312622505,-0.008566790667309117,2.4004236019626566,0.6639749330647413,-0.244384765625,-0.1370905190706253,-0.8318918347358704,-0.0007680635899305344,-0.0008064787834882736,-0.0029050111770629883,0.9990472197532654,-0.244384765625,-0.1370905190706253,-0.8318918347358704,-0.0007680635899305344,-0.0008064787834882736,-0.0029050111770629883,-1.0,-0.251227655443717,-0.15504229669976294,0.9289041501888531,0.05785942004937363,0.1936611858339639,0.9024998346667837,0.0,0.0,0.0,0,0.0375
19,0,0.0,-0.21356446823704012,-0.09878359210171235,1.0968217522087709,0.9986780889130482,-0.040979464497765516,-0.03083858763302673,-0.003426328539006398,0.03944158917348422,-0.03954407380387893,-0.047677564794905224,0.004085127417719743,-0.16935202857753773,-2.48733401441257,-0.0051463263502454235,2.429403852121101,0.65485873278459,-0.26779884099960327,-0.12648113071918488,-0.869426965713501,-0.0006597409956157207,-0.00128067284822464,-0.004732390865683556,1.0011451244354248,-0.26779884099960327,-0.12648113071918488,-0.869426965713501,-0.0006597409956157207,-0.00128067284822464,-0.004732390865683556,-1.0,-0.251227655443717,-0.15504229669976294,0.9289041501888531,0.05785942004937363,0.1936611858339639,0.9024998346667837,0.0,0.0,0.0,0,0.0383
20,1,0.0558,-0.21688618789195518,-0.1007368566826588,1.0859430062144766,0.9986619398769794,-0.04109455501388576,-0.03121023334863057,-0.003389501981486064,0.039466022445434325,-0.03956313238733055,-0.048913673484784224,0.022036666897875992,-0.1733840558427985,-2.5013405118177694,-0.0012504445332200244,2.46040383010078,0.6467795589931973,-0.43008869886398315,-0.15413980185985565,-0.9294082522392273,-0.0005995500832796097,-0.04944172874093056,-0.0004789195954799652,1.0101345777511597,-0.43008869886398315,-0.15413980185985565,-0.9294082522392273,-0.0005995500832796097,-0.04944172874093056,-0.0004789195954799652,-1.0,-0.251227655443717,-0.15504229669976294,0.9289041501888531,0.05785942004937363,0.1936611858339639,0.9024998346667837,0.0,0.0,0.0,0,0.039
21,0,0.0,-0.2206943201939261,-0.10264003334338068,1.0748540250808858,0.9986536045438095,-0.04140223843634583,-0.031066753828428058,-0.003419004340371833,0.03948846626112719,-0.03958231627329611,-0.050263177939534144,0.040128406421162964,-0.17742073675513176,-2.5167640911904883,0.0038377604661743734,2.4939850904687484,0.6378856008949647,-0.4628756046295166,-0.12060637772083282,-0.917555570602417,0.000528726726770401,-0.04705333337187767,0.0005424618721008301,0.9965583086013794,-0.4628756046295166,-0.12060637772083282,-0.917555570602417,0.000528726726770401,-0.04705333337187767,0.0005424618721008301,-1.0,-0.251227655443717,-0.15504229669976294,0.9289041501888531,0.05785942004937363,0.1936611858339639,0.9024998346667837,0.0,0.0,0.0,0,0.0377
22,0,0.0,-0.22530944955843976,-0.1044826559253225,1.0636968800084026,0.9986681432647054,-0.041639827657126094,-0.030248423954994552,-0.003619009415300809,0.03951051289449438,-0.039600112134793405,-0.05176585650042039,0.05746292204082436,-0.18149074991027056,-2.5345878613629473,0.010440003468535753,2.5303987693186034,0.6272332406227344,-0.4860961437225342,-0.08252494037151337,-0.8827271461486816,-0.0008883397094905376,-0.04004265367984772,0.0003419797867536545,1.0056244134902954,-0.4860961437225342,-0.08252494037151337,-0.8827271461486816,-0.0008883397094905376,-0.04004265367984772,0.0003419797867536545,-1.0,-0.251227655443717,-0.15504229669976294,0.9289041501888531,0.05785942004937363,0.1936611858339639,0.9024998346667837,0.0,0.0,0.0,0,0.0381
23,0,0.0,-0.23069015507870183,-0.10598435586998907,1.0526039382525145,0.9986969788762843,-0.041729030680096424,-0.029128502242764573,-0.0038161156919805936,0.03953204436170442,-0.03961671599898515,-0.05326740387191069,0.07408558014943527,-0.18503682945595093,-2.5542830931010982,0.018015135318799294,2.5685072709559855,0.6157801732301711,-0.46560412645339966,-0.07263042032718658,-0.8265427947044373,-0.0006664753891527653,-0.02532775141298771,0.0014954134821891785,0.9896205067634583,-0.46560412645339966,-0.07263042032718658,-0.8265427947044373,-0.0006664753891527653,-0.02532775141298771,0.0014954134821891785,-1.0,-0.251227655443717,-0.15504229669976294,0.9289041501888531,0.05785942004937363,0.1936611858339639,0.9024998346667837,0.0,0.0,0.0,0,0.0378
24,1,0.0537,-0.23660283068198465,-0.10716034434847697,1.0417856725994423,0.9987333308220069,-0.041718600634027325,-0.02786648792202788,-0.003840718319368824,0.039552608019195704,-0.03963265385501054,-0.05473801640354224,0.09023335688132002,-0.18793542358503457,-2.5748421335465483,0.02607105454930325,2.6073055407422667,0.6041697073268445,-0.26312071084976196,-0.05411773920059204,-0.9593915939331055,0.00032714568078517914,-0.008203702047467232,-0.004212167114019394,0.996199905872345,-0.26312071084976196,-0.05411773920059204,-0.9593915939331055,0.00032714568078517914,-0.008203702047467232,-0.004212167114019394,-1.0,-0.251227655443717,-0.15504229669976294,0.9289041501888531,0.05785942004937363,0.1936611858339639,0.9024998346667837,0.0,0.0,0.0,0,0.0402
25,0,0.0,-0.24193033505538994,-0.10798012382206579,1.0302015977568781,0.9987838330595,-0.04165904664185632,-0.026161418213448986,-0.0033104152193104497,0.039572844721587494,-0.03964735519984026,-0.05600587521546669,0.11156577144668586,-0.1891457474090345,-2.5931016954416153,0.03571033777816486,2.6499991765426425,0.5927833271985794,-0.37199050188064575,-0.07836794853210449,-0.9528594613075256,-0.008432991802692413,-0.0030301911756396294,-0.005192295648157597,1.0229994058609009,-0.37199050188064575,-0.07836794853210449,-0.9528594613075256,-0.008432991802692413,-0.0030301911756396294,-0.005192295648157597,-1.0,-0.251227655443717,-0.15504229669976294,0.9289041501888531,0.05785942004937363,0.1936611858339639,0.9024998346667837,0.0,0.0,0.0,0,0.0385
26,0,0.0,-0.24716727311060238,-0.1087084220867398,1.0176889916623184,0.9988063379153963,-0.04193524242417013,-0.024934032791565346,-0.00237250745180808,0.039590917577634714,-0.03966272352659576,-0.05730635957204191,0.13770950742327867,-0.1892837508118226,-2.609158991777216,0.04704013771187074,2.6942914592845146,0.5814384753894538,-0.4560246467590332,-0.13441906869411469,-0.8986390829086304,-0.009691348299384117,-0.0018010037019848824,-0.0052868761122226715,0.9951225519180298,-0.4560246467590332,-0.13441906869411469,-0.8986390829086304,-0.009691348299384117,-0.0018010037019848824,-0.0052868761122226715,-1.0,-0.251227655443717,-0.15504229669976294,0.9289041501888531,0.05785942004937363,0.1936611858339639,0.9024998346667837,0.0,0.0,0.0,0,0.0388
27,0,0.0,-0.253149006052464,-0.10983658550024526,1.0054931306550494,0.9987951426620458,-0.04258114075308583,-0.02436144150271937,-0.001276563659804387,0.03960734965508668,-0.039678297381598664,-0.05906240101917323,0.16387654577788968,-0.18972195003927128,-2.6248604762789234,0.059246645730192754,2.7370330683849544,0.5690796929212126,-0.5652621388435364,-0.17117701470851898,-0.8532410860061646,-0.018103905022144318,-0.0042456695809960365,-0.0029810816049575806,0.9750971794128418,-0.5652621388435364,-0.17117701470851898,-0.8532410860061646,-0.018103905022144318,-0.0042456695809960365,-0.0029810816049575806,-1.0,-0.251227655443717,-0.15504229669976294,0.9289041501888531,0.05785942004937363,0.1936611858339639,0.9024998346667837,0.0,0.0,0.0,0,0.0384
28,1,0.0537,-0.260044334670997,-0.11156135765265277,0.9940284227976709,0.9987666894561973,-0.04335046690130673,-0.024204051270579462,3.0890723060552835e-05,0.03962253480056253,-0.039693743525748976,-0.06147084875663725,0.18852792028548468,-0.19093903188608835,-2.6411021297922814,0.07172780278321583,2.7780814043075543,0.5550883004449121,-0.18933114409446716,-0.1638651341199875,-0.5891945362091064,-0.000630298163741827,0.023691043257713318,-0.0541268028318882,0.9987992644309998,-0.18933114409446716,-0.1638651341199875,-0.5891945362091064,-0.000630298163741827,0.023691043257713318,-0.0541268028318882,-1.0,-0.251227655443717,-0.15504229669976294,0.9289041501888531,0.05785942004937363,0.1936611858339639,0.9024998346667837,0.0,0.0,0.0,0,0.0401
29,0,0.0,-0.2660214503850315,-0.11339399695492144,0.9841764716456871,0.998716282874017,-0.04512986023568116,-0.022960502189190247,0.0013774529514615722,0.03963876540837764,-0.03970683138058322,-0.06428109147403538,0.21124301302901066,-0.19108440184646258,-2.654738811303899,0.08675782214248254,2.8168671942964107,0.5414589769859353,-0.17311540246009827,-0.24124808609485626,-0.4986991286277771,-0.0003597233444452286,0.04395732656121254,-0.056636709719896317,0.9994165897369385,-0.17311540246009827,-0.24124808609485626,-0.4986991286277771,-0.0003597233444452286,0.04395732656121254,-0.056636709719896317,-1.0,-0.251227655443717,-0.15504229669976294,0.9289041501888531,0.05785942004937363,0.1936611858339639,0.9024998346667837,0.0,0.0,0.0,0,0.0395
30,0,0.0,-0.2709507042808073,-0.11552906806737306,0.9757827969522403,0.998585993381968,-0.04841705108223365,-0.02179538614462667,0.0026007938507763327,0.03965256618295136,-0.03972109584803292,-0.06758103072081827,0.23250687368278808,-0.19082483962247052,-2.66444963282575,0.10324662405822058,2.849853250090401,0.5292369781129503,-0.18335717916488647,-0.362274169921875,-0.42697620391845703,0.0006916862912476063,0.06218860670924187,-0.05693540349602699,0.9943028688430786,-0.18335717916488647,-0.362274169921875,-0.42697620391845703,0.0006916862912476063,0.06218860670924187,-0.05693540349602699,-1.0,-0.251227655443717,-0.15504229669976294,0.9289041501888531,0.05785942004937363,0.1936611858339639,0.9024998346667837,0.0,0.0,0.0,0,0.0388
31,0,0.0,-0.27576858556888223,-0.11868716485184562,0.9683877412674888,0.9983823993175365,-0.052361614655615285,-0.021815890482320327,0.0038617309691746362,0.039664104936198645,-0.03973641900779354,-0.07175633648048611,0.2523187124509282,-0.1920745577529457,-2.6712744226068765,0.1187516351797011,2.8761828762808177,0.5168548580086371,-0.17577609419822693,-0.39646703004837036,-0.38472336530685425,0.0012323614209890366,0.0686439722776413,-0.057133737951517105,0.9658153057098389,-0.17577609419822693,-0.39646703004837036,-0.38472336530685425,0.0012323614209890366,0.0686439722776413,-0.057133737951517105,-1.0,-0.251227655443717,-0.15504229669976294,0.9289041501888531,0.05785942004937363,0.1936611858339639,0.9024998346667837,0.0,0.0,0.0,0,0.0407
32,1,0.0541,-0.28036253072569584,-0.12273090462991236,0.9618587287819502,0.998135220783596,-0.05637059443223963,-0.022865059108053767,0.0050622313876722315,0.039672602414761095,-0.039750744699855386,-0.07684298585942372,0.27085441062177373,-0.19448729020923866,-2.6752841266842293,0.13320475796715844,2.8964197181553835,0.5035534328796348,-0.04355759918689728,-0.410491406917572,-0.24608656764030457,0.0013320879079401493,0.10954205691814423,-0.0691075250506401,-0.003291854402050376,-0.04355759918689728,-0.410491406917572,-0.24608656764030457,0.0013320879079401493,0.10954205691814423,-0.0691075250506401,1.0,-0.25190090025624545,-0.15421029466638025,0.9317987884775245,0.05785942004937363,0.1936611858339639,0.9024998346667837,0.10171753310165267,0.0,0.0,1,0.0467
33,0,0.0,-0.28441726001414475,-0.1273395566512958,0.9562883340120263,0.9978538283766237,-0.06030862668339687,-0.024737772218884232,0.0062168615333048505,0.03928866162969722,-0.03938811909463572,-0.08232071638261543,0.2876494590107544,-0.1980042232574496,-2.6763500583704714,0.14502091809987117,2.9104413558639965,0.49123997655296997,-0.012420177459716797,-0.35776740312576294,-0.2090776115655899,0.000835084356367588,0.1159195825457573,-0.06665991246700287,0.00010474619193701074,-0.012420177459716797,-0.35776740312576294,-0.2090776115655899,0.000835084356367588,0.1159195825457573,-0.06665991246700287,1.0,-0.2543664149730367,-0.15445459024403205,0.9333004132906002,0.05785942004937363,0.1936611858339639,0.9024998346667837,21.119021699322438,0.0,0.0,4,0.0488
34,0,0.0,-0.2864820661689285,-0.1308235522728497,0.952322215247343,0.9976469598296749,-0.06285185602017779,-0.02644825442272521,0.007118818400234112,0.03703227563860174,-0.03728841000486967,-0.08663986862015129,0.3010374201092757,-0.20001643625075238,-2.6737966316968826,0.1520556115558515,2.9178797178211,0.4834041153811923,0.02338874340057373,-0.27556341886520386,-0.17431120574474335,0.001964328344911337,0.11534086614847183,-0.05224394425749779,-0.003069734899327159,0.02338874340057373,-0.27556341886520386,-0.17431120574474335,0.001964328344911337,0.11534086614847183,-0.05224394425749779,1.0,-0.25475023718494016,-0.15564380037257636,0.9322868990637413,0.05785942004937363,0.1936611858339639,0.9024998346667837,36.07042114781938,0.0,0.0,4,0.05
35,0,0.0,-0.2872630956645526,-0.1325842200324969,0.9494228362124053,0.9974991370003377,-0.06411548435377351,-0.02873700067998619,0.007672101509983126,0.03400039504508701,-0.03392069418810213,-0.08911214397906722,0.31141143344576466,-0.20057048188736717,-2.6694133313940065,0.15311900696940275,2.9193868684300734,0.48213687344849865,0.11155688762664795,-0.15266536176204681,-0.1038375198841095,-0.0028815465047955513,0.12477242201566696,-0.047241780906915665,-0.007592900190502405,0.11155688762664795,-0.15266536176204681,-0.1038375198841095,-0.0028815465047955513,0.12477242201566696,-0.047241780906915665,1.0,-0.254773604180268,-0.15609795809369978,0.9301333987838364,0.05785942004937363,0.1936611858339639,0.9024998346667837,40.07522225173558,0.0,0.0,4,0.0595
36,1,0.0539,-0.2870047258065537,-0.13288085806791913,0.9474167157178008,0.9973833799247321,-0.06458303299405299,-0.03143310618007897,0.008208844929541147,0.03010340485958532,-0.029831577431682802,-0.08938718234941821,0.3191215261121882,-0.20052418079739648,-2.663908552106129,0.1477630335013365,2.916502145500601,0.48834027844369327,0.02271464467048645,-0.13912181556224823,-0.10226568579673767,-0.00030767591670155525,0.07920869439840317,-0.03968357667326927,0.023624129593372345,0.02271464467048645,-0.13912181556224823,-0.10226568579673767,-0.00030767591670155525,0.07920869439840317,-0.03968357667326927,1.0,-0.25475016877871176,-0.15624260573383497,0.9287465656165371,0.05785942004937363,0.1936611858339639,0.9024998346667837,36.854693267326944,0.0,0.0,3,0.0589
37,0,0.0,-0.2862293606691275,-0.13203485003237508,0.9462013173706866,0.9972441212598604,-0.06512851083634369,-0.034456902241813,0.008669577659062878,0.02553707901699226,-0.025350947173211378,-0.08808695887869616,0.32401885610070114,-0.2000859656873388,-2.6584350754171133,0.13837245332466158,2.9103290945125706,0.5006191397297772,0.01791965961456299,-0.14449040591716766,-0.06232483685016632,-0.0010958053171634674,0.0888732373714447,-0.03785271570086479,0.0005089606856927276,0.01791965961456299,-0.14449040591716766,-0.06232483685016632,-0.0010958053171634674,0.0888732373714447,-0.03785271570086479,1.0,-0.2546993960275228,-0.15648439072057682,0.9279134391271111,0.05785942004937363,0.1936611858339639,0.9024998346667837,30.38937043335524,0.0,0.0,3,0.0621
38,0,0.0,-0.2858606434434933,-0.1312925226899985,0.9454077427170204,0.997022179374029,-0.06644115200258732,-0.03804783989686156,0.009203751192424591,0.020745654176169737,-0.02318674776073282,-0.08639349963351696,0.3270905117115837,-0.20095053376739436,-2.653796719671859,0.12684814116445228,2.901991167958993,0.5155459901211182,0.009352698922157288,-0.1429390162229538,-0.02600923180580139,-0.004117821808904409,0.09365379065275192,-0.03915955871343613,0.002092634793370962,0.009352698922157288,-0.1429390162229538,-0.02600923180580139,-0.004117821808904409,0.09365379065275192,-0.03915955871343613,1.0,-0.25466192427476814,-0.15678147833805747,0.927652017936461,0.05785942004937363,0.1936611858339639,0.9024998346667837,39.17515037210123,0.0,0.0,5,0.0565
39,0,0.0,-0.28577632399749087,-0.1309657870486424,0.9449915529839299,0.9967354051007037,-0.06816181121628923,-0.04210641762046809,0.009977439832989534,0.015858929704761132,-0.022340176783665063,-0.08446752508114512,0.3287937181567155,-0.20330422630337744,-2.649382069696572,0.11328565220597998,2.891738524857111,0.5319737836265782,0.007908910512924194,-0.1549975425004959,-0.005145072937011719,0.00021888455376029015,0.08960489183664322,-0.03945912420749664,-0.015237879939377308,0.007908910512924194,-0.1549975425004959,-0.005145072937011719,0.00021888455376029015,0.08960489183664322,-0.03945912420749664,1.0,-0.25464458126628886,-0.1568950989213799,0.9272663176370937,0.05785942004937363,0.1936611858339639,0.9024998346667837,41.81473258628025,0.0,0.0,5,0.0549
40,1,0.0534,-0.285655181609404,-0.13075199783620942,0.9450418392548645,0.9964029810974988,-0.07009046526770019,-0.04639435632100115,0.010769848658828825,0.010925018495525064,-0.0214636369482066,-0.08245410934228588,0.3290839622989129,-0.20609468846046175,-2.6448114297435126,0.09912707312022329,2.879448366901135,0.5489884583054274,0.03858516365289688,0.00426521897315979,0.04629947245121002,-0.0007134969346225262,0.07223765552043915,-0.024901673197746277,0.016148576512932777,0.03858516365289688,0.00426521897315979,0.04629947245121002,-0.0007134969346225262,0.07223765552043915,-0.024901673197746277,1.0,-0.25462765480222965,-0.15699480726993265,0.9270865634764751,0.05785942004937363,0.1936611858339639,0.9024998346667837,43.521479828513584,0.0,0.0,5,0.0593
41,0,0.0,-0.28552623408676703,-0.13013219407226057,0.9454983763962673,0.9960654796447141,-0.07172256425169016,-0.05081300328672599,0.011290382380163812,0.0067063671596629655,-0.020912543552194327,-0.08042883249419085,0.3277942999488908,-0.20802387454486154,-2.6406653577601693,0.08568104168357277,2.8656718411100117,0.5653622491354198,0.031059131026268005,0.018265701830387115,0.0868014395236969,-0.0022787447087466717,0.060177285224199295,-0.023251362144947052,0.004440969321876764,0.031059131026268005,0.018265701830387115,0.0868014395236969,-0.0022787447087466717,0.060177285224199295,-0.023251362144947052,1.0,-0.2545983546019711,-0.15708927124729938,0.9274165073348193,0.05785942004937363,0.1936611858339639,0.9024998346667837,44.0142167626236,0.0,0.0,8,0.0543
42,0,0.0,-0.28538816432627806,-0.12938738410428213,0.9464037201807101,0.995729836807746,-0.07326561910507817,-0.054918680696951924,0.011754984409781767,0.00455238868516565,-0.020503175208045087,-0.07849367180413451,0.3249439528426737,-0.20967533222818832,-2.637214902774414,0.0729123100122519,2.851661682683772,0.581042120446328,0.06465332955121994,0.008645474910736084,0.10989318788051605,-0.014089472591876984,0.045917440205812454,-0.01932702772319317,0.00248095509596169,0.06465332955121994,0.008645474910736084,0.10989318788051605,-0.014089472591876984,0.045917440205812454,-0.01932702772319317,1.0,-0.2545166654249496,-0.15720222942405707,0.928150306364373,0.05785942004937363,0.1936611858339639,0.9024998346667837,43.92428986451825,0.0,0.0,9,0.0494
43,0,0.0,-0.28498466038970527,-0.12909137985249608,0.9476873529326545,0.9954178949646255,-0.0747776871334378,-0.05824756794518497,0.01259891739943423,0.00407277246810668,-0.020183538246644348,-0.07668127243878022,0.321435254524264,-0.2119016931758445,-2.6337484436903207,0.05993828885357356,2.8386705142698467,0.5961024650188363,0.0407843142747879,0.008023366332054138,0.15133939683437347,-0.021100617945194244,0.05403173342347145,-0.02627410739660263,0.011766912415623665,0.0407843142747879,0.008023366332054138,0.15133939683437347,-0.021100617945194244,0.05403173342347145,-0.02627410739660263,1.0,-0.2543877763011611,-0.1573291946955551,0.9288318009471583,0.05785942004937363,0.1936611858339639,0.9024998346667837,43.04992307256433,0.0,0.0,9,0.05
44,1,0.0556,-0.2846623879254859,-0.1289521786882631,0.9492330416431681,0.9951077953855659,-0.07617251299642802,-0.061378609178677504,0.01381630058941822,0.003826112178061141,-0.01994744321787395,-0.0746526758117368,0.3170166406350367,-0.21467413645540143,-2.6308750484512555,0.04570261969236342,2.825822005619977,0.6117824751999086,0.017152592539787292,-0.07258699834346771,0.21204768121242523,-0.009343603625893593,0.07149490714073181,-0.05228887125849724,-0.007195459678769112,0.017152592539787292,-0.07258699834346771,0.21204768121242523,-0.009343603625893593,0.07149490714073181,-0.05228887125849724,1.0,-0.25433460470471564,-0.15751534794317287,0.9298169324748351,0.05785942004937363,0.1936611858339639,0.9024998346667837,40.97271076547678,0.0,0.0,9,0.0529
45,0,0.0,-0.2846233479509163,-0.12903679063959306,0.9514159457427399,0.994695016057922,-0.07855217983943352,-0.06469137322650437,0.015046803716113069,0.003777546489005341,-0.019719925699832243,-0.07262422484662882,0.3102593376741479,-0.21825352733226264,-2.628747520941221,0.03142698731156395,2.8109334488235787,0.6286339351003971,0.022010937333106995,-0.0682918131351471,0.20082752406597137,-0.0017151145730167627,0.01624716818332672,-0.03179009258747101,-0.005421203561127186,0.022010937333106995,-0.0682918131351471,0.20082752406597137,-0.0017151145730167627,0.01624716818332672,-0.03179009258747101,1.0,-0.25446588865790015,-0.15805583639191886,0.9316659316734368,0.05785942004937363,0.1936611858339639,0.9024998346667837,40.41036410501845,0.0,0.0,10,0.0482
46,0,0.0,-0.2841314453777432,-0.129275079676452,0.9542441498522142,0.9942974379738291,-0.08133309939354244,-0.06712648872594679,0.01586084149860134,0.003782492447167765,-0.01948682860916597,-0.07123127700005254,0.3020171561146312,-0.22118657279863585,-2.6263590815079416,0.02049080716736748,2.795998808560244,0.6428024941452868,0.05679895728826523,-0.05916798114776611,0.2140684276819229,0.0005982625298202038,0.005815698765218258,-0.007711020298302174,-0.0029472860042005777,0.05679895728826523,-0.05916798114776611,0.2140684276819229,0.0005982625298202038,0.005815698765218258,-0.007711020298302174,1.0,-0.25427161880256965,-0.1587555693059156,0.9341267329109879,0.05785942004937363,0.1936611858339639,0.9024998346667837,39.25819403262632,0.0,0.0,11,0.0469
47,0,0.0,-0.2830984511017522,-0.12950654155627328,0.9573001469392591,0.994063471685406,-0.08310542709844299,-0.06832185921624277,0.016230397431281046,0.003796064793963019,-0.019261530245910975,-0.07056666424697847,0.2936072794794938,-0.22299375934568583,-2.6238182046808247,0.012921513818938557,2.78300752690785,0.652007267107849,0.12412864714860916,-0.0281389057636261,0.22501550614833832,0.002794211730360985,-0.0019912375137209892,-0.0027357731014490128,-0.001855116686783731,0.12412864714860916,-0.0281389057636261,0.22501550614833832,0.002794211730360985,-0.0019912375137209892,-0.0027357731014490128,1.0,-0.2534576136721972,-0.1593573620581653,0.9369012337377828,0.05785942004937363,0.1936611858339639,0.9024998346667837,38.67597891813605,0.0,0.0,11,0.0452
48,1,0.0536,-0.28161014929884215,-0.12967301826447158,0.9604157696211356,0.9939801150872051,-0.08382145387663786,-0.0686338574904428,0.016336715924982658,0.0038168683704274888,-0.019046142849573892,-0.07032809820469604,0.2855192896627694,-0.22384472037519587,-2.620920226579456,0.007495738643333882,2.7716734128530294,0.6576171375206199,0.2336776852607727,-0.2698547840118408,0.18209074437618256,0.002044650260359049,0.09926491975784302,-0.06115519255399704,0.004059349652379751,0.2336776852607727,-0.2698547840118408,0.18209074437618256,0.002044650260359049,0.09926491975784302,-0.06115519255399704,1.0,-0.2521029167821919,-0.15980904796575357,0.9398004820516184,0.05785942004937363,0.1936611858339639,0.9024998346667837,37.69978332903202,0.0,0.0,11,0.047
49,0,0.0,-0.28066311256389315,-0.13129297036395954,0.9626156287912696,0.9936549345016087,-0.08606001757703646,-0.07039702513869545,0.016964768399975995,0.0038353032954613646,-0.01885965103405346,-0.07069950608524954,0.2813684842554673,-0.22725804115129272,-2.6157136872329834,0.0012728211105737224,2.7588824082155368,0.6643068114164612,0.19124358892440796,-0.125501349568367,0.1905025690793991,0.0005768346600234509,0.06443329900503159,-0.038192808628082275,0.0006944180931895971,0.19124358892440796,-0.125501349568367,0.1905025690793991,0.0005768346600234509,0.06443329900503159,-0.038192808628082275,1.0,-0.25145325549787906,-0.16180756023618711,0.9417359182254157,0.05785942004937363,0.1936611858339639,0.9024998346667837,35.724344057214985,0.0,0.0,11,0.0485
50,0,0.0,-0.2794840695560016,-0.13330057000243054,0.9645148474876013,0.9931942413272272,-0.08877944173232682,-0.07330294075527087,0.01760933266076997,0.003857083292771591,-0.01866586648572314,-0.07117345503079223,0.2790833744114969,-0.2306390414646459,-2.607804769053456,-0.00436530759366717,2.7431700176016065,0.6710109150414804,0.16638916730880737,-0.003023773431777954,0.15542353689670563,0.00043853139504790306,0.020310204476118088,-0.019727425649762154,0.007069359999150038,0.16638916730880737,-0.003023773431777954,0.15542353689670563,0.00043853139504790306,0.020310204476118088,-0.019727425649762154,1.0,-0.25068178750042147,-0.16422421409554322,0.9432942510532777,0.05785942004937363,0.1936611858339639,0.9024998346667837,35.280829548941085,0.0,0.0,11,0.049
51,0,0.0,-0.27740532207614405,-0.1341236165709621,0.9667305991328067,0.9928877559788729,-0.09032279262754883,-0.07550408876873468,0.017743442123802727,0.003886754437643671,-0.018408347410195335,-0.0712923007050125,0.2763640190565555,-0.231289750013136,-2.5992350331162015,-0.007846768180156699,2.7276702677448617,0.676311128726822,0.15726351737976074,0.1472584307193756,0.13480933010578156,-0.012284085154533386,-0.03524446859955788,-0.018051357939839363,0.008065294474363327,0.15726351737976074,0.1472584307193756,0.13480933010578156,-0.012284085154533386,-0.03524446859955788,-0.018051357939839363,1.0,-0.2490006497225014,-0.16542234996971944,0.945137415308831,0.05785942004937363,0.1936611858339639,0.9024998346667837,33.51963738921803,0.0,0.0,11,0.0489
52,1,0.0538,-0.27440621915618985,-0.1336748802107007,0.9691218931044926,0.9927738325399293,-0.0911635803260652,-0.07601192182045322,0.017649554874656193,0.003918388300222433,-0.01807949434172989,-0.0709097234289363,0.2732745445987062,-0.2292176085782005,-2.591248701350412,-0.009526431175015154,2.715709474926966,0.6817831652301264,0.13697069883346558,0.016631700098514557,0.2531234622001648,-0.0013796878047287464,0.017510320991277695,-0.045395541936159134,0.00463247112929821,0.13697069883346558,0.016631700098514557,0.2531234622001648,-0.0013796878047287464,0.017510320991277695,-0.045395541936159134,1.0,-0.24638883170915762,-0.16536413956378995,0.9472011216898337,0.05785942004937363,0.1936611858339639,0.9024998346667837,32.24490358053372,0.0,0.0,11,0.049
53,0,0.0,-0.2720248380481778,-0.1330779607658719,0.9718395791456749,0.9925602513616593,-0.09308516695065389,-0.07650109787938945,0.017518023116069367,0.00394193174994341,-0.017682430346149795,-0.07041970781558014,0.26811039986643537,-0.2277273609600779,-2.585367513236653,-0.011504854005975843,2.7035050700448404,0.6893160516952928,0.09654125571250916,0.14317840337753296,0.23870156705379486,-0.01366986520588398,0.008555683307349682,-0.025999076664447784,-0.002806255593895912,0.09654125571250916,0.14317840337753296,0.23870156705379486,-0.01366986520588398,0.008555683307349682,-0.025999076664447784,1.0,-0.24453537718053153,-0.16527855016170148,0.9495668943713518,0.05785942004937363,0.1936611858339639,0.9024998346667837,31.388222473384992,0.0,0.0,11,0.0471
54,0,0.0,-0.2703224151319072,-0.13236124846366784,0.9749850387159779,0.9922839878195205,-0.09509043678944723,-0.07760231498005332,0.017554972455595386,0.003963496884549411,-0.01719628115582631,-0.06958980971635692,0.26084705509396466,-0.226676844566372,-2.5810110840250187,-0.015489169445630373,2.689711929651314,0.6984380479524027,0.16301682591438293,0.2522532343864441,0.2469169944524765,-0.03220305219292641,-0.009359250776469707,-0.01419648714363575,0.004841836169362068,0.16301682591438293,0.2522532343864441,0.2469169944524765,-0.03220305219292641,-0.009359250776469707,-0.01419648714363575,1.0,-0.24348960375639003,-0.1651474159241259,0.9523074100028631,0.05785942004937363,0.1936611858339639,0.9024998346667837,29.629657165580554,0.0,0.0,11,0.0478
55,0,0.0,-0.26816279977789775,-0.13069622642914672,0.9783616028075253,0.9921520771027086,-0.0959957525613081,-0.0779956216536736,0.018323602097417763,0.00398050904517305,-0.01664964287295114,-0.06777753758199194,0.25289013416264716,-0.22417508994940377,-2.5771894278337717,-0.022603705268523778,2.6775083722309043,0.7106712799735931,0.23190033435821533,0.36123836040496826,0.26644301414489746,-0.040602825582027435,-0.02189568057656288,-0.005423524416983128,0.0007995869382284582,0.23190033435821533,0.36123836040496826,0.26644301414489746,-0.040602825582027435,-0.02189568057656288,-0.005423524416983128,1.0,-0.24195149372953914,-0.16408552033939627,0.9553495009925257,0.05785942004937363,0.1936611858339639,0.9024998346667837,28.344799880505487,0.0,0.0,11,0.0473
56,1,0.0553,-0.26518728641708933,-0.12771576821799677,0.9819556309511726,0.9921692594651259,-0.09608386316766876,-0.07729075234790042,0.019854254271940822,0.003992899802775413,-0.016060652693166033,-0.06481286586588228,0.24450277876794463,-0.21938595220235668,-2.5735833019179104,-0.032296699355597126,2.6673956770138307,0.7270759196202625,0.16021645069122314,0.09207101166248322,0.17339707911014557,-0.0034289653412997723,0.0017363345250487328,-0.018631625920534134,-0.0007864510989747941,0.16021645069122314,0.09207101166248322,0.17339707911014557,-0.0034289653412997723,0.0017363345250487328,-0.018631625920534134,1.0,-0.23953788060175268,-0.16172903180507703,0.9587071116638608,0.05785942004937363,0.1936611858339639,0.9024998346667837,27.525633474994642,0.0,0.0,11,0.0478
57,0,0.0,-0.2626351047870872,-0.1247253136930389,0.984975463214223,0.9920855995199571,-0.09700374139336376,-0.07683155987097834,0.021291988836356347,0.003993073186418524,-0.015463009279557856,-0.06210443224245491,0.2376396176721059,-0.21467248799557775,-2.5704183586174567,-0.04030409646906858,2.6584074997510063,0.7434578036362363,0.24176062643527985,0.1417018175125122,0.25555795431137085,-0.0023144190199673176,-0.0003107413649559021,-0.013957101851701736,0.002728420542553067,0.24176062643527985,0.1417018175125122,0.25555795431137085,-0.0023144190199673176,-0.0003107413649559021,-0.013957101851701736,1.0,-0.23764542071731085,-0.15940348940645838,0.9614712053354713,0.05785942004937363,0.1936611858339639,0.9024998346667837,25.66106327062884,0.0,0.0,11,0.048
58,0,0.0,-0.26019755702924297,-0.12235482668283978,0.9878283264433488,0.9919805974878652,-0.09835964112148299,-0.07626450217340311,0.021990928000251028,0.0039877045963328354,-0.014839387389963191,-0.0601728663656674,0.23149712148673127,-0.21050726872181286,-2.5667509549575924,-0.0445335171596354,2.649752329649571,0.7557540985954208,0.3570747673511505,0.30703848600387573,0.34297049045562744,-0.012474268674850464,-0.004939949605613947,-0.017980026081204414,-0.0037074859719723463,0.3570747673511505,0.30703848600387573,0.34297049045562744,-0.012474268674850464,-0.004939949605613947,-0.017980026081204414,1.0,-0.23592947489831595,-0.15771416715907569,0.9640414890602483,0.05785942004937363,0.1936611858339639,0.9024998346667837,24.995041967130984,0.0,0.0,13,0.0498
59,0,0.0,-0.25686885843672846,-0.11936206568101206,0.9914612518632556,0.9919907060481424,-0.09918138822056544,-0.07493597372880065,0.022407391326623644,0.003982293308061177,-0.014219963977127211,-0.05793057559286304,0.22403625290600876,-0.20488508020763244,-2.5618905544197452,-0.04775891308506306,2.6400129103482555,0.7677301034192396,0.4608531892299652,0.44749897718429565,0.45787519216537476,-0.03136003762483597,-0.0066071865148842335,-0.02308562584221363,-0.008931192569434643,0.4608531892299652,0.44749897718429565,0.45787519216537476,-0.03136003762483597,-0.0066071865148842335,-0.02308562584221363,1.0,-0.2332733430344286,-0.1553484228413321,0.9674185300016024,0.05785942004937363,0.1936611858339639,0.9024998346667837,23.849756729112954,0.0,0.0,13,0.0497
60,1,0.0541,-0.25242055288256604,-0.11512805535956239,0.9962459500164196,0.9920546864226862,-0.09979089596833302,-0.07299148321164142,0.023270573847393436,0.00397490126139138,-0.013615336145095974,-0.05464560611322967,0.21444185192449672,-0.19709566927968333,-2.5554930579261446,-0.05306611816873985,2.6278029096245343,0.7842660166365154,0.6342713832855225,0.4888484477996826,0.626090407371521,-0.02695881947875023,-0.005049597937613726,-0.029279230162501335,-0.07405862957239151,0.6342713832855225,0.4888484477996826,0.626090407371521,-0.02695881947875023,-0.005049597937613726,-0.029279230162501335,1.0,-0.22944728708547663,-0.15172341484470717,0.9720171689788317,0.05785942004937363,0.1936611858339639,0.9024998346667837,22.310136258229587,0.0,0.0,13,0.0496
61,0,0.0,-0.24659371069185387,-0.10963785300271878,1.0026713210171625,0.9921285018305249,-0.10069788666377061,-0.07025260446950343,0.02460778417937559,0.0039656422186649465,-0.0130417689285413,-0.050321818299896896,0.20207284975522302,-0.18705808635527904,-2.5467049964924353,-0.05997510425508905,2.61193636656854,0.8059371799430616,0.6955779194831848,0.5176938772201538,0.6320611834526062,-0.022829070687294006,1.1407770216464996e-05,-0.019149702042341232,0.048735298216342926,0.6955779194831848,0.5176938772201538,0.6320611834526062,-0.022829070687294006,1.1407770216464996e-05,-0.019149702042341232,1.0,-0.22420459036794047,-0.1468643822986338,0.9783716858209062,0.05785942004937363,0.1936611858339639,0.9024998346667837,21.273047733703688,0.0,0.0,13,0.048
62,0,0.0,-0.23971425252996345,-0.1031732222162873,1.0101190516411978,0.9921884076352443,-0.10173530411078324,-0.0673139619982467,0.026094485467667617,0.00395515092601196,-0.012501253871453429,-0.04540154045396436,0.18926237501601992,-0.17507758478705604,-2.5349312407004105,-0.06671154579329105,2.5927628446117974,0.8299847768837536,0.747343897819519,0.5339630842208862,0.6430994868278503,-0.017299167811870575,0.00884369295090437,-0.02280358597636223,0.037099819630384445,0.747343897819519,0.5339630842208862,0.6430994868278503,-0.017299167811870575,0.00884369295090437,-0.02280358597636223,1.0,-0.2178754006407653,-0.14101445843057125,0.9857904659343153,0.05785942004937363,0.1936611858339639,0.9024998346667837,20.254422389846848,0.0,0.0,13,0.0477
63,0,0.0,-0.23219495416504374,-0.09606269532559804,1.0177996112867673,0.9922085540907866,-0.10284628019947906,-0.06470000534122819,0.027545183735910705,0.003943347689508396,-0.011979721123973025,-0.040264776001997085,0.17817425099009052,-0.16170070141470114,-2.520038544979958,-0.07212401609344483,2.5713152840994637,0.8545013231987204,0.738082230091095,0.5851767659187317,0.6210489273071289,-0.01248293835669756,0.002878500148653984,-0.008162006735801697,-0.004615011624991894,0.738082230091095,0.5851767659187317,0.6210489273071289,-0.01248293835669756,0.002878500148653984,-0.008162006735801697,1.0,-0.21092528208328998,-0.13449873778227409,0.9934291297081383,0.05785942004937363,0.1936611858339639,0.9024998346667837,19.202295979021507,0.0,0.0,13,0.0475
64,1,0.0538,-0.22421732086781807,-0.08831565864188444,1.0255155210713296,0.9922296084414269,-0.10370812967204024,-0.0624493718102835,0.028724622410047147,0.003931623516290343,-0.011462874860756742,-0.03504543005809643,0.1691970932876755,-0.14705600862877316,-2.50238652834678,-0.07556433162129281,2.548321063851739,0.8779450288790132,0.7766405940055847,0.6155679821968079,0.6813110709190369,-0.022861521691083908,0.0004240134730935097,-0.004241907969117165,-0.007379488088190556,0.7766405940055847,0.6155679821968079,0.6813110709190369,-0.022861521691083908,0.0004240134730935097,-0.004241907969117165,1.0,-0.20352614190584523,-0.1273117247025419,1.0010661982658682,0.05785942004937363,0.1936611858339639,0.9024998346667837,18.165711870576366,0.0,0.0,13,0.0465
65,0,0.0,-0.21575627770608283,-0.0801813510765331,1.0335913906499858,0.9922877629025232,-0.10413468706093038,-0.0601894051649569,0.029969952461023304,0.003918771072834656,-0.010955063240181452,-0.02977358264362485,0.1615204121331191,-0.13175591675243942,-2.4821230994546735,-0.07865445663696022,2.523962441807689,0.9008075881163399,0.7817972898483276,0.6243510246276855,0.6400178074836731,-0.020876534283161163,-0.0018410570919513702,-0.004357257857918739,-0.005599521566182375,0.7817972898483276,0.6243510246276855,0.6400178074836731,-0.020876534283161163,-0.0018410570919513702,-0.004357257857918739,1.0,-0.19561271144781042,-0.11970729227271941,1.0090695916206605,0.05785942004937363,0.1936611858339639,0.9024998346667837,17.131934760908635,0.0,0.0,13,0.0462
66,0,0.0,-0.20694023108679618,-0.07179206269276256,1.041816240892296,0.9923453474970652,-0.10443816054018673,-0.057950810128124135,0.03138607222010157,0.003909266722614405,-0.010481470177489937,-0.02450631155213,0.15578879119307432,-0.11611115736038016,-2.4594347379536408,-0.08159980654219595,2.49893353536321,0.9235482454679951,0.767924427986145,0.6266359090805054,0.588746190071106,-0.02034221589565277,-0.0029853247106075287,-0.003095807507634163,-0.0031725959852337837,0.767924427986145,0.6266359090805054,0.588746190071106,-0.02034221589565277,-0.0029853247106075287,-0.003095807507634163,1.0,-0.18730708876411775,-0.11184944123764369,1.0172566023328877,0.05785942004937363,0.1936611858339639,0.9024998346667837,16.863332620208638,0.0,0.0,13,0.0514
67,0,0.0,-0.19799966377787354,-0.06323561870336279,1.049612527138161,0.9923843347264114,-0.10475642577511957,-0.05591134881527232,0.03276193709313564,0.00390995362911028,-0.010084545624788025,-0.019374102412047477,0.15304324921250403,-0.10041907970625481,-2.4347866631833606,-0.08385644866044344,2.474415555894961,0.9456050977039911,0.7384017705917358,0.6401010751724243,0.5275889039039612,-0.019323065876960754,-0.0005691833794116974,-0.0027291812002658844,-0.00819743238389492,0.7384017705917358,0.6401010751724243,0.5275889039039612,-0.019323065876960754,-0.0005691833794116974,-0.0027291812002658844,1.0,-0.17879915602017266,-0.10376506075431871,1.025046211991231,0.05785942004937363,0.1936611858339639,0.9024998346667837,15.530502204842186,0.0,0.0,13,0.0474
68,1,0.0542,-0.18915155721306698,-0.05455863098213758,1.0567623001144357,0.9924018810552592,-0.10505529823642057,-0.05424402668483344,0.03405108455619697,0.003912032835979175,-0.00968786841374209,-0.014407154737534742,0.1532885826362746,-0.0848694852704606,-2.4087505704424905,-0.08553860363997798,2.4506633466841885,0.9668229405673392,0.8024430871009827,0.6383085250854492,0.6040589213371277,-0.03314916044473648,-0.0006583835929632187,0.000484636053442955,-0.0008313792059198022,0.8024430871009827,0.6383085250854492,0.6040589213371277,-0.03314916044473648,-0.0006583835929632187,0.000484636053442955,1.0,-0.17037889190198488,-0.09551442491781141,1.0321731475395453,0.05785942004937363,0.1936611858339639,0.9024998346667837,14.858453060364592,0.0,0.0,13,0.0465
69,0,0.0,-0.1800412200973596,-0.045977625218176124,1.063959036635337,0.9924256443189765,-0.10526655077465996,-0.05234899559435663,0.035635325820468584,0.003920255923363335,-0.009351579237339808,-0.009563884595722128,0.15520649515635931,-0.06976841593262378,-2.380766259647133,-0.0882024528660659,2.4270452816850714,0.9879728776741759,0.8173465728759766,0.6617142558097839,0.5632631182670593,-0.03177451714873314,-0.0016994932666420937,0.0009042695164680481,0.008830457925796509,0.8173465728759766,0.6617142558097839,0.5632631182670593,-0.03177451714873314,-0.0016994932666420937,0.0009042695164680481,1.0,-0.1615916212989656,-0.08732868461701594,1.039415110008411,0.05785942004937363,0.1936611858339639,0.9024998346667837,14.23933877461573,0.0,0.0,13,0.0454
70,0,0.0,-0.1705993653266636,-0.03728191525708416,1.071222290155343,0.9924603907149699,-0.10533390261986908,-0.05022845693739529,0.037473242913369315,0.003925459421890606,-0.009024674273585004,-0.004732052375663855,0.15901948688361442,-0.05478436475018636,-2.3506806847550434,-0.09162226767871083,2.4034649089801103,1.009167667783547,0.7954040169715881,0.6511633396148682,0.5122305750846863,-0.023678746074438095,-0.0020850161090493202,-0.0014865715056657791,-0.003244988853111863,0.7954040169715881,0.6511633396148682,0.5122305750846863,-0.023678746074438095,-0.0020850161090493202,-0.0014865715056657791,1.0,-0.1525112804694417,-0.07901241972647484,1.046722915867658,0.05785942004937363,0.1936611858339639,0.9024998346667837,13.625074495183831,0.0,0.0,13,0.0456
71,0,0.0,-0.16112279642379795,-0.02838400798609334,1.077989882268647,0.9924776083206783,-0.10547729543377199,-0.0483056234971183,0.03910631494524747,0.003924231484705325,-0.008696273236533101,7.583675105051423e-06,0.1654040265926308,-0.03998974235528074,-2.3190912009234594,-0.09449913778660363,2.3804531301955683,1.029738190990264,0.7560567259788513,0.663663923740387,0.4449236989021301,-0.011980017647147179,0.000625944696366787,-0.0025596152991056442,0.012473014183342457,0.7560567259788513,0.663663923740387,0.4449236989021301,-0.011980017647147179,0.000625944696366787,-0.0025596152991056442,1.0,-0.14343473804773216,-0.07048119621199009,1.05350129010416,0.05785942004937363,0.1936611858339639,0.9024998346667837,12.991311095390708,0.0,0.0,13,0.0454
72,1,0.0555,-0.15186386529498774,-0.019310808051550006,1.0840467595198902,0.9924755099565076,-0.1057358328498611,-0.0468666380495474,0.04019718928044538,0.003917536904125936,-0.00836881424076553,0.00458253642739441,0.17423192493358303,-0.02552071810411427,-2.286633885414518,-0.09598156749720096,2.358097939286063,1.048926508062408,0.7617142200469971,0.59319669008255,0.39543670415878296,-0.007578983902931213,0.0066907936707139015,0.002798045054078102,-0.014148426242172718,0.7617142200469971,0.59319669008255,0.39543670415878296,-0.007578983902931213,0.0066907936707139015,0.002798045054078102,1.0,-0.13461643566541526,-0.06174469953500598,1.0595027477307843,0.05785942004937363,0.1936611858339639,0.9024998346667837,12.39907435398448,0.0,0.0,13,0.0489
73,0,0.0,-0.1427371165040396,-0.010544957675409798,1.089356489623584,0.9924705314351376,-0.1059877854255813,-0.04578485489173525,0.040897195942731175,0.003903360056076986,-0.008056198470475371,0.008820545883261116,0.1855415886993295,-0.012105904917883114,-2.2532620875624216,-0.0967523635506304,2.3367569516235616,1.0661579185863899,0.7540562748908997,0.629013180732727,0.3717154264450073,-0.013611565344035625,0.004386380314826965,0.0001311562955379486,-0.0135104451328516,0.7540562748908997,0.629013180732727,0.3717154264450073,-0.013611565344035625,0.004386380314826965,0.0001311562955379486,1.0,-0.12594443069229994,-0.053276149934557926,1.0647090170165245,0.05785942004937363,0.1936611858339639,0.9024998346667837,11.793144902163327,0.0,0.0,13,0.0481
74,0,0.0,-0.13358890148024782,-0.0021303505642059264,1.0941590587806675,0.9924779780521233,-0.1061001706500787,-0.04481785012340276,0.0414918929419693,0.0038843084855770217,-0.007748686456998189,0.012841669167430188,0.19884866509713542,0.00036395338542331835,-2.2188065564736053,-0.09771058748101805,2.3161778174869796,1.0820507803974928,0.7374781370162964,0.650984525680542,0.35462749004364014,-0.016737714409828186,0.008503793738782406,-0.0012982264161109924,-0.02444758638739586,0.7374781370162964,0.650984525680542,0.35462749004364014,-0.016737714409828186,0.008503793738782406,-0.0012982264161109924,1.0,-0.11724991531245615,-0.045138639963987544,1.0693853756782852,0.05785942004937363,0.1936611858339639,0.9024998346667837,11.282955188115753,0.0,0.0,11,0.047
75,0,0.0,-0.12454471667120018,0.006337948017177588,1.0986541564319854,0.9924781417018287,-0.10616065265731589,-0.044037154757020525,0.04216376492158788,0.0038604608288262164,-0.007448881560644,0.016909603323216393,0.21347320397539474,0.012490744226864636,-2.183495339331564,-0.09928106656775763,2.2955987184731654,1.0978917367043215,0.7371928691864014,0.671325147151947,0.35603219270706177,-0.018793318420648575,0.014808830805122852,-0.0005692355334758759,-0.014653321355581284,0.7371928691864014,0.671325147151947,0.35603219270706177,-0.018793318420648575,0.014808830805122852,-0.0005692355334758759,1.0,-0.10868158380156559,-0.03693969602517388,1.0737425170333885,0.05785942004937363,0.1936611858339639,0.9024998346667837,10.743634561111966,0.0,0.0,11,0.0494
76,1,0.0536,-0.11564391002668004,0.014982158061551254,1.1029776379573444,0.992466355444764,-0.10618539103066976,-0.0434810472024242,0.04294874359082221,0.003831426374340357,-0.007151082149359834,0.021117785498362397,0.22910251787115185,0.024459222554708896,-2.147270111398442,-0.101486067288144,2.274555645103662,1.1139259222277682,0.6954693794250488,0.6797003149986267,0.4128590226173401,-0.0016080141067504883,0.01640782505273819,0.008995207026600838,0.010684388689696789,0.6954693794250488,0.6797003149986267,0.4128590226173401,-0.0016080141067504883,0.01640782505273819,0.008995207026600838,1.0,-0.10027455832694367,-0.028557520734176427,1.0779211900155785,0.05785942004937363,0.1936611858339639,0.9024998346667837,10.215399468232858,0.0,0.0,11,0.0499
77,0,0.0,-0.10701118302195045,0.024025665270332272,1.1075896740899283,0.9924823772856515,-0.10593434321759454,-0.04327103440953245,0.04340810161256083,0.0037879500180273934,-0.006849648019736938,0.025458726018640392,0.24464704011390578,0.03653664481904772,-2.110207985969526,-0.10299395036257361,2.251988737390349,1.1288864321605068,0.6952430009841919,0.6686099171638489,0.33686065673828125,-0.00639893114566803,0.008301853202283382,0.003185279667377472,0.006470498628914356,0.6952430009841919,0.6686099171638489,0.33686065673828125,-0.00639893114566803,0.008301853202283382,0.003185279667377472,1.0,-0.09215168761264604,-0.019704418670916792,1.0822756705276724,0.05785942004937363,0.1936611858339639,0.9024998346667837,10.031801241196876,0.0,0.0,10,0.0457
78,0,0.0,-0.09847209391244816,0.033056060251194175,1.1122112575964829,0.992515977114775,-0.10563173832728706,-0.04306389904125589,0.04358292818550488,0.0036348725004461953,-0.006436232883096499,0.029792649435273898,0.2608993686501261,0.04809046300449698,-2.072379756915695,-0.10427063226844335,2.2295229576786317,1.142952002101997,0.7069432735443115,0.6446875333786011,0.2597315311431885,-0.010117330588400364,0.005141499452292919,0.00024360232055187225,-0.012521518394351006,0.7069432735443115,0.6446875333786011,0.2597315311431885,-0.010117330588400364,0.005141499452292919,0.00024360232055187225,1.0,-0.0846411710587362,-0.010381302829055035,1.0856941587094837,0.05785942004937363,0.1936611858339639,0.9024998346667837,6.729984973291192,0.0,0.0,7,0.0413
79,0,0.0,-0.08981229100749992,0.04173974093394511,1.1160592382047732,0.9925338778458147,-0.1055509172673334,-0.04259047361516504,0.04383556489437153,0.0027357357665283633,-0.004551310647265519,0.034122510657852594,0.2793210846209911,0.058730902689117875,-2.033878218359971,-0.10642427347506585,2.209025134522991,1.1570686081651755,0.7146551609039307,0.6538293361663818,0.18879766762256622,-0.01105198822915554,0.0034615173935890198,-0.000620964914560318,0.004339013248682022,0.7146551609039307,0.6538293361663818,0.18879766762256622,-0.01105198822915554,0.0034615173935890198,-0.000620964914560318,1.0,-0.0808684066103532,0.0010800034060695855,1.0804348313129557,0.05785942004937363,0.1936611858339639,0.9024998346667837,0.0,0.0,0.0,0,0.0408
80,1,0.0544,-0.08104474830136384,0.05025764871863843,1.118923070500617,0.9925475859496211,-0.10557382427680617,-0.04192406395222692,0.04411156441204342,0.0021662506613302304,-0.003215540169492351,0.038555230105208844,0.3001229369575883,0.06871647942244735,-1.9947758760466667,-0.10935542680056495,2.1906285587244234,1.1712478579830816,0.6861816644668579,0.642953097820282,0.2693833112716675,-0.00027746614068746567,0.007306265644729137,6.359629333019257e-05,0.0009994724532589316,0.6861816644668579,0.642953097820282,0.2693833112716675,-0.00027746614068746567,0.007306265644729137,6.359629333019257e-05,1.0,-0.07397903412670695,0.007639228868426036,1.074108532920514,0.05785942004937363,0.1936611858339639,0.9024998346667837,1.2977363668107484,0.0,0.0,4,0.0433
81,0,0.0,-0.0724357955910611,0.05883542751618198,1.1216517612109858,0.9925618429830837,-0.10563594070611793,-0.041362566618808716,0.04417209490008336,0.0021053795115910613,-0.0029241285289195885,0.043121329344604706,0.321386555633202,0.0783770972957306,-1.955067742327815,-0.1120608626334881,2.171939572239941,1.1849190608401867,0.6895701885223389,0.6431363821029663,0.24091295897960663,7.757497951388359e-05,0.0015808474272489548,-0.002128593623638153,-0.004626366775482893,0.6895701885223389,0.6431363821029663,0.24091295897960663,7.757497951388359e-05,0.0015808474272489548,-0.002128593623638153,1.0,-0.06638828143529346,0.015214012378026059,1.077547540465467,0.05785942004937363,0.1936611858339639,0.9024998346667837,4.041299812504516,0.0,0.0,8,0.0412
82,0,0.0,-0.06392371854063963,0.06737848456115136,1.1246159413233587,0.9925834507723326,-0.10577446047097877,-0.04073972331829731,0.04393326426420807,0.0021068782439209142,-0.002885214313221447,0.04778495076994316,0.3427258129410359,0.08757754342435864,-1.9145974122498934,-0.11441531319210965,2.1528852226238366,1.1978890527602513,0.695941150188446,0.649362325668335,0.19082458317279816,-0.0019921083003282547,0.00014755316078662872,-0.0026266053318977356,-0.004780002404004335,0.695941150188446,0.649362325668335,0.19082458317279816,-0.0019921083003282547,0.00014755316078662872,-0.0026266053318977356,1.0,-0.05774908484611012,0.02374984819988227,1.0804995030202258,0.05785942004937363,0.1936611858339639,0.9024998346667837,4.420032688441526,0.0,0.0,8,0.0399
83,0,0.0,-0.055372622074716965,0.075832634523974,1.127200245289901,0.992613407924438,-0.10596183714912427,-0.039905510840850617,0.04356904498776511,0.002114859591668927,-0.0028561585263099424,0.05262632908938552,0.3652498605277019,0.09624328739503833,-1.8734347760475878,-0.11707901968963869,2.1347863727227576,1.210568080089284,0.7003954648971558,0.6645272970199585,0.1317306011915207,0.004213983193039894,-0.0009285649284720421,0.00047404132783412933,0.0036836026702076197,0.7003954648971558,0.6645272970199585,0.1317306011915207,0.004213983193039894,-0.0009285649284720421,0.00047404132783412933,1.0,-0.049123413610530096,0.03220569693226009,1.0830688458700108,0.05785942004937363,0.1936611858339639,0.9024998346667837,4.675431698454281,0.0,0.0,9,0.0422
84,1,0.0539,-0.04679282776989384,0.08439512045131989,1.1290833227263557,0.9926697498648551,-0.10604357247413398,-0.03893746938698858,0.04295814146241329,0.002127534254067472,-0.0028318985036114106,0.057730165224124226,0.3894378450114442,0.10459117190268005,-1.8316259502795509,-0.11985398476824544,2.11809119509192,1.2228185976866635,0.7508151531219482,0.6343626976013184,0.1365782469511032,0.0006268187426030636,0.0008296146988868713,0.0007481742650270462,0.0017509347526356578,0.7508151531219482,0.6343626976013184,0.1365782469511032,0.0006268187426030636,0.0008296146988868713,0.0007481742650270462,1.0,-0.04045500466170776,0.040793275258922866,1.084919738089393,0.05785942004937363,0.1936611858339639,0.9024998346667837,4.809461635649486,0.0,0.0,9,0.0441
85,0,0.0,-0.037999683847647195,0.0928026947043483,1.1304742168413422,0.9927469167471956,-0.10609169278633063,-0.037611622170656424,0.042231243035908694,0.0021411429198841155,-0.0028117569277232475,0.06304500271387195,0.41516893753826317,0.1122726058596102,-1.7886560049899112,-0.12311500201102121,2.102569761281844,1.2345695113777497,0.7343396544456482,0.6553295254707336,0.09315983951091766,0.00045675551518797874,-0.0009776139631867409,0.00020224414765834808,0.00011780347267631441,0.7343396544456482,0.6553295254707336,0.09315983951091766,0.00045675551518797874,-0.0009776139631867409,0.00020224414765834808,1.0,-0.03154018474924105,0.04923461210212339,1.086278733708063,0.05785942004937363,0.1936611858339639,0.9024998346667837,4.882508970212664,0.0,0.0,10,0.0432
86,0,0.0,-0.02912532898538166,0.10109622838853242,1.1314420320317087,0.992830604964819,-0.10610867338287888,-0.036159582517246325,0.04148281415591448,0.0021558946133713244,-0.0027931834716283035,0.06865279328363981,0.44226103644101883,0.11942596700006293,-1.744505265325668,-0.12680052128337888,2.0874544732333855,1.2459132622555746,0.7189794778823853,0.6685314178466797,0.043916940689086914,-0.0007905019447207451,-0.0021569151431322098,0.0022536739706993103,0.00409282511100173,0.7189794778823853,0.6685314178466797,0.043916940689086914,-0.0007905019447207451,-0.0021569151431322098,0.0022536739706993103,1.0,-0.02252852971052885,0.057561946762028145,1.0872185750382437,0.05785942004937363,0.1936611858339639,0.9024998346667837,4.917492210934535,0.0,0.0,10,0.0445
87,0,0.0,-0.02036183703279393,0.10949006639511598,1.131845786903689,0.9929207043281179,-0.10602869969038692,-0.0347621738549487,0.040718313169843236,0.002170964861120339,-0.0027756469369107353,0.07468294179617946,0.4706613662823997,0.1262947013830485,-1.6995021500943814,-0.13088790619221566,2.072682974750548,1.2570467150758866,0.6721673607826233,0.6724673509597778,0.025913476943969727,0.0010678097605705261,-0.005550925154238939,0.0020621903240680695,-0.004694054834544659,0.6721673607826233,0.6724673509597778,0.025913476943969727,0.0010678097605705261,-0.005550925154238939,0.0020621903240680695,1.0,-0.013625677816003256,0.06599414775554507,1.087592139793573,0.05785942004937363,0.1936611858339639,0.9024998346667837,4.934076397276334,0.0,0.0,10,0.0426
88,1,0.0541,-0.011871161459420514,0.11798992859307628,1.1318533041870606,0.9930078338207629,-0.10589279109342231,-0.033507300913298246,0.039992743723653204,0.0021857634523269644,-0.002759095181380586,0.08116980839842348,0.4997894511740837,0.1329224571620104,-1.6539499140796572,-0.13529352655854787,2.0577685860208614,1.2680567130243154,0.6458725333213806,0.6542973518371582,-0.017453104257583618,0.007500709965825081,-0.016054749488830566,0.00016204267740249634,-0.003004093188792467,0.6458725333213806,0.6542973518371582,-0.017453104257583618,0.007500709965825081,-0.016054749488830566,0.00016204267740249634,1.0,-0.005003350730414911,0.07453278046129527,1.0875694849922202,0.05785942004937363,0.1936611858339639,0.9024998346667837,4.941369391441666,0.0,0.0,10,0.043
89,0,0.0,-0.003611220535203973,0.12651568582993356,1.1315927660297342,0.9930888750273774,-0.10585809005854963,-0.0321785044238191,0.03915475602093304,0.0021999983672270455,-0.00274343391868275,0.08804864236297828,0.5293577576867564,0.13916584479996685,-1.6080689602391944,-0.13972600897085619,2.043233897605623,1.278919006544249,0.6443099975585938,0.6465871334075928,-0.032542884349823,0.008236934430897236,-0.02425822988152504,-0.0009125322103500366,-0.006539543624967337,0.6443099975585938,0.6465871334075928,-0.032542884349823,0.008236934430897236,-0.02425822988152504,-0.0009125322103500366,1.0,0.0033855210473441155,0.08310465801693388,1.0872723674446416,0.05785942004937363,0.1936611858339639,0.9024998346667837,4.943022347783142,0.0,0.0,10,0.0419
90,0,0.0,0.004583161908744723,0.13494229265630758,1.1310662715625264,0.9931720129653853,-0.10596464307148706,-0.030440219138022355,0.038134500650265094,0.0022135445017011264,-0.0027286185279617797,0.09527767237627932,0.5593966932313768,0.14483590399112967,-1.5618646130843759,-0.14423820547693367,2.0298103684602937,1.2895253330409864,0.6240444779396057,0.622563898563385,-0.07096056640148163,0.008403543382883072,-0.040519293397665024,-0.00020541436970233917,-0.00838451273739338,0.6240444779396057,0.622563898563385,-0.07096056640148163,0.008403543382883072,-0.040519293397665024,-0.00020541436970233917,1.0,0.011735595580126585,0.09158839570710421,1.0867041724927737,0.05785942004937363,0.1936611858339639,0.9024998346667837,4.94142116104761,0.0,0.0,9,0.0421
91,0,0.0,0.012750666575395921,0.14315952438506674,1.1302698139636922,0.9932615604309206,-0.10614030550390963,-0.028136988250509806,0.03706774892084901,0.0022261809186452887,-0.002714761163419089,0.10286796177721662,0.5898351526035731,0.1498088049084961,-1.5154884957921986,-0.1491534082193673,2.0177746500673637,1.2998074185157615,0.5796107053756714,0.5607722401618958,-0.12843093276023865,0.008920383639633656,-0.058984655886888504,0.0019157994538545609,-0.01002463512122631,0.5796107053756714,0.5607722401618958,-0.12843093276023865,0.008920383639633656,-0.058984655886888504,0.0019157994538545609,1.0,0.02010544765038216,0.09986151408617897,1.0858765885646624,0.05785942004937363,0.1936611858339639,0.9024998346667837,4.939588185329117,0.0,0.0,9,0.0411
92,1,0.0537,0.020782540104217852,0.15093042081485739,1.1290727426444829,0.9933496546254306,-0.1063286953011573,-0.025338189294218934,0.036175245325786476,0.0022372939229245424,-0.0027024118209750133,0.11074708470900205,0.6204248840960847,0.15385098986459744,-1.4696033819454308,-0.15468152766977594,2.0072561079340474,1.3095605011901883,0.6372416615486145,0.5707104206085205,-0.18908286094665527,0.00821861531585455,-0.02709311619400978,-0.0013083312660455704,0.012729222886264324,0.6372416615486145,0.5707104206085205,-0.18908286094665527,0.00821861531585455,-0.02709311619400978,-0.0013083312660455704,1.0,0.02838348675260974,0.1076701968586184,1.0846760857101247,0.05785942004937363,0.1936611858339639,0.9024998346667837,4.937327235745021,0.0,0.0,9,0.0429
93,0,0.0,0.028583727101444308,0.15842362967005713,1.1269135519203952,0.9934333996751489,-0.10652279185189545,-0.022483712496031868,0.03517751978676445,0.0022484424297926774,-0.002690009646303716,0.118891703252405,0.6520554782856672,0.1571114555562717,-1.4241522352661529,-0.1599774319832873,1.998460061739322,1.318553625078486,0.6086568832397461,0.5236891508102417,-0.2531099319458008,0.011869306676089764,-0.03546931594610214,-0.0022323336452245712,0.01497754268348217,0.6086568832397461,0.5236891508102417,-0.2531099319458008,0.011869306676089764,-0.03546931594610214,-0.0022323336452245712,1.0,0.03643634614916244,0.11520771480733175,1.082509483830212,0.05785942004937363,0.1936611858339639,0.9024998346667837,4.936657091083242,0.0,0.0,9,0.0422
94,0,0.0,0.036230416583530364,0.1655970895871154,1.123713405453781,0.9935002675263207,-0.1068264843996164,-0.019695476744571054,0.03402071209940069,0.0022584213885077854,-0.002678803693082276,0.12724595558508767,0.6850384008512689,0.15949416704714914,-1.3785636024800014,-0.16480886200971198,1.9910247241976982,1.3267424361596356,0.5318170785903931,0.44326579570770264,-0.34317976236343384,0.028913281857967377,-0.04753861576318741,-0.002540985122323036,0.014357720501720905,0.5318170785903931,0.44326579570770264,-0.34317976236343384,0.028913281857967377,-0.04753861576318741,-0.002540985122323036,1.0,0.04432063425779878,0.1224417127877967,1.0792870242073445,0.05785942004937363,0.1936611858339639,0.9024998346667837,4.934638105651315,0.0,0.0,9,0.0415
95,0,0.0,0.04354266392632842,0.1722702330561212,1.1197178944149075,0.9935464427318365,-0.10725202488584096,-0.017155398175798958,0.03268274171836186,0.002267202386417515,-0.002668789132514907,0.13558712519757418,0.7185197076125357,0.16091744883985445,-1.3335366417175063,-0.16862745914503804,1.9845019463351652,1.3337437696678411,0.42454037070274353,0.41045498847961426,-0.3835766911506653,0.026519667357206345,-0.05568426847457886,-0.008294590748846531,0.013513728976249695,0.42454037070274353,0.41045498847961426,-0.3835766911506653,0.026519667357206345,-0.05568426847457886,-0.008294590748846531,1.0,0.05184098427260629,0.12919173884841625,1.075250019199362,0.05785942004937363,0.1936611858339639,0.9024998346667837,4.9321602106924525,0.0,0.0,9,0.0423
96,1,0.0536,0.05020123162690037,0.17834792894453794,1.1152220635464856,0.9935564646076867,-0.10785035156786438,-0.015166591888652214,0.03136602929036946,0.0022746807522255807,-0.0026599875708535905,0.14383018400266445,0.7513442774149035,0.16142965309614055,-1.2900699336451456,-0.17138509419904102,1.9780262358067846,1.3397808298681722,0.4282304048538208,0.42697930335998535,-0.4564419984817505,0.029338214546442032,-0.08633153140544891,-0.006386914290487766,0.013255583122372627,0.4282304048538208,0.42697930335998535,-0.4564419984817505,0.029338214546442032,-0.08633153140544891,-0.006386914290487766,1.0,0.05864397476194357,0.135348185177265,1.0707010468071925,0.05785942004937363,0.1936611858339639,0.9024998346667837,4.929314103315429,0.0,0.0,9,0.0437
97,0,0.0,0.05672108092418856,0.18423544259918678,1.1104019953325497,0.9935767329653777,-0.10845889515521617,-0.012420625890622093,0.029793821910599424,0.0022830181346813376,-0.002650254108457154,0.15218098871639832,0.7838024055669439,0.1613303935268773,-1.24792702725047,-0.1739164979141091,1.9744016168821035,1.3453963974873788,0.37426939606666565,0.33656594157218933,-0.5022028088569641,0.036853548139333725,-0.09849484264850616,-0.008534730412065983,-0.005664852447807789,0.37426939606666565,0.33656594157218933,-0.5022028088569641,0.036853548139333725,-0.09849484264850616,-0.008534730412065983,1.0,0.0653706674946752,0.14132520779479268,1.0658283978502257,0.05785942004937363,0.1936611858339639,0.9024998346667837,4.927082881566623,0.0,0.0,9,0.0421
98,0,0.0,0.06304811308785531,0.18973841137337363,1.105035225298765,0.9935851326743614,-0.10915130948173052,-0.009041415263357385,0.028157211810281652,0.0022895733330449237,-0.0026422831278322535,0.16046927987504367,0.8158331962674849,0.1604529983746049,-1.207657798430323,-0.17633229573173526,1.9734587486711863,1.3506913944541896,0.3083310127258301,0.21489210426807404,-0.5774403810501099,0.05621757730841637,-0.08885864168405533,-0.01016195397824049,-0.0027008247561752796,0.3083310127258301,0.21489210426807404,-0.5774403810501099,0.05621757730841637,-0.08885864168405533,-0.01016195397824049,1.0,0.07196363723843877,0.14692181322379277,1.0604193495627374,0.05785942004937363,0.1936611858339639,0.9024998346667837,4.925320527100864,0.0,0.0,9,0.0404
99,0,0.0,0.06870508441754973,0.19444281305857103,1.0990055644366472,0.99354915413672,-0.11009136877121611,-0.006273033197714395,0.026469187573236786,0.0022945881019645928,-0.002635835825804133,0.16817016815536806,0.8468783486788599,0.1586392988955514,-1.1701302576613346,-0.17719015548284836,1.9733421217346483,1.3549039699128647,0.2667814791202545,0.11529980599880219,-0.6463065147399902,0.06523571908473969,-0.07512961328029633,-0.009740117937326431,0.0003943887713830918,0.2667814791202545,0.11529980599880219,-0.6463065147399902,0.06523571908473969,-0.07512961328029633,-0.009740117937326431,1.0,0.07781231428934354,0.1517251953160909,1.0543295219808315,0.05785942004937363,0.1936611858339639,0.9024998346667837,4.9265034842472755,0.0,0.0,9,0.0411
100,1,0.0538,0.07369745119350056,0.19810770901084254,1.0921691081642098,0.9934901974019916,-0.11115300228045183,-0.0044358740516599465,0.024547113304625962,0.002298382280715788,-0.002630662827165687,0.17487260726729564,0.8770313146309341,0.15581934485425128,-1.135496483152356,-0.1758109052620665,1.9739797519879256,1.3571561384281667,0.2805054783821106,0.13390403985977173,-0.7247990369796753,0.08563905209302902,-0.07794344425201416,-0.03282596170902252,-0.005860217846930027,0.2805054783821106,0.13390403985977173,-0.7247990369796753,0.08563905209302902,-0.07794344425201416,-0.03282596170902252,1.0,0.08290232329730389,0.15551678241858824,1.047388981003183,0.05785942004937363,0.1936611858339639,0.9024998346667837,4.927828532231453,0.0,0.0,9,0.043
101,0,0.0,0.07850492627340916,0.20124048655142504,1.0844728247233437,0.9933857602461222,-0.11276536798124043,-0.0026898800642026904,0.021481798563630722,0.0023036668472379406,-0.002624160654908342,0.1806042762111508,0.9071698983339272,0.15242972638658026,-1.1029444595865276,-0.17152717606432014,1.9777772676461987,1.3584716603678229,0.2625790536403656,0.07310378551483154,-0.6985539793968201,0.09829011559486389,-0.03950256481766701,-0.028512824326753616,0.0027614247519522905,0.2625790536403656,0.07310378551483154,-0.6985539793968201,0.09829011559486389,-0.03950256481766701,-0.028512824326753616,1.0,0.08776185309671346,0.15886515748541893,1.0394937724858622,0.05785942004937363,0.1936611858339639,0.9024998346667837,4.929676756639732,0.0,0.0,9,0.0415
102,0,0.0,0.08280478373463449,0.2039472579042369,1.0760349649588876,0.9932233277844186,-0.11490081591473444,-0.0017725036521561866,0.01738050280559893,0.0023079228687335495,-0.0026188201153632693,0.18533197637144824,0.9369820670575474,0.1488033941488147,-1.0723483511407403,-0.16405797182881537,1.982529069208321,1.358668137537273,0.20769920945167542,0.030092082917690277,-0.7174466252326965,0.09751050919294357,-0.032433293759822845,-0.021738326177001,0.002664142055436969,0.20769920945167542,0.030092082917690277,-0.7174466252326965,0.09751050919294357,-0.032433293759822845,-0.021738326177001,1.0,0.09201356294933116,0.16188581515883776,1.030747867170519,0.05785942004937363,0.1936611858339639,0.9024998346667837,4.929666404088226,0.0,0.0,9,0.0409
103,0,0.0,0.08647596031663599,0.2059278959332225,1.06735300124938,0.993053088228904,-0.11693941669702174,-0.0019569030979662105,0.012919261273815817,0.0023116094553552393,-0.0026140213068099275,0.1890245070679214,0.9658083711806125,0.14490118672103036,-1.0434786439781443,-0.1543512716752112,1.9864453910553874,1.356791137675151,0.20408429205417633,0.03182794898748398,-0.6931167244911194,0.08260549604892731,-0.04078853875398636,-0.017986349761486053,0.0006506382487714291,0.20408429205417633,0.03182794898748398,-0.6931167244911194,0.08260549604892731,-0.04078853875398636,-0.017986349761486053,1.0,0.09554567402847056,0.1642273986356861,1.0217012650444393,0.05785942004937363,0.1936611858339639,0.9024998346667837,4.929392855452724,0.0,0.0,9,0.0405
104,1,0.0539,0.0899679376449647,0.20723316505889397,1.0587985543758793,0.9929054860559507,-0.1185846195755062,-0.002068945250195911,0.008491361827132808,0.0023157049837488662,-0.0026088118357183478,0.19202208877862345,0.993660119517837,0.1406509024384047,-1.0157867922018085,-0.14420036381229806,1.9907831494539117,1.3532744159199335,0.16049502789974213,-0.035366520285606384,-0.6703366637229919,0.08157680928707123,-0.07450578361749649,-0.025716397911310196,0.0051292534917593,0.16049502789974213,-0.035366520285606384,-0.6703366637229919,0.08157680928707123,-0.07450578361749649,-0.025716397911310196,1.0,0.09893511115156649,0.16589988996358457,1.0127893366492258,0.05785942004937363,0.1936611858339639,0.9024998346667837,4.928635936858657,0.0,0.0,9,0.0425
105,0,0.0,0.09353211717137196,0.20784600514639448,1.0507915394778078,0.9927375187877764,-0.12021246791297674,-0.0014260011116318727,0.004375827943364464,0.0023195918874154647,-0.0026038232461724395,0.1944822010398528,1.0201136730889564,0.13593279104821698,-0.9891725390350753,-0.13454774406331182,1.9959146608600196,1.3494289672703579,-0.04120291769504547,-0.05247430503368378,-0.7093807458877563,0.08790738135576248,-0.07415880262851715,-0.021386509761214256,0.013639379292726517,-0.04120291769504547,-0.05247430503368378,-0.7093807458877563,0.08790738135576248,-0.07415880262851715,-0.021386509761214256,1.0,0.10246727604223038,0.1668483673908964,1.0044722248989433,0.05785942004937363,0.1936611858339639,0.9024998346667837,4.928071730617236,0.0,0.0,9,0.0423
106,0,0.0,0.09614861491823706,0.20813204973552998,1.0431628970633138,0.9925574191708524,-0.12175975216359114,-0.0019349153777613373,0.0007671404286404723,0.0023240491941881997,-0.0025982706706131273,0.1964734918985472,1.0439804963716381,0.13151069218361916,-0.96559886013967,-0.12455589791944052,1.9986712904892483,1.3453886469698935,-0.18155547976493835,-0.05727343261241913,-0.74044269323349,0.08511614799499512,-0.08149822056293488,-0.020609349012374878,0.013405265286564827,-0.18155547976493835,-0.05727343261241913,-0.74044269323349,0.08511614799499512,-0.08149822056293488,-0.020609349012374878,1.0,0.10495722471176228,0.16743941960325248,0.9965456537775427,0.05785942004937363,0.1936611858339639,0.9024998346667837,4.929639049489598,0.0,0.0,9,0.0417
107,0,0.0,0.09754440301514855,0.2083611297386989,1.0358663786938314,0.9923869063689909,-0.12307219913691186,-0.003997850705986279,-0.002340738498783213,0.0023287848420609943,-0.002592449422419036,0.19809892632716664,1.0647056166854842,0.12767247251626593,-0.9461318309351784,-0.11434650085107273,1.9991022521959492,1.3412947758597569,-0.31020551919937134,-0.02718624472618103,-0.7589225769042969,0.08216957002878189,-0.07089368999004364,-0.010286794975399971,0.0047391136176884174,-0.31020551919937134,-0.02718624472618103,-0.7589225769042969,0.08216957002878189,-0.07089368999004364,-0.010286794975399971,1.0,0.10608905688547939,0.16795019062933933,0.9889502872204886,0.05785942004937363,0.1936611858339639,0.9024998346667837,4.933277064963021,0.0,0.0,9,0.0421
108,1,0.0549,0.09777341390591691,0.2087723384090746,1.0287507841193275,0.9922524996388721,-0.1239184237590868,-0.007357839591849623,-0.0050063369855218864,0.002334210138494059,-0.0025861095568743718,0.19954441885394966,1.0822933591375599,0.12462098546972669,-0.9313650221785662,-0.10431580675306158,1.9982050431833809,1.337098558210694,-0.09417019784450531,0.04821725934743881,-0.6534829139709473,0.05125711113214493,-0.050981879234313965,-0.051905643194913864,0.0022480206098407507,-0.09417019784450531,0.04821725934743881,-0.6534829139709473,0.05125711113214493,-0.050981879234313965,-0.051905643194913864,1.0,0.10596717803479043,0.1686270093226956,0.9815385454905751,0.05785942004937363,0.1936611858339639,0.9024998346667837,4.937154708772099,0.0,0.0,9,0.044
109,0,0.0,0.09817095216324467,0.2092476610475491,1.0218750632881786,0.9920057173798549,-0.12560657572746387,-0.009417915007185657,-0.007677740332742697,0.002340011144141986,-0.002579559324920898,0.20095779428408497,1.098510084377957,0.12162454830516767,-0.9190651824302465,-0.09547183119912551,2.001044079602539,1.3355580723232112,-0.180442214012146,0.04778527468442917,-0.6620566844940186,0.04765886068344116,-0.04622676968574524,-0.04818486422300339,-0.000476614834042266,-0.180442214012146,0.04778527468442917,-0.6620566844940186,0.04765886068344116,-0.04622676968574524,-0.04818486422300339,1.0,0.10605416096921742,0.16934018403820258,0.9744031851903352,0.05785942004937363,0.1936611858339639,0.9024998346667837,4.939577771285606,0.0,0.0,9,0.0423
110,0,0.0,0.09836120589886768,0.2098413206424867,1.0148286140101772,0.9916424952933425,-0.1281570528376978,-0.011068355676457151,-0.009920828542351929,0.0023455920852002584,-0.002573417109946471,0.20255795869157006,1.1138147516397994,0.11884893411466359,-0.9089378107959344,-0.08789384608192767,2.0052457657965808,1.3366476656926303,-0.2641203701496124,0.03060324490070343,-0.6660925149917603,0.047067902982234955,-0.04131340608000755,-0.04115360230207443,0.011410718783736229,-0.2641203701496124,0.03060324490070343,-0.6660925149917603,0.047067902982234955,-0.04131340608000755,-0.04115360230207443,1.0,0.10591248787037177,0.17011919567022915,0.9671421706097699,0.05785942004937363,0.1936611858339639,0.9024998346667837,4.940991957686431,0.0,0.0,9,0.0422
111,0,0.0,0.09772441263310198,0.21059892651454884,1.0078165061986109,0.9912779356540085,-0.1305732720178454,-0.01365238269942708,-0.011501624524760043,0.002350873560930439,-0.0025675830044790335,0.20423720816043078,1.1272141333324575,0.11663287853676546,-0.9017400451149373,-0.08117853349862411,2.008179685744133,1.338440579537132,-0.39259809255599976,0.01758676767349243,-0.6635108590126038,0.04492943361401558,-0.02905171737074852,-0.03126169741153717,-0.003129474353045225,-0.39259809255599976,0.01758676767349243,-0.6635108590126038,0.04492943361401558,-0.02905171737074852,-0.03126169741153717,1.0,0.10485493414248395,0.171015139627454,0.959945391494034,0.05785942004937363,0.1936611858339639,0.9024998346667837,4.942282754577032,0.0,0.0,9,0.0422
112,1,0.0538,0.09604854706726096,0.21142710705268525,1.0010398868533092,0.9909450021612234,-0.13252272249596458,-0.017702881600430955,-0.012342556339370616,0.002355745568369363,-0.0025622090267446345,0.20584677561800993,1.138001050443775,0.11503737943039956,-0.8980602172876427,-0.07504820911014796,2.0086281453009773,1.3401057207740283,-0.23266080021858215,-0.024653181433677673,-0.7443724870681763,0.08121702820062637,-0.07841870188713074,-0.04835180938243866,-0.015124527737498283,-0.23266080021858215,-0.024653181433677673,-0.7443724870681763,0.08121702820062637,-0.07841870188713074,-0.04835180938243866,1.0,0.10265165831745789,0.17194020225181134,0.9530079114127807,0.05785942004937363,0.1936611858339639,0.9024998346667837,4.9445838547701015,0.0,0.0,9,0.0433
113,0,0.0,0.09503055015735441,0.21236468767621539,0.9943586416638057,0.9905751717655985,-0.13476055886659843,-0.019891762293952907,-0.01430869135726073,0.0023618690306292946,-0.002555795661991388,0.206942192440501,1.148306599139303,0.113726229389436,-0.8962271079205559,-0.06851852486009392,2.01521308362651,1.3419094803366125,-0.32952600717544556,-0.009064599871635437,-0.7093802094459534,0.07303834706544876,-0.059270624071359634,-0.02220889739692211,-0.04027964547276497,-0.32952600717544556,-0.009064599871635437,-0.7093802094459534,0.07303834706544876,-0.059270624071359634,-0.02220889739692211,1.0,0.10125202749672048,0.17304852294224207,0.9461285788924297,0.05785942004937363,0.1936611858339639,0.9024998346667837,4.944533308142063,0.0,0.0,9,0.0422
114,0,0.0,0.09390886122658955,0.21322143125920315,0.9871775679008881,0.990228708104434,-0.1366935319774421,-0.02184379473166672,-0.01687698412263724,0.0023664968879312377,-0.0025509015667636997,0.20745113861880501,1.1579020984975927,0.11283687660017705,-0.8971714224376618,-0.061412625609158854,2.0242723149303603,1.3423745485762488,-0.4087202548980713,-0.015030011534690857,-0.690280556678772,0.06150960549712181,-0.023580722510814667,-0.008516437374055386,0.057235341519117355,-0.4087202548980713,-0.015030011534690857,-0.690280556678772,0.06150960549712181,-0.023580722510814667,-0.008516437374055386,1.0,0.09982667445330809,0.17414842815240364,0.9387067164333844,0.05785942004937363,0.1936611858339639,0.9024998346667837,4.942424539259047,0.0,0.0,9,0.0423
115,0,0.0,0.09165659744731804,0.21392444931163757,0.9799845503310802,0.9899740924477114,-0.13763215142945517,-0.025630275283906656,-0.018755696843878886,0.002370627944447798,-0.00254635685689225,0.20762368501550232,1.1651993298900776,0.11250048820586263,-0.9016352886587493,-0.054506574796271245,2.030516637299126,1.3411352639838163,-0.4330136179924011,0.030075736343860626,-0.6439370512962341,0.04441047087311745,-0.010459313169121742,-0.002903299406170845,0.01623687520623207,-0.4330136179924011,0.030075736343860626,-0.6439370512962341,0.04441047087311745,-0.010459313169121742,-0.002903299406170845,1.0,0.0971637434610242,0.1750661692619304,0.9312879768078667,0.05785942004937363,0.1936611858339639,0.9024998346667837,4.943725732206602,0.0,0.0,9,0.0439
116,1,0.0539,0.08870214427710074,0.2145756462678886,0.9731063699540357,0.9897836677580877,-0.13787800958898916,-0.030292125842259616,-0.020008313849036834,0.002375450207829469,-0.0025411465640990893,0.2077291503622171,1.1703450948520797,0.11252090341507208,-0.9088963056449267,-0.04836741037152055,2.0353573241102447,1.3391699155085586,-0.25392502546310425,0.039838358759880066,-0.5445812344551086,0.03521127998828888,-0.029673337936401367,-0.014704054221510887,0.003628613194450736,-0.25392502546310425,0.039838358759880066,-0.5445812344551086,0.03521127998828888,-0.029673337936401367,-0.014704054221510887,1.0,0.0937567163967367,0.17589208028356845,0.9242158948823604,0.05785942004937363,0.1936611858339639,0.9024998346667837,4.943372600918347,0.0,0.0,9,0.0461
117,0,0.0,0.08646778459111179,0.21522540476577,0.9669547539022862,0.9896174517153659,-0.13825362658580748,-0.0329519766178126,-0.021386940717076464,0.0023812468650907443,-0.00253770363639667,0.2078873337347656,1.174550986089524,0.11243800652611119,-0.916822254224813,-0.04360517408000951,2.0439815623353894,1.3380619578116952,-0.30069872736930847,0.013938456773757935,-0.5107219219207764,0.02463538944721222,-0.029191385954618454,-0.00582528579980135,0.009343180805444717,-0.30069872736930847,0.013938456773757935,-0.5107219219207764,0.02463538944721222,-0.029191385954618454,-0.00582528579980135,1.0,0.0913651789692547,0.1765045070478793,0.9180694673280287,0.0578752660895792,0.19363486162147872,0.9028498718891335,5.871836758264897,0.0,0.0,9,0.0486
118,0,0.0,0.08463525232255692,0.21598820476517794,0.9617003284827322,0.9894901540555496,-0.13861528915279564,-0.03438877927064039,-0.022637325382780456,0.0023228821820748947,-0.0035442856811327074,0.20823576830896243,1.177344017215363,0.11252575423293096,-0.9253335173835592,-0.0402014086678358,2.0537107870089484,1.3377060653923274,-0.32552361488342285,-0.017581254243850708,-0.5021054744720459,0.02901294454932213,-0.011389119550585747,-0.003574701026082039,0.0019063246436417103,-0.32552361488342285,-0.017581254243850708,-0.5021054744720459,0.02901294454932213,-0.011389119550585747,-0.003574701026082039,1.0,0.0904200823138285,0.17612020797176411,0.9145334385740649,0.05752691113457179,0.19311970595815345,0.9032233046808346,10.385971703775525,0.0,0.0,4,0.0432
119,0,0.0,0.08273851963834575,0.2176522375389344,0.9581153827836361,0.9894179079634264,-0.1385523629726214,-0.035715120216439404,-0.024080620920218048,0.0018469195843204078,-0.006048452121189978,0.20910358442302499,1.1777025360901323,0.11364771417166793,-0.9342065281061919,-0.03730005640484299,2.061648533537904,1.3378118796536327,-0.33102476596832275,-0.008988916873931885,-0.4810056686401367,0.029591966420412064,0.002143310382962227,-0.0014002136886119843,0.010952012613415718,-0.33102476596832275,-0.008988916873931885,-0.4810056686401367,0.029591966420412064,0.002143310382962227,-0.0014002136886119843,1.0,0.09019525804439155,0.1770215584414669,0.9137345084051864,0.057456163267378166,0.19315435830511152,0.9017539034757688,9.792364119852,0.0,0.0,3,0.0465
120,1,0.0538,0.08041894568138379,0.21954279463068394,0.9548500923436105,0.9893401102597356,-0.1383751131707482,-0.0376750723110162,-0.025279699614413745,0.0015203613621605154,-0.007029756787740613,0.2100938930121277,1.1770587394702392,0.11513042440928777,-0.9440460239399568,-0.034643766686396155,2.068152947198778,1.3382150444322867,-0.20800137519836426,-0.0032781660556793213,-0.5426668524742126,0.04284075275063515,0.01144407782703638,0.0017306096851825714,-0.010573429986834526,-0.20800137519836426,-0.0032781660556793213,-0.5426668524742126,0.04284075275063515,0.01144407782703638,0.0017306096851825714,1.0,0.08926918536834438,0.177202332495257,0.913034527011717,0.05743174431887435,0.19311496209498796,0.9019142950417456,4.440793664328595,0.0,0.0,5,0.0524
121,0,0.0,0.07824309750153349,0.22136830449540618,0.9507205378057129,0.9892586304181549,-0.1382619494706261,-0.03904060552870764,-0.026959721655261316,0.0015670605255771602,-0.007934991337248955,0.21084428947622427,1.1778039894343655,0.1166465119301597,-0.954107340866805,-0.03158975805032725,2.077945299309254,1.3381249257113363,-0.18350616097450256,0.028617992997169495,-0.4754948019981384,0.036234013736248016,0.016046766191720963,0.0008223745971918106,0.002368692774325609,-0.18350616097450256,0.028617992997169495,-0.4754948019981384,0.036234013736248016,0.016046766191720963,0.0008223745971918106,1.0,0.08626755832164276,0.17607183753802733,0.9125284040540693,0.057406526503258025,0.1930522668558628,0.9019642837377354,14.952783894520026,0.0,0.0,6,0.0499
122,0,0.0,0.07637161217869169,0.22355668879714571,0.9468563635972949,0.9891585877889277,-0.13826919667811755,-0.03982570049450639,-0.029339922179903787,0.0017710589231420438,-0.008650414591788187,0.21160376920119336,1.178771263565134,0.11865019136830254,-0.9632101499549447,-0.02810125964467333,2.0885023588247233,1.3381030215476717,-0.17926660180091858,0.03411359339952469,-0.36986497044563293,0.025317009538412094,0.03426937386393547,0.004245618358254433,-0.0003420998400542885,-0.17926660180091858,0.03411359339952469,-0.36986497044563293,0.025317009538412094,0.03426937386393547,0.004245618358254433,1.0,0.0860872258351342,0.17742661524055917,0.9109306556925236,0.0574246520289286,0.19299467283340568,0.9014508842837916,17.68216940927276,0.0,0.0,6,0.054
123,0,0.0,0.07456026233127709,0.22576063982862832,0.9444374981910213,0.9890486471131833,-0.13830887156501803,-0.0409559523096427,-0.031241633446440566,0.0022683847918363027,-0.008734098302859806,0.2124820603121036,1.1781689755553155,0.12069690543741114,-0.9711188485392794,-0.0252481847812635,2.095268324439089,1.3386962120664816,-0.22275379300117493,0.029557570815086365,-0.30269569158554077,0.0163627527654171,0.033888112753629684,-0.004510924220085144,0.002942158142104745,-0.22275379300117493,0.029557570815086365,-0.30269569158554077,0.0163627527654171,0.033888112753629684,-0.004510924220085144,1.0,0.0858376134233193,0.17874128044480922,0.9101814170986673,0.057437303416593415,0.19298091412296456,0.9012296241657747,21.437887283511845,0.0,0.0,8,0.0528
124,1,0.0545,0.07325903559140858,0.2271329474427628,0.9435714760881427,0.9889465771957466,-0.13850999380896717,-0.041929175247748245,-0.0322737250855802,0.0028577944749786015,-0.008703865565656407,0.21303920219631436,1.1760727045721364,0.12187837447934266,-0.9774013634351125,-0.023337531980548856,2.0985328452430156,1.3395406028267294,-0.1659144163131714,0.021321043372154236,-0.307637482881546,0.03284948319196701,0.04753934592008591,-0.022726919502019882,-0.009385774843394756,-0.1659144163131714,0.021321043372154236,-0.307637482881546,0.03284948319196701,0.04753934592008591,-0.022726919502019882,1.0,0.0856050112960888,0.17962468506561105,0.9102151766793731,0.05741096003601374,0.1930015335675932,0.9011571612072988,22.47136937670841,0.0,0.0,8,0.0502
125,0,0.0,0.07239893836167276,0.22797394670050639,0.943100635923908,0.9887570524337737,-0.13932312721883022,-0.04274740330352464,-0.033484578468989945,0.003426532152346373,-0.008646624625954202,0.2130669632269338,1.1743175764852944,0.12264692018717628,-0.9821599204389588,-0.020615086245114753,2.101126047094905,1.3404648381668953,-0.14630034565925598,0.04254218935966492,-0.2609940767288208,0.027514781802892685,0.058107536286115646,-0.02357303909957409,-0.00046662832028232515,-0.14630034565925598,0.04254218935966492,-0.2609940767288208,0.027514781802892685,0.058107536286115646,-0.02357303909957409,1.0,0.08543162648336232,0.18013602973473847,0.9102467503517531,0.05737336059696572,0.1930143417839705,0.901204274729116,22.77758583986828,0.0,0.0,9,0.0508
126,0,0.0,0.07184667118700193,0.22851352989117518,0.9427786643289532,0.9884654233916279,-0.14068429362320528,-0.04369169434706187,-0.03514359304384475,0.0038572592611929245,-0.008570276678601559,0.21263470381044136,1.17327272857336,0.12325447791478285,-0.9851658935716207,-0.0167173015194838,2.1027639438773034,1.3411826480434412,-0.1518566906452179,0.04856501519680023,-0.22709494829177856,0.022095195949077606,0.059626009315252304,-0.026165317744016647,-0.009660991840064526,-0.1518566906452179,0.04856501519680023,-0.22709494829177856,0.022095195949077606,0.059626009315252304,-0.026165317744016647,1.0,0.08531347387896576,0.18044827223981302,0.9101968954653679,0.05733408777245991,0.1930243662268059,0.9012091582234102,24.74024202378671,0.0,0.0,11,0.0477
127,0,0.0,0.07143386467434784,0.22882674902753591,0.9427030477941724,0.9881432078320225,-0.14213740774879824,-0.04492792197475309,-0.03676193630538924,0.0041447679263385264,-0.00854118479893747,0.21201325918293867,1.1726458528293653,0.12372378659277594,-0.9865846662324007,-0.012525694818836839,2.102649652045705,1.3416363293896774,-0.16971442103385925,0.027093812823295593,-0.21854349970817566,0.022625263780355453,0.06453368067741394,-0.0307479165494442,0.006326055154204369,-0.16971442103385925,0.027093812823295593,-0.21854349970817566,0.022625263780355453,0.06453368067741394,-0.0307479165494442,1.0,0.08520541636922646,0.18067375073068748,0.9102569806164019,0.05728634551414976,0.19303431344734803,0.9012997763539833,27.816818219537222,0.0,0.0,11,0.0482
128,1,0.0537,0.07100354678358436,0.22897657481870345,0.9427021036838674,0.9877884879186412,-0.14366663008163233,-0.04660259473226638,-0.038236117750248294,0.004308858582858592,-0.008562430704480952,0.21127354672653853,1.1724122983015313,0.12411203073092941,-0.9868700313962763,-0.008158595539724553,2.1008524307394185,1.342014890462367,-0.10478276014328003,0.018159985542297363,-0.3968923091888428,0.04347745701670647,0.0071440571919083595,-0.02767077274620533,-0.004159850999712944,-0.10478276014328003,0.018159985542297363,-0.3968923091888428,0.04347745701670647,0.0071440571919083595,-0.02767077274620533,1.0,0.08503230832252576,0.18085380663294184,0.9103355872424743,0.05721875840274356,0.19304241256167604,0.9013991710427052,30.12814642233768,0.0,0.0,11,0.0516
129,0,0.0,0.07114435596395932,0.22925982190049432,0.9421629662408841,0.9874386792498144,-0.1452932120800674,-0.04711862977388586,-0.04042984013163245,0.004803414661077648,-0.00834762945190554,0.2105196643229291,1.1740773933728388,0.12456908915486387,-0.9857784441175919,-0.0035073507880513874,2.1024835166492353,1.3420744759983496,-0.1909620761871338,0.0021582990884780884,-0.37353622913360596,0.035297539085149765,0.014195985160768032,-0.015334711410105228,-0.00565203046426177,-0.1909620761871338,0.0021582990884780884,-0.37353622913360596,0.035297539085149765,0.014195985160768032,-0.015334711410105228,1.0,0.08501677482288346,0.180851941074452,0.9097882142003719,0.05719351626014102,0.19304188601369004,0.9010872588283222,28.187319231082444,0.0,0.0,10,0.0521
130,0,0.0,0.07132664902200309,0.2296233992528656,0.9417886335921992,0.9871177527076261,-0.14670519682576877,-0.04760015763632349,-0.042548237410664956,0.005267681083760688,-0.008035559178598472,0.20984431378910534,1.17560656997138,0.12511676312671144,-0.984287841036818,0.0007873319738327899,2.1033099776475193,1.3419852107538086,-0.24344709515571594,0.01607726514339447,-0.32645073533058167,0.018833715468645096,0.01382660772651434,-0.00969761237502098,0.0033582516480237246,-0.24344709515571594,0.01607726514339447,-0.32645073533058167,0.018833715468645096,0.01382660772651434,-0.00969761237502098,1.0,0.08503406034796958,0.1808924941326482,0.9095494468005689,0.05719133556868927,0.1930471019294118,0.9009117885257063,28.998472962410112,0.0,0.0,10,0.0486
131,0,0.0,0.07131187752783397,0.22966269328300512,0.9419130336144986,0.9868869726774718,-0.1475906929525764,-0.0485479620526461,-0.043751410192227405,0.005371508376849617,-0.00798119585736692,0.20922518715418917,1.176053323692794,0.12537463234730192,-0.9830769888620216,0.0038803567831698174,2.101738102183026,1.341605728115875,-0.16372907161712646,0.03586645424365997,-0.24224908649921417,0.01298066508024931,0.027702555060386658,-0.007949840277433395,0.007316251751035452,-0.16372907161712646,0.03586645424365997,-0.24224908649921417,0.01298066508024931,0.027702555060386658,-0.007949840277433395,1.0,0.08500702391703081,0.18095334031495963,0.9097443046575082,0.05716280517353208,0.19305609820575728,0.9010744471429938,30.523537200508546,0.0,0.0,10,0.0455
132,1,0.0537,0.0712740986650574,0.22967353683281377,0.9421270411071578,0.9867315035175475,-0.1481102396119568,-0.049404035359243564,-0.04453693049941984,0.005447518451053599,-0.007984840265258164,0.20877978556980678,1.1763597086667024,0.1255734106191402,-0.9818524409298889,0.006100189521546772,2.0998835832069385,1.3411557434078347,-0.13872915506362915,0.016527511179447174,-0.08501311391592026,0.03433492034673691,0.05928229168057442,-0.04186142235994339,0.023622557520866394,-0.13872915506362915,0.016527511179447174,-0.08501311391592026,0.03433492034673691,0.05928229168057442,-0.04186142235994339,1.0,0.08496584062754059,0.181008338181342,0.9099756045002532,0.05712448749831066,0.19306699018904042,0.9012805334934415,30.634255004066045,0.0,0.0,11,0.0487
133,0,0.0,0.0710284666456825,0.22973038749564717,0.9427032170976034,0.9863993002981893,-0.14940027914412463,-0.05114840162130544,-0.04560502137358011,0.005537080607932205,-0.007986165899572786,0.20803578413087376,1.1761144398789571,0.12602903779081195,-0.9804095915851663,0.009670203464863325,2.095810228693406,1.341679949281371,-0.17914503812789917,0.011056959629058838,-0.1408299058675766,0.03948318213224411,0.07473738491535187,-0.033385712653398514,-0.0030014337971806526,-0.17914503812789917,0.011056959629058838,-0.1408299058675766,0.03948318213224411,0.07473738491535187,-0.033385712653398514,1.0,0.08459182268472798,0.18110147742712196,0.9104643860049642,0.05678041000926908,0.1931491021696507,0.9017619140991798,30.600240137968232,0.0,0.0,11,0.0478
134,0,0.0,0.07024212116709201,0.22981634680918442,0.9432064070120169,0.9858577605510133,-0.15132266063581878,-0.054462148402529394,-0.047114782508437446,0.005611844243161478,-0.007998644677977769,0.20683869111036693,1.1757460618536453,0.1268623106051504,-0.9791806929229644,0.015174237337430129,2.0893449232218364,1.3422782844954186,-0.174320787191391,0.004203379154205322,-0.20295804738998413,0.03543897345662117,0.0793963074684143,-0.029648661613464355,-0.006153406109660864,-0.174320787191391,0.004203379154205322,-0.20295804738998413,0.03543897345662117,0.0793963074684143,-0.029648661613464355,1.0,0.0835005964937263,0.18126476327374602,0.9107611791441491,0.055716336866324434,0.19334598787057733,0.9022098874610687,30.753090125267263,0.0,0.0,11,0.0475
