step,query,infer_s,eef_x,eef_y,eef_z,eef_qx,eef_qy,eef_qz,eef_qw,gripper_q0,gripper_q1,joint_0,joint_1,joint_2,joint_3,joint_4,joint_5,joint_6,act_raw_0,act_raw_1,act_raw_2,act_raw_3,act_raw_4,act_raw_5,act_raw_6,act_env_0,act_env_1,act_env_2,act_env_3,act_env_4,act_env_5,act_env_6,akita_black_bowl_1_x,akita_black_bowl_1_y,akita_black_bowl_1_z,plate_1_x,plate_1_y,plate_1_z,force_akita_black_bowl_1,force_plate_1,force_other,n_contacts,sim_s
0,1,0.0556,-0.2076902019941238,0.01689215049399429,1.1845495281596072,0.9996129210545233,0.0017200294268635563,-0.027766750520088274,0.0002390087185611036,0.038722176349753015,-0.03872337873964926,0.017111286963297417,-0.17598000391396357,0.019472770353215874,-2.4285571409671936,0.005987870227185116,2.197071233565705,0.8150327018426237,0.35457292199134827,-0.023910582065582275,0.1337990015745163,-0.0016985030379146338,0.034224506467580795,0.0002662781625986099,0.9956916570663452,0.35457292199134827,-0.023910582065582275,0.1337990015745163,-0.0016985030379146338,0.034224506467580795,0.0002662781625986099,-1.0,0.08670609290860966,-0.14321844066302586,1.0625599683749658,0.06426401513702933,0.1968852888506487,0.9024995673059236,0.0,0.0,0.0,0,0.0427
1,0,0.0,-0.20633250633410746,0.016731102223242183,1.184800005924399,0.9996467531308344,0.0013896725806485377,-0.02654051300132498,0.0001973188402640113,0.03884055273989664,-0.038849546718009796,0.016368181686934196,-0.17341501328523581,0.019727945260477647,-2.4256099778835907,0.005968508157417122,2.1992766130440833,0.8152017516331347,0.4813741445541382,-0.056961700320243835,0.21226678788661957,-0.010951761156320572,0.04001757502555847,0.0028847474604845047,0.9820196032524109,0.4813741445541382,-0.056961700320243835,0.21226678788661957,-0.010951761156320572,0.04001757502555847,0.0028847474604845047,-1.0,0.08670609282077617,-0.14321844084362828,1.0625599683749969,0.0642640151462034,0.19688528888065687,0.9024997617621902,0.0,0.0,0.0,0,0.0424
2,0,0.0,-0.20316538736994394,0.016201640185067707,1.1855068181993542,0.9996976854972336,0.001218696900666949,-0.024552544791184905,0.00047427166705655936,0.03890251062562022,-0.038924301946055374,0.015439782164827076,-0.16703409877091618,0.01944926763842986,-2.417517735127505,0.004802326654310781,2.201527748813124,0.8150709921552747,0.5994775891304016,-0.08351093530654907,0.3359016180038452,-0.03650860860943794,0.03744983673095703,0.010877896100282669,0.9910551905632019,0.5994775891304016,-0.08351093530654907,0.3359016180038452,-0.03650860860943794,0.03744983673095703,0.010877896100282669,-1.0,0.08670609278202411,-0.14321844092330982,1.0625599683749973,0.06426401514835288,0.19688528888960027,0.9024998147869767,0.0,0.0,0.0,0,0.0415
3,0,0.0,-0.19850126902838638,0.015138083127955362,1.187248252774336,0.9997496559398897,0.0014489887315419225,-0.02225828068887788,0.0017592101927041666,0.03894887631613546,-0.038976096976845696,0.014270562550831327,-0.158156752496296,0.01879632507891147,-2.4037816457062107,0.0008494714149135789,2.2012020144217344,0.8152009289815954,0.7102319598197937,-0.12255914509296417,0.38164401054382324,-0.04219022020697594,0.013511945493519306,0.012745790183544159,1.0038259029388428,0.7102319598197937,-0.12255914509296417,0.38164401054382324,-0.04219022020697594,0.013511945493519306,0.012745790183544159,-1.0,0.08670609276492677,-0.1432184409584652,1.0625599683749973,0.06426401514884425,0.19688528889224316,0.9024998292459088,0.0,0.0,0.0,0,0.0426
4,1,0.0542,-0.1921729054069703,0.013614255061703929,1.1901491597208975,0.9998057439343817,0.0020668945075170697,-0.019186221378206893,0.004011390299788873,0.03899275034286569,-0.03902127792050915,0.01292078267494259,-0.14681212719037692,0.017859742978942723,-2.3843988824250184,-0.005583165729736876,2.1992439232613035,0.8156060881487909,0.509391188621521,0.059631623327732086,0.3741024136543274,-0.05274093896150589,-0.0031541092321276665,0.00997757725417614,0.9905362725257874,0.509391188621521,0.059631623327732086,0.3741024136543274,-0.05274093896150589,-0.0031541092321276665,0.00997757725417614,-1.0,0.08670609275738347,-0.14321844097397574,1.0625599683749973,0.06426401514895269,0.19688528889301862,0.9024998331886069,0.0,0.0,0.0,0,0.0445
5,0,0.0,-0.18570390142804255,0.01280670435948761,1.1937957528231402,0.9998297441458259,0.0030677546791292865,-0.016937870978267867,0.006646813465351584,0.039037864159173756,-0.039061335414743194,0.012019391537086357,-0.1353418253576367,0.018381977355700085,-2.362304702744002,-0.0124426922889564,2.1928235624469017,0.8172824576248748,0.6075592041015625,-0.024841606616973877,0.3960806131362915,-0.041324734687805176,-0.017125198617577553,0.0015459675341844559,0.9905149340629578,0.6075592041015625,-0.024841606616973877,0.3960806131362915,-0.041324734687805176,-0.017125198617577553,0.0015459675341844559,-1.0,0.08670609275405536,-0.14321844098081898,1.0625599683749973,0.06426401514897541,0.19688528889324483,0.9024998342637116,0.0,0.0,0.0,0,0.0415
6,0,0.0,-0.17898867579762787,0.012580703338159615,1.198179838067708,0.999842937123077,0.0036716688690449084,-0.014564786158423037,0.00940674954344325,0.03907840076393828,-0.03910232595264986,0.011432653122477068,-0.12398486542222102,0.019701973173107432,-2.338346280946101,-0.019319547124473594,2.1848472099511786,0.8208398050827789,0.737598180770874,-0.08033585548400879,0.4150349497795105,-0.031514521688222885,-0.009439090266823769,0.002907855436205864,0.9988335371017456,0.737598180770874,-0.08033585548400879,0.4150349497795105,-0.031514521688222885,-0.009439090266823769,0.002907855436205864,-1.0,0.08670609275258698,-0.14321844098383818,1.0625599683749973,0.06426401514897975,0.1968852888933105,0.9024998345568738,0.0,0.0,0.0,0,0.0436
7,0,0.0,-0.17123213370643453,0.011982641191811631,1.2027330226960595,0.9998577431704645,0.0037642365334151773,-0.011384309340125007,0.011862607058873258,0.039116121903639944,-0.039142631021373,0.010718165149629517,-0.11040744083652228,0.020155343600872185,-2.3118193589644673,-0.02564994439030929,2.1781019632961227,0.8239669672948522,0.8099323511123657,-0.09954947233200073,0.4261423349380493,-0.02378767728805542,-0.016029685735702515,0.010350711643695831,0.986102819442749,0.8099323511123657,-0.09954947233200073,0.4261423349380493,-0.02378767728805542,-0.016029685735702515,0.010350711643695831,-1.0,0.08670609275193918,-0.14321844098517023,1.0625599683749973,0.06426401514898045,0.19688528889332943,0.9024998346368139,0.0,0.0,0.0,0,0.0435
8,1,0.0538,-0.1624372268648176,0.011055084343453179,1.207275090817238,0.9998662876534952,0.004002344563999671,-0.007745546261369847,0.013834542461594407,0.03915229497258352,-0.039181132751828274,0.009873492052878036,-0.09413525355145524,0.019812809065708432,-2.282385073309228,-0.030980863205190702,2.1721042767762597,0.8251693960359204,0.8548966646194458,-0.09085886180400848,0.4979698061943054,-0.03773956000804901,-0.001257486641407013,0.05383066087961197,1.011946439743042,0.8548966646194458,-0.09085886180400848,0.4979698061943054,-0.03773956000804901,-0.001257486641407013,0.05383066087961197,-1.0,0.08670609275165334,-0.14321844098575795,1.0625599683749973,0.06426401514898046,0.19688528889333484,0.9024998346586124,0.0,0.0,0.0,0,0.0425
9,0,0.0,-0.15301182533796867,0.010001369532201192,1.2121050864242258,0.9998483751824778,0.005677181335273396,-0.004220053970271076,0.015911863546806536,0.03918704644269671,-0.03921785287835386,0.009054751420567811,-0.07617176423597205,0.019339031900249663,-2.2499652487405046,-0.036610189869195855,2.1645598852067045,0.8232828692207883,0.8893030285835266,-0.14454670250415802,0.4665714502334595,-0.02069847285747528,0.0016891676932573318,0.05515270680189133,0.9920932650566101,0.8893030285835266,-0.14454670250415802,0.4665714502334595,-0.02069847285747528,0.0016891676932573318,0.05515270680189133,-1.0,0.08670609275152724,-0.14321844098601721,1.0625599683749973,0.06426401514898046,0.19688528889333637,0.9024998346645562,0.0,0.0,0.0,0,0.041
10,0,0.0,-0.1431029716801558,0.008746341654071548,1.217084695109248,0.9998020518129653,0.008555048383544761,-0.0011234247976951266,0.017927806738785253,0.03921961303268622,-0.039253694184581155,0.0082071403076376,-0.05634758924552537,0.01847626747653214,-2.2146702031102468,-0.04185980812130334,2.1552271183866267,0.8183431974912073,0.8821424841880798,-0.17077510058879852,0.4463943839073181,-0.02920307219028473,0.0020353607833385468,0.04858250916004181,1.0083796977996826,0.8821424841880798,-0.17077510058879852,0.4463943839073181,-0.02920307219028473,0.0020353607833385468,0.04858250916004181,-1.0,0.08670609275147162,-0.1432184409861316,1.0625599683749973,0.06426401514898046,0.1968852888933368,0.9024998346661771,0.0,0.0,0.0,0,0.0403
11,0,0.0,-0.1328392354258402,0.006913296315294057,1.2219223919109616,0.9997366263653664,0.011484194637818135,0.0014526063754325344,0.0198161830793276,0.039249868768388145,-0.03928890776071623,0.007175229364739615,-0.034670990464766266,0.016713005777595616,-2.1770878364619053,-0.04672890095737291,2.144491349903946,0.8118946382442915,0.8817423582077026,-0.1884542554616928,0.4219459295272827,-0.02026382088661194,0.0014820126816630363,0.045920804142951965,1.0035624504089355,0.8817423582077026,-0.1884542554616928,0.4219459295272827,-0.02026382088661194,0.0014820126816630363,0.045920804142951965,-1.0,0.0867060927514471,-0.14321844098618203,1.0625599683749973,0.06426401514898046,0.1968852888933368,0.9024998346666192,0.0,0.0,0.0,0,0.0411
12,1,0.0537,-0.12236259930937246,0.00472089623627843,1.2266315515973112,0.9996589181171502,0.014276001744489064,0.0035970013840451627,0.021570924506898192,0.039279248573292354,-0.0393221851903538,0.006063682392161949,-0.011587395077785355,0.014423614699912875,-2.1376700250757863,-0.05098233352135178,2.1325550601972734,0.804623787755494,0.9291609525680542,-0.022615745663642883,0.45145750045776367,-0.03732003644108772,-0.0009693708270788193,0.05388569086790085,1.0312445163726807,0.9291609525680542,-0.022615745663642883,0.45145750045776367,-0.03732003644108772,-0.0009693708270788193,0.05388569086790085,-1.0,0.08670609275143627,-0.1432184409862043,1.0625599683749973,0.06426401514898046,0.1968852888933368,0.9024998346667397,0.0,0.0,0.0,0,0.0424
13,0,0.0,-0.11148141346271236,0.003139807556498054,1.2314431848458294,0.9995585912094995,0.017547314111581225,0.005872965636484338,0.023242693075056303,0.03930965972709125,-0.03935174798668795,0.005311288433802955,0.012750171640992302,0.01308746636434343,-2.096121854068533,-0.05488774938203098,2.1200734306501663,0.7972992351568224,0.9326416850090027,-0.04890027642250061,0.43739819526672363,-0.022220395505428314,-0.004275958053767681,0.05553650110960007,1.0003325939178467,0.9326416850090027,-0.04890027642250061,0.43739819526672363,-0.022220395505428314,-0.004275958053767681,0.05553650110960007,-1.0,0.0867060927514315,-0.14321844098621409,1.0625599683749973,0.06426401514898046,0.1968852888933368,0.9024998346667725,0.0,0.0,0.0,0,0.0412
14,0,0.0,-0.10027402245646079,0.0023388370767968387,1.2363230372336687,0.9994341658227237,0.02109550284612055,0.008224159946746832,0.024873502750417286,0.039337767259038744,-0.039381050483819686,0.004934253851219093,0.038267975322781145,0.012767164155070858,-2.052586518183807,-0.058509337359229675,2.1068842454858645,0.790585403321073,0.9256387948989868,-0.07531861960887909,0.41453802585601807,-0.006374581716954708,-0.005851002410054207,0.05734428018331528,0.9995349645614624,0.9256387948989868,-0.07531861960887909,0.41453802585601807,-0.006374581716954708,-0.005851002410054207,0.05734428018331528,-1.0,0.08670609275142939,-0.14321844098621841,1.0625599683749973,0.06426401514898046,0.1968852888933368,0.9024998346667815,0.0,0.0,0.0,0,0.0401
15,0,0.0,-0.08894330902229307,0.0017000696635252012,1.2410690089048606,0.9993081347754458,0.02454452604488938,0.010418020949595028,0.025928417852689185,0.039363808163089146,-0.03940995784405754,0.0046009678742472,0.06481474119698581,0.012398842479888659,-2.007597873333536,-0.06064641040802998,2.0930003005158127,0.783191376566572,0.918124258518219,-0.09937822818756104,0.3822872042655945,-0.0007493156008422375,-0.002966734580695629,0.05807165056467056,0.9989858865737915,0.918124258518219,-0.09937822818756104,0.3822872042655945,-0.0007493156008422375,-0.002966734580695629,0.05807165056467056,-1.0,0.08670609275142845,-0.14321844098622033,1.0625599683749973,0.06426401514898046,0.1968852888933368,0.9024998346667837,0.0,0.0,0.0,0,0.0407
16,1,0.0537,-0.07760595880209308,0.0008858690953622321,1.2455337527926358,0.9991834701974696,0.027951269158945302,0.012345124490798977,0.026433261960110928,0.03938804364504717,-0.03943831218574328,0.004167183670268016,0.09232368229495466,0.01155568954501002,-1.9615200989740802,-0.06139773422182845,2.078516115136513,0.7745457838427551,0.8915091753005981,-0.06303079426288605,0.4312137961387634,0.0006486908532679081,-0.008391902782022953,0.06646446138620377,1.0072567462921143,0.8915091753005981,-0.06303079426288605,0.4312137961387634,0.0006486908532679081,-0.008391902782022953,0.06646446138620377,-1.0,0.08670609275142804,-0.14321844098622116,1.0625599683749973,0.06426401514898046,0.1968852888933368,0.9024998346667837,0.0,0.0,0.0,0,0.0428
17,0,0.0,-0.0663547636795752,7.761669832105546e-05,1.2501664224493285,0.9990418487104853,0.031699312991985085,0.014226929360742189,0.0266107602660091,0.039411882254279544,-0.03946480818144096,0.0037392344676126818,0.11992146880421989,0.010629724492072546,-1.9142668500652371,-0.061266720034909704,2.0629331470220813,0.7645950443386111,0.8673288226127625,-0.052305325865745544,0.41410666704177856,-0.005051077343523502,-0.00963662564754486,0.07795774936676025,1.0047181844711304,0.8673288226127625,-0.052305325865745544,0.41410666704177856,-0.005051077343523502,-0.00963662564754486,0.07795774936676025,-1.0,0.08670609275142786,-0.14321844098622155,1.0625599683749973,0.06426401514898046,0.1968852888933368,0.9024998346667837,0.0,0.0,0.0,0,0.0427
18,0,0.0,-0.05532010303209844,-0.0006026983402842318,1.2550513361280364,0.9988600010656308,0.03608186829168175,0.016054855181860228,0.026814896547221582,0.03943457382153553,-0.03949029601942759,0.003403746669016996,0.1473387921793029,0.00988924473001542,-1.8661277860303769,-0.061128222333242305,2.04618248779988,0.7535676322526466,0.8635828495025635,-0.06275998055934906,0.3727392554283142,0.0013970588333904743,-0.011882471852004528,0.08106855303049088,1.0065096616744995,0.8635828495025635,-0.06275998055934906,0.3727392554283142,0.0013970588333904743,-0.011882471852004528,0.08106855303049088,-1.0,0.08670609275142786,-0.14321844098622155,1.0625599683749973,0.06426401514898046,0.1968852888933368,0.9024998346667837,0.0,0.0,0.0,0,0.0419
19,0,0.0,-0.04440642412238927,-0.001232941787469727,1.2597270620638925,0.9986395719131237,0.04088364770307085,0.017864189613456188,0.026988951241523264,0.03945618724543389,-0.03951479850288822,0.0031000084837095117,0.17524248260424188,0.009195235397085964,-1.8174327270669044,-0.060809902454290785,2.0293630971763865,0.7417245256285324,0.8632681965827942,-0.10045450925827026,0.3010523319244385,0.0024039307609200478,-0.010533330030739307,0.08631934970617294,1.0006219148635864,0.8632681965827942,-0.10045450925827026,0.3010523319244385,0.0024039307609200478,-0.010533330030739307,0.08631934970617294,-1.0,0.08670609275142786,-0.14321844098622155,1.0625599683749973,0.06426401514898046,0.1968852888933368,0.9024998346667837,0.0,0.0,0.0,0,0.0419
20,1,0.0539,-0.033523429072990114,-0.0020713566923109498,1.2637492314257086,0.9983868784255988,0.04588963619726971,0.019625495107533388,0.027066995013364382,0.03947618532632669,-0.03953893884087035,0.0026900523221113836,0.20424531079116523,0.008186226355327014,-1.768442196441657,-0.060162784293295905,2.013274320044815,0.7289630578698327,0.8723192811012268,-0.006486743688583374,0.2836294174194336,-0.0019294759258627892,-0.011922203004360199,0.09055019915103912,1.0042353868484497,0.8723192811012268,-0.006486743688583374,0.2836294174194336,-0.0019294759258627892,-0.011922203004360199,0.09055019915103912,-1.0,0.08670609275142786,-0.14321844098622155,1.0625599683749973,0.06426401514898046,0.1968852888933368,0.9024998346667837,0.0,0.0,0.0,0,0.0422
21,0,0.0,-0.022593653418228592,-0.0026784955186457743,1.267186271967523,0.9980836742678915,0.05133486148755356,0.021530281746015824,0.027021438227732918,0.03949687690351575,-0.039560495433599685,0.002371042701764812,0.2343034339549269,0.007478335485410563,-1.7189640632377532,-0.05923363263805416,1.998065349401158,0.7156233641235983,0.8695394992828369,-0.005603432655334473,0.2637934684753418,-0.0015109134837985039,-0.005746548995375633,0.0941726416349411,0.9986215233802795,0.8695394992828369,-0.005603432655334473,0.2637934684753418,-0.0015109134837985039,-0.005746548995375633,0.0941726416349411,-1.0,0.08670609275142786,-0.14321844098622155,1.0625599683749973,0.06426401514898046,0.1968852888933368,0.9024998346667837,0.0,0.0,0.0,0,0.0415
22,0,0.0,-0.011728234291550057,-0.0028903014838132426,1.2702008279405548,0.9977295713363754,0.05707925895129951,0.023453579254410502,0.02697388178702456,0.03951620475433679,-0.03958160844169909,0.002224456446580211,0.2651583828909185,0.007241417082209674,-1.6688447055092115,-0.05840032524112974,1.9829916606481395,0.7024001134382639,0.8554240465164185,-0.0020699501037597656,0.2589712142944336,-0.0018945587798953056,0.0006354218348860741,0.0960034430027008,1.0169323682785034,0.8554240465164185,-0.0020699501037597656,0.2589712142944336,-0.0018945587798953056,0.0006354218348860741,0.0960034430027008,-1.0,0.08670609275142786,-0.14321844098622155,1.0625599683749973,0.06426401514898046,0.1968852888933368,0.9024998346667837,0.0,0.0,0.0,0,0.0409
23,0,0.0,-0.0010667355780334094,-0.0029771049300374797,1.2729035919143357,0.9973340978527431,0.06294645533930443,0.025187238916519104,0.026982290789202928,0.03953445432710279,-0.03960206696008245,0.0021493454954365746,0.29658473045329453,0.007182072160606125,-1.6179582367932905,-0.057715713120042964,1.967328341763312,0.6892197130128032,0.8542280793190002,-0.022266194224357605,0.2541254162788391,-0.0016350708901882172,0.001063767820596695,0.09530594199895859,0.9997621178627014,0.8542280793190002,-0.022266194224357605,0.2541254162788391,-0.0016350708901882172,0.001063767820596695,0.09530594199895859,-1.0,0.08670609275142786,-0.14321844098622155,1.0625599683749973,0.06426401514898046,0.1968852888933368,0.9024998346667837,0.0,0.0,0.0,0,0.0407
24,1,0.0548,0.009444376871515277,-0.0031142605998872785,1.2754568071752526,0.9968996121562207,0.06880285510526274,0.026913356823572605,0.02707400296644194,0.039551419761839526,-0.03962214940442095,0.0020646664554471988,0.3285516205026522,0.007084702999858133,-1.5660163910046103,-0.057159619621767015,1.951166818804139,0.6760484994021563,0.8696089386940002,-0.18524478375911713,0.2262807935476303,-5.625467747449875e-05,-0.010150443762540817,0.06754410266876221,1.0078588724136353,0.8696089386940002,-0.18524478375911713,0.2262807935476303,-5.625467747449875e-05,-0.010150443762540817,0.06754410266876221,-1.0,0.08670609275142786,-0.14321844098622155,1.0625599683749973,0.06426401514898046,0.1968852888933368,0.9024998346667837,0.0,0.0,0.0,0,0.0432
25,0,0.0,0.02003723710445974,-0.004294591322703152,1.2778309867244573,0.9964826336252033,0.073620493904347,0.02904405791382461,0.02754680490648704,0.03956477909465673,-0.03964424009626744,0.0015576090481054837,0.36143357215169675,0.005753074205969662,-1.512775534859892,-0.056872262100815245,1.935537937511587,0.6636077462705824,0.847274899482727,-0.2269430011510849,0.16730983555316925,0.0021437527611851692,-0.00554281659424305,0.07877544313669205,0.9964064359664917,0.847274899482727,-0.2269430011510849,0.16730983555316925,0.0021437527611851692,-0.00554281659424305,0.07877544313669205,-1.0,0.08670609275142786,-0.14321844098622155,1.0625599683749973,0.06426401514898046,0.1968852888933368,0.9024998346667837,0.0,0.0,0.0,0,0.0412
26,0,0.0,0.030540876917203422,-0.00644402699135756,1.2796287866584128,0.9960732115452294,0.07795785149233514,0.03117656406992064,0.028084737589384616,0.03957870060878436,-0.03966423891139989,0.0005540159000625736,0.3953984731874085,0.0033670990412462383,-1.4587379397906988,-0.05604553107924722,1.920206512282124,0.6503921996112217,0.7920315861701965,-0.2386554330587387,0.14170651137828827,0.0019329646602272987,-0.0003189360722899437,0.09434806555509567,1.00575852394104,0.7920315861701965,-0.2386554330587387,0.14170651137828827,0.0019329646602272987,-0.0003189360722899437,0.09434806555509567,-1.0,0.08670609275142786,-0.14321844098622155,1.0625599683749973,0.06426401514898046,0.1968852888933368,0.9024998346667837,0.0,0.0,0.0,0,0.0417
27,0,0.0,0.0406074423026191,-0.008947307759718894,1.2808763404208132,0.9956041305394995,0.08297543144021663,0.032840417023118344,0.02844292600531765,0.039592517593823026,-0.03968288927662103,-0.0007836585687042416,0.4298863332080337,0.0006392323159609039,-1.4043006495960562,-0.05445332385389077,1.904099414666831,0.6349737942675047,0.6924663186073303,-0.2452978938817978,0.11978708207607269,0.000628066249191761,-0.0036283349618315697,0.11469035595655441,0.9961846470832825,0.6924663186073303,-0.2452978938817978,0.11978708207607269,0.000628066249191761,-0.0036283349618315697,0.11469035595655441,-1.0,0.08670609275142786,-0.14321844098622155,1.0625599683749973,0.06426401514898046,0.1968852888933368,0.9024998346667837,0.0,0.0,0.0,0,0.042
28,1,0.0534,0.04992493868164742,-0.011616210023427637,1.2819625065447044,0.9950395190020257,0.089035129064778,0.03387149882442439,0.028667455136809843,0.03960591695379096,-0.039700571366234234,-0.002383440687234136,0.4639256268331863,-0.00216785840551131,-1.3498711753532529,-0.05233081617658586,1.8863284866079824,0.6170439335565038,0.8267929553985596,-0.22311227023601532,0.09956185519695282,-0.0021542005706578493,-0.007623771671205759,0.09720252454280853,1.0144599676132202,0.8267929553985596,-0.22311227023601532,0.09956185519695282,-0.0021542005706578493,-0.007623771671205759,0.09720252454280853,-1.0,0.08670609275142786,-0.14321844098622155,1.0625599683749973,0.06426401514898046,0.1968852888933368,0.9024998346667837,0.0,0.0,0.0,0,0.0427
29,0,0.0,0.05942153351210721,-0.014441242794658499,1.2828506548251937,0.9943753189370489,0.09533146305447449,0.03592837231221595,0.028961859466018904,0.039618091673778104,-0.03971814819483825,-0.004210827281780183,0.4989184621518371,-0.005090973597778274,-1.2943975836909238,-0.04988213837768122,1.8707345533889486,0.5985615958742054,0.8079627752304077,-0.23484529554843903,0.06654173135757446,-0.0018121481407433748,-0.01736539602279663,0.11260677129030228,1.0035321712493896,0.8079627752304077,-0.23484529554843903,0.06654173135757446,-0.0018121481407433748,-0.01736539602279663,0.11260677129030228,-1.0,0.08670609275142786,-0.14321844098622155,1.0625599683749973,0.06426401514898046,0.1968852888933368,0.9024998346667837,0.0,0.0,0.0,0,0.0422
30,0,0.0,0.06922264137430023,-0.01728977917680853,1.2831174989701528,0.9936135850082213,0.10175772406369749,0.03892207098512736,0.029368038251045885,0.03963005375946043,-0.039734661661993936,-0.006202049234355415,0.5355370513964389,-0.007949939914668028,-1.2376652459775432,-0.047232897933611274,1.8572762951911113,0.5798274897850215,0.7445071935653687,-0.26667988300323486,0.018475010991096497,-0.00012542912736535072,-0.029641296714544296,0.132012277841568,1.0070102214813232,0.7445071935653687,-0.26667988300323486,0.018475010991096497,-0.00012542912736535072,-0.029641296714544296,0.132012277841568,-1.0,0.08670609275142786,-0.14321844098622155,1.0625599683749973,0.06426401514898046,0.1968852888933368,0.9024998346667837,0.0,0.0,0.0,0,0.045
31,0,0.0,0.07872961231919885,-0.020221167119014588,1.2829261902489586,0.9927117717687123,0.10894022915761536,0.04202299971915128,0.029823349200127094,0.03964123049814084,-0.03975074521138466,-0.008466006861270569,0.5727580590718915,-0.010744123858246536,-1.1804073842195155,-0.04431455931551614,1.8441174014544055,0.5594796943212772,0.658558189868927,-0.33994972705841064,4.1157007217407227e-05,0.0051816897466778755,-0.023118341341614723,0.14039945602416992,1.011846899986267,0.658558189868927,-0.33994972705841064,4.1157007217407227e-05,0.0051816897466778755,-0.023118341341614723,0.14039945602416992,-1.0,0.08670609275142786,-0.14321844098622155,1.0625599683749973,0.06426401514898046,0.1968852888933368,0.9024998346667837,0.0,0.0,0.0,0,0.0435
32,1,0.0534,0.08748470091075758,-0.02360152154049954,1.2824248651615666,0.9917028784315693,0.11670796386392002,0.04462706874215334,0.030217160964582254,0.03965100554004792,-0.03976706684309714,-0.011293387661481295,0.609740417521389,-0.013850477539989135,-1.1232715689987394,-0.040786276862189,1.8298279663644086,0.5372449069990047,0.5831843614578247,-0.332069993019104,0.10445274412631989,0.014585438184440136,-0.059459537267684937,0.12873461842536926,1.0033044815063477,0.5831843614578247,-0.332069993019104,0.10445274412631989,0.014585438184440136,-0.059459537267684937,0.12873461842536926,-1.0,0.08670609275142786,-0.14321844098622155,1.0625599683749973,0.06426401514898046,0.1968852888933368,0.9024998346667837,0.0,0.0,0.0,0,0.0429
33,0,0.0,0.09558965169720884,-0.027321203183137008,1.2828004837121458,0.9906164611831487,0.12440992441281046,0.04781419100768993,0.030248978145594414,0.03966042382750105,-0.039782625852179954,-0.014780788255801175,0.6453170931548243,-0.01717516619060976,-1.0656212529603517,-0.035806158373667026,1.8148225950286934,0.5143054381332434,0.5551149845123291,-0.4165392518043518,0.038064002990722656,0.011541458778083324,-0.04708457365632057,0.13113978505134583,1.0019264221191406,0.5551149845123291,-0.4165392518043518,0.038064002990722656,0.011541458778083324,-0.04708457365632057,0.13113978505134583,-1.0,0.08670609275142786,-0.14321844098622155,1.0625599683749973,0.06426401514898046,0.1968852888933368,0.9024998346667837,0.0,0.0,0.0,0,0.0415
34,0,0.0,0.10302316907885278,-0.03163372514206816,1.2834836393697315,0.9894802195381452,0.13187151335511965,0.051253437212798965,0.030197421778143354,0.03966814552315778,-0.039798806854233724,-0.0190367787687277,0.6800961755195662,-0.020963395668721817,-1.00816999904035,-0.029957200075291346,1.7995421738260036,0.49087564045190235,0.45987093448638916,-0.4884665012359619,-0.01263272762298584,0.014567735604941845,-0.05080230534076691,0.13770443201065063,0.9991850852966309,0.45987093448638916,-0.4884665012359619,-0.01263272762298584,0.014567735604941845,-0.05080230534076691,0.13770443201065063,-1.0,0.08670609275142786,-0.14321844098622155,1.0625599683749973,0.06426401514898046,0.1968852888933368,0.9024998346667837,0.0,0.0,0.0,0,0.0417
35,0,0.0,0.10965414522948516,-0.036772470483697084,1.2836397895837777,0.9882840926223031,0.13946440884195346,0.0541814078851077,0.03014309167391582,0.039675123332286774,-0.039814706220341584,-0.024244599134741387,0.7145869741885895,-0.025311803396826683,-0.9516293153501693,-0.023390961025281667,1.7838266799653466,0.4661014288003335,0.35206523537635803,-0.5428035259246826,-0.07757849246263504,0.0065372660756111145,-0.05747805908322334,0.140816330909729,0.997052013874054,0.35206523537635803,-0.5428035259246826,-0.07757849246263504,0.0065372660756111145,-0.05747805908322334,0.140816330909729,-1.0,0.08670609275142786,-0.14321844098622155,1.0625599683749973,0.06426401514898046,0.1968852888933368,0.9024998346667837,0.0,0.0,0.0,0,0.0401
36,1,0.0536,0.11532543496857398,-0.04275179205691719,1.2834216963210254,0.9870233841753993,0.1472913676111009,0.056424195465449245,0.030106515644769415,0.039681163566465394,-0.039830563512367995,-0.03046113326931428,0.7482937005751198,-0.030173309618594008,-0.8964084629135461,-0.016300129472429814,1.7672600291971239,0.4398715075635701,0.512016773223877,-0.23819006979465485,-0.07865399867296219,0.009418318048119545,-0.01808992214500904,0.1949707567691803,1.0012555122375488,0.512016773223877,-0.23819006979465485,-0.07865399867296219,0.009418318048119545,-0.01808992214500904,0.1949707567691803,-1.0,0.08670609275142786,-0.14321844098622155,1.0625599683749973,0.06426401514898046,0.1968852888933368,0.9024998346667837,0.0,0.0,0.0,0,0.0418
37,0,0.0,0.12092690775416291,-0.04742442632056864,1.2824508448160516,0.9853342991445169,0.15724969322765142,0.059424108527815094,0.029285290418001066,0.039692656762892894,-0.03984005003376984,-0.03651251205519231,0.7827000372034747,-0.033158826446537296,-0.8417454369586255,-0.008115124115962232,1.7532014746788518,0.4109291571549895,0.4628216624259949,-0.22446037828922272,-0.10187143087387085,0.01893313229084015,-0.017831342294812202,0.20339876413345337,0.9781057238578796,0.4628216624259949,-0.22446037828922272,-0.10187143087387085,0.01893313229084015,-0.017831342294812202,0.20339876413345337,-1.0,0.08670609275142786,-0.14321844098622155,1.0625599683749973,0.06426401514898046,0.1968852888933368,0.9024998346667837,0.0,0.0,0.0,0,0.0414
38,0,0.0,0.12645831173853625,-0.05064535600395151,1.2805313263999116,0.9832521171274017,0.16877032949482104,0.06288392507328659,0.02788300582913699,0.03970259676210679,-0.03985021958583297,-0.042156548819390904,0.8181611954510514,-0.034337161001242074,-0.787147544438194,0.00026743751993348085,1.740651115851399,0.3810248062212817,0.4509512782096863,-0.22223810851573944,-0.08749852329492569,0.015373053960502148,-0.019369591027498245,0.20420825481414795,1.0062618255615234,0.4509512782096863,-0.22223810851573944,-0.08749852329492569,0.015373053960502148,-0.019369591027498245,0.20420825481414795,-1.0,0.08670609275142786,-0.14321844098622155,1.0625599683749973,0.06426401514898046,0.1968852888933368,0.9024998346667837,0.0,0.0,0.0,0,0.0408
39,0,0.0,0.13162445251798915,-0.053603755393607413,1.2783385033667884,0.9809598791777943,0.18047184561782195,0.06663757282833156,0.026590642533263143,0.03971103153564821,-0.03986103832091735,-0.04788524594350178,0.8539153533821732,-0.03483110782654221,-0.7322872081054574,0.00820068787497834,1.7286277566404165,0.35146578041703386,0.47088637948036194,-0.23955903947353363,-0.07544386386871338,0.008121048100292683,-0.018398147076368332,0.2008356750011444,1.0195616483688354,0.47088637948036194,-0.23955903947353363,-0.07544386386871338,0.008121048100292683,-0.018398147076368332,0.2008356750011444,-1.0,0.08670609275142786,-0.14321844098622155,1.0625599683749973,0.06426401514898046,0.1968852888933368,0.9024998346667837,0.0,0.0,0.0,0,0.0401
40,1,0.0532,0.13659632843671876,-0.05666410346790932,1.2760068814237215,0.9784622147548827,0.19205833681928908,0.07109634199391959,0.025895940034307757,0.03971841494943221,-0.03987208200936856,-0.053782234754660575,0.8901544094961531,-0.0349711776784408,-0.6768907057576098,0.015220033335016911,1.718082039888019,0.32249658751771654,0.5254919528961182,-0.412190318107605,-0.1535719484090805,0.028584998100996017,-0.01747894659638405,0.17809554934501648,1.010445237159729,0.5254919528961182,-0.412190318107605,-0.1535719484090805,0.028584998100996017,-0.01747894659638405,0.17809554934501648,-1.0,0.08670609275142786,-0.14321844098622155,1.0625599683749973,0.06426401514898046,0.1968852888933368,0.9024998346667837,0.0,0.0,0.0,0,0.0421
41,0,0.0,0.14164303981839538,-0.060548825814179114,1.2728325023482956,0.9759148081274928,0.2026413455090457,0.07656082013290039,0.025791727129817428,0.0397231971665812,-0.039884925135362036,-0.06058677621575181,0.9278724360347259,-0.035322041540452084,-0.6213439945010858,0.022131934317591254,1.7109889228504984,0.29482795019180796,0.5361260175704956,-0.3891303539276123,-0.19919027388095856,0.014530149288475513,-0.00708772661164403,0.17788982391357422,0.9993312954902649,0.5361260175704956,-0.3891303539276123,-0.19919027388095856,0.014530149288475513,-0.00708772661164403,0.17788982391357422,-1.0,0.08670609275142786,-0.14321844098622155,1.0625599683749973,0.06426401514898046,0.1968852888933368,0.9024998346667837,0.0,0.0,0.0,0,0.0421
42,0,0.0,0.14666266695696442,-0.06517044758508925,1.2683360912549437,0.9732807582952421,0.21265124286770026,0.08265152437749405,0.02593723110003035,0.03972855339985792,-0.03989642735978962,-0.06832471785933893,0.9672776594154158,-0.03556410604823978,-0.5661042059209641,0.02922909622820282,1.7070337231594512,0.2674506966375979,0.517285943031311,-0.35295426845550537,-0.27207961678504944,0.0029822802171111107,-0.004465538077056408,0.17022964358329773,1.0043634176254272,0.517285943031311,-0.35295426845550537,-0.27207961678504944,0.0029822802171111107,-0.004465538077056408,0.17022964358329773,-1.0,0.08670609275142786,-0.14321844098622155,1.0625599683749973,0.06426401514898046,0.1968852888933368,0.9024998346667837,0.0,0.0,0.0,0,0.0412
43,0,0.0,0.15141535534797787,-0.06990541857774472,1.2626638265657597,0.9704996090783471,0.22256805837181778,0.08885072167500196,0.026448391807528303,0.03973433029023482,-0.03990678631158217,-0.07625154658547414,1.0079052612966106,-0.03527355015419165,-0.5113725355666369,0.03557404490026176,1.7050832343297135,0.24044727211000397,0.48359090089797974,-0.29951757192611694,-0.3436581492424011,4.40976582467556e-05,-0.0180964358150959,0.14945080876350403,1.0012251138687134,0.48359090089797974,-0.29951757192611694,-0.3436581492424011,4.40976582467556e-05,-0.0180964358150959,0.14945080876350403,-1.0,0.08670609275142786,-0.14321844098622155,1.0625599683749973,0.06426401514898046,0.1968852888933368,0.9024998346667837,0.0,0.0,0.0,0,0.0411
44,1,0.0536,0.1558642547822704,-0.074372308348472,1.2560676758942504,0.9676913770302544,0.2318675121884161,0.0952433993244849,0.02719467775063527,0.039740475440076944,-0.03991608130296992,-0.08411380214561841,1.0491900725634082,-0.0336243265552952,-0.4575646031314304,0.04053945397102154,1.7051461586604053,0.2154141744606479,0.2703845202922821,-0.13736875355243683,-0.4486384987831116,0.0041955215856432915,-0.08768469840288162,0.11283878237009048,0.9782169461250305,0.2703845202922821,-0.13736875355243683,-0.4486384987831116,0.0041955215856432915,-0.08768469840288162,0.11283878237009048,-1.0,0.08670609275142786,-0.14321844098622155,1.0625599683749973,0.06426401514898046,0.1968852888933368,0.9024998346667837,0.0,0.0,0.0,0,0.0432
45,0,0.0,0.15958641472191487,-0.07779878000512876,1.24939049644228,0.9651059979298923,0.23986461598496997,0.10144839324351274,0.027269071609402326,0.03974875480213391,-0.039922568566609716,-0.09079296738949097,1.0892712021531445,-0.03203039677172695,-0.40539164142291756,0.04650796906656853,1.7046551773685357,0.19410458388197957,0.13423289358615875,-0.08640836179256439,-0.5993131399154663,-0.002394819865003228,-0.1268216222524643,0.05750252306461334,0.9798463582992554,0.13423289358615875,-0.08640836179256439,-0.5993131399154663,-0.002394819865003228,-0.1268216222524643,0.05750252306461334,-1.0,0.08670609275142786,-0.14321844098622155,1.0625599683749973,0.06426401514898046,0.1968852888933368,0.9024998346667837,0.0,0.0,0.0,0,0.041
46,0,0.0,0.16239613695727842,-0.08035833893962559,1.2428640865510567,0.9630937152764271,0.24551168508784324,0.1069986735518164,0.02694052595119826,0.039755891296898355,-0.039929548108893924,-0.09634799406837995,1.1286929658707126,-0.03061930833909041,-0.35330696422228913,0.05226437050577239,1.7020290842896693,0.17880851897001887,0.0817456915974617,-0.05871690809726715,-0.6186825633049011,0.0012743938714265823,-0.12654702365398407,0.05048568546772003,0.9813782572746277,0.0817456915974617,-0.05871690809726715,-0.6186825633049011,0.0012743938714265823,-0.12654702365398407,0.05048568546772003,-1.0,0.08670609275142786,-0.14321844098622155,1.0625599683749973,0.06426401514898046,0.1968852888933368,0.9024998346667837,0.0,0.0,0.0,0,0.0412
47,0,0.0,0.16451032598224397,-0.08228135697340652,1.2362202376826756,0.9615253914648059,0.2493886093978277,0.11209426094386435,0.02662930217857909,0.03976286492710356,-0.03993607333323762,-0.10096264071981567,1.168006450582177,-0.02907030522319628,-0.3011966897198356,0.057034354715575004,1.69844832847031,0.16802215859106184,0.029768958687782288,-0.049757614731788635,-0.5719938278198242,-0.00045482395216822624,-0.1091872975230217,0.04717366397380829,0.9805499911308289,0.029768958687782288,-0.049757614731788635,-0.5719938278198242,-0.00045482395216822624,-0.1091872975230217,0.04717366397380829,-1.0,0.08670609275142786,-0.14321844098622155,1.0625599683749973,0.06426401514898046,0.1968852888933368,0.9024998346667837,0.0,0.0,0.0,0,0.0417
48,1,0.0534,0.16587685567846516,-0.08371431448229733,1.2296556343143017,0.9601351817955892,0.25261961570228264,0.11672119427445678,0.02645610039150688,0.03976923719156648,-0.03994261884468926,-0.10485757076850366,1.2071228784911037,-0.027288753267328568,-0.248710104017352,0.0606749682909126,1.6934844840446528,0.15932323524282568,-0.1881091296672821,-0.05546782910823822,-0.792076051235199,-0.05431641638278961,-0.1585572063922882,0.0941016897559166,0.9835623502731323,-0.1881091296672821,-0.05546782910823822,-0.792076051235199,-0.05431641638278961,-0.1585572063922882,0.0941016897559166,-1.0,0.08670609275142786,-0.14321844098622155,1.0625599683749973,0.06426401514898046,0.1968852888933368,0.9024998346667837,0.0,0.0,0.0,0,0.0426
49,0,0.0,0.16608889642130792,-0.08512492153578055,1.222923358826175,0.9585758303318028,0.2570732898770665,0.11959674109456417,0.02724556211633016,0.0397749886960133,-0.03994923710855441,-0.10810422606582405,1.2463848984946078,-0.02588930426940242,-0.19525567744706063,0.06167330693590525,1.6849463992626361,0.1485114086008796,-0.25050196051597595,-0.04288458824157715,-0.7997495532035828,-0.05217275023460388,-0.15859214961528778,0.07346095889806747,0.9803609848022461,-0.25050196051597595,-0.04288458824157715,-0.7997495532035828,-0.05217275023460388,-0.15859214961528778,0.07346095889806747,-1.0,0.08670609275142786,-0.14321844098622155,1.0625599683749973,0.06426401514898046,0.1968852888933368,0.9024998346667837,0.0,0.0,0.0,0,0.0407
50,0,0.0,0.1652938433871985,-0.08648473939300366,1.2161283698668814,0.9568751924138678,0.262341348881097,0.12137882774384087,0.028880148644003695,0.039780322632789626,-0.03995575162784639,-0.1108548433651413,1.2864949165083814,-0.02478796616164006,-0.13965223773196817,0.06081386732147553,1.673778466941269,0.13672710272076802,-0.3565864562988281,-0.02928866446018219,-0.8227427005767822,-0.05180550739169121,-0.15238772332668304,0.0675048828125,0.9895327687263489,-0.3565864562988281,-0.02928866446018219,-0.8227427005767822,-0.05180550739169121,-0.15238772332668304,0.0675048828125,-1.0,0.08670609275142786,-0.14321844098622155,1.0625599683749973,0.06426401514898046,0.1968852888933368,0.9024998346667837,0.0,0.0,0.0,0,0.0408
51,0,0.0,0.1634244515330078,-0.08760872812691578,1.2092954029620049,0.9553604842383668,0.2671585619570604,0.12240413333634113,0.030493869401028266,0.03978573179522208,-0.03996167952068742,-0.11330447871971829,1.3277982428893618,-0.0236339936247759,-0.08123705930152061,0.05920772969740259,1.659541400410569,0.12623120427742193,-0.47437530755996704,-0.00426909327507019,-0.790968120098114,-0.06049751117825508,-0.16010227799415588,0.058715082705020905,0.9828082919120789,-0.47437530755996704,-0.00426909327507019,-0.790968120098114,-0.06049751117825508,-0.16010227799415588,0.058715082705020905,-1.0,0.08670609275142786,-0.14321844098622155,1.0625599683749973,0.06426401514898046,0.1968852888933368,0.9024998346667837,0.0,0.0,0.0,0,0.0422
52,1,0.0534,0.1618383838507829,-0.08888974137028732,1.1961158431754766,0.9549441963528361,0.27153393183854674,0.11618598924699755,0.029184269993121934,0.03978944801581077,-0.03996881701412746,-0.11519301463126948,1.353579815916852,-0.022333520797091333,-0.06425556492459494,0.05712912907788531,1.654749933962469,0.11606678419566245,-0.16974285244941711,0.022548086941242218,-0.2687159776687622,-0.005606292746961117,-0.12026793509721756,0.004950065165758133,-0.0038912922609597445,-0.16974285244941711,0.022548086941242218,-0.2687159776687622,-0.005606292746961117,-0.12026793509721756,0.004950065165758133,1.0,0.08670609275142786,-0.14321844098622155,1.0625599683749973,0.06426401514898046,0.1968852888933368,0.9024998346667837,0.0,0.0,0.0,0,0.0421
53,0,0.0,0.16218497025270817,-0.08983614698208538,1.1873469998123583,0.9545992324971153,0.27423957948124866,0.11296454263090484,0.027784356570833727,0.039362253146080196,-0.03958138071339879,-0.11651855098993462,1.3620656754250866,-0.020237661679256818,-0.06860739601319432,0.0562456498261989,1.6610095358018109,0.1092692010904644,-0.0757589042186737,0.04726088047027588,-0.17337067425251007,-0.007004427723586559,-0.07365678995847702,-0.001595567911863327,-0.0065046693198382854,-0.0757589042186737,0.04726088047027588,-0.17337067425251007,-0.007004427723586559,-0.07365678995847702,-0.001595567911863327,1.0,0.08670609275142786,-0.14321844098622155,1.0625599683749973,0.06426401514898046,0.1968852888933368,0.9024998346667837,0.0,0.0,0.0,0,0.0409
54,0,0.0,0.1626720517715729,-0.09015231500951976,1.1849870345717401,0.9543223269478799,0.2750931446990122,0.11340529667265098,0.027053589687487313,0.037229640039393795,-0.03745983486255545,-0.11736565434817275,1.364880611502271,-0.017791694557811034,-0.0695509115073387,0.05587972719753105,1.6650194698769885,0.10674956623009073,0.010121643543243408,0.09750159829854965,0.015688925981521606,-0.007297246716916561,-0.01861095428466797,-0.0023617595434188843,-0.001703087822534144,0.010121643543243408,0.09750159829854965,0.015688925981521606,-0.007297246716916561,-0.01861095428466797,-0.0023617595434188843,1.0,0.08670609275142786,-0.14321844098622155,1.0625599683749973,0.06426401514898046,0.1968852888933368,0.9024998346667837,0.0,0.0,0.0,0,0.0421
55,0,0.0,0.1630189216836514,-0.08986176250524071,1.1843840479231869,0.9541569160441199,0.27541524623283065,0.11411282180722983,0.026632416467036138,0.0338540053125705,-0.03407371440123148,-0.11733668612092478,1.3657859614205543,-0.015536154290718045,-0.06972357330088985,0.05499635289631284,1.6670966291250067,0.106198788493918,0.04641072452068329,0.15941348671913147,0.12071539461612701,-0.008154802024364471,0.014244976453483105,-0.006665673106908798,-0.0014117116807028651,0.04641072452068329,0.15941348671913147,0.12071539461612701,-0.008154802024364471,0.014244976453483105,-0.006665673106908798,1.0,0.08670609275142786,-0.14321844098622155,1.0625599683749973,0.06426401514898046,0.1968852888933368,0.9024998346667837,0.0,0.0,0.0,0,0.0413
56,1,0.0538,0.16326448223383488,-0.08880402296636276,1.1847483923457685,0.9540361486609925,0.2756190505204338,0.1146727012409101,0.0264449925019131,0.02977294386673317,-0.029973351236210432,-0.11619944883016434,1.3653730613392547,-0.013542703958432392,-0.06977437232647535,0.05353941386355604,1.6676601502620618,0.10703242594948743,-0.5368543863296509,-0.013625279068946838,-0.7295150756835938,-0.03327712416648865,-0.16979733109474182,0.07517790049314499,-0.0003067917132284492,-0.5368543863296509,-0.013625279068946838,-0.7295150756835938,-0.03327712416648865,-0.16979733109474182,0.07517790049314499,1.0,0.08670609275142786,-0.14321844098622155,1.0625599683749973,0.06426401514898046,0.1968852888933368,0.9024998346667837,0.0,0.0,0.0,0,0.0432
57,0,0.0,0.1621123455674817,-0.08804591296851363,1.1834811396036795,0.9538571437068221,0.277737757504167,0.11118077785157547,0.02563439276318608,0.02529271907208721,-0.025477070843020054,-0.11538369904513739,1.3659423932391572,-0.01209331640282805,-0.0697234756695975,0.05108935924537939,1.6605439414210548,0.10358247186511398,-0.42372119426727295,-0.02452288568019867,-0.6010257601737976,-0.023724064230918884,-0.1261555701494217,0.06894519180059433,-0.02730598859488964,-0.42372119426727295,-0.02452288568019867,-0.6010257601737976,-0.023724064230918884,-0.1261555701494217,0.06894519180059433,1.0,0.08670609275142786,-0.14321844098622155,1.0625599683749973,0.06426401514898046,0.1968852888933368,0.9024998346667837,0.0,0.0,0.0,0,0.0409
58,0,0.0,0.16037913838082715,-0.08817275532843795,1.1809030917915448,0.9532907806116195,0.28176207884790583,0.1060887897225167,0.02433078748020155,0.02056746789667337,-0.020777440703513585,-0.11577099949856624,1.3676905221480773,-0.010612912207809844,-0.06969061971719812,0.04903078790109334,1.6516990078341922,0.09528724117350422,-0.16364237666130066,-0.019428789615631104,-0.26382237672805786,-0.041487060487270355,-0.0294659323990345,0.058855749666690826,-0.013884885236620903,-0.16364237666130066,-0.019428789615631104,-0.26382237672805786,-0.041487060487270355,-0.0294659323990345,0.058855749666690826,1.0,0.08670609275142786,-0.14321844098622155,1.0625599683749973,0.06426401514898046,0.1968852888933368,0.9024998346667837,0.0,0.0,0.0,0,0.0425
59,0,0.0,0.1592721167134748,-0.0887940382661928,1.1788160160791055,0.9524600484692377,0.2858518544131058,0.10262371385168909,0.02401971594027414,0.015712044165545672,-0.015954492328744182,-0.11646976826267107,1.3693797426844405,-0.009451080310788892,-0.06972555217939645,0.04665399873246154,1.6467739914168955,0.08634730482595684,-0.01375463604927063,0.041064195334911346,0.02490733563899994,-0.055416740477085114,0.023545656353235245,0.04172326996922493,0.009251679293811321,-0.01375463604927063,0.041064195334911346,0.02490733563899994,-0.055416740477085114,0.023545656353235245,0.04172326996922493,1.0,0.08670609275142786,-0.14321844098622155,1.0625599683749973,0.06426401514898046,0.1968852888933368,0.9024998346667837,0.0,0.0,0.0,0,0.042
60,1,0.0533,0.1587703483189796,-0.0893156267436996,1.1779304218519555,0.9515439135045201,0.28949430732978826,0.1005947245561889,0.02525723832115986,0.01080223584798385,-0.011044602386129566,-0.11641214257842852,1.3700115564624498,-0.009014649028865344,-0.06975961413299259,0.04302505168398622,1.644678784161461,0.07887594644919792,-0.6016289591789246,0.035975366830825806,-0.7811706066131592,-0.027308158576488495,-0.1928032487630844,0.02020725980401039,-0.02358926273882389,-0.6016289591789246,0.035975366830825806,-0.7811706066131592,-0.027308158576488495,-0.1928032487630844,0.02020725980401039,1.0,0.08670609275142786,-0.14321844098622155,1.0625599683749973,0.06426401514898046,0.1968852888933368,0.9024998346667837,0.0,0.0,0.0,0,0.0421
61,0,0.0,0.15729747329995003,-0.08937629107203568,1.1761273830493522,0.9512200980187876,0.29209562852787474,0.0961391556188662,0.024854208434879288,0.006616638721782961,-0.006794734624447719,-0.11621429652783327,1.3711088117714185,-0.00838359461150017,-0.06969998016916841,0.040152731290723706,1.6366955068168638,0.07409470129279147,-0.6290407180786133,-0.020852476358413696,-0.7834193110466003,-0.013088131323456764,-0.20201849937438965,0.011293936520814896,-0.02503238432109356,-0.6290407180786133,-0.020852476358413696,-0.7834193110466003,-0.013088131323456764,-0.20201849937438965,0.011293936520814896,1.0,0.08670609275142786,-0.14321844098622155,1.0625599683749973,0.06426401514898046,0.1968852888933368,0.9024998346667837,0.0,0.0,0.0,0,0.0416
62,0,0.0,0.1551173628172374,-0.0896998225649679,1.1732644728510353,0.9514065589828993,0.29354430858023906,0.09028393799587883,0.022496865657763963,0.004104074481207262,-0.004296089993984938,-0.11704987540010012,1.3729753222948184,-0.007172190648279683,-0.06964214760731106,0.03899240221918143,1.6257532413656677,0.07089529700972798,-0.5029529333114624,-0.09335844218730927,-0.7208332419395447,-0.016370557248592377,-0.18993711471557617,0.007941784337162971,-0.004571833647787571,-0.5029529333114624,-0.09335844218730927,-0.7208332419395447,-0.016370557248592377,-0.18993711471557617,0.007941784337162971,1.0,0.08670609275142786,-0.14321844098622155,1.0625599683749973,0.06426401514898046,0.1968852888933368,0.9024998346667837,0.0,0.0,0.0,0,0.0418
63,0,0.0,0.15336556299107146,-0.09085754259771295,1.1704152146707336,0.9516297759279928,0.29433568835617213,0.08574447297198602,0.02037541366186424,0.002673304302515332,-0.002908423892843111,-0.11898466527255795,1.3753135544308803,-0.005923111920825183,-0.0696493111605863,0.038395482184961076,1.6181182219660246,0.06779971852906172,-0.3478490114212036,-0.10551978647708893,-0.5810337066650391,-0.025459781289100647,-0.18800091743469238,-0.005251624621450901,0.022046243771910667,-0.3478490114212036,-0.10551978647708893,-0.5810337066650391,-0.025459781289100647,-0.18800091743469238,-0.005251624621450901,1.0,0.08670609275142786,-0.14321844098622155,1.0625599683749973,0.06426401514898046,0.1968852888933368,0.9024998346667837,0.0,0.0,0.0,0,0.0414
64,1,0.0543,0.15257168204113522,-0.09270093871541235,1.1678592516796376,0.9517515082068192,0.29462619421228164,0.08359098451903206,0.019416993000188055,0.0018732777199234676,-0.0021303324097046343,-0.1215125713747442,1.3781489447996706,-0.004872491990232202,-0.06966639386085072,0.03779450575871452,1.6163753392434812,0.06490204673536341,0.14181236922740936,0.028875350952148438,0.8453584313392639,-0.04592057690024376,0.00045436155050992966,0.004053071141242981,0.007124260067939758,0.14181236922740936,0.028875350952148438,0.8453584313392639,-0.04592057690024376,0.00045436155050992966,0.004053071141242981,1.0,0.08670609275142786,-0.14321844098622155,1.0625599683749973,0.06426401514898046,0.1968852888933368,0.9024998346667837,0.0,0.0,0.0,0,0.0423
65,0,0.0,0.1529911746172734,-0.09407931785179154,1.1696273427944446,0.9514271972294476,0.2950906069503155,0.08529721302558915,0.020789601051447885,0.001436593197546856,-0.0016850916467984417,-0.12286041628649882,1.3759772625071052,-0.004296446626134893,-0.06961323775050555,0.03635549580200044,1.6187730341340456,0.062408662715731665,0.07066851109266281,-0.007163286209106445,0.8760625720024109,-0.012029759585857391,-0.01564764603972435,-0.0022200923413038254,0.0009879019344225526,0.07066851109266281,-0.007163286209106445,0.8760625720024109,-0.012029759585857391,-0.01564764603972435,-0.0022200923413038254,1.0,0.08670609275142786,-0.14321844098622155,1.0625599683749973,0.06426401514898046,0.1968852888933368,0.9024998346667837,0.0,0.0,0.0,0,0.0429
66,0,0.0,0.15341720478759932,-0.09447640443340055,1.1772311345340558,0.9509373772204871,0.29546857178932295,0.08875833969619243,0.023203121000697227,0.0012080120517715554,-0.0014200181095329737,-0.12292709828188995,1.3662669838243768,-0.003941963105427282,-0.06971338614138657,0.03458116383004911,1.6174586484985127,0.061517713413829944,0.05962001532316208,0.005716666579246521,0.9460870623588562,-0.0020702762994915247,-0.02431352809071541,-0.01852385327219963,-0.013615367002785206,0.05962001532316208,0.005716666579246521,0.9460870623588562,-0.0020702762994915247,-0.02431352809071541,-0.01852385327219963,1.0,0.08670609275142786,-0.14321844098622155,1.0625599683749973,0.06426401514898046,0.1968852888933368,0.9024998346667837,0.0,0.0,0.0,0,0.0421
67,0,0.0,0.15346605561863957,-0.0945018927179531,1.1871997225761515,0.9506624277396415,0.2950143312786295,0.09259118421060128,0.02518661213564895,0.0010726717726452346,-0.0012788262853692524,-0.12285011516816273,1.3533212787198454,-0.0033817521490234646,-0.06981941341872928,0.0334933264166149,1.6133205711053678,0.06265141394867793,0.08314301818609238,0.01226094365119934,0.9314200282096863,-0.0017413543537259102,-0.03989081457257271,-0.03277365118265152,0.007180505897849798,0.08314301818609238,0.01226094365119934,0.9314200282096863,-0.0017413543537259102,-0.03989081457257271,-0.03277365118265152,1.0,0.08670609275142786,-0.14321844098622155,1.0625599683749973,0.06426401514898046,0.1968852888933368,0.9024998346667837,0.0,0.0,0.0,0,0.0413
68,1,0.0548,0.15355555191528666,-0.09441236407335274,1.198153495026886,0.950580079994029,0.29360346075045235,0.09723383399486771,0.027204795175859126,0.000988689140103068,-0.0012080380579320865,-0.12271909483582416,1.3391327073651744,-0.002785868316900931,-0.07026142435435084,0.03272842954301758,1.6098648190101374,0.06580710546615254,0.10536875575780869,0.24064762890338898,0.9311797022819519,-0.00026203086599707603,0.013217258267104626,-0.023503156378865242,-0.002612801268696785,0.10536875575780869,0.24064762890338898,0.9311797022819519,-0.00026203086599707603,0.013217258267104626,-0.023503156378865242,1.0,0.08670609275142786,-0.14321844098622155,1.0625599683749973,0.06426401514898046,0.1968852888933368,0.9024998346667837,0.0,0.0,0.0,0,0.043
69,0,0.0,0.15352357445376238,-0.09303354650024764,1.2086848597967565,0.9505197571297387,0.2922815913975325,0.10140166291612966,0.028308397941088005,0.0009426418920807784,-0.0011353217448256561,-0.1212156233760278,1.3243878002884772,-0.001810582616803409,-0.07241168534970212,0.03262064947063511,1.6057861588834748,0.07013511603483417,0.07144971191883087,0.3384515047073364,0.931641161441803,-0.0010332511737942696,0.008449102751910686,-0.02106637693941593,-0.01688423380255699,0.07144971191883087,0.3384515047073364,0.931641161441803,-0.0010332511737942696,0.008449102751910686,-0.02106637693941593,1.0,0.08670609275142786,-0.14321844098622155,1.0625599683749973,0.06426401514898046,0.1968852888933368,0.9024998346667837,0.0,0.0,0.0,0,0.0411
70,0,0.0,0.15331639256942006,-0.08993867711363554,1.2190406007415242,0.9504091167277872,0.29138001321474316,0.10483683334914684,0.028799949878524248,0.0008994694732577059,-0.0010881362518026757,-0.1177198067714818,1.3087114264779909,-0.0007425848702956012,-0.07608115164932594,0.03249627982127374,1.6006084685036222,0.07570048490348091,0.049641042947769165,0.42176127433776855,0.9018909335136414,0.000531061552464962,0.0026368899270892143,-0.020838038995862007,-0.0038701596204191446,0.049641042947769165,0.42176127433776855,0.9018909335136414,0.000531061552464962,0.0026368899270892143,-0.020838038995862007,1.0,0.08670609275142786,-0.14321844098622155,1.0625599683749973,0.06426401514898046,0.1968852888933368,0.9024998346667837,0.0,0.0,0.0,0,0.0415
71,0,0.0,0.15299382168228232,-0.08556855048519207,1.22950615085522,0.950303900829641,0.2905558844348582,0.10793763103504639,0.02914175517682445,0.0008578639098281194,-0.0010445076598645416,-0.11259992464824158,1.292204065715683,0.00018495346571966126,-0.08076938422167221,0.03212476688703976,1.5949579949694008,0.08274441356271241,0.06932767480611801,0.5428954362869263,0.8315063714981079,-0.0012445338070392609,0.0021107718348503113,-0.022867318242788315,0.008702503517270088,0.06932767480611801,0.5428954362869263,0.8315063714981079,-0.0012445338070392609,0.0021107718348503113,-0.022867318242788315,1.0,0.08670609275142786,-0.14321844098622155,1.0625599683749973,0.06426401514898046,0.1968852888933368,0.9024998346667837,0.0,0.0,0.0,0,0.0412
72,1,0.0533,0.15276274664470835,-0.07988269449263147,1.2396079472164319,0.9502049524574403,0.2897353754689417,0.1109214846397309,0.029332316180989478,0.0008184786890436696,-0.0010023364422516948,-0.10577662714584478,1.2754457886090986,0.0010240338528856327,-0.08688032349839094,0.03157880990118915,1.590231685539792,0.0914427351888081,0.44164469838142395,0.0031617581844329834,-0.3244560956954956,-0.0031611404847353697,0.005483302287757397,0.11142066866159439,0.9657526612281799,0.44164469838142395,0.0031617581844329834,-0.3244560956954956,-0.0031611404847353697,0.005483302287757397,0.11142066866159439,-1.0,0.08670609275142786,-0.14321844098622155,1.0625599683749973,0.06426401514898046,0.1968852888933368,0.9024998346667837,0.0,0.0,0.0,0,0.0434
73,0,0.0,0.15459772714681408,-0.07559687649438543,1.242597980271188,0.9493704826038244,0.2914333629325002,0.11313623078236587,0.031023781439302185,0.0010088957642359956,-0.0012647684316587184,-0.09985137738165142,1.2647934970294072,0.0009713089170196185,-0.10222054069339964,0.02918326931549402,1.6004936732360964,0.09276439441997171,0.41793641448020935,0.02397531270980835,-0.33887964487075806,-0.008058151230216026,0.011232283897697926,0.0807848796248436,0.9739395380020142,0.41793641448020935,0.02397531270980835,-0.33887964487075806,-0.008058151230216026,0.011232283897697926,0.0807848796248436,-1.0,0.08670609275142786,-0.14321844098622155,1.0625599683749973,0.06426401514898046,0.1968852888933368,0.9024998346667837,0.0,0.0,0.0,0,0.0423
74,0,0.0,0.15866184896962482,-0.07359614007838955,1.2383599456128402,0.9477713666033936,0.2954739703463312,0.11534847646302626,0.03345591834293057,0.0028466050083019107,-0.0031591305488281657,-0.09630150453895986,1.259619999322228,0.0008582377462645731,-0.12629610940054012,0.026786377133740324,1.6253303171008169,0.08674864054704583,0.12520475685596466,-0.0408288836479187,-0.4300227761268616,-0.015026716515421867,0.004064489156007767,0.05020466446876526,0.983383297920227,0.12520475685596466,-0.0408288836479187,-0.4300227761268616,-0.015026716515421867,0.004064489156007767,0.05020466446876526,-1.0,0.08670609275142786,-0.14321844098622155,1.0625599683749973,0.06426401514898046,0.1968852888933368,0.9024998346667837,0.0,0.0,0.0,0,0.0425
75,0,0.0,0.16168138697541018,-0.07287044460001135,1.2325809843193718,0.9466860355032004,0.29896461084306003,0.11487393026873717,0.034780623791168856,0.006078793783539089,-0.006383719060026615,-0.09451385198791824,1.2545850576803668,0.0006343072598987822,-0.15162363080289257,0.02466775798111609,1.6453918746111447,0.08059395140798896,-0.03425326943397522,-0.1105356514453888,-0.5009999871253967,-0.01572781801223755,-0.003927367739379406,0.031074196100234985,0.976399838924408,-0.03425326943397522,-0.1105356514453888,-0.5009999871253967,-0.01572781801223755,-0.003927367739379406,0.031074196100234985,-1.0,0.08670609275142786,-0.14321844098622155,1.0625599683749973,0.06426401514898046,0.1968852888933368,0.9024998346667837,0.0,0.0,0.0,0,0.042
76,1,0.0534,0.1630333325646735,-0.07334756591005699,1.2270947147800484,0.9462844042259466,0.3014030050949049,0.111678309039759,0.035071500232017494,0.010082572564305977,-0.010390675145463454,-0.09433460325894119,1.2489040871653414,0.00017716678135899718,-0.17508731886591725,0.022660027631090967,1.6572489417370395,0.07541797589522953,0.11762066185474396,0.5192602276802063,0.8435484766960144,-0.0016768130008131266,0.012426597066223621,-0.04167894646525383,0.018074387684464455,0.11762066185474396,0.5192602276802063,0.8435484766960144,-0.0016768130008131266,0.012426597066223621,-0.04167894646525383,1.0,0.08670609275142786,-0.14321844098622155,1.0625599683749973,0.06426401514898046,0.1968852888933368,0.9024998346667837,0.0,0.0,0.0,0,0.0426
77,0,0.0,0.16407326201348482,-0.07135371533167748,1.2280716623628263,0.9458969144789809,0.30223337564440883,0.11285963382058589,0.03459359593351845,0.013106733043460926,-0.01332163256046603,-0.09209308527125036,1.240508259602984,0.001339236881496374,-0.18794470561607196,0.0232383805535848,1.6640960550166706,0.07614350452993159,0.04580330103635788,0.5290338397026062,0.8346648216247559,0.002076086588203907,0.0006632348522543907,-0.05193095654249191,-0.012943048030138016,0.04580330103635788,0.5290338397026062,0.8346648216247559,0.002076086588203907,0.0006632348522543907,-0.05193095654249191,1.0,0.08670609275142786,-0.14321844098622155,1.0625599683749973,0.06426401514898046,0.1968852888933368,0.9024998346667837,0.0,0.0,0.0,0,0.0418
78,0,0.0,0.16429897146463274,-0.0663987427484072,1.235855630211292,0.9459040977890945,0.30092963322041805,0.11636657302802744,0.03414109426095582,0.013278385638096064,-0.013468033634496595,-0.08667124655416207,1.2269611771479323,0.0029487410254513745,-0.19434520780679196,0.023515048329841828,1.6632544456443268,0.08468825771306729,-0.014952614903450012,0.5265313386917114,0.7719222903251648,0.0004978296346962452,-0.012459869496524334,-0.05181355029344559,-0.00010103959357365966,-0.014952614903450012,0.5265313386917114,0.7719222903251648,0.0004978296346962452,-0.012459869496524334,-0.05181355029344559,1.0,0.08670609275142786,-0.14321844098622155,1.0625599683749973,0.06426401514898046,0.1968852888933368,0.9024998346667837,0.0,0.0,0.0,0,0.042
79,0,0.0,0.1638375871961427,-0.06051727260991844,1.2450139779229534,0.946328627749771,0.2985452288971595,0.11904744744218287,0.03406728432789588,0.011630769132412252,-0.011814920219295283,-0.07969779043633544,1.2117988946470466,0.0039793946668584814,-0.19981648979224106,0.02229725650709572,1.658715710245602,0.09695461939308093,-0.04445512592792511,0.5127291679382324,0.5942287445068359,-0.0005756733007729053,-0.04414265230298042,-0.04680701345205307,0.0004918601480312645,-0.04445512592792511,0.5127291679382324,0.5942287445068359,-0.0005756733007729053,-0.04414265230298042,-0.04680701345205307,1.0,0.08670609275142786,-0.14321844098622155,1.0625599683749973,0.06426401514898046,0.1968852888933368,0.9024998346667837,0.0,0.0,0.0,0,0.041
80,1,0.0536,0.16324325943053952,-0.05424949972715444,1.2538649266613588,0.9468639287501139,0.2958860383513771,0.12131290242049496,0.03439959951715951,0.008532402669015645,-0.00871814715668541,-0.07189237193664996,1.1969040680086593,0.004583302318130282,-0.2055612614696917,0.020104839086450173,1.6543244925149927,0.11045746992084778,0.5173158049583435,-0.3228517770767212,-0.2080598771572113,0.001142042689025402,0.02458570897579193,0.06528212875127792,0.9627588987350464,0.5173158049583435,-0.3228517770767212,-0.2080598771572113,0.001142042689025402,0.02458570897579193,0.06528212875127792,-1.0,0.08670609275142786,-0.14321844098622155,1.0625599683749973,0.06426401514898046,0.1968852888933368,0.9024998346667837,0.0,0.0,0.0,0,0.0427
81,0,0.0,0.16461145797383347,-0.05154867199631943,1.2563556768353312,0.9468062698030879,0.2948485664982273,0.12335498471350355,0.03749343998398626,0.005949611529321272,-0.006353852066262478,-0.0672514297809756,1.1886543924870325,0.0032865290393147974,-0.21778786679578116,0.015489121789222036,1.6647054712708411,0.1161658209205265,0.4204666316509247,-0.3158848285675049,-0.37797456979751587,0.00043387850746512413,0.0323125459253788,0.04718051850795746,1.0705446004867554,0.4204666316509247,-0.3158848285675049,-0.37797456979751587,0.00043387850746512413,0.0323125459253788,0.04718051850795746,-1.0,0.08670609275142786,-0.14321844098622155,1.0625599683749973,0.06426401514898046,0.1968852888933368,0.9024998346667837,0.0,0.0,0.0,0,0.0417
82,0,0.0,0.16832439654653153,-0.05268689290822331,1.2514605472225677,0.9459725044229802,0.2959284148802922,0.1258903915279279,0.04140052491328891,0.005968147707159528,-0.0064070386544460055,-0.06698595891954791,1.1866009115490381,0.001585679493476063,-0.23822241946453215,0.012142546642083658,1.6905346002348252,0.11295776822365708,0.08695078641176224,-0.18830491602420807,-0.549382209777832,-0.001202187966555357,-0.0314691998064518,0.029963035136461258,0.9267054200172424,0.08695078641176224,-0.18830491602420807,-0.549382209777832,-0.001202187966555357,-0.0314691998064518,0.029963035136461258,-1.0,0.08670609275142786,-0.14321844098622155,1.0625599683749973,0.06426401514898046,0.1968852888933368,0.9024998346667837,0.0,0.0,0.0,0,0.0421
83,0,0.0,0.1710988512140554,-0.05456482771774923,1.2446781946233947,0.945389467696989,0.29750346867378863,0.12608831913682636,0.04280392822997272,0.007840193233942671,-0.008214772870454662,-0.06853630511484998,1.1848815728882718,0.0007283053293797192,-0.26019218487128315,0.011539976196166764,1.7118518997966539,0.10756337523170677,-0.022873952984809875,-0.15074695646762848,-0.6467737555503845,-0.00036483630537986755,-0.03317540884017944,0.031136702746152878,0.9149136543273926,-0.022873952984809875,-0.15074695646762848,-0.6467737555503845,-0.00036483630537986755,-0.03317540884017944,0.031136702746152878,-1.0,0.08670609275142786,-0.14321844098622155,1.0625599683749973,0.06426401514898046,0.1968852888933368,0.9024998346667837,0.0,0.0,0.0,0,0.0413
84,1,0.0537,0.17255612765731204,-0.05638215669664166,1.2380405354194384,0.9451108810717922,0.2992189806940964,0.12425866365625621,0.042346293562087266,0.011072020054812847,-0.011415417346299975,-0.0706796331060555,1.1826334188065533,0.0005328162661438261,-0.2807790339517235,0.012350793932078306,1.726220231322904,0.10168139239905336,0.14382323622703552,0.46552151441574097,0.8021477460861206,-0.009062273427844048,0.010061514563858509,0.0002187788486480713,0.008337032049894333,0.14382323622703552,0.46552151441574097,0.8021477460861206,-0.009062273427844048,0.010061514563858509,0.0002187788486480713,1.0,0.08670609275142786,-0.14321844098622155,1.0625599683749973,0.06426401514898046,0.1968852888933368,0.9024998346667837,0.0,0.0,0.0,0,0.0422
85,0,0.0,0.17384016034319832,-0.05525447311805173,1.2377547154791353,0.9442720339602467,0.30099632775675456,0.12661113174120883,0.04148683980175011,0.013648228305247798,-0.013910886622198226,-0.0701118543883209,1.177783476558968,0.002145511150047416,-0.29100716080029343,0.014632934519078742,1.7358805053712019,0.09857600291569452,0.12342090159654617,0.5338602662086487,0.7781436443328857,-0.008079360239207745,0.013559148646891117,0.0008525308221578598,0.010982353240251541,0.12342090159654617,0.5338602662086487,0.7781436443328857,-0.008079360239207745,0.013559148646891117,0.0008525308221578598,1.0,0.08670609275142786,-0.14321844098622155,1.0625599683749973,0.06426401514898046,0.1968852888933368,0.9024998346667837,0.0,0.0,0.0,0,0.0424
86,0,0.0,0.17438785397794676,-0.05082724656611841,1.2441830264277525,0.9432562865835626,0.3023167002810763,0.13107229197006365,0.04113690349872508,0.013645608478773297,-0.013884417918400954,-0.06578493872092601,1.1678860835239406,0.0044741206815307934,-0.29508119417717776,0.015434379185345444,1.7382001437865344,0.10040949973853032,0.09832075238227844,0.5858405232429504,0.7310816645622253,-0.012050176039338112,0.015111693181097507,-0.0021965280175209045,0.023579036816954613,0.09832075238227844,0.5858405232429504,0.7310816645622253,-0.012050176039338112,0.015111693181097507,-0.0021965280175209045,1.0,0.08670609275142786,-0.14321844098622155,1.0625599683749973,0.06426401514898046,0.1968852888933368,0.9024998346667837,0.0,0.0,0.0,0,0.0416
87,0,0.0,0.17447734856024244,-0.04488556963970738,1.2516174004702771,0.9424480222190009,0.303183261653906,0.1347712602238135,0.041332102367003874,0.011837538838476254,-0.0120587937494697,-0.059143282584579106,1.1565774605447146,0.006493268571721051,-0.2989367737140412,0.014121099867435672,1.7379351569480646,0.10560131568128989,0.06506012380123138,0.6365535259246826,0.6584193110466003,-0.018273741006851196,0.008377532474696636,-0.010003044269979,0.01628708466887474,0.06506012380123138,0.6365535259246826,0.6584193110466003,-0.018273741006851196,0.008377532474696636,-0.010003044269979,1.0,0.08670609275142786,-0.14321844098622155,1.0625599683749973,0.06426401514898046,0.1968852888933368,0.9024998346667837,0.0,0.0,0.0,0,0.0413
88,1,0.0535,0.17436291446321447,-0.03794026571629737,1.2588920579258154,0.9418602362163215,0.30357811402374435,0.13774156524362646,0.042034335067366466,0.00865015600002293,-0.00885525915600405,-0.050784615256077574,1.144943049193429,0.008135426899950522,-0.3034843695559135,0.010998818768906819,1.7370818360489646,0.11352148519135834,0.665481686592102,-0.06548106670379639,-0.04957447201013565,0.0009778188541531563,0.001789858564734459,0.023422297090291977,1.0417335033416748,0.665481686592102,-0.06548106670379639,-0.04957447201013565,0.0009778188541531563,0.001789858564734459,0.023422297090291977,-1.0,0.08670609275142786,-0.14321844098622155,1.0625599683749973,0.06426401514898046,0.1968852888933368,0.9024998346667837,0.0,0.0,0.0,0,0.0422
89,0,0.0,0.1760166418928191,-0.03353110317496271,1.2613595530458,0.9412725351846151,0.3032915623557401,0.14133247939153784,0.045225799937445535,0.006027993383601238,-0.006422609973336535,-0.04437659415428953,1.1395905489624394,0.007823601307180742,-0.3113436870606379,0.0057542525722440235,1.749087328541298,0.12013105357876268,0.44629600644111633,-0.013791278004646301,-0.050059325993061066,-0.0030282344669103622,0.016154266893863678,0.019538506865501404,1.1238263845443726,0.44629600644111633,-0.013791278004646301,-0.050059325993061066,-0.0030282344669103622,0.016154266893863678,0.019538506865501404,-1.0,0.08670609275142786,-0.14321844098622155,1.0625599683749973,0.06426401514898046,0.1968852888933368,0.9024998346667837,0.0,0.0,0.0,0,0.0414
90,0,0.0,0.17988655607162707,-0.03183704797834098,1.2584985524480414,0.9402421105162821,0.3032813943885272,0.14673506609646814,0.04933548223441262,0.006023566026894254,-0.006453567302270125,-0.04101056928505059,1.1398952169836136,0.006935141924659961,-0.3237683400762035,0.0018122467732547207,1.7748657793519473,0.12261099480837483,0.18932195007801056,-0.011457055807113647,-0.1922946572303772,0.011364496313035488,0.013172897510230541,0.014436103403568268,0.032808057963848114,0.18932195007801056,-0.011457055807113647,-0.1922946572303772,0.011364496313035488,0.013172897510230541,0.014436103403568268,1.0,0.08670609275142786,-0.14321844098622155,1.0625599683749973,0.06426401514898046,0.1968852888933368,0.9024998346667837,0.0,0.0,0.0,0,0.0421
91,0,0.0,0.18259857815227046,-0.03078225707574173,1.2542815554127296,0.9396198340744987,0.3036741363558578,0.14925407323784967,0.051184059474063646,0.006543832622615209,-0.006940436932703049,-0.03918324375320084,1.1396335398777326,0.006567522084069579,-0.33781898812447997,0.0001309170409184568,1.7943960180811074,0.12326388038076787,-0.08934232592582703,-0.053503379225730896,-0.312217652797699,0.01961474120616913,-0.015461970120668411,0.003450632095336914,0.07705853134393692,-0.08934232592582703,-0.053503379225730896,-0.312217652797699,0.01961474120616913,-0.015461970120668411,0.003450632095336914,1.0,0.08670609275142786,-0.14321844098622155,1.0625599683749973,0.06426401514898046,0.1968852888933368,0.9024998346667837,0.0,0.0,0.0,0,0.0424
92,1,0.053,0.1833951068485827,-0.030390000624963696,1.2504684094930347,0.9397473226965626,0.30387006227762114,0.14818588404325972,0.050782856421768774,0.005555431051578057,-0.005941331388543277,-0.038744859045938794,1.1373823752267538,0.00649809371783594,-0.3510290561523303,0.00017612509286032589,1.8027407819423074,0.12345283908370633,0.4970884323120117,0.14438778162002563,0.36892300844192505,0.004553762264549732,0.053272929042577744,-0.007898561656475067,0.009718956425786018,0.4970884323120117,0.14438778162002563,0.36892300844192505,0.004553762264549732,0.053272929042577744,-0.007898561656475067,1.0,0.08670609275142786,-0.14321844098622155,1.0625599683749973,0.06426401514898046,0.1968852888933368,0.9024998346667837,0.0,0.0,0.0,0,0.0425
93,0,0.0,0.18479834580735077,-0.029648322037054878,1.2495725722079594,0.9393955845055816,0.30372780078368367,0.15063221489579162,0.050944034764735364,0.0035832814601001305,-0.004015399744819759,-0.03812165343001441,1.1346662076579392,0.006978970449445855,-0.36024524919855233,0.0009079045766713873,1.814730855518887,0.12419656571477129,0.356951504945755,0.13647036254405975,0.46563905477523804,0.0018337666988372803,0.05212600901722908,-0.026511363685131073,-0.007233157753944397,0.356951504945755,0.13647036254405975,0.46563905477523804,0.0018337666988372803,0.05212600901722908,-0.026511363685131073,1.0,0.08670609275142786,-0.14321844098622155,1.0625599683749973,0.06426401514898046,0.1968852888933368,0.9024998346667837,0.0,0.0,0.0,0,0.0424
94,0,0.0,0.18732477006791778,-0.028360181055971562,1.2502913536911142,0.9386392469114295,0.3027896281352913,0.15654985509933309,0.0526017881788565,0.0023583443661031336,-0.0027818955981609218,-0.03662322104094489,1.1316752368878435,0.007373482556322868,-0.3686581157132002,0.0006791146084946614,1.8325037331823848,0.12721981723288175,0.22984066605567932,0.16774913668632507,0.4829362630844116,0.002216401044279337,0.05954189971089363,-0.034047726541757584,0.00766432099044323,0.22984066605567932,0.16774913668632507,0.4829362630844116,0.002216401044279337,0.05954189971089363,-0.034047726541757584,1.0,0.08670609275142786,-0.14321844098622155,1.0625599683749973,0.06426401514898046,0.1968852888933368,0.9024998346667837,0.0,0.0,0.0,0,0.0413
95,0,0.0,0.18886550580145894,-0.026761263765825886,1.2518869110625397,0.9384028056919556,0.30116086777317386,0.1606329390260285,0.053845750913454296,0.0016805299563442658,-0.0020757026834229415,-0.03455432722792428,1.126663503750486,0.007533498300022905,-0.37698638228253706,-0.00028572025309999533,1.8443270796750113,0.13248149075354618,0.12142279744148254,0.2935810089111328,0.4833424687385559,0.00033879512920975685,0.06323253363370895,-0.035179253667593,0.008649892173707485,0.12142279744148254,0.2935810089111328,0.4833424687385559,0.00033879512920975685,0.06323253363370895,-0.035179253667593,1.0,0.08670609275142786,-0.14321844098622155,1.0625599683749973,0.06426401514898046,0.1968852888933368,0.9024998346667837,0.0,0.0,0.0,0,0.0424
96,1,0.0554,0.1893690171245712,-0.02423582221660244,1.2544325718279514,0.938545592257441,0.2994225283051335,0.16289731089733636,0.05424745984749637,0.0013119969847511011,-0.0016705899599295416,-0.0314578412889764,1.1196395338420115,0.007994454949642935,-0.38493262096618375,-0.0016457460621348138,1.8497367670267049,0.13933848262493176,0.39510539174079895,0.10449545085430145,0.22508011758327484,-0.0012609073892235756,0.005074889399111271,-0.04469311237335205,-0.004414682742208242,0.39510539174079895,0.10449545085430145,0.22508011758327484,-0.0012609073892235756,0.005074889399111271,-0.04469311237335205,1.0,0.08670609275142786,-0.14321844098622155,1.0625599683749973,0.06426401514898046,0.1968852888933368,0.9024998346667837,0.0,0.0,0.0,0,0.0437
97,0,0.0,0.19084948974214583,-0.021976890186948463,1.2564410855515424,0.9385037776863133,0.29696606368769535,0.16698082245238746,0.05602875350637218,0.001050283436200583,-0.0014995523597685235,-0.028259984629700995,1.1145178236208269,0.007886639129847347,-0.3931188653805176,-0.004316823848372627,1.862244936113919,0.1476391068976742,0.3871489465236664,0.001779511570930481,0.15007801353931427,0.0019176607020199299,0.01698741316795349,-0.02976280264556408,-0.015144328586757183,0.3871489465236664,0.001779511570930481,0.15007801353931427,0.0019176607020199299,0.01698741316795349,-0.02976280264556408,1.0,0.08670609275142786,-0.14321844098622155,1.0625599683749973,0.06426401514898046,0.1968852888933368,0.9024998346667837,0.0,0.0,0.0,0,0.0412
98,0,0.0,0.19370180092823025,-0.020764497179500383,1.2559726074356543,0.9381401795743738,0.2942247429809794,0.17275892111018218,0.05898439846928256,0.0009175451969393295,-0.001389917248675967,-0.025967051326857404,1.1124652748530042,0.007267174832308357,-0.40366923341822153,-0.007392409745208825,1.883764971350726,0.15525772952539688,0.3413000702857971,-0.06345969438552856,-0.1359519064426422,0.010540713556110859,0.04188576713204384,-0.011197058483958244,0.020746666938066483,0.3413000702857971,-0.06345969438552856,-0.1359519064426422,0.010540713556110859,0.04188576713204384,-0.011197058483958244,1.0,0.08670609275142786,-0.14321844098622155,1.0625599683749973,0.06426401514898046,0.1968852888933368,0.9024998346667837,0.0,0.0,0.0,0,0.0413
99,0,0.0,0.19643177055713718,-0.020276141388255,1.2526758169955385,0.937863207915052,0.2922585160316396,0.1768027823267077,0.06114195946979039,0.0008563263895058765,-0.0013155274300765464,-0.024772706217433087,1.1121592543104302,0.006744289350016197,-0.41694330917150624,-0.00955037835060959,1.9057314726777699,0.16031283520327422,0.3670000433921814,-0.24831734597682953,-0.3043875992298126,0.017309214919805527,0.0782117247581482,-0.0039043892174959183,0.02653961442410946,0.3670000433921814,-0.24831734597682953,-0.3043875992298126,0.017309214919805527,0.0782117247581482,-0.0039043892174959183,1.0,0.08670609275142786,-0.14321844098622155,1.0625599683749973,0.06426401514898046,0.1968852888933368,0.9024998346667837,0.0,0.0,0.0,0,0.0415
100,1,0.0532,0.19906738022628723,-0.021158996101027932,1.2464848224292033,0.9377260424027402,0.29086467656700177,0.1792553239115025,0.06273067969223231,0.0007990897606524293,-0.00126988619944393,-0.025348539093061898,1.1137614713541282,0.005948549718544912,-0.4328621915298836,-0.010587731785025704,1.9289229954653708,0.16247344016197413,0.12146207690238953,-0.12950123846530914,-0.16515569388866425,-0.00010790582746267319,0.010286438278853893,0.008197946473956108,0.9774014353752136,0.12146207690238953,-0.12950123846530914,-0.16515569388866425,-0.00010790582746267319,0.010286438278853893,0.008197946473956108,-1.0,0.08670609275142786,-0.14321844098622155,1.0625599683749973,0.06426401514898046,0.1968852888933368,0.9024998346667837,0.0,0.0,0.0,0,0.0432
101,0,0.0,0.20096077426521552,-0.022663099405906786,1.2408199267069846,0.9375687054023143,0.29034037571109306,0.1806153415414194,0.06360414516401236,0.000999252449927128,-0.0014706573888042603,-0.026924400366232035,1.1139635467948235,0.005534934123513579,-0.44825357574025987,-0.010546567226142976,1.9476133771524657,0.1617853405413078,0.03266853094100952,-0.3106546401977539,-0.35936665534973145,0.005592364817857742,0.00884732510894537,0.0068286266177892685,0.9758464694023132,0.03266853094100952,-0.3106546401977539,-0.35936665534973145,0.005592364817857742,0.00884732510894537,0.0068286266177892685,-1.0,0.08670609275142786,-0.14321844098622155,1.0625599683749973,0.06426401514898046,0.1968852888933368,0.9024998346667837,0.0,0.0,0.0,0,0.0424
102,0,0.0,0.20180778998140175,-0.024983540806237593,1.2362710035676925,0.9376492583977754,0.2902241877070791,0.18020903778390168,0.0640975178682264,0.00280470729431525,-0.0033116907395041245,-0.029551105849900713,1.1124286217919783,0.005112513268359276,-0.46271925752168624,-0.010438331315366582,1.9599397326923378,0.1594597516366805,0.026656746864318848,-0.2937445640563965,-0.49524927139282227,-5.6927092373371124e-05,0.005566495470702648,0.011893011629581451,0.9792996048927307,0.026656746864318848,-0.2937445640563965,-0.49524927139282227,-5.6927092373371124e-05,0.005566495470702648,0.011893011629581451,-1.0,0.08670609275142786,-0.14321844098622155,1.0625599683749973,0.06426401514898046,0.1968852888933368,0.9024998346667837,0.0,0.0,0.0,0,0.0414
103,0,0.0,0.20234306013187742,-0.028172169158601473,1.2309245719085846,0.9378448675190607,0.2903703990672939,0.17890013797002202,0.06423999103332506,0.006002672347360894,-0.006518359915443097,-0.033377775952722274,1.1108606894506958,0.005150012761407885,-0.478591782589171,-0.010107235804960065,1.9718063543217288,0.15551466283399348,0.0662652850151062,-0.33238428831100464,-0.5768581628799438,0.0010314565151929855,0.0059557827189564705,0.006281347945332527,0.9833904504776001,0.0662652850151062,-0.33238428831100464,-0.5768581628799438,0.0010314565151929855,0.0059557827189564705,0.006281347945332527,-1.0,0.08670609275142786,-0.14321844098622155,1.0625599683749973,0.06426401514898046,0.1968852888933368,0.9024998346667837,0.0,0.0,0.0,0,0.0408
104,1,0.0541,0.20307245162197057,-0.0318416820606457,1.2244385506889235,0.9379584683150226,0.2906223963542724,0.17785127219348987,0.06435417183518961,0.009983842616614514,-0.010517625867561425,-0.037586037403663855,1.110457038575065,0.0042970088700967956,-0.4954854256248999,-0.008415112024087408,1.9864230758220882,0.15044411660215776,0.34996065497398376,0.40245479345321655,0.8881528973579407,-0.07159415632486343,0.15856105089187622,0.0062746405601501465,0.0007296963012777269,0.34996065497398376,0.40245479345321655,0.8881528973579407,-0.07159415632486343,0.15856105089187622,0.0062746405601501465,1.0,0.08670609275142786,-0.14321844098622155,1.0625599683749973,0.06426401514898046,0.1968852888933368,0.9024998346667837,0.0,0.0,0.0,0,0.0419
105,0,0.0,0.2041172747852939,-0.03272509491482893,1.2226382804064853,0.9370729981428317,0.29208655588866583,0.17978920105057997,0.06523406476906402,0.012992860607412574,-0.01344980459195254,-0.03859445418407908,1.107421235644296,0.004723944047169255,-0.5066445749137395,-0.008213120933441828,1.999212616238312,0.14602455544502907,0.32933729887008667,0.39400410652160645,0.897996723651886,-0.058205537497997284,0.14111946523189545,0.0009057596325874329,-0.04118383303284645,0.32933729887008667,0.39400410652160645,0.897996723651886,-0.058205537497997284,0.14111946523189545,0.0009057596325874329,1.0,0.08670609275142786,-0.14321844098622155,1.0625599683749973,0.06426401514898046,0.1968852888933368,0.9024998346667837,0.0,0.0,0.0,0,0.0411
106,0,0.0,0.20491079079845315,-0.030291164615014375,1.226320028743886,0.9356691740475372,0.2940223933653645,0.1830161931454691,0.06766906223261422,0.01316165547982985,-0.013595434250149432,-0.03541898416038578,1.1004609703665809,0.005629318488930086,-0.5128431093273234,-0.012338165115549605,2.0063149447515896,0.1459122365671927,0.27992576360702515,0.36524975299835205,0.8549991250038147,-0.0333000011742115,0.12395716458559036,-0.0051935408264398575,0.05053335055708885,0.27992576360702515,0.36524975299835205,0.8549991250038147,-0.0333000011742115,0.12395716458559036,-0.0051935408264398575,1.0,0.08670609275142786,-0.14321844098622155,1.0625599683749973,0.06426401514898046,0.1968852888933368,0.9024998346667837,0.0,0.0,0.0,0,0.0403
107,0,0.0,0.2054428871316058,-0.026599318808047057,1.2311722290524079,0.9345225472216212,0.29515477784934663,0.18595688092942608,0.0705074767816412,0.011505621386306602,-0.011938636767347596,-0.030433977794223896,1.092771391673669,0.006320601415902588,-0.517398211760814,-0.018323397109031286,2.0106773041728556,0.14974948429648632,0.2014182060956955,0.39150112867355347,0.8424762487411499,-0.02270173281431198,0.07063455879688263,-0.024240851402282715,0.001102411188185215,0.2014182060956955,0.39150112867355347,0.8424762487411499,-0.02270173281431198,0.07063455879688263,-0.024240851402282715,1.0,0.08670609275142786,-0.14321844098622155,1.0625599683749973,0.06426401514898046,0.1968852888933368,0.9024998346667837,0.0,0.0,0.0,0,0.0409
108,1,0.054,0.20580506255823522,-0.02226075075628469,1.2369779224850632,0.933708892997902,0.2950881776062475,0.18909837563550638,0.07316061034236518,0.00839169450591024,-0.008841454688834915,-0.024605778380822674,1.0845956248227804,0.006854175708329848,-0.5204259127156784,-0.024582090060632555,2.013282495377156,0.15698723545139018,0.4766261577606201,0.08853738754987717,0.4455479383468628,-0.01013666670769453,0.06600648164749146,-0.001659352332353592,-0.0037298696115612984,0.4766261577606201,0.08853738754987717,0.4455479383468628,-0.01013666670769453,0.06600648164749146,-0.001659352332353592,1.0,0.08670609275142786,-0.14321844098622155,1.0625599683749973,0.06426401514898046,0.1968852888933368,0.9024998346667837,0.0,0.0,0.0,0,0.0432
109,0,0.0,0.20731599502539544,-0.01883033478467824,1.240775272334889,0.9326326869769602,0.2942600784580924,0.19417576442449958,0.0768313081896451,0.005146337474957979,-0.005675133960242042,-0.019523002050169547,1.0807383919150508,0.006418525208250112,-0.523381058293146,-0.030753833560190593,2.024760329252967,0.16453637286812425,0.3790976405143738,0.034995295107364655,0.41005265712738037,-0.0048432680778205395,0.07325989753007889,-0.007365343160927296,-0.0044698892161250114,0.3790976405143738,0.034995295107364655,0.41005265712738037,-0.0048432680778205395,0.07325989753007889,-0.007365343160927296,1.0,0.08670609275142786,-0.14321844098622155,1.0625599683749973,0.06426401514898046,0.1968852888933368,0.9024998346667837,0.0,0.0,0.0,0,0.0409
110,0,0.0,0.20959777062260976,-0.01685641471947998,1.241212515154077,0.9314329207481484,0.29338630789114767,0.19966917221579525,0.0805568752822015,0.0031947804625954528,-0.003750794859180274,-0.016050358174789923,1.0809099998272267,0.005255929673467585,-0.5275964804523671,-0.0354115071980291,2.04196569200581,0.17017017722117245,0.27689051628112793,0.006491214036941528,0.37695664167404175,-0.0008313730359077454,0.07604438811540604,-0.011091506108641624,0.001837174640968442,0.27689051628112793,0.006491214036941528,0.37695664167404175,-0.0008313730359077454,0.07604438811540604,-0.011091506108641624,1.0,0.08670609275142786,-0.14321844098622155,1.0625599683749973,0.06426401514898046,0.1968852888933368,0.9024998346667837,0.0,0.0,0.0,0,0.0411
111,0,0.0,0.21125975700881966,-0.01572775297336044,1.2410299857661247,0.9306573416692931,0.29246317046466025,0.2035109289900667,0.08321963770891225,0.00209613384305363,-0.0026703341992359727,-0.013721272426409203,1.0811015028172761,0.0038642139384599634,-0.5315882024948604,-0.03836292648529556,2.0550898592677305,0.1745395034384286,0.3283030688762665,0.011802241206169128,0.4654247760772705,-6.051640957593918e-05,0.11699587851762772,-0.00893305242061615,0.0003872897650580853,0.3283030688762665,0.011802241206169128,0.4654247760772705,-6.051640957593918e-05,0.11699587851762772,-0.00893305242061615,1.0,0.08670609275142786,-0.14321844098622155,1.0625599683749973,0.06426401514898046,0.1968852888933368,0.9024998346667837,0.0,0.0,0.0,0,0.0412
112,1,0.0533,0.21261102880369465,-0.015034912553709012,1.241014869171012,0.9299990187050562,0.29166542087888503,0.20680410726598006,0.08523595889702543,0.001477613147933415,-0.0020692127514832835,-0.012097080177536936,1.0812864901960368,0.002506343341037522,-0.5346093207193795,-0.04002777388794754,2.0659257742186656,0.17765176761628662,0.4772801995277405,0.16391339898109436,0.7235559821128845,-0.023693758994340897,0.058761391788721085,-0.0025788694620132446,0.006067492067813873,0.4772801995277405,0.16391339898109436,0.7235559821128845,-0.023693758994340897,0.058761391788721085,-0.0025788694620132446,1.0,0.08670609275142786,-0.14321844098622155,1.0625599683749973,0.06426401514898046,0.1968852888933368,0.9024998346667837,0.0,0.0,0.0,0,0.0415
113,0,0.0,0.2148050241882743,-0.013948889871583773,1.2427224878202858,0.9283956661619434,0.2913462838583722,0.21315834135108602,0.08810420787959565,0.0011198288459284556,-0.001745290675364095,-0.010170568410806158,1.0822390424296018,0.0015019855806895385,-0.534598863459429,-0.04172733476737849,2.0814452217008705,0.1796791452389053,0.366425096988678,0.15343564748764038,0.6663808226585388,-0.019708525389432907,0.05247107520699501,-0.003808608278632164,0.003970278427004814,0.366425096988678,0.15343564748764038,0.6663808226585388,-0.019708525389432907,0.05247107520699501,-0.003808608278632164,1.0,0.08670609275142786,-0.14321844098622155,1.0625599683749973,0.06426401514898046,0.1968852888933368,0.9024998346667837,0.0,0.0,0.0,0,0.0409
114,0,0.0,0.217150017675361,-0.012369303935470123,1.245219575884088,0.9264192920401589,0.2913211862571718,0.2202703300582319,0.09143436700476151,0.000935302140702472,-0.0015486838807123018,-0.0076733965754231205,1.0833683194472632,0.0006118654644442639,-0.533109471981594,-0.044203141900736466,2.096895780481753,0.18182899256057938,0.293629914522171,0.16026975214481354,0.5836849212646484,-0.018570348620414734,0.06562211364507675,-0.0036998968571424484,0.01237249094992876,0.293629914522171,0.16026975214481354,0.5836849212646484,-0.018570348620414734,0.06562211364507675,-0.0036998968571424484,1.0,0.08670609275142786,-0.14321844098622155,1.0625599683749973,0.06426401514898046,0.1968852888933368,0.9024998346667837,0.0,0.0,0.0,0,0.0409
115,0,0.0,0.21884059618318313,-0.010609496602835446,1.2475154639081147,0.9248459072897037,0.2913585275530222,0.22558780563612396,0.09423586440361754,0.0008314673115675287,-0.0014391412100934456,-0.004932314387088979,1.084117386666452,-0.00026358524831182454,-0.531237504554287,-0.046953435039357914,2.1077230289359052,0.18435146176391345,0.2843642830848694,0.18362264335155487,0.4435262084007263,-0.015294461511075497,0.07421981543302536,-0.0058014485985040665,0.022135203704237938,0.2843642830848694,0.18362264335155487,0.4435262084007263,-0.015294461511075497,0.07421981543302536,-0.0058014485985040665,1.0,0.08670609275142786,-0.14321844098622155,1.0625599683749973,0.06426401514898046,0.1968852888933368,0.9024998346667837,0.0,0.0,0.0,0,0.0412
116,1,0.0537,0.22024111603938468,-0.008615381490205071,1.2489773530107011,0.923555149880178,0.2914210745416912,0.22977665272314532,0.09655222579575536,0.0007714693736278635,-0.0013781882335124254,-0.0019691264724955924,1.0854845841679626,-0.0010430779291526935,-0.5294298226546098,-0.04973875989331803,2.116779674274269,0.18726631210428743,0.38545793294906616,0.05980132520198822,0.5298230648040771,-0.016126208007335663,0.03296149522066116,-0.026735877618193626,0.014893731102347374,0.38545793294906616,0.05980132520198822,0.5298230648040771,-0.016126208007335663,0.03296149522066116,-0.026735877618193626,1.0,0.08670609275142786,-0.14321844098622155,1.0625599683749973,0.06426401514898046,0.1968852888933368,0.9024998346667837,0.0,0.0,0.0,0,0.0431
117,0,0.0,0.22228844172314202,-0.007275948286446609,1.2504523434404056,0.9219930456323777,0.2905680701954954,0.23564831538421674,0.09984433807170465,0.0006938979666864005,-0.0013362993451101657,0.0005635693033240316,1.0883992827076523,-0.0026546010533883622,-0.5265746029808414,-0.05304769811343163,2.130585902613746,0.19163553810022302,0.33784955739974976,0.05259215086698532,0.46894603967666626,-0.0013117741327732801,0.039455536752939224,-0.03589322417974472,0.0013564155669882894,0.33784955739974976,0.05259215086698532,0.46894603967666626,-0.0013117741327732801,0.039455536752939224,-0.03589322417974472,1.0,0.08670609275142786,-0.14321844098622155,1.0625599683749973,0.06426401514898046,0.1968852888933368,0.9024998346667837,0.0,0.0,0.0,0,0.042
118,0,0.0,0.2245495752970933,-0.006499849876699058,1.251542862356454,0.920560347553781,0.28869670483415494,0.24204600478546331,0.10313384845411884,0.0006484259370790137,-0.0012938398732539234,0.0025743191045301647,1.0923563878642395,-0.0047005417092956785,-0.523318734895436,-0.05584204905408109,2.145697479915483,0.19743180887009656,0.27522340416908264,0.04600633680820465,0.42055755853652954,0.00046264752745628357,0.05636943504214287,-0.04201412945985794,0.01644345000386238,0.27522340416908264,0.04600633680820465,0.42055755853652954,0.00046264752745628357,0.05636943504214287,-0.04201412945985794,1.0,0.08670609275142786,-0.14321844098622155,1.0625599683749973,0.06426401514898046,0.1968852888933368,0.9024998346667837,0.0,0.0,0.0,0,0.0424
119,0,0.0,0.22635090503298355,-0.005907590517401737,1.2520477440819713,0.9196857476979561,0.28633735964035434,0.2470724252785116,0.1055663706984134,0.000605694942222844,-0.0012532669634544259,0.004318380019778826,1.0963263783197308,-0.006838907000749844,-0.5200409900104518,-0.057902446760527596,2.1574982472762083,0.20397600875895455,0.22510942816734314,0.039896734058856964,0.3683796525001526,0.001133440062403679,0.08639288693666458,-0.044281553477048874,0.014082107692956924,0.22510942816734314,0.039896734058856964,0.3683796525001526,0.001133440062403679,0.08639288693666458,-0.044281553477048874,1.0,0.08670609275142786,-0.14321844098622155,1.0625599683749973,0.06426401514898046,0.1968852888933368,0.9024998346667837,0.0,0.0,0.0,0,0.0409
120,1,0.0543,0.22757267596736866,-0.005473801867225237,1.2520380508248825,0.9193808244573378,0.28386365027729915,0.2502905475034468,0.10730782591133191,0.0005647933959342382,-0.0012144405489488712,0.005926053491286222,1.100002210886343,-0.009112127667291884,-0.5167986611668822,-0.05957381733470417,2.165002928026807,0.2106964437531107,0.4197580814361572,0.06682436913251877,0.5541822910308838,-0.005030219908803701,0.05672283098101616,-0.03398076444864273,0.008057246915996075,0.4197580814361572,0.06682436913251877,0.5541822910308838,-0.005030219908803701,0.05672283098101616,-0.03398076444864273,1.0,0.08670609275142786,-0.14321844098622155,1.0625599683749973,0.06426401514898046,0.1968852888933368,0.9024998346667837,0.0,0.0,0.0,0,0.0428
121,0,0.0,0.22945789491530127,-0.004957159653516896,1.2527590948428597,0.9182938012992397,0.28153575347215687,0.2557977225713181,0.10973440271666293,0.000523153761398097,-0.0011797746380034712,0.0075489677746067695,1.105047285578001,-0.011451899615590256,-0.5116436782766547,-0.06117178739752754,2.1775240615672815,0.21681184847676843,0.3759627342224121,0.03927983343601227,0.5567563772201538,-0.0030435300432145596,0.0825730562210083,-0.03527108579874039,0.005146548617631197,0.3759627342224121,0.03927983343601227,0.5567563772201538,-0.0030435300432145596,0.0825730562210083,-0.03527108579874039,1.0,0.08670609275142786,-0.14321844098622155,1.0625599683749973,0.06426401514898046,0.1968852888933368,0.9024998346667837,0.0,0.0,0.0,0,0.0428
122,0,0.0,0.23178185643807225,-0.004515285368482231,1.253199621720097,0.9167166586148598,0.2793894094574276,0.2624794904493481,0.11259059816203888,0.00048480923829676,-0.0011450899130138839,0.009072652332635107,1.111463294219277,-0.014051689372140156,-0.5059451923496485,-0.06262467474092286,2.1929823290903014,0.2223781820607703,0.28990453481674194,0.042829371988773346,0.5570425987243652,-2.2756867110729218e-06,0.1141115203499794,-0.036832138895988464,0.006136799231171608,0.28990453481674194,0.042829371988773346,0.5570425987243652,-2.2756867110729218e-06,0.1141115203499794,-0.036832138895988464,1.0,0.08670609275142786,-0.14321844098622155,1.0625599683749973,0.06426401514898046,0.1968852888933368,0.9024998346667837,0.0,0.0,0.0,0,0.0422
123,0,0.0,0.23343670400166838,-0.004192187530816791,1.2532442033562836,0.9157187938401722,0.277382568419566,0.2671222341476648,0.11473322696073533,0.00044827053142316244,-0.001111727786120364,0.010528118616425601,1.1172920556118582,-0.016851833849836594,-0.5001363141914994,-0.06347410762897694,2.2031739923799467,0.2275741627150741,0.12156885862350464,0.07908306270837784,0.5377253890037537,0.0013662893325090408,0.12962260842323303,-0.03356141597032547,0.010282504372298717,0.12156885862350464,0.07908306270837784,0.5377253890037537,0.0013662893325090408,0.12962260842323303,-0.03356141597032547,1.0,0.08670609275142786,-0.14321844098622155,1.0625599683749973,0.06426401514898046,0.1968852888933368,0.9024998346667837,0.0,0.0,0.0,0,0.0414
124,1,0.0536,0.23389309969873806,-0.003657627623262466,1.2537884915845503,0.9156720360211272,0.2757119331388786,0.26860016425893646,0.1156788836988709,0.0004135186549821078,-0.0010795723748557964,0.012264524860538584,1.1207627677651755,-0.019616075851544696,-0.4938229502957646,-0.06355515690901424,2.203347607176776,0.23220799143662876,0.10656913369894028,0.1600223034620285,0.5389547348022461,-0.010557953268289566,-0.008971234783530235,-0.05428684502840042,0.022795645520091057,0.10656913369894028,0.1600223034620285,0.5389547348022461,-0.010557953268289566,-0.008971234783530235,-0.05428684502840042,1.0,0.08670609275142786,-0.14321844098622155,1.0625599683749973,0.06426401514898046,0.1968852888933368,0.9024998346667837,0.0,0.0,0.0,0,0.0422
125,0,0.0,0.23423508066051538,-0.0027797706856882093,1.2570950538453542,0.9153612702122117,0.273544093796461,0.27124658994906825,0.11710107252096369,0.0003770529332510586,-0.0010520033698137776,0.014665258911024126,1.1222706399149893,-0.023016267758275786,-0.48529959201347134,-0.06397284339927457,2.202509344100889,0.23831235929970696,0.053717710077762604,0.13361933827400208,0.3869175314903259,0.0014420603401958942,-0.00812316220253706,-0.0487833246588707,0.0017927701119333506,0.053717710077762604,0.13361933827400208,0.3869175314903259,0.0014420603401958942,-0.00812316220253706,-0.0487833246588707,1.0,0.08670609275142786,-0.14321844098622155,1.0625599683749973,0.06426401514898046,0.1968852888933368,0.9024998346667837,0.0,0.0,0.0,0,0.0409
126,0,0.0,0.23454796626294644,-0.0015032017991299168,1.2610955657813827,0.9150684352936023,0.27077768092503895,0.27430346221082047,0.11868789686118972,0.00034508657956817414,-0.001022682724304823,0.01794343008803162,1.1232904333460432,-0.027652141458314065,-0.4765255110767045,-0.06400537103355514,2.2013129650554526,0.24613396123276673,0.020719945430755615,0.12137855589389801,0.325459361076355,0.0023139547556638718,0.018934883177280426,-0.03942668065428734,0.02588537521660328,0.020719945430755615,0.12137855589389801,0.325459361076355,0.0023139547556638718,0.018934883177280426,-0.03942668065428734,1.0,0.08670609275142786,-0.14321844098622155,1.0625599683749973,0.06426401514898046,0.1968852888933368,0.9024998346667837,0.0,0.0,0.0,0,0.0413
127,0,0.0,0.23447094650753364,-7.354504485425871e-06,1.2642194647684855,0.9152249386979933,0.26822106974287185,0.27582113647857437,0.11976422672447143,0.0003145070055860538,-0.0009945995445939237,0.022343690498205754,1.1238324786078218,-0.03531763071090978,-0.4692942079658126,-0.06087311236744163,2.1977364835180273,0.2532775089929053,0.05589032918214798,0.1454693078994751,0.35844093561172485,0.001013503409922123,0.057369980961084366,-0.023264415562152863,0.03594297170639038,0.05589032918214798,0.1454693078994751,0.35844093561172485,0.001013503409922123,0.057369980961084366,-0.023264415562152863,1.0,0.08670609275142786,-0.14321844098622155,1.0625599683749973,0.06426401514898046,0.1968852888933368,0.9024998346667837,0.0,0.0,0.0,0,0.0419
128,1,0.0532,0.23424584344458632,0.0017737713333706943,1.2666952014772863,0.9154105944005192,0.2664458127848034,0.27660116157026987,0.12050672150013214,0.00028498635617571483,-0.0009679758710345384,0.03007226163573773,1.120700323519399,-0.05344256821021494,-0.4699682418085402,-0.046595929958207036,2.196791842212882,0.25688587381417355,0.23354190587997437,0.31506896018981934,0.44736337661743164,-0.01447475515305996,0.07417865097522736,-0.04039132222533226,0.012838790193200111,0.23354190587997437,0.31506896018981934,0.44736337661743164,-0.01447475515305996,0.07417865097522736,-0.04039132222533226,1.0,0.08670609275142786,-0.14321844098622155,1.0625599683749973,0.06426401514898046,0.1968852888933368,0.9024998346667837,0.0,0.0,0.0,0,0.0417
129,0,0.0,0.23476703685786898,0.004154051877341262,1.268668638108297,0.914799587998062,0.26505584455259307,0.279389447296449,0.12177294365527552,0.0002565780760577806,-0.0009426503892177065,0.0395732018269432,1.1175692897055909,-0.07515023808401479,-0.4745133394684232,-0.02908493608408983,2.2041669229079495,0.2597613060147106,0.2191753387451172,0.3453871011734009,0.42372816801071167,-0.02117733284831047,0.07675455510616302,-0.03453395888209343,-0.01582043431699276,0.2191753387451172,0.3453871011734009,0.42372816801071167,-0.02117733284831047,0.07675455510616302,-0.03453395888209343,1.0,0.08670609275142786,-0.14321844098622155,1.0625599683749973,0.06426401514898046,0.1968852888933368,0.9024998346667837,0.0,0.0,0.0,0,0.0411
130,0,0.0,0.23579519622858236,0.007261778994997935,1.269564916120962,0.913770599901707,0.26381477935716485,0.2830841878105479,0.12364625170075508,0.00023006240642113246,-0.0009177416116809915,0.048521054871105945,1.1164489145109202,-0.09149667201651797,-0.4790695929126152,-0.01855061899537291,2.2152737074756117,0.26489695003314956,0.2242380678653717,0.3664914667606354,0.3478323817253113,-0.016344843432307243,0.08859414607286453,-0.03131064027547836,-7.617803203174844e-05,0.2242380678653717,0.3664914667606354,0.3478323817253113,-0.016344843432307243,0.08859414607286453,-0.03131064027547836,1.0,0.08670609275142786,-0.14321844098622155,1.0625599683749973,0.06426401514898046,0.1968852888933368,0.9024998346667837,0.0,0.0,0.0,0,0.0411
131,0,0.0,0.23683725384167884,0.010948314975088705,1.2694436052302422,0.9127865945623499,0.2628364644797878,0.2863096233651869,0.12555646257965844,0.0002047887278133806,-0.0008938016859035056,0.05646921691661243,1.1163467698838128,-0.10170575408656558,-0.483785736992071,-0.015069639060172873,2.2265931585271677,0.27194164205902094,0.2139841914176941,0.37169715762138367,0.20204056799411774,0.004520712420344353,0.1061248853802681,-0.02795136161148548,0.011565611697733402,0.2139841914176941,0.37169715762138367,0.20204056799411774,0.004520712420344353,0.1061248853802681,-0.02795136161148548,1.0,0.08670609275142786,-0.14321844098622155,1.0625599683749973,0.06426401514898046,0.1968852888933368,0.9024998346667837,0.0,0.0,0.0,0,0.0409
132,1,0.0535,0.2378208746537892,0.015160027071937475,1.267766680328073,0.9121314878787091,0.26190196119129433,0.2887568619131467,0.12666091047516073,0.0001813074752350887,-0.0008701859290724174,0.06330676547575102,1.1173730039672518,-0.10635496507272302,-0.4892124598978338,-0.01630005840554887,2.237698946310205,0.28055695140970976,0.10184174031019211,0.4056466817855835,0.3243364691734314,-0.004465778358280659,0.09429213404655457,-0.04178334400057793,0.07476793229579926,0.10184174031019211,0.4056466817855835,0.3243364691734314,-0.004465778358280659,0.09429213404655457,-0.04178334400057793,1.0,0.08670609275142786,-0.14321844098622155,1.0625599683749973,0.06426401514898046,0.1968852888933368,0.9024998346667837,0.0,0.0,0.0,0,0.0428
133,0,0.0,0.23828528536400195,0.019535470825385575,1.2663187656390245,0.912043672632121,0.26062694084368787,0.28994251884194444,0.12721349254603606,0.00015661758878496125,-0.000849801008495837,0.06924865224904479,1.1173578433958071,-0.10716379662820173,-0.49391823478030655,-0.021554999456589407,2.244146564778448,0.29108384801302856,0.09832270443439484,0.40899306535720825,0.28684598207473755,-0.0031033274717628956,0.07297924160957336,-0.04331771656870842,0.07405692338943481,0.09832270443439484,0.40899306535720825,0.28684598207473755,-0.0031033274717628956,0.07297924160957336,-0.04331771656870842,1.0,0.08670609275142786,-0.14321844098622155,1.0625599683749973,0.06426401514898046,0.1968852888933368,0.9024998346667837,0.0,0.0,0.0,0,0.041
134,0,0.0,0.23840086175023997,0.024080519262078354,1.2661973964842055,0.9121188940846434,0.2589536521986011,0.29089881990312855,0.12790623771254722,0.00015107077181684408,-0.0008485748302062734,0.07474746020770466,1.1162059613349886,-0.10555167091266521,-0.49711458453124124,-0.030291131958802925,2.247632405757559,0.3035219638002521,0.09356939792633057,0.40601134300231934,0.2688864469528198,-0.003128324868157506,0.06317736208438873,-0.03696339949965477,-0.05436796322464943,0.09356939792633057,0.40601134300231934,0.2688864469528198,-0.003128324868157506,0.06317736208438873,-0.03696339949965477,1.0,0.08670609275142786,-0.14321844098622155,1.0625599683749973,0.06426401514898046,0.1968852888933368,0.9024998346667837,0.0,0.0,0.0,0,0.0412
135,0,0.0,0.2385154702277337,0.02883451260803402,1.2663914566166143,0.9120920049898471,0.25723062574240735,0.29215249786265857,0.12871479171555286,0.00014935409930493646,-0.0008502298158343931,0.07993632067931696,1.115179597843377,-0.10222618637266713,-0.49951995927336157,-0.04116835339010603,2.25103100709358,0.3167891470532728,0.0861574038863182,0.40230751037597656,0.24400050938129425,0.0018365699797868729,0.06638877838850021,-0.02583206631243229,0.29489776492118835,0.0861574038863182,0.40230751037597656,0.24400050938129425,0.0018365699797868729,0.06638877838850021,-0.02583206631243229,1.0,0.08670609275142786,-0.14321844098622155,1.0625599683749973,0.06426401514898046,0.1968852888933368,0.9024998346667837,0.0,0.0,0.0,0,0.042
136,1,0.0538,0.23858349877455343,0.03380942051977474,1.2664555112179223,0.9120157717502986,0.25583226534998016,0.29334283878819967,0.12933314739958768,0.00014819868909516038,-0.000851399776234463,0.08489299893622738,1.1144700605777353,-0.09763694085874458,-0.5014991104376385,-0.052824857485999875,2.2540344572815827,0.32965462857931205,0.09700282663106918,0.46999508142471313,0.30252522230148315,-0.022547021508216858,0.05961824581027031,-0.0667610689997673,0.0180551465600729,0.09700282663106918,0.46999508142471313,0.30252522230148315,-0.022547021508216858,0.05961824581027031,-0.0667610689997673,1.0,0.08670609275142786,-0.14321844098622155,1.0625599683749973,0.06426401514898046,0.1968852888933368,0.9024998346667837,0.0,0.0,0.0,0,0.042
137,0,0.0,0.2386828984651068,0.03857731237219723,1.2667618314023394,0.9119184191032773,0.2539264314644005,0.29475173146597805,0.13056638580331864,0.00014554002639794445,-0.0008540935958033458,0.08983840115680364,1.1140323445876288,-0.0933458539244137,-0.502701687636928,-0.0661703677617346,2.2571511013872927,0.3443603463195338,0.058837294578552246,0.43011754751205444,0.23064152896404266,-0.007180230692028999,0.057108718901872635,-0.04599503055214882,0.04549212381243706,0.058837294578552246,0.43011754751205444,0.23064152896404266,-0.007180230692028999,0.057108718901872635,-0.04599503055214882,1.0,0.08670609275142786,-0.14321844098622155,1.0625599683749973,0.06426401514898046,0.1968852888933368,0.9024998346667837,0.0,0.0,0.0,0,0.0415
138,0,0.0,0.23863327125418574,0.04358950335103267,1.266997035756677,0.9120082584518029,0.25166228598237544,0.29579097546357586,0.13196487852508357,0.00014487462406135532,-0.0008547378421606224,0.09527933128072152,1.1137650988910355,-0.08927964954823948,-0.5034247201258382,-0.08033226128830022,2.258890049637161,0.36051333786111095,0.013867273926734924,0.3728076219558716,0.0849972516298294,-0.0015608714893460274,0.07586142420768738,-0.03198792785406113,0.10892052948474884,0.013867273926734924,0.3728076219558716,0.0849972516298294,-0.0015608714893460274,0.07586142420768738,-0.03198792785406113,1.0,0.08670609275142786,-0.14321844098622155,1.0625599683749973,0.06426401514898046,0.1968852888933368,0.9024998346667837,0.0,0.0,0.0,0,0.0422
139,0,0.0,0.2382129375028072,0.04870106653417901,1.266291522934088,0.9125493665785811,0.24987773424549628,0.2952924879123655,0.13272949208028884,0.00014450741881325813,-0.0008551213115610416,0.10078735575715657,1.1136678593060354,-0.08514979844006418,-0.5045751580686417,-0.09333154252312405,2.25763336337868,0.37532386368950593,-0.014704808592796326,0.31652653217315674,-0.04975235462188721,-0.00047374283894896507,0.08076128363609314,-0.028957542032003403,0.2983131408691406,-0.014704808592796326,0.31652653217315674,-0.04975235462188721,-0.00047374283894896507,0.08076128363609314,-0.028957542032003403,1.0,0.08670609275142786,-0.14321844098622155,1.0625599683749973,0.06426401514898046,0.1968852888933368,0.9024998346667837,0.0,0.0,0.0,0,0.0416
140,1,0.0538,0.23751007067304988,0.05339070913527317,1.2644619163725663,0.9135284754508015,0.2485016251036274,0.29327133444815384,0.13305860082079887,0.00014341176604118556,-0.0008561477433512191,0.10593317498940133,1.1138682702681106,-0.08139979744344687,-0.5064843007032332,-0.10474178055124153,2.254203494853694,0.3883710484559739,0.09234710037708282,0.4683116674423218,0.17582039535045624,-0.012831051833927631,0.04752887785434723,-0.027439896017313004,0.008350517600774765,0.09234710037708282,0.4683116674423218,0.17582039535045624,-0.012831051833927631,0.04752887785434723,-0.027439896017313004,1.0,0.08670609275142786,-0.14321844098622155,1.0625599683749973,0.06426401514898046,0.1968852888933368,0.9024998346667837,0.0,0.0,0.0,0,0.0422
141,0,0.0,0.23733187646569795,0.05835627363320572,1.2634506913091,0.9136225085585953,0.24749942749182907,0.29355524158559915,0.13365352739054645,0.0001415806520061814,-0.0008580310112780945,0.11124563613015387,1.11480355900804,-0.07808035870091497,-0.5072846115375311,-0.11530481427849838,2.2557237051570422,0.4004561101936729,0.06479697674512863,0.3497278392314911,0.012427866458892822,0.0010305047035217285,0.05598737671971321,-0.026869652792811394,-0.0009376925881952047,0.06479697674512863,0.3497278392314911,0.012427866458892822,0.0010305047035217285,0.05598737671971321,-0.026869652792811394,1.0,0.08670609275142786,-0.14321844098622155,1.0625599683749973,0.06426401514898046,0.1968852888933368,0.9024998346667837,0.0,0.0,0.0,0,0.0417
142,0,0.0,0.23737290003187056,0.06325889750299937,1.2620155484819793,0.913528013862967,0.24648726604293814,0.2943918339498151,0.1343281194312049,0.00014051818429183227,-0.0008591044510610348,0.11656451380270308,1.1167054867260164,-0.07554055822833997,-0.5081039073119844,-0.12507222378478955,2.258882662134525,0.41244776462835975,-0.005584731698036194,0.3175647258758545,-0.10345636308193207,-0.0012035132385790348,0.0603480227291584,-0.019398292526602745,-0.002993282862007618,-0.005584731698036194,0.3175647258758545,-0.10345636308193207,-0.0012035132385790348,0.0603480227291584,-0.019398292526602745,1.0,0.08670609275142786,-0.14321844098622155,1.0625599683749973,0.06426401514898046,0.1968852888933368,0.9024998346667837,0.0,0.0,0.0,0,0.0408
143,0,0.0,0.23705277645872158,0.0676765372017013,1.2594159612814675,0.9140643515927096,0.2455427642534297,0.29340968365032805,0.13455805293774348,0.00013981252891911956,-0.0008598098180399576,0.12162541902173143,1.1187391047766337,-0.07359248663861634,-0.5096761136265503,-0.13330139662344567,2.2589826826726593,0.4233973750585452,0.03089631348848343,0.30318683385849,-0.18072694540023804,5.405396223068237e-05,0.06599397212266922,-0.01973487064242363,-0.008348376490175724,0.03089631348848343,0.30318683385849,-0.18072694540023804,5.405396223068237e-05,0.06599397212266922,-0.01973487064242363,1.0,0.08670609275142786,-0.14321844098622155,1.0625599683749973,0.06426401514898046,0.1968852888933368,0.9024998346667837,0.0,0.0,0.0,0,0.0416
144,1,0.0541,0.23669472027499822,0.07181147482181358,1.2560761482479073,0.9147259500568131,0.24484920426275314,0.291919073873552,0.1345680414264983,0.00013890379261203472,-0.0008607006198636634,0.12643971124990183,1.1213536383735023,-0.07212563778494376,-0.5116803968810029,-0.14020492323885145,2.259220610799755,0.4331841785997419,0.29713886976242065,0.35421258211135864,-0.18540871143341064,0.0001793145202100277,0.11008327454328537,-0.03314289450645447,-0.0011804808164015412,0.29713886976242065,0.35421258211135864,-0.18540871143341064,0.0001793145202100277,0.11008327454328537,-0.03314289450645447,1.0,0.08670609275142786,-0.14321844098622155,1.0625599683749973,0.06426401514898046,0.1968852888933368,0.9024998346667837,0.0,0.0,0.0,0,0.0444
145,0,0.0,0.23745032697466784,0.07572659255106852,1.2507924010163411,0.9145146121859657,0.24422513003997642,0.2930470811101227,0.13468674102577907,0.00013855949397171646,-0.000861025955931458,0.13058259380581405,1.128244157199858,-0.07131094019489002,-0.5138965022019902,-0.14610392495347366,2.2698440631127665,0.44285634152449493,0.28215354681015015,0.3151750862598419,-0.33100438117980957,0.006595022976398468,0.09801778197288513,-0.0327681303024292,0.00136846664827317,0.28215354681015015,0.3151750862598419,-0.33100438117980957,0.006595022976398468,0.09801778197288513,-0.0327681303024292,1.0,0.08670609275142786,-0.14321844098622155,1.0625599683749973,0.06426401514898046,0.1968852888933368,0.9024998346667837,0.0,0.0,0.0,0,0.0416
146,0,0.0,0.23912741528820486,0.07926852850009983,1.242597524563254,0.9138074537804461,0.24342537318437266,0.2959058399344305,0.13468392256704018,0.00013891432889471405,-0.0008606632870773757,0.1339835637749759,1.1394574634412526,-0.07115535915183718,-0.5171181459676446,-0.15105574862561652,2.2890450944652443,0.4530519407381619,0.21784654259681702,0.18720057606697083,-0.45405369997024536,0.010424782522022724,0.09220309555530548,-0.032872457057237625,-0.005939619615674019,0.21784654259681702,0.18720057606697083,-0.45405369997024536,0.010424782522022724,0.09220309555530548,-0.032872457057237625,1.0,0.08670609275142786,-0.14321844098622155,1.0625599683749973,0.06426401514898046,0.1968852888933368,0.9024998346667837,0.0,0.0,0.0,0,0.0415
147,0,0.0,0.24064609320307132,0.08193550254537946,1.2327363724325942,0.9135913332341186,0.24224848725697365,0.2976322518037629,0.13446779892388414,0.00013786662756956115,-0.000861724860280946,0.1365610433922317,1.1519814336157363,-0.07156892854500879,-0.5208304544405803,-0.1551553839302317,2.307575666232024,0.4632723155625615,0.19169677793979645,0.21661368012428284,-0.4976385235786438,0.011965013109147549,0.06520328670740128,-0.03323996812105179,-0.011422304436564445,0.19169677793979645,0.21661368012428284,-0.4976385235786438,0.011965013109147549,0.06520328670740128,-0.03323996812105179,1.0,0.08670609275142786,-0.14321844098622155,1.0625599683749973,0.06426401514898046,0.1968852888933368,0.9024998346667837,0.0,0.0,0.0,0,0.0424
148,1,0.0531,0.24199173614912373,0.08414437938190658,1.2226739274901466,0.9135495857198171,0.24086306187606493,0.2990810103145203,0.13402495709412404,0.00013704033023412743,-0.000862528463275169,0.13864623166005105,1.1648562864226533,-0.07210756210547684,-0.5240098846083789,-0.15851543285926367,2.3255081705189165,0.47322630746442823,0.44286686182022095,0.17423506081104279,0.18339230120182037,-0.002220465801656246,0.05319259688258171,-0.04620970040559769,0.022812064737081528,0.44286686182022095,0.17423506081104279,0.18339230120182037,-0.002220465801656246,0.05319259688258171,-0.04620970040559769,1.0,0.08670609275142786,-0.14321844098622155,1.0625599683749973,0.06426401514898046,0.1968852888933368,0.9024998346667837,0.0,0.0,0.0,0,0.0424
149,0,0.0,0.24418856484703338,0.08567751370692747,1.215657782763374,0.9120233466141818,0.23901954153083227,0.3048257360888166,0.13477516319770974,0.00012998929425184932,-0.0008696065200378058,0.13983381611599027,1.178565954093966,-0.07383273533842598,-0.5223819241113024,-0.1625785555497203,2.349499542761145,0.4834889205015449,0.41774123907089233,0.13872763514518738,-0.1321103274822235,0.01595858484506607,0.08196724206209183,-0.034386686980724335,0.02414012886583805,0.41774123907089233,0.13872763514518738,-0.1321103274822235,0.01595858484506607,0.08196724206209183,-0.034386686980724335,1.0,0.08670609275142786,-0.14321844098622155,1.0625599683749973,0.06426401514898046,0.1968852888933368,0.9024998346667837,0.0,0.0,0.0,0,0.0426
150,0,0.0,0.24696814952950452,0.08671427364564839,1.2081626063612663,0.9096336750976303,0.23733412648863772,0.31286973446507566,0.13546814676523133,0.00012981570120708646,-0.0008698160678306729,0.14003615742219389,1.1950796867230777,-0.07588438393260365,-0.5196925880535008,-0.16535570042611447,2.3795827484966603,0.4926129650773544,0.27853819727897644,0.0857473760843277,-0.33442479372024536,0.02959219366312027,0.09038735926151276,-0.023351803421974182,0.003904076525941491,0.27853819727897644,0.0857473760843277,-0.33442479372024536,0.02959219366312027,0.09038735926151276,-0.023351803421974182,1.0,0.08670609275142786,-0.14321844098622155,1.0625599683749973,0.06426401514898046,0.1968852888933368,0.9024998346667837,0.0,0.0,0.0,0,0.041
151,0,0.0,0.24903624291480353,0.08745808712339254,1.1980311628373783,0.9082646037570342,0.23599347421250927,0.3181214665715606,0.1347635788985472,0.00012986352919486046,-0.000869720439455159,0.13973883146005375,1.2127771402250902,-0.07732768215987218,-0.5181335711751133,-0.16540919509685525,2.4057965146952873,0.49960246558239935,0.2627789080142975,0.024342134594917297,-0.5018867254257202,0.03850497677922249,0.08280273526906967,-0.017367862164974213,0.967268705368042,0.2627789080142975,0.024342134594917297,-0.5018867254257202,0.03850497677922249,0.08280273526906967,-0.017367862164974213,-1.0,0.08670609275142786,-0.14321844098622155,1.0625599683749973,0.06426401514898046,0.1968852888933368,0.9024998346667837,0.0,0.0,0.0,0,0.0409
152,1,0.0535,0.2506611753596332,0.0877579039473947,1.1867862275503882,0.907409195830141,0.23483965922293804,0.3220525655198858,0.13319546096248838,0.00043941065940454854,-0.0011955335687889904,0.13878345566732148,1.2311448879135607,-0.07845722051600743,-0.5167986821180237,-0.1632043925449295,2.4304253099521285,0.5045310122259179,0.25126755237579346,0.1692121922969818,0.40223217010498047,-0.005546984728425741,0.036849990487098694,-0.04071030020713806,0.9691354036331177,0.25126755237579346,0.1692121922969818,0.40223217010498047,-0.005546984728425741,0.036849990487098694,-0.04071030020713806,-1.0,0.08670609275142786,-0.14321844098622155,1.0625599683749973,0.06426401514898046,0.1968852888933368,0.9024998346667837,0.0,0.0,0.0,0,0.0421
153,0,0.0,0.2523382027081509,0.08773059169706189,1.1802127895778711,0.9058577793859184,0.23334621314756177,0.3276549383757479,0.13271574772305297,0.002368870930487357,-0.003265728181562601,0.13797637149099878,1.2465401099934268,-0.0808014031684024,-0.5101857692885663,-0.16162717528970613,2.450886930165587,0.5093654593328977,0.1279255747795105,0.11203407496213913,0.30337733030319214,-0.0016435547731816769,0.0347917377948761,-0.03459005430340767,0.9721226096153259,0.1279255747795105,0.11203407496213913,0.30337733030319214,-0.0016435547731816769,0.0347917377948761,-0.03459005430340767,-1.0,0.08670609275142786,-0.14321844098622155,1.0625599683749973,0.06426401514898046,0.1968852888933368,0.9024998346667837,0.0,0.0,0.0,0,0.0419
154,0,0.0,0.25338857469815806,0.08799872649991003,1.1787181729790248,0.9046751636342151,0.23167766535429735,0.33189361198468226,0.13317258728112566,0.005677938687738084,-0.006575615824868565,0.13842465249103086,1.2565586676270737,-0.08411533832561467,-0.49980611493917354,-0.16069950387790685,2.4589071203335156,0.5142192499336702,0.012871503829956055,0.08637798577547073,0.13526464998722076,-0.00047720642760396004,0.007547524757683277,-0.02813590317964554,0.9861132502555847,0.012871503829956055,0.08637798577547073,0.13526464998722076,-0.00047720642760396004,0.007547524757683277,-0.02813590317964554,-1.0,0.08670609275142786,-0.14321844098622155,1.0625599683749973,0.06426401514898046,0.1968852888933368,0.9024998346667837,0.0,0.0,0.0,0,0.0405
155,0,0.0,0.2536602397758938,0.08857135721234628,1.1786540967214871,0.904509906004917,0.23011868542853287,0.3332549855937659,0.13359766140362725,0.009741769136585055,-0.010614096364087161,0.14004187656626702,1.263401555955119,-0.08843985435036704,-0.48879732802200737,-0.15848907593137446,2.4569708916584387,0.5183071195895288,-0.00505654513835907,0.05937471240758896,-0.009111449122428894,0.007190910167992115,0.004520990885794163,-0.01982034742832184,0.987981379032135,-0.00505654513835907,0.05937471240758896,-0.009111449122428894,0.007190910167992115,0.004520990885794163,-0.01982034742832184,-1.0,0.08670609275142786,-0.14321844098622155,1.0625599683749973,0.06426401514898046,0.1968852888933368,0.9024998346667837,0.0,0.0,0.0,0,0.0408
156,1,0.0541,0.2535820250592779,0.0894096415922275,1.1787257454030025,0.9047863935429956,0.22877407456229232,0.3333369149371129,0.13383013863787513,0.01422396465577946,-0.015065542711655965,0.14278841591785377,1.2690578784426518,-0.09511865245390784,-0.4786085378585578,-0.153106313388626,2.452032831220268,0.5212476605119691,0.24147167801856995,0.24652117490768433,0.16453473269939423,-0.0005295248702168465,0.03204455226659775,-0.05287591740489006,0.9745138883590698,0.24147167801856995,0.24652117490768433,0.16453473269939423,-0.0005295248702168465,0.03204455226659775,-0.05287591740489006,-1.0,0.08670609275142786,-0.14321844098622155,1.0625599683749973,0.06426401514898046,0.1968852888933368,0.9024998346667837,0.0,0.0,0.0,0,0.0421
157,0,0.0,0.25414395382718374,0.09051712278612159,1.178023778146089,0.9039954442901973,0.2272512693005224,0.33636899450815855,0.13418269947142808,0.018935031717500866,-0.019754492494514074,0.1471549818734009,1.2770944466946232,-0.10838571318069418,-0.4698459490183918,-0.14148702207968378,2.4576248556662033,0.5245110221063515,0.07136965543031693,0.18824367225170135,0.0017597973346710205,0.0016093607991933823,0.050062257796525955,-0.03198874369263649,0.9769185781478882,0.07136965543031693,0.18824367225170135,0.0017597973346710205,0.0016093607991933823,0.050062257796525955,-0.03198874369263649,-1.0,0.08670609275142786,-0.14321844098622155,1.0625599683749973,0.06426401514898046,0.1968852888933368,0.9024998346667837,0.0,0.0,0.0,0,0.0401
158,0,0.0,0.25471551354582894,0.09198179118557771,1.1753089337103115,0.9031924418174561,0.22572136826584688,0.3394581330521056,0.13439290478590427,0.023791163676277458,-0.02455727172026221,0.1558817411115274,1.2818840186498646,-0.1340512842145976,-0.47265421178637945,-0.11694671552876468,2.4702705220751766,0.5265780525099195,-0.05872394144535065,0.14330719411373138,-0.15104562044143677,0.0007790457457304001,0.04013632610440254,-0.021294185891747475,0.9737316966056824,-0.05872394144535065,0.14330719411373138,-0.15104562044143677,0.0007790457457304001,0.04013632610440254,-0.021294185891747475,-1.0,0.08670609275142786,-0.14321844098622155,1.0625599683749973,0.06426401514898046,0.1968852888933368,0.9024998346667837,0.0,0.0,0.0,0,0.0408
159,0,0.0,0.2543197081249642,0.09358887162309042,1.1722801660438107,0.9039513296378715,0.22447580394644065,0.3382979722263058,0.13430223034667585,0.028697495281322313,-0.029454735106520198,0.16653908381268162,1.282807264843557,-0.16230421318378266,-0.47923274624703815,-0.08862307127468895,2.4733473734980373,0.526803496913569,-0.10959875583648682,0.07939545065164566,-0.3312206268310547,0.006267492659389973,0.041298359632492065,-0.0008026324212551117,0.9812323451042175,-0.10959875583648682,0.07939545065164566,-0.3312206268310547,0.006267492659389973,0.041298359632492065,-0.0008026324212551117,-1.0,0.08670609275142786,-0.14321844098622155,1.0625599683749973,0.06426401514898046,0.1968852888933368,0.9024998346667837,0.0,0.0,0.0,0,0.04
160,1,0.0532,0.2533428390949023,0.09537875352034261,1.1692109442407823,0.9055380251939317,0.22378939530115505,0.33466876066450046,0.13385070830557536,0.032915493883371706,-0.03366140761605384,0.17577035868373506,1.2828209091147575,-0.18356805641148935,-0.4848693178344489,-0.06662151907857802,2.4694152945450765,0.5265440871526689,0.30372554063796997,0.11172886192798615,0.2744781970977783,-0.00025221193209290504,0.0714757889509201,-0.07406164705753326,0.9671415686607361,0.30372554063796997,0.11172886192798615,0.2744781970977783,-0.00025221193209290504,0.0714757889509201,-0.07406164705753326,-1.0,0.08670609275142786,-0.14321844098622155,1.0625599683749973,0.06426401514898046,0.1968852888933368,0.9024998346667837,0.0,0.0,0.0,0,0.0428
161,0,0.0,0.25335090546864897,0.09592576626847114,1.1671841530285645,0.90578269349219,0.22205143469495794,0.33495675769347477,0.1343683109792545,0.035358582409492675,-0.03623112668553215,0.18083480629029589,1.2865097953972418,-0.19872798853862236,-0.48518338591493393,-0.0540025947561553,2.47346899608928,0.530458267206042,0.29329073429107666,0.07933041453361511,0.18998916447162628,-0.0003283405676484108,0.051261138170957565,-0.04973459616303444,0.9704905152320862,0.29329073429107666,0.07933041453361511,0.18998916447162628,-0.0003283405676484108,0.051261138170957565,-0.04973459616303444,-1.0,0.08670609275142786,-0.14321844098622155,1.0625599683749973,0.06426401514898046,0.1968852888933368,0.9024998346667837,0.0,0.0,0.0,0,0.0409
162,0,0.0,0.25482771254728104,0.09573136370113058,1.1645964853649196,0.903690858390297,0.2197853680460539,0.34159888360042057,0.13545267504783556,0.036776356846981766,-0.03763672585757463,0.18220385352881843,1.2958122900010132,-0.20828110036174727,-0.4829752780026615,-0.048956002432022076,2.494084088404945,0.5375764915679199,0.23225684463977814,0.04237152636051178,0.10739399492740631,0.00040566688403487206,0.01764492690563202,-0.040254056453704834,0.9678018689155579,0.23225684463977814,0.04237152636051178,0.10739399492740631,0.00040566688403487206,0.01764492690563202,-0.040254056453704834,-1.0,0.08670609275142786,-0.14321844098622155,1.0625599683749973,0.06426401514898046,0.1968852888933368,0.9024998346667837,0.0,0.0,0.0,0,0.0419
163,0,0.0,0.2563661548238414,0.09518784406333392,1.1607202361406599,0.901321116050801,0.21786326084736868,0.3486317410994055,0.1364249040017464,0.03756903465932573,-0.03842488587557258,0.18158123020641054,1.3065668706964402,-0.2130018074849974,-0.4810649032915362,-0.04900791824857588,2.5174259130278256,0.545165985215116,0.10792610049247742,0.018118523061275482,0.025199100375175476,0.007754231803119183,0.017402708530426025,-0.03278818354010582,0.962242066860199,0.10792610049247742,0.018118523061275482,0.025199100375175476,0.007754231803119183,0.017402708530426025,-0.03278818354010582,-1.0,0.08670609275142786,-0.14321844098622155,1.0625599683749973,0.06426401514898046,0.1968852888933368,0.9024998346667837,0.0,0.0,0.0,0,0.0419
164,1,0.0538,0.2572898620313491,0.09460660159079819,1.1568762378341273,0.899969815534338,0.2160057219860146,0.3530375047745563,0.13696853441190007,0.038014093767356406,-0.038863951629317224,0.1802751179383381,1.315603674508801,-0.21422471588375364,-0.47874844846902265,-0.05191175876606545,2.532885074342674,0.5526356005295449,0.3932700753211975,0.19285260140895844,0.32714414596557617,-0.009412269107997417,0.06447245180606842,-0.02400338463485241,0.978655219078064,0.3932700753211975,0.19285260140895844,0.32714414596557617,-0.009412269107997417,0.06447245180606842,-0.02400338463485241,-1.0,0.08670609275142786,-0.14321844098622155,1.0625599683749973,0.06426401514898046,0.1968852888933368,0.9024998346667837,0.0,0.0,0.0,0,0.0417
165,0,0.0,0.2584724085471034,0.0945831158092343,1.1534828311795537,0.897607722120334,0.21512725390305848,0.3593827781205225,0.13734868258723487,0.038265552134104354,-0.03910681130188755,0.1782729560778865,1.327465690512454,-0.21395064303464265,-0.47260618003561944,-0.05547773981903756,2.5527453079067937,0.5583356616172331,0.24956011772155762,0.1426832675933838,0.25605833530426025,-0.005729209166020155,0.06111259385943413,-0.020023131743073463,0.9644935727119446,0.24956011772155762,0.1426832675933838,0.25605833530426025,-0.005729209166020155,0.06111259385943413,-0.020023131743073463,-1.0,0.08670609275142786,-0.14321844098622155,1.0625599683749973,0.06426401514898046,0.1968852888933368,0.9024998346667837,0.0,0.0,0.0,0,0.0403
166,0,0.0,0.25993846259280695,0.09461465079060087,1.1490574241835938,0.8940935854491063,0.21511944295968977,0.3679241319646101,0.13766669472883117,0.03840404197708128,-0.039244702231419605,0.17738915252342072,1.341141215802435,-0.21847525697332873,-0.4684572887226848,-0.052663417696674535,2.580358998416134,0.5610410734867762,0.13871075212955475,0.07670280337333679,0.2415040284395218,-0.0024636925663799047,0.045572564005851746,-0.019253600388765335,0.9871929287910461,0.13871075212955475,0.07670280337333679,0.2415040284395218,-0.0024636925663799047,0.045572564005851746,-0.019253600388765335,-1.0,0.08670609275142786,-0.14321844098622155,1.0625599683749973,0.06426401514898046,0.1968852888933368,0.9024998346667837,0.0,0.0,0.0,0,0.0413
167,0,0.0,0.2607705924104298,0.0943707636675571,1.1454680516136238,0.8919264304730709,0.2148084899588283,0.3732294020827268,0.13792885371140895,0.03846387476770216,-0.03934086530123927,0.18040907663358405,1.3480887253726326,-0.23241970607273923,-0.4720335523034523,-0.03821706944610604,2.601247628321824,0.5605820899111663,0.10825473070144653,0.05150986462831497,0.19065196812152863,-0.0007779560983181,0.03692164644598961,-0.019279545173048973,0.9794151782989502,0.10825473070144653,0.05150986462831497,0.19065196812152863,-0.0007779560983181,0.03692164644598961,-0.019279545173048973,-1.0,0.08670609275142786,-0.14321844098622155,1.0625599683749973,0.06426401514898046,0.1968852888933368,0.9024998346667837,0.0,0.0,0.0,0,0.0406
168,1,0.0531,0.2613018117853809,0.09412031205058087,1.1435104756807586,0.8905410418596529,0.21422594512431642,0.3767734927293524,0.138150759591257,0.03851025743716673,-0.039395893211587686,0.18307089226946632,1.3524567979727513,-0.2440784565817567,-0.47427402419600695,-0.025985902580969483,2.6146363229779244,0.560331184344404,0.40041714906692505,0.25149816274642944,0.09417739510536194,-0.01465284451842308,0.03456713631749153,-0.033933207392692566,0.9692268967628479,0.40041714906692505,0.25149816274642944,0.09417739510536194,-0.01465284451842308,0.03456713631749153,-0.033933207392692566,-1.0,0.08670609275142786,-0.14321844098622155,1.0625599683749973,0.06426401514898046,0.1968852888933368,0.9024998346667837,0.0,0.0,0.0,0,0.0411
169,0,0.0,0.26211883441192396,0.09376731104231456,1.1393804858756584,0.8879511959033388,0.21395541723034314,0.38282057026384486,0.13861516552846234,0.038563985420245826,-0.03943815390186064,0.18278066633130516,1.3648697123009152,-0.25085794165502856,-0.4703290802637148,-0.020856384196057967,2.6364721555644377,0.5626962315401417,0.28714561462402344,0.1259724497795105,-0.019102290272712708,-0.00430098595097661,0.024939533323049545,-0.043343719094991684,0.9920069575309753,0.28714561462402344,0.1259724497795105,-0.019102290272712708,-0.00430098595097661,0.024939533323049545,-0.043343719094991684,-1.0,0.08670609275142786,-0.14321844098622155,1.0625599683749973,0.06426401514898046,0.1968852888933368,0.9024998346667837,0.0,0.0,0.0,0,0.0404
170,0,0.0,0.26337535205405743,0.09275639080183433,1.1315061822043988,0.8830739575934475,0.21347981660793663,0.3939272097751586,0.13938474349814825,0.038607534473216985,-0.0394804397406172,0.181699862292394,1.3836886417332763,-0.25988675579072434,-0.4699319305356298,-0.015624844940428788,2.6789492152848715,0.5679158238354107,0.1177731305360794,0.025877490639686584,-0.1263885498046875,-0.0007504476234316826,0.011104247532784939,-0.04795025289058685,0.9796035885810852,0.1177731305360794,0.025877490639686584,-0.1263885498046875,-0.0007504476234316826,0.011104247532784939,-0.04795025289058685,-1.0,0.08670609275142786,-0.14321844098622155,1.0625599683749973,0.06426401514898046,0.1968852888933368,0.9024998346667837,0.0,0.0,0.0,0,0.0404
171,0,0.0,0.2639835108666916,0.09091392696262181,1.1226115591241743,0.8794068961858292,0.2120103276831794,0.4025290926524752,0.14023359606332086,0.038647651600028934,-0.039522320752906966,0.18119383003674167,1.398154074655232,-0.2688827984677906,-0.4768785840401263,-0.012335578199067021,2.717965679431209,0.5760300959140751,0.0012469589710235596,-0.01865491271018982,-0.22067368030548096,0.0006498093716800213,0.01579400897026062,-0.039700716733932495,0.9819583296775818,0.0012469589710235596,-0.01865491271018982,-0.22067368030548096,0.0006498093716800213,0.01579400897026062,-0.039700716733932495,-1.0,0.08670609275142786,-0.14321844098622155,1.0625599683749973,0.06426401514898046,0.1968852888933368,0.9024998346667837,0.0,0.0,0.0,0,0.0413
172,1,0.0546,0.2638087430258394,0.08940348258111866,1.1154543867840165,0.8784977776020781,0.21000954762584775,0.40530698950000793,0.14093930933787,0.03868624620548999,-0.03956220479097918,0.18015877398329203,1.406983660890074,-0.2715037548766407,-0.48189964415482134,-0.017479970764915337,2.7367923814774215,0.5869851703474964,0.5397301912307739,0.3019111454486847,0.5161598920822144,-0.029400181025266647,0.07530604302883148,-0.02984590083360672,0.9993380308151245,0.5397301912307739,0.3019111454486847,0.5161598920822144,-0.029400181025266647,0.07530604302883148,-0.02984590083360672,-1.0,0.08670609275142786,-0.14321844098622155,1.0625599683749973,0.06426401514898046,0.1968852888933368,0.9024998346667837,0.0,0.0,0.0,0,0.0424
173,0,0.0,0.26374049109328657,0.08809996476471438,1.1079361270075383,0.8760920128422008,0.2093050284149525,0.41046346126527394,0.14203498541009563,0.038724760266432935,-0.039598801329074375,0.17470426083653326,1.4290109115315688,-0.2706336184110284,-0.4667154909822679,-0.02762607249226858,2.7562930039266407,0.5975518377134296,0.30458107590675354,0.19373439252376556,0.36811840534210205,-0.014158260077238083,0.06611690670251846,-0.039371781051158905,0.9993557929992676,0.30458107590675354,0.19373439252376556,0.36811840534210205,-0.014158260077238083,0.06611690670251846,-0.039371781051158905,-1.0,0.08670609275142786,-0.14321844098622155,1.0625599683749973,0.06426401514898046,0.1968852888933368,0.9024998346667837,0.0,0.0,0.0,0,0.0415
174,0,0.0,0.26377200867463213,0.08616775870084882,1.0981735121527996,0.869856890538704,0.20956360148833308,0.4231075665316602,0.14287082997320213,0.03876023424669591,-0.039635217786467794,0.16367467318704598,1.4662350748877604,-0.2659202806518684,-0.4367650718191531,-0.043022308871384106,2.7936300384521235,0.6091486233312244,0.1626567393541336,0.1848868876695633,0.2800598740577698,-0.015411811880767345,0.06219478324055672,-0.024029504507780075,0.9974848628044128,0.1626567393541336,0.1848868876695633,0.2800598740577698,-0.015411811880767345,0.06219478324055672,-0.024029504507780075,-1.0,0.08670609275142786,-0.14321844098622155,1.0625599683749973,0.06426401514898046,0.1968852888933368,0.9024998346667837,0.0,0.0,0.0,0,0.0415
175,0,0.0,0.2631740808223487,0.08399533285408506,1.0876081342874573,0.8620158300463794,0.21009199992367747,0.4386806161631089,0.14265124366886975,0.03879494817009249,-0.039669309926833304,0.1509644144473257,1.503616578061193,-0.25605904434342314,-0.4116079580803781,-0.06429658224377352,2.8427185569926623,0.6217887707398004,0.07302231341600418,0.17949804663658142,0.16631819307804108,-0.005030954722315073,0.0533849336206913,-0.01166206318885088,0.9982882738113403,0.07302231341600418,0.17949804663658142,0.16631819307804108,-0.005030954722315073,0.0533849336206913,-0.01166206318885088,-1.0,0.08670609275142786,-0.14321844098622155,1.0625599683749973,0.06426401514898046,0.1968852888933368,0.9024998346667837,0.0,0.0,0.0,0,0.0413
176,1,0.0532,0.2617829746368626,0.08186752787991528,1.0762689550001696,0.8542224655814629,0.21107269299213238,0.453635627198749,0.1413046896071472,0.03882846045660327,-0.03970164364935832,0.1399239361582702,1.5317224354640684,-0.24316041308140043,-0.4050620423327564,-0.08825562587974435,2.8996732507458796,0.6339283326322481,0.31841447949409485,0.02505633234977722,0.3674972653388977,0.0021309377625584602,0.05714583769440651,-0.057492952793836594,0.9799807667732239,0.31841447949409485,0.02505633234977722,0.3674972653388977,0.0021309377625584602,0.05714583769440651,-0.057492952793836594,-1.0,0.08670609275142786,-0.14321844098622155,1.0625599683749973,0.06426401514898046,0.1968852888933368,0.9024998346667837,0.0,0.0,0.0,0,0.0428
177,0,0.0,0.25776875226311086,0.08112961776819584,1.053821568612113,0.8535306103036386,0.20768879460045864,0.459218025180222,0.1321728687049043,0.038991592577539695,-0.03970872840533495,0.14463741917642048,1.5262301459108822,-0.23782596998510885,-0.48009895858113555,-0.08356600504218248,2.977296556364857,0.6450540313510329,0.15664513409137726,0.010704800486564636,0.2706225514411926,0.0025562220253050327,0.050107426941394806,-0.06020939350128174,1.0254008769989014,0.15664513409137726,0.010704800486564636,0.2706225514411926,0.0025562220253050327,0.050107426941394806,-0.06020939350128174,-1.0,0.08670609275142786,-0.14321844098622155,1.0625599683749973,0.06426401514898046,0.1968852888933368,0.9024998346667837,0.0,0.0,0.0,0,0.0411
178,0,0.0,0.25378957233288746,0.07849869987771987,1.0376297231328393,0.8584359084948119,0.19698324045418392,0.4575269742956692,0.12228843681520035,0.03901089729939336,-0.03984681371273079,0.15923880384589614,1.5100470170257656,-0.2579495618901877,-0.5522039870977874,-0.026921886665575774,3.0229886869665497,0.6388101029120398,0.061266012489795685,-0.003712758421897888,0.1561785787343979,0.0007675732485949993,0.028830990195274353,-0.06541719287633896,1.0239311456680298,0.061266012489795685,-0.003712758421897888,0.1561785787343979,0.0007675732485949993,0.028830990195274353,-0.06541719287633896,-1.0,0.08670609275142786,-0.14321844098622155,1.0625599683749973,0.06426401514898046,0.1968852888933368,0.9024998346667837,0.0,0.0,0.0,0,0.0409
179,0,0.0,0.2534610189139911,0.07538743220526059,1.035885316209072,0.8608432854256827,0.19173033791267383,0.4553793267817092,0.12172914277708913,0.039030925641502186,-0.0398800345947701,0.16600438194143896,1.5061791316618052,-0.2773330596321244,-0.564442428416919,0.007285350908640154,3.02310664079434,0.6326724532197026,0.0021291226148605347,-0.05194343626499176,0.020354777574539185,0.0021988623775541782,0.04513018950819969,-0.061183519661426544,0.9894152879714966,0.0021291226148605347,-0.05194343626499176,0.020354777574539185,0.0021988623775541782,0.04513018950819969,-0.061183519661426544,-1.0,0.08670609275142786,-0.14321844098622155,1.0625599683749973,0.06426401514898046,0.1968852888933368,0.9024998346667837,0.0,0.0,0.0,0,0.0417
180,1,0.0536,0.2537933949700469,0.07390268693124456,1.0367052454013592,0.8628344791861805,0.18845103833743185,0.45281966824355435,0.12229969635633729,0.03905562132248151,-0.03990207833138462,0.1696037210251678,1.5036661541505534,-0.2892751081389653,-0.5659683368229782,0.021365009201752234,3.014450510159426,0.6346862080635378,0.2748481333255768,-0.11634223163127899,-0.019405677914619446,-0.0020518682431429625,0.04801064729690552,-0.021504513919353485,1.0041965246200562,0.2748481333255768,-0.11634223163127899,-0.019405677914619446,-0.0020518682431429625,0.04801064729690552,-0.021504513919353485,-1.0,0.08670609275142786,-0.14321844098622155,1.0625599683749973,0.06426401514898046,0.1968852888933368,0.9024998346667837,0.0,0.0,0.0,0,0.0446
181,0,0.0,0.2540430909634724,0.07182191822567445,1.034108495205608,0.8640158346497286,0.18691449778351676,0.45078863070019276,0.1238112209143925,0.03907991385278668,-0.0399224868320915,0.16081235542653757,1.5347425513992694,-0.2959836209771672,-0.5122714042280827,0.02047476015942181,2.988052184302427,0.6425439216873863,-0.01680167019367218,-0.17693670094013214,-0.08674392104148865,0.0053557539358735085,0.02202792838215828,-0.021685130894184113,0.9995325207710266,-0.01680167019367218,-0.17693670094013214,-0.08674392104148865,0.0053557539358735085,0.02202792838215828,-0.021685130894184113,-1.0,0.08670609275142786,-0.14321844098622155,1.0625599683749973,0.06426401514898046,0.1968852888933368,0.9024998346667837,0.0,0.0,0.0,0,0.0433
182,0,0.0,0.2528890784813026,0.06920435758958171,1.028332221574357,0.8650781045796023,0.18579368214058115,0.44886489073222374,0.12506354593387678,0.03910413012256203,-0.03994105777015058,0.14209484292298669,1.5926384374459122,-0.2972229083182517,-0.414452830759681,0.010531384343797549,2.946018396589219,0.6538044656429712,-0.09498563408851624,-0.09956234693527222,-0.18124759197235107,0.0026069125160574913,0.014400077052414417,-0.019993286579847336,0.9845828413963318,-0.09498563408851624,-0.09956234693527222,-0.18124759197235107,0.0026069125160574913,0.014400077052414417,-0.019993286579847336,-1.0,0.08670609275142786,-0.14321844098622155,1.0625599683749973,0.06426401514898046,0.1968852888933368,0.9024998346667837,0.0,0.0,0.0,0,0.0418
183,0,0.0,0.2508863657036352,0.068166550828188,1.0247122310335366,0.8675259227309396,0.1842330707838116,0.44456550476842704,0.12577146333485645,0.039125085731624105,-0.03996105079424038,0.128197073873987,1.634345785670027,-0.2937997774501017,-0.338412079983533,-0.0040180846441218755,2.903937493175865,0.6659854228746753,-0.18353977799415588,-0.1630607396364212,-0.2792247235774994,0.0017096889205276966,0.006483773700892925,-0.02431849204003811,1.0150882005691528,-0.18353977799415588,-0.1630607396364212,-0.2792247235774994,0.0017096889205276966,0.006483773700892925,-0.02431849204003811,-1.0,0.08670609275142786,-0.14321844098622155,1.0625599683749973,0.06426401514898046,0.1968852888933368,0.9024998346667837,0.0,0.0,0.0,0,0.0418
184,1,0.0536,0.2486749306024686,0.06700602625607915,1.0225580219642283,0.8691195311695841,0.18242353368929423,0.4419373088459047,0.12666613575029023,0.039143661353508004,-0.03998167078864613,0.11591196215473167,1.667924720478091,-0.2868832432645406,-0.2766882276594237,-0.02261314384635521,2.871496557879495,0.6783634942346504,0.20101429522037506,-0.01330450177192688,-0.158702090382576,-0.0015414075460284948,0.0026950305327773094,-0.01673806831240654,1.0017040967941284,0.20101429522037506,-0.01330450177192688,-0.158702090382576,-0.0015414075460284948,0.0026950305327773094,-0.01673806831240654,-1.0,0.08670609275142786,-0.14321844098622155,1.0625599683749973,0.06426401514898046,0.1968852888933368,0.9024998346667837,0.0,0.0,0.0,0,0.0428
185,0,0.0,0.2461698101113705,0.06683028313962594,1.0139610500056475,0.8722101696048243,0.18148605666093146,0.4361115843158031,0.12696029812956391,0.039173127283722194,-0.039989707516254976,0.11338835746662401,1.679803074766919,-0.2772370160519928,-0.2694362502523664,-0.04354203700370774,2.86251383548469,0.691492082646547,0.15718688070774078,-0.04907158017158508,-0.009051278233528137,-0.0013848165981471539,0.044833362102508545,-0.01938907615840435,1.005428671836853,0.15718688070774078,-0.04907158017158508,-0.009051278233528137,-0.0013848165981471539,0.044833362102508545,-0.01938907615840435,-1.0,0.08670609275142786,-0.14321844098622155,1.0625599683749973,0.06426401514898046,0.1968852888933368,0.9024998346667837,0.0,0.0,0.0,0,0.0426
186,0,0.0,0.24507287282359957,0.06730292922484392,1.0050196789843124,0.874306071666027,0.18095497580070186,0.43208095419839804,0.12708358981350987,0.03918825182189524,-0.040006942872680216,0.1176411796492569,1.6677414567422617,-0.2683764077963348,-0.3086109288978399,-0.06643806535700181,2.8801613125091907,0.7078287160077643,0.17372557520866394,0.005040287971496582,0.06889915466308594,-0.014142864383757114,0.09011063724756241,-0.009293762966990471,1.0050386190414429,0.17372557520866394,0.005040287971496582,0.06889915466308594,-0.014142864383757114,0.09011063724756241,-0.009293762966990471,-1.0,0.08670609275142786,-0.14321844098622155,1.0625599683749973,0.06426401514898046,0.1968852888933368,0.9024998346667837,0.0,0.0,0.0,0,0.0415
187,0,0.0,0.2452816281393104,0.06779535270108324,1.0002535164057271,0.874959043749212,0.1809658981796586,0.43082873476875616,0.12682514244047016,0.0392042368583408,-0.040012077599854604,0.12436909871439904,1.6369861066642288,-0.25808589845843966,-0.37493763970173005,-0.09021416802751443,2.9119775316275405,0.7226592932893499,0.09266112744808197,-0.029132172465324402,0.04124167561531067,-0.019523365423083305,0.09396472573280334,-0.004056481644511223,1.0017592906951904,0.09266112744808197,-0.029132172465324402,0.04124167561531067,-0.019523365423083305,0.09396472573280334,-0.004056481644511223,-1.0,0.08670609275142786,-0.14321844098622155,1.0625599683749973,0.06426401514898046,0.1968852888933368,0.9024998346667837,0.0,0.0,0.0,0,0.0413
188,1,0.0533,0.2449845898390826,0.06827257387092,0.9962859517537896,0.8770285949856331,0.18114909887686872,0.42690349488621104,0.12553586582153486,0.03922400298661738,-0.04001236261267244,0.13414440970268132,1.588484958697946,-0.2467506406865021,-0.469568812986318,-0.11116392233759607,2.947548058320879,0.7349266815930966,0.5204737782478333,0.008521690964698792,-0.022253364324569702,-0.004404492676258087,0.05538748577237129,-0.0002824682742357254,1.0088077783584595,0.5204737782478333,0.008521690964698792,-0.022253364324569702,-0.004404492676258087,0.05538748577237129,-0.0002824682742357254,-1.0,0.08670609275142786,-0.14321844098622155,1.0625599683749973,0.06426401514898046,0.1968852888933368,0.9024998346667837,0.0,0.0,0.0,0,0.0438
189,0,0.0,0.2418016168544121,0.061886163641963365,0.9845405215682692,0.8857361986315633,0.1663054930582971,0.4179644547200406,0.11454075258580536,0.03922777168509336,-0.04002135782910611,0.14261903284116342,1.5697436263965927,-0.25986216474123514,-0.5294535717724489,-0.041544879519413394,2.9639328294951417,0.7165550829134383,0.24805721640586853,-0.08306834101676941,-0.09161131083965302,0.00017073936760425568,0.043463461101055145,-0.003575153648853302,0.9989621043205261,0.24805721640586853,-0.08306834101676941,-0.09161131083965302,0.00017073936760425568,0.043463461101055145,-0.003575153648853302,-1.0,0.08670609275142786,-0.14321844098622155,1.0625599683749973,0.06426401514898046,0.1968852888933368,0.9024998346667837,0.0,0.0,0.0,0,0.0419
190,0,0.0,0.2371487951155442,0.04557693013774886,0.9645890817482639,0.8897735209158153,0.15924649213521513,0.41287267408236406,0.11171298588695597,0.03924469770345616,-0.040019523987026046,0.12474901950323923,1.636859913070732,-0.2851785639608815,-0.4579551766913221,0.040656316662616765,2.949051742502586,0.6685477994189905,-0.08290959894657135,-0.2809416651725769,-0.26768118143081665,0.009177184663712978,0.04136676341295242,-0.00802135095000267,1.0054259300231934,-0.08290959894657135,-0.2809416651725769,-0.26768118143081665,0.009177184663712978,0.04136676341295242,-0.00802135095000267,-1.0,0.08670609275142786,-0.14321844098622155,1.0625599683749973,0.06426401514898046,0.1968852888933368,0.9024998346667837,0.0,0.0,0.0,0,0.0414
191,0,0.0,0.22872515041338337,0.03723925473905544,0.9408301961793587,0.8917010516426229,0.1654411787825562,0.4057330855082447,0.11348618500256727,0.039309121476894686,-0.04000709342273223,0.10353477280717648,1.7189710139934595,-0.296057883872436,-0.36215568038310597,0.06491789204795648,2.9240472377837725,0.6407437083728041,-0.32086822390556335,-0.4244235157966614,-0.4011138677597046,0.027531668543815613,-0.0024705687537789345,-0.007825846783816814,0.994404673576355,-0.32086822390556335,-0.4244235157966614,-0.4011138677597046,0.027531668543815613,-0.0024705687537789345,-0.007825846783816814,-1.0,0.08670609275142786,-0.14321844098622155,1.0625599683749973,0.06426401514898046,0.1968852888933368,0.9024998346667837,0.0,0.0,0.0,0,0.0424
192,1,0.0533,0.22332950607532476,0.03143156587638196,0.9307612350434614,0.8911233292442726,0.16613011905133035,0.40679330779539685,0.11322190756860001,0.039214472533036594,-0.04002591454079585,0.08483770172683892,1.7724353611380894,-0.3029084386516216,-0.2886053427201647,0.07681983490291194,2.9100475197007984,0.6311116718929708,-0.07209114730358124,-0.023807674646377563,-0.424912691116333,-0.036447979509830475,0.0499635674059391,-0.027718281373381615,1.01069974899292,-0.07209114730358124,-0.023807674646377563,-0.424912691116333,-0.036447979509830475,0.0499635674059391,-0.027718281373381615,-1.0,0.08670609275142786,-0.14321844098622155,1.0625599683749973,0.06426401514898046,0.1968852888933368,0.9024998346667837,0.0,0.0,0.0,0,0.0457
193,0,0.0,0.2246355834602734,0.02759447363068993,0.933573959684354,0.8940470107216872,0.1644285970649379,0.40117476388262024,0.11270309627776286,0.03934135676876996,-0.03994009231146671,0.08080227312185506,1.7628186719151075,-0.29208119812277256,-0.2924296297852594,0.07622358590799319,2.891917535433885,0.621300572496778,-0.18799060583114624,-0.13437335193157196,-0.46218323707580566,0.004056807607412338,0.04037996008992195,-0.028526857495307922,1.0220173597335815,-0.18799060583114624,-0.13437335193157196,-0.46218323707580566,0.004056807607412338,0.04037996008992195,-0.028526857495307922,-1.0,0.08418290190776856,-0.14840552492473488,1.0625545201165314,0.06426401514898046,0.1968852888933368,0.9024998346667837,0.0,0.0,0.0,0,0.0444
194,0,0.0,0.22410948689040563,0.02527365993126706,0.9313795778308995,0.8969133766035168,0.16396491296700388,0.39504941072752026,0.1122402123538566,0.03935813735631801,-0.0399546788592536,0.07710368923766245,1.7600393941215313,-0.2794724007520256,-0.29534832735934774,0.06699118547258612,2.8798641554631796,0.6174785064218785,-0.3331540822982788,-0.19666562974452972,-0.48510295152664185,0.0015034237876534462,0.039419639855623245,-0.013253536075353622,0.9899851679801941,-0.3331540822982788,-0.19666562974452972,-0.48510295152664185,0.0015034237876534462,0.039419639855623245,-0.013253536075353622,-1.0,0.08208486761163722,-0.1527194714642463,1.0625597748591626,0.06426401514898046,0.1968852888933368,0.9024998346667837,0.0,0.0,0.0,0,0.046
195,0,0.0,0.2242780273152149,0.021896374529155615,0.933778305641488,0.8995092871922951,0.16235913119453763,0.3898130875502867,0.11210848115586586,0.039359801048737285,-0.039997160151806314,0.06769253095050373,1.7645640944029282,-0.2655248330207175,-0.27162303309896435,0.053591238733695985,2.850761154813154,0.6159485149442835,-0.36043602228164673,-0.2011619657278061,-0.4765836000442505,-0.0012192875146865845,0.028227869421243668,-0.00031662359833717346,1.018898844718933,-0.36043602228164673,-0.2011619657278061,-0.4765836000442505,-0.0012192875146865845,0.028227869421243668,-0.00031662359833717346,-1.0,0.08116051608571777,-0.15462011468301295,1.0625599615466677,0.06426401514898046,0.1968852888933368,0.9024998346667837,0.0,0.0,0.0,0,0.0452
196,1,0.0534,0.225874174040677,0.01894341144995144,0.9431308917170491,0.9045900547986508,0.16077810717748378,0.3786602125053628,0.11173037401347743,0.03939598578933001,-0.03998950017040818,0.05772687577289166,1.763426119023309,-0.24612392400438157,-0.23372875367532678,0.03825680956747327,2.7889622844179676,0.6100579474015251,0.24019494652748108,-0.028692737221717834,-0.08499700576066971,-0.002387396525591612,0.06995419412851334,-0.021915776655077934,1.014486312866211,0.24019494652748108,-0.028692737221717834,-0.08499700576066971,-0.002387396525591612,0.06995419412851334,-0.021915776655077934,-1.0,0.08043842315804627,-0.15610470472173768,1.0627139943481854,0.06426401514898046,0.1968852888933368,0.9024998346667837,0.0,0.0,0.0,0,0.0464
197,0,0.0,0.226602857837147,0.01790678494045044,0.9467924800940117,0.9113020878854765,0.16003462363730445,0.36295363016942833,0.11037248841840164,0.03942271103938799,-0.039991409860849134,0.05631918308704735,1.7445335413423264,-0.22407392374398788,-0.23934891892220883,0.02173157012855248,2.7422039664090274,0.6050047076924051,-0.13954594731330872,-0.05679266154766083,-0.2600410580635071,0.0025455746799707413,0.011390837840735912,-0.008813753724098206,1.0171774625778198,-0.13954594731330872,-0.05679266154766083,-0.2600410580635071,0.0025455746799707413,0.011390837840735912,-0.008813753724098206,-1.0,0.07871349356634239,-0.15965130255764123,1.0625572430437202,0.06426401514898046,0.1968852888933368,0.9024998346667837,0.0,0.0,0.0,0,0.0451
198,0,0.0,0.22796112587198308,0.018060510594055022,0.9503731464942673,0.9168176740491146,0.15942343403972278,0.34941455971761837,0.10926567021482794,0.03943333377686438,-0.040004037927819695,0.05831256136096747,1.7156723691730988,-0.2037319332950469,-0.2655256980596311,0.0036876194203545208,2.7108444345016713,0.6038862961292518,-0.41989874839782715,-0.07611356675624847,-0.4722718596458435,0.0002495506778359413,-0.023793186992406845,-0.004323326051235199,1.019494891166687,-0.41989874839782715,-0.07611356675624847,-0.4722718596458435,0.0002495506778359413,-0.023793186992406845,-0.004323326051235199,-1.0,0.07792990730617859,-0.16126250393299338,1.0625598715796072,0.06426401514898046,0.1968852888933368,0.9024998346667837,0.0,0.0,0.0,0,0.0459
199,0,0.0,0.2282306532657964,0.018755194348499718,0.9553196469941936,0.9220479495209957,0.1587205631571872,0.3359117265725591,0.10862169933412909,0.039444103181108595,-0.040008221589785765,0.0578263992880856,1.7008967522625669,-0.18603884127334408,-0.2630184804907343,-0.015030574206466077,2.6646065534785435,0.6055539084451752,-0.4512852430343628,-0.09459348022937775,-0.5889715552330017,0.006688791327178478,-0.008800213225185871,-0.007096612825989723,1.0015952587127686,-0.4512852430343628,-0.09459348022937775,-0.5889715552330017,0.006688791327178478,-0.008800213225185871,-0.007096612825989723,-1.0,0.07758437122429178,-0.1619729921901993,1.062559964953938,0.06426401514898046,0.1968852888933368,0.9024998346667837,0.0,0.0,0.0,0,0.0451
200,1,0.0534,0.22695688554300988,0.019523518265657132,0.959597115904543,0.92754404278309,0.15758068191402336,0.32114665857869,0.10814435292170396,0.039455073236534036,-0.04000990397466672,0.056001356662431286,1.698351658245112,-0.16988000158549946,-0.23987512099519093,-0.03304529282826007,2.607870184065416,0.608559787809513,0.11408042907714844,-0.0021882355213165283,0.08056087791919708,-0.014061030931770802,0.09343419969081879,0.011862695217132568,1.0126960277557373,0.11408042907714844,-0.0021882355213165283,0.08056087791919708,-0.014061030931770802,0.09343419969081879,0.011862695217132568,-1.0,0.07743195639134444,-0.16228638625730846,1.0625599682614932,0.06426401514898046,0.1968852888933368,0.9024998346667837,0.0,0.0,0.0,0,0.0455
201,0,0.0,0.2256170378927616,0.01993439352872918,0.9618024784613473,0.9310588365780778,0.1574681028936981,0.310971403053698,0.1078425977234845,0.03946459689364512,-0.04001118776255486,0.05423759690229903,1.6974707489564012,-0.1544271847218913,-0.22478654059984296,-0.049260288515367026,2.5710662927400074,0.6087797913095259,-0.03903298079967499,-0.026393026113510132,-0.07445473223924637,-0.014511238783597946,0.08510486781597137,0.0016327537596225739,0.9956010580062866,-0.03903298079967499,-0.026393026113510132,-0.07445473223924637,-0.014511238783597946,0.08510486781597137,0.0016327537596225739,-1.0,0.07736471801259012,-0.1624246412335892,1.0625599683745162,0.06426401514898046,0.1968852888933368,0.9024998346667837,0.0,0.0,0.0,0,0.0425
202,0,0.0,0.22497762840258564,0.019873129662598146,0.962225958156418,0.9327576282221919,0.15842463815420607,0.30539029736721873,0.1077107575545748,0.03947374946712234,-0.04001179868619581,0.05269325305037569,1.6939013896191883,-0.14007753898394396,-0.224170086528405,-0.06376352783629347,2.5558045362093353,0.6068621329616924,-0.06977391242980957,-0.041356876492500305,-0.14154383540153503,-0.017516974359750748,0.0701926127076149,0.001530846580862999,1.0222618579864502,-0.06977391242980957,-0.041356876492500305,-0.14154383540153503,-0.017516974359750748,0.0701926127076149,0.001530846580862999,-1.0,0.07733505385554038,-0.16248563641829222,1.0625599683765474,0.06426401514898046,0.1968852888933368,0.9024998346667837,0.0,0.0,0.0,0,0.042
203,0,0.0,0.2242700169863265,0.019438134844578046,0.9612065706063319,0.9340698556379059,0.15937709179631934,0.3008375635934622,0.10774603347816483,0.03948271239542767,-0.040012028494516565,0.05104126645732824,1.69095524593627,-0.12739859127203892,-0.22718372819655022,-0.07715958421183367,2.5466855600432132,0.6053449972346161,-0.06301857531070709,-0.056823715567588806,-0.15908609330654144,-0.007595885545015335,0.07030527293682098,-0.0014799050986766815,1.000425934791565,-0.06301857531070709,-0.056823715567588806,-0.15908609330654144,-0.007595885545015335,0.07030527293682098,-0.0014799050986766815,-1.0,0.07732196632458002,-0.16251254688694064,1.0625599683757443,0.06426401514898046,0.1968852888933368,0.9024998346667837,0.0,0.0,0.0,0,0.0422
204,1,0.0533,0.22345312927117175,0.018864594027923974,0.959489771734717,0.9353324531519969,0.16010806230228466,0.29650873015347895,0.10770878984208326,0.03949135758431648,-0.04001211660037837,0.04938884379149085,1.6885033327037258,-0.11605054309534857,-0.2313927235115728,-0.0891475392450768,2.5396982744141896,0.6042720482975902,0.09102195501327515,-0.05567476153373718,-0.081940196454525,-0.01928316056728363,0.03684719279408455,0.017260100692510605,0.9918069243431091,0.09102195501327515,-0.05567476153373718,-0.081940196454525,-0.01928316056728363,0.03684719279408455,0.017260100692510605,-1.0,0.07731619217200666,-0.16252441964982225,1.0625599683753295,0.06426401514898046,0.1968852888933368,0.9024998346667837,0.0,0.0,0.0,0,0.0434
205,0,0.0,0.2232191937129169,0.01813795815416821,0.9576130295722423,0.9355010920724041,0.1612777260575702,0.2952725708947789,0.10789490574732931,0.03949874999705654,-0.040012534443377115,0.047497153626154864,1.6855307981400336,-0.10613747324664022,-0.24036880768979196,-0.10010849691257623,2.544000758894137,0.6026443670934823,0.029561087489128113,-0.06714175641536713,-0.1400645226240158,-0.022037018090486526,0.02415791153907776,0.014564290642738342,0.9976828098297119,0.029561087489128113,-0.06714175641536713,-0.1400645226240158,-0.022037018090486526,0.02415791153907776,0.014564290642738342,-1.0,0.0773136446325668,-0.1625296578785176,1.0625599683751443,0.06426401514898046,0.1968852888933368,0.9024998346667837,0.0,0.0,0.0,0,0.0437
206,0,0.0,0.22324670383398545,0.017105097457156954,0.9549822120282483,0.9349783181679677,0.16288004814241186,0.2958350590491844,0.10847696672698985,0.039506445757054,-0.04001248395230935,0.045378723833205355,1.6819182502524552,-0.0978024304283577,-0.25416372059702474,-0.11053533180426421,2.555863972089218,0.6009569523579533,-0.11304759979248047,-0.15479044616222382,-0.24420419335365295,-0.0010366975329816341,0.021250039339065552,0.006546005606651306,1.0100692510604858,-0.11304759979248047,-0.15479044616222382,-0.24420419335365295,-0.0010366975329816341,0.021250039339065552,0.006546005606651306,-1.0,0.0773125206630935,-0.162531968974886,1.0625599683750626,0.06426401514898046,0.1968852888933368,0.9024998346667837,0.0,0.0,0.0,0,0.0418
207,0,0.0,0.2226240940955619,0.01578141678412504,0.9521646575773357,0.935652705685927,0.16374597030942292,0.29309463990665297,0.10879707536518322,0.03951346590398728,-0.04001262416565075,0.04324198364612039,1.678194107897841,-0.09022960978654496,-0.26505173300326534,-0.11950125489801705,2.5573671455504035,0.599775335379894,-0.2442425787448883,-0.24191804230213165,-0.324612557888031,0.0005211890675127506,0.030386704951524734,-0.005397144705057144,0.9999110698699951,-0.2442425787448883,-0.24191804230213165,-0.324612557888031,0.0005211890675127506,0.030386704951524734,-0.005397144705057144,-1.0,0.07731202476946303,-0.1625329886271059,1.0625599683750266,0.06426401514898046,0.1968852888933368,0.9024998346667837,0.0,0.0,0.0,0,0.0421
208,1,0.0535,0.22131869524833572,0.013948375897716655,0.9502181225648478,0.937829986414545,0.1635117039120413,0.28619596439400774,0.10876906375462912,0.03951913784285713,-0.040013142271359756,0.0407968638726874,1.6752256263995375,-0.08307631321723835,-0.2681446790264062,-0.12657778217991708,2.5429857066360295,0.5985300212237251,0.3623655438423157,-0.006648719310760498,0.02764160931110382,-0.008237995207309723,0.09992192685604095,0.005801917985081673,1.0103085041046143,0.3623655438423157,-0.006648719310760498,0.02764160931110382,-0.008237995207309723,0.09992192685604095,0.005801917985081673,-1.0,0.07731180598185174,-0.16253343849631144,1.0625599683750109,0.06426401514898046,0.1968852888933368,0.9024998346667837,0.0,0.0,0.0,0,0.0437
209,0,0.0,0.2201436600819564,0.012138442968445604,0.9477273502747157,0.9395099537523004,0.16392419823859192,0.280523104993469,0.10842827858546356,0.0395271904501246,-0.04001225243559246,0.03820485031759824,1.6716170578752114,-0.07604505892362046,-0.2757927448932533,-0.13232665089903597,2.535953705065756,0.5953375504132015,0.24099403619766235,-0.05673183500766754,-0.04593534767627716,4.502478986978531e-05,0.07527211308479309,-0.007907968014478683,1.0092447996139526,0.24099403619766235,-0.05673183500766754,-0.04593534767627716,4.502478986978531e-05,0.07527211308479309,-0.007907968014478683,-1.0,0.07731170945303024,-0.16253363697804443,1.062559968375004,0.06426401514898046,0.1968852888933368,0.9024998346667837,0.0,0.0,0.0,0,0.043
210,0,0.0,0.21985423506862517,0.010312949753853195,0.9437704752337057,0.9393769151478978,0.16492123810460946,0.2805582397104726,0.1079771764764267,0.03953358702552377,-0.0400123641583595,0.03513434504749461,1.6659099992392736,-0.06995086561103095,-0.296505483564869,-0.13770015523768941,2.552014002089877,0.5926115302677565,0.062249764800071716,-0.12686823308467865,-0.09944863617420197,-0.0017454393673688173,0.06491567939519882,-0.008388525806367397,1.0277522802352905,0.062249764800071716,-0.12686823308467865,-0.09944863617420197,-0.0017454393673688173,0.06491567939519882,-0.008388525806367397,-1.0,0.07731166686463099,-0.16253372454794487,1.0625599683750007,0.06426401514898046,0.1968852888933368,0.9024998346667837,0.0,0.0,0.0,0,0.0452
211,0,0.0,0.21961789994021277,0.008200672243904339,0.9393057991244737,0.9390246170730021,0.1653374157971852,0.28164670265732655,0.10757063888749996,0.03953959896472831,-0.040012484422585835,0.031842075338066766,1.658593628288759,-0.06504969394079554,-0.32200940898421493,-0.1428755751729732,2.5725360648351567,0.5917606643558408,0.008644983172416687,-0.15496020019054413,-0.10803420841693878,0.0015102475881576538,0.054511476308107376,-0.005028862506151199,1.0019739866256714,0.008644983172416687,-0.15496020019054413,-0.10803420841693878,0.0015102475881576538,0.054511476308107376,-0.005028862506151199,-1.0,0.07731164807468006,-0.16253376318368037,1.0625599683749996,0.06426401514898046,0.1968852888933368,0.9024998346667837,0.0,0.0,0.0,0,0.0446
212,1,0.0532,0.21909660104547823,0.0060463760346324,0.9358102486036699,0.9394895300855014,0.1653525555343387,0.2802418298308497,0.1071562972999831,0.03954516386852295,-0.04001262217092187,0.028803303821783022,1.6493637206875276,-0.06053685673779139,-0.3460292110002856,-0.1476246289740789,2.584550055679001,0.5912224340718367,0.029131680727005005,-0.029422909021377563,-0.029923781752586365,-0.015098638832569122,0.00513069611042738,-0.004912133328616619,1.0097365379333496,0.029131680727005005,-0.029422909021377563,-0.029923781752586365,-0.015098638832569122,0.00513069611042738,-0.004912133328616619,-1.0,0.07731163978457604,-0.16253378022972098,1.062559968374999,0.06426401514898046,0.1968852888933368,0.9024998346667837,0.0,0.0,0.0,0,0.0487
213,0,0.0,0.21911335744471744,0.004669508621815489,0.9345104688235308,0.9396586013386655,0.16556592753178112,0.279574057412774,0.10708866883364476,0.03955103802196541,-0.04001246051319393,0.026671035353893747,1.6387050606305198,-0.05642361928686053,-0.36776861528362614,-0.1532039931757757,2.594608153647485,0.5915860540912078,0.05099786818027496,-0.03503699600696564,0.0401473343372345,-0.013499145396053791,0.05765018239617348,0.0001596882939338684,1.005756139755249,0.05099786818027496,-0.03503699600696564,0.0401473343372345,-0.013499145396053791,0.05765018239617348,0.0001596882939338684,-1.0,0.07672528761303103,-0.1637394004521015,1.0625573940349353,0.06426401514898046,0.1968852888933368,0.9024998346667837,0.0,0.0,0.0,0,0.0451
214,0,0.0,0.21912966639631096,0.003756038251353174,0.9336508628298283,0.939776647654116,0.1661312612678802,0.27874637325398816,0.10733459810928742,0.03955747619174193,-0.04001201788489614,0.025052592191561692,1.6276233887450942,-0.05250796613410569,-0.3891886332647222,-0.15977717992435406,2.6033411021468535,0.5924877835960664,0.05698927491903305,-0.027332916855812073,0.014183342456817627,-0.010904914699494839,0.05603810027241707,0.00041756220161914825,1.0078142881393433,0.05698927491903305,-0.027332916855812073,0.014183342456817627,-0.010904914699494839,0.05603810027241707,0.00041756220161914825,-1.0,0.07638878477537521,-0.16443131430730862,1.0625598769271927,0.06426401514898046,0.1968852888933368,0.9024998346667837,0.0,0.0,0.0,0,0.0476
215,0,0.0,0.21901441507903785,0.0030661456528987257,0.9325324016459798,0.9398053283698277,0.16700249793786726,0.2780652901975125,0.10749792945710789,0.03956336049430637,-0.04001190050544939,0.023399294744773192,1.6165884956287317,-0.048150191643585465,-0.41144204951414676,-0.16696979701596004,2.6134109065924815,0.5933314738149558,0.05298689007759094,-0.03331688046455383,0.0023476332426071167,-0.011348040774464607,0.04128040373325348,0.0012728050351142883,0.9787023067474365,0.05298689007759094,-0.03331688046455383,0.0023476332426071167,-0.011348040774464607,0.04128040373325348,0.0012728050351142883,-1.0,0.07619069949116335,-0.16483861572292638,1.0625599651185715,0.06426401514898046,0.1968852888933368,0.9024998346667837,0.0,0.0,0.0,0,0.0467
216,1,0.0536,0.21888401669371982,0.0024474760251793765,0.9312627831952429,0.9395700951099317,0.1679400818596628,0.27821196695360145,0.10771381863015879,0.039568442647770576,-0.04001208429152394,0.021339977269649292,1.6057938449565152,-0.04301233825906458,-0.4344736433430372,-0.17591773615944598,2.626186629462532,0.5950881377583065,0.3079734742641449,0.05930234491825104,0.21627391874790192,-0.003002924146130681,0.12889736890792847,0.007708033546805382,1.0288995504379272,0.3079734742641449,0.05930234491825104,0.21627391874790192,-0.003002924146130681,0.12889736890792847,0.007708033546805382,-1.0,0.07578936290590196,-0.16566384077250335,1.0625599682650515,0.06426401514898046,0.1968852888933368,0.9024998346667837,0.0,0.0,0.0,0,0.0464
217,0,0.0,0.21875384449995794,0.002242030039502886,0.928819776360852,0.9383073886212182,0.1695447839910444,0.28154139838017306,0.1075558072741586,0.03957526905560475,-0.040011334044126455,0.017888724936408876,1.5978045148184292,-0.03422304746692989,-0.4589889026439073,-0.18923950447791169,2.650252802740824,0.5973037263266237,0.2515348792076111,0.00875447690486908,0.17753703892230988,-0.0033150692470371723,0.13911905884742737,0.007640767842531204,1.0317580699920654,0.2515348792076111,0.00875447690486908,0.17753703892230988,-0.0033150692470371723,0.13911905884742737,0.007640767842531204,-1.0,0.0752040905981382,-0.1668672380258793,1.0625551071836463,0.06426401514898046,0.1968852888933368,0.9024998346667837,0.0,0.0,0.0,0,0.0474
218,0,0.0,0.21879589594982804,0.0022111960727298433,0.9260324866437295,0.9357927721106858,0.1718058781289303,0.2886771517828988,0.10695854311020472,0.03957786885453567,-0.039994977585056074,0.013358332049900584,1.5840689899632419,-0.02473201378491325,-0.4979465911198154,-0.20465964805280773,2.690682412365401,0.6004913256227454,0.16147272288799286,0.004157543182373047,0.10468713939189911,-0.005916171707212925,0.1410416066646576,0.002647601068019867,1.050353765487671,0.16147272288799286,0.004157543182373047,0.10468713939189911,-0.005916171707212925,0.1410416066646576,0.002647601068019867,-1.0,0.07432765057253186,-0.16866930987724463,1.062555959585567,0.06426401514898046,0.1968852888933368,0.9024998346667837,0.0,0.0,72.38307248190362,1,0.0481
219,0,0.0,0.2194327056598804,0.00215622039018362,0.9264560572217249,0.9332524381596525,0.1738435217036499,0.295960639094344,0.1059510110268086,0.03958199952587357,-0.040052416956505,0.011263788347079397,1.5658841055908297,-0.02316503270042289,-0.5376733145695776,-0.20670245468227547,2.72747551991714,0.5987120257727038,0.0922936424612999,-0.017387285828590393,0.04218268394470215,-0.0030414098873734474,0.12472488731145859,0.00012205168604850769,1.0273936986923218,0.0922936424612999,-0.017387285828590393,0.04218268394470215,-0.0030414098873734474,0.12472488731145859,0.00012205168604850769,-1.0,0.07361908056959933,-0.17012621841851777,1.0625566034080107,0.06426401514898046,0.1968852888933368,0.9024998346667837,0.0,0.0,50.45709305623752,1,0.0484
