step,query,infer_s,eef_x,eef_y,eef_z,eef_qx,eef_qy,eef_qz,eef_qw,gripper_q0,gripper_q1,joint_0,joint_1,joint_2,joint_3,joint_4,joint_5,joint_6,act_raw_0,act_raw_1,act_raw_2,act_raw_3,act_raw_4,act_raw_5,act_raw_6,act_env_0,act_env_1,act_env_2,act_env_3,act_env_4,act_env_5,act_env_6,akita_black_bowl_1_x,akita_black_bowl_1_y,akita_black_bowl_1_z,plate_1_x,plate_1_y,plate_1_z,force_akita_black_bowl_1,force_plate_1,force_other,n_contacts,sim_s
0,1,0.7543,-0.21105704521519358,0.010661800072859788,1.1654340034783894,0.9995753772839433,0.0018412676984492227,-0.029079212932853447,0.0002724630802320577,0.03872217662895952,-0.03872341112585576,0.007295129113512137,-0.15474485611572683,0.01613999032816503,-2.4603184284589403,0.004089318054157637,2.247447272640108,0.8027670946391919,0.1280365256251389,0.20164131634132387,0.08439037138450534,0.00022221714684994565,0.019578556430820793,-7.062274764693677e-05,0.990234375,0.1280365256251389,0.20164131634132387,0.08439037138450534,0.00022221714684994565,0.019578556430820793,-7.062274764693677e-05,-1.0,-0.22211366121206863,0.19678776032656922,0.9343990250862266,0.049885784259328186,0.20180292461459565,0.9024995673059236,0.0,0.0,0.0,0,0.0374
1,0,0.0,-0.2107170544075004,0.011765477962579705,1.1656402174976208,0.9995899709502604,0.001905816979543673,-0.028570186319579402,-4.786399444910508e-05,0.03887574222238192,-0.03881416410305766,0.007818130609480802,-0.1544755733690111,0.01797939572264882,-2.4596031678876664,0.005438504173254185,2.248054904209044,0.8040224405311249,0.1923652597502944,0.32954735553361225,0.07160960962067908,0.0009710286425249764,0.010518367104891457,0.0015809886215774616,0.98779296875,0.1923652597502944,0.32954735553361225,0.07160960962067908,0.0009710286425249764,0.010518367104891457,0.0015809886215774616,-1.0,-0.22211317208242254,0.1967895568059379,0.9344009677437313,0.04988578426850228,0.2018029246446038,0.9024997617621902,0.0,0.0,0.0,0,0.0356
2,0,0.0,-0.20959026757409402,0.014654499958456258,1.1660254061784312,0.9996141589402786,0.0025457226209181782,-0.027653654696455372,-0.0005726468239068052,0.03896761121857855,-0.03886700252893419,0.009159586450955241,-0.15241915109522625,0.022707198175823236,-2.4566271857291313,0.007996836332511456,2.2490494194885633,0.8070657375119559,0.3573344366045853,0.5091600914206553,0.0507552862962215,0.00028179999704344705,0.02664878169291554,0.009113947793405824,0.990234375,0.3573344366045853,0.5091600914206553,0.0507552862962215,0.00028179999704344705,0.02664878169291554,0.009113947793405824,-1.0,-0.22211304662764672,0.1967900546772706,0.9344014969388695,0.049885784270651747,0.2018029246535472,0.9024998147869767,0.0,0.0,0.0,0,0.0356
3,0,0.0,-0.2073529508746735,0.01950559991861699,1.1660382846542776,0.9996476447818797,0.003632488616919227,-0.026264798236761006,-0.0012456653121216132,0.03903880400632601,-0.03891027408647075,0.011399969860194094,-0.14661156770710967,0.030636221268015053,-2.4508841603204297,0.011583311284004428,2.252006171868783,0.8125922170080322,0.447728506113786,0.6589312128813247,0.028274839265205576,-0.004750535323353219,0.032923021329476415,0.01056414314199311,0.98681640625,0.447728506113786,0.6589312128813247,0.028274839265205576,-0.004750535323353219,0.032923021329476415,0.01056414314199311,-1.0,-0.22211301661599755,0.19679020304735328,0.934401648239376,0.04988578427114308,0.2018029246561901,0.9024998292459088,0.0,0.0,0.0,0,0.0366
4,0,0.0,-0.20397040326459137,0.026395364720937967,1.1654498372673807,0.9996777292671184,0.005043805204996643,-0.024808182479060234,-0.0018846003492707982,0.03909876361810658,-0.03895028910870294,0.014529108026016225,-0.13616147627925693,0.04185204594791815,-2.4417119548375417,0.015487246803042873,2.2563330761886755,0.8214508496961467,0.45984952907070153,0.7058519902812836,-0.003255378459490643,-0.005909985381172614,0.02931767467264665,0.010403010325483408,0.9912109375,0.45984952907070153,0.7058519902812836,-0.003255378459490643,-0.005909985381172614,0.02931767467264665,0.010403010325483408,-1.0,-0.22211301084063031,0.19679025481793586,0.934401695248162,0.049885784271251545,0.20180292465696556,0.9024998331886069,0.0,0.0,0.0,0,0.0357
5,0,0.0,-0.19984034329067232,0.034697378717947334,1.1644554244111238,0.9996965502825537,0.006365329660929786,-0.023687515400928318,-0.0022784963460323396,0.039146233219250405,-0.03898862103945773,0.01820030882598795,-0.1221341175210684,0.055261101545101325,-2.4294074211124905,0.01870569875927751,2.2604544594585554,0.8337224480360006,0.4454686543760559,0.7306261607484621,-0.02838273408961378,-0.003563709361390874,0.023043435036085774,0.010262019111037413,0.99658203125,0.4454686543760559,0.7306261607484621,-0.02838273408961378,-0.003563709361390874,0.023043435036085774,0.010262019111037413,-1.0,-0.22211301072072,0.19679027823273815,0.9344017122078049,0.049885784271274256,0.20180292465719177,0.9024998342637116,0.0,0.0,0.0,0,0.037
6,0,0.0,-0.19532691845588335,0.043777398160092774,1.1632743573444002,0.9997047214156937,0.007473532473202649,-0.02298296887949077,-0.0025297100673990786,0.03918968187534713,-0.039025185847419895,0.022104849268526426,-0.10586543148924506,0.06970639059747277,-2.4146968991215174,0.021120985243615324,2.2636156196666093,0.8482643781967042,0.4401271866323305,0.7520220352428435,-0.09807782558297917,-0.0004017924328792444,0.0252909238611225,0.0075026196283088376,0.99609375,0.4401271866323305,0.7520220352428435,-0.09807782558297917,-0.0004017924328792444,0.0252909238611225,0.0075026196283088376,-1.0,-0.22211301155441723,0.19679029219289204,0.9344017197276557,0.04988578427127859,0.20180292465725744,0.9024998345568738,0.0,0.0,0.0,0,0.0367
7,0,0.0,-0.19064470520606408,0.05335121199550273,1.1616755482433296,0.9997020401628198,0.00835735175534158,-0.022758702197236504,-0.0028332031748657576,0.03923141145644015,-0.03905992591028645,0.026104500194274467,-0.08747204553152715,0.08459733016730413,-2.3983706405693757,0.023008649626290803,2.266353924271273,0.8641943581095355,0.43067689754727756,0.7700396137644276,-0.19781341291855226,-7.730745142006668e-05,0.02337119382307029,0.0020845286731702717,0.9951171875,0.43067689754727756,0.7700396137644276,-0.19781341291855226,-7.730745142006668e-05,0.02337119382307029,0.0020845286731702717,-1.0,-0.22211301225355742,0.19679030227218317,0.9344017237722424,0.04988578427127928,0.20180292465727637,0.9024998346368139,0.0,0.0,0.0,0,0.0378
8,1,0.7293,-0.18584032831948485,0.06324293894368035,1.1592030088688758,0.9996910600668506,0.008928450335439542,-0.022971795875841885,-0.003219284277877323,0.03927150571318442,-0.039093021017730246,0.030120407742484073,-0.06640203331992803,0.09961857394319891,-2.381055272871411,0.02421645328745895,2.269952638732217,0.8813754682761494,0.4286224868766141,0.7719164448604261,-0.12592162799702933,-0.0019231680469415646,0.024916342390283036,0.006153132290040136,0.99267578125,0.4286224868766141,0.7719164448604261,-0.12592162799702933,-0.0019231680469415646,0.024916342390283036,0.006153132290040136,-1.0,-0.22211301264166472,0.19679031034564629,0.9344017262256741,0.04988578427127933,0.20180292465728178,0.9024998346586124,0.0,0.0,0.0,0,0.041
9,0,0.0,-0.18097282176442994,0.07330850976472779,1.1565601549706273,0.9996771416692067,0.0093708847988761,-0.023349091178515018,-0.003552306758561172,0.03930991617997309,-0.03912466296723741,0.03412208481945853,-0.04439587937404481,0.11456854390845449,-2.362530560173092,0.024364219016096835,2.2729632290679125,0.899420833381907,0.40520220523104833,0.7767962057100217,-0.2015791730811083,-0.0003744165287362794,0.020655478159484236,0.0013594309988766151,0.9951171875,0.40520220523104833,0.7767962057100217,-0.2015791730811083,-0.0003744165287362794,0.020655478159484236,0.0013594309988766151,-1.0,-0.22211301275143952,0.19679031719234635,0.9344017277869332,0.04988578427127933,0.2018029246572833,0.9024998346645562,0.0,0.0,0.0,0,0.0372
10,0,0.0,-0.17614750608420218,0.08347861696941702,1.1538628519232705,0.9996594854934493,0.009684648479331148,-0.023914884982645563,-0.003898579622054979,0.03934677576214015,-0.03915485422546579,0.038102082792077996,-0.021751549247483546,0.12930372567076703,-2.3430702270626074,0.02367365482256024,2.27527926378972,0.9180700230071549,0.3893832430669383,0.7689135151068287,-0.2713027930605536,0.0003848622244051608,0.0175183583412038,0.00029192608949987764,0.99609375,0.3893832430669383,0.7689135151068287,-0.2713027930605536,0.0003848622244051608,0.0175183583412038,0.00029192608949987764,-1.0,-0.22211301264805225,0.1967903232192828,0.9344017287787088,0.04988578427127933,0.20180292465728375,0.9024998346661771,0.0,0.0,0.0,0,0.0365
11,0,0.0,-0.17137513121294215,0.09365806904375838,1.1505082576336483,0.9996391374868214,0.009797051607852325,-0.024642536194339412,-0.004284623006299028,0.039381887091303525,-0.03918392152848379,0.042047581318251676,0.0023812952251774633,0.1436644994364944,-2.323326629294662,0.022042524947718443,2.278461975640109,0.9372891547645161,0.38630162706094284,0.7482683730508466,-0.3123838130157096,0.002264137526454102,0.019274208985763736,-0.002356694581878288,0.994140625,0.38630162706094284,0.7482683730508466,-0.3123838130157096,0.002264137526454102,0.019274208985763736,-0.002356694581878288,-1.0,-0.22211301238897208,0.19679032867696283,0.9344017293830383,0.04988578427127933,0.20180292465728375,0.9024998346666192,0.0,0.0,0.0,0,0.0364
12,0,0.0,-0.1666529760178602,0.10370406506873454,1.1464859008745316,0.9996173324677206,0.009718563243867218,-0.025465966704839346,-0.0047140957118190436,0.03941510227957041,-0.03921213700445793,0.045933644346936565,0.0278688999493468,0.1574146590549426,-2.303424794353011,0.019442399682839475,2.2826081106066898,0.9568051791336756,0.3698663416956337,0.7167376106380743,-0.36259394851645577,0.0009484837802895968,0.009394622692373095,-0.012905858662747544,0.990234375,0.3698663416956337,0.7167376106380743,-0.36259394851645577,0.0009484837802895968,0.009394622692373095,-0.012905858662747544,-1.0,-0.222113012018033,0.1967903337332738,0.9344017297164962,0.04988578427127933,0.20180292465728375,0.9024998346667397,0.0,0.0,0.0,0,0.0372
13,0,0.0,-0.16192294166216667,0.11340846617657423,1.1419271458449711,0.9996013640445341,0.009198268523376019,-0.026198378042393736,-0.0051136918586406925,0.03944611523931928,-0.03923992601103971,0.04972287684542278,0.054357640516680995,0.17024565745460873,-2.2834535007302126,0.015630729961489086,2.2878020858290773,0.9769411201819165,0.31686254639251155,0.6638109737309204,-0.45091814142004116,-0.00022143353499622098,-0.007537630356666658,-0.03934674677188574,0.99267578125,0.31686254639251155,0.6638109737309204,-0.45091814142004116,-0.00022143353499622098,-0.007537630356666658,-0.03934674677188574,-1.0,-0.2221130115672071,0.19679033850493807,0.9344017298585079,0.04988578427127933,0.20180292465728375,0.9024998346667725,0.0,0.0,0.0,0,0.0378
14,0,0.0,-0.1572747624582522,0.12252376175231376,1.1367157286617449,0.9995997375105709,0.0075855404314621455,-0.0267262629610633,-0.005341461718980876,0.039474673789688844,-0.0392676558968387,0.05339406402497736,0.08154223497762675,0.1818556476442681,-2.264177351735566,0.010326252393101932,2.2946371921189317,0.9988872003252569,0.2528676540013388,0.5403154876142282,-0.6271100714499325,0.002277020304874311,-0.02730265577892982,-0.07967023410343754,0.99560546875,0.2528676540013388,0.5403154876142282,-0.6271100714499325,0.002277020304874311,-0.02730265577892982,-0.07967023410343754,-1.0,-0.2221130110594539,0.1967903430742914,0.934401729864634,0.04988578427127933,0.20180292465728375,0.9024998346667815,0.0,0.0,0.0,0,0.0371
15,0,0.0,-0.15283870244028283,0.13057272952594154,1.1302304939132937,0.9996118213630695,0.00396020423380844,-0.027052777831861646,-0.005354492059234925,0.03949979788821057,-0.03929642123431334,0.056825658197772876,0.10984027565423189,0.19155499266241793,-2.246935809331997,0.0034711307972563636,2.3048262104784656,1.023716419532324,0.1334293536356309,0.38003411201596804,-0.8211037767937247,0.01488281898905515,-0.01605277437834718,-0.10069806665795308,0.99658203125,0.1334293536356309,0.38003411201596804,-0.8211037767937247,0.01488281898905515,-0.01605277437834718,-0.10069806665795308,-1.0,-0.22211301051116733,0.19679034749973562,0.9344017297741521,0.04988578427127933,0.20180292465728375,0.9024998346667837,0.0,0.0,0.0,0,0.0361
16,1,0.7355,-0.14926977749327985,0.13720350124419034,1.12166400791084,0.9995890221841053,-0.0015834325845741626,-0.028116578549821997,-0.005360735110510051,0.03952205400998969,-0.039325765374949695,0.059916537004207786,0.1394060425662154,0.19896342477753676,-2.2334669097223094,-0.003613203678536094,2.3184245787687874,1.0497780082154649,0.08072087986641674,0.2747438875304601,-0.8786172047309431,0.04010729913583705,-0.02935114819758311,-0.11934919016895058,1.001953125,0.08072087986641674,0.2747438875304601,-0.8786172047309431,0.04010729913583705,-0.02935114819758311,-0.11934919016895058,-1.0,-0.22211300993402877,0.19679035182278218,0.9344017296149437,0.04988578427127933,0.20180292465728375,0.9024998346667837,0.0,0.0,0.0,0,0.0389
17,0,0.0,-0.14642871653977674,0.14261362355260265,1.1116862855895393,0.9995140231770849,-0.008438839447653002,-0.02937315638620052,-0.006141754231859174,0.039543071209930836,-0.039354156030647236,0.06261922085312355,0.16902137278572893,0.2042227260767367,-2.2235883192982993,-0.008753997846181387,2.335822695931517,1.0745005415260485,-0.009480588642409082,0.16621612940435482,-0.9114820206950679,0.05425258984123363,-0.03638625644678661,-0.14110212039775977,1.0068359375,-0.009480588642409082,0.16621612940435482,-0.9114820206950679,0.05425258984123363,-0.03638625644678661,-0.14110212039775977,-1.0,-0.22211300933635555,0.19679035607296014,0.9344017294068316,0.04988578427127933,0.20180292465728375,0.9024998346667837,0.0,0.0,0.0,0,0.0361
18,0,0.0,-0.1443021612534229,0.14678377224077363,1.10112196705862,0.9993699249758501,-0.016463132224836474,-0.030451808832972452,-0.007836176995831919,0.039562067929108415,-0.03938246871030561,0.06487791002981816,0.19702716349501692,0.20739147134097347,-2.217459675936834,-0.011211280674176897,2.3562753903750226,1.0970986722555713,-0.100080099218676,0.09646252870214067,-0.9311096191180869,0.056416896615829826,-0.028812687333251374,-0.1489170619984801,1.0078125,-0.100080099218676,0.09646252870214067,-0.9311096191180869,0.056416896615829826,-0.028812687333251374,-0.1489170619984801,-1.0,-0.22211300872406795,0.19679036027128077,0.934401729163918,0.04988578427127933,0.20180292465728375,0.9024998346667837,0.0,0.0,0.0,0,0.0372
19,0,0.0,-0.14328036747522585,0.1497214169956762,1.0901772178606925,0.9991287319935788,-0.02520472919157074,-0.0317249056664096,-0.010001444482625865,0.03957999026821025,-0.039409845276798174,0.06676998468265902,0.22263170077733707,0.20884305396733233,-2.215588911861691,-0.011414876730719392,2.3786168185960403,1.1173536468752105,-0.2667955251430311,0.05459159996985219,-0.9315660748953664,0.052912780885531224,-0.024247475657395517,-0.14287458137936643,1.0029296875,-0.2667955251430311,0.05459159996985219,-0.9315660748953664,0.052912780885531224,-0.024247475657395517,-0.14287458137936643,-1.0,-0.2221130081013794,0.19679036443269635,0.9344017288962375,0.04988578427127933,0.20180292465728375,0.9024998346667837,0.0,0.0,0.0,0,0.0371
20,0,0.0,-0.14383834095770967,0.15173805175553529,1.0790998335437587,0.9987885178640987,-0.03385763989257945,-0.0335839538588007,-0.012135684857079682,0.03959752740399449,-0.03943567218438065,0.06849260297580549,0.24496043550807642,0.20939616789542834,-2.218459720655018,-0.010063327119962643,2.401428628966959,1.1351943280521628,-0.39006016538285004,0.046098939260459604,-0.9306531633408074,0.04033918914740092,-0.034407998053915756,-0.1375571984345464,0.99609375,-0.39006016538285004,0.046098939260459604,-0.9306531633408074,0.04033918914740092,-0.034407998053915756,-0.1375571984345464,-1.0,-0.22211300747128873,0.19679036856784804,0.934401728610931,0.04988578427127933,0.20180292465728375,0.9024998346667837,0.0,0.0,0.0,0,0.0361
21,0,0.0,-0.1459448796235744,0.15312235825173273,1.0681903960153185,0.998386456210957,-0.042077462967100965,-0.03550088675221157,-0.013916113127782724,0.03961473678629214,-0.039459967369222984,0.07025334617345246,0.263656692528259,0.20954553865860798,-2.226195526751882,-0.008427457675470281,2.4253845704144013,1.1516369749688309,-0.48661746690404156,0.0628027360148451,-0.9260886055680122,0.02691533403353641,-0.039183911807118804,-0.1279697958522194,0.99365234375,-0.48661746690404156,0.0628027360148451,-0.9260886055680122,0.02691533403353641,-0.039183911807118804,-0.1279697958522194,-1.0,-0.22211300683592994,0.19679037268430838,0.9344017283130802,0.04988578427127933,0.20180292465728375,0.9024998346667837,0.0,0.0,0.0,0,0.0391
22,0,0.0,-0.14942462182579797,0.15420942902162998,1.0574000487921922,0.9979640664934908,-0.049718961848433774,-0.036946356169625875,-0.015189258911338687,0.039631916350143674,-0.03948250924142668,0.07228993255790452,0.27936113120389455,0.20971481684629434,-2.2385546087192414,-0.007718160457682778,2.451687329454282,1.167963323012617,-0.5334580301951728,0.06880859552203988,-0.9283708844544097,0.024673730588418902,-0.03736953280774019,-0.11918805735244088,0.9892578125,-0.5334580301951728,0.06880859552203988,-0.9283708844544097,0.024673730588418902,-0.03736953280774019,-0.11918805735244088,-1.0,-0.22211300619682184,0.19679037678746664,0.9344017280063023,0.04988578427127933,0.20180292465728375,0.9024998346667837,0.0,0.0,0.0,0,0.0372
23,0,0.0,-0.15409423322144966,0.15531585302681608,1.0465410176970937,0.9975353349947229,-0.056825137464881936,-0.03781897835519,-0.016244508771649825,0.03964889115855486,-0.03950354793984423,0.07468501372266573,0.2932549345016714,0.21019493674197307,-2.254785953867785,-0.0076913397190787654,2.4810970690479546,1.184450217755281,-0.5712591865353839,0.07237457460443675,-0.916046578467863,0.02314067995641328,-0.0339982995701851,-0.11000348681138812,0.98681640625,-0.5712591865353839,0.07237457460443675,-0.916046578467863,0.02314067995641328,-0.0339982995701851,-0.11000348681138812,-1.0,-0.22211300555504543,0.19679038088115838,0.9344017276931713,0.04988578427127933,0.20180292465728375,0.9024998346667837,0.0,0.0,0.0,0,0.0382
24,1,0.7422,-0.15974854146969233,0.15647550828694862,1.0355609996541264,0.9970991934429984,-0.06350001735091332,-0.03820730643352214,-0.017353615382670953,0.03966513764957806,-0.03952368160927974,0.07737292777931729,0.30615555458120736,0.21093137734787779,-2.274019201360127,-0.007832373221132404,2.5135196879070296,1.2007443637129442,-0.6213868068995769,0.050462571558655855,-0.8699445449626324,0.0384067723843686,-0.044568520450435994,-0.08414166976158166,1.0146484375,-0.6213868068995769,0.050462571558655855,-0.8699445449626324,0.0384067723843686,-0.044568520450435994,-0.08414166976158166,-1.0,-0.2221130049113699,0.19679038496811319,0.9344017273755183,0.04988578427127933,0.20180292465728375,0.9024998346667837,0.0,0.0,0.0,0,0.0388
25,0,0.0,-0.1662037045285413,0.1577714446496476,1.0248344010884203,0.9966963040885197,-0.06926379912889241,-0.03800310965112786,-0.018835264886929274,0.03968105666897419,-0.03954257725878622,0.08018464825400788,0.31775032130570685,0.21215378486881517,-2.295721587987845,-0.007312295934259942,2.5485339062298213,1.2151810680253468,-0.6094712250097277,0.051166383219655276,-0.9023529051494776,0.044435912685029444,-0.04789293100413616,-0.08039533177773119,1.013671875,-0.6094712250097277,0.051166383219655276,-0.9023529051494776,0.044435912685029444,-0.04789293100413616,-0.08039533177773119,-1.0,-0.22211300426634265,0.19679038905027366,0.9344017270546474,0.04988578427127933,0.20180292465728375,0.9024998346667837,0.0,0.0,0.0,0,0.0386
26,0,0.0,-0.17311386231033551,0.15904667018265592,1.0141292243110218,0.9963251386734285,-0.07431699424091404,-0.037049346926100915,-0.020989242642780327,0.039696021266120075,-0.039560930094464354,0.08294018899763066,0.32940280169186237,0.21351774357278644,-2.3190848253834235,-0.005665679680486824,2.587153054119832,1.227245707023076,-0.6082385786073295,0.05036873000385589,-0.9069174629222727,0.04479663048079549,-0.05285613549275894,-0.07278180619764797,1.01171875,-0.6082385786073295,0.05036873000385589,-0.9069174629222727,0.04479663048079549,-0.05285613549275894,-0.07278180619764797,-1.0,-0.22211300362035355,0.19679039312902233,0.9344017267314862,0.04988578427127933,0.20180292465728375,0.9024998346667837,0.0,0.0,0.0,0,0.0371
27,0,0.0,-0.18027283153730786,0.16011106247783566,1.0031255422651475,0.9959686198304976,-0.07897251195253713,-0.035379663847247916,-0.023624776293026367,0.03971030508751813,-0.03957853266792195,0.08568074846580874,0.34235321995973933,0.21460478439604036,-2.3432918433205296,-0.0037058934082280443,2.6295769435855867,1.2376957006334017,-0.5794768292180386,0.07493175697273446,-0.9009835378176391,0.03933433243062412,-0.05135780960940112,-0.07028424754174767,1.005859375,-0.5794768292180386,0.07493175697273446,-0.9009835378176391,0.03933433243062412,-0.05135780960940112,-0.07028424754174767,-1.0,-0.2221130029736797,0.19679039720534316,0.9344017264066947,0.04988578427127933,0.20180292465728375,0.9024998346667837,0.0,0.0,0.0,0,0.0391
28,0,0.0,-0.18757968154739607,0.1610004187200897,0.9919219795213725,0.9956271321192245,-0.08326292492378945,-0.03305588952650432,-0.02648031889524747,0.03972443477458123,-0.03959491923370895,0.08857160736391233,0.35692842284177373,0.2153274952387711,-2.3675631175184573,-0.002355940786992323,2.6750542782876288,1.247485562156088,-0.5112703949520053,0.08314289301772737,-0.8252118787892403,0.022058526569115167,-0.03889127003302548,-0.07342633746368676,0.99755859375,-0.5112703949520053,0.08314289301772737,-0.8252118787892403,0.022058526569115167,-0.03889127003302548,-0.07342633746368676,-1.0,-0.22211300232651843,0.19679040127993627,0.9344017260807432,0.04988578427127933,0.20180292465728375,0.9024998346667837,0.0,0.0,0.0,0,0.0369
29,0,0.0,-0.19483763965992296,0.1615874018012909,0.9808716478357672,0.9952795637242897,-0.08750359929515861,-0.03023366151649388,-0.029114186481597,0.03973785553419943,-0.03961070353942589,0.09179243054713211,0.37267117212658435,0.21521228751282118,-2.390988631309448,-0.0028788291784189596,2.7216220480436832,1.2582335591253178,-0.37896634776126636,0.09483789678466714,-0.6782331185052377,0.005014610719170101,-0.017935192590202487,-0.07850202118374223,0.9951171875,-0.37896634776126636,0.09483789678466714,-0.6782331185052377,0.005014610719170101,-0.017935192590202487,-0.07850202118374223,-1.0,-0.2221130016790101,0.19679040535329997,0.9344017257539662,0.04988578427127933,0.20180292465728375,0.9024998346667837,0.0,0.0,0.0,0,0.0386
30,0,0.0,-0.2016331173753811,0.16186908679044326,0.9706675274755361,0.99490521258937,-0.09195545399925958,-0.027038433461607628,-0.03125276880904779,0.03975131308943274,-0.03962519676036978,0.0954735772912676,0.3883796424640889,0.2139774659090926,-2.4123205606005893,-0.005862841392927831,2.7664573911453303,1.2710630595895287,-0.2871341907826013,0.07303146548803618,-0.5216687868983654,-9.672864713927698e-06,-0.013665549106180896,-0.09272199224072306,1.0,-0.2871341907826013,0.07303146548803618,-0.5216687868983654,-9.672864713927698e-06,-0.013665549106180896,-0.09272199224072306,-1.0,-0.2221130010312547,0.19679040942578888,0.9344017254266013,0.04988578427127933,0.20180292465728375,0.9024998346667837,0.0,0.0,0.0,0,0.041
31,0,0.0,-0.2075882063307446,0.1619545441932078,0.9619488332733162,0.9944618598880205,-0.09697323141136888,-0.02356558673723122,-0.032961564577926095,0.039764704170807935,-0.039638559011175495,0.09957413437301653,0.40256170060065805,0.21171733078741992,-2.4309116456123276,-0.010522512817742396,2.807351636675227,1.2862480408258194,-0.18297556977995422,0.044972840602860664,-0.36031166963005823,2.3339254987875258e-05,-0.02258527038054542,-0.09630719740806382,0.0142364501953125,-0.18297556977995422,0.044972840602860664,-0.36031166963005823,2.3339254987875258e-05,-0.02258527038054542,-0.09630719740806382,1.0,-0.2221130003833235,0.19679041349765544,0.934401725098818,0.04988578427127933,0.20180292465728375,0.9024998346667837,0.0,0.0,0.0,0,0.0521
32,1,0.7438,-0.21234074682429896,0.1618873209588284,0.9551635767799646,0.9939363877691105,-0.1025645875383771,-0.019529435712776926,-0.03449005062789245,0.03940617893165793,-0.0392740482148595,0.10390708380902981,0.41392578453542717,0.20858662462145858,-2.4467682979925103,-0.015864916268458283,2.843772653498015,1.3028761290505466,-0.23104877947348368,0.07228073304963678,-0.3356630576569647,0.0003574863202622097,-0.018140041832067827,-0.08547101549778666,0.0030117034912109375,-0.23104877947348368,0.07228073304963678,-0.3356630576569647,0.0003574863202622097,-0.018140041832067827,-0.08547101549778666,1.0,-0.22265899306142534,0.19920638706295482,0.9347532673451671,0.04988578427127933,0.20180292465728375,0.9024998346667837,0.2602910692689492,0.0,0.0,2,0.0517
33,0,0.0,-0.21608690005759318,0.16234133562575392,0.9501575843757799,0.9933896564263831,-0.1078812796965401,-0.015221139246279098,-0.036151582484774715,0.037367432955084344,-0.037173673976800284,0.108550054647968,0.422655957532726,0.2059367449668473,-2.459870743799527,-0.020961607560310704,2.875525773498776,1.3196249706714913,-0.14928323478107042,0.03877929798606605,-0.22052208783820793,0.000495976188279526,-0.009908028726822588,-0.07918683565390845,0.00286102294921875,-0.14928323478107042,0.03877929798606605,-0.22052208783820793,0.000495976188279526,-0.009908028726822588,-0.07918683565390845,1.0,-0.22184351844936664,0.20137857486787944,0.934327824740937,0.04988578427127933,0.20180292465728375,0.9024998346667837,33.34403292543315,0.0,0.0,6,0.0499
34,0,0.0,-0.2172631636126259,0.16360015242632664,0.9480850257554005,0.9928160947026293,-0.11293036696165126,-0.00945578440979739,-0.038386487968045876,0.03402878701470349,-0.033816709997715265,0.11322156502034222,0.4270671742849178,0.2037609281226603,-2.467905767984194,-0.025209716135066056,2.9009847314822976,1.3357941915795246,-0.14579073664094222,0.057031480394650114,-0.17921283999441218,0.0004170691704557111,-0.013048074962843964,-0.07962995089931012,0.00293731689453125,-0.14579073664094222,0.057031480394650114,-0.17921283999441218,0.0004170691704557111,-0.013048074962843964,-0.07962995089931012,1.0,-0.22154723782086533,0.20181313608750104,0.9334511411358819,0.04988578427127933,0.20180292465728375,0.9024998346667837,39.36031262875257,0.0,0.0,7,0.0496
35,0,0.0,-0.21718328383207805,0.1644060286131334,0.9475442812766799,0.9921914576566424,-0.11802224724444205,-0.00443134405617877,-0.04009019454198192,0.02994697738687769,-0.02975373837182288,0.11742510984443638,0.42867436585665614,0.20097225411888023,-2.4726253124463837,-0.02815450497363526,2.918454776376085,1.3500595501751562,-0.09330054400548604,0.05965904392904786,-0.1304861857698244,1.2871997521438083e-05,-0.006700674882759772,-0.07540021446593057,0.002429962158203125,-0.09330054400548604,0.05965904392904786,-0.1304861857698244,1.2871997521438083e-05,-0.006700674882759772,-0.07540021446593057,1.0,-0.22115939335846194,0.2019627991070753,0.9329532871923932,0.04988578427127933,0.20180292465728375,0.9024998346667837,37.00994163082043,0.0,0.0,6,0.0497
36,0,0.0,-0.21658012896699963,0.16479786025064652,0.9475945946736584,0.9915625990586001,-0.12290375337294523,-0.0006582064545546367,-0.04120493076389698,0.02546223084703168,-0.02528016915428015,0.12115480403274001,0.4291480032616506,0.1978679512561563,-2.474995251643682,-0.02973267363545237,2.929647817958009,1.3620016850015277,-0.06628504368625898,0.07465023230833479,-0.09157333075674612,-0.0002914836426561457,-0.0021939915617225636,-0.06730329043631826,0.0004661083221435547,-0.06628504368625898,0.07465023230833479,-0.09157333075674612,-0.0002914836426561457,-0.0021939915617225636,-0.06730329043631826,1.0,-0.22078486550079626,0.2019925172592104,0.932705157816798,0.04988578427127933,0.20180292465728375,0.9024998346667837,31.76803525411084,0.0,0.0,6,0.0546
37,0,0.0,-0.2157952777190249,0.16497085866798472,0.9478760167255186,0.9909761710224377,-0.12732108122758945,0.0018961571416282758,-0.041856604363455674,0.020754186665237206,-0.020573359419118996,0.12442816500402165,0.42913534453197344,0.1948953374554899,-2.475728517094079,-0.030016674036445604,2.936057385201553,1.3715361496417773,-0.06525783835092713,0.08483204100412589,-0.04073556856224059,-0.00035026131919838055,0.0005451354437909506,-0.057454047027163,0.0013093948364257812,-0.06525783835092713,0.08483204100412589,-0.04073556856224059,-0.00035026131919838055,0.0005451354437909506,-0.057454047027163,1.0,-0.22025927641798748,0.20206204883944312,0.9325951804657479,0.04988578427127933,0.20180292465728375,0.9024998346667837,26.69643965260833,0.0,0.0,6,0.0514
38,0,0.0,-0.2151999833355094,0.1650971024782074,0.9483508474692791,0.9904534072005726,-0.13120774352126147,0.003389918025857039,-0.04213175359052268,0.015926133433327293,-0.01573655754563204,0.12730594462132752,0.42827168235138346,0.19246976085256604,-2.476003773392749,-0.029321784436397515,2.9388710947104397,1.3792930794805598,-0.06197078127786537,0.07960037432403044,-0.020138001612502565,-0.005668433285793584,-5.185377535943392e-05,-0.05876325116130429,0.0026988983154296875,-0.06197078127786537,0.07960037432403044,-0.020138001612502565,-0.005668433285793584,-5.185377535943392e-05,-0.05876325116130429,1.0,-0.21967145764150292,0.2022831935092542,0.932667717781959,0.04988578427127933,0.20180292465728375,0.9024998346667837,23.945603736300292,0.0,0.0,6,0.0629
39,0,0.0,-0.2147990977511112,0.1652204772774306,0.9490065306390161,0.9899695706511584,-0.1347883546030808,0.004231221327548197,-0.042124166629519365,0.013446986748880783,-0.010828591950447605,0.1300131932359092,0.42664441737580916,0.19036808596589544,-2.476197605938268,-0.028307734817891915,2.9394205308143815,1.3863878880654257,-0.016465584922665477,0.08262676446632777,0.02439496515832973,-0.014992344167424523,-0.003382117164541454,-0.0624290227368999,0.0019321441650390625,-0.016465584922665477,0.08262676446632777,0.02439496515832973,-0.014992344167424523,-0.003382117164541454,-0.0624290227368999,1.0,-0.21943315126202625,0.20281622331452265,0.9328821366807423,0.04988578427127933,0.20180292465728375,0.9024998346667837,27.094002497859766,0.0,0.0,7,0.0562
40,1,0.7259,-0.21445501513221454,0.1651587772835709,0.9496307657937458,0.9894999768316954,-0.1382895093766015,0.004812356370065286,-0.041745043689277055,0.012480070088418399,-0.006613923310300555,0.13294055560273166,0.4249131866394917,0.18770802681583768,-2.4762675845561435,-0.028292671857348465,2.9389891422254215,1.3940497135007588,-0.16078793453678686,0.06904319940903958,-0.11804776583895771,-0.003901882294921527,-0.0033118831387590475,-0.03794690542845772,0.002552032470703125,-0.16078793453678686,0.06904319940903958,-0.11804776583895771,-0.003901882294921527,-0.0033118831387590475,-0.03794690542845772,1.0,-0.2194448239990143,0.20326952409525517,0.9332771548424739,0.04988578427127933,0.20180292465728375,0.9024998346667837,27.135822741971936,0.0,0.0,6,0.052
41,0,0.0,-0.21462268135426193,0.1653953239051563,0.9496432808135281,0.9891126980669022,-0.14119018348643386,0.0047758189553400495,-0.04121400445461556,0.012212392595030732,-0.004106296250484403,0.13616226449807978,0.4246349812628089,0.18544505500641545,-2.476364183271368,-0.02884958645531727,2.9386776731515134,1.401580496099857,-0.13182074408042943,0.06406959700464399,-0.05947878391678052,-0.005562150363826804,0.0022190463916047787,-0.04468427131876945,0.0017995834350585938,-0.13182074408042943,0.06406959700464399,-0.05947878391678052,-0.005562150363826804,0.0022190463916047787,-0.04468427131876945,1.0,-0.21968007044643165,0.20382295631322186,0.9331676218584963,0.04988578427127933,0.20180292465728375,0.9024998346667837,26.385586344960206,0.0,0.0,6,0.0509
42,0,0.0,-0.21484562377168812,0.16546406643400918,0.9495609513392349,0.9887519367934237,-0.143846803741783,0.004747839395966132,-0.040683689134532366,0.01216034065221897,-0.002913394459743712,0.1391298147364717,0.42435391444766835,0.18309618998428498,-2.4767432117713755,-0.029306546324717367,2.9386879179895233,1.4082665636977096,-0.11425553284625523,0.06843322930284013,-0.01206444005187124,-0.009781260296447367,-0.0028963318195465437,-0.05050519431518227,0.002613067626953125,-0.11425553284625523,0.06843322930284013,-0.01206444005187124,-0.009781260296447367,-0.0028963318195465437,-0.05050519431518227,1.0,-0.21973926705235053,0.20398264556914858,0.9329848583106269,0.04988578427127933,0.20180292465728375,0.9024998346667837,26.516149781377447,0.0,0.0,7,0.0495
43,0,0.0,-0.21514384611531484,0.16543625519023056,0.9498256380944216,0.9883770358997978,-0.14654541442076474,0.004888493350181607,-0.0401419861359675,0.0120305227562779,-0.0025060638710861813,0.14195681804222615,0.4228455690556625,0.1808359151448039,-2.477915491383916,-0.029786895272774217,2.9385572823212036,1.4150849611521223,-0.0663877642197922,0.07202266877393704,0.017976055790336565,-0.010992241467947625,0.0014698834499258795,-0.048088202067536834,0.0030956268310546875,-0.0663877642197922,0.07202266877393704,0.017976055790336565,-0.010992241467947625,0.0014698834499258795,-0.048088202067536834,1.0,-0.2198235908721991,0.20409108451343771,0.933091881026294,0.04988578427127933,0.20180292465728375,0.9024998346667837,25.873702822180533,0.0,0.0,7,0.0511
44,0,0.0,-0.21549801160218404,0.16552643062736733,0.9502829536295988,0.9879878612931802,-0.14928041313657486,0.005128149493518959,-0.039611188746016414,0.011886991382379555,-0.0023108286800502063,0.14484104596205039,0.4207853090246725,0.17878099560570884,-2.479358222598275,-0.030597458039326335,2.9383232451312855,1.4225673609679308,-0.03474983989157199,0.06310772106794482,0.03794599604631521,-0.014754012766650546,0.01042472173718162,-0.04559064341163652,0.004360198974609375,-0.03474983989157199,0.06310772106794482,0.03794599604631521,-0.014754012766650546,0.01042472173718162,-0.04559064341163652,1.0,-0.21993972953657834,0.20430204194039092,0.9332877983760245,0.04988578427127933,0.20180292465728375,0.9024998346667837,24.897698889877894,0.0,0.0,7,0.049
45,0,0.0,-0.2158753317419567,0.16569347613901086,0.950776644923285,0.9875993402093917,-0.15199029498642985,0.005230917771204626,-0.03897603041847594,0.011724968822487922,-0.0021844265693682797,0.14775615233745315,0.41864147554924963,0.17681647456716432,-2.4806089790206487,-0.031823401417978486,2.9374355463363804,1.430526804973967,-0.0026496731624524594,0.06611065082154222,0.10607202080528211,-0.025685050256203365,0.006362853912766253,-0.047584662015944024,0.0050201416015625,-0.0026496731624524594,0.06611065082154222,0.10607202080528211,-0.025685050256203365,0.006362853912766253,-0.047584662015944024,1.0,-0.22007855636004162,0.20464534522075484,0.933519572712548,0.04988578427127933,0.20180292465728375,0.9024998346667837,23.81581071366226,0.0,0.0,7,0.0443
46,0,0.0,-0.21608476356738873,0.16573601704539362,0.9516288975004629,0.9872252476665813,-0.1546239513860388,0.005479361932826554,-0.038048924035163835,0.011508918175504874,-0.00211399179604284,0.15085784392372553,0.41547011191018063,0.17434368924787663,-2.4817598888632246,-0.034405497862308496,2.9354572509868064,1.4394335999119432,0.0451667351972439,0.07596401407553355,0.18640823760647618,-0.026651258637719527,0.009464856718155501,-0.05489606356507154,0.005123138427734375,0.0451667351972439,0.07596401407553355,0.18640823760647618,-0.026651258637719527,0.009464856718155501,-0.05489606356507154,1.0,-0.22003658243673693,0.20497610933057633,0.9341164302258733,0.04988578427127933,0.20180292465728375,0.9024998346667837,22.54362461111302,0.0,0.0,6,0.0427
47,0,0.0,-0.21602680645604,0.16588172999810594,0.9532178991012297,0.986823859811631,-0.15740514405968403,0.006078951042016589,-0.036950462571560344,0.011292802031673363,-0.002064911304660563,0.15421371575517545,0.4104507903257584,0.17177980747019417,-2.48280785432814,-0.03813358993029021,2.9320259170940783,1.4500566895345968,0.038027658116687735,0.06855053124634003,0.21037216591365038,-0.02011968997867028,0.009722381479357639,-0.0536674258391851,0.0037174224853515625,0.038027658116687735,0.06855053124634003,0.21037216591365038,-0.02011968997867028,0.009722381479357639,-0.0536674258391851,1.0,-0.2196971956174395,0.2054172955951022,0.935458763432674,0.04988578427127933,0.20180292465728375,0.9024998346667837,21.466926590679655,0.0,0.0,6,0.0427
48,1,0.7319,-0.2159230900119206,0.16640834035037275,0.9554073995874828,0.9863667163682721,-0.16046545987978333,0.006650027929039873,-0.03587916045540315,0.011083895458128927,-0.0020207745115242426,0.15754369194691692,0.40396398324549887,0.17003347952855855,-2.4837453346089373,-0.04171551891472123,2.92695912161432,1.4618808636773397,-0.23782833468667364,0.09183496703106975,-0.23307462171339455,-0.0009340122163643966,-0.008831106998159172,-0.034935735919932764,0.01395416259765625,-0.23782833468667364,0.09183496703106975,-0.23307462171339455,-0.0009340122163643966,-0.008831106998159172,-0.034935735919932764,1.0,-0.21928630769793295,0.20622564606547908,0.937413776566473,0.04988578427127933,0.20180292465728375,0.9024998346667837,20.48483919071029,0.0,0.0,6,0.0445
49,0,0.0,-0.2169000571600598,0.16764739298808295,0.955653136628878,0.9859840262330921,-0.16307191219436723,0.005577910480783591,-0.03481290538179187,0.010873059491160556,-0.0019810023880858416,0.1609357748319086,0.4028611819971435,0.16975974793454876,-2.4839593498342585,-0.04475969671597204,2.923368337375271,1.4733214573857223,-0.23084333840641724,0.13991703367167774,-0.1777293587182538,-0.0031176431585909214,-0.00910619026580689,-0.04013226925237051,0.0139617919921875,-0.23084333840641724,0.13991703367167774,-0.1777293587182538,-0.0031176431585909214,-0.00910619026580689,-0.04013226925237051,1.0,-0.22004918381056482,0.20773928792065924,0.9374601822662931,0.04988578427127933,0.20180292465728375,0.9024998346667837,19.595833729812767,0.0,0.0,6,0.0452
50,0,0.0,-0.2184742472747717,0.16921910601540166,0.9542418947327452,0.9856630327932245,-0.1652057568526989,0.004249033356235464,-0.034020426263136505,0.010664062357368918,-0.001979880399496688,0.16457201097238985,0.40586667854524905,0.16969492464016458,-2.484250597132113,-0.0487741704493048,2.923893314573527,1.4850094431474274,-0.19386394633447157,0.13599914875878116,-0.1361918829858183,-0.00728522197753062,-0.0036630532676710514,-0.039407171578076855,0.00936126708984375,-0.19386394633447157,0.13599914875878116,-0.1361918829858183,-0.00728522197753062,-0.0036630532676710514,-0.039407171578076855,1.0,-0.2213582677398016,0.21004237845504553,0.9364369369288817,0.04988578427127933,0.20180292465728375,0.9024998346667837,19.21854556460713,0.0,5.446410055764284,10,0.0507
51,0,0.0,-0.2195001418675815,0.1700813381247308,0.9532786382511538,0.9852636323750068,-0.1677166473762991,0.004090856797426464,-0.03331614927814386,0.010755258665830481,-0.0019528452823383926,0.16796683898583573,0.4076805459685854,0.16814297669176592,-2.4851681830941965,-0.05392163518324507,2.926044519796161,1.4970536421434302,-0.1336697136840267,0.13346542677918338,-0.024731087871377677,-0.011990656795514323,0.002289280417387185,-0.04430158087955893,0.00821685791015625,-0.1336697136840267,0.13346542677918338,-0.024731087871377677,-0.011990656795514323,0.002289280417387185,-0.04430158087955893,1.0,-0.22213448956804566,0.21095828159600696,0.9354988830027954,0.04988578427127933,0.20180292465728375,0.9024998346667837,19.177940093998586,0.0,12.009958611390882,10,0.0634
52,0,0.0,-0.21990015647684696,0.17022076889899534,0.9533030102243216,0.9848080096052331,-0.1704877522787187,0.00475431619101469,-0.03262678375022392,0.010789762929156059,-0.001912575232871651,0.17072628013265803,0.40684770214851407,0.16585516082979992,-2.48659670077629,-0.05880265665450143,2.927450722709038,1.5081375288212053,-0.09011620746595728,0.12546543423249035,0.044022563581348706,-0.021704271724356794,0.0020083443142575874,-0.04645673230037614,0.0009274482727050781,-0.09011620746595728,0.12546543423249035,0.044022563581348706,-0.021704271724356794,0.0020083443142575874,-0.04645673230037614,1.0,-0.22227186836608426,0.21106401050143975,0.935497596928843,0.04988578427127933,0.20180292465728375,0.9024998346667837,18.84660600719608,0.0,8.838663637532939,10,0.0468
53,0,0.0,-0.22029541249591172,0.17033283575714503,0.9539723701912945,0.9843647456893229,-0.1731634375404168,0.005433519557229553,-0.03179541175077417,0.010789461495416373,-0.0019046303453998873,0.1733457675037595,0.4040812720510198,0.16381650078341606,-2.4884565306280346,-0.06370169339715685,2.9272081692399943,1.5192294823347323,-0.0566293135341398,0.09570006606939141,0.07280780603603776,-0.018084210988276242,0.0024882768237706465,-0.04504682015591627,0.0007257461547851562,-0.0566293135341398,0.09570006606939141,0.07280780603603776,-0.018084210988276242,0.0024882768237706465,-0.04504682015591627,1.0,-0.2224102782621072,0.21116725529696734,0.9359639094478988,0.04988578427127933,0.20180292465728375,0.9024998346667837,17.959101020683608,0.0,3.278380678499405,10,0.0461
54,0,0.0,-0.22081123197255523,0.17078984683483803,0.9549003407593699,0.9839360633003347,-0.1757238484235873,0.00598073580444626,-0.03090603875426405,0.010694777955519394,-0.0019091156411205291,0.17611964179334685,0.40062717775401807,0.16238083912449164,-2.4902951058517795,-0.06884385156735816,2.925947673234944,1.5310835533539287,-0.018417275059795957,0.07723087506533244,0.08210809249810791,-0.019411137165558437,0.009207331956953363,-0.04520795297242597,0.0003535747528076172,-0.018417275059795957,0.07723087506533244,0.08210809249810791,-0.019411137165558437,0.009207331956953363,-0.04520795297242597,1.0,-0.22266210146446527,0.2116829267184024,0.9366099999537051,0.04988578427127933,0.20180292465728375,0.9024998346667837,17.222761389762393,0.0,1.0225600319621053,10,0.0461
55,0,0.0,-0.22135035393500954,0.17145984956648164,0.9558441791109477,0.9834863163859211,-0.1783720389589844,0.006313822968448031,-0.029970265911198685,0.010410319216719133,-0.001911638664400556,0.1789064917001766,0.397273857018675,0.16132195867508678,-2.4916942622467766,-0.07397178547778364,2.923884835590097,1.5434595225362255,0.004078521783970945,0.07861503799863123,0.12775367022605888,-0.02966582878804995,0.0032725567783407628,-0.047584662015944024,-0.0020618438720703125,0.004078521783970945,0.07861503799863123,0.12775367022605888,-0.02966582878804995,0.0032725567783407628,-0.047584662015944024,1.0,-0.2229168106535446,0.2125057745758863,0.9372533127815796,0.04988578427127933,0.20180292465728375,0.9024998346667837,17.46799043681349,0.0,0.0,7,0.0463
56,1,0.7463,-0.22159048004813628,0.17194067280641842,0.957066587606579,0.9830232469010252,-0.18108397104417645,0.0068176201501472895,-0.02876476209748975,0.01009151036133344,-0.0019260090497526272,0.18177945773507379,0.39329333271538475,0.15965615286020512,-2.492593502660608,-0.08021720572458127,2.920737466271639,1.556576707093646,-0.21748966904710354,0.0993716169009381,-0.21059417468237862,-0.008982528034394005,-0.02819228677217353,-0.023021978299246987,0.0472412109375,-0.21748966904710354,0.0993716169009381,-0.21059417468237862,-0.008982528034394005,-0.02819228677217353,-0.023021978299246987,1.0,-0.22283199015831806,0.21321577657904053,0.9381808922707535,0.04988578427127933,0.20180292465728375,0.9024998346667837,17.07836848271707,0.0,0.0,7,0.0724
57,0,0.0,-0.22231183549911826,0.17292407889889538,0.9570557117213565,0.9827125459180754,-0.1829586537996779,0.006736622549902722,-0.027510016569302773,0.009902249088226536,-0.00201413037254195,0.1850897134584588,0.3930917521293112,0.15849668439786305,-2.492736072324247,-0.08767894238907954,2.9193620056293157,1.5697981441072122,-0.21173731916924532,0.1009727884297118,-0.19632993164239387,-0.0077683261682886945,-0.02490884606684643,-0.027810644189894568,0.0161590576171875,-0.21173731916924532,0.1009727884297118,-0.19632993164239387,-0.0077683261682886945,-0.02490884606684643,-0.027810644189894568,1.0,-0.22332613364936807,0.21443887933259106,0.9380709398867131,0.04988578427127933,0.20180292465728375,0.9024998346667837,17.74926546407167,0.0,0.0,8,0.0669
58,0,0.0,-0.22336744092475008,0.17431216755293222,0.9558455669793816,0.9824897240987439,-0.18428053856172055,0.006749236107449735,-0.026628423906445677,0.009723068632778038,-0.002414820862484991,0.18880884117058952,0.39613548752573224,0.15737910418501036,-2.492797359973093,-0.09646149576459703,2.9216946877971512,1.583595610413091,-0.2094774674315153,0.09596399544226608,-0.22269025278028565,-0.0036313439480970128,-0.01715383905337331,-0.032659734886733266,0.0086212158203125,-0.2094774674315153,0.09596399544226608,-0.22269025278028565,-0.0036313439480970128,-0.01715383905337331,-0.032659734886733266,1.0,-0.22410299023360483,0.21643758748792366,0.9372932610257872,0.04988578427127933,0.20180292465728375,0.9024998346667837,19.013719794979618,0.0,0.0,8,0.0837
59,0,0.0,-0.22407050872035258,0.17509107395134654,0.9546085194758046,0.9821311946117315,-0.18624941547202184,0.007445077358380131,-0.025962330981446246,0.009745210167749116,-0.002439269926298095,0.19225445030051877,0.3992746945792628,0.15500249789888698,-2.4932163403013123,-0.1055079063635193,2.9259210441189913,1.5976199377483584,-0.16612940228051232,0.08633350588092448,-0.14075644075861338,-0.0005145167440561288,-0.004371246360976883,-0.04124005736587466,0.004871368408203125,-0.16612940228051232,0.08633350588092448,-0.14075644075861338,-0.0005145167440561288,-0.004371246360976883,-0.04124005736587466,1.0,-0.22456347192295656,0.21721672902271336,0.9362419633868378,0.04988578427127933,0.20180292465728375,0.9024998346667837,20.816974983491,0.0,14.746897308300214,12,0.0871
60,0,0.0,-0.22425514226498075,0.17513598871949682,0.9540348347002118,0.9816207955085852,-0.18890779282098552,0.008726920458669737,-0.025657367283152193,0.009851643242308982,-0.0023460844945067294,0.19470548562803816,0.40056775138192635,0.1522446506237124,-2.4942850390901774,-0.11248428991260027,2.9303154531729554,1.6097266090217497,-0.0776870229084422,0.11539506238302422,-0.026200304904496097,-0.006898738624924156,-0.002392987968106025,-0.04275067752065309,0.0038814544677734375,-0.0776870229084422,0.11539506238302422,-0.026200304904496097,-0.006898738624924156,-0.002392987968106025,-0.04275067752065309,1.0,-0.22450507282266302,0.21719848650077617,0.9359937197351511,0.04988578427127933,0.20180292465728375,0.9024998346667837,22.90249844564698,0.0,14.541702333389532,15,0.0852
61,0,0.0,-0.22439264351382773,0.17508952008524017,0.9542044198028673,0.9810978347185505,-0.1915563032235778,0.01001112579666618,-0.025553840536617932,0.009941916005330424,-0.0023167254721283797,0.1964585295701671,0.39962874032923,0.150259631125185,-2.4960274912293015,-0.11739490785480095,2.9333408197145685,1.6198730494534817,-0.03659880949516925,0.10478216904487092,0.016763595131937814,-0.008148368131685055,0.0006270751405370867,-0.04329450077637331,0.004558563232421875,-0.03659880949516925,0.10478216904487092,0.016763595131937814,-0.008148368131685055,0.0006270751405370867,-0.04329450077637331,1.0,-0.22440057668538368,0.2171111559753114,0.9362467540718359,0.04988578427127933,0.20180292465728375,0.9024998346667837,22.46922361501833,0.0,9.256351685092554,15,0.0804
62,0,0.0,-0.2245972055228406,0.17515871681678213,0.9546844724153504,0.9805952988519864,-0.19408564724927935,0.010949660036278277,-0.025371762774793152,0.010000645235963208,-0.00231864413874493,0.19796737516534665,0.3978011495990808,0.14894287288884456,-2.497688943594821,-0.12120466477834417,2.934679322992816,1.6291307748940136,0.023287261554676086,0.058016816720049214,0.07223723631443835,-0.01801979709617517,0.008411346331419545,-0.04291181033716279,0.0011644363403320312,0.023287261554676086,0.058016816720049214,0.07223723631443835,-0.01801979709617517,0.008411346331419545,-0.04291181033716279,1.0,-0.22437376470166215,0.21713168683123835,0.9366492722160717,0.04988578427127933,0.20180292465728375,0.9024998346667837,21.05893278632827,0.0,5.129798889767174,15,0.0721
63,0,0.0,-0.22472642301128928,0.17516526890510734,0.9553345788210948,0.9800992634813573,-0.19659894985089238,0.011593838037297,-0.02489717976782899,0.010005730028807652,-0.0023543725417766075,0.1994352349779289,0.39550842934159375,0.14760961477190557,-2.4988538462919316,-0.12485440109659045,2.9342409154929032,1.638150124317445,0.08431609854007815,0.06270889446004513,0.10059455147792806,-0.024770372988368067,0.010096962950197075,-0.04017255245649792,-0.00017559528350830078,0.08431609854007815,0.06270889446004513,0.10059455147792806,-0.024770372988368067,0.010096962950197075,-0.04017255245649792,1.0,-0.2242701667278323,0.2171361433280378,0.9371522832078075,0.04988578427127933,0.20180292465728375,0.9024998346667837,19.61894417561988,0.0,0.9265507735029703,15,0.0717
64,1,0.7682,-0.2244819510986628,0.1752168132538542,0.9561907812353239,0.9796315251252639,-0.1989705074550716,0.012218877467015284,-0.02415597601558941,0.00994699014499859,-0.0024332787018822586,0.2010882316727832,0.39315387689450304,0.14603017162726842,-2.4987479215900534,-0.1291350723004476,2.9321587789971173,1.6474112369351894,-0.1920149767308743,0.06259159251654522,-0.14748916347348617,-0.002668356261185903,-0.020367045732918032,-0.02759412196770966,0.026519775390625,-0.1920149767308743,0.06259159251654522,-0.14748916347348617,-0.002668356261185903,-0.020367045732918032,-0.02759412196770966,1.0,-0.22377928454005896,0.2172158912232341,0.9377795295575276,0.04988578427127933,0.20180292465728375,0.9024998346667837,17.98280802226118,0.0,0.0,11,0.0729
65,0,0.0,-0.2248615141616066,0.17573878552695335,0.9561799673999024,0.979286307985582,-0.200777237375738,0.012070808115389903,-0.02326206214364735,0.00989019707558035,-0.002508052438160828,0.20308816871771226,0.39305645308143183,0.1452075069775618,-2.4985363784551287,-0.13377805186734074,2.9306073644105988,1.6568104983544523,-0.18400277511528607,0.11225137029722687,-0.12649219771862874,-0.004710276640790059,-0.014844712554668182,-0.03532849716017514,0.01690673828125,-0.18400277511528607,0.11225137029722687,-0.12649219771862874,-0.004710276640790059,-0.014844712554668182,-0.03532849716017514,1.0,-0.22396888864255762,0.21778788591629417,0.9376068025112664,0.04988578427127933,0.20180292465728375,0.9024998346667837,17.1328841356522,0.0,3.499568827436134,12,0.0698
66,0,0.0,-0.2256190665681657,0.1762280185057397,0.9555907976375503,0.9789367157642492,-0.20256409514373758,0.011959708289417295,-0.02253129523430633,0.009915686511489902,-0.002518721709821279,0.205230961884889,0.3940478578055346,0.1441177132543122,-2.4991335635147762,-0.13901488308110285,2.9312946386538963,1.666725928431904,-0.20002717834646255,0.1183628015535716,-0.16300865990098956,-0.004328624330091166,-0.011365384761807346,-0.034120001036352404,0.00567626953125,-0.20002717834646255,0.1183628015535716,-0.16300865990098956,-0.004328624330091166,-0.011365384761807346,-0.034120001036352404,1.0,-0.22453601659517178,0.21824359632253323,0.9369389947962157,0.04988578427127933,0.20180292465728375,0.9024998346667837,16.943908036469143,0.0,8.49005792539729,12,0.0772
67,0,0.0,-0.2260602060583094,0.17652191224865918,0.9551451203100181,0.9785014046319411,-0.204674655853176,0.012428218073026222,-0.02210940479140441,0.009938256186431921,-0.002488873300816246,0.20727320177683362,0.3949194564617298,0.14251883756250883,-2.4998262121423185,-0.1443603770710811,2.933270317794238,1.676830090671662,-0.1560627899942605,0.12430414499184139,-0.09842016741593873,-0.008757079412040236,-0.0032240906065310604,-0.04162274780508521,0.002727508544921875,-0.1560627899942605,0.12430414499184139,-0.09842016741593873,-0.008757079412040236,-0.0032240906065310604,-0.04162274780508521,1.0,-0.22475631389333356,0.21848242564019565,0.9365333618495877,0.04988578427127933,0.20180292465728375,0.9024998346667837,18.254575822701238,0.0,12.095062961056883,15,0.0843
68,0,0.0,-0.22633208734589658,0.1766322015278419,0.954975399733756,0.9780116327819255,-0.20699162240556168,0.013148592292674378,-0.02179056947088746,0.009965784736301348,-0.0024565816710341412,0.20912834505106895,0.39499945118780544,0.14074136348306734,-2.5007674739106633,-0.14937455839172872,2.9352188694225663,1.686717273957054,-0.08292577011863456,0.12073816590944453,-0.017656023323545322,-0.014786219712701082,-0.0024281049809972144,-0.05060590232550086,0.0021877288818359375,-0.08292577011863456,0.12073816590944453,-0.017656023323545322,-0.014786219712701082,-0.0024281049809972144,-0.05060590232550086,1.0,-0.22480202987148795,0.21856561492864396,0.9364550736120463,0.04988578427127933,0.20180292465728375,0.9024998346667837,19.076881857058005,0.0,11.58523457214253,15,0.0818
69,0,0.0,-0.22653000760934583,0.17664747951704146,0.9552371388457422,0.977464126766871,-0.20955783933606914,0.013923965661042623,-0.02134282167253775,0.009998185764104403,-0.0024407795070906244,0.2109579124187917,0.3937826858464232,0.13892683120583205,-2.5018977193105285,-0.1542409439903228,2.93600188880835,1.696953812468036,-0.040604910302963426,0.11063553602551579,0.02487994942168914,-0.01586837309999918,-0.0009648961105306053,-0.04784650284277228,0.0038661956787109375,-0.040604910302963426,0.11063553602551579,0.02487994942168914,-0.01586837309999918,-0.0009648961105306053,-0.04784650284277228,1.0,-0.22476678889980367,0.21855377610563112,0.9367126966386224,0.04988578427127933,0.20180292465728375,0.9024998346667837,19.01768510599527,0.0,6.07359868417963,15,0.0803
70,0,0.0,-0.2267167576537678,0.17682895561760414,0.9557552766954313,0.9768975634174151,-0.21219192819380306,0.014636681381550564,-0.020772668500877715,0.010004467604489144,-0.0024477291588215527,0.21295037016818547,0.3919311822897517,0.13736772054774263,-2.5028325999886056,-0.1591953987243268,2.935696478169361,1.7078000089040613,0.03314843277386159,0.05543617396305145,0.06493394387796636,-0.020055276086569207,0.005800981706507086,-0.04873273333357561,0.00249481201171875,0.03314843277386159,0.05543617396305145,0.06493394387796636,-0.020055276086569207,0.005800981706507086,-0.04873273333357561,1.0,-0.22470959387390016,0.2186986039542681,0.9371165890676897,0.04988578427127933,0.20180292465728375,0.9024998346667837,17.934745000825746,0.0,3.888442159865259,15,0.0866
71,0,0.0,-0.22672289325882872,0.17698809179800504,0.9563991795958968,0.976292396515148,-0.21498482442489264,0.015296358274887827,-0.02001757221125973,0.009968064833364427,-0.002482754783856004,0.21499617476093544,0.38993337095221303,0.13565517655403314,-2.5031461891843674,-0.16430434054892765,2.9343057014778875,1.7190309210729482,0.10223762162494554,0.04727195869545864,0.10635730566608181,-0.02667702419455996,0.011876224936684499,-0.04337506718462816,0.0009565353393554688,0.10223762162494554,0.04727195869545864,0.10635730566608181,-0.02667702419455996,0.011876224936684499,-0.04337506718462816,1.0,-0.224443010203099,0.21885556864657837,0.9375855696571985,0.04988578427127933,0.20180292465728375,0.9024998346667837,17.161949837167462,0.0,0.8704742684366154,15,0.0717
72,1,0.7307,-0.2263424712433394,0.1771298936499102,0.9572419535906541,0.975692680150904,-0.21772617092552876,0.015988073231441354,-0.01906541130943258,0.009824349427176391,-0.0025530240429796924,0.21704047984525893,0.38785386996797216,0.13378034990988716,-2.5023307719224723,-0.16967539814335356,2.9315090658695273,1.7301815926193997,-0.18646806792008241,0.11439799586327504,-0.12067238655831491,-0.004252938006872403,-0.019778835766990438,-0.023432363441295123,0.042205810546875,-0.18646806792008241,0.11439799586327504,-0.12067238655831491,-0.004252938006872403,-0.019778835766990438,-0.023432363441295123,1.0,-0.22376794471420994,0.21903453630754696,0.9382313677630855,0.04988578427127933,0.20180292465728375,0.9024998346667837,16.703612467811602,0.0,0.0,8,0.0452
73,0,0.0,-0.22673111400323637,0.17805703936057174,0.9573371218202289,0.9753242067635083,-0.21945901711005616,0.015905566690971713,-0.018095426451438905,0.00971374526983089,-0.00262637163891372,0.21942115012760388,0.3876825458664721,0.1334141292986226,-2.501628918677911,-0.17518644113079804,2.9292542468041884,1.7409966054575226,-0.1505158811834686,0.13217510540068456,-0.11696368336791885,-0.005555708974616699,-0.010007526930014332,-0.028540777264704137,0.0258331298828125,-0.1505158811834686,0.13217510540068456,-0.11696368336791885,-0.005555708974616699,-0.010007526930014332,-0.028540777264704137,1.0,-0.22396983698566633,0.22002836099575554,0.9381743357436201,0.04988578427127933,0.20180292465728375,0.9024998346667837,17.237419674459,0.0,4.807937328300222,12,0.0481
74,0,0.0,-0.227535792335578,0.17920093809780488,0.9568099739025067,0.9750074008578636,-0.2209267384962757,0.01580086586469765,-0.017386118822681013,0.009681399522915341,-0.0026688892281065226,0.22200645891839588,0.3889039526561804,0.13308327570810433,-2.5014763303148064,-0.18138511054031137,2.929257951183418,1.7523299128558754,-0.16695116654877784,0.12018684677499503,-0.15524891168723787,-0.004128941264577829,-0.005869572244334709,-0.03183392920212108,0.01404571533203125,-0.16695116654877784,0.12018684677499503,-0.15524891168723787,-0.004128941264577829,-0.005869572244334709,-0.03183392920212108,1.0,-0.22459225600135385,0.22120693348892076,0.9376368976562918,0.04988578427127933,0.20180292465728375,0.9024998346667837,16.365163563086693,0.0,5.965510102282114,12,0.0469
75,0,0.0,-0.22813443317247364,0.1798633918552408,0.956142844535949,0.9745625139145152,-0.22291898627445644,0.015942813472932825,-0.016758840340398522,0.009781885419345805,-0.002629124761843813,0.22433637748362023,0.39050999446014445,0.13188189207019385,-2.5014541920402644,-0.18762145705949457,2.9302861824324506,1.7637365084610934,-0.14168191529961494,0.1300284798346364,-0.08073250604635773,-0.008286857999702371,-0.002053523510157751,-0.03814832144909486,0.00818634033203125,-0.14168191529961494,0.1300284798346364,-0.08073250604635773,-0.008286857999702371,-0.002053523510157751,-0.03814832144909486,1.0,-0.22499375877194672,0.22177053914583897,0.9369658731543636,0.04988578427127933,0.20180292465728375,0.9024998346667837,17.212509583885712,0.0,11.974573220157597,14,0.0488
76,0,0.0,-0.22849986065478253,0.18006567774943166,0.9558935982652591,0.9740380386589744,-0.2252003437207184,0.01646043593719857,-0.016240642912301137,0.00986878937261875,-0.002562510327565306,0.2262444540333329,0.3907578278622689,0.13024993953818167,-2.5020785524725992,-0.19333737904240658,2.9313873346540418,1.7744250789230005,-0.03844777909876651,0.13501381243338206,-0.009158100532474345,-0.011043772581628489,-0.0013277719104063113,-0.04470441292083316,0.0050506591796875,-0.03844777909876651,0.13501381243338206,-0.009158100532474345,-0.011043772581628489,-0.0013277719104063113,-0.04470441292083316,1.0,-0.225152344640376,0.22187546876611086,0.9367963612044686,0.04988578427127933,0.20180292465728375,0.9024998346667837,17.770670506609985,0.0,10.764029003870876,15,0.0471
77,0,0.0,-0.22866337271058615,0.1802483496222283,0.9561354897391476,0.9734680521131281,-0.22762540447684115,0.017198687850654384,-0.01583767306273219,0.009939835396615164,-0.002524046718005321,0.22793776413511024,0.38981118045893653,0.12881725990539242,-2.5027471118165643,-0.1984242431362111,2.9318223437893485,1.784789971451996,-0.004704083833116157,0.10903876331962348,0.030528589665523076,-0.011797415119211091,0.0006270751405370867,-0.04528851938068082,0.00626373291015625,-0.004704083833116157,0.10903876331962348,0.030528589665523076,-0.011797415119211091,0.0006270751405370867,-0.04528851938068082,1.0,-0.2251068207871938,0.2219731254633789,0.9370220691174012,0.04988578427127933,0.20180292465728375,0.9024998346667837,17.264374687670312,0.0,8.035264143130904,15,0.0437
78,0,0.0,-0.2286495685042277,0.18049469191771333,0.9566146528004844,0.9728515431492333,-0.23021567856020075,0.017946654160845694,-0.015444544073938504,0.010014066611618584,-0.002520660503218918,0.22952051749732053,0.38843500575099005,0.12761942163178022,-2.5030230200611108,-0.20298569404495562,2.9314338825778283,1.795073323934726,0.05941920922497301,0.04534820682206031,0.07663062317075364,-0.019565730506601015,0.016605316006032628,-0.04694013074990522,0.00534820556640625,0.05941920922497301,0.04534820682206031,0.07663062317075364,-0.019565730506601015,0.016605316006032628,-0.04694013074990522,1.0,-0.224854108277787,0.2221723818166161,0.9374141679060873,0.04988578427127933,0.20180292465728375,0.9024998346667837,16.087415444386824,0.0,4.903597244837653,14,0.0454
79,0,0.0,-0.22859109248138923,0.1806094515519919,0.9571909943981994,0.972183743890654,-0.233027189164011,0.01841609230178826,-0.014762952597734063,0.010010595104957814,-0.0025500396995895187,0.23092289801511942,0.38673987114059,0.1264839939149306,-2.5029616522443465,-0.20698779989969618,2.9295470691986436,1.8051299303720993,0.1269579600230405,0.03962387197926531,0.11976569412366755,-0.02341768125424544,0.017331067605784067,-0.04301251834748135,0.002780914306640625,0.1269579600230405,0.03962387197926531,0.11976569412366755,-0.02341768125424544,0.017331067605784067,-0.04301251834748135,1.0,-0.2245289253039681,0.2222815556436406,0.9378519405898499,0.04988578427127933,0.20180292465728375,0.9024998346667837,15.372049536872643,0.0,1.6063544739586575,14,0.0469
80,1,0.7308,-0.22815032733240231,0.1807110883039942,0.958038927257051,0.9715142069848219,-0.2358190322168074,0.01886266130062803,-0.013918680958960063,0.009763462657419076,-0.0026117530534553097,0.23213256204576319,0.38474907126950075,0.12546038266021972,-2.501817307000009,-0.2105756967860793,2.9260782219460113,1.8145635736092722,-0.24008818642440366,0.1137411049796756,-0.1840056256558471,-0.0010733072580329656,-0.02677004775007996,-0.02133763682666906,0.0287322998046875,-0.24008818642440366,0.1137411049796756,-0.1840056256558471,-0.0010733072580329656,-0.02677004775007996,-0.02133763682666906,1.0,-0.22379793100434292,0.22240308918354845,0.9385167353755572,0.04988578427127933,0.20180292465728375,0.9024998346667837,15.972661607100004,0.0,0.0,8,0.048
81,0,0.0,-0.22848616242200814,0.181601508128812,0.9579922463229437,0.9711347724589152,-0.23745034003508947,0.01854944317154297,-0.013057867223091532,0.009566047438774771,-0.0027522665006858927,0.23376370840515487,0.38515801670307537,0.12580224614744495,-2.5006802190985864,-0.21465141795947842,2.9235761513287613,1.8236195735998944,-0.16017161133558777,0.11059448034529085,-0.13368137621078102,-0.001716641005392483,-0.005155526315546999,-0.022661947162358143,0.0208892822265625,-0.16017161133558777,0.11059448034529085,-0.13368137621078102,-0.001716641005392483,-0.005155526315546999,-0.022661947162358143,1.0,-0.22392172584006442,0.22344781307960068,0.9383756778130785,0.04988578427127933,0.20180292465728375,0.9024998346667837,15.76192250569744,0.0,3.8876809325176174,12,0.0455
82,0,0.0,-0.22934470720153619,0.1826146249895664,0.9572294041992628,0.9708478505423956,-0.23868431431974646,0.018186773320110216,-0.012389127133252126,0.009549885412665177,-0.002763498137630168,0.23567957094706968,0.38696928958246346,0.1259090133400351,-2.5003957323930215,-0.21986509708417537,2.923539678591996,1.8332589524527672,-0.13202618514749576,0.09251531830336912,-0.15559125352019754,-0.002954192907384426,-0.003592819241888645,-0.03178357519696179,0.0160369873046875,-0.13202618514749576,0.09251531830336912,-0.15559125352019754,-0.002954192907384426,-0.003592819241888645,-0.03178357519696179,1.0,-0.2246255734281058,0.22439315174605193,0.9375766672800723,0.04988578427127933,0.20180292465728375,0.9024998346667837,15.81970083996843,0.0,9.204501483716237,12,0.048
83,0,0.0,-0.22971911514261328,0.18287949083502644,0.9565819107620781,0.9703750709497376,-0.2406143984985935,0.01832351613906698,-0.011881989343197993,0.009613073149360983,-0.0027040348869504303,0.23712619992153214,0.3885911701429289,0.12474869311821499,-2.500234058541272,-0.22490188902870378,2.924516840321677,1.842542974410665,-0.10501068482826881,0.1156765870474239,-0.07576854946844302,-0.003658719852239964,0.0006504864824645462,-0.03697003772836768,0.012847900390625,-0.10501068482826881,0.1156765870474239,-0.07576854946844302,-0.003658719852239964,0.0006504864824645462,-0.03697003772836768,1.0,-0.2248219483889856,0.2245859900534253,0.9370699328799923,0.04988578427127933,0.20180292465728375,0.9024998346667837,19.05464879244866,0.0,11.961985661073134,15,0.0482
84,0,0.0,-0.22994835886313014,0.18298974536069185,0.9563463776757299,0.969856672071465,-0.24267359681022566,0.018758508579693484,-0.011648150304473536,0.009680891497327796,-0.0026521486231720877,0.23820109379961166,0.3889670361389274,0.12371639776152019,-2.5006709583069577,-0.22907933174069753,2.925683357559769,1.8510144431389524,-0.0031632758301184394,0.13013405158378633,0.004382232173231082,-0.0038406890974255065,0.0014347664370346624,-0.04470441292083316,0.00717926025390625,-0.0031632758301184394,0.13013405158378633,0.004382232173231082,-0.0038406890974255065,0.0014347664370346624,-0.04470441292083316,1.0,-0.2248711388843772,0.22463608942427732,0.9369727667914505,0.04988578427127933,0.20180292465728375,0.9024998346667837,19.3827772604428,0.0,11.070639582502764,15,0.0433
85,0,0.0,-0.2299782053886049,0.18320904395484938,0.9566321826362912,0.9692618216841998,-0.24498817452059868,0.019392102988460586,-0.011673119213599075,0.009819935962607884,-0.002614921544160128,0.23900305471915398,0.38813469579582066,0.12318173918869552,-2.50113080097618,-0.23209292684329602,2.926298648110475,1.85909551950531,0.024468547690307707,0.1078958025076463,0.04136941437591146,-0.0060806821952404805,0.002031755656185047,-0.048712591731511906,0.007144927978515625,0.024468547690307707,0.1078958025076463,0.04136941437591146,-0.0060806821952404805,0.002031755656185047,-0.048712591731511906,1.0,-0.22470907582002414,0.22476681021073397,0.9372588397164016,0.04988578427127933,0.20180292465728375,0.9024998346667837,17.89003031131827,0.0,8.042859536241377,14,0.0435
86,0,0.0,-0.2297789287950396,0.183453043958688,0.9571641845829677,0.9685605625767214,-0.24769404729424271,0.020016911456966838,-0.011722577011263127,0.00997330471226779,-0.002612871313122826,0.23963998911936768,0.38689568887172315,0.12286099253548508,-2.501122920946945,-0.23424477317379122,2.9260270642604627,1.8671444636619423,0.052126051344117075,0.04647430547965936,0.06219520921428923,-0.01296330656624059,0.02124076170767089,-0.05211652248027926,0.005680084228515625,0.052126051344117075,0.04647430547965936,0.06219520921428923,-0.01296330656624059,0.02124076170767089,-0.05211652248027926,1.0,-0.22426860062128604,0.22495454366236778,0.9377132995610632,0.04988578427127933,0.20180292465728375,0.9024998346667837,16.001279043463633,0.0,0.346494346175627,14,0.0489
87,0,0.0,-0.2297247216371262,0.18364601708582323,0.9576773719588735,0.9677940833724129,-0.2506722778141284,0.02018184015721202,-0.011433050891816463,0.009852736141107451,-0.002627896587702082,0.24015069472506054,0.38549816501296535,0.12285654427355393,-2.5009870991855174,-0.23554993953039616,2.924251206731273,1.8750735796176266,0.1363825689747099,0.0391546642052657,0.1174834152372699,-0.015481889747392716,0.017167188212291823,-0.05064618552962827,0.0005040168762207031,0.1363825689747099,0.0391546642052657,0.1174834152372699,-0.015481889747392716,0.017167188212291823,-0.05064618552962827,1.0,-0.22394659860174054,0.2251196699734635,0.938129409408596,0.04988578427127933,0.20180292465728375,0.9024998346667837,16.14806394825466,0.0,1.161557921912717,14,0.0477
88,1,0.73,-0.22932123827877646,0.1837870526597681,0.9584356547465547,0.9669929417795228,-0.25375415563265225,0.02032092524962694,-0.010979027495281055,0.009693119866948575,-0.002673259765896152,0.2404989294474016,0.3837959527712677,0.12286642001770934,-2.4998802207687665,-0.23633246086178164,2.9210623838848244,1.8824867171687718,-0.21892775651656815,0.13433346116108258,-0.23170525438155598,-0.0004420511154424184,-0.024844464876545902,-0.015086187086144398,0.03948974609375,-0.21892775651656815,0.13433346116108258,-0.23170525438155598,-0.0004420511154424184,-0.024844464876545902,-0.015086187086144398,1.0,-0.2232496794747686,0.22526636109186018,0.9387510426158754,0.04988578427127933,0.20180292465728375,0.9024998346667837,15.997340135323705,0.0,0.0,10,0.051
89,0,0.0,-0.22945975832804927,0.18461994091036601,0.9581351403560975,0.9665770144855319,-0.2553997750449233,0.01979094412925564,-0.010399447375199341,0.009535625749568134,-0.0027316301355901377,0.24140542417572014,0.3853169265127643,0.12368766545599219,-2.498015479579557,-0.2383822892296416,2.9188890702816783,1.8892414571574359,-0.17599057349969782,0.0976355481371397,-0.17133897783634067,-0.0002882629480510934,-0.008140472411298921,-0.01969546683341203,0.020751953125,-0.17599057349969782,0.0976355481371397,-0.17133897783634067,-0.0002882629480510934,-0.008140472411298921,-0.01969546683341203,1.0,-0.2232161822151491,0.2261388810498002,0.9383678667746808,0.04988578427127933,0.20180292465728375,0.9024998346667837,16.26412841911739,0.0,5.977655490287428,12,0.0469
90,0,0.0,-0.22999746147470557,0.18517480913546933,0.9571346808279813,0.9663202514720998,-0.2564330362810431,0.019314061320790287,-0.009707550354131412,0.00960258895403429,-0.0026969822096290594,0.24263177053309426,0.3879750174323107,0.1234410545490209,-2.497080463806113,-0.24252185665723558,2.9188500617040294,1.8963789992416973,-0.14887235264693766,0.05989364781604756,-0.16802967345106423,-0.00027538016963087053,-0.005372081228376069,-0.03071607028758505,0.0174102783203125,-0.14887235264693766,0.05989364781604756,-0.16802967345106423,-0.00027538016963087053,-0.005372081228376069,-0.03071607028758505,1.0,-0.22364574860009978,0.22660809288542552,0.937434605861496,0.04988578427127933,0.20180292465728375,0.9024998346667837,18.708516063738166,0.0,11.565365331209541,15,0.0501
91,0,0.0,-0.23026241291755603,0.18513702322414355,0.9565383118163688,0.9659017985040355,-0.258008303592371,0.01945396107190274,-0.009326002502024002,0.009621126694004323,-0.0026572472880838924,0.2434717845000109,0.3893680498011306,0.12231472884243139,-2.4971384497141735,-0.2464515795239165,2.919992807840601,1.9033172077296958,-0.08292577011863456,0.09440387959371743,-0.06464243989725493,-0.0005378667799427611,0.0008845999017392248,-0.0323777524578413,0.0156707763671875,-0.08292577011863456,0.09440387959371743,-0.06464243989725493,-0.0005378667799427611,0.0008845999017392248,-0.0323777524578413,1.0,-0.22375141125844752,0.22656778630005905,0.9371177617383654,0.04988578427127933,0.20180292465728375,0.9024998346667837,23.09515108023095,0.0,11.53522006196508,15,0.0447
92,0,0.0,-0.23034751668978887,0.18514050901653928,0.9564966192026889,0.9654130676025069,-0.2597850701304053,0.02000504801258036,-0.009440566385063518,0.009637500658880258,-0.0026227355391973866,0.24398605466841913,0.3892902262410739,0.12158327722555398,-2.497806894764161,-0.24926861200969652,2.921556666631777,1.9096379283454057,0.022670938353477,0.10427630441352764,0.028588652612085208,-0.0004066234747868158,0.0020551669981125065,-0.04228742067318772,0.0079498291015625,0.022670938353477,0.10427630441352764,0.028588652612085208,-0.0004066234747868158,0.0020551669981125065,-0.04228742067318772,1.0,-0.2236823770753565,0.22651095141486852,0.9371742060673229,0.04988578427127933,0.20180292465728375,0.9024998346667837,22.990319574505314,0.0,9.852272016534092,15,0.0429
93,0,0.0,-0.23026824036587235,0.18524064825604103,0.9569383306524644,0.9648177043349505,-0.26192375687928454,0.0206658313430385,-0.009780920149848405,0.009677242113044677,-0.002590915045168797,0.2442234419776726,0.38805779890925945,0.12136709029293,-2.4985147650780055,-0.2507187667741356,2.922458873764929,1.9156105438292583,0.04681026373377484,0.09577044723549133,0.06333634865748805,-0.0050468392270181794,0.0011304189919776053,-0.05064618552962827,0.006504058837890625,0.04681026373377484,0.09577044723549133,0.06333634865748805,-0.0050468392270181794,0.0011304189919776053,-0.05064618552962827,1.0,-0.22345434045040188,0.22648892155510805,0.9375393703526151,0.04988578427127933,0.20180292465728375,0.9024998346667837,20.330229200740778,0.0,6.397749892508299,15,0.0447
94,0,0.0,-0.2301302583994011,0.1853821228680098,0.9575772776652326,0.9641176656444722,-0.264441848267465,0.021165017528545615,-0.00998387250299334,0.00972310525132172,-0.0025670400944911363,0.24442200257113095,0.38634434959330405,0.12142712818836664,-2.498945787858847,-0.2514101323391375,2.9221391594077883,1.9217999646335728,0.03746269518225531,0.03704322922226755,0.05426429008405764,-0.008505865232846035,0.019508322405038414,-0.05604413488270313,0.003936767578125,0.03746269518225531,0.03704322922226755,0.05426429008405764,-0.008505865232846035,0.019508322405038414,-0.05604413488270313,1.0,-0.22314424596549673,0.22652354762463184,0.9380539678867427,0.04988578427127933,0.20180292465728375,0.9024998346667837,18.38648113115776,0.0,2.4772779135215885,15,0.0466
95,0,0.0,-0.23027435786823502,0.18550708010490313,0.958070132641797,0.963325729136321,-0.2673266424124686,0.02109694486777081,-0.009742933731477624,0.00971536645136332,-0.0025811387691117333,0.2446298321636159,0.38472121798099873,0.12180913705642012,-2.499331478331445,-0.2514244415785428,2.920351057127789,1.9283961526929079,0.10208354082464577,0.02723678674567609,0.1251290495067019,-0.010425399217458137,0.0137257209489543,-0.058078436691138074,-0.0023784637451171875,0.10208354082464577,0.02723678674567609,0.1251290495067019,-0.010425399217458137,0.0137257209489543,-0.058078436691138074,1.0,-0.22304719248478092,0.226614659031596,0.9384465812930036,0.04988578427127933,0.20180292465728375,0.9024998346667837,17.62018562411832,0.0,0.7263609690769754,15,0.0486
96,1,0.729,-0.2300336350836203,0.18556065645041275,0.9588936108606778,0.962415087971346,-0.27059142114339685,0.021169269757792205,-0.009452156718106142,0.00964230946276396,-0.0026309691408516037,0.24468441794648899,0.3825136700447117,0.12210511259273335,-2.4989856447350687,-0.2510495310115879,2.9175195789561164,1.9351130909001069,-0.19345306420033892,0.1458525120127726,-0.2395791165396276,-0.0003663647922236418,-0.019670558310575903,-0.014358571711592771,0.040130615234375,-0.19345306420033892,0.1458525120127726,-0.2395791165396276,-0.0003663647922236418,-0.019670558310575903,-0.014358571711592771,1.0,-0.22249618426994477,0.2266647582849523,0.9391385387016815,0.04988578427127933,0.20180292465728375,0.9024998346667837,16.65767198960556,0.0,0.0,10,0.0475
97,0,0.0,-0.23025613049265442,0.18633685994982274,0.9585458168707502,0.9619168025149827,-0.2724165896755746,0.020576820988788658,-0.00904771500852776,0.009552217509780678,-0.002682027710400246,0.24533955301784072,0.38409058684929553,0.12313258353053066,-2.4974504312779167,-0.25209413829903937,2.9158537555217405,1.941216422294106,-0.18174292337755604,0.09909595733371335,-0.19108069020367946,-0.00027538016963087053,-0.006958199643961882,-0.01908618337098472,0.0198822021484375,-0.18174292337755604,0.09909595733371335,-0.19108069020367946,-0.00027538016963087053,-0.006958199643961882,-0.01908618337098472,1.0,-0.2225357723057284,0.22745095071760196,0.9386838297586918,0.04988578427127933,0.20180292465728375,0.9024998346667837,16.49919741161259,0.0,5.887813024451313,12,0.0486
98,0,0.0,-0.23081596432724158,0.18687378356740633,0.9573463078720876,0.9616524365613907,-0.27341683022973656,0.019935046350148002,-0.00839178942060808,0.009614113322204234,-0.0026528718300681134,0.24642204812346805,0.38732692282468456,0.1230033043534014,-2.4963381246180525,-0.25557533820558925,2.9159824405891173,1.947602166371711,-0.1505158811834686,0.0671429079243413,-0.17442005433297736,-0.00028504225344604117,-0.0038737553450182427,-0.028304113440455525,0.01415252685546875,-0.1505158811834686,0.0671429079243413,-0.17442005433297736,-0.00028504225344604117,-0.0038737553450182427,-0.028304113440455525,1.0,-0.2229846566365954,0.2279289022504195,0.9376163874478372,0.04988578427127933,0.20180292465728375,0.9024998346667837,20.059592995638912,0.0,11.995810041033511,15,0.0499
99,0,0.0,-0.23110404531025805,0.18682307699679887,0.9566575450559757,0.9612425329035443,-0.2748615868944862,0.019984116131144803,-0.008033435720690957,0.009633369602673315,-0.002615309129031108,0.24719928688528037,0.3889487706315681,0.12193611677297009,-2.496348956846916,-0.2591135904287382,2.917190808431987,1.9538919624147022,-0.07984415411263912,0.10537747640813289,-0.06698177575581243,-0.0007029273784517759,0.0013996494241434732,-0.028299078039939585,0.01361083984375,-0.07984415411263912,0.10537747640813289,-0.06698177575581243,-0.0007029273784517759,0.0013996494241434732,-0.028299078039939585,1.0,-0.2231200524869527,0.22788350693346,0.9372609471358866,0.04988578427127933,0.20180292465728375,0.9024998346667837,24.945856066334535,0.0,12.189270706915751,16,0.0462
100,0,0.0,-0.23117829969543174,0.18683836233366993,0.9566233695560843,0.9607766196223048,-0.27644113645940255,0.020521273325344088,-0.008213562033381559,0.009664170280715471,-0.002575911874116052,0.2476873501226914,0.3888668881562861,0.12125543438534586,-2.497010827160739,-0.2616292538503674,2.9187990378913193,1.9595445810615957,0.02436582715677449,0.10605782768043226,0.0293303932501644,-0.0004187010795557722,0.0018444649207653152,-0.03888348992442034,0.007659912109375,0.02436582715677449,0.10605782768043226,0.0293303932501644,-0.0004187010795557722,0.0018444649207653152,-0.03888348992442034,1.0,-0.22306526639334898,0.22782280497884982,0.9373207463426612,0.04988578427127933,0.20180292465728375,0.9024998346667837,24.389339510068005,0.0,10.473674049374427,16,0.044
101,0,0.0,-0.23109443393372933,0.1869376730438909,0.9570974583026285,0.9602071542836927,-0.2783515580067945,0.021181199389274347,-0.008601616710463299,0.00972293965742891,-0.0025385560823387773,0.2479212656532669,0.3875338095647414,0.12105600570987539,-2.4977703353751366,-0.26283601259431216,2.919708694734033,1.9648414859006351,0.049532357872404176,0.10373231665054683,0.06059761399381092,-0.003328598655221948,0.0013762380822160136,-0.049054998966595015,0.007213592529296875,0.049532357872404176,0.10373231665054683,0.06059761399381092,-0.003328598655221948,0.0013762380822160136,-0.049054998966595015,1.0,-0.22286506616938648,0.22778062678507435,0.9377047776736941,0.04988578427127933,0.20180292465728375,0.9024998346667837,21.093350954923356,0.0,6.743709374461526,15,0.0451
102,0,0.0,-0.23089645133472822,0.18710354002468332,0.9577626192738534,0.959493601356139,-0.2807509412992848,0.021711542148739205,-0.008918904288908576,0.009766049504989898,-0.00251319801688853,0.24810596798102255,0.3858471204530743,0.12114547883084226,-2.4981206590690315,-0.2631141940963877,2.9195387393098557,1.9704353467398743,0.03350795464122769,0.044832078270660713,0.05389341976501805,-0.006689393475595648,0.018103641889390454,-0.057111639792079893,0.0050201416015625,0.03350795464122769,0.044832078270660713,0.05389341976501805,-0.006689393475595648,0.018103641889390454,-0.057111639792079893,1.0,-0.2225201783530769,0.22781904130098268,0.9382071716555707,0.04988578427127933,0.20180292465728375,0.9024998346667837,18.568440277786085,0.0,3.5228725471928586,15,0.0473
103,0,0.0,-0.23099960929366017,0.1872312568422409,0.9582635608556842,0.9586483830207443,-0.28363173048901025,0.021659548063933113,-0.008785395220896861,0.009765023013097769,-0.0025177527797777925,0.24827108701845677,0.38425084304835205,0.12157349031761285,-2.4985036792351454,-0.2625982678490134,2.9179383468977798,1.9765371202832291,0.08382817600579551,0.023670807663279225,0.10966661005135836,-0.007082318217412231,0.014100302419793764,-0.05950849043766164,-0.00016880035400390625,0.08382817600579551,0.023670807663279225,0.10966661005135836,-0.007082318217412231,0.014100302419793764,-0.05950849043766164,1.0,-0.22239390632161785,0.2278961773997442,0.9386017592514528,0.04988578427127933,0.20180292465728375,0.9024998346667837,17.728107825120333,0.0,1.238665727675141,15,0.0508
104,1,0.7471,-0.23088027708967437,0.18730792099184518,0.9590082999594064,0.9576679178374279,-0.28693451530937203,0.02161547649030341,-0.008574044856220603,0.009693617964826989,-0.002555276020377931,0.24828965529956307,0.38214201214569793,0.12205035945422907,-2.4984192056985783,-0.2615070023230527,2.9153728461089523,1.9828122926559735,-0.17126542895717145,0.1546970785526649,-0.2464259531988202,-0.000503244312938439,-0.013036369291880234,-0.013107274683384657,0.046051025390625,-0.17126542895717145,0.1546970785526649,-0.2464259531988202,-0.000503244312938439,-0.013036369291880234,-0.013107274683384657,1.0,-0.22197177802069307,0.22795963989210125,0.9392247196712019,0.04988578427127933,0.20180292465728375,0.9024998346667837,16.97689211044041,0.0,0.0,8,0.0476
105,0,0.0,-0.2311690664705897,0.18807323355451896,0.9585064068449729,0.9571253566515335,-0.28880320621584293,0.020879876805661966,-0.008233497355524859,0.009673455561598454,-0.002596708735187025,0.24886753947678023,0.384112535115191,0.12316693348663275,-2.4969001950026235,-0.26178610545084363,2.9139984288278225,1.9882868321866058,-0.15873352386612316,0.09944786316421306,-0.19199360175823854,-0.0003027560737738355,-0.0066772635408322845,-0.020584844449537815,0.0217437744140625,-0.15873352386612316,0.09944786316421306,-0.19199360175823854,-0.0003027560737738355,-0.0066772635408322845,-0.020584844449537815,1.0,-0.22207644749396233,0.22872284477305302,0.9386372978425083,0.04988578427127933,0.20180292465728375,0.9024998346667837,16.521505430961813,0.0,8.14082467884209,12,0.0486
106,0,0.0,-0.2315996265699973,0.18847122700019972,0.9572712235018819,0.9568272391826913,-0.28985332680205933,0.02021978055959859,-0.007605509445653305,0.009761218635681228,-0.002541280365879537,0.24980340887223138,0.3875317081963677,0.12287970409758173,-2.4955773343051875,-0.26459291173845745,2.9141436941048116,1.9938297687343516,-0.13592956542175672,0.06948894679433926,-0.15947112762707338,-0.0002769905169334036,-0.0037918156482721066,-0.030202459434960388,0.01383209228515625,-0.13592956542175672,0.06948894679433926,-0.15947112762707338,-0.0002769905169334036,-0.0037918156482721066,-0.030202459434960388,1.0,-0.2224150746926826,0.22906461668696154,0.9376310595253257,0.04988578427127933,0.20180292465728375,0.9024998346667837,21.78914794127339,0.0,12.989202055884194,15,0.0481
107,0,0.0,-0.23182595517901275,0.18839036629608696,0.9566793781039074,0.9564015107247651,-0.2912580873353544,0.020281954453784914,-0.007315679645239681,0.009781255552663232,-0.002500656243372048,0.25050381071098676,0.3888991683807978,0.12187189738575242,-2.4956109574824534,-0.2675077619478701,2.9152355544835125,1.9994213435580317,-0.06875033649105533,0.09968246705121286,-0.05916497056990078,-0.0004315838579759951,0.0011070076500501458,-0.03174329199283438,0.01192474365234375,-0.06875033649105533,0.09968246705121286,-0.05916497056990078,-0.0004315838579759951,0.0011070076500501458,-0.03174329199283438,1.0,-0.22250428966275596,0.22898119576553447,0.9373653961869277,0.04988578427127933,0.20180292465728375,0.9024998346667837,25.987875943949717,0.0,12.144352075200489,16,0.0445
108,0,0.0,-0.23193782965980783,0.1884259481761278,0.9567332490368257,0.9558996602825965,-0.2928617359004479,0.020762956416872803,-0.007532778891139873,0.00981584493656033,-0.0024642213350611238,0.2509859709424369,0.38851295014899045,0.12132786345434027,-2.4964219702365456,-0.26945283424548966,2.916645796896568,2.0047240406855815,0.025238951691806566,0.09667953729761547,0.02950156416664418,-0.00021096627752979769,0.001809347907874126,-0.042106146254614285,0.006275177001953125,0.025238951691806566,0.09667953729761547,0.02950156416664418,-0.00021096627752979769,0.001809347907874126,-0.042106146254614285,1.0,-0.2224925911683015,0.22893023748680796,0.9374881819058833,0.04988578427127933,0.20180292465728375,0.9024998346667837,25.195719081898243,0.0,9.967577301616572,16,0.0458
109,0,0.0,-0.23189923833586493,0.18853577470068403,0.9572380869495425,0.9552616272832812,-0.29488387126982707,0.021347744314180163,-0.007937236150718997,0.009868094051890722,-0.002433149705120671,0.2512565214420851,0.3870307402277105,0.12119433951817785,-2.4972853628733125,-0.2701952976956382,2.917420516493827,2.0099292467349774,0.04583441866520965,0.09129537809097021,0.04978531776950246,-0.000885701797288585,0.001809347907874126,-0.05173383204106874,0.006435394287109375,0.04583441866520965,0.09129537809097021,0.04978531776950246,-0.000885701797288585,0.001809347907874126,-0.05173383204106874,1.0,-0.22233172974248877,0.22889966183589786,0.9378933712361655,0.04988578427127933,0.20180292465728375,0.9024998346667837,21.720432279254858,0.0,6.365430783641703,16,0.0447
110,0,0.0,-0.23174840042824724,0.18870811000622228,0.957860449293336,0.9544636422849688,-0.29741415998149456,0.021799256394956834,-0.008292491738855486,0.00990557915184923,-0.002413385746177817,0.2514586927870469,0.3854248075279205,0.12132282352570053,-2.4977059170929765,-0.2700808710471209,2.91733641573945,2.0154989735471727,0.025187591425040012,0.036996308444867565,0.041939984097510874,-0.004059696330569171,0.014053479735938845,-0.058501410334476034,0.003162384033203125,0.025187591425040012,0.036996308444867565,0.041939984097510874,-0.004059696330569171,0.014053479735938845,-0.058501410334476034,1.0,-0.2220243309449828,0.22894770614725438,0.9383529631485271,0.04988578427127933,0.20180292465728375,0.9024998346667837,18.94368028974037,0.0,3.8794788976436076,15,0.0464
111,0,0.0,-0.23186485986187008,0.1888102102114574,0.9583010776683917,0.9535325587842802,-0.30039003448070756,0.02175598981928316,-0.008256114701521423,0.00990129872797117,-0.00241703538478648,0.2516088925179818,0.3839729779012432,0.12169546346688423,-2.498205872670042,-0.26932400861943184,2.9161591148200388,2.0215348680298493,0.06904925924370886,0.00494941748069555,0.09163660684881769,-0.0023426635192498324,0.010775891866093595,-0.06178449147086111,0.0009813308715820312,0.06904925924370886,0.00494941748069555,0.09163660684881769,-0.0023426635192498324,0.010775891866093595,-0.06178449147086111,1.0,-0.22190730134736525,0.22899661640547053,0.9386974678725482,0.04988578427127933,0.20180292465728375,0.9024998346667837,18.225406277084073,0.0,1.322345735005146,15,0.0695
112,1,0.733,-0.23181782690716324,0.18883723511741757,0.9589459406089639,0.9524603954066103,-0.3037767990390729,0.021722007191525068,-0.008185716280715547,0.009819590714902234,-0.002450251305948011,0.251604636611883,0.38203456913268347,0.12208872596758044,-2.49845825235173,-0.26794576095755307,2.914317272485367,2.027675868617656,-0.18318101084702065,0.16480850608235598,-0.24870823208521775,-0.001591310694237999,-0.007104520531008546,-0.011883672358014158,0.0411376953125,-0.18318101084702065,0.16480850608235598,-0.24870823208521775,-0.001591310694237999,-0.007104520531008546,-0.011883672358014158,1.0,-0.22155581556694545,0.22900222631553097,0.9392328500752498,0.04988578427127933,0.20180292465728375,0.9024998346667837,17.379990551374064,0.0,0.0,10,0.0487
113,0,0.0,-0.23227770780429285,0.18959047409600624,0.9583405100664236,0.9518820955756384,-0.305646283857094,0.020921701855483973,-0.007944034135732667,0.00977322947153214,-0.0024950429259203394,0.2521646914747908,0.3840705589381338,0.1232842679175438,-2.497413368294649,-0.2678298280939456,2.9135324755300274,2.0328589676014914,-0.14106559209841585,0.11120151790290278,-0.1923359435911982,-0.00030114572647130244,-0.004453186057723019,-0.02140687358376306,0.018798828125,-0.14106559209841585,0.11120151790290278,-0.1923359435911982,-0.00030114572647130244,-0.004453186057723019,-0.02140687358376306,1.0,-0.2218224568878603,0.22976051402104758,0.9385782957424385,0.04988578427127933,0.20180292465728375,0.9024998346667837,17.87199298436238,0.0,8.269456052539171,14,0.0495
114,0,0.0,-0.23270268416566642,0.1900371600707298,0.9571127138706993,0.9515612967111888,-0.30670002207743574,0.020274891335767858,-0.007424543106640859,0.00985888680260361,-0.002433168420951685,0.25310177089043945,0.3875181254439224,0.12307591193191084,-2.496093501225768,-0.270207483348568,2.9138947947494827,2.038093752015821,-0.14805058837867224,0.07225727266093684,-0.15581948140883728,-0.00031805437314784413,-0.002709041084126812,-0.033122991734198665,0.0118255615234375,-0.14805058837867224,0.07225727266093684,-0.15581948140883728,-0.00031805437314784413,-0.002709041084126812,-0.033122991734198665,1.0,-0.2221528342202704,0.23014862169094247,0.9376000132084543,0.04988578427127933,0.20180292465728375,0.9024998346667837,23.198750257322043,0.0,14.219192330727255,15,0.049
115,0,0.0,-0.23291632210390892,0.189972558141423,0.9565972468431245,0.9510858243474704,-0.30817266954369354,0.02033736930825012,-0.0071938780379376495,0.009887559630575474,-0.0023867139068189454,0.2538105328109944,0.3886589924172322,0.12213774905313307,-2.4962015840772778,-0.2726474528461775,2.914905266492946,2.0434643558587275,-0.0867264298593623,0.0956824707778664,-0.06658237695069291,-0.0004315838579759951,0.002020049985221317,-0.0339588682198427,0.00977325439453125,-0.0867264298593623,0.0956824707778664,-0.06658237695069291,-0.0004315838579759951,0.002020049985221317,-0.0339588682198427,1.0,-0.22223174961500075,0.2300593051384666,0.9373832732557499,0.04988578427127933,0.20180292465728375,0.9024998346667837,27.020658956199302,0.0,12.29604768175618,16,0.0463
116,0,0.0,-0.2331055888035826,0.19001580690954925,0.9567028107603,0.9505150879551709,-0.3098967221632932,0.020739112308251467,-0.007414740904800454,0.009919653422611557,-0.0023556732817887594,0.2543304355961794,0.38801894166893974,0.12168559507824928,-2.497220022860672,-0.27411362870286377,2.916155421386761,2.0487063780210644,0.0072114980567330456,0.0931135582152186,0.01886043885881561,-0.00021418697213484994,0.0022658690754597255,-0.04240827028556998,0.00490570068359375,0.0072114980567330456,0.0931135582152186,0.01886043885881561,-0.00021418697213484994,0.0022658690754597255,-0.04240827028556998,1.0,-0.222284492358671,0.23001121783922582,0.9375504246993398,0.04988578427127933,0.20180292465728375,0.9024998346667837,26.163688852376108,0.0,9.617316626858564,16,0.0521
117,0,0.0,-0.2331379005030212,0.19014587485286738,0.9572015902472221,0.9498151483811607,-0.3119917062001761,0.021240003858397912,-0.007824410781079549,0.009966489349159896,-0.002330579847805465,0.2546719280582552,0.38647321221855674,0.12160309701072639,-2.498204406708313,-0.2745113342659067,2.9168738359222015,2.0538680792902797,0.03191578637146342,0.09097866284352052,0.04154058529239135,-0.00040340278018176357,0.0019029932755839918,-0.05012250387597175,0.0041656494140625,0.03191578637146342,0.09097866284352052,0.04154058529239135,-0.00040340278018176357,0.0019029932755839918,-0.05012250387597175,1.0,-0.22218650785358784,0.23000003555168147,0.9379445572944444,0.04988578427127933,0.20180292465728375,0.9024998346667837,22.630793311426743,0.0,6.128588260495533,16,0.0545
118,0,0.0,-0.2330514755327189,0.19034936004118883,0.9577978053850865,0.9489805519979675,-0.31448474616628913,0.021637627170166967,-0.008189593933861462,0.010004261930509864,-0.0023125768736339484,0.25495860540054993,0.384877054838848,0.12175971407881864,-2.4987219379018084,-0.27423360338061575,2.9168330513406584,2.0593402065864037,0.026625678894504512,0.040374604417664606,0.03714719843607606,-0.0037086406186182946,0.01351501887160711,-0.05463422273824328,0.0013246536254882812,0.026625678894504512,0.040374604417664606,0.03714719843607606,-0.0037086406186182946,0.01351501887160711,-0.05463422273824328,1.0,-0.22194680516724757,0.23007169600456961,0.9383686084108693,0.04988578427127933,0.20180292465728375,0.9024998346667837,19.356108226997215,0.0,4.515150401900314,15,0.0456
119,0,0.0,-0.23310172911842753,0.1904636582022481,0.9582350346985157,0.9480151622126562,-0.3173811158364064,0.02165230807189287,-0.008225392422711105,0.009994475990997351,-0.0023159937965706377,0.255168250167615,0.3835353295693859,0.12203723540860502,-2.499102983159601,-0.27337634532446775,2.9158531917780213,2.065112776008029,0.058263603222724725,0.008327713453492591,0.08638736541010328,-0.0023092488127223892,0.012157161039814096,-0.058541693538603445,0.001651763916015625,0.058263603222724725,0.008327713453492591,0.08638736541010328,-0.0023092488127223892,0.012157161039814096,-0.058541693538603445,1.0,-0.2217718301967475,0.2301242474876114,0.9386880244828903,0.04988578427127933,0.20180292465728375,0.9024998346667837,18.480367140214746,0.0,2.1505234540056057,15,0.0504
120,1,0.7345,-0.2330395103671185,0.19047925600925963,0.9588420433128242,0.9469228541728067,-0.32062929139548385,0.02161331112046701,-0.008174993997752353,0.009924121380987172,-0.002342976731227367,0.2551933835719168,0.3817174334996203,0.12237678553733806,-2.4993303358784993,-0.271834279843049,2.9141187653945053,2.070818161604585,-0.185646303651817,0.15399326689166548,-0.25327278985801294,-0.0003872993071565023,-0.009908028726822588,-0.010237096389305672,0.037261962890625,-0.185646303651817,0.15399326689166548,-0.25327278985801294,-0.0003872993071565023,-0.009908028726822588,-0.010237096389305672,1.0,-0.22142367882647812,0.23010917049787702,0.9391640648035418,0.04988578427127933,0.20180292465728375,0.9024998346667837,17.644468542297858,0.0,0.449907505542142,12,0.0483
121,0,0.0,-0.23351008077227325,0.19115154425738773,0.9582259761628462,0.9463501014722437,-0.3223745469629549,0.02082188772767134,-0.007911125416644328,0.009868311949303231,-0.0023633435524407684,0.25575487459427126,0.38371165192532947,0.12343125312874821,-2.498408551241006,-0.27159066616515054,2.9134483784339134,2.0755212051339953,-0.13325883154989393,0.10479976433639593,-0.18229391649104887,-0.0002584715229543427,-0.004277600993267017,-0.017725995806619654,0.0177459716796875,-0.13325883154989393,0.10479976433639593,-0.18229391649104887,-0.0002584715229543427,-0.004277600993267017,-0.017725995806619654,1.0,-0.22171652018913152,0.23077042955676072,0.9385106050832556,0.04988578427127933,0.20180292465728375,0.9024998346667837,18.52083483746175,0.0,8.47683059745726,14,0.0546
122,0,0.0,-0.23393136225294098,0.19154622552965778,0.9570574066648807,0.9460654088145524,-0.3232570306177605,0.020246171258950216,-0.007431483707453722,0.00992696051617541,-0.002321146507887161,0.25668766336363563,0.38694058084154914,0.12314436613830923,-2.497288247796198,-0.2738381851948962,2.9139668912957406,2.0802090692632187,-0.148461470512805,0.06808132347234042,-0.13847416187221584,-0.0003599234030135373,-0.001737470394136964,-0.03151166356910168,0.0116424560546875,-0.148461470512805,0.06808132347234042,-0.13847416187221584,-0.0003599234030135373,-0.001737470394136964,-0.03151166356910168,1.0,-0.2220387881071652,0.23113346903468496,0.9376149975745488,0.04988578427127933,0.20180292465728375,0.9024998346667837,23.70552142537815,0.0,13.935773262944103,15,0.0654
123,0,0.0,-0.23421656599978077,0.19149299673850115,0.9566360619495503,0.9456195822968028,-0.3245582874124448,0.02032354374969691,-0.007244116107207124,0.009945160946847172,-0.002287980821421125,0.25740474606922037,0.38769508001487746,0.12230360485383529,-2.4977202683075177,-0.27602995582166295,2.9149920749359994,2.085117388257993,-0.07799518450904175,0.08504318450242565,-0.05896527116734107,-0.0004001820855767113,0.002816035610755163,-0.03302228372388011,0.00952911376953125,-0.07799518450904175,0.08504318450242565,-0.05896527116734107,-0.0004001820855767113,0.002816035610755163,-0.03302228372388011,1.0,-0.22218990444550846,0.23105732409964563,0.9374604630497486,0.04988578427127933,0.20180292465728375,0.9024998346667837,26.93438404579191,0.0,11.063711725908517,16,0.0456
124,0,0.0,-0.23445000117132453,0.19155042529301267,0.9567828542158041,0.9450371189568627,-0.32622137738684753,0.020693736023317612,-0.007498401092004738,0.00996703467575192,-0.0022650405438927206,0.257935253608942,0.38689047019190254,0.12192286616182467,-2.498879135217165,-0.27719623097150753,2.9162218107024804,2.090049760243709,0.012296164466625514,0.0813129826991289,0.014638222918980093,-0.00013447478065976848,0.002769212926900244,-0.039638800001809554,0.0045318603515625,0.012296164466625514,0.0813129826991289,0.014638222918980093,-0.00013447478065976848,0.002769212926900244,-0.039638800001809554,1.0,-0.22228478171717647,0.2310298416829502,0.937656343726913,0.04988578427127933,0.20180292465728375,0.9024998346667837,26.099057923390557,0.0,8.526421297154965,16,0.0459
125,0,0.0,-0.23447773316154452,0.1916777536991548,0.9572370763849383,0.9443294089844141,-0.3282259930281469,0.021141692751923277,-0.007917932521592664,0.010003579022776798,-0.002245214548972649,0.25828407493176553,0.38549480992433444,0.12182791894672441,-2.4997850512187703,-0.27740018402803923,2.9169531652214498,2.094842252063849,0.027704244496602914,0.08053878987202956,0.03155561516440197,-0.00031161298393772574,0.0017976422369103962,-0.04683942273958666,0.0029315948486328125,0.027704244496602914,0.08053878987202956,0.03155561516440197,-0.00031161298393772574,0.0017976422369103962,-0.04683942273958666,1.0,-0.22218656244194,0.23102947211213726,0.9380099008436513,0.04988578427127933,0.20180292465728375,0.9024998346667837,22.749699820892637,0.0,5.777822299181035,16,0.0446
126,0,0.0,-0.23438455301132138,0.19184464203705748,0.9577539344218687,0.9435071406476669,-0.3305514245605113,0.021488560880492287,-0.008262748886704897,0.01003440201474881,-0.0022297977816953547,0.2585666458550541,0.3841252915999026,0.12190721684242765,-2.5002185183429786,-0.27705556437170104,2.9169616484231553,2.099841820543799,0.021695093284911704,0.03704322922226755,0.031384444247922194,-0.002442907638832134,0.012695621904145804,-0.05131085839773078,0.0008029937744140625,0.021695093284911704,0.03704322922226755,0.031384444247922194,-0.002442907638832134,0.012695621904145804,-0.05131085839773078,1.0,-0.22195009198705304,0.23107888947695804,0.9383743347523176,0.04988578427127933,0.20180292465728375,0.9024998346667837,19.82854590240273,0.0,4.41567125083648,15,0.05
127,0,0.0,-0.23444068828378234,0.19194444498161511,0.9581370015558119,0.9425588234497624,-0.3332441681760511,0.0214904175250131,-0.008327704860946035,0.010024038128187734,-0.0022336249975064976,0.25876804974039364,0.38292567278134537,0.12215315044497634,-2.500617826901975,-0.2761033007708323,2.9161826770718,2.1050915012300764,0.04367728746101285,0.009078445891891995,0.08227926341458769,-0.0007786137016705386,0.012555153852581019,-0.0549967715753901,0.0009031295776367188,0.04367728746101285,0.009078445891891995,0.08227926341458769,-0.0007786137016705386,0.012555153852581019,-0.0549967715753901,1.0,-0.2217943966251333,0.23111952171918665,0.9386539969110229,0.04988578427127933,0.20180292465728375,0.9024998346667837,19.00840193625064,0.0,2.2371975965600805,15,0.0498
128,1,0.7423,-0.23447598290654928,0.1919807433928822,0.9587021586299398,0.9414845590736473,-0.3362724457864443,0.021406419387196528,-0.008332613018792404,0.009968794976170215,-0.0022596554233639443,0.25877899233717006,0.3811086547420616,0.12259699467578358,-2.501104298937266,-0.274332754174899,2.9147270914536683,2.1102448877616267,-0.18687895005421518,0.16049179456155982,-0.2427743069805841,-0.000376832049690079,-0.00958612277531995,-0.009929936957834062,0.032318115234375,-0.18687895005421518,0.16049179456155982,-0.2427743069805841,-0.000376832049690079,-0.00958612277531995,-0.009929936957834062,1.0,-0.2215646627644816,0.23112206993057063,0.9390912658756838,0.04988578427127933,0.20180292465728375,0.9024998346667837,17.833979487773505,0.0,0.506055949142788,14,0.0564
129,0,0.0,-0.2350199142977565,0.19264142225003658,0.9581208049318737,0.9409200440840597,-0.3379032103947782,0.02061709963110652,-0.008113337695012452,0.009942763959925185,-0.0022792211499595818,0.25931866846812124,0.3828809122952381,0.12370525952327091,-2.50048546990855,-0.2738361228641718,2.914237701309327,2.1145366739653286,-0.1162072229833857,0.11523670475929926,-0.1585582160725143,-0.0002769905169334036,-0.0033352944806865348,-0.019525679422265574,0.0160369873046875,-0.1162072229833857,0.11523670475929926,-0.1585582160725143,-0.0002769905169334036,-0.0033352944806865348,-0.019525679422265574,1.0,-0.2219348368982101,0.23176379777970976,0.9384675806332041,0.04988578427127933,0.20180292465728375,0.9024998346667837,18.61449562461845,0.0,8.325194546782468,14,0.0496
130,0,0.0,-0.2354074566578349,0.19305889969045853,0.957084296857565,0.9406068430265038,-0.33881345851063255,0.02011430686848051,-0.00772151817826924,0.009998431807842828,-0.0022370207402174816,0.2602436771705991,0.3857703987164036,0.1234842202457594,-2.499465533531544,-0.27575357417790536,2.9147599132907134,2.119045654952402,-0.1371622118241549,0.07110771361463786,-0.1315132112687033,-0.0003623389239673369,-0.000976601781494335,-0.033586248581664035,0.01165771484375,-0.1371622118241549,0.07110771361463786,-0.1315132112687033,-0.0003623389239673369,-0.000976601781494335,-0.033586248581664035,1.0,-0.2222240064331614,0.2321329908732178,0.9376574525380481,0.04988578427127933,0.20180292465728375,0.9024998346667837,22.489441797233756,0.0,13.414125842752393,15,0.0469
131,0,0.0,-0.2356616829021964,0.19301042418970119,0.9566970554782318,0.9400899887518277,-0.34024643148655187,0.020158005273382587,-0.0075388150695293865,0.01001418701666395,-0.002205201203426467,0.26096247894102254,0.38648256659071495,0.12267767623526693,-2.4998072656032866,-0.2775650968519037,2.91560053318659,2.1239109781889516,-0.07963871304557268,0.08322500437817726,-0.06578357934045376,-0.0003848837862027027,0.0023126917593146445,-0.03518750594572917,0.0097503662109375,-0.07963871304557268,0.08322500437817726,-0.06578357934045376,-0.0003848837862027027,0.0023126917593146445,-0.03518750594572917,1.0,-0.22233559233842018,0.232055602903635,0.9375183989558497,0.04988578427127933,0.20180292465728375,0.9024998346667837,25.90600603926231,0.0,10.644441331515386,16,0.0487
132,0,0.0,-0.23586360995064196,0.1930559887653682,0.9567923848696085,0.9394311407474518,-0.3420389861443101,0.020452205519833466,-0.0077569994641481345,0.01002845600579869,-0.0021831374232814415,0.26152345993026305,0.38587667785075197,0.12225596837708612,-2.500765125149604,-0.27847978933285694,2.916672198274444,2.1288736255646805,0.011423039931593548,0.08374113292957674,0.002353143600793306,-0.00011112474477312229,0.002780918597863974,-0.04148175659063921,0.00435638427734375,0.011423039931593548,0.08374113292957674,0.002353143600793306,-0.00011112474477312229,0.002780918597863974,-0.04148175659063921,1.0,-0.22238839574702232,0.23202194641082807,0.9376748989591956,0.04988578427127933,0.20180292465728375,0.9024998346667837,25.52393760885072,0.0,8.443825862463985,16,0.0442
133,0,0.0,-0.23587499098349174,0.19317845240316267,0.9571513426091417,0.9386548495290985,-0.3441325939291904,0.020823334718885107,-0.008137566113789255,0.01006023325204495,-0.0021624411680852226,0.26193196455873513,0.3847965733787929,0.12208981410365136,-2.501465086318557,-0.2785885945956149,2.9173500129199943,2.1337685175675074,0.028269207431035448,0.08505491469677562,0.014110445926500681,-0.0003196647204503633,0.0009548339275216033,-0.04700055555609636,0.003009796142578125,0.028269207431035448,0.08505491469677562,0.014110445926500681,-0.0003196647204503633,0.0009548339275216033,-0.04700055555609636,1.0,-0.22226707361746376,0.23202211927182348,0.9379587296952459,0.04988578427127933,0.20180292465728375,0.9024998346667837,22.74114909285903,0.0,6.448944693380749,16,0.0463
134,0,0.0,-0.23575956866878667,0.1933427224554958,0.9575515618274735,0.9377799450997485,-0.34648454829369446,0.021114886070391636,-0.008449493988462026,0.010095822212167463,-0.0021425901212498936,0.2622711533402046,0.3838170493233301,0.12207132868330885,-2.501669626940564,-0.2783046188251022,2.91739704086887,2.138863410305263,0.02934777303313385,0.04159454463006362,0.017976055790336565,-0.0024203627765967545,0.012180572381741556,-0.050525335917246006,0.0015354156494140625,0.02934777303313385,0.04159454463006362,0.017976055790336565,-0.0024203627765967545,0.012180572381741556,-0.050525335917246006,1.0,-0.222012944764272,0.23206513586498986,0.9382346554139982,0.04988578427127933,0.20180292465728375,0.9024998346667837,20.22326349333382,0.0,5.57178233163836,15,0.0417
135,0,0.0,-0.23575709723931376,0.19342293509644437,0.9578286300087278,0.936796055672505,-0.34913409607564533,0.02112267736639358,-0.00850679344720415,0.010095774310801614,-0.002137803432149644,0.2625269243325004,0.38300717780647053,0.12214982550023785,-2.5018323779174385,-0.2775205150949442,2.9167802066123456,2.144105817834134,0.050687963874652464,0.010204544549490935,0.07155255264851923,-0.001112760766944887,0.01232104043330634,-0.055258612402218354,0.0018777847290039062,0.050687963874652464,0.010204544549490935,0.07155255264851923,-0.001112760766944887,0.01232104043330634,-0.055258612402218354,1.0,-0.22181338273603673,0.23207506709022305,0.9384423927636779,0.04988578427127933,0.20180292465728375,0.9024998346667837,19.705788451074827,0.0,3.434933359753022,15,0.0466
136,1,0.7302,-0.2357272342999824,0.19342388256155973,0.9583100458071614,0.9356863570853257,-0.3521000361211078,0.021071786461343674,-0.008519714973714227,0.010054806723732062,-0.0021531421996278427,0.2625816552203659,0.3815047429448343,0.12240355858253978,-2.5021422742008683,-0.2759189124358081,2.915529902829585,2.149194775191067,-0.18174292337755604,0.13876747462537875,-0.2452848137556215,-0.0005781254625059351,-0.01398818666211879,-0.012155583985874269,0.026519775390625,-0.18174292337755604,0.13876747462537875,-0.2452848137556215,-0.0005781254625059351,-0.01398818666211879,-0.012155583985874269,1.0,-0.22154275648681215,0.23202878794478926,0.9388296554723773,0.04988578427127933,0.20180292465728375,0.9024998346667837,18.718399257687075,0.0,1.2286736644670064,15,0.0523
137,0,0.0,-0.23612728717886272,0.19394068208785206,0.9577570391692685,0.9350737144845311,-0.3537660185821036,0.020440201490906827,-0.008303658210579934,0.010035231800673686,-0.0021726600613929765,0.2631514669774505,0.3832616808425019,0.12309415849395325,-2.5014378017179446,-0.27569891176445066,2.91521481004477,2.1535069617774085,-0.12011060325764655,0.10017513521391241,-0.16335100173394923,-0.00028665260074856036,-0.0033996756709870624,-0.018859590347767963,0.01471710205078125,-0.12011060325764655,0.10017513521391241,-0.16335100173394923,-0.00028665260074856036,-0.0033996756709870624,-0.018859590347767963,1.0,-0.2217652927901364,0.2325327562999404,0.9382784388415977,0.04988578427127933,0.20180292465728375,0.9024998346667837,20.354600400994755,0.0,9.274650997107237,15,0.0542
138,0,0.0,-0.23653334692295402,0.19430738891656424,0.9567767680504771,0.9347661084297909,-0.35460916112615065,0.020039590242164094,-0.007942304411037274,0.010071221140489311,-0.0021481114625630043,0.2641361587079061,0.3859135250916288,0.12274368164611432,-2.5006863191422757,-0.2777842433857304,2.9159629593708734,2.157989863181716,-0.14106559209841585,0.06775287803054075,-0.13288257860054187,-0.0004251424687658767,-0.00022743883981540813,-0.03287122170840226,0.011444091796875,-0.14106559209841585,0.06775287803054075,-0.13288257860054187,-0.0004251424687658767,-0.00022743883981540813,-0.03287122170840226,1.0,-0.2220635477378194,0.23287503146944272,0.9375447472871982,0.04988578427127933,0.20180292465728375,0.9024998346667837,24.84061744453362,0.0,13.519177705635625,16,0.0824
139,0,0.0,-0.23687687448711092,0.19434214129678082,0.9564489376462695,0.9342698631699957,-0.3559106320103361,0.020139346749845743,-0.007864572894252103,0.010089651514272694,-0.0021238960440588825,0.2649488520080124,0.386379095949548,0.1220379542802687,-2.5013426266013723,-0.27963865054094156,2.917090714187747,2.1628458235064,-0.07799518450904175,0.08124260153302898,-0.06817997217117111,-0.0004001820855767113,0.0030969717138847608,-0.034734319899295624,0.00943756103515625,-0.07799518450904175,0.08124260153302898,-0.06817997217117111,-0.0004001820855767113,0.0030969717138847608,-0.034734319899295624,1.0,-0.22227114196513081,0.2328667688387969,0.9374293697248895,0.04988578427127933,0.20180292465728375,0.9024998346667837,27.52299781498491,0.0,10.812104772680584,16,0.0803
140,0,0.0,-0.23714459845389568,0.19443918138150187,0.9565655838191874,0.9336024445995157,-0.3576333401576481,0.020453432987738992,-0.008156379374864398,0.010108449793631853,-0.0021050623986241497,0.2655951721517129,0.3856582604620494,0.12165156627293558,-2.502505529346669,-0.2805566247684984,2.9183837238099137,2.1678225512210747,0.013785612202856679,0.08437456342447625,0.005059783717630384,-7.328158316374789e-05,0.0027926242688277036,-0.04007184444617937,0.0040130615234375,0.013785612202856679,0.08437456342447625,0.005059783717630384,-7.328158316374789e-05,0.0027926242688277036,-0.04007184444617937,1.0,-0.22239589004067692,0.23287317822054587,0.9375978011325399,0.04988578427127933,0.20180292465728375,0.9024998346667837,26.847487944698436,0.0,8.71882840088785,16,0.0691
141,0,0.0,-0.23716792864257677,0.19459458223249496,0.9569579042307226,0.9328108136830893,-0.3596587218089346,0.02086585235977252,-0.008614285109915756,0.010151175886569793,-0.002084071025256346,0.2660771317141594,0.38447444858732377,0.12146983749799806,-2.5033146087110927,-0.28066424821924857,2.9192439526023524,2.172664111397596,0.027447443162769924,0.08635696626962452,0.01890323158793561,-0.000301950900122569,0.0006856034953557633,-0.044422430491941195,0.0022220611572265625,0.027447443162769924,0.08635696626962452,0.01890323158793561,-0.000301950900122569,0.0006856034953557633,-0.044422430491941195,1.0,-0.2223032160528942,0.2328894010579867,0.9378922294180921,0.04988578427127933,0.20180292465728375,0.9024998346667837,23.475731707552832,0.0,6.558319144881734,16,0.0713
142,0,0.0,-0.2370693881250932,0.19478839966114164,0.957406321135817,0.931934270010043,-0.3618961087253635,0.021193751455893778,-0.008974840918512571,0.01019350622807425,-0.0020632623863706375,0.26648580445958714,0.38333631575938454,0.12145206233432257,-2.503635757090248,-0.28038148091080994,2.9193701190117958,2.1776189768037884,0.028988251165767753,0.045958176928259764,0.02322529722905098,-0.0032384192062804296,0.011150473336933059,-0.04768537002626258,0.0011587142944335938,0.028988251165767753,0.045958176928259764,0.02322529722905098,-0.0032384192062804296,0.011150473336933059,-0.04768537002626258,1.0,-0.22208323947487307,0.23294859801753579,0.9381909823464759,0.04988578427127933,0.20180292465728375,0.9024998346667837,20.296864043829306,0.0,5.513398383388598,15,0.0663
143,0,0.0,-0.23707691830780156,0.1948939975551723,0.9577381353756639,0.9309615579384134,-0.3643861027862678,0.021249276758229112,-0.009045107758830499,0.010194145073378973,-0.002056173007435769,0.2668266014979101,0.38235655257674434,0.12151032455626352,-2.503878246871748,-0.27968517149365235,2.9187482024370075,2.1827064598793497,0.052536933478249837,0.025359955649677746,0.07320720484115739,-0.0025411388242862765,0.0076270663768494285,-0.052096380878215554,0.0017442703247070312,0.052536933478249837,0.025359955649677746,0.07320720484115739,-0.0025411388242862765,0.0076270663768494285,-0.052096380878215554,1.0,-0.2219086919359358,0.23297459898406278,0.9384273639088121,0.04988578427127933,0.20180292465728375,0.9024998346667837,19.492240622388806,0.0,3.32924187669353,14,0.0671
144,1,0.7874,-0.2369798524112791,0.1949281121957446,0.9582804194590275,0.9298773933327165,-0.3671391530067929,0.021323460114511646,-0.00906563549624293,0.010154746486149802,-0.002064726002499896,0.26703226458738083,0.38077737811679896,0.1216226082847503,-2.504069825887255,-0.27850211974087313,2.9174866954703456,2.1877937047841995,-0.18297556977995422,0.14557098734837282,-0.25235987830345386,-0.0009686346833687187,-0.017904465203922693,-0.010025609567636706,0.0265655517578125,-0.18297556977995422,0.14557098734837282,-0.25235987830345386,-0.0009686346833687187,-0.017904465203922693,-0.010025609567636706,1.0,-0.22159394832318738,0.23294656935549712,0.9388339371934821,0.04988578427127933,0.20180292465728375,0.9024998346667837,18.083132844081256,0.0,1.4567550532130802,13,0.0709
145,0,0.0,-0.23732222560289568,0.19546685996871377,0.957716181006854,0.9293074695175186,-0.3686153967872484,0.020808055783006013,-0.008794382573863307,0.010139183235445066,-0.002075778705304868,0.2678055540565023,0.3826713249775919,0.1220877184574467,-2.5031695061068757,-0.2789343974235269,2.91717997289062,2.192345289344448,-0.13079353874509758,0.10879536178686122,-0.1595852415713932,-0.0011397340842622117,-0.003341147316168386,-0.017613958145140274,0.01371002197265625,-0.13079353874509758,0.10879536178686122,-0.1595852415713932,-0.0011397340842622117,-0.003341147316168386,-0.017613958145140274,1.0,-0.22176950471719353,0.23346207308831213,0.9382559025952354,0.04988578427127933,0.20180292465728375,0.9024998346667837,19.925322760182194,0.0,9.86776048896932,15,0.0748
146,0,0.0,-0.23780149848198825,0.19586398577849767,0.9567055448805775,0.9290366855148731,-0.3693278593167916,0.02045144423611567,-0.008337129522261491,0.010174792585317905,-0.0020495626381864325,0.26901520014787034,0.3853267517091369,0.12160947063916783,-2.5024937081954275,-0.2816168223690127,2.9179053717610777,2.197257923651749,-0.15441926145772955,0.06733059103394112,-0.14098466864725312,-0.0020511906574924577,-0.0011404811749865795,-0.03305249612697567,0.0096588134765625,-0.15441926145772955,0.06733059103394112,-0.14098466864725312,-0.0020511906574924577,-0.0011404811749865795,-0.03305249612697567,1.0,-0.22213531304937364,0.23383240026231764,0.9375200665022266,0.04988578427127933,0.20180292465728375,0.9024998346667837,24.5502448434951,0.0,13.612205918001235,16,0.0705
147,0,0.0,-0.23819845873164353,0.19589356596473642,0.9563662358514715,0.9285198611677102,-0.3706205058035196,0.020603549105826926,-0.008173240439499973,0.010181060425313394,-0.0020301358987990154,0.27004376842988875,0.3857546630502345,0.12070059832554843,-2.5032270366661384,-0.28404195470359866,2.9189981385590134,2.2027105289338347,-0.09155429493542189,0.07340683170723583,-0.08375652557083446,-0.0008337680967820948,0.0031555000687034096,-0.034895452715805325,0.0086669921875,-0.09155429493542189,0.07340683170723583,-0.08375652557083446,-0.0008337680967820948,0.0031555000687034096,-0.034895452715805325,1.0,-0.22238084779772166,0.23382050205772262,0.937409021610984,0.04988578427127933,0.20180292465728375,0.9024998346667837,27.74002542902428,0.0,10.687848313928463,16,0.0675
148,0,0.0,-0.23847996176504102,0.19597437119711375,0.9564285558925321,0.9278029050182817,-0.37238573943457004,0.020968856844499322,-0.008422443115852706,0.010188714208003291,-0.0020150580754684714,0.2708868877280423,0.3851732347305559,0.12006443740176966,-2.5043768115559626,-0.28549187724101516,2.9204152386078124,2.208292034056473,-0.0017765486274203823,0.08338922709907715,-0.009668047221153775,-0.0002133817984835834,0.003050149030029814,-0.038299383464572706,0.00290679931640625,-0.0017765486274203823,0.08338922709907715,-0.009668047221153775,-0.0002133817984835834,0.003050149030029814,-0.038299383464572706,1.0,-0.22250482544238018,0.23381687079813573,0.9375423719479927,0.04988578427127933,0.20180292465728375,0.9024998346667837,27.455737387268922,0.0,8.957801980016313,16,0.071
149,0,0.0,-0.23853645116293257,0.1961254214222558,0.9567511673375253,0.9269708022083774,-0.37441659404722627,0.02140983995188671,-0.008886208891600193,0.01022272861404039,-0.0019966526636445697,0.27152854610962485,0.38414994677985903,0.11969495938712846,-2.5052410143547688,-0.28597259541476905,2.9215343171696415,2.2135254547106253,0.01132031939806033,0.08405784817702655,0.009766983920825312,-0.000624020360627961,0.0013528267402885263,-0.04150189819270292,0.00014865398406982422,0.01132031939806033,0.08405784817702655,0.009766983920825312,-0.000624020360627961,0.0013528267402885263,-0.04150189819270292,1.0,-0.22243577729926456,0.23383263549255326,0.9377910956187472,0.04988578427127933,0.20180292465728375,0.9024998346667837,24.534383953788463,0.0,7.1212817251239136,16,0.0728
150,0,0.0,-0.23851747217637453,0.19632567504579013,0.9571571417932695,0.9260883284541899,-0.3765661674400722,0.021741916327716146,-0.009253027332545467,0.010264440041055796,-0.0019781810516549775,0.27206445432956583,0.3830270610711817,0.11958922112682425,-2.5057507804944787,-0.2859142663106901,2.9218733325914465,2.218588750386507,0.01655906660825268,0.04914878979145698,0.025193762768568884,-0.0059196474649877845,0.010963182601513327,-0.044382147287813783,-0.0010776519775390625,0.01655906660825268,0.04914878979145698,0.025193762768568884,-0.0059196474649877845,0.010963182601513327,-0.044382147287813783,1.0,-0.22229607813704458,0.2338965684209915,0.9380586393156917,0.04988578427127933,0.20180292465728375,0.9024998346667837,21.360743754402346,0.0,5.663444052720951,15,0.0702
151,0,0.0,-0.23857873177383507,0.19643652541179385,0.9575321511852235,0.9251432900625134,-0.3788742192980626,0.021858470108160895,-0.009296563242452122,0.010262181095751463,-0.001974720668559325,0.27252333939320417,0.38182880263462254,0.11957340558960915,-2.5061801260489847,-0.28558031280599167,2.9212529705597317,2.223720648868195,0.037514055449021866,0.029864350280073837,0.06601802634900511,-0.006083902889845533,0.008329406634673409,-0.04706098036228751,-0.0011129379272460938,0.037514055449021866,0.029864350280073837,0.06601802634900511,-0.006083902889845533,0.008329406634673409,-0.04706098036228751,1.0,-0.22218488805446393,0.23392034197930606,0.938329530037617,0.04988578427127933,0.20180292465728375,0.9024998346667837,20.15832597080488,0.0,3.0687430651230923,14,0.0874
152,1,0.7984,-0.23855172243595432,0.1964933303452289,0.9580939593313738,0.9241220129733325,-0.38135422797089213,0.021972870552456374,-0.009200592726803252,0.010221301471031397,-0.0019871058098895767,0.2728931609778746,0.3801128835032217,0.1196233408109719,-2.506459984000462,-0.2849673629487258,2.9197836260132415,2.2289040796494484,-0.17475792709729965,0.13703140586158025,-0.2411767117601058,-0.0014181228741865504,-0.018719472544772603,-0.012523168223536996,0.0216064453125,-0.17475792709729965,0.13703140586158025,-0.2411767117601058,-0.0014181228741865504,-0.018719472544772603,-0.012523168223536996,1.0,-0.22195925689630028,0.2339086772696615,0.9387326442104401,0.04988578427127933,0.20180292465728375,0.9024998346667837,18.506720436198858,0.0,1.2938333732912048,14,0.0471
153,0,0.0,-0.23885532495277428,0.19702654671207825,0.9575993201360267,0.9235532272107415,-0.3827607384418081,0.02156832183574592,-0.00885782757197271,0.010196954275207924,-0.001999747656773225,0.27380479816757114,0.3818326290349214,0.11992673832714075,-2.5054936707199014,-0.2858561126309493,2.9192856947053194,2.233786128746601,-0.13140986194629667,0.10841999556766146,-0.16757321767378464,-0.0018782796158836185,-0.004418069044831829,-0.019423869918084147,0.01387786865234375,-0.13140986194629667,0.10841999556766146,-0.16757321767378464,-0.0018782796158836185,-0.004418069044831829,-0.019423869918084147,1.0,-0.22209804935797856,0.23441365727875227,0.9382096809484415,0.04988578427127933,0.20180292465728375,0.9024998346667837,19.899306203550534,0.0,9.382258798059475,14,0.0498
154,0,0.0,-0.23924329229650335,0.197404502850283,0.9566209581933619,0.9232214316941912,-0.38358607781532017,0.02130444169050782,-0.008368376846284872,0.010224668042731953,-0.001975517645228285,0.2751128464759048,0.3845184631038071,0.11926232579670465,-2.5046052787832824,-0.2888296874258341,2.9198885787759408,2.2391583054627016,-0.15565190786012773,0.06474994827694336,-0.15684650690771618,-0.00035026131919838055,-0.001468239961971124,-0.03379773540333303,0.01143646240234375,-0.15565190786012773,0.06474994827694336,-0.15684650690771618,-0.00035026131919838055,-0.001468239961971124,-0.03379773540333303,1.0,-0.22236486394555283,0.23476198275038773,0.9374838867752546,0.04988578427127933,0.20180292465728375,0.9024998346667837,24.89406866638791,0.0,13.950118804517391,16,0.0477
155,0,0.0,-0.23958341076943776,0.1974271279922039,0.9562089444288842,0.9226362798572176,-0.3849852001003756,0.02147660251570478,-0.008212572026424645,0.010230720804569755,-0.0019559506545833486,0.27620549558106555,0.38525275788811575,0.11820920872902994,-2.505125366813671,-0.29143445618808067,2.9210998249045765,2.244958011935915,-0.09812840908154552,0.06894935785423972,-0.09516792000282226,-0.0003720010077824937,0.003225734094485816,-0.03566083359422639,0.01018524169921875,-0.09812840908154552,0.06894935785423972,-0.09516792000282226,-0.0003720010077824937,0.003225734094485816,-0.03566083359422639,1.0,-0.22254635707313686,0.23473980077539777,0.9373156086766323,0.04988578427127933,0.20180292465728375,0.9024998346667837,28.555322279973012,0.0,11.966267056919676,16,0.0469
156,0,0.0,-0.23984281589283574,0.1974657566462302,0.9562159973223363,0.921857948334549,-0.3868176455406652,0.021854956102062707,-0.00850841257626841,0.010239717562699284,-0.0019379639754235707,0.2770541779241154,0.384835239635659,0.11743189712562738,-2.506265931412757,-0.29297630029088156,2.9227613140780346,2.25067882326932,-0.0040364003651504055,0.08295520990812744,-0.018668784579384146,-0.0001497730800337771,0.00313208872677595,-0.03855115349036908,0.003559112548828125,-0.0040364003651504055,0.08295520990812744,-0.018668784579384146,-0.0001497730800337771,0.00313208872677595,-0.03855115349036908,1.0,-0.22264461908648034,0.2346912652812362,0.9374213387262834,0.04988578427127933,0.20180292465728375,0.9024998346667837,28.45316899386328,0.0,9.716185104783978,16,0.0485
157,0,0.0,-0.239880496625593,0.19757533377001066,0.9565160087308169,0.9209787441389161,-0.3888674800975017,0.022325523659390736,-0.009044708964708157,0.010275004799349955,-0.0019183253803198145,0.2776858801913436,0.3838775886138214,0.11694162625997624,-2.507187447825739,-0.29353011401194645,2.924159393091811,2.255938595110509,0.014401935404055766,0.08232177941322805,0.001985839342513729,-0.0003937406963666068,0.0018210535788378557,-0.04178388062159491,0.00048828125,0.014401935404055766,0.08232177941322805,0.001985839342513729,-0.0003937406963666068,0.0018210535788378557,-0.04178388062159491,1.0,-0.22255824965226995,0.23466416085111375,0.9376674328339996,0.04988578427127933,0.20180292465728375,0.9024998346667837,25.751190632217096,0.0,7.769707609424217,16,0.0617
158,0,0.0,-0.2398310452614516,0.1977482366780571,0.9568967795077964,0.9200558328630921,-0.3910147269703924,0.022685703668938552,-0.00949244730908715,0.010323538374891882,-0.001898786955726978,0.2782055373470513,0.3828559032808234,0.11674291196208152,-2.5077084276246193,-0.2934831506076332,2.924773470263671,2.2609423208956425,0.026779759694804284,0.0476004041372583,0.0189888170461755,-0.003744068259273897,0.013561841555462056,-0.04518781137036226,-0.0010118484497070312,0.026779759694804284,0.0476004041372583,0.0189888170461755,-0.003744068259273897,0.013561841555462056,-0.04518781137036226,1.0,-0.22239816983785518,0.23469370640987275,0.9379147248480535,0.04988578427127933,0.20180292465728375,0.9024998346667837,22.521102792249536,0.0,6.241055707069876,15,0.0457
159,0,0.0,-0.2398816768524512,0.19786538905169956,0.9572141481303967,0.9190551516414126,-0.3933527356148504,0.022770047083635662,-0.009632163905432936,0.010329744612178796,-0.0018943189586178937,0.2785938786959319,0.38186040633041335,0.11677308659901771,-2.5081223650742746,-0.29285906603460404,2.9244498753788473,2.265871777463793,0.045089694797094015,0.028738251622474786,0.06459160204500658,-0.004864869981832637,0.008762516460331521,-0.0485313173129385,-0.0006227493286132812,0.045089694797094015,0.028738251622474786,0.06459160204500658,-0.004864869981832637,0.008762516460331521,-0.0485313173129385,1.0,-0.2222822385980464,0.234713841776878,0.9381433155721672,0.04988578427127933,0.20180292465728375,0.9024998346667837,21.24716241525469,0.0,3.889180439569775,15,0.0466
160,1,0.7275,-0.23981694089381883,0.19789768773377617,0.9577490447703921,0.9179592035740729,-0.3958973653244053,0.0228641810515536,-0.009664674215343304,0.010299299623729745,-0.001902066956934776,0.2788412020717352,0.38025126415977084,0.11685374461676695,-2.508425015259641,-0.29177144997805227,2.9232927384061984,2.2706794649663533,-0.18687895005421518,0.13848594996097896,-0.26011962651720555,-0.0011626815333232177,-0.019427665638078462,-0.010785955045541834,0.021209716796875,-0.18687895005421518,0.13848594996097896,-0.26011962651720555,-0.0011626815333232177,-0.019427665638078462,-0.010785955045541834,1.0,-0.22202947118954777,0.23466358143826732,0.9385358055666324,0.04988578427127933,0.20180292465728375,0.9024998346667837,19.32218802538106,0.0,1.741098638102027,14,0.0455
161,0,0.0,-0.24011080073027966,0.19839716000136198,0.9572058104607366,0.9173863153624444,-0.39725512396867363,0.0224269026506316,-0.009367438489213639,0.010284210201496688,-0.0019144291401580534,0.27967118386425915,0.38211964692244815,0.1171613988353053,-2.5074611844698382,-0.29235950323698967,2.922982399939565,2.275093850240099,-0.13408059581815945,0.09555343864001653,-0.18594556270928497,-0.0008804681685553734,-0.005284288696148054,-0.01892379170434605,0.01354217529296875,-0.13408059581815945,0.09555343864001653,-0.18594556270928497,-0.0008804681685553734,-0.005284288696148054,-0.01892379170434605,1.0,-0.2221610121030723,0.23514133356162542,0.9380043553118735,0.04988578427127933,0.20180292465728375,0.9024998346667837,21.68683304507351,0.0,10.780935375459807,15,0.0495
162,0,0.0,-0.24045110783306722,0.1987238212522575,0.9562043861580828,0.917078477397939,-0.3979882721919935,0.022188768531854412,-0.008947627738548672,0.010307747418984601,-0.0018907910119227076,0.28092279781185736,0.38490797659464565,0.11639978390227826,-2.506558933498897,-0.2951671315113678,2.92384139862909,2.279981813223709,-0.1624314630733178,0.051588670216254906,-0.17693056110801464,-0.00025686117565182354,-0.0020184064972665616,-0.032730230493956264,0.01175689697265625,-0.1624314630733178,0.051588670216254906,-0.17693056110801464,-0.00025686117565182354,-0.0020184064972665616,-0.032730230493956264,1.0,-0.22238604985263716,0.23544889136538127,0.9372942065426326,0.04988578427127933,0.20180292465728375,0.9024998346667837,27.56731371423651,0.0,15.029827134173154,16,0.059
163,0,0.0,-0.24074574224063938,0.1986921380828905,0.955778144381087,0.9165149241949497,-0.39927347398548474,0.022403047458794973,-0.008898885550754899,0.010313809120663027,-0.0018719626070485239,0.28197873885874003,0.3857133507733385,0.115212522819126,-2.5071308552088465,-0.2976644761034469,2.925405618964368,2.2853008244536923,-0.08847267892942645,0.06038631597874722,-0.10874747937688767,-0.0002810163851897224,0.005555162616268677,-0.03585217881383165,0.01023101806640625,-0.08847267892942645,0.06038631597874722,-0.10874747937688767,-0.0002810163851897224,0.005555162616268677,-0.03585217881383165,1.0,-0.22253582821990997,0.23537647593787578,0.937135027381066,0.04988578427127933,0.20180292465728375,0.9024998346667837,31.077806665023537,0.0,12.736949140313506,16,0.0492
164,0,0.0,-0.24098050794553524,0.19869734600722289,0.95574277302979,0.9157487350032385,-0.4009966789472092,0.022787205612276085,-0.009309192965046856,0.010328192397368631,-0.0018535035024370534,0.2828042218395375,0.3854449065902752,0.11433620928332323,-2.508312594421619,-0.29904555869642246,2.9274606139781025,2.2905577736609644,0.0007401044441425197,0.07490829658403453,-0.03386020341696794,-9.260575079407529e-05,0.006362853912766253,-0.03854108268933723,0.003368377685546875,0.0007401044441425197,0.07490829658403453,-0.03386020341696794,-9.260575079407529e-05,0.006362853912766253,-0.03854108268933723,1.0,-0.2226239883852552,0.23529766821137285,0.937223396075688,0.04988578427127933,0.20180292465728375,0.9024998346667837,31.034442088260437,0.0,10.996904763199176,16,0.0468
165,0,0.0,-0.24100451759941566,0.1987714998561463,0.9559880712813117,0.9148681134535237,-0.40296175983933336,0.02322160118875423,-0.00994546788277316,0.010375363456080781,-0.0018317239783942948,0.2833832258808187,0.384652388368475,0.11379071030477804,-2.509274962967857,-0.2992962658741782,2.9291939541794285,2.2952735655121215,0.013991053269923115,0.07948307238053054,-0.008123942912075521,-0.00039293552271534027,0.003951485694237256,-0.0409580749369827,-0.0008058547973632812,0.013991053269923115,0.07948307238053054,-0.008123942912075521,-0.00039293552271534027,0.003951485694237256,-0.0409580749369827,1.0,-0.2225397084195483,0.2352368856591868,0.9374404342404596,0.04988578427127933,0.20180292465728375,0.9024998346667837,28.612074678104598,0.0,9.089037595013028,16,0.0474
166,0,0.0,-0.24092796270271225,0.19891861243466796,0.9563637507446997,0.913954322404104,-0.4049954596891643,0.02357405940570456,-0.01050894443571841,0.010441689227968332,-0.001809740299278865,0.2838274552003011,0.3836597254104831,0.11358301010747937,-2.509862378432382,-0.2989244029958168,2.930098481166593,2.299668773495673,0.028115126630735676,0.05252708576425402,0.010658499110824393,-0.003996892785770617,0.016160500509410786,-0.044341864083686344,-0.0020771026611328125,0.028115126630735676,0.05252708576425402,0.010658499110824393,-0.003996892785770617,0.016160500509410786,-0.044341864083686344,1.0,-0.22238099553576776,0.23523025966018257,0.937682958119674,0.04988578427127933,0.20180292465728375,0.9024998346667837,25.346352056844893,0.0,7.038159685919322,15,0.0466
167,0,0.0,-0.24095641785700966,0.1990597228024849,0.9566917296728369,0.9129647041076752,-0.4072110827970221,0.02363908608089932,-0.010759958648625462,0.010464086737977685,-0.0018035184846727022,0.28417267063107327,0.38267924673440945,0.11369209013139388,-2.5102924971016747,-0.2978553106071679,2.9299680227428273,2.303964172919798,0.05117588640893511,0.036433259116068095,0.06835736220756261,-0.003078189649679,0.014006657052083898,-0.04895429095627646,0.0003037452697753906,0.05117588640893511,0.036433259116068095,0.06835736220756261,-0.003078189649679,0.014006657052083898,-0.04895429095627646,1.0,-0.22227334079084327,0.23525758008866637,0.937903792070416,0.04988578427127933,0.20180292465728375,0.9024998346667837,23.4683121111209,0.0,4.76482532334281,15,0.0476
168,1,0.7337,-0.24092800110628582,0.19916629746747258,0.9572364973174767,0.911845284148162,-0.40970786085423855,0.023636566697525334,-0.010906843986857685,0.010452076043750825,-0.0018068988560467488,0.2843505139148625,0.3810360861321394,0.11404298673516605,-2.510687009831131,-0.2959603354323684,2.928931517946139,2.3081116388405185,-0.17557969136556517,0.11513699810732436,-0.24254607909194437,-0.0002987302055175167,-0.021754167742120384,-0.014345983210302948,0.0207061767578125,-0.17557969136556517,0.11513699810732436,-0.24254607909194437,-0.0002987302055175167,-0.021754167742120384,-0.014345983210302948,1.0,-0.22208125201934872,0.23525560215735772,0.9382942147563942,0.04988578427127933,0.20180292465728375,0.9024998346667837,20.646382642659532,0.0,2.3446389403019374,15,0.0611
169,0,0.0,-0.2411464310526712,0.19958214579094777,0.9568506822374033,0.9111974672556318,-0.41117578538386346,0.023220464812392455,-0.010698560406900825,0.01044181902839874,-0.0018192388695917707,0.2850345454155464,0.3824320482146657,0.11435822712580103,-2.5098796951628195,-0.2957313838791972,2.9285271048609256,2.3118668289686606,-0.1408601510313494,0.09104904400962044,-0.1751047379988966,-0.001442076790311636,-0.005448168089640326,-0.021812223325295282,0.01407623291015625,-0.1408601510313494,0.09104904400962044,-0.1751047379988966,-0.001442076790311636,-0.005448168089640326,-0.021812223325295282,1.0,-0.2221457715213116,0.2356416449645816,0.9379070521523564,0.04988578427127933,0.20180292465728375,0.9024998346667837,22.703586541607418,0.0,9.710192101074002,15,0.0487
170,0,0.0,-0.2414839670804017,0.19989781944922103,0.9560180712309042,0.9108535991101518,-0.4119598073376154,0.02298099562408409,-0.010330148428857657,0.010452089381257088,-0.001804714953540472,0.28623826405437375,0.38470547335987365,0.11373557803368134,-2.5091871292956562,-0.297855819541094,2.929163346121689,2.3162909349349152,-0.1673620486829105,0.043330613393862016,-0.1648344830101076,-0.00036716996587490836,-0.00021573316885167837,-0.03355603617856848,0.01146697998046875,-0.1673620486829105,0.043330613393862016,-0.1648344830101076,-0.00036716996587490836,-0.00021573316885167837,-0.03355603617856848,1.0,-0.2223634649891283,0.2359392199860644,0.9373028087663734,0.04988578427127933,0.20180292465728375,0.9024998346667837,27.48499201090447,0.0,13.47206595933231,15,0.0465
171,0,0.0,-0.24189538495869228,0.19994834122589802,0.9556569955061199,0.9102660751101292,-0.413253511519174,0.023073277442203763,-0.01023872984046887,0.010442655832440192,-0.0017934398927810947,0.2873485830313661,0.3852222902474365,0.11282100658602985,-2.509926589939786,-0.29979569786632937,2.9303703288030305,2.321410760683473,-0.08857539946295956,0.048914185904457175,-0.10520994710297149,-0.0002818215588409889,0.007346130273719831,-0.03716138294797294,0.00789642333984375,-0.08857539946295956,0.048914185904457175,-0.10520994710297149,-0.0002818215588409889,0.007346130273719831,-0.03716138294797294,1.0,-0.22261471769003482,0.23594925467718714,0.937173713811258,0.04988578427127933,0.20180292465728375,0.9024998346667837,30.794405346064043,0.0,10.915625540504648,16,0.0485
172,0,0.0,-0.24218389156513026,0.20001331219441074,0.955628550918975,0.9094406312579215,-0.4150436166740143,0.023330260408017334,-0.010594027781718043,0.01043686492152378,-0.0017853321991481766,0.2882287284696666,0.38491778838841584,0.11210897329911373,-2.5110579647519624,-0.3006898318673129,2.9320907500390767,2.32656894666402,-0.004858164633415929,0.06880859552203988,-0.03711245083008441,-0.00013366960700850194,0.008891278840932576,-0.0378864806222666,0.0012102127075195312,-0.004858164633415929,0.06880859552203988,-0.03711245083008441,-0.00013366960700850194,0.008891278840932576,-0.0378864806222666,1.0,-0.22273980921842834,0.23593401376464873,0.9372519410928231,0.04988578427127933,0.20180292465728375,0.9024998346667837,30.77799879190298,0.0,9.658427030012405,16,0.0479
173,0,0.0,-0.2422403954948191,0.20013309206151358,0.9558311078618662,0.9085136769180859,-0.4170368950497092,0.023632699955321294,-0.011163445386547588,0.010465920904007765,-0.0017700946995517625,0.28884015594497947,0.3842537871899148,0.1116915995514516,-2.511883212872222,-0.30056973939598625,2.9335433091209366,2.3311452524456446,0.004592124451636925,0.07922500810483069,-0.003081755876238379,-0.0017694805262566532,0.008282583950818462,-0.03857129509243282,-0.002391815185546875,0.004592124451636925,0.07922500810483069,-0.003081755876238379,-0.0017694805262566532,0.008282583950818462,-0.03857129509243282,1.0,-0.22267702821163182,0.2359268375095974,0.9374195939995738,0.04988578427127933,0.20180292465728375,0.9024998346667837,28.58937809258394,0.0,8.669187084561091,15,0.0472
174,0,0.0,-0.24222887800650456,0.2003084995908756,0.9561915880882357,0.9075879333309649,-0.41902251825821335,0.02385376781210879,-0.011630572889496664,0.010515437103465048,-0.0017537162252114636,0.28929172890622085,0.3832316447288918,0.1116430984042182,-2.512457409367443,-0.2998356162376169,2.9340876504166107,2.3352492330204844,0.016456346074719463,0.05890831149064846,0.01570804114697899,-0.006699055559410819,0.018478223360229917,-0.04132062377412951,-0.0036411285400390625,0.016456346074719463,0.05890831149064846,0.01570804114697899,-0.006699055559410819,0.018478223360229917,-0.04132062377412951,1.0,-0.22257709218359378,0.23595520515453308,0.9376417827767495,0.04988578427127933,0.20180292465728375,0.9024998346667837,25.54504859875541,0.0,6.459026205504462,15,0.0468
175,0,0.0,-0.24230831023698382,0.20048247353346788,0.956563284191923,0.9066217287739349,-0.42110595579721544,0.023837406584469437,-0.011772550887583345,0.010529891444706561,-0.001752154489458882,0.2896683585706595,0.3820651588656214,0.11190296234161885,-2.5128853928137755,-0.29850559084866185,2.9334925484691556,2.339182770803977,0.04539785639769356,0.04675583014405904,0.07412011639571636,-0.005349584519893244,0.018759159463359487,-0.044925970543534005,-0.0018320083618164062,0.04539785639769356,0.04675583014405904,0.07412011639571636,-0.005349584519893244,0.018759159463359487,-0.044925970543534005,1.0,-0.22252662753254573,0.2360140394274009,0.9378830593432262,0.04988578427127933,0.20180292465728375,0.9024998346667837,23.402745791298546,0.0,4.0866285533893905,15,0.0483
176,1,0.7382,-0.24235631417552772,0.20067095938313315,0.9571337983581665,0.9055489197160158,-0.4234150325637388,0.023718004122010285,-0.011760972777441637,0.010513917641872629,-0.001759472927505803,0.28989166929154947,0.3802994745367965,0.11251276626231566,-2.513199362160434,-0.29637464317751283,2.9318358444787913,2.342985148012376,-0.17044366468890604,0.12521910015114057,-0.2427743069805841,-0.0011051116172578757,-0.021414703284172137,-0.0148193108588002,0.0179443359375,-0.17044366468890604,0.12521910015114057,-0.2427743069805841,-0.0011051116172578757,-0.021414703284172137,-0.0148193108588002,1.0,-0.22242055709489358,0.23608853212624417,0.9382681008976486,0.04988578427127933,0.20180292465728375,0.9024998346667837,20.438349634758307,0.0,2.0576136904406224,15,0.0482
177,0,0.0,-0.24254733477375146,0.2011568215281665,0.9567582366866971,0.9049137380001424,-0.42480739494549535,0.023224192247711092,-0.011421071432747128,0.010502013970965151,-0.001771024621070989,0.2905967013995265,0.38176609407397893,0.11298798149615408,-2.512050258877107,-0.29591816996562637,2.9308588525405166,2.346528988231887,-0.1379839760924203,0.08729538181762364,-0.1844620814331266,-0.000973465725276304,-0.0060568629797544404,-0.02469373127053509,0.01329803466796875,-0.1379839760924203,0.08729538181762364,-0.1844620814331266,-0.000973465725276304,-0.0060568629797544404,-0.02469373127053509,1.0,-0.22246741814967244,0.23653154737945611,0.9378601542123383,0.04988578427127933,0.20180292465728375,0.9024998346667837,22.323118890738407,0.0,10.76307976888677,15,0.0483
178,0,0.0,-0.24277494535799835,0.20141734819041548,0.9558882033902645,0.9045040510451662,-0.42570681526427395,0.022947749336366646,-0.010932972186327643,0.010510159594819431,-0.0017538846283261117,0.29177200758305627,0.384271687570412,0.1122622553890321,-2.510961293541702,-0.2978667943817164,2.931098911615218,2.3509131674267043,-0.16777293081704325,0.04182914851706343,-0.18012575154897126,-0.0003599234030135373,-0.0008127223880020629,-0.03521771834882473,0.01161956787109375,-0.16777293081704325,0.04182914851706343,-0.18012575154897126,-0.0003599234030135373,-0.0008127223880020629,-0.03521771834882473,1.0,-0.2225715353220522,0.23677046229098928,0.9372310629078232,0.04988578427127933,0.20180292465728375,0.9024998346667837,27.512989364236667,0.0,14.115952780552963,15,0.0503
179,0,0.0,-0.24309606335438766,0.2013928914883981,0.9554553220000928,0.9038393622438846,-0.4271174095661848,0.023002874295863472,-0.010770026841542593,0.010499579715069185,-0.0017375012179197916,0.2928362270468673,0.3850829513292504,0.11121499637620083,-2.5114003297212464,-0.29968985383143776,2.9321507446298236,2.3560052217634944,-0.09905289388334415,0.053137055870453476,-0.1141108347599219,-0.00034623545094206176,0.005157169803501754,-0.038994268735770776,0.00855255126953125,-0.09905289388334415,0.053137055870453476,-0.1141108347599219,-0.00034623545094206176,0.005157169803501754,-0.038994268735770776,1.0,-0.22272824735872218,0.23670578752304303,0.9370653009986998,0.04988578427127933,0.20180292465728375,0.9024998346667837,31.34334332795921,0.0,11.936836298586925,16,0.0468
180,0,0.0,-0.24333362321113403,0.20141558545080845,0.9554074721074226,0.9029611981835328,-0.4289480397555223,0.02326483731193776,-0.011108605209532434,0.010499925387132507,-0.0017205827870896407,0.29370604786003673,0.38486789879629546,0.11040612932278492,-2.512422146303484,-0.3006404703896625,2.933837626165271,2.361226557660548,-0.018930877727461937,0.07680858806873281,-0.04236169226879882,-0.00022223870864748752,0.00598827244192679,-0.03982007442038296,0.002010345458984375,-0.018930877727461937,0.07680858806873281,-0.04236169226879882,-0.00022223870864748752,0.00598827244192679,-0.03982007442038296,1.0,-0.2228093772773222,0.23663989995341503,0.9371412509907767,0.04988578427127933,0.20180292465728375,0.9024998346667837,31.43625098305145,0.0,10.418748576370316,16,0.0476
181,0,0.0,-0.24341956665931958,0.20153445545571452,0.9556270406849481,0.9019864381060274,-0.43096163410699084,0.023585321741211467,-0.01167338849677138,0.01052748293683643,-0.0017054615113926475,0.29438129912912436,0.3841068790271222,0.10994147748012048,-2.5133496054031528,-0.30072683118717847,2.9353079394519286,2.366108460695165,-0.008042501172944583,0.08159450736352869,-0.013184183130510063,-0.0006079168876026858,0.00781435711226916,-0.039880499226574107,-0.0015468597412109375,-0.008042501172944583,0.08159450736352869,-0.013184183130510063,-0.0006079168876026858,0.00781435711226916,-0.039880499226574107,1.0,-0.22277362242581708,0.2366276695142633,0.9373347129236005,0.04988578427127933,0.20180292465728375,0.9024998346667837,29.618560182679907,0.0,9.024946519898473,16,0.0474
182,0,0.0,-0.24349189726317486,0.20173322200217142,0.9559595564202739,0.9009971821176771,-0.43300140683243,0.02379703058260991,-0.012147461981453223,0.010568234206729152,-0.0016957965135058891,0.29491780200385614,0.3830835117371399,0.10988178065682336,-2.5140971897571665,-0.30021693351224665,2.9360177871776036,2.370673148256588,0.010036312728895602,0.0580637374974492,0.006293640740589135,-0.005082266867673768,0.017916351153970722,-0.04267011111239824,-0.0022487640380859375,0.010036312728895602,0.0580637374974492,0.006293640740589135,-0.005082266867673768,0.017916351153970722,-0.04267011111239824,1.0,-0.2227387723227254,0.2366829211953347,0.9375495688441664,0.04988578427127933,0.20180292465728375,0.9024998346667837,27.081787096806725,0.0,6.836331471382515,16,0.0483
183,0,0.0,-0.24361481348513514,0.20192760917273625,0.9562891390134975,0.8999464780438415,-0.43517530517709657,0.023789516017313925,-0.012363225637640786,0.01058116590619887,-0.0016977869485541451,0.2953316307655825,0.38200717588721456,0.11011759107518394,-2.514649280022717,-0.2990143402462896,2.9357741623037032,2.3749949792649256,0.04136607545651616,0.04516052371246049,0.056432455026135364,-0.00561690217211272,0.01962537911467574,-0.04637616589212129,-0.0005278587341308594,0.04136607545651616,0.04516052371246049,0.056432455026135364,-0.00561690217211272,0.01962537911467574,-0.04637616589212129,1.0,-0.22272114832438242,0.2367557382984492,0.937757541763003,0.04988578427127933,0.20180292465728375,0.9024998346667837,24.964800569990945,0.0,4.55646942435026,16,0.0457
184,1,0.7385,-0.2436802741453977,0.20210150315329536,0.9567672080882361,0.8987892380160802,-0.43756563332938647,0.023668688620404603,-0.012410291475832462,0.010567503090216252,-0.0017062403080177378,0.2955657703293988,0.3805043456171093,0.11063508987063117,-2.515000859963351,-0.297004863773652,2.9345091645988197,2.3790673485271587,-0.19530203380393618,0.12796396562903822,-0.26263013329224283,-0.0021570709926335974,-0.021303499410016663,-0.013369115510212914,0.01049041748046875,-0.19530203380393618,0.12796396562903822,-0.26263013329224283,-0.0021570709926335974,-0.021303499410016663,-0.013369115510212914,1.0,-0.22262639549373078,0.23681277249646934,0.9380748677741316,0.04988578427127933,0.20180292465728375,0.9024998346667837,22.153811732080136,0.0,2.4811448637849605,16,0.0466
185,0,0.0,-0.24389499510847878,0.20259045946773804,0.9563186045034755,0.8981435590892808,-0.43892352081931735,0.023196983761293328,-0.012090909080446108,0.010564176540668865,-0.0017172382053761192,0.2963242146941747,0.3821569746915662,0.11102816974238698,-2.513875607963054,-0.29680902946129945,2.933814108548677,2.382783520522636,-0.1589389649331896,0.0785915776099313,-0.20283442646862693,-0.0005370616062915085,-0.00679432025046961,-0.025096563311809345,0.01010894775390625,-0.1589389649331896,0.0785915776099313,-0.20283442646862693,-0.0005370616062915085,-0.00679432025046961,-0.025096563311809345,1.0,-0.22269438083063553,0.23725971647968075,0.9376331649052264,0.04988578427127933,0.20180292465728375,0.9024998346667837,24.637601616096077,0.0,11.997079258691524,16,0.0482
186,0,0.0,-0.24408366556070524,0.20284071611154192,0.9554987817769487,0.8977217365127379,-0.4398049709965416,0.02303481750842553,-0.011690528715084901,0.010585729525699639,-0.001690809119786276,0.2975414123184412,0.3845498701077023,0.11017929261664404,-2.5128679335196287,-0.29899235128296847,2.9343079885663967,2.387319589038002,-0.18092115910929063,0.02526611409487789,-0.19302062725711744,-0.0003172491994965776,-0.0017023533812457747,-0.036013311630341355,0.01073455810546875,-0.18092115910929063,0.02526611409487789,-0.19302062725711744,-0.0003172491994965776,-0.0017023533812457747,-0.036013311630341355,1.0,-0.2227787784690586,0.2374679117846113,0.9370458126615565,0.04988578427127933,0.20180292465728375,0.9024998346667837,29.599857106076836,0.0,14.83175221599186,16,0.0484
187,0,0.0,-0.2443816928798435,0.2027782750366043,0.9551157736696072,0.897017674947147,-0.4412326045361111,0.023189402430116288,-0.011633191377571211,0.010576610477838255,-0.0016700359981875678,0.2986303616766747,0.3852109095630505,0.10898099344936972,-2.513478944095822,-0.3009858899363386,2.9356795275316965,2.392544377172241,-0.10614061069713376,0.044550553606261034,-0.12363934911063179,-0.00025525082834929047,0.004501652229532721,-0.03942731318014059,0.00879669189453125,-0.10614061069713376,0.044550553606261034,-0.12363934911063179,-0.00025525082834929047,0.004501652229532721,-0.03942731318014059,1.0,-0.2229196493812713,0.23735487833137145,0.936934977213865,0.04988578427127933,0.20180292465728375,0.9024998346667837,33.05284398203565,0.0,12.11856674662241,16,0.0476
188,0,0.0,-0.24459439877853814,0.20277658903145285,0.9550998490155302,0.896105222807321,-0.4430523795055963,0.023533374236579883,-0.012091276562508984,0.010579615959324822,-0.0016533928618130793,0.2995340307366993,0.3849205112177143,0.10803141275307779,-2.5146361197548734,-0.30210217298594894,2.9377256707338426,2.3978544219478803,-0.01882815719392872,0.06958278834913911,-0.043759588086717316,-0.00012964373875218316,0.005555162616268677,-0.041260198967938394,0.0025691986083984375,-0.01882815719392872,0.06958278834913911,-0.043759588086717316,-0.00012964373875218316,0.005555162616268677,-0.041260198967938394,1.0,-0.22298053419767622,0.23725063380087236,0.9370353939359789,0.04988578427127933,0.20180292465728375,0.9024998346667837,33.18585179171297,0.0,10.500623766623983,16,0.0465
189,0,0.0,-0.24470537773146814,0.2028449425108556,0.9553030437045722,0.8950798123429,-0.4450849406970617,0.023876501151035564,-0.012705817316321692,0.01058809418796803,-0.0016521632091986102,0.30025497597943557,0.38414167226970514,0.10741340844693227,-2.5157495337013667,-0.3023090310188052,2.9394789252311875,2.4028551976596377,0.0016132289791745968,0.07856811722123136,-0.005454746433218305,-0.00042675281606840976,0.00852840304105687,-0.04216657106080543,-0.0011682510375976562,0.0016132289791745968,0.07856811722123136,-0.005454746433218305,-0.00042675281606840976,0.00852840304105687,-0.04216657106080543,1.0,-0.22294600804895193,0.23720044225724946,0.9372389671697529,0.04988578427127933,0.20180292465728375,0.9024998346667837,31.897148008438776,0.0,8.918722394459321,16,0.0462
190,0,0.0,-0.24483072831769037,0.20299150673978897,0.9556107607323172,0.894014916828827,-0.4471947882318254,0.024080592601479676,-0.01320132288062453,0.010596190658096454,-0.0016653244689830051,0.30083397964057923,0.3830853714712648,0.10723697871461996,-2.5167149676248486,-0.3018238014545503,2.9404125657444005,2.407591146583022,0.016456346074719463,0.06193470163294579,0.012141980386982776,-0.00532059826844776,0.015083578780747342,-0.043697332817647566,-0.0015821456909179688,0.016456346074719463,0.06193470163294579,0.012141980386982776,-0.00532059826844776,0.015083578780747342,-0.043697332817647566,1.0,-0.2229220283053244,0.23722700296785448,0.9374608849398596,0.04988578427127933,0.20180292465728375,0.9024998346667837,29.953800626144968,0.0,6.60869064376823,16,0.0475
191,0,0.0,-0.24495299357939046,0.20315415930747907,0.9559470283227127,0.8928942052223092,-0.44941938169806106,0.024113265969473087,-0.013442769016751755,0.010588358413797782,-0.0016867326537362449,0.30132061744233213,0.3819620463325251,0.10733083849006818,-2.517352853904282,-0.3007544271193294,2.9403115714001,2.4121356664576945,0.04069839198855052,0.04558281070906012,0.060711727938130844,-0.005568591753036908,0.015013344754964936,-0.04506696175798,0.0005726814270019531,0.04069839198855052,0.04558281070906012,0.060711727938130844,-0.005568591753036908,0.015013344754964936,-0.04506696175798,1.0,-0.22287752728662746,0.23727907134467377,0.9376720733614048,0.04988578427127933,0.20180292465728375,0.9024998346667837,28.084114833145655,0.0,4.399919441747934,16,0.0521
192,1,0.7323,-0.24501191179823917,0.20329985473679413,0.9564433554095274,0.8917136402549324,-0.4517570412245329,0.024089362137137582,-0.013493039656716402,0.010561767818937253,-0.001709862932380089,0.301705179215061,0.38037853343054095,0.10762074078441843,-2.517791638771592,-0.2991860628724642,2.9391768250672228,2.416499648000704,-0.18441365724941883,0.1269082481375391,-0.2687922862855163,-0.003125694895103545,-0.01638126476976695,-0.01289075246119975,0.01297760009765625,-0.18441365724941883,0.1269082481375391,-0.2687922862855163,-0.003125694895103545,-0.01638126476976695,-0.01289075246119975,1.0,-0.22275891210089305,0.23731950698409027,0.9379946537532337,0.04988578427127933,0.20180292465728375,0.9024998346667837,25.53179103825119,0.0,2.238756324161177,16,0.0488
193,0,0.0,-0.24521271612707868,0.20386413267622205,0.9559552696122219,0.8910702697400503,-0.4530551544422964,0.02366825421506113,-0.013214203005524167,0.010578472805047458,-0.0017165731091324191,0.30262510303473455,0.38224444399995805,0.10795698359048363,-2.516519093230442,-0.2992439590595919,2.9386756777137406,2.420466147783807,-0.16099337560385318,0.08988775476897148,-0.19792752686287218,-0.0018957921427985996,-0.005026763934945944,-0.02311765090904963,0.0100250244140625,-0.16099337560385318,0.08988775476897148,-0.19792752686287218,-0.0018957921427985996,-0.005026763934945944,-0.02311765090904963,1.0,-0.2228277462194137,0.237817946549909,0.9374650624927415,0.04988578427127933,0.20180292465728375,0.9024998346667837,26.636673131913636,0.0,12.302107218050368,16,0.0498
194,0,0.0,-0.24534585392907388,0.20427123376347653,0.9551936646229139,0.8906713385423815,-0.45385354339552286,0.02356090577679336,-0.012900060675321134,0.010657769171301935,-0.0016452342499181643,0.30398172560962944,0.38462734010865124,0.10722519846450566,-2.515285620154834,-0.3014561798564489,2.9391175611990037,2.4250928385370716,-0.16448587374398138,0.035870209787268625,-0.1854891069320055,-0.0007415757137124307,-0.0002859671946340847,-0.033233770545549074,0.00966644287109375,-0.16448587374398138,0.035870209787268625,-0.1854891069320055,-0.0007415757137124307,-0.0002859671946340847,-0.033233770545549074,1.0,-0.22291061406453902,0.23812054600655902,0.9368743176406857,0.04988578427127933,0.20180292465728375,0.9024998346667837,29.889153320530315,0.0,15.493612683893595,16,0.0498
195,0,0.0,-0.2455676702864506,0.2043220542693107,0.9549189922788585,0.8899879653857066,-0.45518138789507023,0.02377311008151721,-0.012890493379964845,0.01069070296411154,-0.0015870522816885265,0.3051719340327213,0.38514244791296587,0.10611337768964747,-2.5156717433487086,-0.30342241675556464,2.9402430285839283,2.4302615964065555,-0.08087135944797086,0.04858574046265751,-0.10452526343705226,-0.00021016110387853115,0.006959843131916638,-0.037745489407820604,0.007740020751953125,-0.08087135944797086,0.04858574046265751,-0.10452526343705226,-0.00021016110387853115,0.006959843131916638,-0.037745489407820604,1.0,-0.2230292978968226,0.2380613282412572,0.9368149308779545,0.04988578427127933,0.20180292465728375,0.9024998346667837,32.20281584270942,0.0,13.428165690257247,16,0.0492
196,0,0.0,-0.24576034474888395,0.20431983404846193,0.9549523746470316,0.8890713024547355,-0.4569422331543951,0.024077686724437483,-0.01327703706829133,0.010705025757264983,-0.0015617462987716384,0.30607885882576114,0.3847234940210538,0.10521103259208853,-2.5167359211210654,-0.3043163394661684,2.9418982682833135,2.435293994976284,0.000329222310009758,0.06613411121024215,-0.029424023831532642,-9.421609809659448e-05,0.008750810789367791,-0.04055524289570847,0.0012798309326171875,0.000329222310009758,0.06613411121024215,-0.029424023831532642,-9.421609809659448e-05,0.008750810789367791,-0.04055524289570847,1.0,-0.22308982078569645,0.2379445212171309,0.9369533516335413,0.04988578427127933,0.20180292465728375,0.9024998346667837,32.259049233914325,0.0,10.938016089915763,16,0.0523
197,0,0.0,-0.24586485227691388,0.2043585433145637,0.9551906218912347,0.8880236130109105,-0.45894506891154535,0.024340822139688755,-0.013820666929931696,0.010711212280910421,-0.0015590514317351738,0.30670191736136393,0.38382854168495284,0.10470135072814334,-2.5178058168030626,-0.3041265725600048,2.943289144183303,2.4398695417054905,0.017124029542685104,0.07847427566643139,0.012042130685702923,-0.001530545245244208,0.010518367104891457,-0.043153509561927345,-0.00278472900390625,0.017124029542685104,0.07847427566643139,0.012042130685702923,-0.001530545245244208,0.010518367104891457,-0.043153509561927345,1.0,-0.22305670688153473,0.23786376521294691,0.9371872119445809,0.04988578427127933,0.20180292465728375,0.9024998346667837,31.073236846110078,0.0,8.647561821532998,16,0.0492
198,0,0.0,-0.24596407909974252,0.20448215185041102,0.9555496514870775,0.8869162260184541,-0.4610617093775293,0.02446651002742975,-0.014251247599045242,0.010709973285524721,-0.0015741252349227648,0.3071577039920383,0.3826281006625401,0.10466815071246237,-2.518686220961049,-0.30316281217852753,2.9438038229415513,2.4441882490381444,0.03376475597506068,0.06822208580454037,0.02583565370536811,-0.006911621403344365,0.01630096856097557,-0.04514752816623485,-0.0023441314697265625,0.03376475597506068,0.06822208580454037,0.02583565370536811,-0.006911621403344365,0.01630096856097557,-0.04514752816623485,1.0,-0.2230100192640702,0.2378686079814212,0.9374489219685971,0.04988578427127933,0.20180292465728375,0.9024998346667837,29.08956316603115,0.0,6.008226399161456,16,0.047
199,0,0.0,-0.24603799841800322,0.204644733459471,0.955930759586366,0.8857391223596709,-0.4633157149743112,0.02443519938760393,-0.014410982279136217,0.010695087915149093,-0.0015964912026511788,0.3075631651266166,0.3814336648027447,0.10489387592678381,-2.5191218458462656,-0.30169296846012783,2.943217977916474,2.4484670144665346,0.050687963874652464,0.054779283079452123,0.06710210882004386,-0.006244937620098215,0.0153879262258044,-0.043616766409392715,-0.001033782958984375,0.050687963874652464,0.054779283079452123,0.06710210882004386,-0.006244937620098215,0.0153879262258044,-0.043616766409392715,1.0,-0.22292021839783893,0.2379190132720497,0.9376862832395563,0.04988578427127933,0.20180292465728375,0.9024998346667837,27.0714855003709,0.0,4.073255361471157,16,0.0474
200,1,0.7466,-0.24605714603723663,0.2048272260303108,0.9564342095822683,0.8845314306366991,-0.4656246273782859,0.02433642294359033,-0.01433851850563056,0.010666582256362286,-0.0016181039012199939,0.3079065681325604,0.3799095217341952,0.10534304777218824,-2.519252536431993,-0.2998702152191763,2.9415323883714377,2.452626733623846,-0.20228703008419258,0.13187012034758483,-0.28134482016070284,-0.0047263801138153205,-0.013086118393476093,-0.012971318869454601,0.01727294921875,-0.20228703008419258,0.13187012034758483,-0.28134482016070284,-0.0047263801138153205,-0.013086118393476093,-0.012971318869454601,1.0,-0.2227689899449625,0.2379920526864101,0.9380031457219637,0.04988578427127933,0.20180292465728375,0.9024998346667837,24.440610530352508,0.0,2.3753597088383884,16,0.0483
201,0,0.0,-0.2463210154505257,0.20545432764134477,0.955875984581455,0.8839005188773236,-0.466864478811994,0.02377358510004391,-0.013865345415595885,0.010679785656604919,-0.0016248759399133269,0.30881223579076794,0.38196687118895706,0.1059241747976115,-2.517756570491765,-0.2997316034707522,2.940496701351415,2.45648129337895,-0.1708545468230387,0.07685550884613279,-0.2131046814574159,-0.0022750289325436934,-0.003856196838572634,-0.023251089022721716,0.0099945068359375,-0.1708545468230387,0.07685550884613279,-0.2131046814574159,-0.0022750289325436934,-0.003856196838572634,-0.023251089022721716,1.0,-0.22289782686306495,0.2385509676874483,0.9374110220498167,0.04988578427127933,0.20180292465728375,0.9024998346667837,26.02619805290319,0.0,12.357348889376112,16,0.0555
202,0,0.0,-0.24647961625733125,0.20587638032551317,0.9550423371378873,0.8834844690956216,-0.46767417793996535,0.02357477506430495,-0.013427067277383456,0.010746571402059528,-0.0015498864328539004,0.3101389119096199,0.3845556096834383,0.10528774947758805,-2.5163431644766048,-0.30183222373763935,2.940646567035695,2.461087204807312,-0.16489675587811414,0.033899537136470315,-0.1958734758651144,-0.0014278856047081206,6.520293427791923e-05,-0.03182385840108923,0.01010894775390625,-0.16489675587811414,0.033899537136470315,-0.1958734758651144,-0.0014278856047081206,6.520293427791923e-05,-0.03182385840108923,1.0,-0.22299864675519993,0.23886951011870386,0.9367903856618086,0.04988578427127933,0.20180292465728375,0.9024998346667837,30.42126327093616,0.0,16.018757766618002,16,0.0506
203,0,0.0,-0.24666636539116102,0.20591021048700198,0.9547266989740801,0.8827951961168823,-0.4689665416851744,0.023758722591668217,-0.013362170243425535,0.010775175527280925,-0.0014875330374894877,0.31127827356682886,0.3852367511645302,0.10417747374810458,-2.5165440969853017,-0.3038089950787262,2.941622615702905,2.466140710706004,-0.07655709703957725,0.04802269113385793,-0.11622194272983966,-0.00025686117565182354,0.008025059189616351,-0.03839002067385941,0.00818634033203125,-0.07655709703957725,0.04802269113385793,-0.11622194272983966,-0.00025686117565182354,0.008025059189616351,-0.03839002067385941,1.0,-0.22308966870189748,0.23879396772100037,0.936715690720283,0.04988578427127933,0.20180292465728375,0.9024998346667837,32.84486978974623,0.0,14.314978522696823,16,0.0494
204,0,0.0,-0.24681761380315143,0.20590078779143503,0.9547165707421553,0.8818680093686012,-0.47068307955071187,0.024035676792785614,-0.013730947455680594,0.010794727359397915,-0.0014587728269152861,0.31212214601407207,0.3850099963571049,0.1032851245137178,-2.5174283684128227,-0.30471272152948914,2.9432271854982233,2.471058285344122,-0.0020333499612533723,0.055201570076051754,-0.046526851236474376,-7.167123586121482e-05,0.01068224649838373,-0.04148175659063921,0.001453399658203125,-0.0020333499612533723,0.055201570076051754,-0.046526851236474376,-7.167123586121482e-05,0.01068224649838373,-0.04148175659063921,1.0,-0.2231233981291872,0.23866597580862584,0.936823224696116,0.04988578427127933,0.20180292465728375,0.9024998346667837,33.09951411534085,0.0,12.366175753644333,16,0.0464
205,0,0.0,-0.24690943078563857,0.20589662787379884,0.9548947019183254,0.880782769721006,-0.47268460461122486,0.024244189035432087,-0.014254698317953918,0.010807827911439404,-0.0014520677989703717,0.3126357456380874,0.3842921907647273,0.10278243660489698,-2.518433447371885,-0.30443958219479905,2.9446413673883605,2.475482252632129,0.012347524733392179,0.06885551629943976,0.0004720465498952997,-0.0003083922893326735,0.011595288833554901,-0.04377789922590242,-0.0029315948486328125,0.012347524733392179,0.06885551629943976,0.0004720465498952997,-0.0003083922893326735,0.011595288833554901,-0.04377789922590242,1.0,-0.22308700500190215,0.2385392489723244,0.9370238312770321,0.04988578427127933,0.20180292465728375,0.9024998346667837,32.34854637030787,0.0,9.723814454041486,16,0.0483
206,0,0.0,-0.24702004446813594,0.20598342125435423,0.9552223040990698,0.879635411572288,-0.47479800569985614,0.024319241800998807,-0.01472993447759964,0.010806569597389726,-0.0014670781209003222,0.3129435299885236,0.3831493556835717,0.10281556811546447,-2.5194025979258186,-0.30326040165633866,2.9453382898799902,2.47954257798789,0.029245052499600632,0.0645388047786436,0.013696782878341196,-0.0054236604958094875,0.015270869516167074,-0.044845404135279154,-0.0027332305908203125,0.029245052499600632,0.0645388047786436,0.013696782878341196,-0.0054236604958094875,0.015270869516167074,-0.044845404135279154,1.0,-0.22305735262472673,0.2385050103867355,0.9372818782502531,0.04988578427127933,0.20180292465728375,0.9024998346667837,30.577051539597562,0.0,6.560816642166289,16,0.0477
207,0,0.0,-0.24708576313652092,0.20612168553625065,0.9555867345291597,0.8784287902042502,-0.47702155318870204,0.024262429840622435,-0.014987756068308175,0.010790311602161465,-0.0014948556566367005,0.3131895988300881,0.3820094176963222,0.10311276978534654,-2.5199240680814987,-0.30155170305855344,2.945049886387325,2.4834722465295416,0.05066228374126924,0.05698455961725013,0.0534654924738186,-0.005468750220280233,0.017448124315421393,-0.039910711629669665,-0.0013408660888671875,0.05066228374126924,0.05698455961725013,0.0534654924738186,-0.005468750220280233,0.017448124315421393,-0.039910711629669665,1.0,-0.22296684736637282,0.23853048547698616,0.9375176089336069,0.04988578427127933,0.20180292465728375,0.9024998346667837,28.64716067002754,0.0,4.76861825549584,16,0.0507
208,1,0.7378,-0.247123054774379,0.20631564004871758,0.9560209281676371,0.8772492270388422,-0.47919432793982847,0.024109031875393233,-0.015011472681919318,0.010766040324598006,-0.001521425071388174,0.31338476451462727,0.38070182352245213,0.10369314491777878,-2.5201024151760882,-0.29949489337576696,2.9437342023365947,2.4871053130565097,-0.2193386386507008,0.12968830419848665,-0.2815730480493426,-0.0048342733830846335,-0.012947113550781764,-0.01161679613066996,0.02947998046875,-0.2193386386507008,0.12968830419848665,-0.2815730480493426,-0.0048342733830846335,-0.012947113550781764,-0.01161679613066996,1.0,-0.22284940667462702,0.23861602509718244,0.9377759744109422,0.04988578427127933,0.20180292465728375,0.9024998346667837,26.216143117733882,0.0,3.067446979719487,16,0.049
209,0,0.0,-0.24738933463121066,0.20692871393803158,0.9555086545420561,0.8766783435064333,-0.48027667750741043,0.023565485760807,-0.014630890270752976,0.0107825974795,-0.0015304543286584786,0.3141471435745384,0.38258196603044003,0.10437026029728322,-2.5187905015531227,-0.29916008732986854,2.9429059641400848,2.4903955226672565,-0.18051027697515787,0.08267368524372776,-0.21082240257101836,-0.0031941346554609507,-0.0036572004321891727,-0.02200230969477157,0.011199951171875,-0.18051027697515787,0.08267368524372776,-0.21082240257101836,-0.0031941346554609507,-0.0036572004321891727,-0.02200230969477157,1.0,-0.22299695657346685,0.23916254994753483,0.9372402840615903,0.04988578427127933,0.20180292465728375,0.9024998346667837,27.818966435029303,0.0,12.517224275232014,16,0.0499
210,0,0.0,-0.2475677992633637,0.20735216744006277,0.9547952484948362,0.8763113447952107,-0.4809650576483936,0.023403702292703506,-0.014258577189917666,0.010838045903831745,-0.0014720960343746628,0.31538470465412305,0.3847806376302381,0.10386291907618958,-2.5176068047242346,-0.30108441725844415,2.9430516872007777,2.4946094132262275,-0.15770631853079142,0.04436287049666121,-0.19256417147983795,-0.0024147265610379026,0.0008143658759568184,-0.029230627135386267,0.00986480712890625,-0.15770631853079142,0.04436287049666121,-0.19256417147983795,-0.0024147265610379026,0.0008143658759568184,-0.029230627135386267,1.0,-0.22312458525083897,0.23948765119847434,0.9367102602502745,0.04988578427127933,0.20180292465728375,0.9024998346667837,31.254508714064443,0.0,15.926950186760461,16,0.049
211,0,0.0,-0.2477335590121929,0.20742283853365837,0.954535560810675,0.8756618708622208,-0.4821384954675354,0.023593986179785798,-0.014215587308426966,0.010864687722544782,-0.0014202735085962908,0.31649043082881667,0.3853588260585535,0.10285843592719142,-2.5177536780743135,-0.30295686146396006,2.943900156822602,2.4993710837870493,-0.0656687204850599,0.04577049381865994,-0.10714988415640936,-0.00027779569058467013,0.010237431001761887,-0.037513860984087904,0.007717132568359375,-0.0656687204850599,0.04577049381865994,-0.10714988415640936,-0.00027779569058467013,0.010237431001761887,-0.037513860984087904,1.0,-0.22320988630920086,0.23944905633172386,0.936640700374136,0.04988578427127933,0.20180292465728375,0.9024998346667837,33.2395022117514,0.0,14.73218517316322,16,0.0492
212,0,0.0,-0.24786873410795568,0.20741735269440603,0.9545462225569656,0.8747418354970287,-0.4837841670973455,0.023833173754922533,-0.014545814723952909,0.010883640712580979,-0.001393511181210929,0.3172780133364003,0.3850895743797966,0.10205357833468437,-2.5185584906737186,-0.30367250013846236,2.945272706869602,2.5039970268901617,-0.0064503329031802,0.051025620887455325,-0.04261844864351849,-0.0001183713076345072,0.01232104043330634,-0.040494818089517326,-7.212162017822266e-06,-0.0064503329031802,0.051025620887455325,-0.04261844864351849,-0.0001183713076345072,0.01232104043330634,-0.040494818089517326,1.0,-0.22323988843048315,0.23932432408956952,0.9367510849997069,0.04988578427127933,0.20180292465728375,0.9024998346667837,33.50707599597742,0.0,12.492794580134014,16,0.0488
213,0,0.0,-0.24798146596411122,0.20740008354574602,0.9547533449787703,0.8736444535271509,-0.48574164532955344,0.023975360243181393,-0.015020150298620041,0.010890682441700206,-0.0013907488038592058,0.31768729821394887,0.3842444555816181,0.10169384957794854,-2.5196019413136677,-0.30310302677449996,2.9464456892060467,2.5080910192625647,0.0006373839106093016,0.06648601704074186,0.006279376497549061,-0.0009162983960366022,0.012250806407523962,-0.04285138553097165,-0.00397491455078125,0.0006373839106093016,0.06648601704074186,0.006279376497549061,-0.0009162983960366022,0.012250806407523962,-0.04285138553097165,1.0,-0.22322776416795767,0.23918658288586273,0.9369721688669987,0.04988578427127933,0.20180292465728375,0.9024998346667837,32.732494085912904,0.0,9.06139971373928,16,0.0469
214,0,0.0,-0.24812410398958154,0.20748103630055556,0.9551279860124594,0.8724840630346523,-0.48780876505189963,0.023990201660365973,-0.015447935570134682,0.010875412543517664,-0.0014138673701467282,0.3179049026912408,0.38290588575747764,0.10188530473362867,-2.520651001934279,-0.3016295014249341,2.9468884903193913,2.5118441410862853,0.025906635159772207,0.06057399908834704,0.021656230494652595,-0.005075825478463664,0.018009996521680588,-0.04389874883828468,-0.0036487579345703125,0.025906635159772207,0.06057399908834704,0.021656230494652595,-0.005075825478463664,0.018009996521680588,-0.04389874883828468,1.0,-0.2232267082009063,0.2391522949264163,0.9372647938916907,0.04988578427127933,0.20180292465728375,0.9024998346667837,30.86359786126081,0.0,5.5575374430196485,16,0.0487
215,0,0.0,-0.24824860305354618,0.20765009452347913,0.9555286324943197,0.871258131506662,-0.4899946018555976,0.023851225105638977,-0.0156741027447587,0.010846642397599932,-0.0014490168922086251,0.3180548290293948,0.38160323367921645,0.1024257323519072,-2.5212677376246515,-0.29954478090389774,2.9463907297557075,2.5154904548058874,0.04960939827255406,0.04867958201745737,0.06373574746260746,-0.0046056040661257985,0.019999960585515203,-0.03818860465322227,-0.0013132095336914062,0.04960939827255406,0.04867958201745737,0.06373574746260746,-0.0046056040661257985,0.019999960585515203,-0.03818860465322227,1.0,-0.22318731355238117,0.2392131476680106,0.9375235926643765,0.04988578427127933,0.20180292465728375,0.9024998346667837,28.841297408060626,0.0,3.8409876200273696,16,0.0444
216,1,0.7481,-0.2483326188371296,0.20786103362754008,0.9560003370616084,0.8700476188650135,-0.49215286983370415,0.023599655987050255,-0.015676410911337244,0.01081057760598939,-0.0014813792594531945,0.3180922773613325,0.38012939866096307,0.10327972174596205,-2.5215376695199168,-0.2969382440493697,2.944866887980267,2.5186842023224574,-0.21338084770577626,0.12933639836798694,-0.2744979835015101,-0.007613732827246117,-0.010490385857268303,-0.015735753752699116,0.03424072265625,-0.21338084770577626,0.12933639836798694,-0.2744979835015101,-0.007613732827246117,-0.010490385857268303,-0.015735753752699116,1.0,-0.22310836586839966,0.2393202384625231,0.9378030169008114,0.04988578427127933,0.20180292465728375,0.9024998346667837,26.224778605474945,0.0,2.2052076299475565,15,0.0486
217,0,0.0,-0.2485526323217968,0.2084377749646775,0.9555221467028462,0.8694133447296973,-0.4933155668284456,0.022994547849057467,-0.015213096327394482,0.010807607384529891,-0.0014952342516036284,0.31870987154162395,0.3819515017514661,0.10407345997449018,-2.5200664689528893,-0.296108838097704,2.943626673004019,2.5216525327966814,-0.17968851270689246,0.07474407386313464,-0.2094530352391798,-0.004998528807942368,-0.003060211213038788,-0.026219457626861314,0.01183319091796875,-0.17968851270689246,0.07474407386313464,-0.2094530352391798,-0.004998528807942368,-0.003060211213038788,-0.026219457626861314,1.0,-0.22320266539446482,0.23983443082016068,0.9372743101112949,0.04988578427127933,0.20180292465728375,0.9024998346667837,27.48059189954701,0.0,11.252910273399804,15,0.0505
218,0,0.0,-0.24866030859887103,0.20884806373197248,0.9548005523977406,0.8689615672950532,-0.49413570452912325,0.0227821360285261,-0.014719862486050577,0.010850958741051972,-0.0014478966180782175,0.3198863262717306,0.38426265378295044,0.10361988196171908,-2.518561560919566,-0.2977707284132308,2.9432957706123815,2.525889202245687,-0.1449689723726768,0.04018692130806478,-0.19245005753551803,-0.0032802882361461366,0.002769212926900244,-0.03005139741948254,0.010467529296875,-0.1449689723726768,0.04018692130806478,-0.19245005753551803,-0.0032802882361461366,0.002769212926900244,-0.03005139741948254,1.0,-0.22325227173211304,0.24014977019760436,0.9366976136633758,0.04988578427127933,0.20180292465728375,0.9024998346667837,30.662770923490136,0.0,15.160985377332262,16,0.0525
219,0,0.0,-0.248793154407879,0.208935452223195,0.9545015057903318,0.8682473957823902,-0.49538826288778204,0.02290899899349371,-0.014563875694257957,0.010876621437086518,-0.0013957810112741119,0.32096345249606784,0.3850253042740151,0.10269886601290112,-2.5184145331384586,-0.29950932181544154,2.9437579674841894,2.53074230708396,-0.05960820900660213,0.0408907329690642,-0.11142915706840484,-0.0003679751395261749,0.01042472173718162,-0.03814832144909486,0.007793426513671875,-0.05960820900660213,0.0408907329690642,-0.11142915706840484,-0.0003679751395261749,0.01042472173718162,-0.03814832144909486,1.0,-0.22330386944601124,0.24012579721775618,0.9365841549830977,0.04988578427127933,0.20180292465728375,0.9024998346667837,32.80785353978334,0.0,14.80937284360581,16,0.0518
