step,query,infer_s,eef_x,eef_y,eef_z,eef_qx,eef_qy,eef_qz,eef_qw,gripper_q0,gripper_q1,joint_0,joint_1,joint_2,joint_3,joint_4,joint_5,joint_6,act_raw_0,act_raw_1,act_raw_2,act_raw_3,act_raw_4,act_raw_5,act_raw_6,act_env_0,act_env_1,act_env_2,act_env_3,act_env_4,act_env_5,act_env_6,akita_black_bowl_1_x,akita_black_bowl_1_y,akita_black_bowl_1_z,plate_1_x,plate_1_y,plate_1_z,force_akita_black_bowl_1,force_plate_1,force_other,n_contacts,sim_s
0,1,0.7536,-0.1978596795711609,-0.006685731120590727,1.1806933920273137,0.9996259885066082,-0.0005547337344922187,-0.027341567909663217,-0.00011847746787902597,0.03872305815274102,-0.03872251938772449,0.011475830102947808,-0.1425607783322719,-0.02547349347846191,-2.4033404476347324,-0.0050989539026760665,2.2061058420125943,0.7764806384521848,0.22318141981024908,0.04295524717466237,0.05303756518261904,-0.0002713543013745656,0.018033407863608047,-0.00197400414266774,0.9892578125,0.22318141981024908,0.04295524717466237,0.05303756518261904,-0.0002713543013745656,0.018033407863608047,-0.00197400414266774,-1.0,-0.07499154926823225,0.00787223583748728,0.8984038567263857,0.05475713275442012,0.20369406579115654,0.9024995673059236,0.0,0.0,0.0,0,0.0523
1,0,0.0,-0.196937300356998,-0.006474834725797235,1.1807256614846104,0.999643385084936,-0.000392274473551002,-0.02670092682894926,-9.634906209157745e-05,0.038851582165841586,-0.03883851891996564,0.010498312805977439,-0.14042886368106747,-0.023998487799038345,-2.401200123261741,-0.004784704937867111,2.207476175477816,0.7764392842472039,0.33083253895302434,0.07007545651183877,0.07691590803155335,-0.0003687803131774414,0.02760864671194163,-0.00197400414266774,0.98486328125,0.33083253895302434,0.07007545651183877,0.07691590803155335,-0.0003687803131774414,0.02760864671194163,-0.00197400414266774,-1.0,-0.07499154925425672,0.007872235827644172,0.8984040701014814,0.05475713276359421,0.2036940658211647,0.9024997617621902,0.0,0.0,0.0,0,0.0466
2,0,0.0,-0.19475867994970006,-0.005888611476260572,1.1806873354704148,0.999675614733311,-0.00025945196323967634,-0.025467285353195347,-0.00012397174230380746,0.03892428498246524,-0.03890251819504515,0.00977612840362317,-0.1351376315530283,-0.021996159900566904,-2.3960017722586318,-0.004121849402451288,2.2100355057859593,0.7770003714331812,0.5062792102277,0.15838035957856167,0.07708707894803335,-0.006789235008352323,0.02386283200354708,-0.001843083729253625,0.9833984375,0.5062792102277,0.15838035957856167,0.07708707894803335,-0.006789235008352323,0.02386283200354708,-0.001843083729253625,-1.0,-0.0749915492500775,0.007872235824427622,0.8984041283326119,0.05475713276574368,0.2036940658301081,0.9024998147869767,0.0,0.0,0.0,0,0.051
3,0,0.0,-0.19103056262210105,-0.0046542658698975675,1.1805554430169414,0.9997222904288681,-1.722240537388453e-05,-0.02356558029722511,-7.175165783476246e-05,0.038977623123001744,-0.038948604823571625,0.009453503866677504,-0.1258255336713806,-0.01892873594724085,-2.386879239839301,-0.003349681416722962,2.2140904650942423,0.7787075004465706,0.6708375049478582,0.24696678730968435,0.050983514184861245,-0.016718636475733406,0.024424704209806275,-0.0013898976828200793,0.9765625,0.6708375049478582,0.24696678730968435,0.050983514184861245,-0.016718636475733406,0.024424704209806275,-0.0013898976828200793,-1.0,-0.07499154924884087,0.007872235823409911,0.8984041442241787,0.05475713276623501,0.203694065832751,0.9024998292459088,0.0,0.0,0.0,0,0.0503
4,0,0.0,-0.18545892718726562,-0.002464864891655554,1.1800276300225783,0.9997801860068628,0.00035994661254928895,-0.02096073466259713,0.0003125842648621759,0.03902421441864351,-0.038991555718378326,0.00963208164695948,-0.11127775859588485,-0.014203133354089298,-2.373249641738602,-0.003076779362293976,2.220248515966776,0.7826059032774827,0.7595880459205279,0.3212892987112195,0.033980536481199475,-0.02464154520416592,0.02107688231417862,-0.005700200524454496,0.982421875,0.7595880459205279,0.3212892987112195,0.033980536481199475,-0.02464154520416592,0.02107688231417862,-0.005700200524454496,-1.0,-0.07499154924847806,0.007872235823095238,0.8984041485610657,0.054757132766343475,0.20369406583352645,0.9024998331886069,0.0,0.0,0.0,0,0.0503
5,0,0.0,-0.17834160316067052,0.0007249755398586359,1.1790617819330997,0.9998337971344866,0.0006360110846936884,-0.018187149163557785,0.0010959939946395868,0.039068437652853005,-0.03903241026115661,0.010270904072561484,-0.0918875473190858,-0.0077815106126038315,-2.3551643215806055,-0.003681147261232747,2.227080416747028,0.7894452272553077,0.8360121228692156,0.3697115409879772,0.017291372124417337,-0.02795241925816129,0.021896279281639924,-0.006536077010098562,0.98974609375,0.8360121228692156,0.3697115409879772,0.017291372124417337,-0.02795241925816129,0.021896279281639924,-0.006536077010098562,-1.0,-0.07499154924837238,0.00787223582299961,0.8984041497446229,0.054757132766366186,0.20369406583375266,0.9024998342637116,0.0,0.0,0.0,0,0.0467
6,0,0.0,-0.17002415398276183,0.004786512179662723,1.1778123540775658,0.9998763475167723,0.0007045777855340662,-0.015553389452716091,0.002210276723294229,0.03911076642811042,-0.039071495432351395,0.0112921592659795,-0.06857513731799177,-2.5038482803045983e-05,-2.3328766113776473,-0.005320994060088099,2.2333071801062614,0.7990932671733821,0.864362990124374,0.37853264713916945,-0.011886137013871423,-0.023314619026883726,0.015739096354716375,-0.0056800589223907905,0.99365234375,0.864362990124374,0.37853264713916945,-0.011886137013871423,-0.023314619026883726,0.015739096354716375,-0.0056800589223907905,-1.0,-0.0749915492483418,0.007872235822970938,0.8984041500676215,0.05475713276637052,0.20369406583381833,0.9024998345568738,0.0,0.0,0.0,0,0.0463
7,0,0.0,-0.16079338716980024,0.009442345784407166,1.176339829140818,0.9999069489409804,0.0006033305146336265,-0.013198103948413156,0.0033969845444443442,0.03915091804597377,-0.03910926086415512,0.0125492812531925,-0.04215391647699813,0.008393625766506239,-2.3068680430838913,-0.007638302135403135,2.2383127816127915,0.8104405697603643,0.8758676898800904,0.3321749190680099,-0.09225801442266535,-0.017143768163600512,0.009605324769720286,-0.007855351945271705,0.99560546875,0.8758676898800904,0.3321749190680099,-0.09225801442266535,-0.017143768163600512,0.009605324769720286,-0.007855351945271705,-1.0,-0.07499154924833296,0.007872235822962427,0.8984041501557689,0.05475713276637121,0.20369406583383726,0.9024998346368139,0.0,0.0,0.0,0,0.0548
8,1,0.7677,-0.1509188021926674,0.014128612120235895,1.1743968819570119,0.9999272980743446,0.00022267915071966238,-0.011200317347917314,0.0044611513133943365,0.03918812136514751,-0.03914663298074348,0.013783216490297597,-0.012964797516287081,0.016448305622431096,-2.2780703285838193,-0.010368891876521876,2.242533763803045,0.8222620419480722,0.8347794764668174,0.3147203898752252,-0.0689217128092503,-0.025697933034623588,0.01208692701403169,-0.009436467707273105,0.99560546875,0.8347794764668174,0.3147203898752252,-0.0689217128092503,-0.025697933034623588,0.01208692701403169,-0.009436467707273105,-1.0,-0.07499154924833043,0.007872235822959926,0.8984041501798249,0.05475713276637126,0.20369406583384267,0.9024998346586124,0.0,0.0,0.0,0,0.0473
9,0,0.0,-0.14088666583659515,0.018450666560312603,1.1722546297711254,0.9999355633864722,-0.000377277086843264,-0.009829763961214245,0.00566590482127712,0.03922304784163776,-0.039183088561571884,0.014896542289623544,0.017297210343621805,0.023704632445772963,-2.2473201850716027,-0.014177237866630372,2.2445305360925714,0.8342569632977249,0.8660065186609048,0.3094652628064297,-0.1205582726139951,-0.018715467130866803,0.006889609106134231,-0.006626714219385266,0.99609375,0.8660065186609048,0.3094652628064297,-0.1205582726139951,-0.018715467130866803,0.006889609106134231,-0.006626714219385266,-1.0,-0.07499154924832971,0.007872235822959197,0.8984041501863897,0.05475713276637126,0.2036940658338442,0.9024998346645562,0.0,0.0,0.0,0,0.0473
10,0,0.0,-0.13061904525599044,0.022648715391864867,1.1700514180106587,0.9999385397213945,-0.0009441892453901368,-0.008650115382238473,0.00687028313728621,0.03925696493452574,-0.03921749549972276,0.016012537279545533,0.048438057886455756,0.03048157554507596,-2.2147906921201845,-0.018529442337133998,2.2452513484457057,0.8459956527895727,0.8495712332955957,0.29266762449724437,-0.2119635420142172,-0.007024345714521263,0.002347808772205834,-0.0058109793358049056,0.99609375,0.8495712332955957,0.29266762449724437,-0.2119635420142172,-0.007024345714521263,0.002347808772205834,-0.0058109793358049056,-1.0,-0.0749915492483295,0.007872235822958984,0.8984041501881814,0.05475713276637126,0.20369406583384464,0.9024998346661771,0.0,0.0,0.0,0,0.0469
11,0,0.0,-0.12010824231379791,0.026836448014245576,1.1671653161111633,0.9999407323070606,-0.001453690183731926,-0.007641481801565139,0.007617507068916943,0.03928931000733186,-0.039250544923273754,0.017138399555419365,0.08128743339420563,0.036756615218137334,-2.1811114935677254,-0.022290871571512664,2.2461604816846403,0.8567157375756113,0.7854736203708897,0.2563509427896761,-0.3002877349178026,-0.00029550951091246447,-0.0004030239042714101,-0.006314519387397716,0.994140625,0.7854736203708897,0.2563509427896761,-0.3002877349178026,-0.00029550951091246447,-0.0004030239042714101,-0.006314519387397716,-1.0,-0.0749915492483295,0.007872235822958923,0.8984041501886704,0.05475713276637126,0.20369406583384464,0.9024998346666192,0.0,0.0,0.0,0,0.0494
12,0,0.0,-0.10977722818881498,0.030765802455738747,1.1633617307201132,0.9999408249584179,-0.002016536595786711,-0.007183681055989703,0.007916747319514352,0.0393195427132344,-0.039282904546468905,0.018191730815114056,0.11526087769795951,0.04221471955733705,-2.147362157629399,-0.02535985499390979,2.247032244229123,0.86616191440208,0.7139801290317948,0.22650932836330218,-0.3808521796076363,-0.00014816273273124403,-0.0041020159288110425,-0.005448430498658091,0.99072265625,0.7139801290317948,0.22650932836330218,-0.3808521796076363,-0.00014816273273124403,-0.0041020159288110425,-0.005448430498658091,-1.0,-0.0749915492483295,0.007872235822958911,0.8984041501888038,0.05475713276637126,0.20369406583384464,0.9024998346667397,0.0,0.0,0.0,0,0.047
13,0,0.0,-0.09990804928922203,0.03424805117193446,1.1587196673379359,0.999937754061051,-0.0025871428314029887,-0.007294650173058954,0.008036340844088339,0.03934804475553495,-0.039314314825169346,0.019163364891016582,0.14948783279439054,0.0467471649136193,-2.114403279796223,-0.02824213644152994,2.247842058558819,0.8744229631001845,0.6379669342172399,0.1953539321697294,-0.4570802944133146,-0.0002681336067694995,-0.007356192456728805,-0.005458501299689944,0.99072265625,0.6379669342172399,0.1953539321697294,-0.4570802944133146,-0.0002681336067694995,-0.007356192456728805,-0.005458501299689944,-1.0,-0.0749915492483295,0.007872235822958911,0.8984041501888405,0.05475713276637126,0.20369406583384464,0.9024998346667725,0.0,0.0,0.0,0,0.0492
14,0,0.0,-0.09064754970367357,0.03727139974243717,1.1533024212203487,0.9999310458928892,-0.003113267257631336,-0.007851834216790456,0.008158414427249272,0.039375125206530893,-0.03934458167145422,0.020100333566017425,0.18340973867547097,0.05043801076459506,-2.0828867597114358,-0.03124839033777422,2.2489035854310893,0.8817427754445568,0.5763346140973303,0.15317215328716616,-0.5481432219805771,-0.00026330256486192805,-0.01485678402784954,-0.004159367966580507,0.9931640625,0.5763346140973303,0.15317215328716616,-0.5481432219805771,-0.00026330256486192805,-0.01485678402784954,-0.004159367966580507,-1.0,-0.0749915492483295,0.007872235822958911,0.8984041501888503,0.05475713276637126,0.20369406583384464,0.9024998346667815,0.0,0.0,0.0,0,0.0472
15,0,0.0,-0.08197693179818964,0.0398071129363172,1.1470516900607026,0.9999219114483875,-0.003592278212500577,-0.008588516661098874,0.008336901355309581,0.03940074484141302,-0.03937385413759081,0.021011548406493233,0.2169863223789456,0.0532806548484904,-2.0532339891529037,-0.0344607134169114,2.251149046491779,0.8881933150204845,0.5064846512947664,0.12474989237714096,-0.626653615672653,0.00030756555388387896,-0.019878333970182183,-0.0020243581478270323,0.99365234375,0.5064846512947664,0.12474989237714096,-0.626653615672653,0.00030756555388387896,-0.019878333970182183,-0.0020243581478270323,-1.0,-0.0749915492483295,0.007872235822958911,0.898404150188853,0.05475713276637126,0.20369406583384464,0.9024998346667837,0.0,0.0,0.0,0,0.0527
16,1,0.7837,-0.0739412065739828,0.041901120041970254,1.1398980205069866,0.9999116402801265,-0.003953526415013731,-0.009382329276908533,0.008547114046939013,0.03942529255955484,-0.03940184814604748,0.02191769246126572,0.25012034100627006,0.055366245402610904,-2.0258691467315737,-0.037762405546091844,2.2551259427486925,0.8936975994960655,0.49580171580731525,0.18634514290893722,-0.565944997294478,0.0024831447595977663,-0.02256185903861796,0.0016011302236411673,0.99609375,0.49580171580731525,0.18634514290893722,-0.565944997294478,0.0024831447595977663,-0.02256185903861796,0.0016011302236411673,-1.0,-0.0749915492483295,0.007872235822958911,0.898404150188853,0.05475713276637126,0.20369406583384464,0.9024998346667837,0.0,0.0,0.0,0,0.0337
17,0,0.0,-0.06639080142423998,0.044118953363737584,1.1325787750243643,0.9999080171874725,-0.003994371149625475,-0.009754810359462403,0.008534977339510863,0.03945021008642319,-0.03942721949902363,0.023011892009033034,0.2818491336561879,0.05743136440451187,-2.0002751173800966,-0.04065765908982557,2.260401595029651,0.8984252303415005,0.44649585971138783,0.15687889470176297,-0.5800951263901428,0.005510597688348398,-0.020571894974783345,-0.000956853238450267,0.9873046875,0.44649585971138783,0.15687889470176297,-0.5800951263901428,0.005510597688348398,-0.020571894974783345,-0.000956853238450267,-1.0,-0.0749915492483295,0.007872235822958911,0.898404150188853,0.05475713276637126,0.20369406583384464,0.9024998346667837,0.0,0.0,0.0,0,0.0323
18,0,0.0,-0.05940886463056769,0.04642827219709834,1.125341968627305,0.9999077031448673,-0.0039770378959677055,-0.00994141637846753,0.008362810623194415,0.03947320045117245,-0.039452360619774154,0.024272646578146092,0.3118892631926293,0.05938296189694941,-1.9763335290143462,-0.0432055780819588,2.265983237170651,0.9028790674274868,0.3873288323962746,0.1417469439902762,-0.6143293096861062,0.006818199698000266,-0.018608268670617156,-0.0009769948405140005,0.98974609375,0.3873288323962746,0.1417469439902762,-0.6143293096861062,0.006818199698000266,-0.018608268670617156,-0.0009769948405140005,-1.0,-0.0749915492483295,0.007872235822958911,0.898404150188853,0.05475713276637126,0.20369406583384464,0.9024998346667837,0.0,0.0,0.0,0,0.034
19,0,0.0,-0.05313822138220949,0.048547639758334225,1.117854648964049,0.9999056222229752,-0.0040538315069512665,-0.010310016459333715,0.008125063544679739,0.03949503883098237,-0.039476591146166064,0.025595270939620284,0.3406281478575381,0.06093176491463909,-1.9543538031946557,-0.04543362194984161,2.2718786035117495,0.9069658087902942,0.2914905746098154,0.104921465102777,-0.6960348938191386,0.00781017363635686,-0.026184764201893335,-0.0005338795951123354,0.9912109375,0.2914905746098154,0.104921465102777,-0.6960348938191386,0.00781017363635686,-0.026184764201893335,-0.0005338795951123354,-1.0,-0.0749915492483295,0.007872235822958911,0.898404150188853,0.05475713276637126,0.20369406583384464,0.9024998346667837,0.0,0.0,0.0,0,0.0324
20,0,0.0,-0.04767239681441737,0.050366045739175865,1.1098276345668086,0.9999003678226528,-0.004160344391289594,-0.010935841028449383,0.007896413342106641,0.03951556259636928,-0.039500162597292436,0.02693175288418,0.3683212208920497,0.06196483218741652,-1.9348659263239987,-0.047472820367124025,2.2787252651467265,0.91053356849789,0.1956009565565896,0.030849686605472937,-0.8101488381390164,0.007616931960053627,-0.03618726004040315,-0.0009064992332910027,0.9921875,0.1956009565565896,0.030849686605472937,-0.8101488381390164,0.007616931960053627,-0.03618726004040315,-0.0009064992332910027,-1.0,-0.0749915492483295,0.007872235822958911,0.898404150188853,0.05475713276637126,0.20369406583384464,0.9024998346667837,0.0,0.0,0.0,0,0.0345
21,0,0.0,-0.04307355464743894,0.051571545657534225,1.1008896968970043,0.9998915408814835,-0.004338539374445671,-0.011709860088653752,0.007807863116865921,0.039534435870727004,-0.039523496885126505,0.02814909162796969,0.39528387404600446,0.06213238242630213,-1.9186113024526326,-0.04955690017719995,2.2877964045792503,0.9134252111126715,0.09694590913965018,-0.004153213334896488,-0.8799865720627816,0.009768355956229616,-0.03925414583290121,-0.0015812429024253671,0.9912109375,0.09694590913965018,-0.004153213334896488,-0.8799865720627816,0.009768355956229616,-0.03925414583290121,-0.0015812429024253671,-1.0,-0.0749915492483295,0.007872235822958911,0.898404150188853,0.05475713276637126,0.20369406583384464,0.9024998346667837,0.0,0.0,0.0,0,0.0363
22,0,0.0,-0.039477316674770106,0.052206128209238804,1.0909884729027504,0.9998802040851353,-0.004543922829355451,-0.012605415909297936,0.007748143890092273,0.0395528343582006,-0.03954549933776419,0.029169919327920308,0.42128338905821827,0.061594918721452306,-1.9061649250531536,-0.051375394998491794,2.2994960851608286,0.9154583484523705,0.04557761733137666,0.008890762782292172,-0.8941367011584465,0.007629814738473836,-0.04370230079911974,-0.000956853238450267,0.98583984375,0.04557761733137666,0.008890762782292172,-0.8941367011584465,0.007629814738473836,-0.04370230079911974,-0.000956853238450267,-1.0,-0.0749915492483295,0.007872235822958911,0.898404150188853,0.05475713276637126,0.20369406583384464,0.9024998346667837,0.0,0.0,0.0,0,0.0357
23,0,0.0,-0.03676398803930593,0.052591698551753746,1.0805563836892513,0.9998724688654391,-0.0046670133971937755,-0.013246340326818274,0.007602595532202836,0.039571059971457045,-0.039565943690488624,0.030105021996332425,0.44585381464066215,0.06074628065884478,-1.8973083759762042,-0.05288051331708441,2.313950057489894,0.9168592904888301,0.014761457271421974,-0.0002118680332998668,-0.8790736605082226,0.007855263360827619,-0.04012036548421746,0.0018025462442782803,0.984375,0.014761457271421974,-0.0002118680332998668,-0.8790736605082226,0.007855263360827619,-0.04012036548421746,0.0018025462442782803,-1.0,-0.0749915492483295,0.007872235822958911,0.898404150188853,0.05475713276637126,0.20369406583384464,0.9024998346667837,0.0,0.0,0.0,0,0.0335
24,1,0.7281,-0.034796166849584614,0.05287668814155523,1.0699405603170755,0.9998709332419756,-0.004641346772246313,-0.013480897775303681,0.007405413771761429,0.039588550436910445,-0.03958546531129556,0.031025114632453738,0.4688207308918487,0.05975175146779281,-1.8915290270501315,-0.05424472325627064,2.3307007811585123,0.9178303294854219,0.040133429054117986,-0.01766639722608465,-0.8325151712257124,0.014045438391741147,-0.04051835829698436,-0.003263066674745324,1.001953125,0.040133429054117986,-0.01766639722608465,-0.8325151712257124,0.014045438391741147,-0.04051835829698436,-0.003263066674745324,-1.0,-0.0749915492483295,0.007872235822958911,0.898404150188853,0.05475713276637126,0.20369406583384464,0.9024998346667837,0.0,0.0,0.0,0,0.035
25,0,0.0,-0.033213905509488675,0.05303937914867495,1.0594656213872033,0.9998799767338398,-0.004699434064019126,-0.013006028090910634,0.0069850325347073005,0.03960526712821158,-0.03960417400981771,0.031846632002573136,0.49040309408152577,0.0585682506276154,-1.887769130569024,-0.05501428519936292,2.349608949435634,0.91839735926765,-0.025607712407118788,-0.04178367680966366,-0.895506068490285,0.010006687357003594,-0.04421735032152399,-0.00040295918169819256,0.9951171875,-0.025607712407118788,-0.04178367680966366,-0.895506068490285,0.010006687357003594,-0.04421735032152399,-0.00040295918169819256,-1.0,-0.0749915492483295,0.007872235822958911,0.898404150188853,0.05475713276637126,0.20369406583384464,0.9024998346667837,0.0,0.0,0.0,0,0.0349
26,0,0.0,-0.03213569607559713,0.05289370435512182,1.0487623298881128,0.9998923581617265,-0.0048466807210270635,-0.01222441873407656,0.006507331433352212,0.039620867400160444,-0.039622480904620526,0.032536878818017624,0.5112877021167596,0.05699348923851079,-1.8860070773762956,-0.05550624147082507,2.3703945757009817,0.9185192413329151,-0.05395857966227713,-0.029208908466474615,-0.8959625242675645,0.009800562902280152,-0.04241467699310911,-0.0005238087940804548,0.994140625,-0.05395857966227713,-0.029208908466474615,-0.8959625242675645,0.009800562902280152,-0.04241467699310911,-0.0005238087940804548,-1.0,-0.0749915492483295,0.007872235822958911,0.898404150188853,0.05475713276637126,0.20369406583384464,0.9024998346667837,0.0,0.0,0.0,0,0.0322
27,0,0.0,-0.031665180156974206,0.05261129509762673,1.0377027149893232,0.999905648213045,-0.004979924963605831,-0.011286300741428733,0.006042717483090513,0.039636509852171785,-0.03963929137841748,0.03319406066383354,0.5316612146271111,0.05528096303611834,-1.8862234510404698,-0.05596678488515388,2.392982455151735,0.91851597541978,-0.09525223414261641,-0.010815963725690714,-0.8745091027354275,0.007101620823245003,-0.04353842140562747,0.00047320050807328484,0.99462890625,-0.09525223414261641,-0.010815963725690714,-0.8745091027354275,0.007101620823245003,-0.04353842140562747,0.00047320050807328484,-1.0,-0.0749915492483295,0.007872235822958911,0.898404150188853,0.05475713276637126,0.20369406583384464,0.9024998346667837,0.0,0.0,0.0,0,0.0328
28,0,0.0,-0.03174705575082841,0.05239618500262972,1.0266592806415544,0.9999202689785808,-0.005000210512844772,-0.010167079593478385,0.005575309244196929,0.0396516914205038,-0.03965517098348033,0.033909165270930325,0.5510898501544386,0.05365929061822941,-1.888111777923073,-0.056489229978460884,2.4166504122664523,0.9185186539382626,-0.13325883154989393,-0.004528579554096135,-0.8521427696487314,0.003565298146895865,-0.047658817584861485,0.0020241038669791267,0.9931640625,-0.13325883154989393,-0.004528579554096135,-0.8521427696487314,0.003565298146895865,-0.047658817584861485,0.0020241038669791267,-1.0,-0.0749915492483295,0.007872235822958911,0.898404150188853,0.05475713276637126,0.20369406583384464,0.9024998346667837,0.0,0.0,0.0,0,0.0332
29,0,0.0,-0.03235193240891675,0.05221894232039228,1.0158560664883587,0.9999357129087705,-0.004837423872405161,-0.008822503842218603,0.005228078601351224,0.03966613547796825,-0.03967045596112127,0.03473005676257781,0.5692616162500234,0.05206322640202717,-1.891637486157204,-0.057400335920508826,2.4411271542023387,0.9186443086455817,-0.17331983962783515,0.013582840522288087,-0.8220166883482837,0.000682776475372654,-0.051170518873981385,0.0019233958566605702,0.99072265625,-0.17331983962783515,0.013582840522288087,-0.8220166883482837,0.000682776475372654,-0.051170518873981385,0.0019233958566605702,-1.0,-0.0749915492483295,0.007872235822958911,0.898404150188853,0.05475713276637126,0.20369406583384464,0.9024998346667837,0.0,0.0,0.0,0,0.0408
30,0,0.0,-0.03346657355679762,0.052124061664227846,1.005389356154975,0.9999508511093907,-0.004563552431819551,-0.007229930165526376,0.005019707621717574,0.03968018274137468,-0.03968486270165086,0.03570270169687884,0.5860423795311344,0.05053073579597029,-1.8968252186114025,-0.05881255118658814,2.466329796230874,0.9192227582528708,-0.19591835700513527,0.023342362221479562,-0.7886954166068794,0.0013446292167112184,-0.05334777367323573,0.001681696631896018,0.99072265625,-0.19591835700513527,0.023342362221479562,-0.7886954166068794,0.0013446292167112184,-0.05334777367323573,0.001681696631896018,-1.0,-0.0749915492483295,0.007872235822958911,0.898404150188853,0.05475713276637126,0.20369406583384464,0.9024998346667837,0.0,0.0,0.0,0,0.0368
31,0,0.0,-0.03503447585714654,0.052195854610056755,0.9953098902683768,0.9999648381093158,-0.004265760997430812,-0.005342620662056845,0.004856154093887423,0.039693748452017834,-0.03969853022876812,0.03683402717925074,0.6014821303477244,0.049146496210545475,-1.903546713452848,-0.06057463750044747,2.492299680609405,0.9203995081677432,-0.21522981730937352,0.03005203338967366,-0.7398546484379717,0.003056428399297345,-0.057093588381630284,0.0015809886215774616,0.990234375,-0.21522981730937352,0.03005203338967366,-0.7398546484379717,0.003056428399297345,-0.057093588381630284,0.0015809886215774616,-1.0,-0.0749915492483295,0.007872235822958911,0.898404150188853,0.05475713276637126,0.20369406583384464,0.9024998346667837,0.0,0.0,0.0,0,0.0343
32,1,0.7333,-0.03696471339189661,0.05243120355214553,0.9857175001803311,0.999976422025506,-0.003993019494072436,-0.003103081680129695,0.004645650920223571,0.03970671776439268,-0.039711625570012045,0.038074785623900445,0.6155422991577525,0.047918845230018,-1.9116235763263854,-0.06246988880606643,2.518952746512536,0.9220517315795035,-0.04707630391555384,-0.005842361321295009,-0.5978969017040437,1.6092692126504216e-05,-0.04239126565118165,-0.0030515798530763583,0.99853515625,-0.04707630391555384,-0.005842361321295009,-0.5978969017040437,1.6092692126504216e-05,-0.04239126565118165,-0.0030515798530763583,-1.0,-0.0749915492483295,0.007872235822958911,0.898404150188853,0.05475713276637126,0.20369406583384464,0.9024998346667837,0.0,0.0,0.0,0,0.0344
33,0,0.0,-0.03852652052654399,0.05249193275354727,0.9769793378945614,0.9999821794342021,-0.003960600066814979,8.003112038645378e-05,0.004466324680600956,0.039718255482082215,-0.0397250349007771,0.03929529071488651,0.6287267995778574,0.046364581323007886,-1.9191820309740169,-0.06455401262228223,2.5461498041754904,0.9241005783929005,-0.07501628903657953,-0.010534439061290923,-0.6029179152541184,-0.00019969384641210786,-0.049976540435680616,-0.0006748708095583034,0.99853515625,-0.07501628903657953,-0.010534439061290923,-0.6029179152541184,-0.00019969384641210786,-0.049976540435680616,-0.0006748708095583034,-1.0,-0.0749915492483295,0.007872235822958911,0.898404150188853,0.05475713276637126,0.20369406583384464,0.9024998346667837,0.0,0.0,0.0,0,0.0331
34,0,0.0,-0.03976182362972431,0.05234631873983096,0.9687907079865116,0.9999758666300839,-0.004026897506894056,0.0036290117713317542,0.004345172890020893,0.03972970537446157,-0.03973746247928534,0.04046841376376642,0.6417855265280884,0.04453283055377579,-1.925624864568207,-0.06670079794268759,2.572747184338258,0.9261030637044088,-0.08569922452403045,0.009078445891891995,-0.569596643512714,-0.00021821284039116873,-0.04365547811526482,0.0011982981823669137,0.9970703125,-0.08569922452403045,0.009078445891891995,-0.569596643512714,-0.00021821284039116873,-0.04365547811526482,0.0011982981823669137,-1.0,-0.0749915492483295,0.007872235822958911,0.898404150188853,0.05475713276637126,0.20369406583384464,0.9024998346667837,0.0,0.0,0.0,0,0.0326
35,0,0.0,-0.04111635560021196,0.05226585257005907,0.9608822170004534,0.9999591205648078,-0.003947513047528772,0.006964059588084425,0.004204308985856794,0.0397411486610337,-0.039748872590545124,0.04167009995856797,0.6545737814068829,0.042801417988788955,-1.9317036647363692,-0.06880046458789553,2.598266293326138,0.9279097994451324,-0.10716781603246561,0.04135994074306382,-0.5084315693572596,-0.002537918129681224,-0.03669060389184367,0.0015608470195137558,0.99853515625,-0.10716781603246561,0.04135994074306382,-0.5084315693572596,-0.002537918129681224,-0.03669060389184367,0.0015608470195137558,-1.0,-0.0749915492483295,0.007872235822958911,0.898404150188853,0.05475713276637126,0.20369406583384464,0.9024998346667837,0.0,0.0,0.0,0,0.033
36,0,0.0,-0.04269806779897304,0.05239216227841748,0.953514220992302,0.9999358602016274,-0.0037254934233283965,0.009893701440862013,0.004063354941683055,0.03975229496284483,-0.03975959927234003,0.0429905011315753,0.6663268857481953,0.0413289744463666,-1.937767687176696,-0.07094897848261221,2.621908745622648,0.9298290040340557,-0.11076303470612703,0.04220451473626308,-0.4442995326494883,-0.008087174934189034,-0.025552657969851733,0.001178156580303208,1.0,-0.11076303470612703,0.04220451473626308,-0.4442995326494883,-0.008087174934189034,-0.025552657969851733,0.001178156580303208,-1.0,-0.0749915492483295,0.007872235822958911,0.898404150188853,0.05475713276637126,0.20369406583384464,0.9024998346667837,0.0,0.0,0.0,0,0.0387
37,0,0.0,-0.04449202745296894,0.05258168367182034,0.9468762147687795,0.9999092886677836,-0.003461697136907693,0.012347867970101957,0.00411840325991999,0.03976250130833234,-0.039770327512870574,0.04448550125791049,0.6766048535128523,0.03985502878019266,-1.9439056823834469,-0.07354022017115183,2.643149975498286,0.93225465890377,-0.09001348693242417,0.03751243699626716,-0.3991104106988167,-0.008924555531503037,-0.017036782343735984,0.0006041209214874277,1.0009765625,-0.09001348693242417,0.03751243699626716,-0.3991104106988167,-0.008924555531503037,-0.017036782343735984,0.0006041209214874277,-1.0,-0.0749915492483295,0.007872235822958911,0.898404150188853,0.05475713276637126,0.20369406583384464,0.9024998346667837,0.0,0.0,0.0,0,0.0339
38,0,0.0,-0.046303774746514086,0.05277887782586539,0.9408932533020637,0.9998808586431012,-0.0032271714695062403,0.014451518565837096,0.004359758546174107,0.039772345226910415,-0.03978052034643899,0.046129623905980056,0.6858534958205018,0.03831114900046499,-1.949591177413759,-0.07649860920248534,2.662186241854191,0.9351743953855856,-0.068544895423989,0.033899537136470315,-0.3425098943161573,-0.008583161903367331,-0.012411579104190995,0.004481379318752005,0.00482940673828125,-0.068544895423989,0.033899537136470315,-0.3425098943161573,-0.008583161903367331,-0.012411579104190995,0.004481379318752005,1.0,-0.0749915492483295,0.007872235822958911,0.898404150188853,0.05475713276637126,0.20369406583384464,0.9024998346667837,0.0,0.0,0.0,0,0.0342
39,0,0.0,-0.04795862837263206,0.053035239505849895,0.9355385779750769,0.9998513252404645,-0.0029312887272991417,0.016337899454672997,0.004669903927536296,0.039390935238980206,-0.03940053127863709,0.04785396777719094,0.6943183337867032,0.03680991279271176,-1.9544354447962318,-0.07956265476017181,2.679154169028429,0.9381652707551577,-0.017903672392130088,0.027565232187475863,-0.2436872185351432,-0.012441554040221861,-0.005805191054034181,0.004420954512560887,-0.002582550048828125,-0.017903672392130088,0.027565232187475863,-0.2436872185351432,-0.012441554040221861,-0.005805191054034181,0.004420954512560887,1.0,-0.0749915492483295,0.007872235822958911,0.898404150188853,0.05475713276637126,0.20369406583384464,0.9024998346667837,0.0,0.0,0.0,0,0.033
40,1,0.735,-0.04927250451133478,0.05323265713083374,0.9310855956719745,0.9998193091381775,-0.002559873187162276,0.018127642614475817,0.005117098490749003,0.03729277276156274,-0.03731017565700476,0.049613443853848804,0.7015496909247105,0.035204195193565754,-1.9582487312687196,-0.08277857429759444,2.6936455103098194,0.9410947915989035,-0.07378364263418136,0.051025620887455325,-0.2925279867040509,-0.010457606163508687,-0.02682272326941676,-0.00011090595177437601,0.0070037841796875,-0.07378364263418136,0.051025620887455325,-0.2925279867040509,-0.010457606163508687,-0.02682272326941676,-0.00011090595177437601,1.0,-0.0749915492483295,0.007872235822958911,0.898404150188853,0.05475713276637126,0.20369406583384464,0.9024998346667837,0.0,0.0,0.0,0,0.034
41,0,0.0,-0.05031929894852735,0.05350955141273768,0.9271756911973369,0.9997839159930372,-0.0022502065423441464,0.019893444060218486,0.005595424520656688,0.03393400589836808,-0.03394520388951293,0.051471944953357704,0.7082525660879729,0.03364692135977605,-1.961226369826705,-0.0860603472952393,2.706726503860754,0.9443581383385196,-0.09124613333482234,0.05792297516524936,-0.19655815953103362,-0.010657289229022024,-0.01688168220346653,0.0020442454690428324,0.00623321533203125,-0.09124613333482234,0.05792297516524936,-0.19655815953103362,-0.010657289229022024,-0.01688168220346653,0.0020442454690428324,1.0,-0.0749915492483295,0.007872235822958911,0.898404150188853,0.05475713276637126,0.20369406583384464,0.9024998346667837,0.0,0.0,0.0,0,0.0336
42,0,0.0,-0.05151201581137606,0.05396677724640781,0.923802790915451,0.9997512031484636,-0.0019761712751668603,0.021369575949441735,0.006080112994858995,0.029856268707417276,-0.029862493733228457,0.053459977288957315,0.7135396860750397,0.032288543338923115,-1.9647047766491377,-0.08940600028909088,2.718251908756641,0.9480396734203294,-0.0902189279994905,0.06538337877184286,-0.1445222009211694,-0.016873229816775984,-0.00932274517863596,0.0003120676915635834,0.0033626556396484375,-0.0902189279994905,0.06538337877184286,-0.1445222009211694,-0.016873229816775984,-0.00932274517863596,0.0003120676915635834,1.0,-0.0749915492483295,0.007872235822958911,0.898404150188853,0.05475713276637126,0.20369406583384464,0.9024998346667837,0.0,0.0,0.0,0,0.0338
43,0,0.0,-0.05286566859493949,0.05443777197777528,0.9212575719532603,0.9997238937231423,-0.0017076273322712554,0.02244173839235733,0.006751940895857646,0.0253706151219638,-0.02538160131169156,0.055590219456556594,0.716784487283223,0.030887735810924386,-1.9688630338379658,-0.09309757688469712,2.727569314971933,0.9521774804273558,-0.08313121118570088,0.043752900390461646,-0.1021288706063348,-0.01977185496132447,-0.0008244280589657926,-0.0004935963909848962,0.0013685226440429688,-0.08313121118570088,0.043752900390461646,-0.1021288706063348,-0.01977185496132447,-0.0008244280589657926,-0.0004935963909848962,1.0,-0.0749915492483295,0.007872235822958911,0.898404150188853,0.05475713276637126,0.20369406583384464,0.9024998346667837,0.0,0.0,0.0,0,0.0432
44,0,0.0,-0.05423971184082881,0.05481327151459805,0.9193609298095577,0.9997005172902458,-0.0015101929624324884,0.0231845245045676,0.0076858877383808215,0.02071716180387659,-0.020675358744283622,0.057864234977423254,0.7185851684360407,0.02927173579236664,-1.9731555987313687,-0.09725071133900558,2.734871462865401,0.9568606067689845,-0.059813650073668456,0.034462586465269784,-0.04415898689183684,-0.022064989520122827,0.00043978440511735495,-0.00041302998273004543,0.0012836456298828125,-0.059813650073668456,0.034462586465269784,-0.04415898689183684,-0.022064989520122827,0.00043978440511735495,-0.00041302998273004543,1.0,-0.07499247837233537,0.00786365492184534,0.8983290722317419,0.05475713276637126,0.20369406583384464,0.9024998346667837,4.903122652840212,0.0,0.0,4,0.0422
45,0,0.0,-0.05512584080938063,0.054902134864933026,0.9184582085596641,0.9996689943618501,-0.0013595384362189988,0.024097572358022075,0.008908443930148936,0.017229747550973742,-0.01584943745828692,0.060139629248121405,0.7188322080647571,0.027218690975311564,-1.9767239799783818,-0.1017953584220871,2.7401811774198745,0.9616359293069634,-0.03855049963229973,0.03352417091727067,-0.014781778350988373,-0.0222968795316867,0.0028394469526826227,-0.001329472876628962,0.0015811920166015625,-0.03855049963229973,0.03352417091727067,-0.014781778350988373,-0.0222968795316867,0.0028394469526826227,-0.001329472876628962,1.0,-0.07526898941967165,0.008258924009635349,0.8986083734535547,0.05475713276637126,0.20369406583384464,0.9024998346667837,7.288314383784304,0.0,0.0,6,0.0446
46,0,0.0,-0.05563133577668186,0.05456925565581245,0.9182621153086564,0.999634759261805,-0.0012818328005417268,0.024919536216307422,0.010378906253922737,0.014536043299664842,-0.010949959109724967,0.06222544776783197,0.7180698270800807,0.024750563043729978,-1.9794557393663568,-0.1063181367588101,2.7434113276038334,0.9659923039850766,-0.0264294766753842,0.023811569995479065,0.024765835477369325,-0.026883148649283414,0.011010005285368246,-0.00147046409107493,-0.0008525848388671875,-0.0264294766753842,0.023811569995479065,0.024765835477369325,-0.026883148649283414,0.011010005285368246,-0.00147046409107493,1.0,-0.07532789789569397,0.008617075809511304,0.898358175627858,0.05475713276637126,0.20369406583384464,0.9024998346667837,10.407056508974314,0.0,0.0,8,0.047
47,0,0.0,-0.055947243328842315,0.05393706467321302,0.9185620555955346,0.99960540845706,-0.001209776006999841,0.025352491033918494,0.012033911408238994,0.012610834151009219,-0.006865785679127922,0.06411241801594043,0.7165165794360963,0.022089476621903918,-1.981496070587639,-0.11069061287155944,2.744313219988301,0.9698141902163392,-0.0005439022250222081,0.016961136495085127,0.07805704747475217,-0.024242179073139233,0.0175183583412038,-0.0024473317911649917,-0.0013103485107421875,-0.0005439022250222081,0.016961136495085127,0.07805704747475217,-0.024242179073139233,0.0175183583412038,-0.0024473317911649917,1.0,-0.07547004181621289,0.00949996547468461,0.8985719635441949,0.05475713276637126,0.20369406583384464,0.9024998346667837,12.414461667784282,0.0,0.0,8,0.0453
48,1,0.728,-0.05630479712095346,0.053478784721975196,0.9191888367990485,0.9995880266961384,-0.00113377294948952,0.025244619305409784,0.013608844210383553,0.011271369980825468,-0.006235576525521004,0.06590221941837399,0.7142762501707837,0.01988823013523135,-1.9832308812859345,-0.11460944481147235,2.7431648176193737,0.9734062099129578,-0.03464711935803877,0.031365815156872534,-0.11097270129112535,-0.011513993993966354,0.0024882768237706465,-0.0007453664167813012,0.00461578369140625,-0.03464711935803877,0.031365815156872534,-0.11097270129112535,-0.011513993993966354,0.0024882768237706465,-0.0007453664167813012,1.0,-0.07537829483448982,0.010137420671166339,0.8987417743635544,0.05475713276637126,0.20369406583384464,0.9024998346667837,11.951204349039383,0.0,0.0,7,0.0515
49,0,0.0,-0.056541558868047126,0.053462649492205576,0.9191522877508955,0.999576960585567,-0.0010811726495771334,0.025054434590730198,0.014731131645569478,0.010423574509306453,-0.006194980680191681,0.06753912950732929,0.7141492965157713,0.01843899620556739,-1.9835572506650359,-0.11768775320505309,2.742690214638935,0.9766758093548329,-0.026737638275983744,0.03563560590026882,-0.03905238788352239,-0.01930807493819671,0.0015518231466719878,0.0005739085183918413,0.0044708251953125,-0.026737638275983744,0.03563560590026882,-0.03905238788352239,-0.01930807493819671,0.0015518231466719878,0.0005739085183918413,1.0,-0.07540586531924182,0.01071994287486821,0.8984681922185408,0.05475713276637126,0.20369406583384464,0.9024998346667837,12.095237094152246,0.0,0.0,7,0.0416
50,0,0.0,-0.05656947087814981,0.05335189381885592,0.9187670557320012,0.9995610228343579,-0.0009753644901510095,0.025043827873953584,0.015799271497829063,0.010049988031182042,-0.006167063835055097,0.06901954149746622,0.7150064478380633,0.016916164862097703,-1.9830966557607304,-0.12073731967900861,2.7427702982478466,0.9795948936125042,-0.011843160913672324,0.02991127105747382,0.003811662451631781,-0.022528769543250574,0.0021019896819674533,0.0006343333245829863,0.0012607574462890625,-0.011843160913672324,0.02991127105747382,0.003811662451631781,-0.022528769543250574,0.0021019896819674533,0.0006343333245829863,1.0,-0.07540317348150809,0.010758264942878216,0.8981469624170914,0.05475713276637126,0.20369406583384464,0.9024998346667837,13.511124559670067,0.0,0.0,7,0.0415
51,0,0.0,-0.0565946185394187,0.05317113064256791,0.9187843045618227,0.9995412776542905,-0.0007851666328358431,0.025029873746479688,0.017033003223770014,0.009684321919696245,-0.00615484855584151,0.07053288815010827,0.7148886378229824,0.015297124514351805,-1.9830143613463769,-0.12422308172696309,2.7421880071385925,0.9826937224512817,-0.011432278779539562,0.016116562501885867,0.02020127770457414,-0.01920501271083498,0.00711201685444518,-8.069354867878964e-05,0.0005769729614257812,-0.011432278779539562,0.016116562501885867,0.02020127770457414,-0.01920501271083498,0.00711201685444518,-8.069354867878964e-05,1.0,-0.07537912627163423,0.01077317205540214,0.8981947226769322,0.05475713276637126,0.20369406583384464,0.9024998346667837,14.231792859163054,0.0,0.0,7,0.0438
52,0,0.0,-0.056675973543740606,0.053018078960460575,0.9190245418946245,0.9995230237926404,-0.0006204102616377827,0.024867492750852847,0.018301579270894854,0.00938209114976022,-0.006145079892331683,0.07201314792499515,0.7141913562445743,0.013791891707332955,-1.98314037021394,-0.1277477347926455,2.7409070122161667,0.9859152510601727,0.001099626311508728,0.01123680165229013,0.03275381157976076,-0.017775024306191073,0.012414685801016206,-0.0006345876054308919,0.0006737709045410156,0.001099626311508728,0.01123680165229013,0.03275381157976076,-0.017775024306191073,0.012414685801016206,-0.0006345876054308919,1.0,-0.07535099975920978,0.010813078986003652,0.8983518946016834,0.05475713276637126,0.20369406583384464,0.9024998346667837,14.14355481322131,0.0,0.0,7,0.0428
53,0,0.0,-0.056782732739812984,0.052907759957081475,0.9193696813409015,0.9995091092650428,-0.000518527099951871,0.024523213066752595,0.019490604062707126,0.009058634791687916,-0.006139824020792052,0.07335148529522043,0.7132625154162641,0.012513084878523534,-1.9832055956879426,-0.1309509189382486,2.7389826562287705,0.9889671274619455,0.018562117012149715,0.018040314375284194,0.09112309409937813,-0.013594562708831151,0.01700330881879955,-0.002558110602515401,0.0007233619689941406,0.018562117012149715,0.018040314375284194,0.09112309409937813,-0.013594562708831151,0.01700330881879955,-0.002558110602515401,1.0,-0.07530548135695188,0.010967823987728942,0.898495425603647,0.05475713276637126,0.20369406583384464,0.9024998346667837,13.769780006108816,0.0,0.0,7,0.0439
54,0,0.0,-0.0568660305027871,0.05297362155105195,0.9200294143702135,0.999501115429863,-0.0005015527671913822,0.024033247628111376,0.020485890454803566,0.008657503630089885,-0.006150636231295511,0.07452425131533948,0.7116479954805998,0.011704043121881693,-1.983260517824552,-0.13355033763084256,2.736110619988086,0.9917805404091641,0.05328165734636536,0.02625145042027699,0.16632418340617772,-0.012409347094171325,0.031541752155755914,-0.0047132620233326095,-0.00032830238342285156,0.05328165734636536,0.02625145042027699,0.16632418340617772,-0.012409347094171325,0.031541752155755914,-0.0047132620233326095,1.0,-0.07515813113633937,0.011461843681262275,0.8987275077717862,0.05475713276637126,0.20369406583384464,0.9024998346667837,13.655393160868247,0.0,0.0,7,0.0392
55,0,0.0,-0.056915113282407385,0.053275566262225196,0.9212729445923171,0.9995029936937545,-0.0006151423288744406,0.02325324678750488,0.021276130075176425,0.008223894487500862,-0.006179838826596563,0.07552454847688106,0.708792524500294,0.011479984313022766,-1.9832820379466305,-0.13538572939252855,2.731396036393245,0.9943412215646098,0.0954091136574936,0.04093765374646419,0.2800957858930957,-0.00945274944673187,0.03631766590895899,-0.002880376235534804,-0.0004968643188476562,0.0954091136574936,0.04093765374646419,0.2800957858930957,-0.00945274944673187,0.03631766590895899,-0.002880376235534804,1.0,-0.07492763804033435,0.012301747288550397,0.8993222992319008,0.05475713276637126,0.20369406583384464,0.9024998346667837,12.700575568116864,0.0,0.0,7,0.0397
56,1,0.7339,-0.05673698003724282,0.053765125671689395,0.9235375555901821,0.9995106444640082,-0.0007748386188848322,0.022309119002602476,0.0219128829135775,0.007844589092137607,-0.006198945424643093,0.07634569761203165,0.7039513829226083,0.011791567618023227,-1.9830930677225331,-0.1364256906493182,2.724215502836903,0.9963518303065996,-0.07244827569824996,0.01545967161828643,-0.13756125031765687,-0.01826456988615925,-0.002135463206903887,0.00014086407402202905,0.007495880126953125,-0.07244827569824996,0.01545967161828643,-0.13756125031765687,-0.01826456988615925,-0.002135463206903887,0.00014086407402202905,1.0,-0.07451368509900495,0.01324662288599811,0.9009749581842409,0.05475713276637126,0.20369406583384464,0.9024998346667837,11.72268055011552,0.0,0.0,7,0.0398
57,0,0.0,-0.0566359632955761,0.05395393942476742,0.9245602080354133,0.9995177679476863,-0.000797417325916816,0.021136871353828288,0.022733859150034348,0.0074774190386126035,-0.006204209474556416,0.07711757876972809,0.7023679665342086,0.011594464043939635,-1.9817086471064413,-0.13803105187144488,2.7186072144236535,0.9982262072381873,-0.03546888362630429,0.029817429502673853,-0.05788118869630221,-0.021433733377532266,0.0021488123658223723,0.0015809886215774616,0.004749298095703125,-0.03546888362630429,0.029817429502673853,-0.05788118869630221,-0.021433733377532266,0.0021488123658223723,0.0015809886215774616,1.0,-0.07420860590555704,0.013817763986236319,0.9014902546697761,0.05475713276637126,0.20369406583384464,0.9024998346667837,11.010428231032565,0.0,0.0,7,0.0381
58,0,0.0,-0.056682009387704235,0.05391354935935376,0.9240920979278953,0.9995115358852593,-0.000573058588862696,0.020230610604931663,0.023813517814343804,0.007147637899885189,-0.006194753070127519,0.07806431972850929,0.7037259200984235,0.01081640889847619,-1.9799620541217464,-0.14097990791120435,2.7160870875608625,1.0007018014407547,-0.018622716126862393,0.03272651770147128,0.008968186310586268,-0.023688219601069968,0.0026287448753354314,0.00037249249775472837,0.0015268325805664062,-0.018622716126862393,0.03272651770147128,0.008968186310586268,-0.023688219601069968,0.0026287448753354314,0.00037249249775472837,1.0,-0.07406310128998117,0.014058856253753863,0.9006405590864324,0.05475713276637126,0.20369406583384464,0.9024998346667837,10.619663387192405,0.0,0.0,7,0.0374
59,0,0.0,-0.056712035027118496,0.053925650024178484,0.9239384459312691,0.9994922256190257,-0.00027842392982829756,0.019688237171611868,0.025051681067647054,0.006868136104933217,-0.006174936561559978,0.079205651761332,0.7042097642292259,0.00992939507512496,-1.9789025314765494,-0.14477116201533252,2.7140154166923867,1.003938867599153,-0.015335659053800521,0.019870224693882554,0.029473035680564252,-0.0203773455470746,0.006163857506382792,-0.0005439503961441883,0.0006008148193359375,-0.015335659053800521,0.019870224693882554,0.029473035680564252,-0.0203773455470746,0.006163857506382792,-0.0005439503961441883,1.0,-0.07391969256419322,0.01426556230470526,0.9002145345487761,0.05475713276637126,0.20369406583384464,0.9024998346667837,10.352707587827371,0.0,0.0,5,0.0387
60,0,0.0,-0.05681562167302944,0.05403189029533061,0.9241596325056916,0.9994681948860765,-7.340050476911664e-05,0.01923768578595842,0.02632932716825686,0.006651346841318865,-0.0061456741152202295,0.08042453848674748,0.7036756004478788,0.009142101295136158,-1.9785463058463713,-0.14880772041682902,2.711744497647717,1.0077223537028206,-0.004960885166949036,0.01517814695388664,0.06390691837908746,-0.01707935427149944,0.008844456157077657,-0.0019639333416358873,0.0003535747528076172,-0.004960885166949036,0.01517814695388664,0.06390691837908746,-0.01707935427149944,0.008844456157077657,-0.0019639333416358873,1.0,-0.07388461985208425,0.014493064486626309,0.9002469611011599,0.05475713276637126,0.20369406583384464,0.9024998346667837,10.31311875711957,0.0,0.0,5,0.0359
61,0,0.0,-0.05695241332537151,0.05422807705234054,0.9246873670372211,0.9994447892193513,-1.5138407175263602e-05,0.01880003236436775,0.027507669043611092,0.0064756715499179355,-0.006112053311818732,0.0815699392214645,0.7023534927451959,0.008580954280141584,-1.9785873048150904,-0.15256094392997555,2.70911796147813,1.0116148522513473,0.013888332736389897,0.01996406624868252,0.11862455468046873,-0.013781362995924279,0.01281267861378313,-0.005317510085243976,0.0001207590103149414,0.013888332736389897,0.01996406624868252,0.11862455468046873,-0.013781362995924279,0.01281267861378313,-0.005317510085243976,1.0,-0.07391663302733267,0.014778879384019311,0.9006431206453474,0.05475713276637126,0.20369406583384464,0.9024998346667837,10.346877389235543,0.0,0.0,5,0.0371
62,0,0.0,-0.05703332921605132,0.05452642835981015,0.9256945953687675,0.9994245065029139,-0.00014933344461581788,0.01836635610991328,0.02851859856605979,0.006339040494351353,-0.0060763339304298536,0.0825648790545526,0.6999889633530484,0.008346253268516417,-1.978840216788729,-0.15570667894957,2.705695729934005,1.0153885064781514,0.05112452614216856,0.02681449974907646,0.18036019855752272,-0.01081832395927472,0.02508022178377531,-0.006173528172951748,-0.0012722015380859375,0.05112452614216856,0.02681449974907646,0.18036019855752272,-0.01081832395927472,0.02508022178377531,-0.006173528172951748,1.0,-0.07392491585490105,0.015142504398280444,0.901551432707542,0.05475713276637126,0.20369406583384464,0.9024998346667837,10.384909457448288,0.0,0.0,5,0.0387
63,0,0.0,-0.05702601222415809,0.05494377587440233,0.9272738998695483,0.9994111819709588,-0.0004470078366017316,0.017789078078076306,0.029336636421634192,0.006232906169554264,-0.006039436406051556,0.08337142809489372,0.6964960993655986,0.008523538674333432,-1.9790321704166185,-0.15796986648604608,2.7008268871546477,1.0187156951987655,0.09275041734815426,0.039389268092265506,0.26457628946559253,-0.009298156105689293,0.03275914193598414,-0.0017121633158394822,-0.0008730888366699219,0.09275041734815426,0.039389268092265506,0.26457628946559253,-0.009298156105689293,0.03275914193598414,-0.0017121633158394822,1.0,-0.07387624547455394,0.015611602040608956,0.9030531146826986,0.05475713276637126,0.20369406583384464,0.9024998346667837,10.408879783809063,0.0,0.0,5,0.0376
64,1,0.7331,-0.05682105531524213,0.05550274594904163,0.9296101121671629,0.9994050188693324,-0.0006744868048920161,0.0170430983855309,0.029978094064825538,0.00614937226042995,-0.006001847282364526,0.08397711623883788,0.6916495558220147,0.009174532814669048,-1.9788404287189778,-0.15931009847526542,2.6939516236518117,1.0210748095283337,-0.07121562929585179,0.019354096142482957,-0.18012575154897126,-0.018741232687707235,-0.001199009529805256,0.0008760325493475385,0.0067138671875,-0.07121562929585179,0.019354096142482957,-0.18012575154897126,-0.018741232687707235,-0.001199009529805256,0.0008760325493475385,1.0,-0.0736402208397199,0.016208225874033297,0.9053255291973626,0.05475713276637126,0.20369406583384464,0.9024998346667837,10.412117794463638,0.0,0.0,5,0.0398
65,0,0.0,-0.05674935323289681,0.05573080315717009,0.930310408280757,0.999397893734554,-0.0006612303329326941,0.01596522454974581,0.030798122969740778,0.00607756590159992,-0.005965327672725504,0.08452807857173027,0.6908806323742667,0.0092592361509423,-1.9772681108134211,-0.16124002572573737,2.6890884308406533,1.0231246076713107,-0.04081035137002975,0.03253883459187146,-0.09254329928346505,-0.020351579990234167,0.004033425390983392,0.0016011302236411673,0.00485992431640625,-0.04081035137002975,0.03253883459187146,-0.09254329928346505,-0.020351579990234167,0.004033425390983392,0.0016011302236411673,1.0,-0.07353980801529385,0.016447119646686582,0.9060020821042186,0.05475713276637126,0.20369406583384464,0.9024998346667837,10.405948377135822,0.0,0.0,5,0.0379
66,0,0.0,-0.05687779499268341,0.055755362842542434,0.9293401469821672,0.9993796032146622,-0.00041154793197001327,0.015031410595810733,0.031848014102963694,0.006020993379535694,-0.005927469316578089,0.08525341786498473,0.6933270991934163,0.008800380811408017,-1.9753039372017367,-0.16447016306217785,2.6873141338703403,1.0258254405153202,-0.024888668672386483,0.03540100201326901,-0.013590714057149622,-0.02149814726963334,0.0016805855272730708,-0.00016125995693364037,0.0030975341796875,-0.024888668672386483,0.03540100201326901,-0.013590714057149622,-0.02149814726963334,0.0016805855272730708,-0.00016125995693364037,1.0,-0.07361614732034996,0.01644977135362462,0.9050321188940028,0.05475713276637126,0.20369406583384464,0.9024998346667837,10.36647776593814,0.0,0.0,5,0.039
67,0,0.0,-0.056983267323283154,0.055861035917133796,0.928791431132468,0.9993500909389937,-0.00014765494356255848,0.014471668280968549,0.033014311372591795,0.005969631021978701,-0.005889513410089951,0.0861605240419,0.6946470815171873,0.008293649227880623,-1.9740918954853461,-0.16838690044643767,2.6858349279624236,1.029277653872637,-0.018930877727461937,0.024515381656478485,0.01973055768425469,-0.01978473773974468,0.001095301979086416,-0.001017278044641412,0.0018482208251953125,-0.018930877727461937,0.024515381656478485,0.01973055768425469,-0.01978473773974468,0.001095301979086416,-0.001017278044641412,1.0,-0.0736459417548395,0.016522135046350205,0.9044851316609013,0.05475713276637126,0.20369406583384464,0.9024998346667837,10.310238530171684,0.0,0.0,5,0.0368
68,0,0.0,-0.05708679982005942,0.05603368851120551,0.9288196092791182,0.9993136540983039,3.4481261059760016e-06,0.014159297349049913,0.03423061523528853,0.005920950399950418,-0.005851577985730229,0.0871597060321085,0.6945621014117198,0.007821892848312027,-1.9736760592852123,-0.17256700876752634,2.6841700694472004,1.0332869496132444,-0.0068098547705464085,0.014990463844286817,0.06322223471316812,-0.016795933146254688,0.0023243974302783743,-0.003343633083000175,0.0007457733154296875,-0.0068098547705464085,0.014990463844286817,0.06322223471316812,-0.016795933146254688,0.0023243974302783743,-0.003343633083000175,1.0,-0.0736632178587405,0.01665881594063346,0.9045127835893304,0.05475713276637126,0.20369406583384464,0.9024998346667837,10.230809308268212,0.0,0.0,5,0.0367
69,0,0.0,-0.05717397710757683,0.05624595404020059,0.9293060460433903,0.9992756542665356,-1.5906110532704076e-05,0.013988200908542747,0.03539063114051106,0.005872903278528203,-0.005813537884808261,0.08812243111929619,0.6933809600202263,0.007459363577907329,-1.9737800131405336,-0.17655186321257021,2.682200904716139,1.0374810372814678,-0.0014683870268208388,0.015928879392286044,0.10960955307919851,-0.01335623130805716,0.0031672057396671394,-0.005609563315167793,-5.781650543212891e-06,-0.0014683870268208388,0.015928879392286044,0.10960955307919851,-0.01335623130805716,0.0031672057396671394,-0.005609563315167793,1.0,-0.07366058600921264,0.01684062470179006,0.9049891338422654,0.05475713276637126,0.20369406583384464,0.9024998346667837,10.120292971394028,0.0,0.0,5,0.036
70,0,0.0,-0.05723600873417119,0.056523193919767296,0.9303164646993094,0.9992407123256197,-0.0002258842891048607,0.013872801905678587,0.03640732308975019,0.005823585846416884,-0.0057749702538451375,0.0889667210828703,0.6909873045174985,0.0073350939967472975,-1.9743292617071617,-0.17997891015505044,2.67959830002425,1.0415628711105789,0.029553214100200176,0.03314880469807091,0.1537716495309911,-0.011584849275277531,0.01655849332217768,-0.004632695615077759,-0.0004832744598388672,0.029553214100200176,0.03314880469807091,0.1537716495309911,-0.011584849275277531,0.01655849332217768,-0.004632695615077759,1.0,-0.07363325607841005,0.01709888598812436,0.9059741436996065,0.05475713276637126,0.20369406583384464,0.9024998346667837,9.981459175296612,0.0,0.0,5,0.038
71,0,0.0,-0.057301502653734376,0.05693561998621664,0.9317751392901654,0.999213427013897,-0.0004972042564271861,0.013616429813862426,0.03724074250324652,0.0057722910585428465,-0.005735541618451738,0.0896895315272464,0.6876176874028241,0.007587095535844007,-1.9750376671670253,-0.18262114472787827,2.675927469896165,1.045135989947405,0.07281139878436171,0.0448789990480607,0.22509286473091472,-0.012679885440995853,0.027234065241102196,-0.001722234116871335,-2.8014183044433594e-06,0.07281139878436171,0.0448789990480607,0.22509286473091472,-0.012679885440995853,0.027234065241102196,-0.001722234116871335,1.0,-0.07361017651935402,0.01750147627461062,0.9073958890004326,0.05475713276637126,0.20369406583384464,0.9024998346667837,9.817197404564812,0.0,0.0,5,0.0367
72,1,0.7299,-0.05722274323531745,0.057472099287512096,0.9337898050066684,0.9991920982440672,-0.0006568738962368648,0.013149763762306716,0.03797108157923548,0.005716591737348382,-0.005695632791985195,0.09029867753161427,0.6833060971572004,0.00820366638229941,-1.975294784960687,-0.18455171093875483,2.670487612221517,1.0478718229812725,-0.04286476204069345,0.03211654759527183,-0.15890055790547397,-0.016564043134690815,-0.004359540690013153,0.0012788645906217644,0.0092926025390625,-0.04286476204069345,0.03211654759527183,-0.15890055790547397,-0.016564043134690815,-0.004359540690013153,0.0012788645906217644,1.0,-0.07343504307253708,0.018029387765600886,0.9093711763340497,0.05475713276637126,0.20369406583384464,0.9024998346667837,9.642141560697649,0.0,0.0,5,0.0384
73,0,0.0,-0.057131242014612546,0.05781691904341998,0.9343393775939097,0.9991695451426879,-0.0005989885947236262,0.012531290582700754,0.038766325958860946,0.005656204601568949,-0.0056553789535847285,0.09088577474606836,0.682824929037476,0.008411985970486128,-1.9740305149486892,-0.18690112765782882,2.667089388028882,1.0503588955326286,-0.04142667457122884,0.01433357296068738,-0.0974501988892198,-0.015919904213680044,0.0023126917593146445,0.001983820662851715,0.00572967529296875,-0.04142667457122884,0.01433357296068738,-0.0974501988892198,-0.015919904213680044,0.0023126917593146445,0.001983820662851715,1.0,-0.07323050227041412,0.01835519243336317,0.9098914387145535,0.05475713276637126,0.20369406583384464,0.9024998346667837,9.463694232819511,0.0,0.0,5,0.038
74,0,0.0,-0.05725612978133432,0.0579428515613017,0.9333273683220309,0.9991406448536551,-0.00038637815649084084,0.011920951335979917,0.03969525705404047,0.0055930540467729484,-0.00561405607242205,0.09153503511849526,0.6852910000483828,0.008138639777454593,-1.9724553563547969,-0.19012937250639192,2.666306019428614,1.0532319722942731,-0.02930565161431331,0.0071077732410936845,-0.015373744437147674,-0.01398748745064772,0.004829411016517238,0.0005436961152962827,0.004077911376953125,-0.02930565161431331,0.0071077732410936845,-0.015373744437147674,-0.01398748745064772,0.004829411016517238,0.0005436961152962827,1.0,-0.07322238743919646,0.01844925692718714,0.9088602723100289,0.05475713276637126,0.20369406583384464,0.9024998346667837,9.27846813486586,0.0,0.0,5,0.0364
75,0,0.0,-0.05750896125413755,0.05803801918412346,0.932661075868157,0.9991084383666636,-0.00020613354492660108,0.011390218248006612,0.04065155374336762,0.005527209173216169,-0.005571542049605066,0.09216890932578829,0.6865873566860726,0.007868335393575919,-1.9718112377752135,-0.19343445108199045,2.665435789892723,1.0562294466505782,-0.03228454708677564,0.010016861439891112,0.025108177310328883,-0.013716949103823192,0.0021371066948586426,-0.0011381276570236742,0.0028324127197265625,-0.03228454708677564,0.010016861439891112,0.025108177310328883,-0.013716949103823192,0.0021371066948586426,-0.0011381276570236742,1.0,-0.07333405520143974,0.018510807420763154,0.908174180344209,0.05475713276637126,0.20369406583384464,0.9024998346667837,9.091933363746408,0.0,0.0,5,0.0354
76,0,0.0,-0.05777553421686477,0.05814843470189737,0.9326581213787128,0.9990749783574568,-0.00013218756489730143,0.011009008229347125,0.0415688812009556,0.005458620132470226,-0.005527882241488109,0.09275632253148464,0.6862596897510138,0.007697572370232645,-1.9719933927102355,-0.19655242047245555,2.6640659423650126,1.059252864487751,-0.018622716126862393,0.00410484348749629,0.06887087495700195,-0.012048629298405292,0.00453676924242391,-0.002507756597356109,0.0006227493286132812,-0.018622716126862393,0.00410484348749629,0.06887087495700195,-0.012048629298405292,0.00453676924242391,-0.002507756597356109,1.0,-0.07345400209569727,0.01859175296375463,0.9081434903964689,0.05475713276637126,0.20369406583384464,0.9024998346667837,8.906367146008906,0.0,0.0,5,0.0359
77,0,0.0,-0.058024999736952784,0.058269808380757446,0.933194108382738,0.999041891877473,-0.00017465311302700126,0.010725994799125851,0.042429009011958764,0.005387569619639662,-0.005483121343859354,0.0932742142304738,0.6846687946315967,0.007634711102056724,-1.9727106470781703,-0.19937027938075863,2.6621677703594937,1.0622032732369422,-0.00891562570797666,0.005606308364294987,0.1047597104456035,-0.010219274762734695,0.0050986414486831055,-0.004028447553166392,0.00010067224502563477,-0.00891562570797666,0.005606308364294987,0.1047597104456035,-0.010219274762734695,0.0050986414486831055,-0.004028447553166392,1.0,-0.07355549997045158,0.018689040781507935,0.9086444471845563,0.05475713276637126,0.20369406583384464,0.9024998346667837,8.725481817962788,0.0,0.0,5,0.0391
78,0,0.0,-0.058226404751097235,0.05838747254858545,0.9342073291935792,0.9990112413788588,-0.0003367617358436825,0.010503870126870013,0.04319832059885747,0.005315057398225223,-0.00543722599547082,0.09370340705172832,0.6820277068967449,0.007672350907815705,-1.9737500432927966,-0.20169662688410786,2.659699134203668,1.0648853349817204,0.019435241547181792,0.023154679111879628,0.14681069892747867,-0.009600901398564357,0.014357827180995902,-0.002497685796324256,0.00014650821685791016,0.019435241547181792,0.023154679111879628,0.14681069892747867,-0.009600901398564357,0.014357827180995902,-0.002497685796324256,1.0,-0.07361078464812136,0.018789154017212505,0.9096144730614407,0.05475713276637126,0.20369406583384464,0.9024998346667837,8.54585803737786,0.0,0.0,5,0.0374
79,0,0.0,-0.05837160255914477,0.0586103821459567,0.9356292802507836,0.9989863656120174,-0.0004891163310754565,0.010234376830195787,0.04383217559514365,0.005243183446853144,-0.0053891477760690245,0.09405968831028445,0.6785805977381654,0.007981782160365321,-1.9748098532495197,-0.20341665871924064,2.656385707947647,1.0670540523851597,0.05091908507510212,0.03188194370827202,0.22109887667971906,-0.011256338425562035,0.022575208197536445,-0.001027348845673265,0.0001226663589477539,0.05091908507510212,0.03188194370827202,0.22109887667971906,-0.011256338425562035,0.022575208197536445,-0.001027348845673265,1.0,-0.07360815220867817,0.018997878560564212,0.9109857833707193,0.05475713276637126,0.20369406583384464,0.9024998346667837,8.371546696008407,0.0,0.0,5,0.0372
80,1,0.7352,-0.05838323636559232,0.05892850176307542,0.9376437099531881,0.9989643242351783,-0.0005389029683751101,0.009816852137284145,0.044425419559725954,0.005170739388605374,-0.005337600598933986,0.09435105967871338,0.6740624606247678,0.008571091459562046,-1.9755703654751215,-0.20462010892333515,2.651424230492371,1.0685690215684995,-0.02550499187358557,0.056515351843250516,-0.12649219771862874,-0.016898995373616416,-0.003376264329059603,0.0008961741514112442,0.00882720947265625,-0.02550499187358557,0.056515351843250516,-0.12649219771862874,-0.016898995373616416,-0.003376264329059603,0.0008961741514112442,1.0,-0.0734686236116817,0.01929879175700982,0.912952172061163,0.05475713276637126,0.20369406583384464,0.9024998346667837,8.212442855718976,0.0,0.0,5,0.0385
81,0,0.0,-0.058294173109089874,0.059210251987400646,0.9383711853339912,0.9989403712194042,-0.0003831221092244208,0.009384939187259758,0.04505453231295204,0.00510370309215523,-0.0052788668330503085,0.09473372003545408,0.6730835803788634,0.00888046698088385,-1.974764877564958,-0.20639420015829088,2.648432713715758,1.0702038401878462,-0.02981925428197929,0.02010482858088236,-0.08330006979355498,-0.01665422258363232,8.861427620537876e-05,0.0010975901720483572,0.007526397705078125,-0.02981925428197929,0.02010482858088236,-0.08330006979355498,-0.01665422258363232,8.861427620537876e-05,0.0010975901720483572,1.0,-0.0732125007059935,0.019547609253269843,0.9136383006686067,0.05475713276637126,0.20369406583384464,0.9024998346667837,8.064495690514276,0.0,0.0,5,0.0378
82,0,0.0,-0.05832361780718393,0.05933192715969714,0.9375988110582041,0.9989061817898572,-0.00013741061867938997,0.009004455525949901,0.04588399373431223,0.005032541124920349,-0.005222836956308931,0.09529215113909877,0.6750940669614114,0.008668574333450462,-1.9733736040187702,-0.20933161408811624,2.647844212904043,1.0726948004501216,-0.00891562570797666,0.005137100590295374,0.004307344897271248,-0.01223542958549842,0.004372889848931638,-1.2714042393890956e-07,0.0054473876953125,-0.00891562570797666,0.005137100590295374,0.004307344897271248,-0.01223542958549842,0.004372889848931638,-1.2714042393890956e-07,1.0,-0.07306310832141408,0.01962639083338453,0.9128401224426929,0.05475713276637126,0.20369406583384464,0.9024998346667837,7.920756733328481,0.0,0.0,5,0.0359
83,0,0.0,-0.05844197862427495,0.0594219766520558,0.9371259482201718,0.9988683169487629,1.4801021276822368e-05,0.008686745917302703,0.04676136890898171,0.004965221734830919,-0.00516256635943293,0.09584475481226529,0.6761227685509145,0.008458246779502913,-1.9726781717488973,-0.21235888287572458,2.64707456086252,1.0754375923274397,-0.017698231325063762,0.009641495220691465,0.03694749903351624,-0.010380309492987391,0.0032374397654495457,-0.002114995357113736,0.0037670135498046875,-0.017698231325063762,0.009641495220691465,0.03694749903351624,-0.010380309492987391,0.0032374397654495457,-0.002114995357113736,1.0,-0.07300547175003651,0.01966883035504143,0.9123457509188582,0.05475713276637126,0.20369406583384464,0.9024998346667837,7.778657551327655,0.0,0.0,5,0.0399
84,0,0.0,-0.05859712739491913,0.059562097950625795,0.9372618658399287,0.9988341674313668,2.414729155281181e-05,0.00841710349226922,0.04753375387444166,0.0048985054923392805,-0.005100757214851421,0.09631176624285054,0.675661055399955,0.008443469608941528,-1.9726955203328316,-0.21492622752079818,2.6456440719347754,1.0780621041946115,-0.017184628657397782,0.008703079672692349,0.0841621434958657,-0.00936901138700047,0.00783776845419662,-0.002628606209738399,0.0011186599731445312,-0.017184628657397782,0.008703079672692349,0.0841621434958657,-0.00936901138700047,0.00783776845419662,-0.002628606209738399,1.0,-0.0729920485060459,0.019769458553875147,0.912452538142314,0.05475713276637126,0.20369406583384464,0.9024998346667837,7.633970517372758,0.0,0.0,5,0.0412
85,0,0.0,-0.0588246714738331,0.05971954102176641,0.9379178086666443,0.9988033837314603,-7.233471806394887e-05,0.008066336544162632,0.048236185888075295,0.004831174655176595,-0.005038617156549691,0.09671088718886084,0.6738664058791971,0.008578358532335453,-1.9733252699031771,-0.2169808178714355,2.643346365867214,1.0804120856596469,-0.00696393557084618,0.013582840522288087,0.12284677062030425,-0.009349687219370156,0.009535090743937907,-0.0038068899304655457,0.0006070137023925781,-0.00696393557084618,0.013582840522288087,0.12284677062030425,-0.009349687219370156,0.009535090743937907,-0.0038068899304655457,1.0,-0.07306291952684414,0.01989421456772104,0.9130782295760433,0.05475713276637126,0.20369406583384464,0.9024998346667837,7.492550325054493,0.0,0.0,5,0.0377
86,0,0.0,-0.05905511832025505,0.05989053528888498,0.9390999404926956,0.9987753520812145,-0.00022931391405428547,0.007664888142062776,0.04887732582643661,0.004764005251019111,-0.004975673823874364,0.09703391041075145,0.6708703412092453,0.008858171591877819,-1.9743175477396182,-0.21854913754440408,2.640150479135854,1.0824046412257173,0.02816648689750223,0.02568840109147752,0.1808166543348022,-0.009298156105689293,0.016745784057597413,-0.003142217062363062,0.0009646415710449219,0.02816648689750223,0.02568840109147752,0.1808166543348022,-0.009298156105689293,0.016745784057597413,-0.003142217062363062,1.0,-0.07314400102435668,0.020036667643370375,0.9142286551320289,0.05475713276637126,0.20369406583384464,0.9024998346667837,7.3562462981639065,0.0,0.0,5,0.039
87,0,0.0,-0.05916763584517415,0.060136787642146465,0.9408273478071757,0.998750577757491,-0.00038186197499967545,0.007263360583508127,0.0494406836880593,0.004698691490473107,-0.00491086864635115,0.09728837179105626,0.6668575452502509,0.009367709961366053,-1.975237707899909,-0.21962165254882954,2.63589602404609,1.083944645384261,0.05803248202227507,0.026579895862076652,0.2677714799065489,-0.010109771146162863,0.02245815148789912,-0.0020042165457632988,0.00046372413635253906,0.05803248202227507,0.026579895862076652,0.2677714799065489,-0.010109771146162863,0.02245815148789912,-0.0020042165457632988,1.0,-0.07310678693759128,0.020255895525191647,0.9159202534365245,0.05475713276637126,0.20369406583384464,0.9024998346667837,7.224405068425567,0.0,0.0,5,0.0365
88,1,0.7407,-0.05908598290966448,0.06043772193493462,0.9433412194267995,0.9987263884535953,-0.00048113304382213506,0.006795218571079103,0.049991944571121355,0.004631299142760874,-0.004848675524515257,0.09745567961848026,0.6614283542563312,0.010126830746177607,-1.9758668990867514,-0.22017437921958408,2.6298114971267097,1.0848478357349005,-0.017903672392130088,0.07289070315583623,-0.12238409572311304,-0.013762038828293952,-0.00013379347210554227,0.00011065167092647044,0.004974365234375,-0.017903672392130088,0.07289070315583623,-0.12238409572311304,-0.013762038828293952,-0.00013379347210554227,0.00011065167092647044,1.0,-0.0728748347696457,0.02053097961247277,0.9184008036131166,0.05475713276637126,0.20369406583384464,0.9024998346667837,7.095775486597336,0.0,0.0,5,0.0367
89,0,0.0,-0.05893399450040723,0.060827777175895346,0.94439871409867,0.99870706199618,-0.0003529775311338357,0.006279200756151574,0.05044453750094057,0.004573351285491467,-0.004778101212139755,0.09769150731589449,0.6599321364188068,0.010796157723758195,-1.974883699258287,-0.22111590824854568,2.62600690019086,1.0858315713681825,-0.011945881447205542,0.04478515749326084,-0.07211690325020692,-0.017517368737786754,-0.0002391445107791379,-0.000624516804399039,0.0079345703125,-0.011945881447205542,0.04478515749326084,-0.07211690325020692,-0.017517368737786754,-0.0002391445107791379,-0.000624516804399039,1.0,-0.07255889851375524,0.020884452594901366,0.9194219939105157,0.05475713276637126,0.20369406583384464,0.9024998346667837,6.974481238604996,0.0,0.0,5,0.0358
90,0,0.0,-0.05881070069700369,0.061088737865806944,0.9437806289321379,0.9986753362443699,-0.00014313003641941435,0.005904742232550775,0.05111444326365531,0.00450352571299943,-0.004720657563104149,0.09816831142600167,0.661915573733831,0.010880423214303344,-1.972992566439699,-0.2234892967487903,2.624942191575611,1.0879735160706865,-0.01009691184360817,0.029723587947873997,0.008483202047226746,-0.009066266094125405,0.001938110288475181,-0.0007352956157494484,0.0047149658203125,-0.01009691184360817,0.029723587947873997,0.008483202047226746,-0.009066266094125405,0.001938110288475181,-0.0007352956157494484,1.0,-0.07225831012136448,0.02110830115064075,0.918781353215056,0.05475713276637126,0.20369406583384464,0.9024998346667837,6.853746778248918,0.0,0.0,5,0.0387
91,0,0.0,-0.058784553316644415,0.06140380733595603,0.9434378016364529,0.9986389965555186,-2.9836074485423136e-05,0.005613645064326243,0.051852103693933546,0.004440384190076247,-0.004658282549891011,0.09872990401735578,0.6629658540874546,0.011029155214106464,-1.9717950423432777,-0.2260840138846199,2.623732059977071,1.0906268303613875,-0.003471437430717983,0.02442154010167863,0.0471036400779854,-0.006779572924537167,0.004735765648807372,-0.002054570550922591,0.003078460693359375,-0.003471437430717983,0.02442154010167863,0.0471036400779854,-0.006779572924537167,0.004735765648807372,-0.002054570550922591,1.0,-0.07205832189514609,0.021379128809110033,0.9184213224033029,0.05475713276637126,0.20369406583384464,0.9024998346667837,6.736599939793621,0.0,0.0,5,0.0358
92,0,0.0,-0.058849033613938784,0.06180152224537291,0.9436693046185521,0.9986098484386178,-5.7326972057403225e-05,0.005342087455733453,0.05243881593469707,0.004375724270635143,-0.004599390270506925,0.09921178598630453,0.662532022271634,0.011406053321262452,-1.9714135721828012,-0.22808796428130226,2.6219396524157066,1.093084194445123,-0.01009691184360817,0.022544709005680175,0.09471768334545438,-0.0086411344062583,0.008891278840932576,-0.001984074943699593,0.001087188720703125,-0.01009691184360817,0.022544709005680175,0.09471768334545438,-0.0086411344062583,0.008891278840932576,-0.001984074943699593,1.0,-0.07195939159535125,0.021745842667049774,0.9186242250543805,0.05475713276637126,0.20369406583384464,0.9024998346667837,6.6213204225295,0.0,0.0,5,0.0363
93,0,0.0,-0.05899549223474345,0.062146735577367766,0.9444289437931797,0.9985818097214944,-0.0001508761054754837,0.0049604069808846275,0.053006989089448044,0.004310512606111121,-0.004542898783718449,0.09959740336185754,0.6607368088364646,0.01186303491829444,-1.9716401991777723,-0.22966317838678682,2.6191828025585684,1.09516858050981,0.007262858323499599,0.024609223211278453,0.13631221605004984,-0.009053383315705196,0.015036756096892395,-0.0026991018169613967,0.0018568038940429688,0.007262858323499599,0.024609223211278453,0.13631221605004984,-0.009053383315705196,0.015036756096892395,-0.0026991018169613967,1.0,-0.07195395447421953,0.0220643097768324,0.9193578289587395,0.05475713276637126,0.20369406583384464,0.9024998346667837,6.507810011453724,0.0,0.0,5,0.0365
94,0,0.0,-0.05915979762529693,0.062464302191159574,0.9457189255011351,0.9985534178879779,-0.0002518702622227309,0.004442096015392843,0.053584288449108834,0.004248902955329554,-0.004484799872037384,0.0999004309770762,0.6577567956500853,0.012440788700796564,-1.972133921573791,-0.23083482782968504,2.6152550633054465,1.0968180474878908,0.057621599888142305,0.041078416078664026,0.2031829874214981,-0.00966531529066543,0.018876216172996813,-0.003857243935624838,0.00289154052734375,0.057621599888142305,0.041078416078664026,0.2031829874214981,-0.00966531529066543,0.018876216172996813,-0.003857243935624838,1.0,-0.07197508960316201,0.02235201150381322,0.920627773697463,0.05475713276637126,0.20369406583384464,0.9024998346667837,6.396704810021882,0.0,0.0,5,0.037
95,0,0.0,-0.05909128152703492,0.06284638302594404,0.9476202656177449,0.9985276307021352,-0.00037212162142385985,0.004005074732957858,0.054096133191398124,0.0037975170911929224,-0.004034259393105659,0.1001310743170344,0.6538277680357393,0.01322408018694454,-1.9722235503296692,-0.23152781622429164,2.610189671512455,1.0980421417545085,0.07649649792486457,0.03892006031826589,0.2851167994431705,-0.009575135841723925,0.02007019461129758,-0.004179509568644241,0.0031223297119140625,0.07649649792486457,0.03892006031826589,0.2851167994431705,-0.009575135841723925,0.02007019461129758,-0.004179509568644241,1.0,-0.06812015639343003,0.02291245327342769,0.9206039460181876,0.05475713276637126,0.20369406583384464,0.9024998346667837,0.0,0.0,0.0,0,0.0329
96,1,0.7481,-0.0587662162461469,0.06327612738347933,0.9503624864777149,0.9985017777288852,-0.0005294774554213122,0.003611358807834388,0.05459741398125106,0.002581855901082682,-0.0028194563796832004,0.10028552403237925,0.6484767678518617,0.014222201149245165,-1.9719315931770638,-0.23173591251629816,2.6034005171246513,1.0988189018135666,0.026933840495104056,0.021700135012480914,-0.27883431338566556,-0.0007802240489730716,-0.014694184942118937,-0.006787847035894967,0.97021484375,0.026933840495104056,0.021700135012480914,-0.27883431338566556,-0.0007802240489730716,-0.014694184942118937,-0.006787847035894967,-1.0,-0.060702202696181345,0.02276773026039654,0.9060328094071053,0.05475713276637126,0.20369406583384464,0.9024998346667837,0.05787189322812732,0.0,0.0,1,0.0635
97,0,0.0,-0.05812723736842339,0.06362417637358492,0.9507094427990085,0.9984958993087789,-0.0007490367640790585,0.0035663208618041016,0.05470520416731751,0.0023557855035083006,-0.0025857191994688544,0.10030412761994668,0.6495801546315702,0.01476425270388143,-1.9691540108352066,-0.23199094670206943,2.6015389048759268,1.0997258739041462,0.03643548984692346,0.05581154018225121,-0.21321879540173583,-0.0002198231876937018,0.0036003155653252794,-0.001329472876628962,0.98388671875,0.03643548984692346,0.05581154018225121,-0.21321879540173583,-0.0002198231876937018,0.0036003155653252794,-0.001329472876628962,-1.0,-0.05610256523344471,0.024605397321746072,0.9053374840267987,0.05475713276637126,0.20369406583384464,0.9024998346667837,0.007923559159433491,0.0,0.0,1,0.0567
98,0,0.0,-0.05755681782044141,0.06399659600984745,0.9482974635381374,0.9985055102624553,-0.000857542178370696,0.0035036239101756336,0.05453196508856907,0.0036716329921740367,-0.003904210517335163,0.10036583133929262,0.6564223009888144,0.015026651427196483,-1.964817337785451,-0.23265062002530867,2.603853244799843,1.1009822260011806,0.09989751947039271,0.07195228760783712,-0.12021593078103543,-0.00040581830113556316,0.004735765648807372,0.001480280611258905,0.93994140625,0.09989751947039271,0.07195228760783712,-0.12021593078103543,-0.00040581830113556316,0.004735765648807372,0.001480280611258905,-1.0,-0.05589510596057017,0.02564055024134411,0.9029926624788315,0.05475713276637126,0.20369406583384464,0.9024998346667837,0.0,0.0,0.0,0,0.0567
99,0,0.0,-0.05681489965381467,0.06459737330121493,0.9460274520025775,0.9985165683927923,-0.0007442549140630472,0.0035916419877175566,0.054325029567742475,0.006560968503941793,-0.006786643094990485,0.1005459542519061,0.663196580745097,0.015512216857305776,-1.9599428008075028,-0.23344771127901182,2.605910031424578,1.1021640050398207,0.10319741661014625,0.07955345354663046,0.05837239207957334,-0.0027859116142703727,0.0007675431921018994,-2.026874248767241e-05,0.006916046142578125,0.10319741661014625,0.07955345354663046,0.05837239207957334,-0.0027859116142703727,0.0007675431921018994,-2.026874248767241e-05,1.0,-0.055851315263165204,0.025812690796643854,0.9013914455044768,0.05475713276637126,0.20369406583384464,0.9024998346667837,0.0,0.0,0.0,0,0.0658
100,0,0.0,-0.055778218472597195,0.06533545317801333,0.9452186049605941,0.9985187657880198,-0.0006047193459636224,0.0039393327363973114,0.05426223678832949,0.008907910316221297,-0.009135602008407778,0.10085512449953005,0.6670291324716975,0.016220855954974044,-1.9552920171167842,-0.23424952645816924,2.605644316835979,1.103348571001481,0.12644435735537451,0.08326019496122716,0.09614410764945291,-0.004286755300225473,0.009839438188994964,-0.0013898976828200793,0.00789642333984375,0.12644435735537451,0.08326019496122716,0.09614410764945291,-0.004286755300225473,0.009839438188994964,-0.0013898976828200793,1.0,-0.05576210096126023,0.025874548771647347,0.9002079692661401,0.05475713276637126,0.20369406583384464,0.9024998346667837,0.02457828532711191,0.0,0.0,1,0.0653
101,0,0.0,-0.054655672101547134,0.0661993177139268,0.945696455571379,0.9985150953763402,-0.000532136024684382,0.004235946893804715,0.054308175174103974,0.008819018242879785,-0.009050291288928985,0.10124612672174504,0.6682778337741497,0.017206107630766552,-1.9510425979492163,-0.2347481705466969,2.602994014276475,1.10445803247139,0.0947951979687992,0.07678512768003287,0.1261560750055808,-0.003581423181718668,0.012484919826798613,-0.0030314382510126248,0.00860595703125,0.0947951979687992,0.07678512768003287,0.1261560750055808,-0.003581423181718668,0.012484919826798613,-0.0030314382510126248,1.0,-0.05552233517739944,0.025879400731985434,0.8999011236970159,0.05475713276637126,0.20369406583384464,0.9024998346667837,0.019354443318113895,0.0,0.0,1,0.0598
102,0,0.0,-0.05364263017169482,0.0671108482411764,0.9467491187984493,0.9985089787952753,-0.0005408727886382914,0.0041272697800313896,0.054428782514439736,0.006925202537629227,-0.007168059434835984,0.1016393952624545,0.6682065528863215,0.01841109316817198,-1.9470210388284916,-0.23481331318351525,2.5983911447398174,1.105365341458281,0.06173042122946959,0.07033352078753852,0.09854050048017027,-0.0026361493151353665,0.011150473336933059,-0.008640874425756478,0.00855255126953125,0.06173042122946959,0.07033352078753852,0.09854050048017027,-0.0026361493151353665,0.011150473336933059,-0.008640874425756478,1.0,-0.055239550815772726,0.025723715235376626,0.9001949272731288,0.05475713276637126,0.20369406583384464,0.9024998346667837,0.10381705503554954,0.0,0.0,1,0.0578
103,0,0.0,-0.052826133968024665,0.0680048748874178,0.9479996974564319,0.9985014839400691,-0.000728175021838473,0.0036390609824095387,0.054598659010842515,0.004411071111878279,-0.004680536579461926,0.10198449939836134,0.6675265308792813,0.01973106764303892,-1.9433279624137174,-0.2345944371807984,2.5927413706758933,1.1063750399906722,0.04986619960638705,0.07880272110823106,0.12661253078286028,-0.0013822926467053215,0.02508022178377531,-0.006143315769856161,0.00699615478515625,0.04986619960638705,0.07880272110823106,0.12661253078286028,-0.0013822926467053215,0.02508022178377531,-0.006143315769856161,1.0,-0.055088123091529155,0.025288524273340517,0.9006323983987882,0.05475713276637126,0.20369406583384464,0.9024998346667837,0.008935259720696401,0.0,0.0,1,0.0701
104,1,0.7778,-0.05231742453634307,0.06897515461946181,0.9492920356781066,0.9984971867795696,-0.000989087700049851,0.0026576136949639437,0.05472957873265841,0.0028651375821277182,-0.0031202037931649077,0.10227245240779831,0.6663655430838618,0.021336480790598664,-1.940115599720712,-0.23392220573595765,2.5860988247097842,1.1072330537113864,0.08064383946626685,0.038685456431266085,-0.2884198847085352,-0.0010777357131149246,-0.008544318059547695,-0.000564091998207894,0.96435546875,0.08064383946626685,0.038685456431266085,-0.2884198847085352,-0.0010777357131149246,-0.008544318059547695,-0.000564091998207894,-1.0,-0.05506328938264606,0.02527652474938918,0.9009159117937051,0.05475713276637126,0.20369406583384464,0.9024998346667837,0.016490117570402925,0.0,0.0,1,0.0566
105,0,0.0,-0.05137008619253281,0.06970151948800808,0.9485891607481949,0.9985023020073268,-0.0010935453343210444,0.0023042194512477854,0.054650229801804465,0.0024766748079010233,-0.0027388337505763975,0.10246133652741525,0.6706608309145383,0.02218506184823193,-1.9346318581309703,-0.23385794507126711,2.5842050876396656,1.1079891056912787,0.00623565298816775,0.06880859552203988,-0.25327278985801294,-0.00025041978644170515,-0.010935201353890173,-0.0026084646076746654,0.98974609375,0.00623565298816775,0.06880859552203988,-0.25327278985801294,-0.00025041978644170515,-0.010935201353890173,-0.0026084646076746654,-1.0,-0.05461394038497608,0.024797045432913768,0.900535609059625,0.05475713276637126,0.20369406583384464,0.9024998346667837,0.39805399076777287,0.0,0.0,1,0.0542
106,0,0.0,-0.05043711863028025,0.07025491360843503,0.9458277869774849,0.9985087586588284,-0.0010968422840731962,0.0021904062604174573,0.05453675768710641,0.0037361773660026703,-0.004012942472591264,0.1027791357848171,0.6790542269455584,0.02245234667412818,-1.928310837997488,-0.23463878212148429,2.5859408198738785,1.109308502917227,0.030426338635232253,0.09620446442644093,-0.17921283999441218,-0.0002496146127904386,-0.003604524912852375,5.022686473532545e-05,0.99560546875,0.030426338635232253,0.09620446442644093,-0.17921283999441218,-0.0002496146127904386,-0.003604524912852375,5.022686473532545e-05,-1.0,-0.054014238452058945,0.023856657515939156,0.8995453286277385,0.05475713276637126,0.20369406583384464,0.9024998346667837,0.006749468997890631,0.0,0.0,1,0.054
107,0,0.0,-0.04978920455624046,0.07109124520368802,0.9431940614435153,0.9985147867413013,-0.001023879849175291,0.002035051830743574,0.05443372936950866,0.006600010256468345,-0.00684429727647237,0.10335657016143565,0.6866266750287169,0.02297327916632911,-1.9229181453272992,-0.23571120323133113,2.5876594009557423,1.1111868306998287,0.03967118665321867,0.11667365356717307,-0.0779937713826806,-0.004006554869585788,-0.004131280106220381,-0.0005943044013034526,0.00501251220703125,0.03967118665321867,0.11667365356717307,-0.0779937713826806,-0.004006554869585788,-0.004131280106220381,-0.0005943044013034526,1.0,-0.05393380471255536,0.023875874694497916,0.8983275577574042,0.05475713276637126,0.20369406583384464,0.9024998346667837,0.0,0.0,0.0,0,0.054
108,0,0.0,-0.04915014673636059,0.07217966909160609,0.9414502565984444,0.9985150779761571,-0.0009020516523906563,0.0020436506339503967,0.054430219999285115,0.008933864377577053,-0.009161041237268668,0.10419477110485005,0.692135096820412,0.023725317826632956,-1.9182649290424478,-0.23706849809854386,2.5882683461062572,1.1135389799584148,0.06730301017364482,0.07425140570043509,-0.0361710107894454,-0.004769859490983547,0.003389613487978088,0.001238581386494353,0.0064849853515625,0.06730301017364482,0.07425140570043509,-0.0361710107894454,-0.004769859490983547,0.003389613487978088,0.001238581386494353,1.0,-0.05393163799945077,0.02387282792319716,0.8983772811900436,0.05475713276637126,0.20369406583384464,0.9024998346667837,0.0,0.0,0.0,0,0.0531
109,0,0.0,-0.04846883267515096,0.07323343481364318,0.9405014854452189,0.9985048584473118,-0.0008047315177592274,0.0021440717961401755,0.054615043902111804,0.008835220492695337,-0.009067237113261946,0.10514710378108902,0.6959513860567047,0.024385483370791324,-1.914114230051245,-0.23859183379828405,2.5877636324395827,1.1160065877723415,0.04254736159214778,0.05750068816864973,-0.02006668039730264,-0.008544513568106676,0.0038110176426724707,-0.00025189716622034397,0.00511932373046875,0.04254736159214778,0.05750068816864973,-0.02006668039730264,-0.008544513568106676,0.0038110176426724707,-0.00025189716622034397,1.0,-0.05393239333687876,0.023875411127080234,0.8983965925459374,0.05475713276637126,0.20369406583384464,0.9024998346667837,0.0,0.0,0.0,0,0.0605
110,0,0.0,-0.04786813893122612,0.07402804267172572,0.9399555769368211,0.9984826732081636,-0.0007457703632502422,0.0020616387750999887,0.0550231294566601,0.006929476416871174,-0.007170653053459197,0.10608294527214673,0.6987214989052052,0.024770937588603516,-1.9104302866544502,-0.24011859825547377,2.586245911583823,1.1182479948117068,0.020257005815447204,0.050744096223055646,0.0003294041194954467,-0.009942295026700063,0.008153821570217407,-0.0036356863129239914,0.002399444580078125,0.020257005815447204,0.050744096223055646,0.0003294041194954467,-0.009942295026700063,0.008153821570217407,-0.0036356863129239914,1.0,-0.05393258238505487,0.02387605360263513,0.8984020778128441,0.05475713276637126,0.20369406583384464,0.9024998346667837,0.0,0.0,0.0,0,0.0634
111,0,0.0,-0.04749267861180272,0.07465596777194959,0.9397122383398343,0.9984513836656959,-0.0007966462798111862,0.0016660139115350914,0.05560057741073687,0.0044233516034618715,-0.004651389284001825,0.10701653972201242,0.7004544228419113,0.025034828895554653,-1.9074819706743207,-0.24153596422369078,2.583745926451422,1.120467537101169,0.0026404343145064457,0.07232765382703676,0.01077261305514432,-0.007620174216456221,0.025923030093164073,-0.00031232197241148896,0.00030541419982910156,0.0026404343145064457,0.07232765382703676,0.01077261305514432,-0.007620174216456221,0.025923030093164073,-0.00031232197241148896,1.0,-0.053900475736694195,0.024805753630771154,0.898867939146791,0.05475713276637126,0.20369406583384464,0.9024998346667837,0.0,0.0,0.0,0,0.0623
112,1,0.8165,-0.047530492009367264,0.07543578829274936,0.9395973723352475,0.9984236521913119,-0.0007929901155478425,0.0006640404268079443,0.056117207360575155,0.0033096265753047114,-0.003479684558386367,0.10793721049260264,0.7013814045854996,0.025702673102843656,-1.9053381136720038,-0.24234766310680986,2.5800336096852727,1.1222734187931653,-0.0110213966454068,0.04867958201745737,-0.3632786321823751,-0.0034107263676508154,-0.002802686451836678,0.0011882273813350608,0.89599609375,-0.0110213966454068,0.04867958201745737,-0.3632786321823751,-0.0034107263676508154,-0.002802686451836678,0.0011882273813350608,-1.0,-0.05215324328542421,0.024577611041324058,0.8999248376489665,0.05475713276637126,0.20369406583384464,0.9024998346667837,3.5033567366364298,0.0,0.0,5,0.0543
113,0,0.0,-0.04735633097384834,0.07616594448839617,0.937765923031488,0.9984130911270194,-0.0006585425717611789,4.2387598264817575e-05,0.05631042524402564,0.0034026314926880775,-0.0036176710257582773,0.10878358137305791,0.7067423063633373,0.025984069495517216,-1.9014926489700277,-0.2433050541434132,2.580158493607576,1.123900707225555,-0.05642387246707348,0.027049103636076266,-0.298918367585964,-0.000543502995501613,0.0003929617212624359,0.002245661489679973,0.00586700439453125,-0.05642387246707348,0.027049103636076266,-0.298918367585964,-0.000543502995501613,0.0003929617212624359,0.002245661489679973,1.0,-0.052196039663665546,0.024762603178185696,0.8989963463314752,0.05475713276637126,0.20369406583384464,0.9024998346667837,5.1594769891174055,0.0,0.0,5,0.0442
114,0,0.0,-0.046969890972224454,0.0773181476625571,0.9348409794009609,0.9984223068833327,-0.0003102885055047411,-5.5487120029763803e-05,0.05614977969668562,0.003388430390844529,-0.004991319068868606,0.1098381568762558,0.7145575354348336,0.02652668171209024,-1.8966125709213353,-0.24457223882377982,2.5827078342164906,1.1259588562525713,-0.01584926172146639,0.025782242646277376,-0.21789746711885083,-0.004259379396082508,0.004209010455439394,0.0027894847454001948,0.00441741943359375,-0.01584926172146639,0.025782242646277376,-0.21789746711885083,-0.004259379396082508,0.004209010455439394,0.0027894847454001948,1.0,-0.05203436711263501,0.024584123973356044,0.8998362780270703,0.05475713276637126,0.20369406583384464,0.9024998346667837,6.921102812132883,0.0,0.0,5,0.0513
115,0,0.0,-0.04641741624096461,0.07875710052050289,0.9327721739743555,0.9984253423356263,8.463431474892147e-05,5.9673913236218956e-05,0.05609656903985311,0.003110842726877662,-0.005270648900373016,0.11113621187498468,0.7207485870335426,0.02729375002590516,-1.8917571417561538,-0.24618740792898597,2.583979767357637,1.1284983109363342,-0.006758494503779744,0.010579910768690692,-0.13139909732438348,-0.010380309492987391,0.0035886098943615496,0.00032213849259543625,-0.00010448694229125977,-0.006758494503779744,0.010579910768690692,-0.13139909732438348,-0.010380309492987391,0.0035886098943615496,0.00032213849259543625,1.0,-0.05233373541259138,0.024691697829738082,0.9003854951975496,0.05475713276637126,0.20369406583384464,0.9024998346667837,12.76496331588819,0.0,0.0,7,0.0464
116,0,0.0,-0.04573355608032636,0.07976257862714223,0.9317418231319841,0.9983985768541446,0.00028966203637259547,0.0001009574498822656,0.05657020098175118,0.0033385403469783676,-0.005518691770212483,0.11246286669618934,0.7247907712087119,0.027569360404307505,-1.887243055942259,-0.2481938355114226,2.5830480811944625,1.1312053995195703,0.010293114062728481,0.01517814695388664,-0.06487066778589468,-0.010116212535372968,0.006760846725533176,-0.0011683400601192606,0.000560760498046875,0.010293114062728481,0.01517814695388664,-0.06487066778589468,-0.010116212535372968,0.006760846725533176,-0.0011683400601192606,1.0,-0.05278373207054702,0.024905347721494518,0.9007824840232874,0.05475713276637126,0.20369406583384464,0.9024998346667837,13.741996013646114,0.0,0.0,6,0.0504
117,0,0.0,-0.04522935399878437,0.08044765088449735,0.9313573292138584,0.9983540802896568,0.0002731014264273357,-0.00021525058515544856,0.05734988624041741,0.003639978471338449,-0.005530353920362322,0.11372916648755517,0.7271219603508836,0.02760818106565551,-1.8835704353392053,-0.2500696264602262,2.5804445697726304,1.1338751507652869,0.022054615152277912,0.018884888368483455,0.013568404690981306,-0.010792558402434288,0.008423052002383274,-0.0011683400601192606,0.0023670196533203125,0.022054615152277912,0.018884888368483455,0.013568404690981306,-0.010792558402434288,0.008423052002383274,-0.0011683400601192606,1.0,-0.053056189604730325,0.025076513159379255,0.9013555412919307,0.05475713276637126,0.20369406583384464,0.9024998346667837,13.779710248525369,0.0,0.0,5,0.0402
118,0,0.0,-0.04492242736086693,0.08092507430190635,0.9314764556027864,0.9983030605439818,0.00011695026746005865,-0.0008349621591941733,0.05822618370927073,0.003956118670843783,-0.005486350024925544,0.11483849492459114,0.7279809499772466,0.027604076570930905,-1.880798192391062,-0.2515444236423537,2.576666895265592,1.1361997075434056,0.06619876443816308,0.01391128596408775,0.09066663832209865,-0.009246624992008429,0.01911032959227149,-0.0018128713261580387,0.006015777587890625,0.06619876443816308,0.01391128596408775,0.09066663832209865,-0.009246624992008429,0.01911032959227149,-0.0018128713261580387,1.0,-0.05310697413753752,0.025166259793752525,0.9020212931804706,0.05475713276637126,0.20369406583384464,0.9024998346667837,11.959281744206566,0.0,0.0,5,0.0393
119,0,0.0,-0.044663454750214715,0.08120256477100007,0.9321223050817071,0.9982520209989143,-0.00011905827791997003,-0.001621569696796013,0.05907841321859256,0.004143911853285049,-0.005352838317159248,0.11568572489604508,0.7275737971316829,0.0276124866048771,-1.8785376224404626,-0.2523665224073388,2.571903280508443,1.1377740996867132,0.0635280305663003,0.028456726958075107,0.14772361048203764,-0.007749002000658381,0.01536451488387694,0.0004530589060095791,0.00852203369140625,0.0635280305663003,0.028456726958075107,0.14772361048203764,-0.007749002000658381,0.01536451488387694,0.0004530589060095791,1.0,-0.05254480839866941,0.025185257571181337,0.9028622978393476,0.05475713276637126,0.20369406583384464,0.9024998346667837,10.177488832047993,0.0,0.0,5,0.0391
120,1,0.7398,-0.04421673162367243,0.081488674943557,0.9334502462430809,0.9982106953282477,-0.00022736174959375743,-0.0023156212944617158,0.05974942624787603,0.00417289829718205,-0.0052014683676312274,0.11630864175812522,0.7259420543058713,0.027863415758614486,-1.8762991231369024,-0.25245735251889334,2.5662740598524945,1.1382795041272844,-0.057553798335938544,0.1002396512828374,-0.2713027930605536,-0.016267739231025855,-0.018930174622119794,0.002950617561909896,0.0081787109375,-0.057553798335938544,0.1002396512828374,-0.2713027930605536,-0.016267739231025855,-0.018930174622119794,0.002950617561909896,1.0,-0.05087491632403653,0.02535077519908137,0.9041255147787559,0.05475713276637126,0.20369406583384464,0.9024998346667837,7.969444669132444,0.0,0.0,6,0.0373
121,0,0.0,-0.04380546351406135,0.08194272739976426,0.9331160091256765,0.998179435885855,5.3700928153210814e-05,-0.002673117515163758,0.06025500256041411,0.004182490349550067,-0.005077245539397455,0.11709439441909794,0.7282268429651991,0.027946790627643235,-1.873186905495873,-0.2535973588242726,2.564408166600992,1.1392960511689598,-0.06299798661319722,0.05548309474045143,-0.21241999779149667,-0.012216105417868092,-0.016738287734160806,-0.00041302998273004543,0.00658416748046875,-0.06299798661319722,0.05548309474045143,-0.21241999779149667,-0.012216105417868092,-0.016738287734160806,-0.00041302998273004543,1.0,-0.05045917327006206,0.025730630478540677,0.9038400373116187,0.05475713276637126,0.20369406583384464,0.9024998346667837,9.13677709514921,0.0,0.0,6,0.0361
122,0,0.0,-0.043545001156739316,0.08237175099826331,0.9312571979857577,0.9981376060941416,0.0003272819916786962,-0.0026313367052535064,0.06094496086056839,0.0042574212424348265,-0.005041270447446588,0.11819128571599458,0.7331831552557654,0.027548003913761058,-1.8699759805113494,-0.2564139060084377,2.5657168987363184,1.142079010634994,-0.048822552985617995,0.028972855509474593,-0.1120567837621641,-0.009671756679875534,-0.008948163707796497,-0.0013596852797245207,0.00250244140625,-0.048822552985617995,0.028972855509474593,-0.1120567837621641,-0.009671756679875534,-0.008948163707796497,-0.0013596852797245207,1.0,-0.05074375181985289,0.025930477298677642,0.9023414553952614,0.05475713276637126,0.20369406583384464,0.9024998346667837,13.009103314430796,0.0,0.0,6,0.0419
123,0,0.0,-0.043242744927047,0.0829353013191869,0.9302803267475154,0.998090532843547,0.0003893777904858675,-0.0023155542684422763,0.06172337354236125,0.004450340422434603,-0.005045384125288863,0.11939422111900334,0.7360852124055535,0.027317424393468875,-1.8676219249394608,-0.25948423217603156,2.5662017189835375,1.1456378555447861,-0.01636286438913237,0.038544694099066246,-0.06116196459549872,-0.009040500537284973,-0.00022743883981540813,-0.00197400414266774,-0.0012845993041992188,-0.01636286438913237,0.038544694099066246,-0.06116196459549872,-0.009040500537284973,-0.00022743883981540813,-0.00197400414266774,1.0,-0.050976565255339064,0.026080924364637277,0.9021439325025716,0.05475713276637126,0.20369406583384464,0.9024998346667837,13.375620083601344,0.0,0.0,5,0.0377
124,0,0.0,-0.04302827177531704,0.08342237546893025,0.9299916280515453,0.998041585936972,0.0002802109427562094,-0.0021189956627352888,0.06251739021761257,0.004718539501612537,-0.005009546094188414,0.12046770370541106,0.7373394174472528,0.027185348929570936,-1.866064589547456,-0.26212725950458265,2.565595034170317,1.149009793084598,0.030734500235831796,0.03962387197926531,0.013768104093541123,-0.011127510641359889,0.004419712532786585,-0.002830022230375512,0.0013685226440429688,0.030734500235831796,0.03962387197926531,0.013768104093541123,-0.011127510641359889,0.004419712532786585,-0.002830022230375512,1.0,-0.051115376849242646,0.02620050071290336,0.9024604331187858,0.05475713276637126,0.20369406583384464,0.9024998346667837,12.721465026091824,0.0,0.0,5,0.0378
125,0,0.0,-0.042823801804792325,0.08375389166693199,0.9301116708099708,0.9979917464240251,6.363250468588433e-05,-0.0020646535828578727,0.06331040377387244,0.00491786683992609,-0.004963533809251681,0.12135908789647995,0.7376637918194014,0.027043703925300772,-1.8647904692972652,-0.2642888790749573,2.564105356736689,1.1519088155724468,0.04331776559364664,0.023999253105079,0.08615913752146342,-0.01137872482055409,0.009160509273098444,-0.003273137475777177,0.003772735595703125,0.04331776559364664,0.023999253105079,0.08615913752146342,-0.01137872482055409,0.009160509273098444,-0.003273137475777177,1.0,-0.051224116948426164,0.026330042099426406,0.902916191871808,0.05475713276637126,0.20369406583384464,0.9024998346667837,12.277297261020657,0.0,0.0,5,0.0368
126,0,0.0,-0.042664478390680265,0.08392533835642423,0.9307265380832688,0.9979378099920587,-0.0002338760559449371,-0.0022671150977797254,0.0641477425898743,0.004999461720708412,-0.004928728840966571,0.1220658633326287,0.7368268710465781,0.026938588718181077,-1.8638528270759624,-0.2659253867834719,2.56130814084806,1.154235133446479,0.05115020627555178,0.02892593473207461,0.16769355073801617,-0.005729626483289604,0.02243474014597166,-0.0058109793358049056,0.003753662109375,0.05115020627555178,0.02892593473207461,0.16769355073801617,-0.005729626483289604,0.02243474014597166,-0.0058109793358049056,1.0,-0.050794635241192904,0.026394618199996868,0.9036456106777087,0.05475713276637126,0.20369406583384464,0.9024998346667837,10.708651853745785,0.0,0.0,5,0.0367
127,0,0.0,-0.042553887499971785,0.08420214687080499,0.932053443407252,0.9978950569156104,-0.0005591541342175321,-0.002794535785717967,0.0647868296784622,0.0049726609078295965,-0.004863639755607892,0.12256391381969017,0.7344352228487064,0.027308752579640938,-1.8632467082165112,-0.26639155157973415,2.5567673965856823,1.155586357753713,0.058648805223474154,0.04060920830466441,0.23878653804929995,-0.005906764686567562,0.022504974171754066,-0.007382024296774481,0.00559234619140625,0.058648805223474154,0.04060920830466441,0.23878653804929995,-0.005906764686567562,0.022504974171754066,-0.007382024296774481,1.0,-0.04949067361366502,0.02663823686037995,0.9048763961829461,0.05475713276637126,0.20369406583384464,0.9024998346667837,8.231582380163987,0.0,0.0,6,0.0379
128,1,0.7278,-0.042361902274584536,0.08468016616342391,0.9342442943388451,0.9978652395102355,-0.0008641098768232269,-0.0035010433742619952,0.06520705319665404,0.0049098983458443985,-0.004824449431758295,0.12287954257661284,0.7304032871665137,0.02822785435782308,-1.8626830505631478,-0.26585767015369893,2.550416266689948,1.1560680836022812,-0.04871983245208478,0.07420448492303511,-0.16403568539986846,-0.014348205246413753,-0.01422815291687532,0.002205378285552534,0.00765228271484375,-0.04871983245208478,0.07420448492303511,-0.16403568539986846,-0.014348205246413753,-0.01422815291687532,0.002205378285552534,1.0,-0.04865192775781209,0.02714257696068825,0.906968577891698,0.05475713276637126,0.20369406583384464,0.9024998346667837,8.590068488617355,0.0,0.0,7,0.0363
129,0,0.0,-0.04211356865177906,0.0851549788350142,0.9350148375223357,0.9978392855302967,-0.0008287267397248388,-0.003911221736053353,0.06558030046368854,0.004880877535661007,-0.0048104136061799755,0.1233151960435219,0.7298923710281728,0.028781621301920843,-1.8610845268240435,-0.26633871875384424,2.5472061662485586,1.1568521239388212,-0.07142107036291812,0.038685456431266085,-0.16049815312595228,-0.008544513568106676,-0.005319405709039271,-0.0022761281736234373,0.0060272216796875,-0.07142107036291812,0.038685456431266085,-0.16049815312595228,-0.008544513568106676,-0.005319405709039271,-0.0022761281736234373,1.0,-0.048264192671248346,0.02760604275519266,0.9077068434820881,0.05475713276637126,0.20369406583384464,0.9024998346667837,8.697185786598721,0.0,0.0,7,0.0364
130,0,0.0,-0.04226634955947925,0.08553806013959567,0.9337501583897564,0.9978042192490328,-0.0006762738253929812,-0.004324946133773544,0.06608765046118836,0.004854692997597456,-0.004799334621607332,0.12400746902180315,0.7328851972887999,0.028819542857215736,-1.8595236910438078,-0.26815257575562446,2.5473358522058107,1.1588883144625097,-0.059916370607201674,0.027846756851875543,-0.10287061124441399,-0.008911672753082828,-0.005928100599153385,-0.003061650654108211,0.0031414031982421875,-0.059916370607201674,0.027846756851875543,-0.10287061124441399,-0.008911672753082828,-0.005928100599153385,-0.003061650654108211,1.0,-0.04837238185134665,0.027979116364231418,0.9064346033937345,0.05475713276637126,0.20369406583384464,0.9024998346667837,8.783756544640093,0.0,0.0,7,0.034
131,0,0.0,-0.04262618843925817,0.08586207933701313,0.9323817456743023,0.9977626241686722,-0.0007257199092806643,-0.004714413713195191,0.06668578143800555,0.0048345957339476,-0.0047876914181626245,0.12475255718910662,0.7355844079690207,0.028735271760822155,-1.8587336276422686,-0.270357397300889,2.5479563694969345,1.1616915159343821,-0.01687646705679824,0.03680862533526774,-0.04096379645088033,-0.008621810238627972,-0.0006956656783647375,-0.0038874563387203964,0.0012826919555664062,-0.01687646705679824,0.03680862533526774,-0.04096379645088033,-0.008621810238627972,-0.0006956656783647375,-0.0038874563387203964,1.0,-0.048750429838484384,0.028271275325602988,0.9050899801745081,0.05475713276637126,0.20369406583384464,0.9024998346667837,8.718965847246505,0.0,0.0,7,0.0359
132,0,0.0,-0.04274074229151967,0.08613492381559232,0.9316694809063789,0.9977213017879364,-0.0008816150281511503,-0.004686256857450711,0.06730130541224297,0.004835571988053457,-0.004755695616051114,0.1254562562164642,0.7370999494564138,0.02859626120440015,-1.858113245463005,-0.2726293787539689,2.5483663938701775,1.1646016964991535,0.03063177970229858,0.037277833109267355,0.024252322727929876,-0.009768377518027158,0.0022775747464234553,-0.0038975271397522493,0.00397491455078125,0.03063177970229858,0.037277833109267355,0.024252322727929876,-0.009768377518027158,0.0022775747464234553,-0.0038975271397522493,1.0,-0.04898976544489499,0.02845976113075394,0.9044712897466707,0.05475713276637126,0.20369406583384464,0.9024998346667837,8.873489169136665,0.0,0.0,7,0.0514
133,0,0.0,-0.04260090441401601,0.08638723847199918,0.9315954604259272,0.9976829611682686,-0.0010858705940814395,-0.004435439122050029,0.06788119591876163,0.004838576213487851,-0.004720547730351208,0.12607102537163306,0.7375900170813945,0.02850999711418906,-1.8573503319025828,-0.27462293300704554,2.5480693740443003,1.1671982483694205,0.024673988757374032,0.030145874944473627,0.0865014793544232,-0.010573551169290624,0.004513357900496451,-0.002880376235534804,0.005367279052734375,0.024673988757374032,0.030145874944473627,0.0865014793544232,-0.010573551169290624,0.004513357900496451,-0.002880376235534804,1.0,-0.04928148772349702,0.028704239817290127,0.9044981862951078,0.05475713276637126,0.20369406583384464,0.9024998346667837,9.448128789852813,0.0,0.0,6,0.0367
134,0,0.0,-0.04245420186104221,0.0866260606978426,0.9321253385790513,0.9976405353387143,-0.0012841718304768546,-0.004336662891932668,0.06850479185249389,0.004834390525028448,-0.004703854233067621,0.12663537711338702,0.7367817196962262,0.028556888782504484,-1.8568716221286214,-0.27624383456469626,2.5464250751440387,1.1693639119436672,0.04110927412268328,0.03929542653746554,0.16187373957770235,-0.005591136615272288,0.022528385513681526,-0.0036759695170514306,0.004547119140625,0.04110927412268328,0.03929542653746554,0.16187373957770235,-0.005591136615272288,0.022528385513681526,-0.0036759695170514306,1.0,-0.049070486370694985,0.028943298382341772,0.9050387984292287,0.05475713276637126,0.20369406583384464,0.9024998346667837,9.465650798475014,0.0,0.0,7,0.0382
135,0,0.0,-0.042457333943811876,0.087081066901727,0.933327645063839,0.9976056328871603,-0.0014348365454918688,-0.004690640981627071,0.06898507348025992,0.0048208852029208585,-0.004704761468479474,0.12712057566827276,0.7344253062278933,0.029166324298726322,-1.8567972705956852,-0.2768185154319912,2.5428030932772145,1.1706991703841894,0.06745709097394459,0.07476753425183458,0.23878653804929995,-0.008460775508375276,0.017424712973493933,-0.005025456855320132,0.0023784637451171875,0.06745709097394459,0.07476753425183458,0.23878653804929995,-0.008460775508375276,0.017424712973493933,-0.005025456855320132,1.0,-0.04874050713605997,0.029385970648599536,0.9061880376442847,0.05475713276637126,0.20369406583384464,0.9024998346667837,9.269630445047618,0.0,0.0,7,0.0362
136,1,0.7319,-0.04227079436240743,0.08775482637534772,0.9354618181221173,0.9975785685263402,-0.001551344117297404,-0.005101068367003407,0.06934386814911175,0.0048050959243851245,-0.004706757690175433,0.1275278938607551,0.7304740368416832,0.03025614707080673,-1.8564733092362187,-0.2767094500108836,2.5373409630142274,1.1714282079515095,-0.04913071458621754,0.07549480630153405,-0.1565041650747565,-0.013240286302275223,-0.01492921286693763,0.0004530589060095791,0.00730133056640625,-0.04913071458621754,0.07549480630153405,-0.1565041650747565,-0.013240286302275223,-0.01492921286693763,0.0004530589060095791,1.0,-0.04848813810432149,0.030064004862588506,0.9082855008442509,0.05475713276637126,0.20369406583384464,0.9024998346667837,9.139749780861615,0.0,0.0,7,0.0355
137,0,0.0,-0.042035687246845886,0.08839573383565942,0.9362316292043156,0.9975519104607707,-0.0014816519829842223,-0.005273969163001463,0.06971496175667344,0.004788093598190023,-0.004706291415625462,0.1280778039220247,0.7298953176311384,0.030931230262206236,-1.8551377361481274,-0.27760019774062333,2.534685829463052,1.1727484039670195,-0.0748108479695131,0.051447907884054955,-0.14463631486548922,-0.010315895600886305,-0.006817731592397097,-0.003907597940784102,0.007511138916015625,-0.0748108479695131,0.051447907884054955,-0.14463631486548922,-0.010315895600886305,-0.006817731592397097,-0.003907597940784102,1.0,-0.04822850783624062,0.030711653067289697,0.9090263752356494,0.05475713276637126,0.20369406583384464,0.9024998346667837,9.065560970379153,0.0,0.0,7,0.0342
138,0,0.0,-0.04224833769714875,0.08887824508927927,0.9350755163642701,0.9975112843903928,-0.0014282927879656349,-0.005581375686963288,0.07027122980978918,0.004770163315702415,-0.004704872975563074,0.12886957266544585,0.7325053695502708,0.031053619607014697,-1.8539570848543825,-0.27973019454975323,2.5349050852301023,1.1754219046896328,-0.0341335166903729,0.037277833109267355,-0.07263041599964637,-0.009317480273319606,-0.003370411493577724,-0.0037464651242744285,0.0054473876953125,-0.0341335166903729,0.037277833109267355,-0.07263041599964637,-0.009317480273319606,-0.003370411493577724,-0.0037464651242744285,1.0,-0.04844393593123055,0.031193127454112082,0.907866384745804,0.05475713276637126,0.20369406583384464,0.9024998346667837,9.0153333297011,0.0,0.0,7,0.0351
139,0,0.0,-0.042591899388106265,0.08932627612917196,0.9339061696117819,0.9974645209371087,-0.0015652983206724813,-0.005824801685318182,0.07090945633832696,0.004751786332603184,-0.0047028589011835036,0.1297432964166404,0.7347804302968292,0.031063340850454098,-1.8533443835331644,-0.28215583548594636,2.535449827364293,1.1787623603557558,0.000329222310009758,0.038122407102466616,-0.010844847271952562,-0.007922919509331286,0.0002759050116251105,-0.0036155447108602856,0.0016565322875976562,0.000329222310009758,0.038122407102466616,-0.010844847271952562,-0.007922919509331286,0.0002759050116251105,-0.0036155447108602856,1.0,-0.04881509552643462,0.03163799257713873,0.9067031434034497,0.05475713276637126,0.20369406583384464,0.9024998346667837,8.976655975039677,0.0,0.0,7,0.0343
140,0,0.0,-0.042781814741854246,0.08980308196106761,0.9332996014177198,0.9974222222403851,-0.0017711854031044472,-0.005823786444299265,0.07149725165885126,0.004733464069188273,-0.004700186482279641,0.1305940226720108,0.7359927368008777,0.031135995099847418,-1.8529217752017735,-0.2843895431674417,2.5356199599811795,1.1820178728720387,0.01861347727891627,0.02737754907787604,0.04174028469495106,-0.006608876110469314,0.001540117475708258,-0.004159367966580507,0.003818511962890625,0.01861347727891627,0.02737754907787604,0.04174028469495106,-0.006608876110469314,0.001540117475708258,-0.004159367966580507,1.0,-0.04902533868873928,0.03211431741573239,0.9060943954749674,0.05475713276637126,0.20369406583384464,0.9024998346667837,8.94415574316652,0.0,0.0,7,0.0368
141,0,0.0,-0.04281049552753054,0.09026487787511434,0.9332996055405847,0.9973867717719498,-0.002025496789691106,-0.005668808109365559,0.07199576009531322,0.0047150358537470325,-0.004697263176771772,0.13134557814271117,0.736080876452493,0.03127137537556298,-1.8526342250208732,-0.2861608580631401,2.5351702301450483,1.1848260674946784,0.01471009700465531,0.017195740382084934,0.10789784391440027,-0.006892297235714051,0.0036354325782164687,-0.003524907501573582,0.005374908447265625,0.01471009700465531,0.017195740382084934,0.10789784391440027,-0.006892297235714051,0.0036354325782164687,-0.003524907501573582,1.0,-0.049069597908124374,0.03258069485496326,0.9060802358082055,0.05475713276637126,0.20369406583384464,0.9024998346667837,8.915254635025446,0.0,0.0,7,0.037
142,0,0.0,-0.042782326554915,0.09062840794927075,0.934010892728582,0.9973495641436088,-0.0023024533711864525,-0.005596505540370507,0.07250672201087333,0.00469663095200879,-0.0046940997954677275,0.13195982034335724,0.7346692273628268,0.031472479781974316,-1.8526804234954464,-0.2874035794446541,2.5334170053516374,1.186980835600866,0.03730861438195554,0.03253883459187146,0.17636621050632684,-0.0024606214591599285,0.019906315217805337,-0.004803899232619313,0.005645751953125,0.03730861438195554,0.03253883459187146,0.17636621050632684,-0.0024606214591599285,0.019906315217805337,-0.004803899232619313,1.0,-0.049063775072581105,0.03294834054254627,0.9067798489363129,0.05475713276637126,0.20369406583384464,0.9024998346667837,8.888381928847174,0.0,0.0,7,0.0365
143,0,0.0,-0.04281291809149085,0.09110185765656548,0.935461937271185,0.9973208985664922,-0.002547750624202816,-0.005885926627395226,0.07286899283657908,0.004679022086283026,-0.0046899899667568815,0.13238399140541768,0.7316925226825938,0.03216020032048761,-1.8530105505470114,-0.28755723367711816,2.529772382877706,1.1881215206051783,0.07717702145952188,0.06871475396723992,0.25476249025408304,-0.003990451396560513,0.016675550031815034,-0.005972112152314607,0.00235748291015625,0.07717702145952188,0.06871475396723992,0.25476249025408304,-0.003990451396560513,0.016675550031815034,-0.005972112152314607,1.0,-0.04913519143685946,0.03343258829160686,0.9082071032078101,0.05475713276637126,0.20369406583384464,0.9024998346667837,8.864015697493834,0.0,0.0,7,0.0339
144,1,0.7349,-0.042587516439383515,0.09178058816183081,0.9378078902339106,0.9973065513826183,-0.002754486321804528,-0.006166115964639021,0.07303447397169018,0.004661566613311251,-0.004685599444290352,0.13264427859084463,0.7273156092155533,0.0333530851628659,-1.8529012174311315,-0.286886728277522,2.524478816496153,1.1884679954371127,-0.04635726018082165,0.08375286312392682,-0.1553630256315578,-0.00920153526753767,-0.011254180887651899,-0.001017278044641412,0.00540924072265625,-0.04635726018082165,0.08375286312392682,-0.1553630256315578,-0.00920153526753767,-0.011254180887651899,-0.001017278044641412,1.0,-0.04894749963501957,0.034132249919090765,0.9105067621783821,0.05475713276637126,0.20369406583384464,0.9024998346667837,8.840632858797232,0.0,0.0,7,0.0351
145,0,0.0,-0.042373185961125,0.09247626160249603,0.9386455180491247,0.9972989415064286,-0.002745634265627128,-0.00633878178850715,0.07312388534584613,0.0046448532712801424,-0.004680394013630507,0.1329967372353613,0.7265623523537039,0.03424910252960534,-1.8517449695299462,-0.28702779917443977,2.5219814659995734,1.1892489715412136,-0.06690136688745807,0.07321914859763601,-0.12466637460951069,-0.010618640893761369,-0.0033879700000233326,-0.0062540945812065984,0.006816864013671875,-0.06690136688745807,0.07321914859763601,-0.12466637460951069,-0.010618640893761369,-0.0033879700000233326,-0.0062540945812065984,1.0,-0.04873929555104638,0.034849381473396585,0.9112885624336887,0.05475713276637126,0.20369406583384464,0.9024998346667837,8.81905888659359,0.0,0.0,7,0.0345
146,0,0.0,-0.0426031678100126,0.09304916680474712,0.9375791962230325,0.9972719029733965,-0.002762779705250795,-0.006706329888662762,0.07345844898678659,0.0046279126804258065,-0.004675510591724172,0.1336447832160449,0.7289626881456023,0.03462640663409123,-1.8506258532920963,-0.28854330636832903,2.5220390937524573,1.191574218393838,-0.007118016371145952,0.05431007530545251,-0.03192026636352996,-0.010792558402434288,-0.0001220878011418125,-0.007553227914316035,0.0041046142578125,-0.007118016371145952,0.05431007530545251,-0.03192026636352996,-0.010792558402434288,-0.0001220878011418125,-0.007553227914316035,1.0,-0.048989163907956594,0.03543161623099295,0.9101966508041143,0.05475713276637126,0.20369406583384464,0.9024998346667837,8.797316259161247,0.0,0.0,7,0.0334
147,0,0.0,-0.042828101164978746,0.09358911799913591,0.9367090038953576,0.9972298349791,-0.003039998555479595,-0.006897114429187723,0.07399894897152166,0.004610867607868098,-0.004670738821794417,0.13446239593906326,0.7308127777679092,0.03483341893600987,-1.8497815087842298,-0.2906018654426944,2.522050438016108,1.1948945819291414,0.022516857553177227,0.047084275585858815,0.01856088975497594,-0.00945274944673187,0.005625396642051084,-0.0061936697750154535,0.0009813308715820312,0.022516857553177227,0.047084275585858815,0.01856088975497594,-0.00945274944673187,0.005625396642051084,-0.0061936697750154535,1.0,-0.0492547389524361,0.03597252791317196,0.9093230703537487,0.05475713276637126,0.20369406583384464,0.9024998346667837,8.777003323082782,0.0,0.0,7,0.0334
148,0,0.0,-0.042867397840416176,0.09414349492376985,0.93643150076487,0.9971880704959164,-0.0034069917624091617,-0.006863046202936839,0.07454691854514624,0.004594164638830793,-0.004665668105687991,0.1352854743852,0.7316358062893723,0.035074033159693915,-1.8489699013365581,-0.2925215111814162,2.5214665582841786,1.1981817462725588,0.02631751729390497,0.025078430985277955,0.06042644307733114,-0.005790819680785625,0.0052391095002478905,-0.006344731790493302,0.00305938720703125,0.02631751729390497,0.025078430985277955,0.06042644307733114,-0.005790819680785625,0.0052391095002478905,-0.006344731790493302,1.0,-0.04932857561189715,0.03652766462452829,0.9090403768138008,0.05475713276637126,0.20369406583384464,0.9024998346667837,8.75667244613654,0.0,0.0,7,0.0369
149,0,0.0,-0.04281496130858847,0.09464888472554933,0.9366778082054724,0.9971497553523359,-0.00380976804175559,-0.006858793012346261,0.07503871018785682,0.004577463529449759,-0.0046606600846663725,0.1359801493570108,0.7314650254720881,0.03538811856154019,-1.8482385619660602,-0.2938776410998384,2.5199838759297566,1.2008774223684662,0.018716197812449487,0.01630424561148569,0.12090683356686638,-0.005755392040130036,0.005871215732289464,-0.005569280111040381,0.0054931640625,0.018716197812449487,0.01630424561148569,0.12090683356686638,-0.005755392040130036,0.005871215732289464,-0.005569280111040381,1.0,-0.04931635975831047,0.03703732872013381,0.9092755349523234,0.05475713276637126,0.20369406583384464,0.9024998346667837,8.736653058166775,0.0,0.0,7,0.035
150,0,0.0,-0.042742368570474656,0.09503372468781036,0.9375866947058735,0.997111251107997,-0.00422779707589277,-0.006985201465303386,0.0755148038878296,0.004560871963322709,-0.0046556019418293884,0.13649644647622344,0.7298490330085265,0.035770666016160885,-1.8478994324520348,-0.29460180378421563,2.5172623996780925,1.2027903095181793,0.04642506173302541,0.026579895862076652,0.17237222245513117,-0.0025210094830046825,0.018712336779504568,-0.0068382010410542315,0.0061492919921875,0.04642506173302541,0.026579895862076652,0.17237222245513117,-0.0025210094830046825,0.018712336779504568,-0.0068382010410542315,1.0,-0.0492934330740461,0.037427628846077574,0.9101731122746605,0.05475713276637126,0.20369406583384464,0.9024998346667837,8.716092676137848,0.0,0.0,7,0.034
151,0,0.0,-0.04268599825662445,0.09545436476441845,0.9391284078187047,0.9970815585363527,-0.004595856405765875,-0.007337817544632155,0.07585117114650124,0.004544963388051436,-0.004649899120554367,0.13680229973782695,0.7269329491512463,0.036495390461587986,-1.84780949719021,-0.2944251892796836,2.5131757337653355,1.2037351979343796,0.08463068017402342,0.06050361792224712,0.24289464004481576,-0.0020463596155848723,0.01967220179853066,-0.007774785537016854,0.0026950836181640625,0.08463068017402342,0.06050361792224712,0.24289464004481576,-0.0020463596155848723,0.01967220179853066,-0.007774785537016854,1.0,-0.04929559785384029,0.03786005550155481,0.9116907942231993,0.05475713276637126,0.20369406583384464,0.9024998346667837,8.696468635233476,0.0,0.0,7,0.0342
152,1,0.7309,-0.04240028949623562,0.09606126597770914,0.9413803315781533,0.9970701289992252,-0.004936369200994772,-0.007681867303906829,0.07594589542104516,0.004529450874985498,-0.004643828008603972,0.13691984846081953,0.7229777298482553,0.0376944506273461,-1.8472477761198571,-0.29337725884897153,2.5077849143510837,1.2038745374192266,-0.04039946923589699,0.07406372259083527,-0.1294591602709455,-0.003932478893669544,-0.013787727046864845,-0.0017423757189350408,0.0057830810546875,-0.04039946923589699,0.07406372259083527,-0.1294591602709455,-0.003932478893669544,-0.013787727046864845,-0.0017423757189350408,1.0,-0.049065783248132426,0.038491286632978246,0.9138910124164663,0.05475713276637126,0.20369406583384464,0.9024998346667837,8.676774325831108,0.0,0.0,7,0.0348
153,0,0.0,-0.04209505729468912,0.09673845560363713,0.942294440255026,0.9970732200587002,-0.0050745508189006805,-0.007857675610785732,0.07587818994780972,0.004514631044493827,-0.004637091588782761,0.13708347469850268,0.7222289677959591,0.03870537742327661,-1.8458000676083017,-0.292989535070874,2.5051204695422906,1.204356599891133,-0.038242338031700185,0.08330711573862715,-0.063672471370536,-0.008782844968880668,-0.001959878142447885,-0.005347722488339535,0.0070037841796875,-0.038242338031700185,0.08330711573862715,-0.063672471370536,-0.008782844968880668,-0.001959878142447885,-0.005347722488339535,1.0,-0.048783360505633866,0.03919834034070693,0.9147330805671745,0.05475713276637126,0.20369406583384464,0.9024998346667837,8.65800578078783,0.0,0.0,7,0.0339
154,0,0.0,-0.04213350369021478,0.09736881491742716,0.9416970691635603,0.9970620607080534,-0.00512133852833585,-0.008065263990338765,0.0759998059540482,0.004499581608969211,-0.0046307556092959334,0.1375335747441759,0.7238799699944227,0.03932182902758233,-1.8445524308592838,-0.29389340003071973,2.504759666807142,1.206102340164742,0.024417187423541042,0.0614185730815463,0.009567284518265606,-0.013362672697267264,-7.526511728689345e-05,-0.011289495097134644,0.003650665283203125,0.024417187423541042,0.0614185730815463,0.009567284518265606,-0.013362672697267264,-7.526511728689345e-05,-0.011289495097134644,1.0,-0.04883534235701876,0.039847996918447655,0.9140853323429146,0.05475713276637126,0.20369406583384464,0.9024998346667837,8.637982558846355,0.0,0.0,7,0.0344
155,0,0.0,-0.04208179794579451,0.09790336178922486,0.9413927412515276,0.9970270160166692,-0.005474290996204445,-0.008030682141203525,0.07643735745910507,0.00448410223938087,-0.004624925352071287,0.1381942902335887,0.7249460821081215,0.03964020046044066,-1.8433809373524346,-0.2955405777621913,2.504160049495169,1.2090300110860326,0.06753413137409447,0.05351242208965323,0.04407962055350856,-0.010444723385088464,0.00806017620250754,-0.010725530239350689,0.0009927749633789062,0.06753413137409447,0.05351242208965323,0.04407962055350856,-0.010444723385088464,0.00806017620250754,-0.010725530239350689,1.0,-0.048818106233462825,0.04038852893160554,0.9137643332456561,0.05475713276637126,0.20369406583384464,0.9024998346667837,8.618775026047398,0.0,0.0,7,0.0375
156,0,0.0,-0.0417816023381097,0.09842984667077677,0.9414972032191595,0.9969875751464201,-0.006042171442708022,-0.007796548058966478,0.07693166452301398,0.00446928610363235,-0.004618496012350001,0.1388985561079577,0.7255739402186351,0.03992142760208625,-1.8417427450979833,-0.29711123609214096,2.502968189014441,1.212193196814881,0.07390280445315178,0.029160538619074416,0.09990986781200872,-0.00542688119041454,0.00993308355670483,-0.009013494063935146,0.003208160400390625,0.07390280445315178,0.029160538619074416,0.09990986781200872,-0.00542688119041454,0.00993308355670483,-0.009013494063935146,1.0,-0.04856129872403774,0.040919073017932094,0.9138564837982579,0.05475713276637126,0.20369406583384464,0.9024998346667837,8.599787785203914,0.0,0.0,7,0.0349
157,0,0.0,-0.04134981385194263,0.09895222196377008,0.9420600606502924,0.9969530058478706,-0.0066470842437551525,-0.007688793588769727,0.07733952970571098,0.004454360536772665,-0.004612250730844138,0.1394709089294214,0.7254929683377055,0.040349181035255706,-1.839778563834586,-0.29793951511028616,2.5005843574737754,1.2146224875532645,0.045731698131676435,0.020902481796681638,0.14829418020363705,-0.003016191278531713,0.004431418203750315,-0.00610303256572875,0.006195068359375,0.045731698131676435,0.020902481796681638,0.14829418020363705,-0.003016191278531713,0.004431418203750315,-0.00610303256572875,1.0,-0.048184646475643925,0.04145109965292096,0.9143986758968786,0.05475713276637126,0.20369406583384464,0.9024998346667837,8.580473395060018,0.0,0.0,7,0.0344
158,0,0.0,-0.04088730377826995,0.09940582204120253,0.9433359635683556,0.9969206403224757,-0.007169146106887292,-0.00776961960302704,0.07770117923395037,0.00443950237939246,-0.0046059800979504515,0.13985027961492397,0.7239482244701173,0.04094672487480315,-1.8380707098021363,-0.2980302259103887,2.4967365819458895,1.2160135256754885,0.06619876443816308,0.03605789289686845,0.18412595872007853,-0.0020209966455700668,0.011080239311150653,-0.005267156080084684,0.006977081298828125,0.06619876443816308,0.03605789289686845,0.18412595872007853,-0.0020209966455700668,0.011080239311150653,-0.005267156080084684,1.0,-0.047779919882670725,0.04191610430503722,0.9156510289994512,0.05475713276637126,0.20369406583384464,0.9024998346667837,8.560460007808695,0.0,0.0,7,0.0345
159,0,0.0,-0.04040689757854693,0.09990197116691514,0.9452148533428957,0.9968968207232087,-0.007505259210648929,-0.00794094405470104,0.07795730449199774,0.004425181779205515,-0.004599196023205241,0.1400510559441734,0.721214296635599,0.04184072922616856,-1.8366040505492556,-0.29755883058064647,2.4918836008878658,1.2164830492773264,0.10842332375364683,0.06676754170514165,0.25019793248128774,-0.002101916597522055,0.018478223360229917,-0.007271245485424044,0.004680633544921875,0.10842332375364683,0.06676754170514165,0.25019793248128774,-0.002101916597522055,0.018478223360229917,-0.007271245485424044,1.0,-0.04734317669317661,0.04242648217637667,0.9174958829814926,0.05475713276637126,0.20369406583384464,0.9024998346667837,8.541544815128331,0.0,0.0,7,0.0341
160,1,0.7289,-0.03976246784359846,0.10057985727480759,0.9476591139432164,0.996888051312974,-0.007846674075513704,-0.008117722576285888,0.07801759696086344,0.004411257060844827,-0.004592072092933823,0.14011863076576267,0.7176793737696278,0.04315445521814339,-1.834731386603411,-0.29640659108305295,2.4859354357773573,1.2164403329265423,0.0003805825767764226,0.06988777340223884,-0.12854624871638654,-0.0003575078820597516,-0.01238377813565214,-0.002376836183941994,0.00833892822265625,0.0003805825767764226,0.06988777340223884,-0.12854624871638654,-0.0003575078820597516,-0.01238377813565214,-0.002376836183941994,1.0,-0.046743362258189015,0.04312912008059631,0.9198838118668491,0.05475713276637126,0.20369406583384464,0.9024998346667837,8.522400303213837,0.0,0.0,7,0.034
161,0,0.0,-0.03910722352148303,0.10132864380521651,0.9486085203230598,0.9968999746448161,-0.008020553549690723,-0.00817396811448783,0.07784148970301369,0.004397990176584796,-0.0045843232367769,0.1401958892318213,0.7176482517192625,0.04427712050349808,-1.8319066126348564,-0.29573367749681656,2.4829256792452368,1.2166468882080532,0.012039363132792635,0.08656810976792428,-0.0850117789583531,-0.0048600389399250515,-0.0009883074524580648,-0.006314519387397716,0.0090179443359375,0.012039363132792635,0.08656810976792428,-0.0850117789583531,-0.0048600389399250515,-0.0009883074524580648,-0.006314519387397716,1.0,-0.04610749008341411,0.04391274267453094,0.9207489211959408,0.05475713276637126,0.20369406583384464,0.9024998346667837,8.505229356340005,0.0,0.0,7,0.0343
162,0,0.0,-0.03869807135582564,0.10202617271058163,0.9478273315057437,0.9969091576082585,-0.008120192959242045,-0.00820658281841867,0.07771001184880315,0.004384519786014501,-0.00457698777187181,0.1404872103484671,0.7205998170815604,0.04498261714734967,-1.828937084023818,-0.2960850379102649,2.482675116725448,1.217872325244772,0.013888332736389897,0.08098453725732924,-0.020123737369462602,-0.009117797207806269,-0.001339477581370041,-0.012664159437982991,0.007076263427734375,0.013888332736389897,0.08098453725732924,-0.020123737369462602,-0.009117797207806269,-0.001339477581370041,-0.012664159437982991,1.0,-0.045706582686386686,0.044642650575741766,0.9198877624371381,0.05475713276637126,0.20369406583384464,0.9024998346667837,8.485988751318937,0.0,0.0,7,0.0358
163,0,0.0,-0.03839974670175975,0.102707094555167,0.9471936290745404,0.9968921734233698,-0.008524351309848355,-0.008267755876064032,0.07787794434080089,0.004370767599064485,-0.004570035765609551,0.1410256928440856,0.7229913741836402,0.04554693195128406,-1.8263272503612087,-0.2970078812313963,2.4819095836592595,1.2202920736296514,0.08833503941456389,0.07106079283723787,0.04353757931798918,-0.007230470169244704,0.004419712532786585,-0.01601773618159108,0.003635406494140625,0.08833503941456389,0.07106079283723787,0.04353757931798918,-0.007230470169244704,0.004419712532786585,-0.01601773618159108,1.0,-0.045452380010246575,0.04534388232211474,0.9192088699246819,0.05475713276637126,0.20369406583384464,0.9024998346667837,8.466393953010927,0.0,0.0,7,0.0335
164,0,0.0,-0.037862642369866896,0.10342347378046263,0.9471563772768485,0.9968680718477952,-0.009280611690229645,-0.008034332429313357,0.0781240493031938,0.004357283991497063,-0.004562841992386529,0.14167710751586352,0.7245183632065698,0.046069705132818495,-1.8234487654797227,-0.297948925543332,2.4805191476264232,1.2233673744449955,0.09591113017123065,0.038826218763466036,0.0952882530670538,-0.0063898688773256496,0.010026728924414696,-0.012175725587937974,0.0026721954345703125,0.09591113017123065,0.038826218763466036,0.0952882530670538,-0.0063898688773256496,0.010026728924414696,-0.012175725587937974,1.0,-0.04498029301421416,0.04607980024987654,0.9191322178685551,0.05475713276637126,0.20369406583384464,0.9024998346667837,8.448412252334371,0.0,0.0,7,0.0339
165,0,0.0,-0.037139564609151215,0.10404423833835041,0.9476794239597688,0.9968384059995775,-0.01013741388791023,-0.007849837528145335,0.07841431766372672,0.004343520285339427,-0.004555998836369557,0.14225089081714806,0.7252153446387618,0.046566986997472644,-1.8201981364397417,-0.2984163381597566,2.4778072300892053,1.225936520207186,0.07576461412344071,0.04853881968525753,0.11657050368271094,-0.0054365432742296965,0.0029330923203924886,-0.007512944710188596,0.005855560302734375,0.07576461412344071,0.04853881968525753,0.11657050368271094,-0.0054365432742296965,0.0029330923203924886,-0.007512944710188596,1.0,-0.044334005308285476,0.04671956087861005,0.919621108097752,0.05475713276637126,0.20369406583384464,0.9024998346667837,8.428710557981281,0.0,0.0,7,0.0338
166,0,0.0,-0.03634706390776021,0.10462594661427782,0.9487470239169649,0.9968077141541868,-0.010787955044855857,-0.007794325295567537,0.07872261124886971,0.004330267650425001,-0.0045486450956636615,0.14273632365269603,0.7249516667174863,0.04717501844654005,-1.816901398770805,-0.2984740159867151,2.4739219896718567,1.227574849096766,0.07581597439020726,0.05111946244225529,0.159477346746985,-0.0014588847902817642,0.0032842624493044925,-0.005518926105881089,0.006977081298828125,0.07581597439020726,0.05111946244225529,0.159477346746985,-0.0014588847902817642,0.0032842624493044925,-0.005518926105881089,1.0,-0.043604624709470415,0.04731598450964698,0.9206587322565094,0.05475713276637126,0.20369406583384464,0.9024998346667837,8.40947991112688,0.0,0.0,7,0.035
167,0,0.0,-0.0355261197161858,0.10531005240903372,0.9503345359667692,0.9967847480295707,-0.011186628478819682,-0.007756722221132627,0.07896112144140734,0.004317270522215958,-0.00454106868599417,0.14314219555557148,0.7236746987336273,0.04806306491570756,-1.8137903497529162,-0.29822495105430646,2.469240906681211,1.228487328499873,0.08762883574652325,0.04830421579825772,0.19302684637702905,-0.0008349758572589877,0.009207331956953363,-0.004602483211982172,0.004184722900390625,0.08762883574652325,0.04830421579825772,0.19302684637702905,-0.0008349758572589877,0.009207331956953363,-0.004602483211982172,1.0,-0.04282015803178776,0.0480148990342008,0.9222087331234219,0.05475713276637126,0.20369406583384464,0.9024998346667837,8.390964097057072,0.0,0.0,7,0.0351
168,1,0.7291,-0.03470362889208435,0.10603129543406364,0.9523826758749386,0.9967695847815699,-0.011468799477540204,-0.007827172380063807,0.07910497370868753,0.004304211698691739,-0.004533617091740752,0.14340128244900543,0.7215105296340995,0.04918302007262406,-1.8108162761637925,-0.297480886449233,2.463688579684338,1.228695096130163,-0.010815955578340475,0.06322502301144473,-0.0761108913014027,-0.004930894221236243,-0.031177232867925453,-0.0034443410933187313,0.2034912109375,-0.010815955578340475,0.06322502301144473,-0.0761108913014027,-0.004930894221236243,-0.031177232867925453,-0.0034443410933187313,1.0,-0.04202830670691968,0.04875497417902734,0.9242100120181889,0.05475713276637126,0.20369406583384464,0.9024998346667837,8.372280153846003,0.0,0.0,7,0.0381
169,0,0.0,-0.03383591186176607,0.10665160568044799,0.953495829964385,0.9967618847061971,-0.011678147823201535,-0.007518843596466259,0.07920121874908256,0.004291674023062009,-0.004525684297547964,0.14371000447832724,0.7213722479727919,0.0498867380269874,-1.8076852276143855,-0.29759481548152655,2.4608253860964853,1.2294929306586595,0.028063766363969123,0.10015753992238752,-0.03234819365472952,-0.008686224130729059,-0.006220742373246713,-0.011163610084236442,0.0108642578125,0.028063766363969123,0.10015753992238752,-0.03234819365472952,-0.008686224130729059,-0.006220742373246713,-0.011163610084236442,1.0,-0.04116026870349233,0.049394685104020425,0.9252665364077689,0.05475713276637126,0.20369406583384464,0.9024998346667837,8.354715811919105,0.0,0.0,7,0.0358
170,0,0.0,-0.03323100550126429,0.1073639866429557,0.95337699088643,0.996750799377101,-0.011983038904129273,-0.0070580463240942325,0.07933747350286911,0.004279701207735277,-0.004517370555200389,0.14431148032218072,0.7231325452467825,0.05037988963393475,-1.8049322577570963,-0.2986742155844577,2.460298629200096,1.2317682500012574,0.05050820294096947,0.11294345176387632,0.005858581327869539,-0.011597732053697754,-0.0033879700000233326,-0.011752751944600015,0.00904083251953125,0.05050820294096947,0.11294345176387632,0.005858581327869539,-0.011597732053697754,-0.0033879700000233326,-0.011752751944600015,1.0,-0.04055273457211269,0.050124858871314834,0.9250934637583881,0.05475713276637126,0.20369406583384464,0.9024998346667837,8.336483836031567,0.0,0.0,7,0.0339
171,0,0.0,-0.032717729621205914,0.10830024384500743,0.9532088314482261,0.9967282751012674,-0.012491037367889146,-0.006625594041118173,0.0795790242634853,0.004267555523152832,-0.004509310609850746,0.145181942732604,0.7249200763406333,0.05101178610112656,-1.8021602212405026,-0.300129435231615,2.459557842917835,1.2350975617189015,0.09019684908485281,0.07394642064733536,0.046190728523426317,-0.00966531529066543,0.0015752344885994751,-0.012588628430244081,0.005706787109375,0.09019684908485281,0.07394642064733536,0.046190728523426317,-0.00966531529066543,0.0015752344885994751,-0.012588628430244081,1.0,-0.040062762738921454,0.05107633709131126,0.9248836611706808,0.05475713276637126,0.20369406583384464,0.9024998346667837,8.318057607678025,0.0,0.0,7,0.0336
172,0,0.0,-0.032051858414788956,0.1092237999943662,0.953340530445532,0.9966928394434922,-0.01316675601304057,-0.0061008560922171245,0.07995498666814244,0.0042548529573323045,-0.004501871149940093,0.1461376671443918,0.7263891007940673,0.05156020958065663,-1.7989856787771092,-0.30169463824662995,2.458163454842101,1.2387590796628998,0.08060531926619185,0.03807548632506663,0.057003024747734776,-0.00841568578390453,0.005765864693615869,-0.011359990704357614,0.0034122467041015625,0.08060531926619185,0.03807548632506663,0.057003024747734776,-0.00841568578390453,0.005765864693615869,-0.011359990704357614,1.0,-0.0394323255512677,0.05201023553803341,0.9249878897895658,0.05475713276637126,0.20369406583384464,0.9024998346667837,8.30002543812187,0.0,0.0,7,0.0337
173,0,0.0,-0.031345618164207875,0.10991335535361046,0.9537082556177817,0.9966454151237503,-0.013930709304767586,-0.005809203128985873,0.08043696295907048,0.004241998554344721,-0.0044946581151327596,0.1469655377059546,0.7274960105573313,0.05194066379666625,-1.79560185548245,-0.30284857399117393,2.455734424028268,1.2418706701586388,0.0686383771095761,0.042016831626663254,0.06590391240468518,-0.006876193762688776,0.0024999824947343763,-0.0076740775266982975,0.00574493408203125,0.0686383771095761,0.042016831626663254,0.06590391240468518,-0.006876193762688776,0.0024999824947343763,-0.0076740775266982975,1.0,-0.038784841123646066,0.052705887256089545,0.9253432550626712,0.05475713276637126,0.20369406583384464,0.9024998346667837,8.281195240829486,0.0,0.0,7,0.0335
174,0,0.0,-0.030640298459519193,0.11049253807444276,0.9542962001459065,0.9966000433633191,-0.01456828326418208,-0.005700135256781726,0.08089268909498631,0.004229653073482253,-0.004486956200523253,0.1476594384382394,0.728181018591282,0.05232718359176744,-1.792214533555404,-0.3035322225919217,2.452657477663924,1.2441217296108116,0.07260595771729528,0.04032768364026473,0.12398791006350307,-0.0031144224639858553,0.004185599113511934,-0.006334660989461421,0.005687713623046875,0.07260595771729528,0.04032768364026473,0.12398791006350307,-0.0031144224639858553,0.004185599113511934,-0.006334660989461421,1.0,-0.03813721999795678,0.053290494064569906,0.9259187484549302,0.05475713276637126,0.20369406583384464,0.9024998346667837,8.262930219536843,0.0,0.0,7,0.0387
175,0,0.0,-0.029912418100372935,0.11110206208570303,0.9553329579853157,0.996565387629746,-0.015047053501427876,-0.005657622586508124,0.08123426411291508,0.004217415167846886,-0.0044791960745331994,0.14823133174651895,0.7279689891784489,0.052902267711675964,-1.7889825020163828,-0.3036754790929828,2.448836746421702,1.2455402829980924,0.07962947419762667,0.05632766873365069,0.1802460846132028,-0.002827780644136066,0.0031906170815946266,-0.005549138508976648,0.00446319580078125,0.07962947419762667,0.05632766873365069,0.1802460846132028,-0.002827780644136066,0.0031906170815946266,-0.005549138508976648,1.0,-0.03745376652339895,0.053909637314670876,0.9269309731511898,0.05475713276637126,0.20369406583384464,0.9024998346667837,8.244684103900402,0.0,0.0,7,0.0427
176,1,0.733,-0.02910685397794323,0.11178786752009184,0.9570611745603854,0.9965401434146279,-0.015389381294108717,-0.005594331202207935,0.08148382026473755,0.004205334560851569,-0.004471316308517965,0.1486793476754833,0.7264859325732339,0.0537602619195876,-1.7858872460830906,-0.3033997520964526,2.4440189303155435,1.2462848826554345,-0.1603770524026541,0.08234523980192798,-0.27472621139014997,-0.005765054123945193,-0.044591931792363454,-0.0008158620240042991,0.984375,-0.1603770524026541,0.08234523980192798,-0.27472621139014997,-0.005765054123945193,-0.044591931792363454,-0.0008158620240042991,-1.0,-0.03667631208628003,0.05460812930599142,0.9286239351925668,0.05475713276637126,0.20369406583384464,0.9024998346667837,8.22621844870999,0.0,0.0,7,0.0417
177,0,0.0,-0.028829099439429472,0.11253031131518132,0.9571133187142058,0.9965189384843913,-0.015471681773058299,-0.005622485924229707,0.0817252712267451,0.004319466665436592,-0.00459724545909869,0.14932789987252304,0.7276831741346073,0.054390813317722456,-1.7838240653857425,-0.3043023780060661,2.4426364005676726,1.248027779580387,-0.020368965196926436,0.07762970167323213,-0.17236600333521956,-0.008083954239583982,-0.022239953087115294,-0.007120183469946223,1.0166015625,-0.020368965196926436,0.07762970167323213,-0.17236600333521956,-0.008083954239583982,-0.022239953087115294,-0.007120183469946223,-1.0,-0.03643889897443961,0.05533674529261358,0.9286374842589067,0.05475713276637126,0.20369406583384464,0.9024998346667837,3.9330460320558958,0.0,0.0,6,0.0391
178,0,0.0,-0.028830179324553628,0.11327037870251727,0.955368157842678,0.9964929766145488,-0.015630125187283628,-0.0050919013083061924,0.08204583649138565,0.005097516563109679,-0.005402603546407844,0.1503175308416224,0.7315548623180558,0.05446336761419363,-1.7824987599760005,-0.30704657037539573,2.4455865756017507,1.2519616278679553,0.01614818447411992,0.07739509778623233,-0.055741552240304526,-0.010199950595104368,-0.006905524124625084,-0.008076909567972551,0.02008056640625,0.01614818447411992,0.07739509778623233,-0.055741552240304526,-0.010199950595104368,-0.006905524124625084,-0.008076909567972551,1.0,-0.036494620896388844,0.05677825843613463,0.9256650627386775,0.05475713276637126,0.20369406583384464,0.9024998346667837,0.0,0.0,0.0,0,0.034
179,0,0.0,-0.028772840327144264,0.1140508583461658,0.953925878552809,0.9964533213128401,-0.016032432295239263,-0.004375699354811434,0.08248995583986662,0.005951619184492803,-0.006275120313993578,0.1514340921562314,0.734778926949965,0.05453333350231769,-1.7812749961332492,-0.31009632882812754,2.448111138529602,1.2566731805179496,0.043009603993047096,0.051870194880654585,-0.024517124225777898,-0.011095303695309353,-0.0007307826912559268,-0.010257237991369378,0.00933074951171875,0.043009603993047096,0.051870194880654585,-0.024517124225777898,-0.011095303695309353,-0.0007307826912559268,-0.010257237991369378,1.0,-0.03606432525117004,0.05907195431378771,0.9074916852021567,0.05475713276637126,0.20369406583384464,0.9024998346667837,0.0,0.0,0.0,0,0.0355
180,0,0.0,-0.028649003656504333,0.11475566568689635,0.9531053550992148,0.9963975283747376,-0.01660378806907653,-0.0037984763899552923,0.08307738108284923,0.005185054867220229,-0.005526337074190414,0.1525424731872055,0.7369666013270691,0.05459648785415816,-1.77990447249157,-0.312843563772857,2.4491203670208535,1.2612658343537992,0.07811434632801217,0.03845085254426628,0.012184773116102776,-0.010747468677963529,0.003916368681346066,-0.013243230497314712,0.00574493408203125,0.07811434632801217,0.03845085254426628,0.012184773116102776,-0.010747468677963529,0.003916368681346066,-0.013243230497314712,1.0,-0.03601867998646865,0.059143532128386314,0.8985249145155251,0.05475713276637126,0.20369406583384464,0.9024998346667837,1.9028831854771042,0.0,0.0,4,0.0376
181,0,0.0,-0.02827302380107702,0.11532663490363987,0.9527273625253082,0.9963390681000924,-0.017342690269847805,-0.0032276099229950894,0.08364971611324819,0.0034068612648926904,-0.0037547475085401797,0.15350846613468452,0.7387430058985777,0.054595022337975044,-1.7778483921439123,-0.31503189861999353,2.449103382302687,1.2653716457301767,0.0774209827266632,0.04028076286286475,0.06704505184788401,-0.010135536703003295,0.0009899509404128204,-0.011918920161625629,0.00821685791015625,0.0774209827266632,0.04028076286286475,0.06704505184788401,-0.010135536703003295,0.0009899509404128204,-0.011918920161625629,1.0,-0.03542901810385003,0.058857310734252925,0.9004129422033814,0.05475713276637126,0.20369406583384464,0.9024998346667837,0.03330813098901924,0.0,0.0,1,0.0357
182,0,0.0,-0.027708764091539818,0.11581170251633816,0.9528835415366047,0.9962805443935899,-0.01814428714259364,-0.0027088076847740436,0.08419337306358825,0.0022842038726675323,-0.0026264516107279384,0.15434556279693365,0.7397620603845161,0.05462341743258882,-1.7753862737687252,-0.31662789831777194,2.4479111379552263,1.2688117663050382,0.08077224013318329,0.05393470908625286,0.10116512119952747,-0.0085573963465269,0.00017055397295151487,-0.012185796388969827,0.00835418701171875,0.08077224013318329,0.05393470908625286,0.10116512119952747,-0.0085573963465269,0.00017055397295151487,-0.012185796388969827,1.0,-0.03578212598337908,0.05998654290355894,0.9009045228150597,0.05475713276637126,0.20369406583384464,0.9024998346667837,0.034963457096730946,0.0,0.0,1,0.0368
183,0,0.0,-0.02702124551599817,0.1163665147872668,0.9536442271199582,0.9962281525228527,-0.018915267604639407,-0.0022225837210508408,0.08465660573133339,0.0017898970327861368,-0.0021306541074451882,0.1551324716779609,0.7398341419426543,0.05484895632622211,-1.772739340493052,-0.31764184300715853,2.4456144463317204,1.2716396158640868,0.09212606910527288,0.0698643130135389,0.1325464558874938,-0.004756976712563338,-0.0008244280589657926,-0.012331823003931736,0.008636474609375,0.09212606910527288,0.0698643130135389,0.1325464558874938,-0.004756976712563338,-0.0008244280589657926,-0.012331823003931736,1.0,-0.0346086877743842,0.061325276335544555,0.9004933420579565,0.05475713276637126,0.20369406583384464,0.9024998346667837,1.2560864086007366,0.0,0.0,3,0.0377
184,1,0.7371,-0.026201392355090263,0.11710551660301931,0.9548754858748723,0.99619213933479,-0.019674054518138917,-0.0017102444998977756,0.0849189505949134,0.0016725710430615722,-0.0020043644101922224,0.15587864500972096,0.7392689911639961,0.055376480082222825,-1.7697973285159183,-0.31801500027386337,2.442585628095773,1.2739742021374305,-0.11055759363906059,-0.030147324014473842,-0.42946471988790413,0.007352835002439204,-0.021332763587426,0.0006444041256148392,1.0126953125,-0.11055759363906059,-0.030147324014473842,-0.42946471988790413,0.007352835002439204,-0.021332763587426,0.0006444041256148392,-1.0,-0.03326864575651512,0.06370041908396067,0.899624775869084,0.05475713276637126,0.20369406583384464,0.9024998346667837,1.1260056169710224,0.0,0.0,3,0.0685
185,0,0.0,-0.025974136991560526,0.11761715678788534,0.9534962149031689,0.9961864052507834,-0.020064237425442055,-0.0017836133540224744,0.08489341018866006,0.0017298036781445395,-0.002248181913401596,0.15644502070636437,0.7433534688074183,0.05542602553153893,-1.7671269968077463,-0.31848872899671776,2.443620569208902,1.275780591368443,-0.1162072229833857,-0.00978370662289152,-0.4732844745067372,-1.530908027277955e-05,-0.01948912041063805,0.0020442454690428324,1.0107421875,-0.1162072229833857,-0.00978370662289152,-0.4732844745067372,-1.530908027277955e-05,-0.01948912041063805,0.0020442454690428324,-1.0,-0.03296848700458763,0.0643025924625275,0.8987770078072413,0.05475713276637126,0.20369406583384464,0.9024998346667837,3.9308714902488107,0.0,0.0,2,0.0622
186,0,0.0,-0.02593002166650136,0.11835224862670657,0.9497580962570782,0.9962286666514307,-0.019863566503147523,-0.0013924819659450784,0.08445083458238209,0.002674126498035582,-0.00466076247321247,0.15718752420036483,0.7515098732717245,0.0552951407321211,-1.7642942157202153,-0.32017335101265093,2.4497555195506937,1.2781237014579716,-0.08754819412762782,-0.022170791856480743,-0.4369962402130161,-0.0003188595467990968,-0.02044020617644135,0.0019636790607879817,1.005859375,-0.08754819412762782,-0.022170791856480743,-0.4369962402130161,-0.0003188595467990968,-0.02044020617644135,0.0019636790607879817,-1.0,-0.032996623867264,0.06421676989523054,0.8989872545830755,0.05475713276637126,0.20369406583384464,0.9024998346667837,13.407647615349667,0.0,0.0,7,0.0631
187,0,0.0,-0.025991352557728498,0.11948430239660922,0.94561082179591,0.996268128327355,-0.019560454684525552,-0.0006779512746217312,0.08406393682020502,0.005942196407881421,-0.00947840604975511,0.15835716550861853,0.7603488109701025,0.05528000718685511,-1.76157411831278,-0.3229641759861857,2.457009608692129,1.2818593140513352,-0.023450581202921872,0.025078430985277955,-0.37902635649851824,-0.0006224100133254279,-0.032277565938516356,0.004340388104306037,0.98486328125,-0.023450581202921872,0.025078430985277955,-0.37902635649851824,-0.0006224100133254279,-0.032277565938516356,0.004340388104306037,-1.0,-0.03295864730831582,0.06427481283593693,0.9022603752615028,0.05475713276637126,0.20369406583384464,0.9024998346667837,7.5482247200659325,0.0,0.0,7,0.0633
188,0,0.0,-0.0259022980170572,0.12040795251374017,0.9412956431534452,0.996284618735054,-0.019350747170307436,0.0005501829643185657,0.0839178428857842,0.009995484449711725,-0.01318996861315385,0.1596822273268649,0.7696134824517012,0.054706254936475324,-1.7587702434514447,-0.3268766440817582,2.4654482807593427,1.2865474460652897,-0.023347860669388765,0.039811555088865136,-0.2571526639648888,-0.008222444107601298,-0.021092797332669472,0.0003624216967228755,0.01300811767578125,-0.023347860669388765,0.039811555088865136,-0.2571526639648888,-0.008222444107601298,-0.021092797332669472,0.0003624216967228755,1.0,-0.03272765111075753,0.06254056323681627,0.9099332741882249,0.05475713276637126,0.20369406583384464,0.9024998346667837,0.0,0.0,0.0,0,0.0514
189,0,0.0,-0.025935424273029792,0.12088465557971055,0.9372981290604584,0.996254822908557,-0.01929172258961015,0.0017182600683442843,0.0842686469174718,0.012997276573724128,-0.015011939588797147,0.16105963364287626,0.7777942830852315,0.053605255229163574,-1.7567224642978791,-0.33142186737406115,2.4730593077006175,1.2916924309297246,-0.049336155653283864,0.0349317942392694,-0.2432307627578636,-0.011655704556588722,-0.020738700786016556,0.009839045467699453,0.011566162109375,-0.049336155653283864,0.0349317942392694,-0.2432307627578636,-0.011655704556588722,-0.020738700786016556,0.009839045467699453,1.0,-0.03292936223859636,0.06249622017482633,0.9096248644833499,0.05475713276637126,0.20369406583384464,0.9024998346667837,0.0,0.0,0.0,0,0.0481
190,0,0.0,-0.02620698767797382,0.12131881729044516,0.9339607919091739,0.9962004569033323,-0.01902674297315593,0.0026573701969527623,0.08494451778108388,0.013166819838536096,-0.014679953949250644,0.1625675353230638,0.784276625951172,0.052548067260808434,-1.7556597429553107,-0.3362747459900831,2.4793018093726733,1.2966947681508347,-0.027970284678381918,0.057876054387849374,-0.17556119377617618,-0.014039018564328584,-0.012474497085621067,0.0136860914618685,0.004058837890625,-0.027970284678381918,0.057876054387849374,-0.17556119377617618,-0.014039018564328584,-0.012474497085621067,0.0136860914618685,1.0,-0.033296998100983875,0.06188687607781116,0.9076340613912552,0.05475713276637126,0.20369406583384464,0.9024998346667837,0.0,0.0,0.0,0,0.0479
191,0,0.0,-0.026594281262113433,0.12189003233119364,0.931173373432496,0.9961419885651333,-0.01834685990790752,0.003540134861694466,0.08574379740938409,0.011525027668951797,-0.012540051012318877,0.16421293798898873,0.7894534155902513,0.05170030377168559,-1.7552123768197228,-0.34132021553573066,2.48465429308683,1.301245556692173,0.02097604955017951,0.06531299760574283,-0.07770848652188089,-0.015249999735828842,-0.008725755959485576,0.007603327638627394,0.0025196075439453125,0.02097604955017951,0.06531299760574283,-0.07770848652188089,-0.015249999735828842,-0.008725755959485576,0.007603327638627394,1.0,-0.033617590586588475,0.06131233284658089,0.9050460574982532,0.05475713276637126,0.20369406583384464,0.9024998346667837,0.0,0.0,0.0,0,0.0601
192,1,0.784,-0.026792587926698284,0.12257814220102342,0.9292748046765863,0.9960781201413711,-0.017667332826837967,0.004557088852734779,0.0865764221229158,0.008461158880546932,-0.009152571407037633,0.16592224014781007,0.793106305442156,0.051024751260842126,-1.754718708353889,-0.3461296156896566,2.488666492106647,1.305623890500311,-0.06371703034792942,0.021653214235081042,-0.15319486068948007,-0.00019808349910958867,-0.0043244236771219635,0.0008458201462519521,-0.00331878662109375,-0.06371703034792942,0.021653214235081042,-0.15319486068948007,-0.00019808349910958867,-0.0043244236771219635,0.0008458201462519521,1.0,-0.03293916496771948,0.06245570635842749,0.9062747422607028,0.05475713276637126,0.20369406583384464,0.9024998346667837,0.002438539793628838,0.0,0.0,1,0.0684
193,0,0.0,-0.02728690986694534,0.12332446544170356,0.9275483470960283,0.9960262509523434,-0.017361581937787973,0.004972951363142256,0.0872098196373291,0.005800455863797082,-0.006316801459420881,0.1674673410705168,0.796138345736332,0.050693727002235914,-1.7547631251298392,-0.349585832807304,2.4915168087992234,1.3096815823278074,-0.013075807316070498,0.04215759395886309,-0.0797625375196388,-0.010019591697221358,0.0016454685143818537,-0.0038673147366566907,0.00392913818359375,-0.013075807316070498,0.04215759395886309,-0.0797625375196388,-0.010019591697221358,0.0016454685143818537,-0.0038673147366566907,1.0,-0.03199059121498727,0.06364377774517391,0.9066363731207703,0.05475713276637126,0.20369406583384464,0.9024998346667837,9.086066693035555,0.0,0.0,5,0.057
194,0,0.0,-0.027668414283821573,0.123765776191514,0.9261984470695372,0.9959714845896286,-0.0174624273001171,0.005276574417292745,0.08779534884910989,0.005675703823111022,-0.005931036268884454,0.16875816694786913,0.7984552775096483,0.050128938311771315,-1.7547167235833787,-0.35222457832013304,2.493588705718929,1.313322067771154,0.0349460421106923,0.04882034434965732,-0.03217702273824974,-0.011191924533460962,0.010775891866093595,-0.0010877736518644099,0.00437164306640625,0.0349460421106923,0.04882034434965732,-0.03217702273824974,-0.011191924533460962,0.010775891866093595,-0.0010877736518644099,1.0,-0.0312710526451664,0.06359359812010137,0.905603178990378,0.05475713276637126,0.20369406583384464,0.9024998346667837,10.443006867832986,0.0,0.0,5,0.055
195,0,0.0,-0.027612944167558377,0.12408814025693407,0.9256089183713732,0.9959131183195913,-0.01757317701655675,0.005708751497849912,0.08840618962961483,0.005708109284660603,-0.0057347700510738345,0.16990091879776686,0.7999421907506615,0.049561978102324974,-1.7537951438246326,-0.35428424572121514,2.494248285053965,1.3160383762466128,0.04542353653107689,0.0466150678118592,0.028959522931124804,-0.008112940491029466,0.010167196975979481,-0.0011079152539281156,0.00418853759765625,0.04542353653107689,0.0466150678118592,0.028959522931124804,-0.008112940491029466,0.010167196975979481,-0.0011079152539281156,1.0,-0.03136912463074986,0.06366932072368457,0.9052634257131839,0.05475713276637126,0.20369406583384464,0.9024998346667837,11.881031946226617,0.0,0.0,5,0.0577
196,0,0.0,-0.027391225699826917,0.12438096918835231,0.9256049851198807,0.9958598361187506,-0.017632589041693847,0.005899476745023845,0.08898019320813094,0.005782809310813032,-0.005615712719183045,0.17085994042713037,0.8005765851590679,0.04920765061987086,-1.7524287177500064,-0.35543712814342776,2.4932654856801233,1.317625141710892,0.05767296015490886,0.030708924273273097,0.05848650602389316,-0.008995410812814228,0.0032959681202682223,-0.004813970033651166,0.003936767578125,0.05767296015490886,0.030708924273273097,0.05848650602389316,-0.008995410812814228,0.0032959681202682223,-0.004813970033651166,1.0,-0.03165865440585556,0.06384835234676652,0.9054045365924449,0.05475713276637126,0.20369406583384464,0.9024998346667837,12.432704398503711,0.0,0.0,5,0.056
197,0,0.0,-0.02702102332250477,0.12455893428437989,0.926072248414723,0.9958069571859659,-0.017826041072057208,0.005992423162737015,0.0895255669871088,0.005819567711822,-0.005577087079267041,0.1716408368319366,0.8005010955047153,0.04888254719522749,-1.7508396088458533,-0.355934975983202,2.4912879836033106,1.3186273525964638,0.05515630708334596,-0.006686935314494269,0.09574470884433328,-0.008029202431298066,0.011852813594757039,-0.008671086828852037,0.0021533966064453125,0.05515630708334596,-0.006686935314494269,0.09574470884433328,-0.008029202431298066,0.011852813594757039,-0.008671086828852037,1.0,-0.031826350351932875,0.06410087824578098,0.9058715461493552,0.05475713276637126,0.20369406583384464,0.9024998346667837,12.707445653121809,0.0,0.0,5,0.057
198,0,0.0,-0.026670860102556256,0.12461626858243735,0.9268701638405812,0.9957487925874982,-0.01821473364886611,0.0058169413090870085,0.09010398843806286,0.0058259347856715205,-0.005578423248825148,0.17224102494185303,0.7997368080648606,0.04864619721920898,-1.7493407653262165,-0.3558486509806897,2.4881817370438495,1.3192791113627764,0.06604468363786331,0.007858505679493089,0.1808166543348022,-0.0030443723563259445,0.01894645019877922,-0.01142041551054876,0.00395965576171875,0.06604468363786331,0.007858505679493089,0.1808166543348022,-0.0030443723563259445,0.01894645019877922,-0.01142041551054876,1.0,-0.03094212640041724,0.06414737244399918,0.9066856005362337,0.05475713276637126,0.20369406583384464,0.9024998346667837,11.937947175963012,0.0,0.0,5,0.0561
199,0,0.0,-0.026342209016421664,0.12474185463237875,0.9282995112490146,0.99570127889008,-0.018774813265971024,0.005341724932656364,0.090542451801516,0.0058178007477923165,-0.005592719269006896,0.17261144685096608,0.7976837932445998,0.04885389251795802,-1.7480373267775786,-0.3547494424757258,2.4835569756990514,1.3193181559791674,0.0902546293849652,0.05792297516524936,0.35929086325109094,-0.004455841766990792,0.008481580357201923,-0.01219586719000168,0.00800323486328125,0.0902546293849652,0.05792297516524936,0.35929086325109094,-0.004455841766990792,0.008481580357201923,-0.01219586719000168,1.0,-0.029403125180678905,0.0641750277410595,0.908121990188578,0.05475713276637126,0.20369406583384464,0.9024998346667837,11.04781420076251,0.0,0.0,5,0.0559
200,1,0.7992,-0.025703649599761333,0.12518409753599308,0.9313472428610329,0.9956621012919794,-0.019533454708197895,0.005088807033668978,0.09082691363784155,0.005798612680001669,-0.005600071286666453,0.1729048215603635,0.7927149697786349,0.0497258965132168,-1.7469008455268835,-0.3529155120688554,2.4766958028300636,1.3191181632817237,-0.13408059581815945,0.008046188789092912,-0.239122660762348,-0.01073458589954332,-0.04789293100413616,-0.004038518354198245,-0.0013437271118164062,-0.13408059581815945,0.008046188789092912,-0.239122660762348,-0.01073458589954332,-0.04789293100413616,-0.004038518354198245,1.0,-0.028521103105653776,0.06460141092544228,0.9111183701600627,0.05475713276637126,0.20369406583384464,0.9024998346667837,10.750401195259824,0.0,0.0,5,0.0395
201,0,0.0,-0.025239033817649893,0.12539543964797473,0.9327441936316507,0.9956139779935606,-0.020028702225102335,0.005224938180274301,0.09123791937581094,0.005774492507879619,-0.005601289108603942,0.173367470034059,0.7911613621535235,0.04976711718621193,-1.7457863378301792,-0.3530152301575137,2.473883340672711,1.3201353691338473,-0.019855362529260567,0.07267955965753647,-0.08409886740379413,-0.0116428217781685,-0.02650081731791412,-0.013072026879773158,0.009979248046875,-0.019855362529260567,0.07267955965753647,-0.08409886740379413,-0.0116428217781685,-0.02650081731791412,-0.013072026879773158,1.0,-0.02803115172275022,0.0648162630558729,0.9124710263909099,0.05475713276637126,0.20369406583384464,0.9024998346667837,10.631827756238582,0.0,0.0,5,0.0364
202,0,0.0,-0.02504769609592876,0.12559379244395039,0.9319730472662224,0.9955587334567564,-0.020478542876556094,0.005995771400831344,0.09169235652408612,0.005749732237098664,-0.005599321798154739,0.1742383227799172,0.793097900786552,0.04916217561832377,-1.7448754266466957,-0.3553330365954949,2.4757572343583836,1.3236034299948747,0.018921638879515812,0.07533058358063416,-0.03645629565024511,-0.013085692961232631,-0.0004381409171625994,-0.009089025071674084,0.005962371826171875,0.018921638879515812,0.07533058358063416,-0.03645629565024511,-0.013085692961232631,-0.0004381409171625994,-0.009089025071674084,1.0,-0.027845682185106517,0.06502169812509827,0.9116574134562089,0.05475713276637126,0.20369406583384464,0.9024998346667837,10.572360261818757,0.0,0.0,5,0.0367
203,0,0.0,-0.02502421603187722,0.12617972283856027,0.9312052369402164,0.9955000415498776,-0.021015130887193756,0.006675328914475198,0.09216003218243944,0.005724366790365739,-0.005596637449335659,0.17535801705759108,0.7949181064291775,0.04898478171713517,-1.744073027556381,-0.35788791718355967,2.4771593336256243,1.327924319805716,0.045474896797843445,0.04459747438366102,0.0048600843150705675,-0.01343996936778856,0.005297637855066567,-0.014164708791729541,0.005306243896484375,0.045474896797843445,0.04459747438366102,0.0048600843150705675,-0.01343996936778856,0.005297637855066567,-0.014164708791729541,1.0,-0.027848212955510127,0.06561599870661568,0.9108489903060666,0.05475713276637126,0.20369406583384464,0.9024998346667837,10.527344574489193,0.0,0.0,5,0.0377
204,0,0.0,-0.024998923093637666,0.12674845454892564,0.9307018853016351,0.9954265713343509,-0.021679568465406418,0.007054285637911467,0.09276946936805099,0.005698248831490063,-0.005594118575987975,0.17646273936541707,0.7963560556796869,0.04890145924899117,-1.7429139848792,-0.3601164648883478,2.4771757601180293,1.3321278558775276,0.05194629041043397,0.022544709005680175,0.06653153909844445,-0.012145250136556901,0.008212349925036083,-0.018126939572700423,0.0062713623046875,0.05194629041043397,0.022544709005680175,0.06653153909844445,-0.012145250136556901,0.008212349925036083,-0.018126939572700423,1.0,-0.02788405294776701,0.06618940484379959,0.9103232473374447,0.05475713276637126,0.20369406583384464,0.9024998346667837,10.489638471483891,0.0,0.0,5,0.0356
205,0,0.0,-0.024850150551717215,0.12714616617887764,0.9307688929305374,0.9953384999843168,-0.02264310628973354,0.007232566508800074,0.09346790983121835,0.005672237283130124,-0.005591173634466651,0.17740293311105196,0.796837895798516,0.04882759979440871,-1.7415353257054316,-0.36166134078129003,2.4756221823802034,1.3359698586943198,0.04177695759064892,0.02371772844067921,0.1272972144487794,-0.01206795346603562,0.007545126680103292,-0.018469346807783532,0.00646209716796875,0.04177695759064892,0.02371772844067921,0.1272972144487794,-0.01206795346603562,0.007545126680103292,-0.018469346807783532,1.0,-0.02783743823291259,0.06658944919474227,0.9103796755271796,0.05475713276637126,0.20369406583384464,0.9024998346667837,10.453786587913303,0.0,0.0,5,0.0336
206,0,0.0,-0.024636972894705574,0.1274552366415041,0.9316228209175995,0.9952410140260329,-0.023774687197272548,0.007176958071117838,0.09422621462177919,0.0056466847885083184,-0.005587526434052417,0.17820419829120832,0.7958250413514246,0.0489029182231397,-1.7402816370840724,-0.3624317203897631,2.4722744478798115,1.3391911859045251,0.07121923051459733,0.06479686905434334,0.22851628306051097,-0.012119484579716483,0.011290941388497844,-0.015889333468434907,0.0076446533203125,0.07121923051459733,0.06479686905434334,0.22851628306051097,-0.012119484579716483,0.011290941388497844,-0.015889333468434907,1.0,-0.027756096683138234,0.06689899943357583,0.9112315043913489,0.05475713276637126,0.20369406583384464,0.9024998346667837,10.419803157258908,0.0,0.0,5,0.0336
207,0,0.0,-0.02427649020905319,0.12798030750185316,0.9335170946808984,0.9951518254926146,-0.024810060673828238,0.007093519547483482,0.09490514785039779,0.0056220563619727194,-0.005582783184355854,0.17896908805950812,0.7929775982922862,0.0494649938443148,-1.7390641058354355,-0.36251913648258255,2.4671603259166055,1.3416273918896924,0.0750070501886334,0.11992878249929517,0.3061137651980279,-0.010470488941928896,0.006023389454818007,-0.013912938765933136,0.008575439453125,0.0750070501886334,0.11992878249929517,0.3061137651980279,-0.010470488941928896,0.006023389454818007,-0.013912938765933136,1.0,-0.02751783491325391,0.0674261039084247,0.913115003055445,0.05475713276637126,0.20369406583384464,0.9024998346667837,10.388198855419684,0.0,0.0,5,0.0339
208,1,0.7468,-0.023710356402639868,0.12900300072723234,0.9365694419917444,0.9950817432000136,-0.025611911025562484,0.007153241619313466,0.09542109566534757,0.005598192571927354,-0.005577185236579014,0.17979168776821142,0.7882603822621612,0.05082033321156547,-1.737698360852988,-0.36218759352629276,2.4603390924077653,1.3435334839909983,-0.13223162621456208,0.005324783699895197,-0.24802354841929852,-0.013027720458341663,-0.04211032954805205,-0.011737645743052222,0.00040411949157714844,-0.13223162621456208,0.005324783699895197,-0.24802354841929852,-0.013027720458341663,-0.04211032954805205,-0.011737645743052222,1.0,-0.027036707969243685,0.06845468490611896,0.9161371663698608,0.05475713276637126,0.20369406583384464,0.9024998346667837,10.357478754034043,0.0,0.0,5,0.0368
209,0,0.0,-0.023449760547088035,0.12958998791897858,0.937581147346156,0.9949940808935822,-0.026350665328887413,0.007273456815520142,0.09612241283599088,0.005573482566853041,-0.0055723186364536135,0.18066877849243712,0.7874507893241646,0.05115164982281717,-1.7363514545420076,-0.36347586684043026,2.45741550020057,1.346664869673536,-0.050260640455082495,0.06127781074934635,-0.09636611641818094,-0.012647678494945316,-0.03464211147319041,-0.01771844270584577,0.0079345703125,-0.050260640455082495,0.06127781074934635,-0.09636611641818094,-0.012647678494945316,-0.03464211147319041,-0.01771844270584577,1.0,-0.026846039385597893,0.06904010180013004,0.9171418536657754,0.05475713276637126,0.20369406583384464,0.9024998346667837,10.32755400256157,0.0,0.0,5,0.0367
210,0,0.0,-0.0234172527131329,0.12990847132821456,0.9366554363863575,0.9948876490639065,-0.027260679358171058,0.008011022032270276,0.09690843424089182,0.005550171341770198,-0.005566092444001655,0.181775629860389,0.7895414066534727,0.050653026663806486,-1.7355200365724686,-0.36677106821028216,2.458922125213502,1.3521412107820239,0.012347524733392179,0.0647734086656434,-0.04179112254719941,-0.012138808747346796,-0.0023344596132873485,-0.010514043417681723,0.005977630615234375,0.012347524733392179,0.0647734086656434,-0.04179112254719941,-0.012138808747346796,-0.0023344596132873485,-0.010514043417681723,1.0,-0.026882136685450503,0.0693529217774638,0.9162174362041248,0.05475713276637126,0.20369406583384464,0.9024998346667837,10.303726388515562,0.0,0.0,5,0.0343
211,0,0.0,-0.02352355734674315,0.130574026076398,0.935822393824291,0.9947910144787288,-0.028121856568330716,0.008783569949125651,0.09758507874916011,0.005527187202963881,-0.0055596797911566295,0.18301823548377,0.7912877160576414,0.05057356755568848,-1.735060444540767,-0.37015082689791906,2.4603652285280195,1.3579890100601453,0.045192415330627234,0.046098939260459604,-0.00904042052739451,-0.012325609034439924,0.0037759006297812814,-0.016717656853305063,0.006893157958984375,0.045192415330627234,0.046098939260459604,-0.00904042052739451,-0.012325609034439924,0.0037759006297812814,-0.016717656853305063,1.0,-0.027044649990855717,0.07001640832126285,0.9153726498840791,0.05475713276637126,0.20369406583384464,0.9024998346667837,10.279980456053135,0.0,0.0,5,0.0371
212,0,0.0,-0.023585119746568663,0.1312149959431834,0.9351821421545439,0.9946964972414681,-0.029004102436223256,0.009285331531315812,0.09824165631632792,0.005503778894983653,-0.005553893359035896,0.18415053641099352,0.7928596364762509,0.050592395166453065,-1.7341448478686237,-0.3728862996211991,2.460767434429517,1.3632011404239384,0.048094270402939676,0.0381693278798666,0.05854356299605312,-0.014309556911153112,0.002207340720641049,-0.019982484662819933,0.008453369140625,0.048094270402939676,0.0381693278798666,0.05854356299605312,-0.014309556911153112,0.002207340720641049,-0.019982484662819933,1.0,-0.0271824899462222,0.07065791234334466,0.9147189529940193,0.05475713276637126,0.20369406583384464,0.9024998346667837,10.25700828801064,0.0,0.0,5,0.0353
213,0,0.0,-0.02344265533185579,0.13169394257283562,0.9351299642696266,0.9945868178025128,-0.03013674252106957,0.009701404678451861,0.09896828457113784,0.005480571316561594,-0.005548113073584203,0.18514110113221782,0.7935518547430574,0.05057982465812921,-1.7328456728105948,-0.37502303334009346,2.4597573176109364,1.3680044545542027,0.03196714663822997,0.03999923819846496,0.11930923834638807,-0.013169431020964031,0.002956503662319948,-0.02052693734360464,0.00829315185546875,0.03196714663822997,0.03999923819846496,0.11930923834638807,-0.013169431020964031,0.002956503662319948,-0.02052693734360464,1.0,-0.027146061329614272,0.07113625697824562,0.9146620295892408,0.05475713276637126,0.20369406583384464,0.9024998346667837,10.231408850237377,0.0,0.0,5,0.034
214,0,0.0,-0.023267136065458452,0.13214589753255368,0.9359012486407926,0.9944635965204947,-0.0314038348664105,0.00990178454120334,0.09978932314684626,0.005457998315031206,-0.0055418169738952775,0.1860622361612042,0.7926550272196464,0.05077275833600726,-1.7317594195084802,-0.3765023357636861,2.4569063543135976,1.3723160783334343,0.08110608186716617,0.07802852828113183,0.20694874758405413,-0.011584849275277531,0.008481580357201923,-0.019509786439387167,0.00827789306640625,0.08110608186716617,0.07802852828113183,0.20694874758405413,-0.011584849275277531,0.008481580357201923,-0.019509786439387167,1.0,-0.02710110456214629,0.07158438757997382,0.915441182169504,0.05475713276637126,0.20369406583384464,0.9024998346667837,10.205512810727367,0.0,0.0,5,0.034
215,0,0.0,-0.022923318786705404,0.13285902314081574,0.9376002678680668,0.994357182405397,-0.03263671776571886,0.01010730232830375,0.10043147361223001,0.00543632747855562,-0.005534713741907464,0.1869372411623323,0.7902546001087615,0.05146900066735308,-1.7305135815771018,-0.3771470829722232,2.4525812026036014,1.3758758688492114,0.0881167582808059,0.12489065470934091,0.24791565359489032,-0.011372283431343985,0.0024531598108794295,-0.01589940426946676,0.010284423828125,0.0881167582808059,0.12489065470934091,0.24791565359489032,-0.011372283431343985,0.0024531598108794295,-0.01589940426946676,1.0,-0.026886180546659286,0.072299982356262,0.9171269451513192,0.05475713276637126,0.20369406583384464,0.9024998346667837,10.181217442261254,0.0,0.0,5,0.0337
216,1,0.7669,-0.022288554319577686,0.13398140323514288,0.9401374570871558,0.9942775080552241,-0.03368332041475469,0.010495695701112306,0.10083407793538401,0.005415224858188215,-0.005527159411636142,0.1878471068036241,0.7868174689641798,0.052742928872220145,-1.7286449221304607,-0.3772363383422626,2.4470949061583522,1.3787496343947445,-0.17537425029849874,0.018181076707484034,-0.2957231771450074,-0.009491397781992525,-0.07099992548654507,-0.004189580369676094,-0.003925323486328125,-0.17537425029849874,0.018181076707484034,-0.2957231771450074,-0.009491397781992525,-0.07099992548654507,-0.004189580369676094,1.0,-0.026345868984861024,0.07343221816992794,0.9196215952800756,0.05475713276637126,0.20369406583384464,0.9024998346667837,10.155584019741566,0.0,0.0,5,0.0365
217,0,0.0,-0.02188756658737042,0.13470754687684483,0.9407059937212457,0.9941802087228935,-0.03438901159829516,0.011233816068026162,0.10147369039088543,0.00539357641029683,-0.005520169939403731,0.18891754897752167,0.7870034895569995,0.05293553923245533,-1.727093344436946,-0.37959874967653356,2.4460154920002366,1.382937836867157,-0.06412791248206218,0.0647734086656434,-0.14052821286997363,-0.010167743649053831,-0.033541778402599504,-0.01493260737040858,0.0081939697265625,-0.06412791248206218,0.0647734086656434,-0.14052821286997363,-0.010167743649053831,-0.033541778402599504,-0.01493260737040858,1.0,-0.025974909762476545,0.0741550534549682,0.9201763714912952,0.05475713276637126,0.20369406583384464,0.9024998346667837,10.127549451575694,0.0,0.0,5,0.0361
218,0,0.0,-0.022007672314788545,0.1352392854092276,0.9392859321796692,0.9940648246265038,-0.03511140048673711,0.012368983651530364,0.10222192641290245,0.00537309288783636,-0.005512081647232439,0.1902365995302605,0.7897172424631675,0.052469005806846575,-1.7268868979345864,-0.3840287830931653,2.449240788340801,1.3894941073557645,0.0016645892459411504,0.06557106188144268,-0.06281661678813688,-0.009955177805120272,-0.004301012335194504,-0.013802159954582727,0.00760650634765625,0.0016645892459411504,0.06557106188144268,-0.06281661678813688,-0.009955177805120272,-0.004301012335194504,-0.013802159954582727,1.0,-0.02611658021215513,0.07467773854552462,0.9187545745070532,0.05475713276637126,0.20369406583384464,0.9024998346667837,10.107818645800066,0.0,0.0,5,0.0347
219,0,0.0,-0.022327996035755283,0.13602806824103414,0.9379775567937605,0.9939574196953194,-0.03601706793350068,0.013300472081075328,0.10283246614039453,0.005352571968622655,-0.00550428045242725,0.191584073508963,0.7919856184473687,0.05241768795588165,-1.7270101187622577,-0.38804651134812185,2.451914918880808,1.3963469615929454,0.058392003889641164,0.06763557608704085,-0.04104938190912022,-0.012222546807078197,0.005075230106755618,-0.017281621711089018,0.01111602783203125,0.058392003889641164,0.06763557608704085,-0.04104938190912022,-0.012222546807078197,0.005075230106755618,-0.017281621711089018,1.0,-0.026490855664513275,0.07546577297097869,0.9174279745358079,0.05475713276637126,0.20369406583384464,0.9024998346667837,10.087962341287291,0.0,0.0,5,0.0348
